time,seconds_elapsed,mslAltitudeAccuracy,bearingAccuracy,speedAccuracy,verticalAccuracy,horizontalAccuracy,speed,altitudeAboveMeanSeaLevel,bearing,altitude,longitude,latitude
1790333692063430100,2.52343017578125,,0,0.44999998807907104,1.961754322052002,18.5,0.08999999612569809,,0,-56.60000228881836,80.1427875,13.0667075
1790333692241000000,2.701,,0,1.5,1,22.468000411987305,0.08999911695718765,,0,-57.70000076293945,80.1427875,13.0667076
1790333693069729500,3.5297294921875,,180,0.31242531538009644,1.0082873106002808,26.937000274658203,0.28420403599739075,,79.77601623535156,-57.70000076293945,80.1427967,13.066728
1790333694066034000,4.526033935546875,,180,0.3115086257457733,1.0182503461837769,28.23200035095215,0.31531351804733276,,85.20346069335938,-57.70000076293945,80.1428035,13.0667399
1790333695093112000,5.553112060546875,,180,0.243991881608963,1.028521180152893,28.525999069213867,0.1762399673461914,,88.18695068359375,-57.70000076293945,80.1428076,13.0667462
1790333696083123000,6.543123046875,,180,0.2733861804008484,1.0384212732315063,28.381999969482422,0.20814235508441925,,89.40550994873047,-57.70000076293945,80.1428103,13.0667489
1790333697085945300,7.5459453125,,180,0.30482226610183716,1.0484493970870972,29.42099952697754,0.3041110932826996,,89.82103729248047,-57.70000076293945,80.1428129,13.066748
1790333698087300000,8.547300048828125,,180,0.38047975301742554,1.0584629774093628,27.224000930786133,0.44250714778900146,,90.08811950683594,-57.70000076293945,80.142815,13.0667452
1790333699070182000,9.530181884765625,,180,0.2451917827129364,1.0682917833328247,24.86400032043457,0.18679141998291016,,90.24374389648438,-57.70000076293945,80.1428166,13.066742
1790333699691106800,10.15110693359375,,180,0.24488519132137299,1.0682917833328247,24.114999771118164,0.16925737261772156,,90.15863037109375,-57.70000076293945,80.1428162,13.0667401
1790333700066521000,10.52652099609375,,180,0.3700000047683716,1.0782551765441895,21.95599937438965,0.10999999940395355,,0,-57.70000076293945,80.1428323,13.0667229
1790333701103544800,11.563544921875,,180,0.41999998688697815,1.088625431060791,17.47100067138672,0.12999999523162842,,0,-57.70000076293945,80.1428326,13.0667182
1790333701760000000,12.22,,0,0,1.34422767162323,19.94099998474121,0,,0,-57.70000076293945,80.1428326,13.0667182
1790333702068717600,12.528717529296875,,180,0.8100000023841858,1.3473148345947266,18.447999954223633,0.14000000059604645,,0,-57.70000076293945,80.1428292,13.0667192
1790333703054364400,13.514364501953125,,49.5,0.6499999761581421,1.3571712970733643,16.23200035095215,0.3100000023841858,,314,-57.70000076293945,80.1428277,13.066723
1790333704057316000,14.517316162109376,,101.5999984741211,1.0499999523162842,1.3672008514404297,14.430999755859375,0.26999998092651367,,271,-57.70000076293945,80.1428359,13.0667283
1790333705149900500,15.609900634765625,,34.5,0.44999998807907104,1.378126621246338,12.12600040435791,0.3499999940395355,,150,-57.70000076293945,80.1428246,13.0667231
1790333706113931000,16.573930908203124,,27.799999237060547,0.8999999761581421,1.38776695728302,11.87600040435791,0.8899999856948853,,132,-57.70000076293945,80.1428211,13.0667175
1790333707118372400,17.578372314453127,,46,1.059999942779541,1.3978114128112793,7,0.5899999737739563,,164,-57.70000076293945,80.1428202,13.0667139
1790333708120760800,18.5807607421875,,135.8000030517578,0.8500000238418579,1.4078352451324463,7,0.20999999344348907,,159,-57.70000076293945,80.1428094,13.0667075
1790333709132170500,19.59217041015625,,0,0.75,1.4179493188858032,6.800000190734863,0,,0,-57.70000076293945,80.1428114,13.0667055
1790333710069495300,20.529495361328124,,29.100000381469727,0.38999998569488525,1.4273226261138916,6.75,0.29999998211860657,,307,-57.70000076293945,80.1428099,13.0667093
1790333711147878100,21.607878173828126,,87.0999984741211,0.6200000047683716,1.4381064176559448,6.5,0.19999998807907104,,198,-57.70000076293945,80.1428153,13.0667075
1790333711202000000,21.661999755859377,,0,0,1.1598187685012817,6.7769999504089355,0,,0,-57.70000076293945,80.1428153,13.0667075
1790333712115750100,22.575750244140625,,45.5,0.5,1.1689562797546387,6.665999889373779,0.26999998092651367,,253,-57.70000076293945,80.1428127,13.0667082
1790333713093010400,23.553010498046874,,32,0.49000000953674316,1.1787288188934326,6.5229997634887695,0.4599999785423279,,220,-57.70000076293945,80.1428154,13.0667067
1790333714118571500,24.578571533203124,,36.400001525878906,0.5899999737739563,1.1889845132827759,6.309000015258789,0.3499999940395355,,279,-57.70000076293945,80.1428166,13.0667069
1790333715094033200,25.554033203125,,17,0.6299999952316284,1.1987390518188477,6.110000133514404,0.9699999690055847,,331,-57.70000076293945,80.1428076,13.0667096
1790333716121534500,26.581534423828124,,14.600000381469727,0.6899999976158142,1.2090140581130981,6.0229997634887695,1.2999999523162842,,5,-57.70000076293945,80.1428012,13.0667138
1790333717115755500,27.575755615234375,,12.5,0.5600000023841858,1.2189563512802124,5.5,1.2999999523162842,,3,-57.70000076293945,80.1428034,13.0667282
1790333718129884000,28.5898837890625,,10.699999809265137,0.6600000262260437,1.229097604751587,5.5,1.649999976158142,,7,-57.70000076293945,80.1428091,13.0667416
1790333719121920000,29.581919921875,,6.099999904632568,0.5600000023841858,1.2390179634094238,5.5,2.0399999618530273,,358,-57.70000076293945,80.14281,13.0667647
1790333720099219000,30.559218994140625,,7,0.7799999713897705,1.248790979385376,5.5,2.0199999809265137,,350,-57.70000076293945,80.1428075,13.0667881
1790333720935000000,31.395,,0,0,1.189406394958496,11.071000099182129,0,,0,-57.70000076293945,80.1428075,13.0667881
1790333721088085500,31.54808544921875,,6.800000190734863,0.7900000214576721,1.1909372806549072,10.274999618530273,2.4800000190734863,,340,-57.70000076293945,80.1428012,13.0668155
1790333722065848300,32.525848388671875,,4.400000095367432,0.6499999761581421,1.2007148265838623,10.274999618530273,4.019999980926514,,339,-57.70000076293945,80.1427944,13.0668454
1790333723132823800,33.59282373046875,,4.699999809265137,0.6000000238418579,1.211384654045105,10.98799991607666,3.8999998569488525,,336,-57.70000076293945,80.1427821,13.0668837
1790333724061319200,34.521319091796876,,4.900000095367432,0.5899999737739563,1.2206696271896362,10.204000473022461,3.8399999141693115,,337,-57.70000076293945,80.1427734,13.0669247
1790333725119796000,35.5797958984375,,5.699999809265137,0.550000011920929,1.2312543392181396,10.98799991607666,3.5899999141693115,,344,-57.70000076293945,80.142768,13.0669711
1790333726144446500,36.604446533203124,,6.300000190734863,0.7599999904632568,1.2415008544921875,5.400000095367432,3.8999998569488525,,1,-57.70000076293945,80.1427835,13.0670113
1790333727098460700,37.55846069335937,,5.400000095367432,0.6200000047683716,1.251041054725647,5.5,3.0199999809265137,,18,-57.70000076293945,80.142808,13.0670424
1790333728129374500,38.58937451171875,,6.800000190734863,0.800000011920929,1.261350154876709,5.583000183105469,2.869999885559082,,64,-57.70000076293945,80.1428439,13.0670496
1790333729109379000,39.569379150390624,,5.800000190734863,0.550000011920929,1.2711502313613892,5.800000190734863,2.929999828338623,,94,-57.70000076293945,80.1428866,13.0670384
1790333730100423200,40.56042309570312,,8,0.8999999761581421,1.2810605764389038,5.915999889373779,2.3899998664855957,,111,-57.70000076293945,80.1429188,13.0670388
1790333731057584000,41.517584228515624,,9.199999809265137,0.6000000238418579,1.2906322479248047,6.083000183105469,1.459999918937683,,109,-57.70000076293945,80.1429426,13.0670356
1790333732088334800,42.5483349609375,,10.899999618530273,1,1.3009397983551025,6.25,1.3799999952316284,,106,-57.70000076293945,80.1429602,13.0670391
1790333733082094000,43.54209399414062,,12.899999618530273,0.8600000143051147,1.3108773231506348,6.333000183105469,1.4399999380111694,,91,-57.70000076293945,80.1429781,13.0670467
1790333734085862000,44.54586181640625,,14.199999809265137,0.699999988079071,1.3209149837493896,6.5,1.2599999904632568,,64,-57.70000076293945,80.1429865,13.0670579
1790333734822000000,45.282000244140626,,0,0,1,11.574000358581543,0,,0,-57.60000228881836,80.1429865,13.0670579
1790333735086719200,45.54671923828125,,13.300000190734863,0.6600000262260437,1.0026471614837646,10.848999977111816,1.3799999952316284,,24,-57.60000228881836,80.1429885,13.0670654
1790333736135110100,46.595110107421874,,12.5,0.7400000095367432,1.0131311416625977,11.656999588012695,1.5799999237060547,,359,-57.60000228881836,80.1429959,13.0670868
1790333737099925500,47.55992553710937,,8.100000381469727,0.5899999737739563,1.0227792263031006,11.574000358581543,2.440000057220459,,359,-57.60000228881836,80.1430006,13.0671154
1790333738119862800,48.57986279296875,,6.599999904632568,0.49000000953674316,1.0329786539077759,11.574000358581543,2.559999942779541,,4,-57.60000228881836,80.1430108,13.0671447
1790333739156076800,49.616076904296875,,7.300000190734863,0.6200000047683716,1.043340802192688,11.406999588012695,2.0899999141693115,,6,-57.60000228881836,80.143026,13.0671731
1790333740136087000,50.596087158203126,,10.5,0.5699999928474426,1.0531408786773682,6.300000190734863,0.7699999809265137,,357,-57.60000228881836,80.1430426,13.0671928
1790333741139880000,51.5998798828125,,11.800000190734863,0.4699999988079071,1.0631787776947021,6.099999904632568,0.7999999523162842,,339,-57.60000228881836,80.1430443,13.0671998
1790333742149607400,52.609607421875,,10.800000190734863,0.4300000071525574,1.0732760429382324,6,1,,315,-57.60000228881836,80.1430419,13.0672031
1790333743127337700,53.58733764648437,,8.100000381469727,0.4000000059604645,1.0830533504486084,5.900000095367432,1.3299999237060547,,281,-57.60000228881836,80.1430339,13.0672079
1790333744122427400,54.58242749023437,,7.400000095367432,0.3199999928474426,1.0930042266845703,5.833000183105469,0.9300000071525574,,268,-57.60000228881836,80.1430172,13.0672187
1790333744852000000,55.312,,0,0,1,6.479000091552734,0,,0,-57.70000076293945,80.1430172,13.0672187
1790333745097849000,55.55784912109375,,6.900000095367432,0.30000001192092896,1.0024584531784058,6.339000225067139,0.9599999785423279,,268,-57.70000076293945,80.1430142,13.0672261
1790333746125200400,56.585200439453125,,7.199999809265137,0.4300000071525574,1.0127320289611816,6.26800012588501,1.3299999237060547,,267,-57.70000076293945,80.143004,13.0672272
1790333747111656400,57.571656494140626,,6.5,0.4699999988079071,1.0225965976715088,6.196000099182129,1.7400000095367432,,278,-57.70000076293945,80.1429957,13.0672308
1790333748128966100,58.588966064453125,,5.599999904632568,0.6600000262260437,1.0327696800231934,6.145999908447266,2.3399999141693115,,284,-57.70000076293945,80.142968,13.0672351
1790333749129179400,59.58917944335938,,4.699999809265137,0.5699999928474426,1.042771816253662,6.145999908447266,3.43999981880188,,280,-57.70000076293945,80.1429394,13.0672423
1790333750119749000,60.5797490234375,,3.700000047683716,0.6100000143051147,1.0526775121688843,5.300000190734863,4.489999771118164,,277,-57.70000076293945,80.142895,13.0672516
1790333751121266000,61.58126586914062,,3.0999999046325684,0.6899999976158142,1.062692642211914,5.25,5.139999866485596,,273,-57.70000076293945,80.1428348,13.0672519
1790333752128218400,62.58821826171875,,2.4000000953674316,0.8500000238418579,1.072762131690979,5.099999904632568,6.819999694824219,,270,-57.70000076293945,80.1427708,13.067257
1790333753134578200,63.594578125,,1.7999999523162842,0.550000011920929,1.082825779914856,5.099999904632568,7.429999828338623,,269,-57.70000076293945,80.1426902,13.0672649
1790333754120446700,64.58044677734375,,2.299999952316284,0.5699999928474426,1.0926845073699951,5.083000183105469,7.779999732971191,,273,-57.70000076293945,80.142608,13.0672649
1790333754864000000,65.324,,0,0,1,9.956999778747559,0,,0,-57.70000076293945,80.142608,13.0672649
1790333755074894300,65.53489428710938,,1.100000023841858,0.4300000071525574,1.0021089315414429,9.248000144958496,7.989999771118164,,275,-57.70000076293945,80.1425246,13.0672724
1790333756098782000,66.55878198242188,,1.5,0.47999998927116394,1.0123478174209595,9.248000144958496,7.339999675750732,,275,-57.70000076293945,80.1424488,13.0672844
1790333757131946200,67.5919462890625,,1.399999976158142,0.44999998807907104,1.0226794481277466,9.956999778747559,7.049999713897705,,277,-57.70000076293945,80.1423645,13.0672935
1790333758154328300,68.61432836914062,,1.100000023841858,0.4099999964237213,1.0329033136367798,9.956999778747559,7.199999809265137,,277,-57.70000076293945,80.1422899,13.0673049
1790333759130659000,69.5906591796875,,1.100000023841858,0.3700000047683716,1.0426665544509888,9.956999778747559,6.75,,278,-57.70000076293945,80.1422212,13.0673142
1790333760121302300,70.58130224609376,,2,0.5400000214576721,1.0525729656219482,5,7.339999675750732,,273,-57.70000076293945,80.1421452,13.0673194
1790333761081269200,71.54126928710937,,1.5,0.5,1.0621726512908936,5,7.419999599456787,,269,-57.70000076293945,80.1420726,13.0673243
1790333762085398800,72.54539868164062,,2.0999999046325684,0.6499999761581421,1.0722140073776245,5,7.819999694824219,,266,-57.70000076293945,80.1419984,13.0673252
1790333763123418400,73.58341845703124,,1.2999999523162842,0.49000000953674316,1.0825941562652588,4.915999889373779,7.710000038146973,,265,-57.70000076293945,80.1419189,13.0673212
1790333764129329000,74.58932885742188,,1.7999999523162842,0.46000000834465027,1.0926532745361328,4.833000183105469,7.149999618530273,,266,-57.70000076293945,80.1418397,13.0673202
1790333765111547400,75.57154736328125,,2.200000047683716,0.6499999761581421,1.1024755239486694,4.75,5.599999904632568,,265,-57.70000076293945,80.1417644,13.0673232
1790333766134186000,76.59418603515626,,4.099999904632568,0.7200000286102295,1.1127018928527832,4.599999904632568,3.0799999237060547,,262,-57.70000076293945,80.1417237,13.0673161
1790333767124943400,77.584943359375,,7,0.6600000262260437,1.1226093769073486,4.599999904632568,1.8299999237060547,,249,-57.70000076293945,80.1417073,13.0673052
1790333768099357000,78.55935693359375,,8.300000190734863,0.6200000047683716,1.1323535442352295,4.665999889373779,2.0799999237060547,,225,-57.70000076293945,80.1416926,13.0672847
1790333769122499300,79.58249926757813,,5.400000095367432,0.5799999833106995,1.142585039138794,4.75,3.1999998092651367,,198,-57.70000076293945,80.1416786,13.0672599
1790333770130449400,80.59044946289063,,3.4000000953674316,0.4099999964237213,1.1526645421981812,4.900000095367432,3.7099997997283936,,182,-57.70000076293945,80.1416681,13.067217
1790333771084514800,81.54451489257812,,2.700000047683716,0.3199999928474426,1.1622051000595093,4.833000183105469,3.679999828338623,,188,-57.70000076293945,80.1416601,13.0671807
1790333772087583000,82.5475830078125,,4.5,0.44999998807907104,1.1722358465194702,4.915999889373779,2.2100000381469727,,200,-57.70000076293945,80.1416427,13.0671522
1790333773132144000,83.59214404296876,,8,0.5400000214576721,1.1826814413070679,4.900000095367432,1,,204,-57.70000076293945,80.1416353,13.0671392
1790333774124619500,84.58461962890625,,9.899999618530273,0.5600000023841858,1.1926062107086182,4.900000095367432,1.25,,212,-57.70000076293945,80.1416232,13.0671241
1790333775125568800,85.58556884765625,,7.699999809265137,0.3799999952316284,1.202615737915039,4.915999889373779,1.3600000143051147,,220,-57.70000076293945,80.1416063,13.067111
1790333776136338200,86.59633813476563,,7.699999809265137,0.4699999988079071,1.2127233743667603,5,1.5999999046325684,,220,-57.70000076293945,80.1415922,13.0670925
1790333777122542000,87.5825419921875,,8.600000381469727,0.5,1.2225854396820068,4.800000190734863,1.3299999237060547,,229,-57.70000076293945,80.1415704,13.0670775
1790333777660000000,88.12,,0,0,1,5.203999996185303,0,,0,-57.20000076293945,80.1415704,13.0670775
1790333778096002000,88.556001953125,,7.400000095367432,0.6000000238418579,1.0043599605560303,5.0320000648498535,2.3999998569488525,,230,-57.20000076293945,80.1415487,13.0670639
1790333779139747000,89.5997470703125,,6.699999809265137,0.8600000143051147,1.0147974491119385,4.953999996185303,4.019999980926514,,231,-57.20000076293945,80.1415108,13.067038
1790333780118779400,90.578779296875,,3.799999952316284,0.5600000023841858,1.0245877504348755,4.888999938964844,5.009999752044678,,228,-57.20000076293945,80.141473,13.0670043
1790333781145111300,91.605111328125,,3.799999952316284,0.5,1.03485107421875,4.703999996185303,4.239999771118164,,219,-57.20000076293945,80.1414383,13.0669613
1790333782111136500,92.57113647460938,,6,0.6000000238418579,1.044511318206787,4.603000164031982,2.8899998664855957,,206,-57.20000076293945,80.1414121,13.0669255
1790333783137723100,93.59772314453124,,6.300000190734863,0.5299999713897705,1.0547772645950317,4.300000190734863,2.2100000381469727,,194,-57.20000076293945,80.1414019,13.0668944
1790333784139127800,94.5991279296875,,6.599999904632568,0.44999998807907104,1.0647913217544556,4.333000183105469,1.8700000047683716,,185,-57.20000076293945,80.1413963,13.0668714
1790333785133379600,95.59337963867188,,4.199999809265137,0.30000001192092896,1.074733853340149,4.300000190734863,1.959999918937683,,188,-57.20000076293945,80.1413901,13.0668534
1790333786140723000,96.60072290039062,,5.300000190734863,0.3799999952316284,1.084807276725769,4.333000183105469,1.7300000190734863,,189,-57.20000076293945,80.1413808,13.0668302
1790333787133300000,97.59330004882813,,5.099999904632568,0.5600000023841858,1.0947329998016357,4.400000095367432,2.919999837875366,,194,-57.20000076293945,80.1413692,13.0668016
1790333788121244000,98.58124389648438,,3.9000000953674316,0.47999998927116394,1.1046124696731567,4.333000183105469,3.4800000190734863,,192,-57.20000076293945,80.141355,13.0667662
1790333789123480300,99.58348022460937,,3.4000000953674316,0.4099999964237213,1.1146347522735596,4.333000183105469,3.7300000190734863,,192,-57.20000076293945,80.1413404,13.0667229
1790333789922000000,100.38199975585937,,0,0,1.6419649124145508,5.13100004196167,0,,0,-57.10000228881836,80.1413404,13.0667229
1790333790084077800,100.54407788085938,,2.299999952316284,0.5199999809265137,1.6435856819152832,4.96999979019165,5.920000076293945,,196,-57.10000228881836,80.1413209,13.066663
1790333791125588500,101.58558837890625,,2.0999999046325684,0.4300000071525574,1.6540007591247559,4.96999979019165,5.87999963760376,,195,-57.10000228881836,80.141302,13.066587
1790333792130060000,102.59006005859375,,1.600000023841858,0.3799999952316284,1.6640454530715942,4.8979997634887695,5.849999904632568,,194,-57.10000228881836,80.1412812,13.0665181
1790333793117204000,103.57720385742188,,2.4000000953674316,0.5199999809265137,1.6739169359207153,4.8979997634887695,6.170000076293945,,196,-57.10000228881836,80.1412498,13.0664495
1790333794070596400,104.53059643554687,,1.399999976158142,0.38999998569488525,1.6834508180618286,4.8979997634887695,6.649999618530273,,195,-57.10000228881836,80.1412258,13.0663769
1790333795115459300,105.57545922851563,,3,0.5799999833106995,1.6938995122909546,4.199999809265137,7.039999961853027,,188,-57.10000228881836,80.1412131,13.0663083
1790333796138761000,106.59876098632813,,3.200000047683716,0.5600000023841858,1.7041325569152832,4.199999809265137,5.730000019073486,,185,-57.10000228881836,80.1412084,13.0662416
1790333797151967700,107.6119677734375,,5.5,0.7200000286102295,1.7142646312713623,4.300000190734863,3.43999981880188,,186,-57.10000228881836,80.1411999,13.0661973
1790333798134811400,108.59481127929688,,6.699999809265137,0.5299999713897705,1.7240930795669556,4.5,2.0999999046325684,,193,-57.10000228881836,80.1411923,13.0661724
1790333799123242500,109.58324243164063,,6,0.41999998688697815,1.7339773178100586,4.599999904632568,1.899999976158142,,200,-57.10000228881836,80.1411878,13.0661536
1790333800154283300,110.614283203125,,7.400000095367432,0.49000000953674316,1.7442877292633057,4.699999809265137,1.71999990940094,,206,-57.10000228881836,80.141185,13.0661353
1790333801147925800,111.60792578125,,7.599999904632568,0.46000000834465027,1.754224181175232,4.800000190734863,1.4800000190734863,,209,-57.10000228881836,80.1411819,13.0661193
1790333801709000000,112.169,,0,0,1.4831252098083496,5.394000053405762,0,,0,-57.10000228881836,80.1411819,13.0661193
1790333802105207000,112.56520703125,,9.600000381469727,0.5299999713897705,1.4870872497558594,5.3379998207092285,1.149999976158142,,220,-57.10000228881836,80.1411738,13.0661029
1790333803073491000,113.53349096679688,,6.300000190734863,0.5899999737739563,1.4967701435089111,5.408999919891357,3.169999837875366,,202,-57.10000228881836,80.1411678,13.0660753
1790333804088062200,114.54806225585938,,5.099999904632568,0.5899999737739563,1.506915807723999,5.408999919891357,3.859999895095825,,196,-57.10000228881836,80.1411554,13.0660335
1790333805074356500,115.5343564453125,,2.700000047683716,0.38999998569488525,1.516778826713562,5.480000019073486,4.400000095367432,,195,-57.10000228881836,80.1411456,13.0659847
1790333806068005000,116.52800512695312,,2.700000047683716,0.5899999737739563,1.5267152786254883,5.408999919891357,5.190000057220459,,193,-57.10000228881836,80.1411442,13.0659278
1790333807070611700,117.53061181640625,,2,0.4099999964237213,1.5367413759231567,4.833000183105469,7.210000038146973,,182,-57.10000228881836,80.1411394,13.065848
1790333808082107600,118.54210766601562,,2.4000000953674316,0.5,1.5468562841415405,4.599999904632568,7.319999694824219,,186,-57.10000228881836,80.1411331,13.0657728
1790333809120727300,119.58072729492187,,2.5999999046325684,0.6000000238418579,1.557242512702942,4.300000190734863,7.96999979019165,,190,-57.10000228881836,80.1411207,13.0656977
1790333809798665000,120.2586650390625,,1.5,0.38999998569488525,1.5640218257904053,4.25,7.46999979019165,,190,-57.10000228881836,80.1411114,13.0656458
1790333811107612000,121.56761181640626,,1.600000023841858,0.4000000059604645,1.5771113634109497,4,6.289999961853027,,188,-57.10000228881836,80.1410998,13.0655502
1790333812117329400,122.57732934570312,,1.5,0.3100000023841858,1.5872085094451904,3.9000000953674316,6.159999847412109,,191,-57.10000228881836,80.1410898,13.0654938
1790333813092832800,123.55283276367187,,2.4000000953674316,0.47999998927116394,1.5969635248184204,3.799999952316284,5.099999904632568,,193,-57.10000228881836,80.1410711,13.0654424
1790333814084108500,124.54410864257812,,3.700000047683716,0.36000001430511475,1.606876254081726,3.75,2.1499998569488525,,203,-57.10000228881836,80.1410491,13.0653922
1790333815124727000,125.58472705078125,,4.300000190734863,0.3199999928474426,1.617282509803772,3.799999952316284,1.959999918937683,,212,-57.10000228881836,80.1410399,13.065372
1790333816140624000,126.60062377929688,,3.799999952316284,0.3499999940395355,1.62744140625,3.799999952316284,2.429999828338623,,203,-57.10000228881836,80.1410277,13.0653517
1790333817144726300,127.60472631835937,,3.799999952316284,0.3499999940395355,1.6374825239181519,3.700000047683716,2.6499998569488525,,208,-57.10000228881836,80.1410198,13.0653276
1790333818127495200,128.5874951171875,,5,0.550000011920929,1.6473101377487183,3.700000047683716,2.75,,219,-57.10000228881836,80.1410072,13.0653057
1790333818486000000,128.94600024414063,,0,0,1,4.025000095367432,0,,0,-59.20000076293945,80.1410072,13.0653057
1790333819115437300,129.57543725585938,,5.099999904632568,0.699999988079071,1.0062943696975708,4.107999801635742,3.3499999046325684,,242,-59.20000076293945,80.1409716,13.0652877
1790333820143768800,130.60376879882813,,3.299999952316284,0.4399999976158142,1.0165777206420898,4.190999984741211,4.029999732971191,,262,-59.20000076293945,80.1409419,13.0652782
1790333821125803000,131.58580297851563,,2.200000047683716,0.5099999904632568,1.0263980627059937,4.164000034332275,5.179999828338623,,270,-59.20000076293945,80.1408811,13.0652748
1790333822076638200,132.53663818359374,,1.7999999523162842,0.47999998927116394,1.035906434059143,4.164000034332275,6,,278,-59.20000076293945,80.1408142,13.0652737
1790333823068598000,133.52859790039062,,1.100000023841858,0.2800000011920929,1.0458259582519531,4.164000034332275,6.25,,279,-59.20000076293945,80.1407447,13.0652761
1790333824142630700,134.60263061523438,,1.7000000476837158,0.44999998807907104,1.0565663576126099,4,6.909999847412109,,277,-59.20000076293945,80.1406753,13.0652861
1790333825141323000,135.60132299804687,,2.9000000953674316,0.6200000047683716,1.0665532350540161,3.9159998893737793,6.649999618530273,,280,-59.20000076293945,80.140611,13.0653052
1790333826121197000,136.58119702148437,,1.100000023841858,0.3199999928474426,1.0763520002365112,3.8329999446868896,6.639999866485596,,282,-59.20000076293945,80.1405452,13.0653222
1790333827136674000,137.5966740722656,,1.100000023841858,0.38999998569488525,1.086506724357605,3.799999952316284,6.549999713897705,,281,-59.20000076293945,80.1404862,13.0653336
1790333828119056600,138.579056640625,,2,0.4399999976158142,1.0963305234909058,3.9000000953674316,6.069999694824219,,278,-59.20000076293945,80.1404272,13.0653507
1790333829142448600,139.60244873046875,,2.0999999046325684,0.4399999976158142,1.1065645217895508,4.083000183105469,5.819999694824219,,278,-59.20000076293945,80.1403639,13.0653655
1790333830118248000,140.578248046875,,2.200000047683716,0.47999998927116394,1.1163225173950195,4.165999889373779,5.210000038146973,,278,-59.20000076293945,80.1403133,13.06538
1790333831132935200,141.59293505859375,,2,0.41999998688697815,1.126469373703003,4.5,4.799999713897705,,280,-59.20000076293945,80.1402691,13.0653889
1790333832148071700,142.60807177734375,,1.5,0.3700000047683716,1.1366207599639893,4.599999904632568,4.769999980926514,,280,-59.20000076293945,80.14023,13.0653965
1790333833069215000,143.52921508789063,,3.700000047683716,0.7200000286102295,1.1458321809768677,4.583000183105469,3.2699999809265137,,285,-59.20000076293945,80.1401917,13.0654126
1790333834144681500,144.60468139648438,,6.199999809265137,0.5,1.156586766242981,4.599999904632568,1.5499999523162842,,286,-59.20000076293945,80.1401751,13.0654193
1790333835150710800,145.61071069335938,,3.299999952316284,0.27000001072883606,1.1666470766067505,4.599999904632568,1.5499999523162842,,280,-59.20000076293945,80.1401671,13.0654228
1790333836169217000,146.62921704101564,,6.5,0.5299999713897705,1.1768321990966797,4.5,1.1699999570846558,,277,-59.20000076293945,80.1401567,13.0654209
1790333836613000000,147.073,,0,0,1,7.458000183105469,0,,0,-58.900001525878906,80.1401567,13.0654209
1790333837129520000,147.58952001953125,,7,0.5199999809265137,1.0051652193069458,7.034999847412109,1.8499999046325684,,234,-58.900001525878906,80.1401477,13.0654097
1790333838131492400,148.59149243164063,,5.699999809265137,0.3499999940395355,1.0151848793029785,7.375,1.9900000095367432,,199,-58.900001525878906,80.1401429,13.0653927
1790333839109379600,149.56937963867188,,6.599999904632568,0.3799999952316284,1.0249637365341187,6.964000225067139,1.0499999523162842,,181,-58.900001525878906,80.1401442,13.0653743
1790333840128274700,150.58827465820312,,5.699999809265137,0.27000001072883606,1.035152792930603,6.89300012588501,1.1799999475479126,,185,-58.900001525878906,80.1401342,13.0653596
1790333841137799000,151.597798828125,,8.600000381469727,0.5799999833106995,1.045248031616211,6.821000099182129,1.1399999856948853,,172,-58.900001525878906,80.1401341,13.0653406
1790333842131603000,152.59160302734375,,7.5,0.3799999952316284,1.0551860332489014,4.199999809265137,1.090000033378601,,169,-58.900001525878906,80.1401351,13.0653198
1790333843100843300,153.56084326171876,,6.199999809265137,0.6399999856948853,1.0648784637451172,4.25,2.319999933242798,,182,-58.900001525878906,80.1401333,13.0652904
1790333844144746200,154.60474633789062,,3.299999952316284,0.6200000047683716,1.0753175020217896,4.300000190734863,4.509999752044678,,200,-58.900001525878906,80.1401184,13.0652465
1790333845134326000,155.5943259277344,,1.7000000476837158,0.4300000071525574,1.085213303565979,4.300000190734863,5.699999809265137,,199,-58.900001525878906,80.1400948,13.0651801
1790333846136780500,156.5967805175781,,3.299999952316284,0.5299999713897705,1.0952378511428833,4.333000183105469,4.96999979019165,,191,-58.900001525878906,80.1400905,13.0651198
1790333847145353000,157.60535302734374,,5.800000190734863,0.9800000190734863,1.0110734701156616,4.400000095367432,3.9800000190734863,,179,-58.900001525878906,80.1400995,13.0650696
1790333848122103600,158.582103515625,,6,0.7400000095367432,1.0208410024642944,4.400000095367432,3.75,,158,-58.900001525878906,80.1401172,13.0650337
1790333849098335700,159.55833569335937,,6.599999904632568,0.9300000071525574,1.0306034088134766,4.5,4.079999923706055,,139,-58.900001525878906,80.140145,13.0650032
1790333850136594400,160.59659448242186,,5.599999904632568,0.8600000143051147,1.0409859418869019,4.699999809265137,4.949999809265137,,115,-58.900001525878906,80.140191,13.0649885
1790333851135154000,161.59515380859375,,2.5999999046325684,0.44999998807907104,1.050971508026123,4.75,5.319999694824219,,107,-58.900001525878906,80.1402564,13.0649767
1790333852141917400,162.60191748046876,,1.7000000476837158,0.4399999976158142,1.0610392093658447,4.833000183105469,6.210000038146973,,107,-58.900001525878906,80.1403154,13.0649628
1790333853141028900,163.60102880859375,,1.899999976158142,0.5799999833106995,1.0710302591323853,5.099999904632568,6.809999942779541,,107,-58.900001525878906,80.1403866,13.0649484
1790333854154916400,164.61491625976564,,1.7000000476837158,0.5299999713897705,1.0811691284179688,5.099999904632568,7.639999866485596,,107,-58.900001525878906,80.1404785,13.0649395
1790333855135752400,165.59575244140626,,1.399999976158142,0.3700000047683716,1.0909775495529175,5.083000183105469,7.569999694824219,,106,-58.900001525878906,80.1405463,13.0649257
1790333856134636800,166.59463671875,,2.5999999046325684,0.5299999713897705,1.1009663343429565,5.083000183105469,6.319999694824219,,99,-58.900001525878906,80.1405955,13.0649229
1790333857129635000,167.58963500976563,,2.0999999046325684,0.49000000953674316,1.1109163761138916,5,5.099999904632568,,93,-58.900001525878906,80.1406458,13.0649096
1790333858140107000,168.60010693359374,,3.9000000953674316,0.5799999833106995,1.121021032333374,4.915999889373779,3.5399999618530273,,95,-58.900001525878906,80.1406841,13.0649033
1790333859135200800,169.59520068359376,,4.300000190734863,0.5299999713897705,1.1309720277786255,4.833000183105469,3.2899999618530273,,110,-58.900001525878906,80.1407195,13.0648892
1790333860150728200,170.61072827148436,,3.700000047683716,0.4099999964237213,1.1411272287368774,4.800000190734863,3.309999942779541,,122,-58.900001525878906,80.1407497,13.064874
1790333861148469200,171.60846923828126,,6.800000190734863,0.800000011920929,1.1511046886444092,4.900000095367432,2.5199999809265137,,139,-58.900001525878906,80.140766,13.0648445
1790333862137409800,172.59740991210938,,4.599999904632568,0.4300000071525574,1.160994052886963,5.199999809265137,2.8999998569488525,,178,-58.900001525878906,80.1407676,13.0648101
1790333863131633200,173.59163305664063,,5.900000095367432,0.7200000286102295,1.1709363460540771,5.25,3.5399999618530273,,189,-58.900001525878906,80.1407689,13.0647654
1790333864119327500,174.57932739257814,,4.800000190734863,0.6700000166893005,1.1808133125305176,5.333000183105469,4.339999675750732,,176,-58.900001525878906,80.1407744,13.0647204
1790333865162369800,175.62236987304686,,1.600000023841858,0.3499999940395355,1.1912436485290527,5.400000095367432,4.769999980926514,,169,-58.900001525878906,80.1407753,13.0646514
1790333866119285200,176.57928515625,,3.0999999046325684,0.6600000262260437,1.200812816619873,5.165999889373779,6.449999809265137,,183,-58.900001525878906,80.1407631,13.0645861
1790333867101413600,177.56141357421876,,2.0999999046325684,0.5299999713897705,1.2106341123580933,4.915999889373779,7.119999885559082,,190,-58.900001525878906,80.1407507,13.0645075
1790333868135368200,178.5953681640625,,1.5,0.4300000071525574,1.2209737300872803,4.300000190734863,7.669999599456787,,192,-58.900001525878906,80.1407322,13.0644248
1790333869101157000,179.5611572265625,,1.399999976158142,0.44999998807907104,1.2306315898895264,4.25,8.019999504089355,,190,-58.900001525878906,80.1407027,13.0643375
1790333870139534800,180.59953491210936,,0.8999999761581421,0.3700000047683716,1.2410153150558472,4,8.429999351501465,,189,-58.900001525878906,80.1406879,13.0642498
1790333871141266700,181.6012666015625,,1,0.3199999928474426,1.2510327100753784,3.700000047683716,8.15999984741211,,189,-58.900001525878906,80.1406752,13.0641681
1790333872154046000,182.6140458984375,,1.600000023841858,0.36000001430511475,1.2611604928970337,3.5999999046325684,7.529999732971191,,188,-58.900001525878906,80.1406606,13.0640966
1790333873153676300,183.61367626953125,,1.2999999523162842,0.33000001311302185,1.2711567878723145,3.5999999046325684,6.839999675750732,,192,-58.900001525878906,80.1406414,13.064027
1790333874144411400,184.60441137695312,,2.4000000953674316,0.41999998688697815,1.2810641527175903,3.4000000953674316,6.049999713897705,,187,-58.900001525878906,80.1406338,13.0639668
1790333875155860500,185.6158605957031,,3.700000047683716,0.5299999713897705,1.291178584098816,3.4000000953674316,4.589999675750732,,182,-58.900001525878906,80.1406354,13.0639198
1790333876174376000,186.6343759765625,,4.199999809265137,0.4300000071525574,1.3013637065887451,3.5,2.379999876022339,,184,-58.900001525878906,80.1406314,13.0638875
1790333877139686400,187.59968627929686,,5.099999904632568,0.30000001192092896,1.3110169172286987,3.5,1.5699999332427979,,190,-58.900001525878906,80.1406282,13.0638693
1790333878140897000,188.60089697265624,,3.799999952316284,0.23000000417232513,1.3210289478302002,3.5,1.5399999618530273,,199,-58.900001525878906,80.1406232,13.06386
1790333878340000000,188.8,,0,0,1,3.6989998817443848,0,,0,-57.60000228881836,80.1406232,13.06386
1790333879142876000,189.6028759765625,,4.400000095367432,0.3499999940395355,1.0080287456512451,3.6700000762939453,1.9199999570846558,,210,-57.60000228881836,80.1406129,13.0638482
1790333880134590000,190.59458984375,,2.9000000953674316,0.3400000035762787,1.0179458856582642,3.6700000762939453,3.0799999237060547,,248,-57.60000228881836,80.1405977,13.0638335
1790333881138439700,191.59843969726563,,3.200000047683716,0.3400000035762787,1.027984380722046,3.6700000762939453,3.169999837875366,,260,-57.60000228881836,80.1405692,13.0638266
1790333882124319700,192.58431982421874,,2.5999999046325684,0.3199999928474426,1.0378432273864746,3.5989999771118164,3.3499999046325684,,262,-57.60000228881836,80.1405434,13.0638197
1790333883129093000,193.58909301757814,,2.200000047683716,0.46000000834465027,1.0478909015655518,3.5989999771118164,3.559999942779541,,264,-57.60000228881836,80.1405092,13.0638183
1790333884127596500,194.58759643554689,,2.299999952316284,0.49000000953674316,1.0578759908676147,3.4159998893737793,4.949999809265137,,272,-57.60000228881836,80.1404594,13.0638252
1790333885129775400,195.589775390625,,1.7000000476837158,0.4099999964237213,1.0678977966308594,3.4159998893737793,6.759999752044678,,278,-57.60000228881836,80.1403854,13.0638496
1790333886138193700,196.59819360351563,,2.200000047683716,0.46000000834465027,1.077981948852539,3.5,7.099999904632568,,279,-57.60000228881836,80.1403152,13.0638633
1790333887134202400,197.59420239257813,,2.0999999046325684,0.5199999809265137,1.0879420042037964,3.5,7.829999923706055,,279,-57.60000228881836,80.1402415,13.063878
1790333888127405600,198.58740551757813,,0.8999999761581421,0.36000001430511475,1.0978740453720093,3.5,7.839999675750732,,280,-57.60000228881836,80.1401703,13.063899
1790333889118529000,199.57852905273438,,1.2999999523162842,0.47999998927116394,1.1077853441238403,3.5,8.710000038146973,,283,-57.60000228881836,80.14009,13.0639193
1790333890139902000,200.59990185546874,,0.800000011920929,0.3799999952316284,1.1179990768432617,3.5,9.119999885559082,,283,-57.60000228881836,80.1399987,13.063941
1790333891131421000,201.5914208984375,,0.6000000238418579,0.3100000023841858,1.1279141902923584,3.5,9.269999504089355,,283,-57.60000228881836,80.1399077,13.0639581
1790333892139204000,202.5992041015625,,0.800000011920929,0.3499999940395355,1.137992024421692,3.4000000953674316,10.109999656677246,,282,-57.60000228881836,80.1398104,13.0639759
1790333893115911200,203.5759111328125,,0.4000000059604645,0.25999999046325684,1.1477590799331665,3.3329999446868896,10.300000190734863,,282,-57.60000228881836,80.1397166,13.0639939
1790333894136964400,204.59696435546874,,0.800000011920929,0.3499999940395355,1.15796959400177,3.299999952316284,9.729999542236328,,281,-57.60000228881836,80.1396224,13.0640111
1790333895158130700,205.61813061523438,,0.800000011920929,0.3400000035762787,1.168181300163269,3.299999952316284,9.59000015258789,,281,-57.60000228881836,80.1395339,13.0640244
1790333896158315800,206.61831567382814,,0.699999988079071,0.44999998807907104,1.1781831979751587,3.299999952316284,9.029999732971191,,283,-57.60000228881836,80.1394508,13.0640436
1790333897123490000,207.58348999023437,,0.800000011920929,0.3199999928474426,1.1878348588943481,3.3329999446868896,9.399999618530273,,287,-57.60000228881836,80.1393698,13.0640665
1790333898137404000,208.59740380859375,,0.800000011920929,0.3799999952316284,1.1979740858078003,3.5,9.479999542236328,,285,-57.60000228881836,80.1392846,13.0640896
1790333899152841700,209.612841796875,,0.4000000059604645,0.25,1.2081284523010254,3.5,9.449999809265137,,284,-57.60000228881836,80.1391984,13.0641074
1790333900156483800,210.61648388671875,,1,0.4000000059604645,1.2181648015975952,3.5,9.550000190734863,,282,-57.60000228881836,80.1391037,13.0641215
1790333901144021800,211.60402172851562,,1.100000023841858,0.3799999952316284,1.2280402183532715,3.4159998893737793,9.4399995803833,,280,-57.60000228881836,80.1390085,13.0641281
1790333902146134000,212.60613403320312,,1.5,0.41999998688697815,1.2380613088607788,3.4000000953674316,9.359999656677246,,281,-57.60000228881836,80.138914,13.064143
1790333903097503500,213.55750341796875,,1.100000023841858,0.3700000047683716,1.247575044631958,3.4159998893737793,9.399999618530273,,282,-57.60000228881836,80.1388274,13.064158
1790333904152458800,214.6124587402344,,0.8999999761581421,0.3400000035762787,1.258124589920044,3.4159998893737793,9.519999504089355,,281,-57.60000228881836,80.1387353,13.0641723
1790333905135177000,215.59517700195312,,1,0.3700000047683716,1.2679517269134521,3.4159998893737793,9.369999885559082,,277,-57.60000228881836,80.1386478,13.0641792
1790333906113197000,216.57319702148436,,1.2000000476837158,0.47999998927116394,1.277732014656067,3.4159998893737793,8.559999465942383,,274,-57.60000228881836,80.1385688,13.0641881
1790333907142582000,217.60258203125,,1.2000000476837158,0.5199999809265137,1.2880258560180664,3.5,7.62999963760376,,274,-57.60000228881836,80.1384951,13.0641954
1790333908136259000,218.59625903320313,,1.2000000476837158,0.41999998688697815,1.2979625463485718,3.5,6.609999656677246,,276,-57.60000228881836,80.1384334,13.0641952
1790333909163665400,219.62366552734375,,1.899999976158142,0.4000000059604645,1.3082365989685059,3.5,6.059999942779541,,274,-57.60000228881836,80.1383815,13.0642014
1790333910140123100,220.600123046875,,2.799999952316284,0.5600000023841858,1.3180012702941895,3.5,4.079999923706055,,269,-57.60000228881836,80.1383427,13.0642093
1790333911144960300,221.60496020507813,,4.400000095367432,0.550000011920929,1.328049659729004,3.5,2.690000057220459,,255,-57.60000228881836,80.138311,13.0642035
1790333912124606000,222.58460595703124,,5,0.4399999976158142,1.337846040725708,3.5,2.2799999713897705,,224,-57.60000228881836,80.1383022,13.0641879
1790333913131306000,223.5913059082031,,4.400000095367432,0.41999998688697815,1.3479130268096924,3.5,3.3399999141693115,,187,-57.60000228881836,80.1382999,13.0641615
1790333914127559200,224.58755908203125,,1.5,0.25999999046325684,1.3578755855560303,3.4159998893737793,4.119999885559082,,182,-57.60000228881836,80.1383039,13.0641301
1790333915129117700,225.58911767578124,,1.2999999523162842,0.3100000023841858,1.3678911924362183,3.3329999446868896,5.539999961853027,,185,-57.60000228881836,80.1383028,13.0640799
1790333916145158400,226.60515844726564,,1.100000023841858,0.3199999928474426,1.3780516386032104,3.0999999046325684,6.46999979019165,,188,-57.60000228881836,80.1382905,13.0640179
1790333917153304800,227.6133049316406,,1.7999999523162842,0.36000001430511475,1.3881330490112305,2.9000000953674316,6.799999713897705,,188,-57.60000228881836,80.1382841,13.0639495
1790333918144857900,228.60485791015626,,1,0.28999999165534973,1.3980485200881958,2.700000047683716,7.909999847412109,,188,-57.60000228881836,80.138269,13.0638803
1790333919141043500,229.60104345703124,,0.699999988079071,0.23000000417232513,1.408010482788086,2.5,8.380000114440918,,191,-57.60000228881836,80.1382554,13.0638035
1790333920135230200,230.59523022460937,,0.800000011920929,0.28999999165534973,1.417952299118042,2.4000000953674316,8.920000076293945,,190,-57.60000228881836,80.1382399,13.0637201
1790333921143580700,231.60358056640624,,0.6000000238418579,0.25999999046325684,1.428035855293274,2.4159998893737793,9.119999885559082,,189,-57.60000228881836,80.138227,13.0636421
1790333922164784600,232.62478466796875,,0.6000000238418579,0.23000000417232513,1.438247799873352,2.299999952316284,9.460000038146973,,188,-57.60000228881836,80.1382133,13.0635569
1790333923134238000,233.59423803710936,,0.800000011920929,0.28999999165534973,1.4479423761367798,2.25,8.710000038146973,,189,-57.60000228881836,80.1382012,13.0634754
1790333924088253700,234.54825366210937,,0.800000011920929,0.28999999165534973,1.4574825763702393,2.1659998893737793,8.679999351501465,,190,-57.60000228881836,80.1381867,13.0633966
1790333925130520000,235.59052001953125,,1.5,0.38999998569488525,1.4679051637649536,2.1659998893737793,8.300000190734863,,177,-57.60000228881836,80.138181,13.0633206
1790333926119267000,236.57926708984374,,2,0.4399999976158142,1.4777926206588745,2.1659998893737793,8.380000114440918,,163,-57.60000228881836,80.1381928,13.0632485
1790333927124989400,237.58498950195312,,1.5,0.4099999964237213,1.4878499507904053,2.25,8.220000267028809,,159,-57.60000228881836,80.1382251,13.063176
1790333928128095200,238.58809521484375,,1.899999976158142,0.5799999833106995,1.4978809356689453,2.5,9.529999732971191,,141,-57.60000228881836,80.1382892,13.063109
1790333929123444200,239.5834443359375,,0.699999988079071,0.3100000023841858,1.5078344345092773,2.9000000953674316,9.380000114440918,,138,-57.60000228881836,80.1383468,13.0630475
1790333930111154400,240.57115454101563,,1,0.33000001311302185,1.5177115201950073,2.9159998893737793,8.5,,139,-57.60000228881836,80.1384048,13.0629814
1790333931144960000,241.6049599609375,,1,0.28999999165534973,1.5280495882034302,3.200000047683716,7.809999942779541,,143,-57.60000228881836,80.1384626,13.0629274
1790333932145180400,242.60518041992188,,0.699999988079071,0.23999999463558197,1.5380518436431885,3.200000047683716,7.179999828338623,,146,-57.60000228881836,80.1385079,13.0628739
1790333933154815000,243.61481494140625,,1.7000000476837158,0.3199999928474426,1.5481481552124023,3,5.730000019073486,,160,-57.60000228881836,80.1385322,13.062822
1790333934123697700,244.58369775390625,,1.5,0.30000001192092896,1.5578370094299316,2.799999952316284,5.170000076293945,,163,-57.60000228881836,80.1385466,13.0627742
1790333935127390200,245.58739013671874,,1.7000000476837158,0.23999999463558197,1.5678739547729492,2.700000047683716,3.569999933242798,,167,-57.60000228881836,80.1385561,13.062738
1790333936144089300,246.60408935546874,,2.299999952316284,0.2800000011920929,1.5780408382415771,2.6659998893737793,2.5899999141693115,,169,-57.60000228881836,80.1385618,13.0627102
1790333937133959200,247.59395922851562,,2,0.20000000298023224,1.5879396200180054,2.5829999446868896,2.9099998474121094,,175,-57.60000228881836,80.1385644,13.0626849
1790333938153868500,248.61386865234374,,1.5,0.25999999046325684,1.598138689994812,2.5829999446868896,3.7699999809265137,,179,-57.60000228881836,80.1385626,13.0626583
1790333939116001500,249.57600146484376,,1.2999999523162842,0.23999999463558197,1.6077600717544556,2.6659998893737793,4.739999771118164,,188,-57.60000228881836,80.138557,13.0626169
1790333940116541400,250.57654150390624,,0.8999999761581421,0.1899999976158142,1.6177654266357422,2.6659998893737793,5.21999979019165,,185,-57.60000228881836,80.1385472,13.062565
1790333941102628900,251.56262890625,,1.2999999523162842,0.23000000417232513,1.6276262998580933,2.6659998893737793,5.62999963760376,,187,-57.60000228881836,80.1385364,13.0625165
1790333942135736600,252.59573657226562,,0.699999988079071,0.1899999976158142,1.6379573345184326,2.700000047683716,6.769999980926514,,183,-57.60000228881836,80.1385277,13.0624585
1790333943143779300,253.603779296875,,1.600000023841858,0.41999998688697815,1.6480377912521362,2.5829999446868896,7.190000057220459,,185,-57.60000228881836,80.1385203,13.0623912
1790333944118167600,254.57816748046875,,1.100000023841858,0.28999999165534973,1.657781720161438,2.299999952316284,8.059999465942383,,187,-57.60000228881836,80.1385084,13.0623218
1790333945131255000,255.59125512695311,,0.6000000238418579,0.2199999988079071,1.6679126024246216,2.200000047683716,8.559999465942383,,186,-57.60000228881836,80.1384966,13.0622427
1790333946136390400,256.59639038085936,,0.5,0.20999999344348907,1.6779638528823853,2.0999999046325684,9.210000038146973,,184,-57.60000228881836,80.1384904,13.0621611
1790333947127282400,257.58728247070314,,0.5,0.18000000715255737,1.6878727674484253,2.0829999446868896,9.010000228881836,,185,-57.60000228881836,80.1384849,13.0620803
1790333948135525600,258.59552563476564,,0.8999999761581421,0.23999999463558197,1.6979552507400513,2,8.260000228881836,,185,-57.60000228881836,80.1384772,13.0620057
1790333949142133500,259.60213354492186,,0.6000000238418579,0.20000000298023224,1.7080212831497192,2,7.5,,186,-57.60000228881836,80.1384673,13.0619391
1790333950104778000,260.5647780761719,,0.6000000238418579,0.1899999976158142,1.7176477909088135,2,6.909999847412109,,185,-57.60000228881836,80.1384584,13.0618716
1790333951130578400,261.59057836914064,,1.100000023841858,0.23999999463558197,1.7279057502746582,2,6.019999980926514,,185,-57.60000228881836,80.1384522,13.0618087
1790333952161783300,262.621783203125,,1,0.25,1.738217830657959,2.0999999046325684,5,,186,-57.60000228881836,80.1384448,13.0617631
1790333953134651000,263.59465087890624,,1.7000000476837158,0.25999999046325684,1.7479465007781982,2.0829999446868896,4.210000038146973,,182,-57.60000228881836,80.1384447,13.0617184
1790333954161465000,264.6214650878906,,1.899999976158142,0.33000001311302185,1.7582145929336548,2.200000047683716,4.019999980926514,,179,-57.60000228881836,80.1384425,13.0616817
1790333955160033500,265.6200334472656,,2.299999952316284,0.28999999165534973,1.7682002782821655,2.299999952316284,3.559999942779541,,183,-57.60000228881836,80.1384375,13.0616514
1790333956135385600,266.5953854980469,,2.200000047683716,0.3100000023841858,1.777953863143921,2.5,3.7200000286102295,,181,-57.60000228881836,80.138439,13.0616203
1790333957156706300,267.61670629882815,,2.4000000953674316,0.3199999928474426,1.788167119026184,2.5829999446868896,4.21999979019165,,181,-57.60000228881836,80.1384405,13.0615857
1790333958149442600,268.6094426269531,,2,0.2800000011920929,1.798094391822815,2.799999952316284,4.190000057220459,,180,-57.60000228881836,80.1384478,13.0615467
1790333959139649500,269.5996494140625,,1.2999999523162842,0.23000000417232513,1.8079965114593506,2.8329999446868896,4.239999771118164,,179,-57.60000228881836,80.1384561,13.0615076
1790333960139534800,270.5995349121094,,2.0999999046325684,0.3100000023841858,1.817995309829712,2.8329999446868896,4.839999675750732,,178,-57.60000228881836,80.1384618,13.0614553
1790333961167862800,271.62786279296876,,1.600000023841858,0.28999999165534973,1.828278660774231,2.799999952316284,4.940000057220459,,179,-57.60000228881836,80.1384618,13.0614047
1790333962121647000,272.58164721679685,,2.5,0.5199999809265137,1.8378164768218994,2.75,5.099999904632568,,184,-57.60000228881836,80.1384543,13.0613558
1790333963140964600,273.60096459960937,,1.2999999523162842,0.3400000035762787,1.8480095863342285,2.6659998893737793,5.210000038146973,,188,-57.60000228881836,80.1384494,13.0613023
1790333964080683300,274.54068334960937,,2.200000047683716,0.30000001192092896,1.8574068546295166,2.5829999446868896,4.559999942779541,,202,-57.60000228881836,80.1384354,13.0612483
1790333965154390800,275.6143908691406,,2,0.28999999165534973,1.868143916130066,2.5,3.4600000381469727,,227,-57.60000228881836,80.1384007,13.0612234
1790333966137316000,276.5973161621094,,2.200000047683716,0.30000001192092896,1.877973198890686,2.5829999446868896,3.429999828338623,,240,-57.60000228881836,80.1383743,13.0612072
1790333967124376000,277.5843759765625,,1.2999999523162842,0.23999999463558197,1.8878437280654907,2.700000047683716,3.6499998569488525,,244,-57.60000228881836,80.138345,13.061189
1790333968129068500,278.5890686035156,,1.5,0.2800000011920929,2,2.75,3.9700000286102295,,248,-65,80.1383137,13.0611848
1790333969122658600,279.5826584472656,,1.899999976158142,0.3400000035762787,2,2.9000000953674316,4.409999847412109,,254,-65,80.1382763,13.061173
1790333970128700400,280.58870043945313,,1.5,0.33000001311302185,2,2.8329999446868896,4.710000038146973,,259,-65,80.1382239,13.0611535
1790333970954000000,281.4139997558594,,0,0,1,3.6579999923706055,0,,0,-56.900001525878906,80.1382239,13.0611535
1790333971103291100,281.563291015625,,1.100000023841858,0.4099999964237213,1.0014928579330444,3.493000030517578,5.75,,260,-56.900001525878906,80.1381607,13.0611406
1790333972118276400,282.5782763671875,,1.399999976158142,0.4699999988079071,1.0116428136825562,3.4210000038146973,6.759999752044678,,262,-56.900001525878906,80.1380916,13.0611309
1790333973152937700,283.61293774414065,,1.100000023841858,0.4699999988079071,1.021989345550537,3.4079999923706055,7.149999618530273,,263,-56.900001525878906,80.1380169,13.061125
1790333974071884800,284.531884765625,,1,0.4000000059604645,1.0311788320541382,3.2780001163482666,8.359999656677246,,265,-56.900001525878906,80.1379328,13.0611139
1790333975143341600,285.6033415527344,,0.6000000238418579,0.28999999165534973,1.0418933629989624,3.325000047683716,8.399999618530273,,266,-56.900001525878906,80.1378427,13.061115
1790333976133380900,286.593380859375,,0.5,0.41999998688697815,1.0517938137054443,2.5,8.679999351501465,,266,-56.900001525878906,80.1377518,13.0611119
1790333977146774500,287.6067744140625,,0.8999999761581421,0.4699999988079071,1.0619277954101562,2.5,9.969999313354492,,265,-56.900001525878906,80.1376563,13.0611041
1790333978144694800,288.60469482421877,,0.5,0.20000000298023224,1.0719069242477417,2.5,9.979999542236328,,266,-56.900001525878906,80.1375537,13.0610996
1790333979151339500,289.6113395996094,,0.5,0.3199999928474426,1.0819734334945679,2.5,10.010000228881836,,267,-56.900001525878906,80.1374542,13.0610942
1790333980158772000,290.61877197265625,,0.5,0.3199999928474426,1.0920476913452148,2.5,10.889999389648438,,265,-56.900001525878906,80.1373584,13.06109
1790333981172144400,291.6321442871094,,0.6000000238418579,0.3499999940395355,1.1021814346313477,2.5,11.429999351501465,,266,-56.900001525878906,80.1372442,13.0610847
1790333982123285000,292.5832849121094,,0.5,0.2800000011920929,1.1116929054260254,2.5,12.279999732971191,,268,-56.900001525878906,80.1371255,13.0610811
1790333983133463600,293.5934636230469,,0.30000001192092896,0.30000001192092896,1.121794581413269,2.5,12.329999923706055,,267,-56.900001525878906,80.1370094,13.0610754
1790333984128382000,294.5883818359375,,0.5,0.30000001192092896,1.1317437887191772,2.5,12.039999961853027,,266,-56.900001525878906,80.1368959,13.0610639
1790333985163546000,295.6235461425781,,0.4000000059604645,0.20999999344348907,1.1420954465866089,2.5,12.09000015258789,,266,-56.900001525878906,80.1367826,13.061058
1790333986145173000,296.60517309570315,,0.5,0.25999999046325684,1.151911735534668,2.5,12.300000190734863,,264,-56.900001525878906,80.136668,13.0610492
1790333987111257600,297.5712575683594,,0.5,0.23999999463558197,1.1615725755691528,2.5,12.649999618530273,,263,-56.900001525878906,80.1365553,13.0610376
1790333988155930600,298.6159306640625,,0.699999988079071,0.3499999940395355,1.172019362449646,2.5,12.960000038146973,,261,-56.900001525878906,80.1364387,13.0610184
1790333989139598000,299.5995981445312,,0.5,0.30000001192092896,1.1818560361862183,2.5,13.779999732971191,,260,-56.900001525878906,80.1363188,13.0609961
1790333990109329200,300.5693291015625,,0.4000000059604645,0.27000001072883606,1.1915532350540161,2.5,13.829999923706055,,260,-56.900001525878906,80.136187,13.0609798
1790333991159660500,301.6196606445312,,0.699999988079071,0.3499999940395355,1.202056646347046,2.5999999046325684,14,,259,-56.900001525878906,80.1360563,13.0609552
1790333992143463200,302.6034631347656,,0.4000000059604645,0.27000001072883606,1.2118946313858032,2.700000047683716,14.09999942779541,,259,-56.900001525878906,80.1359205,13.0609255
1790333993140409900,303.6004099121094,,1.399999976158142,0.6100000143051147,1.221864104270935,2.6659998893737793,15.569999694824219,,256,-56.900001525878906,80.135782,13.0608834
1790333994138681900,304.5986818847656,,0.699999988079071,0.4099999964237213,1.231846809387207,2.75,15.6899995803833,,253,-56.900001525878906,80.1356376,13.0608363
1790333995172528000,305.63252807617187,,0.8999999761581421,0.44999998807907104,1.2421852350234985,2.799999952316284,14.679999351501465,,249,-56.900001525878906,80.1355065,13.0607889
1790333996143257000,306.60325708007815,,0.4000000059604645,0.23999999463558197,1.2518925666809082,2.75,13.929999351501465,,248,-56.900001525878906,80.1353782,13.0607369
1790333997092337400,307.55233740234377,,0.30000001192092896,0.2199999988079071,1.2613834142684937,2.6659998893737793,13.130000114440918,,247,-56.900001525878906,80.1352603,13.0606868
1790333998145252400,308.60525244140626,,0.4000000059604645,0.2199999988079071,1.2719125747680664,2.5999999046325684,12.460000038146973,,246,-56.900001525878906,80.1351519,13.0606423
1790333999131771100,309.5917712402344,,0.4000000059604645,0.23999999463558197,1.2817777395248413,2.5829999446868896,11.279999732971191,,245,-56.900001525878906,80.1350508,13.0606011
1790334000145413000,310.6054130859375,,0.5,0.23000000417232513,1.2919141054153442,2.5,10.559999465942383,,245,-56.900001525878906,80.134958,13.0605581
1790334001090358300,311.5503581542969,,0.4000000059604645,0.1899999976158142,1.3013635873794556,2.4159998893737793,10.15999984741211,,246,-56.900001525878906,80.1348686,13.0605174
1790334002119947800,312.57994775390625,,0.4000000059604645,0.20999999344348907,1.3116594552993774,2.299999952316284,10.219999313354492,,247,-56.900001525878906,80.1347832,13.0604808
1790334003131372800,313.5913728027344,,0.30000001192092896,0.1599999964237213,1.3217737674713135,2.25,10.630000114440918,,247,-56.900001525878906,80.1346913,13.0604455
1790334004132150000,314.59214990234375,,0.4000000059604645,0.23000000417232513,1.3317815065383911,2.0999999046325684,10.719999313354492,,247,-56.900001525878906,80.1346022,13.0604072
1790334005139184000,315.59918408203123,,0.4000000059604645,0.23999999463558197,1.341851830482483,2.0829999446868896,11.6899995803833,,250,-56.900001525878906,80.1345076,13.0603716
1790334006157536000,316.61753588867185,,0.6000000238418579,0.23999999463558197,1.352035403251648,2,11.679999351501465,,250,-56.900001525878906,80.1344086,13.0603359
1790334007144924700,317.60492456054686,,0.5,0.28999999165534973,1.36190927028656,2,12.989999771118164,,246,-56.900001525878906,80.1343017,13.0602934
1790334008162072600,318.62207250976564,,0.4000000059604645,0.25,1.372080683708191,2,13.639999389648438,,244,-56.900001525878906,80.1341903,13.0602426
1790334009148885000,319.60888500976563,,0.5,0.23999999463558197,1.3819488286972046,2,13.59000015258789,,245,-56.900001525878906,80.134077,13.0601882
1790334010157314000,320.61731396484373,,0.30000001192092896,0.23999999463558197,1.3920331001281738,2,14.719999313354492,,243,-56.900001525878906,80.1339551,13.0601313
1790334011150553900,321.6105539550781,,0.30000001192092896,0.23000000417232513,1.4019654989242554,2,15.139999389648438,,244,-56.900001525878906,80.1338322,13.0600751
1790334012089681700,322.549681640625,,0.30000001192092896,0.20000000298023224,1.411356806755066,2,15.1899995803833,,244,-56.900001525878906,80.1337048,13.0600095
1790334013146813000,323.60681298828126,,0.30000001192092896,0.27000001072883606,1.4219281673431396,2,15.210000038146973,,244,-56.900001525878906,80.1335746,13.0599502
1790334014104895700,324.56489575195315,,0.30000001192092896,0.23999999463558197,1.4315088987350464,2,16.19999885559082,,244,-56.900001525878906,80.1334423,13.0598879
1790334015120462800,325.580462890625,,0.20000000298023224,0.20999999344348907,1.4416645765304565,2,16.3799991607666,,245,-56.900001525878906,80.1333004,13.0598251
1790334016097746700,326.55774658203126,,0.20000000298023224,0.20999999344348907,1.4514374732971191,2,16.75,,245,-56.900001525878906,80.1331566,13.0597639
1790334017132066600,327.5920666503906,,0.20000000298023224,0.17000000178813934,1.4617806673049927,2,16.989999771118164,,245,-56.900001525878906,80.1330138,13.0596985
1790334018164661500,328.62466162109376,,0.20000000298023224,0.1599999964237213,1.4721065759658813,2,17.1299991607666,,245,-56.900001525878906,80.1328704,13.0596373
1790334019156532700,329.61653271484374,,0.20000000298023224,0.18000000715255737,1.482025384902954,2,17.43000030517578,,245,-56.900001525878906,80.132724,13.0595748
1790334020132395500,330.5923955078125,,0.10000000149011612,0.15000000596046448,1.4917839765548706,2,17.579999923706055,,245,-56.900001525878906,80.1325782,13.0595022
1790334021125758200,331.58575830078127,,0.20000000298023224,0.1599999964237213,1.5017175674438477,2,17.719999313354492,,245,-56.900001525878906,80.1324281,13.0594377
1790334022085857500,332.545857421875,,0.20000000298023224,0.18000000715255737,1.511318564414978,2,17.84000015258789,,246,-56.900001525878906,80.1322763,13.0593778
1790334023137247500,333.5972475585937,,0.10000000149011612,0.14000000059604645,1.5218324661254883,2,17.989999771118164,,245,-56.900001525878906,80.1321272,13.0593085
1790334024138039300,334.5980393066406,,0.10000000149011612,0.1599999964237213,1.531840443611145,2,18.079999923706055,,245,-56.900001525878906,80.1319753,13.0592395
1790334025148862500,335.60886254882814,,0.20000000298023224,0.1899999976158142,1.541948676109314,2,18.06999969482422,,246,-56.900001525878906,80.1318209,13.0591739
1790334026152719400,336.6127192382813,,0.20000000298023224,0.1899999976158142,1.5519871711730957,2,18.239999771118164,,245,-56.900001525878906,80.1316696,13.0591079
1790334027093545700,337.5535456542969,,0.20000000298023224,0.17000000178813934,1.5613954067230225,2,18.469999313354492,,245,-56.900001525878906,80.1315173,13.0590395
1790334028132839000,338.5928388671875,,0.20000000298023224,0.1899999976158142,1.5717884302139282,2,18.399999618530273,,246,-56.900001525878906,80.131364,13.0589684
1790334029083541000,339.543541015625,,0.20000000298023224,0.23999999463558197,1.581295371055603,2,17.309999465942383,,247,-56.900001525878906,80.1312125,13.0589006
1790334030143933200,340.60393310546874,,0.30000001192092896,0.25999999046325684,1.5918992757797241,2,16.690000534057617,,247,-56.900001525878906,80.131068,13.0588396
1790334031117646300,341.5776462402344,,0.699999988079071,0.3499999940395355,1.6016364097595215,2,15.9399995803833,,246,-56.900001525878906,80.1309292,13.0587819
1790334032151839700,342.61183984375,,0.30000001192092896,0.2199999988079071,1.6119784116744995,2,15.15999984741211,,244,-56.900001525878906,80.1307975,13.0587262
1790334033163580700,343.62358056640625,,0.30000001192092896,0.20000000298023224,1.6220958232879639,2,14.729999542236328,,243,-56.900001525878906,80.1306768,13.0586673
1790334034111151600,344.5711516113281,,0.30000001192092896,0.23000000417232513,1.6315715312957764,2,13.949999809265137,,243,-56.900001525878906,80.1305562,13.0586112
1790334035113160000,345.57315991210936,,0.4000000059604645,0.2199999988079071,1.6415915489196777,2,13.739999771118164,,243,-56.900001525878906,80.1304404,13.0585548
1790334036102519800,346.5625197753906,,0.4000000059604645,0.23000000417232513,1.6514852046966553,2,12.90999984741211,,245,-56.900001525878906,80.130331,13.0585049
1790334037138521600,347.598521484375,,0.30000001192092896,0.18000000715255737,1.6618452072143555,2,12.40999984741211,,245,-56.900001525878906,80.1302218,13.0584573
1790334038149055200,348.60905517578124,,0.4000000059604645,0.20999999344348907,1.6719505786895752,2,11.75999927520752,,245,-56.900001525878906,80.1301216,13.0584156
1790334039124148700,349.5841486816406,,0.4000000059604645,0.20000000298023224,1.6817015409469604,2,11.219999313354492,,245,-56.900001525878906,80.1300255,13.058373
1790334040154277600,350.6142775878906,,0.4000000059604645,0.1899999976158142,1.692002773284912,2,10.630000114440918,,246,-56.900001525878906,80.1299324,13.058331
1790334041142059800,351.6020598144531,,0.5,0.23999999463558197,1.7018805742263794,2,10.489999771118164,,246,-56.900001525878906,80.1298444,13.0582938
1790334042144122600,352.60412255859376,,0.5,0.2199999988079071,1.7119011878967285,2,9.279999732971191,,244,-56.900001525878906,80.1297606,13.0582571
1790334043141109800,353.60110986328124,,0.699999988079071,0.25,1.7218711376190186,2,8.970000267028809,,241,-56.900001525878906,80.1296889,13.0582219
1790334044136425000,354.5964250488281,,1.2000000476837158,0.30000001192092896,1.731824278831482,2,6.559999942779541,,240,-56.900001525878906,80.1296291,13.0581877
1790334045147647700,355.60764770507814,,0.8999999761581421,0.2199999988079071,1.741936445236206,2,5.449999809265137,,242,-56.900001525878906,80.1295818,13.0581625
1790334046158403600,356.6184035644531,,1.2999999523162842,0.25,1.7520440816879272,2,5.130000114440918,,243,-56.900001525878906,80.1295371,13.058143
1790334047147692800,357.6076928710938,,1.899999976158142,0.25,1.761936902999878,2,3.369999885559082,,243,-56.900001525878906,80.1295073,13.0581264
1790334048152742400,358.61274243164064,,3.9000000953674316,0.36000001430511475,1.7719874382019043,2.0999999046325684,2.1499998569488525,,246,-56.900001525878906,80.1294857,13.0581193
1790334049136173000,359.59617309570314,,3.0999999046325684,0.23000000417232513,1.7818217277526855,2.1659998893737793,1.959999918937683,,249,-56.900001525878906,80.1294704,13.0581145
1790334050142161400,360.6021613769531,,2.9000000953674316,0.20000000298023224,1.7918815612792969,2.25,1.9499999284744263,,247,-56.900001525878906,80.1294544,13.0581098
1790334051139470800,361.5994709472656,,3.799999952316284,0.2800000011920929,1.8018547296524048,2.4159998893737793,1.8199999332427979,,254,-56.900001525878906,80.1294364,13.0581111
1790334052137693700,362.5976936035156,,4.199999809265137,0.3100000023841858,1.8118369579315186,2.5829999446868896,2,,273,-56.900001525878906,80.1294205,13.0581124
1790334053135822000,363.59582202148437,,3.5,0.2800000011920929,1.821818232536316,2.75,2,,266,-56.900001525878906,80.1294037,13.0581166
1790334054137353500,364.597353515625,,2.4000000953674316,0.25,1.8318334817886353,2.9000000953674316,2.2899999618530273,,261,-56.900001525878906,80.1293819,13.0581128
1790334055079802400,365.53980224609376,,2.5,0.3400000035762787,1.8412580490112305,2.9159998893737793,2.690000057220459,,254,-56.900001525878906,80.1293569,13.0581078
1790334056106054100,366.56605419921874,,2.299999952316284,0.30000001192092896,1.8515205383300781,3,3.8999998569488525,,249,-56.900001525878906,80.129327,13.0581001
1790334057142917400,367.60291748046876,,1.7999999523162842,0.25999999046325684,1.861889123916626,3,4.309999942779541,,249,-56.900001525878906,80.1292918,13.0580835
1790334058106355500,368.56635546875,,1.399999976158142,0.25999999046325684,1.8715234994888306,2.9159998893737793,4.489999771118164,,251,-56.900001525878906,80.1292404,13.058066
1790334059134833700,369.5948337402344,,1.899999976158142,0.2800000011920929,1.8818082809448242,2.8329999446868896,4.659999847412109,,250,-56.900001525878906,80.1291893,13.0580471
1790334060137931500,370.597931640625,,2.200000047683716,0.3199999928474426,2,2.799999952316284,4.799999713897705,,247,-68,80.1291417,13.0580234
1790334061104795000,371.564794921875,,1.399999976158142,0.30000001192092896,2,2.75,4.5,,244,-68,80.1290932,13.0579914
1790334062126038300,372.5860383300781,,2.5,0.3499999940395355,2,2.6659998893737793,2.990000009536743,,245,-67,80.1290615,13.0579637
1790334063137348400,373.5973483886719,,4.400000095367432,0.3100000023841858,2,2.700000047683716,1.409999966621399,,244,-67,80.129044,13.0579534
1790334064130028800,374.59002880859373,,2.9000000953674316,0.17000000178813934,2,2.75,1.4399999380111694,,241,-67,80.129031,13.0579428
1790334065114882300,375.5748823242188,,2.9000000953674316,0.2199999988079071,2,2.8329999446868896,1.5799999237060547,,247,-67,80.1290159,13.0579304
1790334066149858800,376.60985888671877,,2.5,0.1599999964237213,2,2.9000000953674316,1.5199999809265137,,242,-68,80.1290025,13.0579208
1790334067122717700,377.5827177734375,,3.0999999046325684,0.2199999988079071,2,2.9159998893737793,1.6799999475479126,,235,-68,80.1289904,13.0579097
1790334068137128700,378.59712866210936,,3.0999999046325684,0.27000001072883606,2,3,2.240000009536743,,237,-68,80.1289737,13.0578947
1790334069127496200,379.58749609375,,1.7999999523162842,0.2199999988079071,2,3,2.809999942779541,,238,-68,80.1289541,13.0578754
1790334070102189300,380.56218920898436,,1.7999999523162842,0.23000000417232513,2,3,2.75,,239,-69,80.128935,13.05786
1790334071116263400,381.5762634277344,,1.899999976158142,0.23000000417232513,2,3,2.629999876022339,,237,-69,80.128915,13.0578478
1790334072095229700,382.5552297363281,,1.399999976158142,0.17000000178813934,2,3,2.549999952316284,,237,-69,80.1288961,13.0578359
1790334073137733000,383.59773315429686,,2.200000047683716,0.20999999344348907,2,3,2.419999837875366,,237,-69,80.128876,13.0578214
1790334074128383200,384.58838330078123,,2.0999999046325684,0.20000000298023224,2,3,2.0799999237060547,,234,-69,80.1288593,13.0578078
1790334075128662800,385.58866284179686,,2.0999999046325684,0.1899999976158142,2,3,2.0899999141693115,,233,-69,80.1288402,13.0578018
1790334076137796400,386.59779638671876,,1.600000023841858,0.15000000596046448,2,3,2.0199999809265137,,234,-69,80.1288266,13.0577893
1790334077152516600,387.6125166015625,,2.200000047683716,0.17000000178813934,2,3,1.8899999856948853,,236,-68,80.1288157,13.0577806
1790334078121248300,388.58124829101564,,1.899999976158142,0.18000000715255737,2,3,1.8700000047683716,,238,-68,80.128801,13.0577751
1790334079133030000,389.59302978515626,,2.5,0.25999999046325684,2,3,2.5199999809265137,,240,-68,80.1287806,13.0577621
1790334080136718800,390.59671875,,1.600000023841858,0.20000000298023224,2,3,2.690000057220459,,241,-68,80.1287543,13.0577509
1790334081123466000,391.58346606445315,,1.7000000476837158,0.2199999988079071,2,2.9159998893737793,3.129999876022339,,238,-68,80.1287289,13.0577349
1790334082095713800,392.5557138671875,,1.399999976158142,0.2199999988079071,2,2.8329999446868896,3.2699999809265137,,239,-69,80.1287049,13.0577224
1790334083145578000,393.60557788085936,,1.899999976158142,0.28999999165534973,2,2.799999952316284,3.559999942779541,,244,-68,80.1286756,13.0577078
1790334084145340400,394.60534033203123,,1.600000023841858,0.25999999046325684,2,2.700000047683716,3.629999876022339,,243,-68,80.1286448,13.0576951
1790334085137062400,395.5970625,,1.600000023841858,0.27000001072883606,2,2.700000047683716,3.93999981880188,,245,-68,80.1286077,13.0576854
1790334086139124000,396.5991240234375,,1.600000023841858,0.23999999463558197,2,2.799999952316284,4.269999980926514,,242,-68,80.128569,13.0576699
1790334087148017400,397.6080173339844,,1.7999999523162842,0.2800000011920929,2,2.799999952316284,4.829999923706055,,239,-68,80.1285148,13.0576564
1790334088104311600,398.5643115234375,,1,0.2199999988079071,2,2.75,5.299999713897705,,238,-67,80.1284772,13.0576267
1790334089103478800,399.56347875976564,,0.8999999761581421,0.20999999344348907,2,2.5829999446868896,5.259999752044678,,236,-67,80.128439,13.0575975
1790334090141744000,400.601744140625,,1.600000023841858,0.33000001311302185,2,2.4000000953674316,5.489999771118164,,235,-67,80.1283927,13.0575698
1790334091144652000,401.6046520996094,,0.800000011920929,0.20999999344348907,2,2.200000047683716,6.529999732971191,,236,-67,80.1283474,13.0575392
1790334092164853200,402.62485327148437,,0.6000000238418579,0.1899999976158142,2,2.0999999046325684,6.929999828338623,,235,-67,80.1282922,13.0575044
1790334093158693400,403.618693359375,,0.6000000238418579,0.20000000298023224,1,2,7.21999979019165,,234,-66,80.1282387,13.0574591
1790334094152083500,404.61208349609376,,0.8999999761581421,0.27000001072883606,1,2,7.199999809265137,,233,-67,80.1281809,13.0574167
1790334095151731000,405.6117309570312,,0.699999988079071,0.25999999046325684,1,2,8.639999389648438,,236,-67,80.1281192,13.0573761
1790334096156497700,406.6164975585938,,0.6000000238418579,0.23000000417232513,1,2,9.170000076293945,,235,-67,80.128049,13.0573288
1790334097148078800,407.6080788574219,,0.5,0.2199999988079071,1,2,9.609999656677246,,234,-67,80.1279795,13.0572814
1790334098123850500,408.5838505859375,,0.800000011920929,0.30000001192092896,1,2,10.219999313354492,,233,-67,80.1278989,13.0572297
1790334099160556000,409.62055615234374,,0.800000011920929,0.2800000011920929,1,2,10.6899995803833,,232,-68,80.1278168,13.0571705
1790334100157633800,410.6176337890625,,0.699999988079071,0.33000001311302185,1,2,11.329999923706055,,229,-68,80.127738,13.0571047
1790334101162214000,411.6222138671875,,0.6000000238418579,0.25999999046325684,1,2,11.460000038146973,,229,-67,80.1276564,13.0570377
1790334102132706000,412.5927060546875,,0.699999988079071,0.3199999928474426,2,2.0829999446868896,11.819999694824219,,227,-67,80.1275773,13.0569624
1790334103169695200,413.6296953125,,0.5,0.2800000011920929,1,2.0999999046325684,12.619999885559082,,228,-68,80.1274928,13.0568841
1790334104137235200,414.59723510742185,,0.30000001192092896,0.1599999964237213,1,2.0829999446868896,12.789999961853027,,228,-68,80.1274001,13.0568049
1790334105141518600,415.6015185546875,,0.30000001192092896,0.17000000178813934,1,2.0829999446868896,13.15999984741211,,228,-67,80.1273075,13.0567276
1790334106164616000,416.62461596679685,,0.20000000298023224,0.1899999976158142,1,2.0999999046325684,13.4399995803833,,229,-67,80.1272149,13.0566502
1790334107166856700,417.6268566894531,,0.20000000298023224,0.17000000178813934,1,2,13.539999961853027,,230,-67,80.127121,13.0565736
1790334108151910700,418.61191064453124,,0.20000000298023224,0.1599999964237213,1,2,13.739999771118164,,229,-67,80.1270291,13.0564911
1790334109159030000,419.6190300292969,,0.20000000298023224,0.1599999964237213,1,2,13.949999809265137,,229,-67,80.1269319,13.0564096
1790334110144621800,420.60462182617186,,0.30000001192092896,0.17000000178813934,1,2,14.079999923706055,,229,-67,80.1268324,13.0563241
1790334111169193500,421.629193359375,,0.30000001192092896,0.1899999976158142,1,2,14.389999389648438,,229,-67,80.1267305,13.0562398
1790334112141797600,422.6017976074219,,0.4000000059604645,0.23999999463558197,1,2,14.529999732971191,,230,-67,80.1266245,13.056156
1790334113069623800,423.52962377929686,,0.5,0.25,1,2,14.679999351501465,,231,-66,80.1265176,13.0560733
1790334114124032000,424.5840319824219,,0.5,0.3100000023841858,1,2,14.960000038146973,,229,-66,80.1264112,13.0559847
1790334115138222800,425.5982229003906,,0.5,0.36000001430511475,1,2.0829999446868896,15.139999389648438,,230,-65,80.1263056,13.0558939
1790334116154747100,426.6147470703125,,0.4000000059604645,0.3199999928474426,1,2.1659998893737793,15.449999809265137,,228,-65,80.1261989,13.0557962
1790334117160967200,427.62096728515627,,0.30000001192092896,0.23999999463558197,1,2.200000047683716,15.579999923706055,,229,-64,80.1260918,13.0557004
1790334118068732700,428.5287326660156,,0.30000001192092896,0.25,2,2.25,15.619999885559082,,230,-64,80.1259821,13.0556104
1790334119129089800,429.58908984375,,0.30000001192092896,0.25,1,2.299999952316284,15.639999389648438,,230,-64,80.1258748,13.0555199
1790334120149530400,430.6095302734375,,0.20000000298023224,0.2199999988079071,2,2.200000047683716,15.670000076293945,,229,-63,80.1257612,13.0554284
1790334121147792400,431.60779248046873,,0.10000000149011612,0.12999999523162842,2,2.1659998893737793,15.729999542236328,,230,-63,80.1256507,13.0553371
1790334122144347400,432.60434741210935,,0.30000001192092896,0.20000000298023224,1,2.0829999446868896,15.789999961853027,,232,-63,80.1255398,13.0552466
1790334123075814000,433.5358139648437,,0.30000001192092896,0.23999999463558197,1,2,15.549999237060547,,234,-62,80.1254221,13.055164
1790334124089313300,434.54931323242187,,0.4000000059604645,0.2800000011920929,1,2,15.170000076293945,,236,-62,80.1253097,13.0550848
1790334125129783300,435.589783203125,,0.4000000059604645,0.23000000417232513,1,2,14.710000038146973,,242,-62,80.1251923,13.0550162
1790334126094205700,436.5542058105469,,0.5,0.23999999463558197,1,2,14.619999885559082,,244,-62,80.125072,13.0549605
1790334127115354400,437.5753542480469,,0.4000000059604645,0.2800000011920929,1,2.0829999446868896,14.420000076293945,,252,-61,80.124946,13.0549241
1790334128123624700,438.5836247558594,,0.30000001192092896,0.27000001072883606,1,2.200000047683716,14.229999542236328,,255,-61,80.1248182,13.0548884
1790334129095457800,439.5554577636719,,0.4000000059604645,0.27000001072883606,2,2.299999952316284,14.670000076293945,,256,-61,80.1246858,13.054856
1790334130071908600,440.5319086914063,,0.30000001192092896,0.20000000298023224,2,2.3329999446868896,14.799999237060547,,256,-61,80.1245537,13.0548244
1790334131077309000,441.53730883789063,,0.4000000059604645,0.28999999165534973,1,2.3329999446868896,14.949999809265137,,256,-61,80.124418,13.0547956
1790334132086212900,442.546212890625,,0.5,0.28999999165534973,1,2.3329999446868896,15.049999237060547,,256,-61,80.1242844,13.0547642
1790334133109889500,443.5698896484375,,0.4000000059604645,0.28999999165534973,2,2.25,15.15999984741211,,256,-62,80.1241502,13.0547321
1790334134139907000,444.5999069824219,,0.4000000059604645,0.2800000011920929,1,2.0999999046325684,15.309999465942383,,257,-62,80.1240127,13.0546981
1790334135090689000,445.55068896484374,,0.4000000059604645,0.27000001072883606,1,2,15.25,,257,-62,80.1238759,13.0546672
1790334136085601500,446.5456015625,,0.5,0.2800000011920929,1,2,14.739999771118164,,259,-62,80.1237391,13.0546414
1790334137106124500,447.5661245117187,,0.30000001192092896,0.25,1,2,13.929999351501465,,260,-62,80.1236111,13.054614
1790334138082223400,448.54222338867186,,0.30000001192092896,0.25,1,2,13.369999885559082,,258,-62,80.1234877,13.0545959
1790334139118050600,449.5780505371094,,0.4000000059604645,0.27000001072883606,1,2,12.809999465942383,,258,-63,80.1233701,13.0545709
1790334140098474800,450.55847485351563,,0.699999988079071,0.3700000047683716,2,2,13.049999237060547,,259,-63,80.1232572,13.0545482
1790334141086288000,451.54628784179687,,0.4000000059604645,0.2800000011920929,1,2,13.019999504089355,,263,-63,80.1231389,13.0545335
1790334142111486700,452.57148681640626,,0.5,0.3199999928474426,2,2.0999999046325684,13.199999809265137,,266,-63,80.1230162,13.0545239
1790334143111897600,453.57189770507813,,0.5,0.3400000035762787,1,2.0999999046325684,13.179999351501465,,267,-63,80.1228943,13.0545179
1790334144157389800,454.6173898925781,,0.699999988079071,0.38999998569488525,1,2.0999999046325684,13.40999984741211,,269,-62,80.1227723,13.0545123
1790334145154451200,455.614451171875,,0.6000000238418579,0.3799999952316284,1,2.0999999046325684,13.50999927520752,,269,-62,80.1226464,13.0545099
1790334146117392100,456.5773920898437,,0.800000011920929,0.4399999976158142,1,2.200000047683716,13.769999504089355,,273,-61,80.1225166,13.0545076
1790334147148303600,457.6083037109375,,0.699999988079071,0.46000000834465027,2,2.200000047683716,14.380000114440918,,278,-60,80.1223791,13.0545166
1790334148165103000,458.62510302734376,,0.699999988079071,0.3700000047683716,2,2.299999952316284,14.09000015258789,,277,-60,80.1222398,13.0545261
1790334149150483500,459.6104833984375,,0.800000011920929,0.46000000834465027,2,2.3329999446868896,14,,278,-59,80.1221051,13.0545433
1790334150150006500,460.6100065917969,,0.699999988079071,0.6100000143051147,2,2.5,14.09000015258789,,278,-59,80.1219716,13.0545691
1790334151115673300,461.5756733398438,,1.100000023841858,0.6000000238418579,2,2.6659998893737793,16.75,,286,-59,80.1218275,13.054615
1790334152133498600,462.59349853515624,,0.4000000059604645,0.3499999940395355,2,2.75,16.15999984741211,,289,-59,80.1216845,13.0546827
1790334153108726800,463.5687268066406,,0.20000000298023224,0.25,2,2.75,16.399999618530273,,288,-59,80.1215398,13.0547409
1790334154159930400,464.6199304199219,,0.20000000298023224,0.20999999344348907,2,2.799999952316284,16.579999923706055,,288,-60,80.1213943,13.0547924
1790334155146075100,465.6060751953125,,0.20000000298023224,0.20000000298023224,2,2.75,16.479999542236328,,288,-59,80.1212478,13.0548397
1790334156138134800,466.598134765625,,0.20000000298023224,0.23000000417232513,2,2.5999999046325684,16.329999923706055,,288,-60,80.1211036,13.054886
1790334157127540000,467.5875400390625,,0.30000001192092896,0.30000001192092896,2,2.5,16.25,,288,-60,80.1209549,13.0549382
1790334158143881200,468.6038811035156,,0.10000000149011612,0.18000000715255737,2,2.299999952316284,16.219999313354492,,288,-61,80.1208103,13.0549854
1790334159140275000,469.60027490234376,,0.20000000298023224,0.20999999344348907,2,2.25,15.90999984741211,,288,-61,80.1206677,13.0550323
1790334160117664300,470.5776643066406,,0.20000000298023224,0.2800000011920929,2,2.1659998893737793,15.239999771118164,,289,-61,80.1205336,13.0550781
1790334161157631000,471.617630859375,,0.30000001192092896,0.28999999165534973,2,2.0999999046325684,14.559999465942383,,289,-62,80.1204046,13.0551188
1790334162113885700,472.5738857421875,,0.20000000298023224,0.2199999988079071,2,2.1659998893737793,14.309999465942383,,288,-62,80.1202785,13.0551638
1790334163149666600,473.6096665039062,,0.30000001192092896,0.20999999344348907,2,2.299999952316284,14.059999465942383,,288,-62,80.1201577,13.0552031
1790334164068788200,474.5287883300781,,0.20000000298023224,0.2199999988079071,2,2.3329999446868896,13.899999618530273,,288,-62,80.1200385,13.0552387
1790334165119019800,475.57901977539063,,0.30000001192092896,0.27000001072883606,2,2.5,13.579999923706055,,288,-62,80.119917,13.0552788
1790334166128911600,476.58891162109376,,0.5,0.28999999165534973,2,2.4159998893737793,13.829999923706055,,286,-62,80.1197927,13.0553159
1790334167126364200,477.5863642578125,,0.30000001192092896,0.2199999988079071,2,2.299999952316284,13.799999237060547,,286,-62,80.1196668,13.0553547
1790334168137163800,478.5971638183594,,0.30000001192092896,0.20999999344348907,2,2.25,13.34000015258789,,286,-62,80.1195451,13.0553909
1790334169159073800,479.61907373046876,,0.30000001192092896,0.2199999988079071,2,2.0999999046325684,13.139999389648438,,287,-62,80.1194299,13.0554259
1790334170175887400,480.63588745117187,,0.30000001192092896,0.23000000417232513,2,2,12.949999809265137,,287,-62,80.1193146,13.055461
1790334171148244200,481.608244140625,,0.30000001192092896,0.20999999344348907,2,2,12.889999389648438,,287,-62,80.1192027,13.0554954
1790334172124031000,482.5840310058594,,0.20000000298023224,0.17000000178813934,2,2,12.829999923706055,,287,-62,80.1190897,13.0555296
1790334173143795000,483.603794921875,,0.20000000298023224,0.18000000715255737,2,2,12.6899995803833,,287,-62,80.1189759,13.0555673
1790334174132489500,484.59248950195314,,0.20000000298023224,0.1899999976158142,2,2,12.649999618530273,,286,-62,80.1188704,13.0556019
1790334175103367000,485.56336694335937,,0.20000000298023224,0.17000000178813934,1,2,12.59000015258789,,286,-62,80.1187602,13.0556362
1790334176127062300,486.5870622558594,,0.30000001192092896,0.23000000417232513,1,2,12.550000190734863,,286,-62,80.1186516,13.0556696
1790334177158702000,487.6187021484375,,0.20000000298023224,0.15000000596046448,1,2,12.699999809265137,,286,-62,80.1185425,13.0556972
1790334178159422000,488.619421875,,0.4000000059604645,0.25999999046325684,1,2,12.899999618530273,,286,-62,80.1184329,13.0557256
1790334179152974600,489.612974609375,,0.30000001192092896,0.20000000298023224,1,2,12.769999504089355,,286,-62,80.1183195,13.0557602
1790334180151798000,490.61179809570314,,0.30000001192092896,0.20999999344348907,1,2,12.9399995803833,,287,-62,80.118205,13.055798
1790334181144583000,491.6045830078125,,0.20000000298023224,0.18000000715255737,1,2,13.039999961853027,,287,-62,80.1180905,13.0558338
1790334182146115300,492.606115234375,,0.30000001192092896,0.25,1,2,12.989999771118164,,287,-61,80.1179746,13.0558704
1790334183152000500,493.61200048828124,,0.30000001192092896,0.23999999463558197,1,2,12,,287,-61,80.1178637,13.0559043
1790334184143839500,494.6038395996094,,0.20000000298023224,0.1899999976158142,1,2,11.84999942779541,,288,-62,80.1177621,13.055931
1790334185150461400,495.61046142578124,,0.20000000298023224,0.1899999976158142,1,2,11.809999465942383,,287,-62,80.1176636,13.0559662
1790334186147346200,496.60734619140624,,0.30000001192092896,0.20000000298023224,1,2,12.149999618530273,,286,-61,80.1175598,13.0559997
1790334187135291000,497.5952907714844,,0.4000000059604645,0.20000000298023224,2,2.0829999446868896,12.289999961853027,,287,-61,80.1174479,13.0560325
1790334188155894800,498.61589477539064,,0.30000001192092896,0.20999999344348907,2,2.0999999046325684,12.170000076293945,,286,-61,80.1173386,13.0560666
1790334189134442000,499.59444189453126,,0.5,0.23999999463558197,2,2.1659998893737793,12.00999927520752,,286,-62,80.117232,13.0560952
1790334190148803800,500.60880395507814,,0.30000001192092896,0.1899999976158142,1,2.1659998893737793,11.710000038146973,,286,-62,80.1171229,13.0561234
1790334191128320800,501.5883208007813,,0.20000000298023224,0.18000000715255737,1,2.1659998893737793,11.649999618530273,,286,-62,80.1170171,13.0561532
1790334192141437200,502.60143725585937,,0.30000001192092896,0.15000000596046448,1,2.0999999046325684,11.75999927520752,,287,-62,80.1169171,13.0561834
1790334193141193500,503.601193359375,,0.20000000298023224,0.17000000178813934,1,2.0829999446868896,11.899999618530273,,287,-62,80.1168116,13.0562088
1790334194125747500,504.58574755859377,,0.30000001192092896,0.20999999344348907,1,2.0829999446868896,11.920000076293945,,287,-62,80.1167003,13.0562394
1790334195084102100,505.54410205078125,,0.30000001192092896,0.2199999988079071,2,2.0829999446868896,11.949999809265137,,287,-62,80.1165952,13.056271
1790334196156686000,506.61668603515625,,0.30000001192092896,0.30000001192092896,2,2.200000047683716,11.960000038146973,,286,-62,80.1164917,13.0562989
1790334197148385300,507.60838525390625,,0.30000001192092896,0.2199999988079071,2,2.299999952316284,11.639999389648438,,287,-62,80.1163884,13.0563349
1790334198148926700,508.6089267578125,,0.4000000059604645,0.27000001072883606,2,2.4000000953674316,11.109999656677246,,288,-62,80.1162889,13.056363
1790334199110589700,509.5705895996094,,0.30000001192092896,0.18000000715255737,1,2.3329999446868896,10.90999984741211,,287,-62,80.1161941,13.056392
1790334200152204500,510.61220458984377,,0.30000001192092896,0.20999999344348907,1,2.299999952316284,10.84999942779541,,287,-63,80.1161029,13.0564251
1790334201147174400,511.60717431640626,,0.4000000059604645,0.20999999344348907,1,2.25,10.760000228881836,,287,-62,80.1160134,13.0564564
1790334202147149000,512.6071491699219,,0.30000001192092896,0.1599999964237213,1,2.1659998893737793,10.809999465942383,,288,-62,80.1159176,13.0564898
1790334203149747700,513.6097478027343,,0.30000001192092896,0.17000000178813934,1,2,10.84000015258789,,287,-61,80.1158234,13.056523
1790334204169937400,514.6299375,,0.5,0.23999999463558197,1,2,10.979999542236328,,286,-61,80.1157238,13.0565536
1790334205145911000,515.6059111328125,,0.6000000238418579,0.3199999928474426,1,2,11.010000228881836,,284,-61,80.1156252,13.0565813
1790334206140238000,516.6002380371094,,0.30000001192092896,0.1899999976158142,2,2.0829999446868896,11.34999942779541,,284,-60,80.1155259,13.0566057
1790334207076852700,517.5368527832031,,0.30000001192092896,0.18000000715255737,2,2.0829999446868896,11.309999465942383,,283,-61,80.1154262,13.0566335
1790334208116807000,518.5768068847656,,0.30000001192092896,0.2199999988079071,2,2.0829999446868896,11.579999923706055,,284,-60,80.1153229,13.0566546
1790334209139839700,519.59983984375,,0.30000001192092896,0.23000000417232513,2,2.0829999446868896,11.559999465942383,,284,-60,80.1152227,13.0566797
1790334210162482200,520.6224821777344,,0.30000001192092896,0.2199999988079071,2,2.200000047683716,11.800000190734863,,282,-60,80.1151182,13.0567054
1790334211094100000,521.5540998535156,,0.4000000059604645,0.27000001072883606,2,2.25,12.050000190734863,,279,-60,80.1150151,13.0567286
1790334212109584600,522.5695847167968,,0.30000001192092896,0.20000000298023224,1,2.200000047683716,12.460000038146973,,279,-60,80.1149018,13.0567487
1790334213149986300,523.609986328125,,0.20000000298023224,0.18000000715255737,1,2.200000047683716,12.779999732971191,,279,-59,80.1147848,13.0567703
1790334214074367700,524.5343676757813,,0.4000000059604645,0.23000000417232513,1,2.1659998893737793,12.899999618530273,,278,-59,80.1146693,13.0567859
1790334215140303600,525.6003037109375,,0.4000000059604645,0.33000001311302185,1,2.1659998893737793,13.319999694824219,,277,-59,80.1145467,13.0567997
1790334216136636000,526.5966359863281,,0.5,0.3100000023841858,1,2,13.799999237060547,,274,-58,80.1144242,13.0568091
1790334217091684000,527.5516840820312,,0.4000000059604645,0.36000001430511475,2,2.0829999446868896,13.739999771118164,,274,-58,80.114297,13.0568135
1790334218150570500,528.6105705566406,,0.6000000238418579,0.38999998569488525,2,2.200000047683716,14.25999927520752,,273,-58,80.1141613,13.0568173
1790334219154328300,529.6143283691406,,0.4000000059604645,0.28999999165534973,2,2.299999952316284,14.84999942779541,,271,-58,80.1140223,13.0568214
1790334220150063400,530.6100634765625,,0.4000000059604645,0.33000001311302185,2,2.4000000953674316,15.949999809265137,,269,-58,80.1138731,13.0568192
1790334221141545700,531.6015456542968,,0.20000000298023224,0.20000000298023224,2,2.5,15.979999542236328,,268,-58,80.1137242,13.0568161
1790334222134310000,532.5943098144531,,0.30000001192092896,0.28999999165534973,2,2.5999999046325684,16.03999900817871,,267,-59,80.113571,13.0568093
1790334223144179500,533.6041794433594,,0.30000001192092896,0.28999999165534973,2,2.5829999446868896,16.270000457763672,,267,-59,80.1134161,13.0568013
1790334224136809500,534.5968095703125,,0.20000000298023224,0.23999999463558197,2,2.5829999446868896,16.520000457763672,,267,-59,80.1132644,13.0567872
1790334225147144200,535.6071442871093,,0.20000000298023224,0.23000000417232513,2,2.5,16.60999870300293,,266,-60,80.1131084,13.0567787
1790334226153683200,536.6136831054688,,0.4000000059604645,0.2800000011920929,2,2.5,16.899999618530273,,265,-60,80.1129481,13.0567655
1790334227152401400,537.6124013671875,,0.20000000298023224,0.23000000417232513,1,2.299999952316284,17.020000457763672,,265,-60,80.1127903,13.056747
1790334228167937000,538.6279370117187,,0.20000000298023224,0.1899999976158142,2,2.299999952316284,17.06999969482422,,265,-60,80.1126338,13.0567305
1790334229155187000,539.6151870117187,,0.30000001192092896,0.23999999463558197,2,2.299999952316284,17.119998931884766,,266,-61,80.1124782,13.0567159
1790334230134700300,540.5947001953125,,0.20000000298023224,0.2199999988079071,2,2.3329999446868896,17.619998931884766,,267,-61,80.1123163,13.0567072
1790334231150000000,541.6100002441407,,0.20000000298023224,0.23000000417232513,2,2.4159998893737793,17.709999084472656,,267,-62,80.1121517,13.0567003
1790334232143634000,542.6036340332031,,0.20000000298023224,0.23000000417232513,2,2.4159998893737793,16.979999542236328,,268,-62,80.1119912,13.056698
1790334233138402600,543.5984025878906,,0.10000000149011612,0.1599999964237213,2,2.5,17.020000457763672,,268,-63,80.1118341,13.056692
1790334234143209200,544.6032092285157,,0.10000000149011612,0.1599999964237213,2,2.5,17.059999465942383,,268,-63,80.1116775,13.0566906
1790334235168153000,545.6281530761719,,0.20000000298023224,0.1899999976158142,2,2.4000000953674316,17.03999900817871,,269,-63,80.1115158,13.0566874
1790334236111218700,546.57121875,,0.20000000298023224,0.1899999976158142,2,2.3329999446868896,17.010000228881836,,269,-64,80.1113571,13.0566852
1790334237151751200,547.6117512207031,,0.20000000298023224,0.18000000715255737,2,2.200000047683716,16.93000030517578,,269,-64,80.1112046,13.0566867
1790334238141155000,548.6011550292968,,0.20000000298023224,0.20000000298023224,1,2.0999999046325684,16.94999885559082,,270,-64,80.1110497,13.0566865
1790334239089455400,549.5494553222657,,0.20000000298023224,0.17000000178813934,1,2.0829999446868896,16.940000534057617,,270,-64,80.1108952,13.0566899
1790334240104829700,550.5648295898437,,0.20000000298023224,0.20000000298023224,1,2,16.93000030517578,,272,-64,80.1107392,13.0566945
1790334241141870600,551.6018706054688,,0.20000000298023224,0.15000000596046448,1,2,16.8799991607666,,272,-64,80.1105828,13.0567013
1790334242148969200,552.6089692382812,,0.30000001192092896,0.2800000011920929,1,2,16.84000015258789,,271,-64,80.1104281,13.0567045
1790334243143444700,553.6034448242187,,0.10000000149011612,0.15000000596046448,1,2,16.869998931884766,,272,-64,80.1102729,13.0567075
1790334244147203300,554.6072033691406,,0.20000000298023224,0.18000000715255737,1,2,16.90999984741211,,272,-64,80.1101163,13.056714
1790334245128545000,555.588544921875,,0.20000000298023224,0.23999999463558197,1,2,16.81999969482422,,273,-64,80.1099611,13.0567235
1790334246136405500,556.5964055175781,,0.20000000298023224,0.27000001072883606,2,2,16.65999984741211,,274,-64,80.1098037,13.0567348
1790334247132692500,557.5926923828125,,0.20000000298023224,0.20999999344348907,1,2.0829999446868896,16.579999923706055,,274,-64,80.109648,13.0567461
1790334248148702500,558.6087023925782,,0.30000001192092896,0.28999999165534973,2,2.200000047683716,16.459999084472656,,273,-64,80.1094959,13.0567554
1790334249131712300,559.5917121582031,,0.30000001192092896,0.3199999928474426,2,2.25,16.28999900817871,,273,-64,80.1093429,13.0567598
1790334250141774300,560.6017744140624,,0.800000011920929,0.4399999976158142,2,2.4000000953674316,15.769999504089355,,273,-64,80.1092,13.0567726
1790334251159193300,561.619193359375,,0.5,0.3799999952316284,2,2.5,14.989999771118164,,275,-64,80.1090574,13.0567879
1790334252146474000,562.6064738769531,,0.30000001192092896,0.2800000011920929,2,2.5,14.90999984741211,,274,-64,80.1089233,13.0568019
1790334253154494700,563.6144946289063,,0.30000001192092896,0.27000001072883606,2,2.5,15.25,,274,-63,80.1087873,13.0568196
1790334254134003200,564.5940031738281,,0.4000000059604645,0.33000001311302185,2,2.5,15.339999198913574,,273,-63,80.1086507,13.0568318
1790334255145090800,565.6050908203125,,0.30000001192092896,0.25,2,2.5,15.589999198913574,,271,-63,80.1085068,13.0568358
1790334256156728300,566.6167282714844,,0.5,0.2800000011920929,2,2.5,15.75,,272,-63,80.1083604,13.0568403
1790334257155254000,567.61525390625,,0.5,0.30000001192092896,2,2.5,15.559999465942383,,274,-63,80.1082178,13.0568508
1790334258095765500,568.555765625,,0.20000000298023224,0.20000000298023224,2,2.4159998893737793,15.6899995803833,,275,-64,80.1080731,13.0568651
1790334259135755500,569.5957556152343,,0.20000000298023224,0.2199999988079071,2,2.299999952316284,16.09000015258789,,276,-64,80.1079272,13.0568796
1790334260147816200,570.6078161621094,,0.20000000298023224,0.20000000298023224,2,2.200000047683716,16.209999084472656,,276,-64,80.1077792,13.0568962
1790334261112074000,571.5720739746093,,0.20000000298023224,0.1899999976158142,1,2.1659998893737793,16.329999923706055,,276,-64,80.1076283,13.0569107
1790334262146836200,572.6068361816406,,0.20000000298023224,0.20000000298023224,2,2.0829999446868896,16.600000381469727,,276,-64,80.1074767,13.0569301
1790334263123936800,573.5839367675782,,0.10000000149011612,0.17000000178813934,1,2,16.69999885559082,,276,-64,80.1073227,13.0569503
1790334264145533700,574.6055336914062,,0.20000000298023224,0.20000000298023224,1,2,17,,276,-64,80.1071644,13.0569652
1790334265144272100,575.6042722167969,,0.20000000298023224,0.23000000417232513,1,2,17.239999771118164,,276,-64,80.1070043,13.0569817
1790334266126483000,576.5864829101563,,0.20000000298023224,0.23000000417232513,2,2,17.329999923706055,,276,-63,80.10685,13.0569972
1790334267150847200,577.6108471679687,,0.20000000298023224,0.20999999344348907,1,2,17.60999870300293,,276,-63,80.1066881,13.0570155
1790334268167102500,578.6271025390625,,0.20000000298023224,0.25,1,2,17.510000228881836,,275,-63,80.1065252,13.0570372
1790334269150874000,579.6108740234375,,0.30000001192092896,0.23999999463558197,1,2,17.770000457763672,,275,-63,80.1063631,13.0570571
1790334270128004400,580.5880043945313,,0.20000000298023224,0.25,1,2,18.28999900817871,,275,-63,80.1061944,13.0570681
1790334271084619500,581.5446196289063,,0.20000000298023224,0.20999999344348907,1,2,18.469999313354492,,275,-63,80.1060236,13.057083
1790334272119310600,582.579310546875,,0.10000000149011612,0.20999999344348907,1,2,18.6299991607666,,274,-63,80.1058515,13.0570953
1790334273144271000,583.6042709960938,,0.10000000149011612,0.1899999976158142,1,2,18.829999923706055,,274,-63,80.1056759,13.0571056
1790334274151477200,584.6114772949219,,0.10000000149011612,0.1899999976158142,1,2,18.899999618530273,,273,-64,80.1055011,13.0571169
1790334275150532000,585.6105319824219,,0.10000000149011612,0.18000000715255737,1,2,18.68000030517578,,273,-64,80.1053265,13.0571305
1790334276159703800,586.6197038574219,,0.10000000149011612,0.20000000298023224,2,2.0999999046325684,18.75,,274,-64,80.1051504,13.0571453
1790334277154287000,587.614287109375,,0.10000000149011612,0.17000000178813934,2,2.200000047683716,18.81999969482422,,274,-64,80.1049763,13.0571575
1790334278146300700,588.60630078125,,0.20000000298023224,0.23999999463558197,2,2.299999952316284,18.85999870300293,,273,-64,80.1047999,13.0571656
1790334279161959400,589.6219594726563,,0.30000001192092896,0.33000001311302185,2,2.4000000953674316,19.010000228881836,,272,-64,80.1046192,13.0571723
1790334280114480400,590.57448046875,,0.10000000149011612,0.1899999976158142,2,2.4159998893737793,19.09000015258789,,272,-64,80.1044409,13.0571781
1790334281104557000,591.5645571289062,,0.10000000149011612,0.1899999976158142,2,2.5,19.170000076293945,,272,-64,80.1042551,13.0571881
1790334282155019800,592.6150197753906,,0.20000000298023224,0.1899999976158142,2,2.5,19.229999542236328,,272,-64,80.1040772,13.0571975
1790334283145857000,593.6058569335937,,0.20000000298023224,0.3100000023841858,2,2.5,19.309999465942383,,272,-64,80.1038978,13.0572028
1790334284145706200,594.6057062988282,,0.30000001192092896,0.4000000059604645,2,2.5829999446868896,19.19999885559082,,272,-64,80.1037177,13.0572146
1790334285121408300,595.581408203125,,0.20000000298023224,0.25,2,2.5999999046325684,18.969999313354492,,272,-65,80.1035346,13.0572208
1790334286142676700,596.6026767578124,,0.20000000298023224,0.27000001072883606,2,2.5999999046325684,17.989999771118164,,272,-65,80.1033657,13.0572262
1790334287151647000,597.6116469726562,,0.30000001192092896,0.28999999165534973,2,2.5829999446868896,17.520000457763672,,273,-65,80.1032029,13.0572366
1790334288136285700,598.5962856445312,,0.20000000298023224,0.30000001192092896,2,2.5829999446868896,17.239999771118164,,273,-65,80.1030458,13.057246
1790334289145978600,599.605978515625,,0.30000001192092896,0.27000001072883606,2,2.5,15.799999237060547,,273,-65,80.1028919,13.0572542
1790334290153040600,600.6130405273437,,0.20000000298023224,0.1899999976158142,2,2.5,15.569999694824219,,273,-65,80.1027503,13.0572646
1790334291127933400,601.5879333496093,,0.30000001192092896,0.28999999165534973,2,2.5,14.699999809265137,,272,-65,80.1026103,13.0572698
1790334292141542700,602.6015427246094,,0.30000001192092896,0.23999999463558197,2,2.5,14.109999656677246,,271,-66,80.1024799,13.0572703
1790334293097948700,603.5579487304688,,0.30000001192092896,0.23999999463558197,2,2.5,13.619999885559082,,272,-66,80.1023539,13.0572755
1790334294139643000,604.5996428222657,,0.30000001192092896,0.20999999344348907,2,2.4159998893737793,13.420000076293945,,271,-66,80.1022294,13.0572807
1790334295147694600,605.6076945800781,,0.30000001192092896,0.2199999988079071,2,2.3329999446868896,13.5,,270,-66,80.1021088,13.0572854
1790334296140812000,606.6008120117187,,0.4000000059604645,0.27000001072883606,2,2.299999952316284,13.279999732971191,,269,-66,80.1019872,13.0572798
1790334297090115800,607.5501157226563,,0.30000001192092896,0.2199999988079071,2,2.3329999446868896,12.609999656677246,,268,-66,80.1018726,13.0572765
1790334298147664000,608.6076638183594,,0.30000001192092896,0.27000001072883606,2,2.299999952316284,11.979999542236328,,267,-66,80.1017576,13.0572729
1790334299120945200,609.5809450683594,,0.4000000059604645,0.3100000023841858,2,2.3329999446868896,11.429999351501465,,266,-66,80.10165,13.0572675
1790334300132869400,610.5928693847657,,0.4000000059604645,0.25999999046325684,2,2.4159998893737793,10.880000114440918,,264,-66,80.1015507,13.05726
1790334301142716200,611.6027160644531,,0.30000001192092896,0.20000000298023224,2,2.5,10.479999542236328,,264,-66,80.1014551,13.0572484
1790334302121968600,612.58196875,,0.4000000059604645,0.20999999344348907,2,2.5,10.029999732971191,,264,-65,80.1013625,13.0572379
1790334303097453800,613.5574538574218,,0.4000000059604645,0.18000000715255737,2,2.5,9.969999313354492,,263,-65,80.1012757,13.0572299
1790334304117848800,614.5778488769531,,0.4000000059604645,0.20000000298023224,1,2.4159998893737793,9.960000038146973,,262,-65,80.101186,13.0572174
1790334305133048800,615.593048828125,,0.4000000059604645,0.2199999988079071,2,2.4000000953674316,9.920000076293945,,260,-65,80.1010972,13.0572055
1790334306153565400,616.6135654296875,,0.4000000059604645,0.20000000298023224,2,2.4000000953674316,9.859999656677246,,261,-65,80.1010076,13.0571903
1790334307133357600,617.5933576660157,,0.699999988079071,0.27000001072883606,2,2.4000000953674316,9.40999984741211,,263,-65,80.1009181,13.0571808
1790334308149096200,618.6090961914063,,0.4000000059604645,0.20000000298023224,2,2.4000000953674316,8.920000076293945,,264,-65,80.1008332,13.0571717
1790334309117884700,619.577884765625,,0.6000000238418579,0.23999999463558197,2,2.5,8.949999809265137,,261,-65,80.1007492,13.0571618
1790334310154492700,620.6144926757812,,0.699999988079071,0.30000001192092896,2,2.5,8.729999542236328,,260,-66,80.1006684,13.0571477
1790334311104488400,621.5644885253906,,0.8999999761581421,0.3100000023841858,2,2.5,7.87999963760376,,256,-66,80.1005985,13.0571315
1790334312151149600,622.6111496582031,,1.100000023841858,0.3400000035762787,2,2.5,7.62999963760376,,254,-67,80.1005343,13.0571133
1790334313154656000,623.6146560058594,,1.5,0.3400000035762787,2,2.5,6.71999979019165,,256,-67,80.1004751,13.0570961
1790334314130649900,624.5906499023438,,1.7999999523162842,0.3799999952316284,2,2.5999999046325684,6.049999713897705,,259,-67,80.1004218,13.0570799
1790334315160978700,625.6209787597656,,0.6000000238418579,0.25,2,2.700000047683716,6,,259,-66,80.100368,13.0570633
1790334316141591600,626.6015915527344,,1.2999999523162842,0.3199999928474426,2,2.799999952316284,4.71999979019165,,256,-66,80.1003202,13.0570484
1790334317159669000,627.6196689453125,,2.200000047683716,0.3199999928474426,2,2.9000000953674316,3.3399999141693115,,257,-66,80.1002839,13.0570305
1790334318158578700,628.6185786132812,,3.0999999046325684,0.3100000023841858,2,3,2.450000047683716,,252,-66,80.1002603,13.0570238
1790334319128367000,629.5883671875,,3.0999999046325684,0.25999999046325684,2,3,2.3999998569488525,,248,-66,80.1002413,13.0570165
1790334320126624000,630.5866240234375,,3.200000047683716,0.3499999940395355,2,3,2.3899998664855957,,249,-66,80.1002213,13.0570073
1790334321154826200,631.614826171875,,4.199999809265137,0.3400000035762787,2,3,2.309999942779541,,259,-66,80.1001994,13.0570027
1790334322128501500,632.5885014648437,,2.700000047683716,0.25,2,3,2.5999999046325684,,260,-66,80.1001777,13.0569976
1790334323126485800,633.5864858398437,,3.200000047683716,0.3199999928474426,2,3.0829999446868896,2.509999990463257,,265,-66,80.1001534,13.0569975
1790334324134780700,634.5947807617188,,5.800000190734863,0.38999998569488525,2,3.200000047683716,1.059999942779541,,260,-66,80.1001411,13.0569913
1790334325112292000,635.5722919921875,,8.100000381469727,0.3700000047683716,2,3.1659998893737793,1.0399999618530273,,241,-65,80.1001369,13.0569887
1790334326140297200,636.6002971191406,,0,0.05999999865889549,2,3.1659998893737793,0,,0,-65,80.1001385,13.0569886
1790334327134489300,637.5944892578125,,0,0.029999999329447746,2,3.200000047683716,0,,0,-65,80.1001385,13.0569886
1790334328144283100,638.604283203125,,0,0.03999999910593033,2,3.0999999046325684,0,,0,-65,80.1001385,13.0569886
1790334328301000000,638.761,,0,0,1.9072779417037964,3.240000009536743,0,,0,-51.70000076293945,80.1001385,13.0569886
1790334329136502500,639.5965024414063,,0,0.019999999552965164,1.915632963180542,3.1559998989105225,0,,0,-51.70000076293945,80.1001385,13.0569886
1790334330133596400,640.5935964355468,,0,0.05000000074505806,1.9256038665771484,3.1559998989105225,0,,0,-51.70000076293945,80.1001385,13.0569886
1790334331132901600,641.5929016113281,,0,0.07999999821186066,1.9355969429016113,3.134000062942505,0,,0,-51.70000076293945,80.1001385,13.0569886
1790334332137288000,642.5972878417969,,0,0.05000000074505806,1.9456408023834229,3.1559998989105225,0,,0,-51.70000076293945,80.1001385,13.0569886
1790334333118638000,643.5786381835937,,12.899999618530273,0.14000000059604645,1.9554543495178223,3.134000062942505,0.1599999964237213,,233,-51.70000076293945,80.1001383,13.0569921
1790334334140857300,644.600857421875,,0,0.07999999821186066,1.9656765460968018,3,0,,0,-51.70000076293945,80.1001377,13.056992
1790334335132464600,645.5924645996093,,13,0.25,1.9755926132202148,3,0.4899999797344208,,233,-51.70000076293945,80.1001361,13.0569982
1790334336141998600,646.6019985351562,,13,0.20999999344348907,1.9856879711151123,3,0.7899999618530273,,233,-51.70000076293945,80.1001291,13.0570016
1790334337142424300,647.6024243164062,,19,0.3400000035762787,1.9956921339035034,3,1.209999918937683,,233,-51.70000076293945,80.1001151,13.0570031
1790334337665000000,648.125,,0,0,2.7091197967529297,6.482999801635742,0,,0,-51.60000228881836,80.1001151,13.0570031
1790334338144886500,648.6048864746094,,26.399999618530273,0.2199999988079071,2.713918685913086,6.400000095367432,1.409999966621399,,233,-51.60000228881836,80.1000959,13.057
1790334339147943000,649.6079428710938,,10,0.3100000023841858,2.7239491939544678,6.400000095367432,0.8299999833106995,,240,-51.60000228881836,80.1000799,13.0569945
1790334340119716600,650.5797165527343,,8.600000381469727,0.2800000011920929,2.7336668968200684,5.914000034332275,0.5799999833106995,,243,-51.60000228881836,80.1000681,13.0569852
1790334341138344200,651.5983442382812,,4.199999809265137,0.23999999463558197,2.7438533306121826,5.914000034332275,1.149999976158142,,199,-51.60000228881836,80.1000615,13.0569797
1790334342145576000,652.6055759277343,,5.400000095367432,0.3700000047683716,2.7539255619049072,6.400000095367432,1.6100000143051147,,207,-51.60000228881836,80.1000511,13.0569619
1790334343134590000,653.59458984375,,4.400000095367432,0.30000001192092896,2.7638156414031982,2.9159998893737793,1.6699999570846558,,224,-51.60000228881836,80.1000365,13.0569548
1790334344125370400,654.5853703613282,,3.799999952316284,0.3100000023841858,2.773723602294922,3,2.1399998664855957,,248,-51.60000228881836,80.1000152,13.0569472
1790334345142394000,655.6023940429687,,2.5,0.20000000298023224,2.7838938236236572,3,1.8600000143051147,,252,-51.60000228881836,80.1000001,13.0569421
1790334346138838800,656.5988388671875,,4.800000190734863,0.36000001430511475,2.793858289718628,3,1.0699999332427979,,258,-51.60000228881836,80.0999827,13.0569371
1790334347125312300,657.5853122558593,,9,0.33000001311302185,2.803722858428955,3,0.1899999976158142,,265,-51.60000228881836,80.0999758,13.0569354
1790334348122795800,658.5827956542969,,0,0.07000000029802322,1.2685929536819458,3,0,,0,-51.60000228881836,80.0999759,13.0569356
1790334349136699400,659.5966994628906,,0,0.05999999865889549,1.2787320613861084,3,0,,0,-51.60000228881836,80.0999759,13.0569356
1790334350122656800,660.5826567382812,,0,0.07000000029802322,1.2885916233062744,3,0,,0,-51.60000228881836,80.0999759,13.0569356
1790334351142713600,661.6027136230468,,0,0.03999999910593033,1.2987921237945557,3,0,,0,-51.60000228881836,80.0999759,13.0569356
1790334352134652400,662.59465234375,,14.300000190734863,0.18000000715255737,1.3087115287780762,3,0.23999999463558197,,265,-51.60000228881836,80.0999732,13.0569372
1790334353130545200,663.5905451660157,,14.300000190734863,0.14000000059604645,1.3186705112457275,3,0.23999999463558197,,265,-51.60000228881836,80.0999711,13.0569412
1790334354133908500,664.5939084472657,,0,0.07999999821186066,1.3287041187286377,3,0,,0,-51.60000228881836,80.0999704,13.0569409
1790334355145006800,665.6050068359375,,0,0.019999999552965164,1.3388150930404663,3,0,,0,-51.60000228881836,80.0999704,13.0569409
1790334356138144300,666.5981442871093,,0,0.019999999552965164,1.348746418952942,3,0,,0,-51.60000228881836,80.0999704,13.0569409
1790334356271000000,666.731,,0,0,2.420509099960327,3.884999990463257,0,,0,-51.60000228881836,80.0999704,13.0569409
1790334357092524800,667.5525249023437,,0,0.019999999552965164,2.4287242889404297,3.759000062942505,0,,0,-51.60000228881836,80.0999704,13.0569409
1790334358146295600,668.6062956542969,,0,0.019999999552965164,2.4392621517181396,3.802000045776367,0,,0,-51.60000228881836,80.0999704,13.0569409
1790334359133186000,669.5931860351562,,0,0.009999999776482582,2.4491310119628906,3.687000036239624,0,,0,-51.60000228881836,80.0999704,13.0569409
1790334360134380500,670.5943806152344,,0,0.019999999552965164,2.4591429233551025,3.615999937057495,0,,0,-51.60000228881836,80.0999704,13.0569409
1790334361125095200,671.5850952148437,,0,0.009999999776482582,2.469050168991089,3.5439999103546143,0,,0,-51.60000228881836,80.0999704,13.0569409
1790334362153881600,672.6138815917968,,0,0.009999999776482582,2.4793379306793213,2.5999999046325684,0,,0,-51.60000228881836,80.0999704,13.0569409
1790334363140497000,673.6004968261718,,0,0.009999999776482582,2.489204168319702,2.6659998893737793,0,,0,-51.60000228881836,80.0999704,13.0569409
1790334364126996200,674.5869963378906,,0,0.029999999329447746,2.4990689754486084,2.6659998893737793,0,,0,-51.60000228881836,80.0999704,13.0569409
1790334365142293000,675.60229296875,,0,0.07000000029802322,2.5092220306396484,2.700000047683716,0,,0,-51.60000228881836,80.0999704,13.0569409
1790334365657000000,676.117,,0,0,1.0916107892990112,6.181000232696533,0,,0,-51.80000305175781,80.0999704,13.0569409
1790334366135285200,676.59528515625,,0,0.05000000074505806,1.0963935852050781,6.263999938964844,0,,0,-51.80000305175781,80.0999704,13.0569409
1790334367132864000,677.5928640136718,,0,0.009999999776482582,1.1063693761825562,5.797999858856201,0,,0,-51.80000305175781,80.0999704,13.0569409
1790334368098885000,678.5588850097656,,0,0.03999999910593033,1.1160296201705933,5.86899995803833,0,,0,-51.80000305175781,80.0999704,13.0569409
1790334369127626800,679.5876267089844,,0,0.03999999910593033,1.126317024230957,6.3480000495910645,0,,0,-51.80000305175781,80.0999704,13.0569409
1790334370142343700,680.60234375,,0,0.07999999821186066,1.136464238166809,6.263999938964844,0,,0,-51.80000305175781,80.0999704,13.0569409
1790334371108163000,681.5681630859375,,20.799999237060547,0.20000000298023224,1.1461224555969238,2.75,0.11999999731779099,,265,-51.80000305175781,80.0999746,13.056945
1790334372156086800,682.6160866699219,,20.799999237060547,0.2199999988079071,1.1566016674041748,2.5999999046325684,0.38999998569488525,,265,-51.80000305175781,80.0999719,13.0569444
1790334373142820600,683.6028205566406,,28,0.1899999976158142,1.1664689779281616,2.5,0.44999998807907104,,265,-51.80000305175781,80.0999655,13.0569433
1790334374118599700,684.578599609375,,36.400001525878906,0.2199999988079071,1.1762267351150513,2.5,0.6899999976158142,,265,-51.80000305175781,80.0999585,13.056943
1790334375103062300,685.5630622558593,,45.400001525878906,0.18000000715255737,1.1860713958740234,2.5,0.4699999988079071,,265,-51.80000305175781,80.0999537,13.0569382
1790334375239000000,685.699,,0,0,1,3.4059998989105225,0,,0,-51.60000228881836,80.0999537,13.0569382
1790334376131233000,686.5912329101562,,55,0.20000000298023224,1.0089223384857178,3.4059998989105225,0.14000000059604645,,265,-51.60000228881836,80.0999468,13.0569414
1790334377136124000,687.5961240234375,,0,0.029999999329447746,1.0189712047576904,3.2760000228881836,0,,0,-51.60000228881836,80.0999465,13.0569409
1790334378137889500,688.5978896484374,,0,0.019999999552965164,1.0289888381958008,3.3480000495910645,0,,0,-51.60000228881836,80.0999465,13.0569409
1790334379135036700,689.5950366210938,,0,0.019999999552965164,1.038960337638855,3.489000082015991,0,,0,-51.60000228881836,80.0999465,13.0569409
1790334380122820900,690.5828208007813,,0,0.019999999552965164,1.0488382577896118,3.489000082015991,0,,0,-51.60000228881836,80.0999465,13.0569409
1790334381128139500,691.5881394042968,,0,0.019999999552965164,1.0588914155960083,2.6659998893737793,0,,0,-51.60000228881836,80.0999465,13.0569409
1790334382142341400,692.6023413085937,,0,0.019999999552965164,1.0690333843231201,2.799999952316284,0,,0,-51.60000228881836,80.0999465,13.0569409
1790334383110562300,693.5705622558594,,0,0.019999999552965164,1.0787156820297241,2.8329999446868896,0,,0,-51.60000228881836,80.0999465,13.0569409
1790334384108219600,694.5682197265625,,0,0.019999999552965164,1.0886921882629395,2.8329999446868896,0,,0,-51.60000228881836,80.0999465,13.0569409
1790334384507000000,694.967,,0,0,1.7309333086013794,5.574999809265137,0,,0,-51.60000228881836,80.0999465,13.0569409
1790334385125182200,695.5851821289062,,0,0.019999999552965164,1.7371151447296143,5.6579999923706055,0,,0,-51.60000228881836,80.0999465,13.0569409
1790334386138282000,696.5982819824219,,0,0.009999999776482582,1.7472461462020874,5.6579999923706055,0,,0,-51.60000228881836,80.0999465,13.0569409
1790334387135608000,697.5956081542969,,0,0.009999999776482582,1.7572194337844849,5.2779998779296875,0,,0,-51.60000228881836,80.0999465,13.0569409
1790334388134524700,698.5945246582031,,0,0.019999999552965164,1.7672085762023926,5.6579999923706055,0,,0,-51.60000228881836,80.0999465,13.0569409
1790334389125548500,699.5855485839844,,0,0.019999999552965164,1.7771188020706177,5.574999809265137,0,,0,-51.60000228881836,80.0999465,13.0569409
1790334390140135700,700.6001357421875,,0,0.019999999552965164,1.7872647047042847,2.9000000953674316,0,,0,-51.60000228881836,80.0999465,13.0569409
1790334391134357000,701.5943569335938,,0,0.009999999776482582,1.7972068786621094,2.8329999446868896,0,,0,-51.60000228881836,80.0999465,13.0569409
1790334392135494100,702.595494140625,,0,0.009999999776482582,1.8072181940078735,2.8329999446868896,0,,0,-51.60000228881836,80.0999465,13.0569409
1790334393128728000,703.5887280273438,,0,0.009999999776482582,1.817150592803955,2.75,0,,0,-51.60000228881836,80.0999465,13.0569409
1790334393798000000,704.2580002441406,,0,0,3.396122455596924,7.127999782562256,0,,0,-51.70000076293945,80.0999465,13.0569409
1790334394095033000,704.555033203125,,0,0.009999999776482582,3.399092674255371,6.538000106811523,0,,0,-51.70000076293945,80.0999465,13.0569409
1790334395131833600,705.5918334960937,,0,0.019999999552965164,3.4094607830047607,6.610000133514404,0,,0,-51.70000076293945,80.0999465,13.0569409
1790334396131803600,706.5918037109375,,0,0.029999999329447746,3.4194605350494385,6.610000133514404,0,,0,-51.70000076293945,80.0999465,13.0569409
1790334397135760000,707.595759765625,,0,0.009999999776482582,3.429500102996826,7.295000076293945,0,,0,-51.70000076293945,80.0999465,13.0569409
1790334398113044000,708.5730439453125,,0,0.009999999776482582,3.439272880554199,6.610000133514404,0,,0,-51.70000076293945,80.0999465,13.0569409
1790334399100379600,709.5603796386719,,0,0.019999999552965164,3.449146270751953,2.799999952316284,0,,0,-51.70000076293945,80.0999465,13.0569409
1790334400138759200,710.5987592773438,,0,0.009999999776482582,3.4595301151275635,2.799999952316284,0,,0,-51.70000076293945,80.0999465,13.0569409
1790334401140664300,711.6006643066406,,0,0.009999999776482582,3.4695491790771484,2.799999952316284,0,,0,-51.70000076293945,80.0999465,13.0569409
1790334402128806000,712.5888059082031,,0,0.009999999776482582,3.4794304370880127,2.8329999446868896,0,,0,-51.70000076293945,80.0999465,13.0569409
1790334403087702500,713.5477026367188,,0,0.009999999776482582,3.4890193939208984,2.8329999446868896,0,,0,-51.70000076293945,80.0999465,13.0569409
1790334403180000000,713.64,,0,0,1.8593295812606812,3.5309998989105225,0,,0,-51.70000076293945,80.0999465,13.0569409
1790334404132040000,714.5920400390625,,0,0.009999999776482582,1.8688499927520752,3.615000009536743,0,,0,-51.70000076293945,80.0999465,13.0569409
1790334405125284000,715.5852841796875,,0,0.009999999776482582,1.8787823915481567,3.5269999504089355,0,,0,-51.70000076293945,80.0999465,13.0569409
1790334406150119400,716.6101193847657,,0,0.019999999552965164,1.8890308141708374,3.615000009536743,0,,0,-51.70000076293945,80.0999465,13.0569409
1790334407121048000,717.5810480957032,,0,0.019999999552965164,1.8987400531768799,3.5269999504089355,0,,0,-51.70000076293945,80.0999465,13.0569409
1790334408146391000,718.6063911132812,,0,0.019999999552965164,1.9089934825897217,3.615000009536743,0,,0,-51.70000076293945,80.0999465,13.0569409
1790334409128224500,719.588224609375,,0,0.019999999552965164,1.9188117980957031,3,0,,0,-51.70000076293945,80.0999465,13.0569409
1790334410117924000,720.5779240722657,,0,0.009999999776482582,1.928708791732788,3,0,,0,-51.70000076293945,80.0999465,13.0569409
1790334411157601800,721.6176018066407,,0,0.009999999776482582,1.9391056299209595,3,0,,0,-51.70000076293945,80.0999465,13.0569409
1790334412124512300,722.5845122070313,,0,0.009999999776482582,1.9487746953964233,3,0,,0,-51.70000076293945,80.0999465,13.0569409
1790334412436000000,722.896,,0,0,1.164158582687378,5.076000213623047,0,,0,-51.60000228881836,80.0999465,13.0569409
1790334413153547500,723.6135476074219,,0,0.009999999776482582,1.1713340282440186,5.076000213623047,0,,0,-51.60000228881836,80.0999465,13.0569409
1790334414133698000,724.5936979980469,,0,0.009999999776482582,1.1811355352401733,5.076000213623047,0,,0,-51.60000228881836,80.0999465,13.0569409
1790334415121502200,725.5815021972656,,0,0.009999999776482582,1.1910135746002197,5.076000213623047,0,,0,-51.60000228881836,80.0999465,13.0569409
1790334416137073200,726.5970732421875,,0,0.009999999776482582,1.2011693716049194,4.7789998054504395,0,,0,-51.60000228881836,80.0999465,13.0569409
1790334417139296000,727.5992958984375,,0,0.009999999776482582,1.2111915349960327,5.076000213623047,0,,0,-51.60000228881836,80.0999465,13.0569409
1790334418141797000,728.6017971191407,,0,0.009999999776482582,1.2212165594100952,3,0,,0,-51.60000228881836,80.0999465,13.0569409
1790334419130142700,729.5901428222656,,0,0.029999999329447746,1.2310999631881714,3,0,,0,-51.60000228881836,80.0999465,13.0569409
1790334420140969200,730.6009692382812,,0,0.029999999329447746,1.2412083148956299,3,0,,0,-51.60000228881836,80.0999465,13.0569409
1790334421107254300,731.5672541503907,,0,0.019999999552965164,1.250871181488037,3,0,,0,-51.60000228881836,80.0999465,13.0569409
1790334421646000000,732.1060002441407,,0,0,3.0406250953674316,6.591000080108643,0,,0,-51.60000228881836,80.0999465,13.0569409
1790334422109039900,732.5690397949219,,0,0.019999999552965164,3.045255422592163,6.078000068664551,0,,0,-51.60000228881836,80.0999465,13.0569409
1790334423147818200,733.607818359375,,0,0.019999999552965164,3.055643320083618,6.591000080108643,0,,0,-51.60000228881836,80.0999465,13.0569409
1790334424151856600,734.6118566894531,,0,0.019999999552965164,3.065683603286743,6.507999897003174,0,,0,-51.60000228881836,80.0999465,13.0569409
1790334425149295000,735.6092951660156,,0,0.019999999552965164,3.075658082962036,6.423999786376953,0,,0,-51.60000228881836,80.0999465,13.0569409
1790334426140211500,736.6002114257813,,0,0.029999999329447746,3.0855672359466553,6.423999786376953,0,,0,-51.60000228881836,80.0999465,13.0569409
1790334427137234000,737.5972338867188,,65.4000015258789,0.17000000178813934,3.0955374240875244,2.799999952316284,0.10999999940395355,,265,-51.60000228881836,80.0999461,13.0569358
1790334428091305200,738.5513051757813,,65.4000015258789,0.18000000715255737,3.1050782203674316,2.8329999446868896,0.11999999731779099,,265,-51.60000228881836,80.0999408,13.0569342
1790334429089509600,739.5495095214844,,76.0999984741211,0.3799999952316284,3.1150600910186768,2.8329999446868896,1.409999966621399,,265,-51.60000228881836,80.0999316,13.0569245
1790334430068981000,740.5289809570312,,0,0.2199999988079071,3.124854803085327,2.9159998893737793,0.07999999821186066,,0,-51.60000228881836,80.0999274,13.0569185
1790334430834000000,741.2939997558594,,0,0,1.1560710668563843,8.100000381469727,0,,0,-51.70000076293945,80.0999274,13.0569185
1790334431116169500,741.5761694335938,,0,0.07999999821186066,1.1588927507400513,7.370999813079834,0,,0,-51.70000076293945,80.0999276,13.0569187
1790334432079405300,742.5394052734375,,0,0.20999999344348907,1.1685250997543335,7.370999813079834,0.05999999865889549,,0,-51.70000076293945,80.0999277,13.0569165
1790334433110319900,743.5703198242187,,0,0.029999999329447746,1.178834319114685,8.182999610900879,0,,0,-51.70000076293945,80.0999276,13.0569161
