time,seconds_elapsed,z,y,x
1790341541084665300,0.122665283203125,1.0480842590332031,1.0120429992675781,0.21842527389526367
1790341541101071000,0.139071044921875,0.9894490242004395,0.8688178062438965,0.10235905647277832
1790341541117539800,0.155539794921875,0.8491253852844238,0.8206372261047363,0.18222498893737793
1790341541134009300,0.17200927734375,0.8436989784240723,0.7285246849060059,0.28001832962036133
1790341541150503000,0.1885029296875,0.7896947860717773,0.5379290580749512,0.34409165382385254
1790341541166972200,0.20497216796875,0.46251392364501953,0.4045238494873047,0.4486476182937622
1790341541183443200,0.221443115234375,0.2706880569458008,0.3558807373046875,0.47057044506073
1790341541199942100,0.237942138671875,-0.0348358154296875,0.3023242950439453,0.2190866470336914
1790341541216413700,0.25441357421875,-0.3218979835510254,0.22100067138671875,-0.18265962600708008
1790341541232913400,0.270913330078125,-0.47759437561035156,0.23571395874023438,-0.44307994842529297
1790341541249385000,0.287385009765625,-0.6510295867919922,0.34408140182495117,-0.4630885124206543
1790341541265780500,0.303780517578125,-0.8072648048400879,0.38193464279174805,-0.3357236385345459
1790341541282278700,0.320278564453125,-0.7839856147766113,0.3895564079284668,-0.13554096221923828
1790341541298744300,0.336744384765625,-0.4474453926086426,0.36870765686035156,0.0030367374420166016
1790341541315183400,0.353183349609375,0.12059640884399414,0.14255666732788086,-0.027819156646728516
1790341541331646700,0.369646728515625,0.5391659736633301,-0.11333036422729492,-0.1410198211669922
1790341541348109800,0.38610986328125,0.5535216331481934,-0.2917184829711914,-0.35992884635925293
1790341541364627700,0.402627685546875,0.3741283416748047,-0.2538108825683594,-0.5208542346954346
1790341541381088800,0.4190888671875,0.3138847351074219,-0.12190771102905273,-0.4634106159210205
1790341541397578800,0.435578857421875,0.2633347511291504,-0.031934261322021484,-0.3642411231994629
1790341541414012200,0.45201220703125,-0.07430076599121094,0.35937929153442383,-0.20500588417053223
1790341541430441500,0.46844140625,-0.20418405532836914,0.6933903694152832,-0.08594179153442383
1790341541446928000,0.484927978515625,-0.19309139251708984,0.6534633636474609,-0.020508527755737305
1790341541463389400,0.501389404296875,-0.10967445373535156,0.45262861251831055,0.14408016204833984
1790341541479876600,0.517876708984375,0.11294698715209961,0.21791553497314453,0.41326022148132324
1790341541496337400,0.53433740234375,-0.0668025016784668,-0.05037879943847656,0.43840742111206055
1790341541512816000,0.550816162109375,-0.32230615615844727,-0.2891674041748047,0.2817345857620239
1790341541529302500,0.567302490234375,-0.48497581481933594,-0.4209604263305664,0.06563186645507812
1790341541545764000,0.58376416015625,-0.45885133743286133,-0.4396209716796875,-0.1031651496887207
1790341541562283000,0.600282958984375,-0.3209671974182129,-0.49756908416748047,0.026417970657348633
1790341541578743600,0.61674365234375,-0.36132192611694336,-0.4525599479675293,0.11378419399261475
1790341541595207200,0.633207275390625,-0.20636320114135742,-0.41222667694091797,0.18408524990081787
1790341541611725800,0.649725830078125,0.0020585060119628906,-0.4116978645324707,0.32412004470825195
1790341541628186400,0.666186279296875,0.4797811508178711,-0.5972719192504883,0.6073414087295532
1790341541644675800,0.68267578125,0.603208065032959,-0.6927642822265625,0.9059848785400391
1790341541661134000,0.699134033203125,0.47657203674316406,-0.4778914451599121,0.9494320154190063
1790341541677592600,0.715592529296875,0.06342554092407227,-0.05815410614013672,0.7635653018951416
1790341541694087000,0.7320869140625,-0.04816436767578125,0.23359298706054688,0.2633448839187622
1790341541710547700,0.748547607421875,0.1085357666015625,0.4666109085083008,-0.07485759258270264
1790341541727008000,0.765008056640625,0.6201691627502441,0.6244230270385742,0.008319854736328125
1790341541743466800,0.781466796875,0.9152626991271973,0.7226595878601074,0.3368194103240967
1790341541759990300,0.797990234375,0.8778014183044434,0.6457877159118652,0.4827960729598999
1790341541776482600,0.814482666015625,0.0968332290649414,0.6748838424682617,0.7059180736541748
1790341541792943000,0.830943115234375,-0.5112957954406738,0.7055606842041016,0.8290995359420776
1790341541809379800,0.8473798828125,-0.6949858665466309,0.5210599899291992,0.7953442335128784
1790341541825839600,0.863839599609375,-0.5909137725830078,0.14202213287353516,0.6170371174812317
1790341541842298600,0.880298583984375,-0.6249856948852539,-0.15372467041015625,0.46064358949661255
1790341541858811000,0.896810791015625,-0.8343071937561035,-0.15349388122558594,0.15057289600372314
1790341541875266800,0.913266845703125,-1.000227451324463,-0.13536310195922852,-0.11204290390014648
1790341541891755300,0.92975537109375,-1.0393261909484863,-0.10763835906982422,-0.16083061695098877
1790341541908217300,0.94621728515625,-0.6550192832946777,0.17977142333984375,-0.18496298789978027
1790341541924682500,0.9626826171875,-0.22360992431640625,0.41491222381591797,-0.11779415607452393
1790341541941173500,0.979173583984375,0.26051759719848633,0.18117189407348633,0.21138882637023926
1790341541957635300,0.99563525390625,0.1031794548034668,-0.2174973487854004,0.7313268780708313
1790341541974098700,1.0120986328125,-0.6458806991577148,-0.30783748626708984,0.8605071306228638
1790341541990559000,1.02855908203125,-1.2610530853271484,-0.08655548095703125,0.5281558036804199
1790341542007041300,1.045041259765625,-1.3494577407836914,0.19351434707641602,0.04145646095275879
1790341542023531300,1.06153125,-0.9239115715026855,0.35333681106567383,-0.3730654716491699
1790341542039994000,1.077994140625,-0.4018721580505371,0.4238409996032715,-0.5804170370101929
1790341542056480300,1.094480224609375,0.021102428436279297,0.4408535957336426,-0.48019397258758545
1790341542072924000,1.110923828125,0.10810136795043945,0.45934200286865234,-0.44293439388275146
1790341542089391000,1.12739111328125,-0.09319543838500977,0.550508975982666,-0.4664440155029297
1790341542105922600,1.143922607421875,-0.3691134452819824,0.7237844467163086,-0.18603801727294922
1790341542122426400,1.16042626953125,-0.594141960144043,0.8603081703186035,0.1318833827972412
1790341542138876200,1.176876220703125,-0.46892309188842773,0.9886860847473145,0.0022885799407958984
1790341542155383000,1.193383056640625,-0.2950754165649414,0.9396615028381348,-0.30911028385162354
1790341542171842000,1.209842041015625,-0.27814769744873047,0.5062780380249023,-0.4827643632888794
1790341542188301800,1.2263017578125,-0.5511651039123535,0.20630645751953125,-0.49787282943725586
1790341542204759600,1.242759521484375,-0.8417153358459473,0.21697330474853516,-0.4171314239501953
1790341542221217500,1.259217529296875,-1.2924327850341797,0.3787212371826172,-0.22573041915893555
1790341542237734700,1.275734619140625,-1.3076014518737793,0.47138118743896484,-0.10602045059204102
1790341542254234600,1.292234619140625,-0.9205961227416992,0.3035736083984375,-0.16394340991973877
1790341542270690300,1.308690185546875,-0.33298349380493164,0.05395793914794922,-0.2755943536758423
1790341542287147500,1.3251474609375,0.3213620185852051,-0.05164337158203125,-0.34604334831237793
1790341542303626200,1.341626220703125,1.2102313041687012,-0.027482986450195312,-0.33645379543304443
1790341542320079600,1.35807958984375,1.4849510192871094,0.16730403900146484,-0.29085588455200195
1790341542336534300,1.3745341796875,1.1566119194030762,0.3172121047973633,-0.06076323986053467
1790341542353017300,1.391017333984375,0.5006060600280762,0.38132286071777344,0.20601189136505127
1790341542369502200,1.407502197265625,0.007697105407714844,0.43818187713623047,0.14644300937652588
1790341542385981200,1.423981201171875,-0.08554840087890625,0.3957643508911133,0.007028937339782715
1790341542402489600,1.440489501953125,0.032257080078125,0.19333362579345703,-0.0983201265335083
1790341542418945000,1.456945068359375,0.16905546188354492,0.052332401275634766,-0.04244709014892578
1790341542435478800,1.473478759765625,0.0955801010131836,0.09071826934814453,0.15275359153747559
1790341542451933000,1.489932861328125,-0.08385038375854492,0.17848873138427734,0.2784174680709839
1790341542468432400,1.506432373046875,-0.15607357025146484,0.13962173461914062,0.4160465598106384
1790341542484939500,1.522939453125,-0.12772274017333984,0.0637521743774414,0.5161027312278748
1790341542501396500,1.539396484375,-0.03231382369995117,0.07073307037353516,0.5260505676269531
1790341542517882400,1.55588232421875,-0.17590951919555664,0.1060647964477539,0.5347592234611511
1790341542534384600,1.572384521484375,-0.18810129165649414,0.13253116607666016,0.4575759172439575
1790341542550888000,1.588887939453125,0.0651555061340332,0.09614992141723633,0.2667474150657654
1790341542567344000,1.60534423828125,0.5051350593566895,0.0728445053100586,0.10753202438354492
1790341542583831800,1.621831787109375,0.6428709030151367,0.1333785057067871,-0.06454575061798096
1790341542600361700,1.63836181640625,0.5951662063598633,0.16674232482910156,-0.09789741039276123
1790341542616867800,1.654867919921875,0.2405104637145996,0.25695180892944336,-0.16279613971710205
1790341542633354500,1.6713544921875,-0.03472900390625,0.3900012969970703,-0.1755380630493164
1790341542649808100,1.68780810546875,-0.0903940200805664,0.3562912940979004,-0.07119143009185791
1790341542666305500,1.704305419921875,-0.15150117874145508,0.2808709144592285,-0.09428369998931885
1790341542682761200,1.72076123046875,-0.1894207000732422,0.22178268432617188,-0.1842747926712036
1790341542699212300,1.73721240234375,-0.10761165618896484,0.06351470947265625,-0.18170499801635742
1790341542715667200,1.753667236328125,-0.17072248458862305,-0.06516122817993164,-0.26730918884277344
1790341542732123100,1.770123046875,-0.34734535217285156,-0.16717243194580078,-0.2784888744354248
1790341542748580400,1.786580322265625,-0.5696454048156738,-0.21570682525634766,-0.30561280250549316
1790341542764977400,1.802977294921875,-0.5448479652404785,-0.119415283203125,-0.4374403953552246
1790341542781461200,1.819461181640625,-0.4035181999206543,0.007016181945800781,-0.5004221200942993
1790341542798008000,1.836008056640625,-0.13759565353393555,0.04125022888183594,-0.38688087463378906
1790341542814494000,1.852493896484375,0.07273244857788086,0.1323690414428711,-0.16933321952819824
1790341542830952700,1.86895263671875,0.07718944549560547,0.11524772644042969,0.006666779518127441
1790341542847467300,1.88546728515625,-0.07940244674682617,0.04435443878173828,0.12062215805053711
1790341542863924000,1.901924072265625,-0.21921014785766602,-0.05140495300292969,0.09721148014068604
1790341542880414000,1.9184140625,-0.4454021453857422,-0.07562971115112305,0.059013962745666504
1790341542896872400,1.93487255859375,-0.5415492057800293,-0.0831913948059082,0.14241647720336914
1790341542913331700,1.951331787109375,-0.4921579360961914,-0.057299137115478516,0.21995973587036133
1790341542929819600,1.967819580078125,-0.49813175201416016,-0.12954235076904297,0.3261669874191284
1790341542946276600,1.984276611328125,-0.11111021041870117,-0.3759336471557617,0.5097771286964417
1790341542962766300,2.000766357421875,0.07402229309082031,-0.621150016784668,0.6249342560768127
1790341542979220200,2.01722021484375,-0.10747861862182617,-0.9391236305236816,0.23161691427230835
1790341542995699700,2.03369970703125,-0.20781326293945312,-1.183762550354004,-0.050884366035461426
1790341543012155600,2.05015576171875,-0.17053842544555664,-1.3255443572998047,-0.36482179164886475
1790341543028612600,2.066612548828125,-0.08284235000610352,-1.1383605003356934,-0.6820446252822876
1790341543044967000,2.082966796875,0.28191709518432617,-0.8024773597717285,-0.6490217447280884
1790341543061380900,2.099380859375,0.9995546340942383,-0.5892291069030762,-0.1933475136756897
1790341543077839000,2.115839111328125,1.3874773979187012,-0.312255859375,0.3181764483451843
1790341543094326800,2.132326904296875,0.8068652153015137,-0.14961671829223633,0.7180882692337036
1790341543110760200,2.14876025390625,-0.15617704391479492,-0.16841506958007812,0.8791989684104919
1790341543127049700,2.1650498046875,-0.8093514442443848,-0.1031947135925293,0.890526294708252
1790341543143505700,2.181505615234375,-0.8984079360961914,0.2110600471496582,0.942757248878479
1790341543159962600,2.197962646484375,-1.2604913711547852,0.5610408782958984,0.8043687343597412
1790341543176446500,2.214446533203125,-1.5403399467468262,0.8195924758911133,0.5944555997848511
1790341543192901600,2.230901611328125,-1.1590914726257324,0.8735475540161133,0.5212528109550476
1790341543209360400,2.2473603515625,0.058971405029296875,0.6042852401733398,0.4613950252532959
1790341543225815600,2.263815673828125,1.0992588996887207,0.0651392936706543,0.517066478729248
1790341543242297600,2.280297607421875,1.5291047096252441,-0.7935152053833008,0.5275025367736816
1790341543258754600,2.296754638671875,1.0672621726989746,-1.5740752220153809,0.2748905420303345
1790341543275208200,2.313208251953125,0.3369007110595703,-1.8907313346862793,-0.18436694145202637
1790341543291606300,2.329606201171875,-0.05277729034423828,-1.8169426918029785,-0.7675036787986755
1790341543308059400,2.346059326171875,0.8646540641784668,-1.5577983856201172,-0.9312947392463684
1790341543324514800,2.362514892578125,1.9519481658935547,-1.398789882659912,-0.3505874276161194
1790341543340997400,2.378997314453125,1.2416701316833496,-1.665743350982666,0.2343570590019226
1790341543357451500,2.395451416015625,-0.6253342628479004,-1.9921255111694336,0.38334742188453674
1790341543373909000,2.411908935546875,-2.1322059631347656,-2.2105836868286133,0.3319643437862396
1790341543390366000,2.428365966796875,-2.775128126144409,-1.763831615447998,0.07271790504455566
1790341543406823700,2.44482373046875,-2.221550941467285,-1.168471336364746,-0.020854860544204712
1790341543423312000,2.461311767578125,-0.9978747367858887,-1.1086702346801758,0.03239390254020691
1790341543439766800,2.477766845703125,0.5336518287658691,-1.3626198768615723,-0.1340487003326416
1790341543456190000,2.49418994140625,1.628178596496582,-1.4736957550048828,-0.32019129395484924
1790341543472610800,2.51061083984375,2.261570453643799,-1.4564323425292969,-0.5355045795440674
1790341543489087500,2.52708740234375,2.596210479736328,-1.396855354309082,-0.9904335737228394
1790341543505621500,2.54362158203125,3.1220474243164062,-1.4572830200195312,-1.3527116775512695
1790341543522072800,2.56007275390625,3.3734660148620605,-1.6248445510864258,-1.7539777755737305
1790341543538577000,2.576576904296875,3.094360828399658,-1.7687797546386719,-1.8918355703353882
1790341543555031000,2.593031005859375,2.2867703437805176,-1.7459259033203125,-1.8527069091796875
1790341543571488500,2.609488525390625,1.5220990180969238,-1.6217222213745117,-1.5387170314788818
1790341543587971000,2.62597119140625,1.5523147583007812,-1.610189437866211,-1.177372932434082
1790341543604429000,2.642428955078125,1.64239501953125,-1.4761066436767578,-1.3675193786621094
1790341543620888800,2.658888916015625,3.142747402191162,0.5857820510864258,2.0273385047912598
1790341543637346800,2.675346923828125,4.094340801239014,2.0994644165039062,5.437920570373535
1790341543653806800,2.691806884765625,1.699129581451416,1.2444143295288086,2.9169251918792725
1790341543670265600,2.708265625,1.634995460510254,1.426218032836914,2.4828319549560547
1790341543686723800,2.724723876953125,-0.4744133949279785,-0.02449798583984375,-0.5533181428909302
1790341543703212300,2.74121240234375,-1.8347086906433105,-0.9178094863891602,-2.8811914920806885
1790341543719664600,2.75766455078125,-2.180391311645508,-1.4121980667114258,-3.8788905143737793
1790341543736050200,2.77405029296875,-1.879530906677246,-2.172090530395508,-3.311875581741333
1790341543752501800,2.790501708984375,-1.372696876525879,-2.344964027404785,-1.918953537940979
1790341543768953300,2.806953369140625,-1.2730498313903809,-2.2756028175354004,-1.1318132877349854
1790341543785365800,2.82336572265625,-0.7196006774902344,-1.6134986877441406,-0.35678473114967346
1790341543801818600,2.839818603515625,-0.7463769912719727,-0.7961196899414062,0.4447762966156006
1790341543818272000,2.85627197265625,-0.5729374885559082,-0.5114531517028809,1.2841638326644897
1790341543834784300,2.8727841796875,-1.5679349899291992,-0.8851165771484375,2.067579984664917
1790341543851238400,2.88923828125,-2.1162290573120117,-1.3949623107910156,2.8391079902648926
1790341543867698700,2.90569873046875,-0.7714734077453613,-1.6931872367858887,2.5827836990356445
1790341543884155600,2.92215576171875,0.04786825180053711,-1.3012728691101074,1.2943236827850342
1790341543900614000,2.93861376953125,0.44286298751831055,-1.1136279106140137,0.7624791860580444
1790341543917069300,2.9550693359375,0.515160083770752,-0.8307309150695801,1.2619316577911377
1790341543933525200,2.971525146484375,1.2227888107299805,-0.9182834625244141,1.0528736114501953
1790341543949980000,2.98797998046875,1.374488353729248,-1.3596763610839844,0.8429052829742432
1790341543966430000,3.004429931640625,1.281754970550537,-1.5084772109985352,0.2653626799583435
1790341543982908700,3.02090869140625,0.9124541282653809,-1.2423248291015625,-0.2706257700920105
1790341543999362300,3.0373623046875,0.6042742729187012,-0.8944377899169922,-0.5277250409126282
1790341544015812400,3.053812255859375,0.36087560653686523,-0.5071754455566406,-0.011956572532653809
1790341544032318500,3.070318359375,0.27013301849365234,-0.2111649513244629,0.593542218208313
1790341544048770000,3.08677001953125,0.3198118209838867,-0.044403076171875,0.8022642135620117
1790341544065186600,3.1031865234375,0.5793008804321289,0.10887718200683594,0.3080058991909027
1790341544081698800,3.11969873046875,0.7524309158325195,0.2288990020751953,-0.6655451059341431
1790341544098150700,3.136150634765625,0.6433663368225098,0.22420215606689453,-1.5162253379821777
1790341544114603000,3.15260302734375,0.6989908218383789,0.08813667297363281,-2.240022659301758
1790341544131053800,3.1690537109375,0.6310701370239258,0.23485231399536133,-1.2484402656555176
1790341544147435500,3.185435546875,0.9794683456420898,0.42704200744628906,0.051761090755462646
1790341544163920400,3.20192041015625,1.0794339179992676,0.40914106369018555,1.1153515577316284
1790341544180369400,3.218369384765625,1.0562057495117188,-0.48016786575317383,1.017120122909546
1790341544196852500,3.2348525390625,0.1545701026916504,-0.7707419395446777,1.081080436706543
1790341544213298700,3.251298583984375,-1.1589031219482422,-0.670203685760498,1.2259927988052368
1790341544229773800,3.26777392578125,-2.2255940437316895,-0.6459641456604004,1.1147282123565674
1790341544246256600,3.284256591796875,-2.795743465423584,-0.48181581497192383,1.1735615730285645
1790341544262709500,3.30070947265625,-2.9167237281799316,-0.3308095932006836,1.0580275058746338
1790341544279087400,3.31708740234375,-2.779142379760742,-0.5906553268432617,0.6524224281311035
1790341544295538000,3.333537841796875,-2.583698272705078,-0.8459019660949707,0.4243210554122925
1790341544311988000,3.349988037109375,-1.6826157569885254,-0.8149595260620117,0.36557817459106445
1790341544328501800,3.366501708984375,-1.7305941581726074,-0.7729330062866211,0.05089461803436279
1790341544344955100,3.382955078125,-0.38353538513183594,-0.7801094055175781,-0.1746007204055786
1790341544361443800,3.39944384765625,-0.5606050491333008,-0.9316725730895996,-0.7808079719543457
1790341544377899500,3.4158994140625,-0.29166603088378906,-1.224604606628418,-1.4380204677581787
1790341544394358800,3.43235888671875,0.23330307006835938,-1.1106748580932617,-1.3044171333312988
1790341544410845000,3.448844970703125,1.0673084259033203,-1.0386638641357422,-0.7373743653297424
1790341544427296300,3.465296142578125,1.2064971923828125,-0.7446086406707764,0.10992616415023804
1790341544443750000,3.48175,0.9941329956054688,-0.20511174201965332,0.49384617805480957
1790341544460201500,3.498201416015625,1.2106122970581055,0.0029778480529785156,0.2669065594673157
1790341544476653000,3.514653076171875,1.165095329284668,0.021348953247070312,0.03533828258514404
1790341544493106200,3.531106201171875,0.8133478164672852,0.08276998996734619,0.08677232265472412
1790341544509606400,3.5476064453125,0.7956924438476562,-0.04203188419342041,0.08304768800735474
1790341544526121500,3.56412158203125,1.1911773681640625,-0.08406436443328857,0.10254043340682983
1790341544542572800,3.58057275390625,1.6590986251831055,0.17865920066833496,0.38919687271118164
1790341544559024000,3.597024169921875,1.9653806686401367,0.31977224349975586,0.3840501308441162
1790341544575537400,3.613537353515625,2.020660400390625,-0.027285873889923096,-0.05223071575164795
1790341544591989200,3.6299892578125,1.5840644836425781,-0.14702671766281128,-0.2540973424911499
1790341544608474000,3.64647412109375,1.4078998565673828,-0.14188137650489807,-0.3240326941013336
1790341544624925700,3.66292578125,1.0098228454589844,-0.27591946721076965,-0.34964534640312195
1790341544641378300,3.67937841796875,0.671788215637207,-0.5643960237503052,-0.318256139755249
1790341544657827600,3.69582763671875,0.3456287384033203,-0.6587658524513245,-0.033537983894348145
1790341544674276600,3.712276611328125,0.1709136962890625,-0.6680977940559387,0.24855205416679382
1790341544690760000,3.728760009765625,0.18695354461669922,-0.7254164814949036,0.4696749746799469
1790341544707212500,3.745212646484375,0.19270706176757812,-0.6044785976409912,0.7292205095291138
1790341544723689000,3.76168896484375,-0.017698287963867188,-0.42172902822494507,1.2784478664398193
1790341544740139500,3.778139404296875,-0.1422586441040039,-0.17654642462730408,1.6127955913543701
1790341544756590000,3.794590087890625,-0.09568405151367188,0.07088807225227356,1.5027447938919067
1790341544772980700,3.810980712890625,-0.35494327545166016,0.06612178683280945,0.9086937308311462
1790341544789429500,3.827429443359375,-0.270599365234375,-0.21844834089279175,0.1528605967760086
1790341544805881900,3.8438818359375,-0.015400886535644531,-0.4030042886734009,-0.31237637996673584
1790341544822370300,3.860370361328125,0.2328653335571289,-0.478829562664032,-0.14717547595500946
1790341544838786800,3.876786865234375,-7.246801853179932,4.530141353607178,3.45530104637146
1790341544855240200,3.893240234375,7.360848426818848,-3.5498766899108887,1.689500331878662
1790341544871693800,3.90969384765625,0.3354310989379883,0.38476622104644775,0.4954293966293335
1790341544888146700,3.926146728515625,-0.6236753463745117,-0.7031659483909607,0.07243499159812927
1790341544904597000,3.942596923828125,-0.8282594680786133,0.26287245750427246,-0.11735981702804565
1790341544921046000,3.9590458984375,0.061858177185058594,0.03557676076889038,0.2039746344089508
1790341544937530600,3.975530517578125,-0.3865995407104492,-0.651550829410553,0.16747689247131348
1790341544953981400,3.9919814453125,-0.2606973648071289,0.09795790910720825,0.5059075355529785
1790341544970455300,4.008455322265625,-0.9733619689941406,0.3950651288032532,1.3581609725952148
1790341544986938600,4.024938720703125,-0.35958290100097656,-0.218161940574646,0.2133551836013794
1790341545003389000,4.041388916015625,-0.35040950775146484,-0.01761329174041748,0.25529778003692627
1790341545019902700,4.05790283203125,-0.3335895538330078,0.3156266212463379,0.013762831687927246
1790341545036349700,4.074349609375,0.5814085006713867,-0.08513498306274414,-1.2643483877182007
1790341545052798500,4.090798583984375,0.2853269577026367,0.3294633626937866,-0.19570595026016235
1790341545069274600,4.107274658203125,1.0261096954345703,-0.06496226787567139,0.019824564456939697
1790341545085723100,4.12372314453125,0.5512418746948242,-0.048712849617004395,-0.28838402032852173
1790341545102205200,4.140205078125,2.4065752029418945,1.6015537977218628,0.7799850702285767
1790341545118724900,4.156724853515625,3.513596534729004,0.3053548336029053,-0.10295778512954712
1790341545135097300,4.173097412109375,2.319944381713867,0.9796726703643799,0.15012553334236145
1790341545151543800,4.189543701171875,0.9996166229248047,0.36675333976745605,0.5150637030601501
1790341545168044000,4.2060439453125,0.6467685699462891,0.3393876552581787,0.6478281617164612
1790341545184497000,4.222496826171875,-1.136427879333496,2.3814778327941895,1.5177539587020874
1790341545200948200,4.2389482421875,1.5587339401245117,-0.21579933166503906,-0.9193984270095825
1790341545217422300,4.25542236328125,3.019791603088379,1.8793408870697021,0.42396336793899536
1790341545233905200,4.2719052734375,1.9992237091064453,4.337786674499512,0.6655454039573669
1790341545250353700,4.288353759765625,3.4328107833862305,-0.16599690914154053,0.6368693113327026
1790341545266765800,4.304765869140625,1.205270767211914,0.5288313627243042,0.13959673047065735
1790341545283214600,4.321214599609375,0.5577077865600586,0.3681260347366333,-0.6438268423080444
1790341545299663000,4.3376630859375,0.02240276336669922,-0.7023493051528931,0.1144413948059082
1790341545316141300,4.354141357421875,-0.3133401870727539,0.355562686920166,0.32198435068130493
1790341545332591600,4.370591552734375,-0.8883428573608398,-0.14696431159973145,-0.1619739532470703
1790341545349043700,4.387043701171875,-1.6842970848083496,-1.1871216297149658,-0.2410597801208496
1790341545365496600,4.40349658203125,-0.7255706787109375,1.0647997856140137,-0.026601076126098633
1790341545381948700,4.41994873046875,-0.6261281967163086,-0.49041569232940674,-0.3831857442855835
1790341545398434300,4.436434326171875,-0.32532691955566406,0.18874001502990723,0.07326602935791016
1790341545414887000,4.452886962890625,-0.5501232147216797,-0.5529829263687134,-0.2608379125595093
1790341545431367200,4.4693671875,1.3502368927001953,-0.10266947746276855,0.9042613506317139
1790341545447820000,4.485820068359375,1.8570365905761719,0.17809903621673584,1.0638148784637451
1790341545464302000,4.502302001953125,2.433462142944336,0.40762364864349365,-0.10587000846862793
1790341545480756000,4.518755859375,2.2519826889038086,0.3886758089065552,-0.9912716746330261
1790341545497207300,4.535207275390625,0.8485822677612305,-0.307857871055603,-1.2957113981246948
1790341545513627100,4.551627197265625,-0.19953536987304688,0.020414113998413086,-0.5524667501449585
1790341545530078200,4.568078125,-0.7997360229492188,0.19559669494628906,-0.37027066946029663
1790341545546531800,4.58453173828125,-0.9616575241088867,0.2805140018463135,-0.33305788040161133
1790341545563013000,4.60101318359375,-1.4093618392944336,0.5404496192932129,-0.3718024492263794
1790341545579462000,4.6174619140625,-1.6025056838989258,0.6602411270141602,-0.4659436345100403
1790341545595944000,4.63394384765625,-1.4956412315368652,0.8450260162353516,-0.10143810510635376
1790341545612394500,4.65039453125,-1.528834342956543,0.9684195518493652,-0.3006777763366699
1790341545628859000,4.66685888671875,-1.9353361129760742,0.981194019317627,-0.867927610874176
1790341545645308400,4.683308349609375,-2.1643543243408203,0.6335673332214355,-1.7064359188079834
1790341545661758000,4.699758056640625,-2.8929080963134766,0.42444705963134766,-1.6542285680770874
1790341545678207000,4.71620703125,19.801420211791992,-8.780471801757812,10.50283145904541
1790341545694657300,4.7326572265625,-6.700074195861816,4.361451148986816,-1.1339595317840576
1790341545711109400,4.749109375,6.177992820739746,-1.6704306602478027,2.2966573238372803
1790341545727561200,4.765561279296875,-2.487456798553467,1.797872543334961,0.39810121059417725
1790341545744012000,4.782011962890625,1.854776382446289,-0.5937316417694092,0.6460317373275757
1790341545760483800,4.79848388671875,-0.9033641815185547,1.1535909175872803,0.06779420375823975
1790341545776932400,4.814932373046875,-0.6465129852294922,0.983130693435669,0.08671200275421143
1790341545793379800,4.8313798828125,0.7588825225830078,0.30565524101257324,0.27837514877319336
1790341545809852200,4.84785205078125,-0.6122884750366211,0.27785253524780273,-0.2261219024658203
1790341545826327800,4.864327880859375,-0.18390750885009766,-0.2042539119720459,-0.006894588470458984
1790341545842773200,4.880773193359375,-1.8592629432678223,0.4684927463531494,0.6512216925621033
1790341545859263200,4.89726318359375,-0.8897237777709961,-0.6698040962219238,0.2716907262802124
1790341545875708700,4.913708740234375,0.2956209182739258,-1.3464542627334595,-0.07112467288970947
1790341545892156400,4.930156494140625,-0.8547029495239258,-0.7625610828399658,-0.22897040843963623
1790341545908601000,4.94660107421875,0.17029190063476562,-0.2331218719482422,-0.20800518989562988
1790341545925048000,4.963048095703125,0.5338802337646484,0.413043737411499,0.41948986053466797
1790341545941493200,4.9794931640625,-0.5180683135986328,0.8015635013580322,0.4150564670562744
1790341545957934600,4.9959345703125,1.4408817291259766,0.7682657241821289,0.3448193073272705
1790341545974377000,5.012376953125,0.7308082580566406,1.009049415588379,1.3691701889038086
1790341545990824200,5.02882421875,0.06779861450195312,1.0883171558380127,1.5758488178253174
1790341546007269600,5.04526953125,-1.0330610275268555,1.1951847076416016,1.9272953271865845
1790341546023718000,5.0617177734375,-0.42295169830322266,0.9990472793579102,1.6577647924423218
1790341546040164000,5.0781640625,2.8538551330566406,-0.04233193397521973,0.0494004487991333
1790341546056636200,5.09463623046875,-2.230748176574707,-0.1572721004486084,0.3641209602355957
1790341546073012500,5.111012451171875,-4.0956010818481445,-0.6672183275222778,-0.3354037404060364
1790341546089329200,5.1273291015625,1.2547664642333984,-1.3017454147338867,-1.8172945976257324
1790341546105775600,5.143775634765625,0.10518932342529297,-1.0237910747528076,-1.2782635688781738
1790341546122223900,5.160223876953125,0.5799999237060547,-1.610636591911316,-1.1163971424102783
1790341546138674000,5.176673828125,0.2062063217163086,-1.321068286895752,-0.8845745325088501
1790341546155123700,5.193123779296875,-0.2892189025878906,-1.425811767578125,-0.9319923520088196
1790341546171575000,5.209574951171875,1.8978872299194336,-1.6681877374649048,-0.25093385577201843
1790341546187995400,5.225995361328125,0.8699426651000977,-1.4995992183685303,-0.4321656823158264
1790341546204439800,5.242439697265625,1.5721549987792969,-0.8614541292190552,0.49872106313705444
1790341546220888000,5.25888818359375,1.0360212326049805,-0.4042617678642273,-0.5810812711715698
1790341546237335000,5.2753349609375,0.8754377365112305,0.16822123527526855,-0.22047212719917297
1790341546253810000,5.291809814453125,0.6543378829956055,-0.2408754825592041,0.02424144744873047
1790341546270256400,5.30825634765625,0.5291252136230469,0.24127835035324097,-0.6394051313400269
1790341546286700500,5.324700439453125,-0.09193134307861328,0.6453800201416016,0.1633542776107788
1790341546303169800,5.341169677734375,0.3558769226074219,0.48460692167282104,0.6154979467391968
1790341546319613700,5.35761376953125,0.024727821350097656,0.5442186594009399,-0.24096930027008057
1790341546336084500,5.37408447265625,-0.5318498611450195,0.7436938881874084,0.11632716655731201
1790341546352581400,5.390581298828125,-1.2754955291748047,0.8562286496162415,0.1911628246307373
1790341546369028000,5.407028076171875,0.13544559478759766,0.46232157945632935,-0.26465871930122375
1790341546385473300,5.423473388671875,-0.8422937393188477,0.6776609420776367,0.11800545454025269
1790341546401967000,5.439967041015625,-0.44421863555908203,0.6331421136856079,0.20968645811080933
1790341546418427400,5.456427490234375,-0.4136343002319336,1.4739725589752197,0.5271301865577698
1790341546434874000,5.4728740234375,-0.20189476013183594,1.2517913579940796,0.14843177795410156
1790341546451320300,5.4893203125,-0.18375110626220703,0.07496309280395508,-0.5306606888771057
1790341546467809000,5.50580908203125,0.04626750946044922,-0.6806248426437378,-0.9742182493209839
1790341546484255700,5.522255859375,0.21089458465576172,-1.3451616764068604,-0.6525472402572632
1790341546500626000,5.5386259765625,0.5103178024291992,-1.682529330253601,0.01771944761276245
1790341546517072400,5.555072265625,0.2693157196044922,-1.58847177028656,0.2091168463230133
1790341546533560300,5.571560302734375,-0.6125478744506836,-0.8152236342430115,0.6127772331237793
1790341546550036000,5.588035888671875,-0.095123291015625,-0.06396234035491943,0.07826000452041626
1790341546566483700,5.604483642578125,-0.2101125717163086,-0.02811431884765625,-0.5233820080757141
1790341546582934000,5.62093408203125,0.6176395416259766,-0.6872144937515259,-0.693309485912323
1790341546599382800,5.6373828125,0.5202569961547852,-0.5017068386077881,-0.21273702383041382
1790341546615829200,5.653829345703125,0.4386148452758789,-0.288590669631958,-0.274554967880249
1790341546632277000,5.670277099609375,0.2450551986694336,-0.04575991630554199,0.13228937983512878
1790341546648725000,5.68672509765625,-0.2654895782470703,0.0018093585968017578,0.751507043838501
1790341546665172000,5.703171875,-0.22991943359375,-0.28403568267822266,0.4742095172405243
1790341546681615000,5.719614990234375,-0.6478738784790039,0.1703089475631714,0.48031124472618103
1790341546698085000,5.736085205078125,-0.47484779357910156,0.5702553987503052,0.6811257600784302
1790341546714529000,5.752529052734375,-0.9290561676025391,0.5273226499557495,0.8949823379516602
1790341546730971000,5.768970947265625,-1.089625358581543,0.27997827529907227,0.8184910416603088
1790341546747383800,5.7853837890625,-0.9730186462402344,0.12791919708251953,0.5483062267303467
1790341546763827000,5.801826904296875,1.0277347564697266,-0.6924461126327515,0.5178323984146118
1790341546780272000,5.818272216796875,0.5681438446044922,-0.7911715507507324,0.30070897936820984
1790341546796777000,5.83477685546875,-0.26716041564941406,-0.9039143323898315,-0.288277268409729
1790341546813224000,5.851223876953125,0.5455446243286133,-1.2156144380569458,-0.32443034648895264
1790341546829703200,5.867703125,0.5938596725463867,-1.196016550064087,-0.16878478229045868
1790341546846152700,5.884152587890625,0.4524707794189453,-1.7101092338562012,-0.8555757999420166
1790341546862532600,5.90053271484375,0.050243377685546875,-2.023876190185547,-0.768949031829834
1790341546879010300,5.91701025390625,0.4208078384399414,-1.7720729112625122,-1.1084474325180054
1790341546895454000,5.933453857421875,0.7351217269897461,-1.740598440170288,-1.5961015224456787
1790341546911899000,5.94989892578125,0.28089141845703125,-1.6355918645858765,-1.0224782228469849
1790341546928343300,5.96634326171875,1.0911846160888672,-0.6213778257369995,-0.9168696999549866
1790341546944811500,5.9828115234375,0.7547006607055664,-1.0741565227508545,-0.07607239484786987
1790341546961255400,5.99925537109375,0.8594036102294922,-0.48953866958618164,0.6456307768821716
1790341546977700400,6.015700439453125,-1.5418825149536133,0.4683074951171875,-0.17471764981746674
1790341546994064600,6.032064697265625,0.23316097259521484,-0.9096987247467041,0.2458471655845642
1790341547010505200,6.048505126953125,-1.229466438293457,-0.06009984016418457,0.9500737190246582
1790341547026949400,6.064949462890625,-0.18534183502197266,0.9130210876464844,-0.08289644122123718
1790341547043453000,6.081452880859375,-0.41332244873046875,0.05334281921386719,1.338427186012268
1790341547059879700,6.097879638671875,-0.08673667907714844,0.12002348899841309,0.23715078830718994
1790341547076359200,6.114359130859375,0.3772592544555664,0.08289337158203125,-0.040779173374176025
1790341547092806100,6.13080615234375,0.5041294097900391,-0.6375212669372559,-0.09903901815414429
1790341547109254000,6.14725390625,0.2029266357421875,-0.8849732875823975,-0.2976812422275543
1790341547125735400,6.1637353515625,1.066873550415039,-0.42598795890808105,0.13936680555343628
1790341547142181400,6.180181396484375,0.38844966888427734,0.24296021461486816,-0.44682130217552185
1790341547158630100,6.196630126953125,-0.47144031524658203,-0.10115385055541992,-0.6578539609909058
1790341547175078000,6.213077880859375,-0.8337430953979492,0.6693332195281982,-0.016952723264694214
1790341547191549700,6.2295498046875,-0.851837158203125,-0.38650035858154297,-0.06309738755226135
1790341547207959800,6.245959716796875,-0.24094867706298828,1.0219714641571045,-0.24453315138816833
1790341547224438500,6.2624384765625,-0.3456144332885742,-0.10160040855407715,0.021377146244049072
1790341547240932400,6.278932373046875,0.21475696563720703,0.4488346576690674,0.3546109199523926
1790341547257377800,6.295377685546875,-0.04229450225830078,-0.35448503494262695,-0.0003781914710998535
1790341547273850600,6.3118505859375,1.259674072265625,0.14198708534240723,0.47068536281585693
1790341547290326800,6.328326904296875,-0.07499027252197266,0.010381937026977539,-0.047620296478271484
1790341547306773800,6.344773681640625,-0.08014583587646484,-0.18881464004516602,-0.008105099201202393
1790341547323222300,6.36122216796875,0.7384462356567383,-0.37961411476135254,-0.6689075231552124
1790341547339669500,6.37766943359375,0.5861988067626953,-0.44220685958862305,-0.9724314212799072
1790341547356117500,6.394117431640625,0.1573963165283203,-0.201934814453125,-0.4350453019142151
1790341547372564200,6.410564208984375,0.17624759674072266,-0.262770414352417,0.03112548589706421
1790341547389011700,6.42701171875,0.1409778594970703,0.05866885185241699,0.16096502542495728
1790341547405458400,6.44345849609375,0.08001518249511719,-0.33898472785949707,0.24013003706932068
1790341547421904100,6.459904052734375,0.44909095764160156,-0.11690688133239746,0.4179454445838928
1790341547438348300,6.476348388671875,0.03402137756347656,-0.2651712894439697,-0.11068621277809143
1790341547454793200,6.492793212890625,0.8176374435424805,-0.7160317897796631,-0.41677889227867126
1790341547471238400,6.50923828125,0.5464611053466797,-0.5132734775543213,-0.8950729370117188
1790341547487714300,6.52571435546875,0.4729433059692383,0.6762981414794922,-0.05926012992858887
1790341547504161800,6.542161865234375,-0.07671546936035156,-0.6986591815948486,-0.6019551157951355
1790341547520690700,6.558690673828125,0.9122905731201172,-0.01906418800354004,-0.3840666711330414
1790341547537038600,6.57503857421875,-0.041767120361328125,0.3150184154510498,-0.07381868362426758
1790341547553517800,6.591517822265625,-0.10078048706054688,-1.0562655925750732,-0.4131333529949188
1790341547569962200,6.607962158203125,0.8010902404785156,0.18443989753723145,1.524088740348816
1790341547586407000,6.624406982421875,0.1734447479248047,0.572908878326416,0.26921460032463074
1790341547602848800,6.640848876953125,0.26554107666015625,-0.1484203338623047,-0.8391218185424805
1790341547619294500,6.65729443359375,-0.3552703857421875,-0.15264511108398438,0.46169835329055786
1790341547635686700,6.673686767578125,-0.20888328552246094,-0.24602985382080078,0.6878855228424072
1790341547652181000,6.690180908203125,-0.06933879852294922,0.09906411170959473,-0.7306994199752808
1790341547668630500,6.706630615234375,-0.16232872009277344,-0.5288276672363281,0.3655097484588623
1790341547685102600,6.7231025390625,0.6723041534423828,0.3484227657318115,-0.08685162663459778
1790341547701544200,6.739544189453125,-0.5347089767456055,-0.22334742546081543,-0.8808515667915344
1790341547717986000,6.755986083984375,-0.3071441650390625,0.05821704864501953,0.8010802268981934
1790341547734431200,6.77243115234375,0.13461589813232422,-0.62912917137146,-0.016429901123046875
1790341547750873300,6.788873291015625,-0.18459320068359375,0.48491883277893066,-0.24128171801567078
1790341547767319300,6.8053193359375,0.5398435592651367,-0.398634672164917,0.10813027620315552
1790341547783793700,6.821793701171875,0.1377401351928711,0.2715146541595459,0.4276910126209259
1790341547800237600,6.838237548828125,-0.26851844787597656,0.044075727462768555,0.39408716559410095
1790341547816679200,6.85467919921875,0.7531442642211914,-0.562504768371582,-0.29467445611953735
1790341547833121000,6.87112109375,0.1598796844482422,-0.31760668754577637,0.34054845571517944
1790341547849564400,6.887564453125,-0.3568840026855469,-0.2756843566894531,-0.01667526364326477
1790341547866009300,6.90400927734375,1.0614233016967773,-0.9767366647720337,1.2668763399124146
1790341547882488300,6.92048828125,-0.4329662322998047,1.271662950515747,0.07165214419364929
1790341547898933800,6.936933837890625,0.6677093505859375,-0.34008073806762695,0.2502797842025757
1790341547915373800,6.953373779296875,-0.5612421035766602,-0.24646830558776855,0.8204231262207031
1790341547931816400,6.96981640625,-0.6177949905395508,0.735769510269165,0.15986505150794983
1790341547948256500,6.986256591796875,-0.5028629302978516,-1.8006598949432373,-0.8129853010177612
1790341547964695600,7.002695556640625,1.1061897277832031,-0.35949087142944336,-0.4269401431083679
1790341547981162200,7.019162353515625,0.1536121368408203,0.46792125701904297,-0.785681962966919
1790341547997604400,7.035604248046875,0.48718833923339844,-0.32118701934814453,-1.458808183670044
1790341548014048500,7.052048583984375,-1.5411834716796875,-0.36826539039611816,-0.8675195574760437
1790341548030522000,7.068522216796875,1.017716407775879,-2.0977671146392822,-1.0662968158721924
1790341548046967000,7.084967041015625,1.0764799118041992,0.6865537166595459,-0.49559223651885986
1790341548062449400,7.100449462890625,2.5038976669311523,-1.5308115482330322,-1.150130271911621
1790341548078891300,7.116891357421875,-0.7111301422119141,1.8549911975860596,0.6441588401794434
1790341548095337200,7.133337158203125,-2.3372063636779785,-0.07737183570861816,-0.4742761254310608
1790341548111784200,7.1497841796875,-1.7955589294433594,0.35235095024108887,1.7212268114089966
1790341548127219200,7.16521923828125,-1.1121826171875,1.5626716613769531,-0.06124985218048096
1790341548143720200,7.18172021484375,-2.347266674041748,-0.40170371532440186,-2.416111946105957
1790341548160165400,7.198165283203125,2.1534252166748047,1.972702980041504,2.710191011428833
1790341548176608500,7.2146083984375,-1.4270763397216797,-2.239074945449829,-0.45133697986602783
1790341548193054200,7.23105419921875,-0.991185188293457,-1.5763416290283203,-1.8190994262695312
1790341548209538000,7.2475380859375,-3.824552059173584,-1.2380545139312744,-1.2007901668548584
1790341548226002700,7.264002685546875,3.0074081420898438,0.630868673324585,1.1851990222930908
1790341548242452200,7.2804521484375,1.7633705139160156,1.066251516342163,-1.5132110118865967
1790341548258901500,7.296901611328125,-0.9679956436157227,0.892391562461853,-0.07309791445732117
1790341548275379200,7.313379150390625,-2.9868507385253906,1.3893955945968628,1.2394013404846191
1790341548291827700,7.32982763671875,-2.498619556427002,-2.4205353260040283,-0.4843009412288666
1790341548308277000,7.346277099609375,2.7242040634155273,-1.0487031936645508,0.03919816017150879
1790341548324723700,7.3627236328125,0.9056358337402344,-0.08219516277313232,0.7231572866439819
1790341548341167400,7.37916748046875,4.811690330505371,0.6047073602676392,1.605051040649414
1790341548357611000,7.395611083984375,-2.481363296508789,-0.5243542194366455,-0.23853768408298492
1790341548374058000,7.41205810546875,-2.379093647003174,-1.258461833000183,-1.5177552700042725
1790341548390506200,7.42850634765625,-2.264265537261963,-0.739529550075531,0.3131595849990845
1790341548406951700,7.44495166015625,-2.5474720001220703,-1.1109999418258667,0.42298635840415955
1790341548423398400,7.4613984375,3.633363723754883,0.1386195421218872,-1.3181378841400146
1790341548439846700,7.4778466796875,0.3759632110595703,-0.08979293704032898,-1.1086064577102661
1790341548456297500,7.49429736328125,-0.4544248580932617,0.3831118643283844,0.012875527143478394
1790341548472764700,7.5107646484375,1.3802099227905273,1.9020905494689941,1.1548594236373901
1790341548489213700,7.527213623046875,1.0503253936767578,2.282238721847534,2.492826223373413
1790341548505661700,7.54366162109375,0.4776172637939453,0.139702707529068,1.2854089736938477
1790341548522135000,7.560135009765625,-1.9327378273010254,-0.2487732470035553,-0.6000568866729736
1790341548538518300,7.576518310546875,-0.07268619537353516,-0.0657181441783905,0.22735151648521423
1790341548554963700,7.592963623046875,-0.36651611328125,1.33824622631073,1.0566117763519287
1790341548571409000,7.609408935546875,-1.185807228088379,0.20415791869163513,0.20759522914886475
1790341548587888600,7.625888671875,-0.6861095428466797,-0.5264408588409424,0.3511815667152405
1790341548604348400,7.642348388671875,0.41954517364501953,-0.9699766635894775,-0.558684229850769
1790341548620814000,7.65881396484375,0.16539955139160156,-0.6451061964035034,-0.011162519454956055
1790341548637318000,7.67531787109375,-0.6505403518676758,-0.19995249807834625,-0.2452576458454132
1790341548653816300,7.69181640625,-0.8892240524291992,-0.1318994164466858,-0.5855884552001953
1790341548670263600,7.708263671875,0.5102443695068359,0.6271730065345764,0.2735861539840698
1790341548686711300,7.724711181640625,0.35256385803222656,-0.2684707045555115,-0.012258946895599365
1790341548703159600,7.74115966796875,0.7669610977172852,0.20446884632110596,-1.191011905670166
1790341548719635700,7.7576357421875,0.7973852157592773,0.16331905126571655,-0.1217322051525116
1790341548736082000,7.77408203125,1.0569133758544922,0.5411352515220642,-0.14967624843120575
1790341548752528400,7.7905283203125,-0.7438631057739258,0.7224262952804565,1.010879397392273
1790341548769003000,7.8070029296875,1.1969404220581055,0.015950143337249756,-0.4366530776023865
1790341548785450800,7.82345068359375,-0.6685667037963867,0.15237218141555786,-0.18653731048107147
1790341548801899300,7.839899169921875,-0.5910511016845703,-0.260064959526062,0.41986793279647827
1790341548818346000,7.856345947265625,2.917194366455078,-0.0595775842666626,-1.9800646305084229
1790341548834794000,7.8727939453125,-0.2062997817993164,0.3160132169723511,-0.6474204063415527
1790341548851242500,7.889242431640625,-0.994938850402832,-0.011847972869873047,1.7431063652038574
1790341548867690000,7.90568994140625,1.8612890243530273,0.2259577512741089,-0.61906898021698
1790341548884183300,7.922183349609375,-0.7985630035400391,0.5366276502609253,-0.17269490659236908
1790341548900630500,7.938630615234375,0.009836196899414062,-0.13497960567474365,0.638214647769928
1790341548917077500,7.955077392578125,0.07580089569091797,0.39774060249328613,-0.14998763799667358
1790341548933524000,7.97152392578125,-0.11369895935058594,1.0720494985580444,0.08566102385520935
1790341548949971500,7.987971435546875,-0.7422819137573242,-0.18776583671569824,0.6554909944534302
1790341548966477000,8.00447705078125,0.7742986679077148,0.11744916439056396,-0.5440807342529297
1790341548982924300,8.02092431640625,0.06958961486816406,0.014602422714233398,0.21420621871948242
1790341548999371800,8.037371826171874,-0.21477985382080078,0.1291189193725586,-0.2855086326599121
1790341549015879000,8.05387890625,-0.6047639846801758,-0.11240231990814209,-0.6584690809249878
1790341549032326100,8.070326171875,0.3638572692871094,-0.20714342594146729,0.573449969291687
1790341549048801300,8.08680126953125,0.9884881973266602,0.8627058267593384,-0.4725789427757263
1790341549065150200,8.103150146484374,0.056735992431640625,0.7502467632293701,-1.1618356704711914
1790341549081614300,8.1196142578125,-1.852891445159912,-0.23984259366989136,0.6865986585617065
1790341549098135300,8.13613525390625,1.5673131942749023,0.8955438137054443,-0.27581870555877686
1790341549114584600,8.15258447265625,-0.7490348815917969,-0.37219947576522827,-0.5192365050315857
1790341549131063600,8.1690634765625,-0.3308277130126953,0.1957838535308838,0.7422788143157959
1790341549147513300,8.185513427734374,-0.1760578155517578,-0.625159502029419,-0.5493773221969604
1790341549163979500,8.2019794921875,0.39415931701660156,0.41592729091644287,0.019647061824798584
1790341549180453600,8.21845361328125,-0.23945236206054688,0.33343732357025146,0.35045304894447327
1790341549196903000,8.23490283203125,-0.20526885986328125,0.34833621978759766,-0.35973042249679565
1790341549213318700,8.251318603515625,0.6229839324951172,-0.38657957315444946,-0.8196718692779541
1790341549229722400,8.267722412109375,-0.6348981857299805,-0.9109382629394531,0.20363503694534302
1790341549246241800,8.28424169921875,-0.5115795135498047,0.21898746490478516,-0.11832988262176514
1790341549262764800,8.300764892578124,0.08625411987304688,-0.32476019859313965,0.3542073667049408
1790341549279254800,8.3172548828125,0.17690181732177734,-0.564061164855957,-0.10396027565002441
1790341549295765000,8.333764892578126,-0.18024826049804688,0.7892491817474365,0.3987705111503601
1790341549312266000,8.350265869140625,0.48998546600341797,-0.8745817542076111,-0.12226131558418274
1790341549328746800,8.366746826171875,-0.5969343185424805,0.6796096563339233,0.5525871515274048
1790341549345241600,8.38324169921875,-0.1597309112548828,-0.018327713012695312,-0.466390460729599
1790341549361708800,8.399708740234376,-0.15123462677001953,-1.0183911323547363,0.6224997043609619
1790341549378205700,8.416205810546876,0.6334476470947266,0.12042069435119629,0.7389519810676575
1790341549394706400,8.43270654296875,-0.12612342834472656,0.22400164604187012,-0.2039814442396164
1790341549411230000,8.44922998046875,-0.4608488082885742,0.0019376277923583984,0.5927044153213501
1790341549427724800,8.465724853515624,0.15458297729492188,0.21345996856689453,0.43239688873291016
1790341549444193000,8.482193115234375,-0.6402139663696289,-0.08099883794784546,-0.008555442094802856
1790341549460716000,8.498716064453125,0.41838932037353516,-0.06337273120880127,0.6031701564788818
1790341549477220600,8.515220703125,0.1757335662841797,0.10773241519927979,-0.11002761125564575
1790341549493673000,8.5316728515625,0.36603736877441406,-0.3285003900527954,-0.36071786284446716
1790341549510151400,8.5481513671875,0.19095516204833984,-0.09414947032928467,-0.16338104009628296
1790341549526602200,8.564602294921874,-0.4752836227416992,0.25902223587036133,-0.4536505937576294
1790341549543051000,8.581051025390625,-0.018438339233398438,-0.26796412467956543,0.18990516662597656
1790341549559443500,8.597443359375,-0.4258756637573242,0.005313277244567871,-0.4607367217540741
1790341549575894300,8.613894287109375,0.42510509490966797,-0.33020275831222534,0.04287734627723694
1790341549592346000,8.63034619140625,-1.1809930801391602,0.15858113765716553,0.40447670221328735
1790341549608793900,8.6467939453125,0.2101602554321289,-0.247794508934021,0.15494927763938904
1790341549625242400,8.663242431640626,0.7245254516601562,-0.4678272008895874,-1.077656626701355
1790341549641619000,8.679618896484374,-0.6546726226806641,-0.20643913745880127,0.770111620426178
1790341549658067500,8.6960673828125,0.11544322967529297,-0.43262720108032227,0.10554122924804688
1790341549674515500,8.712515380859376,0.7798709869384766,-0.5735775828361511,-0.2468479573726654
1790341549690962400,8.72896240234375,0.6142387390136719,0.609537661075592,0.6015260219573975
1790341549707440400,8.7454404296875,0.5065727233886719,-0.42921048402786255,-0.3658331632614136
1790341549723889200,8.76188916015625,-0.021627426147460938,-0.3078840970993042,0.14200523495674133
1790341549740408300,8.778408203125,0.14444255828857422,-0.4787709414958954,0.06671503186225891
1790341549756930600,8.7949306640625,0.8632602691650391,-0.26769334077835083,0.26167401671409607
1790341549773424400,8.81142431640625,-0.07299137115478516,-0.6964757442474365,-0.29843035340309143
1790341549789885700,8.8278857421875,-0.12371540069580078,-0.18676191568374634,0.03899690508842468
1790341549806334700,8.844334716796874,0.3425264358520508,0.08769124746322632,1.1048344373703003
1790341549822783000,8.860782958984375,0.5008325576782227,-0.11498963832855225,-0.05527055263519287
1790341549839228000,8.877227783203125,-0.20934295654296875,-0.2604113817214966,-0.027267128229141235
1790341549855671300,8.89367138671875,-0.6503000259399414,-0.2621997594833374,0.16460898518562317
1790341549872116200,8.9101162109375,0.1922454833984375,-0.6396855115890503,-0.028199076652526855
1790341549888563200,8.926563232421875,-0.3623380661010742,-0.38358765840530396,-0.07967120409011841
1790341549905117000,8.943116943359374,0.27484798431396484,-0.56908118724823,-0.139728382229805
1790341549921607000,8.95960693359375,0.2495880126953125,-0.12893378734588623,0.19833990931510925
1790341549938074000,8.97607421875,-0.22211647033691406,0.10656595230102539,-0.16477948427200317
1790341549954551600,8.992551513671875,0.43232154846191406,-0.2335357666015625,0.12654614448547363
1790341549971000300,9.009000244140625,-1.1391925811767578,0.30324989557266235,-0.06521853804588318
1790341549987447600,9.025447509765625,-0.5022983551025391,-0.3864031434059143,0.22631549835205078
1790341550003955500,9.04195556640625,0.28946590423583984,-0.21036255359649658,0.08564680814743042
1790341550020446500,9.058446533203124,-0.8083972930908203,0.03720754384994507,0.18698182702064514
1790341550036951300,9.074951416015624,0.7984075546264648,-0.5860821604728699,-0.1775970757007599
1790341550053382400,9.09138232421875,0.19559288024902344,-0.4127048850059509,0.23644956946372986
1790341550069900000,9.107900146484376,-1.5637598037719727,-0.04646587371826172,-0.06365692615509033
1790341550086364200,9.1243642578125,0.3364524841308594,-0.746971070766449,0.2546558678150177
1790341550102837000,9.1408369140625,0.7089633941650391,-0.5333446860313416,0.051626741886138916
1790341550119289900,9.157289794921875,-0.6108617782592773,0.10584688186645508,-0.8048312664031982
1790341550135737600,9.173737548828125,-0.38527965545654297,0.12903600931167603,0.5437666177749634
1790341550152226800,9.190226806640625,0.4322795867919922,-0.06869018077850342,-0.21616894006729126
1790341550168701000,9.206700927734374,-0.03304767608642578,-0.16179907321929932,-0.6355237364768982
1790341550185209000,9.223208984375,0.6032781600952148,-0.41735056042671204,-0.12829068303108215
1790341550201747000,9.239746826171874,0.10591506958007812,-0.8773407340049744,-0.15444079041481018
1790341550218199300,9.25619921875,0.3881654739379883,0.5822696685791016,-0.47988569736480713
1790341550234562600,9.2725625,0.5820827484130859,0.6501415371894836,0.22203171253204346
1790341550251086300,9.28908642578125,-0.49594783782958984,0.9960588812828064,-0.6453096866607666
1790341550267579400,9.305579345703125,-0.2670936584472656,-0.8044134378433228,-1.2964938879013062
1790341550284086500,9.32208642578125,-0.32566165924072266,0.732225775718689,-0.2508930265903473
1790341550300568600,9.338568603515625,-0.2359933853149414,-0.2062646746635437,-0.29609063267707825
1790341550317018400,9.355018310546875,0.6625576019287109,-0.25868332386016846,-0.3628395199775696
1790341550333497600,9.37149755859375,0.18425941467285156,0.08096688985824585,-0.4449312686920166
1790341550349948000,9.387947998046876,-0.2621736526489258,0.1666610836982727,1.2505991458892822
1790341550366415400,9.404415283203125,0.32560253143310547,0.03929013013839722,-0.3304595649242401
1790341550382861600,9.420861572265625,-0.3336467742919922,0.46987849473953247,-0.4797818064689636
1790341550399328800,9.437328857421875,-0.1593475341796875,-0.5580180883407593,0.19530251622200012
1790341550415801300,9.45380126953125,0.5203399658203125,0.17105412483215332,-0.2677476704120636
1790341550432252200,9.470252197265625,0.45767974853515625,0.07567042112350464,-1.128140926361084
1790341550448776000,9.48677587890625,-0.15488910675048828,-0.3057803511619568,0.35090193152427673
1790341550465222400,9.503222412109375,-0.14311981201171875,0.23901700973510742,-0.2334054410457611
1790341550481739000,9.519739013671876,-0.05037212371826172,-0.014165103435516357,-0.5241378545761108
1790341550498262300,9.53626220703125,-0.8096551895141602,0.038967132568359375,0.13386759161949158
1790341550514725000,9.55272509765625,-0.3035764694213867,0.3166804313659668,-0.6860625147819519
1790341550531169500,9.56916943359375,-0.4653129577636719,-0.07972225546836853,0.019486337900161743
1790341550547611100,9.585611083984375,0.2919492721557617,0.07049000263214111,-0.7105166912078857
1790341550564093700,9.60209375,-0.4950113296508789,-0.5341118574142456,-0.33085930347442627
1790341550580541000,9.618541015625,0.14076805114746094,0.04299500584602356,0.3337222635746002
1790341550596920000,9.634920166015625,0.0250396728515625,-0.37687161564826965,-0.7656445503234863
1790341550613423400,9.65142333984375,-0.18808937072753906,0.1507035195827484,0.008962959051132202
1790341550629870300,9.667870361328125,-0.18972110748291016,0.013687103986740112,-0.1326044201850891
1790341550646315300,9.684315185546875,-0.3251934051513672,0.40608614683151245,-0.08370397984981537
1790341550662760400,9.700760498046876,0.0638570785522461,-0.4487113058567047,-0.333193838596344
1790341550679205600,9.71720556640625,-0.43268585205078125,-0.10514852404594421,-0.7686857581138611
1790341550695682600,9.7336826171875,-1.3341102600097656,-0.8627995252609253,-0.09117414057254791
1790341550712128500,9.75012841796875,0.26616764068603516,0.4301641583442688,0.470424085855484
1790341550728575700,9.76657568359375,-0.9132757186889648,-0.2525346279144287,-0.2856753170490265
1790341550745084400,9.78308447265625,-0.25253772735595703,0.16894185543060303,-0.15929575264453888
1790341550761576000,9.799575927734375,0.5637025833129883,0.25630664825439453,0.5995124578475952
1790341550778085400,9.81608544921875,-0.8804311752319336,0.15447592735290527,-0.8357559442520142
1790341550794533600,9.83253369140625,-0.12703704833984375,0.36604779958724976,0.1721630096435547
1790341550810980600,9.848980712890626,0.3751640319824219,-0.30525699257850647,0.0008085966110229492
1790341550827430700,9.8654306640625,0.7646331787109375,0.02864748239517212,-0.4196229577064514
1790341550843904000,9.881904052734376,0.012858390808105469,-0.04189273715019226,-0.13541509211063385
1790341550860405800,9.89840576171875,-0.32678794860839844,0.10107064247131348,0.14005160331726074
1790341550876900600,9.914900634765624,0.02329254150390625,-0.48586323857307434,-0.05633673071861267
1790341550893393200,9.93139306640625,0.6964988708496094,-0.19688042998313904,-0.29666805267333984
1790341550909858300,9.9478583984375,-0.8280410766601562,1.3098406791687012,0.26132071018218994
1790341550926389200,9.96438916015625,-0.03315544128417969,-0.430122971534729,-0.5678950548171997
1790341550942927000,9.980927001953125,-0.14360904693603516,1.2971854209899902,0.29953503608703613
1790341550959377700,9.997377685546875,-0.9413537979125977,-0.11837700009346008,0.5785796642303467
1790341550975828700,10.013828857421874,0.34790897369384766,0.2693209648132324,-0.5439252853393555
1790341550992308200,10.03030810546875,0.2249736785888672,0.003103792667388916,0.36003294587135315
1790341551008759000,10.046759033203125,0.57244873046875,0.48759785294532776,1.0274384021759033
1790341551025209600,10.063209716796875,-0.19369029998779297,-0.5554304122924805,-0.4732280671596527
1790341551041659000,10.079658935546876,0.611180305480957,0.43586108088493347,0.5951626896858215
1790341551057967600,10.095967529296875,0.5762691497802734,0.028642505407333374,-0.15773001313209534
1790341551074348000,10.11234814453125,-0.6107187271118164,0.12240663170814514,-0.30662593245506287
1790341551090759400,10.128759521484374,0.3001260757446289,-0.9740002155303955,0.43569979071617126
1790341551107206400,10.145206298828125,0.26957035064697266,0.3199295997619629,-0.41372621059417725
1790341551123653400,10.1616533203125,0.12135696411132812,-0.6657228469848633,-0.10834681987762451
1790341551140102700,10.1781025390625,0.061415672302246094,-0.18082943558692932,0.39802101254463196
1790341551156551400,10.194551513671875,-0.8352346420288086,0.26892024278640747,-0.14524470269680023
1790341551172995800,10.210995849609375,-0.5207023620605469,-0.02970638871192932,0.26710793375968933
1790341551189473500,10.2274736328125,-0.0027942657470703125,0.16967672109603882,0.5433406233787537
1790341551205922800,10.2439228515625,0.23759174346923828,-0.15668687224388123,0.0003127157688140869
1790341551222372000,10.2603720703125,-0.3404121398925781,-0.2764861583709717,-1.1112014055252075
1790341551238849300,10.276849365234375,0.18593978881835938,0.37136468291282654,0.3840821385383606
1790341551255298000,10.293298095703125,0.5358104705810547,0.5118207931518555,-0.0545041561126709
1790341551271747300,10.309747314453125,-1.1348953247070312,0.18795225024223328,-0.8810945153236389
1790341551288194800,10.32619482421875,-0.16208171844482422,-0.23975498974323273,0.5119151473045349
1790341551304656100,10.34265625,-0.12807083129882812,-0.16353410482406616,-0.5424297451972961
1790341551321105700,10.359105712890624,0.05174732208251953,0.8477833271026611,-0.1370290368795395
1790341551337553700,10.3755537109375,-1.077641487121582,-0.2682340145111084,0.11378458142280579
1790341551354010000,10.392010009765626,-0.23968124389648438,0.04064375162124634,-0.09087841212749481
1790341551370507500,10.408507568359376,-0.19451141357421875,0.22947311401367188,-0.4395720064640045
1790341551387026700,10.425026611328125,0.011056900024414062,-0.026438504457473755,-0.3097427785396576
1790341551403482600,10.441482666015625,-0.7533950805664062,-0.27781903743743896,-0.19755712151527405
1790341551419928300,10.45792822265625,0.3421773910522461,-0.14413610100746155,0.5354334115982056
1790341551436409300,10.474409423828124,0.24313735961914062,0.4484359920024872,0.032918304204940796
1790341551452860000,10.49085986328125,-0.1525125503540039,-0.17175418138504028,0.01751089096069336
1790341551469310200,10.507310302734375,0.28278636932373047,0.8613218665122986,0.4523423910140991
1790341551485787400,10.523787353515624,-0.36345481872558594,-1.0466090440750122,-0.5637507438659668
1790341551502279200,10.540279052734375,0.895843505859375,0.8311711549758911,-0.2518027126789093
1790341551518738700,10.55673876953125,0.314697265625,-0.7570717334747314,0.471147358417511
1790341551535218000,10.573218017578125,0.7441167831420898,-0.1340063214302063,0.3115975558757782
1790341551551667500,10.58966748046875,0.2685108184814453,0.7734237909317017,-0.26561999320983887
1790341551568184300,10.606184326171874,-0.3763151168823242,-0.12621542811393738,0.20869529247283936
1790341551584632600,10.622632568359375,0.3623619079589844,0.7531903982162476,0.2787950932979584
1790341551600092700,10.6380927734375,-0.36922645568847656,-0.22975683212280273,-1.1420239210128784
1790341551616539000,10.654538818359375,-0.8688621520996094,-0.2182755470275879,0.09868115186691284
1790341551633017000,10.67101708984375,-0.8178539276123047,-0.04740375280380249,0.965994119644165
1790341551649505500,10.687505615234375,-0.4235219955444336,-0.6136369109153748,-0.8555591106414795
1790341551665949000,10.703948974609375,-0.49857521057128906,0.5276878476142883,0.8911128044128418
1790341551682362000,10.720362060546876,0.20402145385742188,-0.22223180532455444,0.4216175973415375
1790341551698808600,10.73680859375,0.6124267578125,-0.03731396794319153,-0.8833470344543457
1790341551715330600,10.75333056640625,-0.5348682403564453,-0.06674569845199585,0.44889160990715027
1790341551731821600,10.769821533203125,1.2208309173583984,-0.020207852125167847,-0.23926660418510437
1790341551748274700,10.786274658203125,0.045318603515625,-0.04957273602485657,-1.2664134502410889
1790341551764723700,10.8027236328125,0.4943714141845703,-0.26436978578567505,0.5730260610580444
1790341551781168600,10.819168701171876,0.4833078384399414,0.8534311056137085,-0.0008632838726043701
1790341551797654300,10.835654296875,-0.6610994338989258,-0.38670027256011963,-1.3883469104766846
1790341551814113500,10.852113525390624,0.2058553695678711,0.44531428813934326,1.0410059690475464
1790341551830587100,10.868587158203125,0.8116073608398438,0.2823570966720581,-0.3766981363296509
1790341551847060500,10.885060546875,-1.2522268295288086,-0.20788723230361938,-0.4400686025619507
1790341551863552800,10.901552734375,-0.8835239410400391,-0.40706726908683777,0.53641676902771
1790341551879998200,10.917998291015625,0.7966575622558594,0.6497700214385986,0.26266440749168396
1790341551896479200,10.934479248046875,-0.4177408218383789,0.25574806332588196,-0.9005999565124512
1790341551912926000,10.950926025390626,-0.9925861358642578,-0.0029848217964172363,0.9024330377578735
1790341551929433600,10.96743359375,0.096221923828125,1.2913496494293213,-0.2592075765132904
1790341551945916400,10.98391650390625,-0.36197853088378906,-0.9083927869796753,-0.6682114601135254
1790341551962365700,11.00036572265625,0.3389892578125,0.45056313276290894,0.37114641070365906
1790341551978870500,11.01687060546875,0.7144098281860352,-0.3564647138118744,-0.316119909286499
1790341551995342600,11.033342529296876,0.7316741943359375,-0.3386973738670349,0.17632722854614258
1790341552011818000,11.04981787109375,0.2843494415283203,0.006317943334579468,-0.25021782517433167
1790341552028269300,11.066269287109375,-0.5428457260131836,-1.3353641033172607,0.42350444197654724
1790341552044721700,11.0827216796875,0.937687873840332,-0.006564617156982422,-0.8279895782470703
1790341552061130200,11.099130126953124,-1.4720020294189453,-0.15557247400283813,0.8380843997001648
1790341552077604400,11.115604248046875,0.37931156158447266,0.34950965642929077,0.11741110682487488
1790341552094076000,11.132075927734375,-1.252467155456543,-0.8192558884620667,-0.8434336185455322
1790341552110524000,11.14852392578125,0.8748512268066406,0.41564688086509705,1.1526572704315186
1790341552126968300,11.16496826171875,-1.255350112915039,-0.37931159138679504,-1.2215007543563843
1790341552143414500,11.18141455078125,-0.6773014068603516,0.3534960448741913,0.35975369811058044
1790341552159861000,11.197861083984375,0.44687366485595703,0.31100785732269287,-0.08889934420585632
1790341552176337700,11.214337646484376,-0.4418182373046875,-0.8614758253097534,-0.902045726776123
1790341552192801000,11.230801025390624,0.3741931915283203,0.6518036723136902,-0.2535780072212219
1790341552209247200,11.247247314453125,-0.3696756362915039,-0.4619974195957184,0.058524906635284424
1790341552225723100,11.26372314453125,-0.06732654571533203,0.017790496349334717,-1.0665223598480225
1790341552242172700,11.280172607421875,-0.7082901000976562,-0.16696324944496155,-0.0416485071182251
1790341552258622200,11.296622314453124,0.8538856506347656,0.15175089240074158,0.4223494231700897
1790341552274908700,11.31290869140625,-0.1657724380493164,0.0855366587638855,-0.9472867250442505
1790341552291358200,11.329358154296875,-0.3685598373413086,-0.1985240876674652,0.7541278600692749
1790341552307805000,11.345804931640625,0.48871517181396484,0.857816219329834,-0.05686834454536438
1790341552324298500,11.362298583984375,-0.05722236633300781,-0.2465142160654068,-0.5832693576812744
1790341552340758300,11.37875830078125,0.5776309967041016,1.3746898174285889,0.4051593244075775
1790341552357255400,11.39525537109375,-0.48084068298339844,-0.16993695497512817,-0.8393757343292236
1790341552373744000,11.411744140625,-0.24660778045654297,0.8667410612106323,-0.7385349273681641
1790341552390237200,11.4282373046875,-0.40522098541259766,-0.0008064806461334229,-0.566636323928833
1790341552406731800,11.444731689453125,-0.1301136016845703,-0.23376937210559845,0.5691709518432617
1790341552423257600,11.461257568359375,2.043025016784668,0.2776079475879669,-0.32438716292381287
1790341552439724500,11.477724609375,-1.7374591827392578,-0.5304230451583862,-0.8539099097251892
1790341552456202500,11.494202392578124,0.060782432556152344,-0.267644464969635,0.9901520609855652
1790341552472692000,11.51069189453125,0.6257972717285156,-0.023441433906555176,-0.6726623773574829
1790341552489144300,11.527144287109374,0.11420059204101562,-0.11084401607513428,-1.0316567420959473
1790341552505621800,11.543621826171876,-0.15323734283447266,-0.6609102487564087,0.3136064410209656
1790341552522068200,11.560068115234374,0.741917610168457,0.7329937219619751,0.036738812923431396
1790341552538516200,11.57651611328125,-0.45521068572998047,0.3670467138290405,0.3447726368904114
1790341552554991400,11.592991455078124,-0.36911582946777344,0.039121031761169434,-0.6352431774139404
1790341552571377000,11.609376953125,-0.7937555313110352,0.19699692726135254,-0.48291265964508057
1790341552587849700,11.625849609375,0.06014442443847656,-0.13462552428245544,-0.13493914902210236
1790341552604264200,11.64226416015625,0.13580322265625,0.5605213046073914,-0.33912521600723267
1790341552620692200,11.658692138671874,-1.32794189453125,-0.4834877550601959,-0.06199197471141815
1790341552637165600,11.67516552734375,0.37546443939208984,-0.3137356638908386,0.7081620097160339
1790341552653612500,11.691612548828125,0.2498626708984375,0.1262943148612976,0.04586873948574066
1790341552670032600,11.70803271484375,-0.19100379943847656,0.09963354468345642,0.5809849500656128
1790341552686530800,11.72453076171875,0.7187356948852539,-0.1930811107158661,0.3999335765838623
1790341552703050500,11.741050537109375,-0.3298063278198242,0.9255980253219604,-0.8502958416938782
1790341552719572000,11.757572021484375,-0.8966999053955078,-0.4834024906158447,0.6883336901664734
1790341552736021200,11.774021240234376,1.515096664428711,1.4630991220474243,-0.1395043432712555
1790341552752499500,11.79049951171875,-2.1022849082946777,0.010264039039611816,0.05589699745178223
1790341552768948200,11.8069482421875,-1.3359975814819336,-1.0282199382781982,0.6737295389175415
1790341552785395500,11.8233955078125,2.2923126220703125,1.1204044818878174,-1.1182774305343628
1790341552801870300,11.839870361328124,-1.94077730178833,-1.2951005697250366,0.557226300239563
1790341552818317300,11.8563173828125,0.6729660034179688,0.21723324060440063,-0.35163846611976624
1790341552834793700,11.872793701171876,-0.35993480682373047,-1.3325469493865967,-1.5366612672805786
1790341552851263000,11.889262939453126,0.9014835357666016,-0.1800553798675537,-0.11862324923276901
1790341552867746300,11.905746337890625,-0.5475797653198242,-0.6020106673240662,-0.5508540868759155
1790341552884206300,11.922206298828126,-0.10707759857177734,-0.38949480652809143,-0.20518608391284943
1790341552900650000,11.93864990234375,-1.330270767211914,1.2802265882492065,-0.18331988155841827
1790341552917143800,11.955143798828125,0.7659025192260742,-2.0890817642211914,-0.1918385922908783
1790341552933590500,11.971590576171875,0.1548004150390625,0.0598432719707489,1.5699712038040161
1790341552949979600,11.987979736328125,-1.445033073425293,2.780151605606079,-0.3896864056587219
1790341552966482400,12.004482421875,0.5347318649291992,-2.702112913131714,-0.3064011335372925
1790341552982928100,12.02092822265625,-0.26482105255126953,2.3707804679870605,-0.0802636668086052
1790341552999388000,12.037387939453126,-0.2334890365600586,2.7709109783172607,1.7324388027191162
1790341553015836700,12.053836669921875,2.8197107315063477,-3.6277730464935303,-0.5606305003166199
1790341553032287700,12.070287841796874,1.3931055068969727,2.372389316558838,-1.643013596534729
1790341553048788000,12.0867880859375,-3.3833370208740234,-0.7129887342453003,1.3434282541275024
1790341553065237200,12.1032373046875,0.27779388427734375,2.487403154373169,-0.16636359691619873
1790341553081688000,12.11968798828125,-1.5541553497314453,-2.2116644382476807,-2.252019166946411
1790341553098139100,12.13613916015625,-0.2698221206665039,1.3596469163894653,1.272180199623108
1790341553114558000,12.152557861328125,-0.15921783447265625,-0.9452975392341614,-0.7770189046859741
1790341553130995500,12.168995361328125,-0.4452228546142578,0.5311723947525024,-1.0383851528167725
1790341553147383000,12.185383056640624,-0.5321121215820312,0.13585959374904633,1.1574163436889648
1790341553163849700,12.201849609375,0.48976707458496094,0.3201879858970642,-0.3119056820869446
1790341553180299300,12.21829931640625,-0.11434364318847656,-0.08525334298610687,-0.7563509941101074
1790341553196750000,12.23475,-2.1186647415161133,-0.7144834399223328,1.8414050340652466
1790341553213232400,12.251232421875,3.14743709564209,0.09427060931921005,-0.5782549381256104
1790341553229684000,12.26768408203125,-1.0472097396850586,-0.011317339725792408,1.6153638362884521
1790341553246131500,12.28413134765625,1.375762939453125,1.592430830001831,0.07414551079273224
1790341553262583000,12.3005830078125,1.993535041809082,-0.5614985227584839,-1.156069040298462
1790341553278984200,12.316984130859375,-0.9047355651855469,-0.0444985032081604,1.6626490354537964
1790341553295432000,12.333431884765625,-3.647034168243408,-1.3390976190567017,-3.5556769371032715
1790341553311878000,12.3498779296875,1.8816862106323242,0.5255950689315796,5.68992280960083
1790341553328322600,12.366322509765626,6.258645057678223,2.2712576389312744,3.413689613342285
1790341553344766700,12.3827666015625,-5.82666015625,-2.592641830444336,-3.710282325744629
1790341553361215200,12.39921533203125,-3.3824596405029297,1.0077444314956665,2.689277172088623
1790341553377664000,12.4156640625,-0.4871969223022461,-1.4926786422729492,-0.2917850613594055
1790341553394111200,12.432111328125,-1.203303337097168,1.4999781847000122,0.22662724554538727
1790341553410571300,12.4485712890625,0.2882061004638672,-1.2382701635360718,0.2108806073665619
1790341553427015400,12.465015380859375,-0.36350154876708984,1.1338422298431396,-1.2363076210021973
1790341553443459800,12.4814599609375,-2.274324893951416,-0.914267361164093,0.04713328555226326
1790341553459935700,12.497935791015625,1.5736370086669922,-0.16243529319763184,-0.3955989480018616
1790341553476383200,12.51438330078125,1.2196226119995117,-0.8200207948684692,-1.2619277238845825
1790341553492830000,12.530829833984376,0.4582061767578125,-0.4133792519569397,0.7707633376121521
1790341553509277000,12.54727685546875,1.3867206573486328,0.3129233419895172,-0.11366353929042816
1790341553525721900,12.563721923828124,-0.6654043197631836,0.826130211353302,1.0675404071807861
1790341553542164500,12.58016455078125,-0.23400115966796875,0.3624218702316284,-0.19268274307250977
1790341553558607000,12.596607177734375,-0.886688232421875,-0.12101081013679504,0.7066707611083984
1790341553575010600,12.613010498046876,-1.3936071395874023,-0.03136350214481354,-0.6147721409797668
1790341553591454000,12.629453857421876,0.8833074569702148,-0.8906108736991882,-0.7183904051780701
1790341553607902200,12.645902099609375,0.06186676025390625,1.1981092691421509,0.23291663825511932
1790341553624361200,12.662361328125,0.7129268646240234,-0.2072746902704239,0.11342722177505493
1790341553640810000,12.67881005859375,1.5056085586547852,0.24268142879009247,-0.17367371916770935
1790341553657287000,12.695286865234374,0.725947380065918,0.04529114067554474,0.32087716460227966
1790341553673732400,12.711732421875,1.0149660110473633,0.19590330123901367,0.8009373545646667
1790341553690175000,12.728175048828126,-0.5699100494384766,-0.43028703331947327,-1.2336677312850952
1790341553706650400,12.744650390625,-0.14815616607666016,-0.6216180324554443,0.42522314190864563
1790341553723097900,12.761097900390626,0.7041397094726562,0.1260007917881012,-0.8010506629943848
1790341553739545600,12.777545654296874,-0.7279815673828125,-1.08052396774292,-0.7413419485092163
1790341553755993900,12.793993896484375,0.0937347412109375,0.6206550598144531,0.7459542751312256
1790341553772441300,12.81044140625,-0.06281280517578125,-0.26475805044174194,-0.07727289944887161
1790341553788891100,12.82689111328125,0.43837547302246094,0.5831091403961182,-0.8983079195022583
1790341553805336800,12.8433369140625,-0.1524200439453125,0.01014527678489685,-0.78248131275177
1790341553821784000,12.8597841796875,-0.38411712646484375,0.3577761948108673,0.0937700867652893
1790341553838231000,12.87623095703125,-0.3379077911376953,-0.10791069269180298,-0.8364629149436951
1790341553854680800,12.892680908203126,1.042283058166504,-0.08216342329978943,0.0054923961870372295
1790341553871127000,12.909126953125,0.9026803970336914,0.5632036328315735,-0.0939708948135376
1790341553887573500,12.925573486328124,-0.8044939041137695,-0.3691835403442383,0.6978278160095215
1790341553904052500,12.942052490234374,1.2923698425292969,0.5930616855621338,1.3759044408798218
1790341553920498200,12.958498291015625,0.526127815246582,0.6935476064682007,-0.22601889073848724
1790341553936944000,12.974944091796875,-0.23966503143310547,0.2631586492061615,1.086369514465332
1790341553953352400,12.9913525390625,-0.4380064010620117,-0.033963412046432495,0.03782837092876434
1790341553969800700,13.00780078125,-0.84002685546875,0.08328041434288025,-0.7038033604621887
1790341553986250800,13.024250732421875,-1.107818603515625,-0.7351455688476562,0.9946379661560059
1790341554002698800,13.04069873046875,0.8077468872070312,0.5919514894485474,0.35655295848846436
1790341554019146000,13.05714599609375,-0.4446401596069336,-0.3621377646923065,-0.966890811920166
1790341554035592200,13.07359228515625,-1.378732681274414,0.1222313940525055,0.9730811715126038
1790341554052039200,13.0900390625,0.2912473678588867,-0.08713296055793762,-0.14819151163101196
1790341554068419300,13.10641943359375,-0.3972053527832031,0.2893969416618347,-0.6665303111076355
1790341554084832500,13.12283251953125,-0.5753326416015625,0.5856341123580933,1.189576506614685
1790341554101247500,13.13924755859375,0.659419059753418,-0.12640665471553802,0.2262558788061142
1790341554117693700,13.155693603515624,0.541895866394043,-0.17516237497329712,-0.7567744851112366
1790341554134141700,13.1721416015625,-0.30089664459228516,-0.06101648509502411,0.04045490920543671
1790341554150611000,13.18861083984375,1.0256385803222656,-0.2152891606092453,-0.4597303867340088
1790341554167057400,13.205057373046875,0.4343433380126953,0.06947587430477142,-0.35570526123046875
1790341554183509800,13.221509765625,0.15446758270263672,0.14401337504386902,0.45115137100219727
1790341554200022300,13.238022216796875,0.3531932830810547,0.05652587488293648,-0.8199009299278259
1790341554216490500,13.254490478515624,0.10653400421142578,0.6937188506126404,0.11260916292667389
1790341554232937700,13.270937744140625,0.3840599060058594,0.5371248722076416,-0.328840434551239
1790341554249383000,13.2873828125,0.4030332565307617,0.20749318599700928,0.10741250962018967
1790341554265830400,13.303830322265625,0.25930118560791016,0.20684173703193665,0.7737202644348145
1790341554282261200,13.32026123046875,-0.2530641555786133,0.3143617808818817,-0.06625497341156006
1790341554298658600,13.336658447265625,0.7406015396118164,0.14013712108135223,0.5224088430404663
1790341554315104800,13.353104736328126,-0.056636810302734375,0.029541995376348495,0.16513100266456604
1790341554331548200,13.369548095703125,-1.2655267715454102,0.8392009735107422,-0.2712467908859253
1790341554348051000,13.386051025390625,1.0952606201171875,0.30102935433387756,0.20461875200271606
1790341554364505300,13.40250537109375,-0.41774463653564453,0.31027770042419434,-0.3254507780075073
1790341554380966400,13.41896630859375,-1.6313056945800781,0.5119037628173828,-0.687850296497345
1790341554397436200,13.435436279296875,0.8086462020874023,-0.027720123529434204,-0.13503673672676086
1790341554413875500,13.45187548828125,1.366795539855957,-0.3211205005645752,0.08507083356380463
1790341554430320000,13.468320068359375,-1.0438404083251953,0.4077027440071106,-0.2295496165752411
1790341554446790700,13.484790771484375,-1.000563621520996,0.5720996260643005,-0.7126766443252563
1790341554463230500,13.50123046875,0.9003677368164062,-0.08563123643398285,-0.07266852259635925
1790341554479671300,13.51767138671875,0.05496406555175781,-0.23665308952331543,-0.43332791328430176
1790341554496111400,13.534111328125,-0.22791194915771484,-0.21321187913417816,-0.6044449210166931
1790341554512555300,13.55055517578125,0.26736927032470703,-0.5948801636695862,-0.47203528881073
1790341554529002500,13.56700244140625,0.3458442687988281,-0.8074714541435242,-0.20108678936958313
1790341554545447700,13.58344775390625,-0.3298501968383789,-0.9231230020523071,-0.5765464305877686
1790341554561894700,13.599894775390625,0.8385581970214844,-1.3176885843276978,-0.49791476130485535
1790341554578344000,13.616343994140625,0.38155555725097656,-1.0757204294204712,-0.08777551352977753
1790341554594790400,13.632790283203125,-0.0275726318359375,-0.6247050166130066,0.7536587119102478
1790341554611238700,13.64923876953125,-0.8844242095947266,-0.17353512346744537,1.027164101600647
1790341554627665400,13.66566552734375,0.34880733489990234,-0.06197282671928406,2.0855965614318848
1790341554644134700,13.682134765625,-0.13938236236572266,-0.4777979552745819,2.2178852558135986
1790341554660578600,13.69857861328125,-0.18951416015625,-1.2883613109588623,2.4135642051696777
1790341554677020400,13.7150205078125,-0.562586784362793,-0.30293935537338257,-0.18072549998760223
1790341554693493200,13.7314931640625,-0.1764354705810547,-0.49877917766571045,-0.3529603183269501
1790341554709954600,13.74795458984375,-0.02023601531982422,0.08458728343248367,0.011511057615280151
1790341554726437000,13.76443701171875,1.3501825332641602,0.8416581749916077,0.037072330713272095
1790341554742886700,13.78088671875,-1.1029462814331055,-0.46465641260147095,-0.48603639006614685
1790341554759333600,13.797333740234375,0.579045295715332,-0.01172357052564621,0.4082414209842682
1790341554775811800,13.813811767578125,0.38892078399658203,-0.07495655119419098,0.25522923469543457
1790341554792264700,13.8302646484375,0.882843017578125,0.15976861119270325,-0.08443477749824524
1790341554808745200,13.8467451171875,0.3973379135131836,0.020072251558303833,-0.5424435138702393
1790341554825193200,13.863193115234376,0.4192342758178711,0.8110706806182861,0.555685818195343
1790341554841667600,13.87966748046875,0.44092845916748047,0.6758261322975159,0.11765936017036438
1790341554858119400,13.896119384765624,0.6929683685302734,0.6875429153442383,0.06036767363548279
1790341554874567000,13.91256689453125,0.0707712173461914,0.37575024366378784,0.29789796471595764
1790341554891036700,13.92903662109375,-0.11244487762451172,0.5818121433258057,0.04348236322402954
1790341554907484400,13.945484375,-1.6200342178344727,0.8767129778862,0.06984353065490723
1790341554923933000,13.961932861328124,-2.111858367919922,0.9722635746002197,0.8420436382293701
1790341554940435700,13.978435791015626,-0.8443174362182617,0.825857400894165,0.1186181902885437
1790341554956878000,13.994878173828125,-0.35377979278564453,-0.33106160163879395,-0.3024244010448456
1790341554973268700,14.011268798828125,-0.057900428771972656,0.2726615071296692,0.6305720210075378
1790341554989714700,14.027714599609375,0.11998844146728516,-1.8561632633209229,0.6296293139457703
1790341555006165000,14.0441650390625,0.7193126678466797,1.7518243789672852,0.44732415676116943
1790341555022673000,14.0606728515625,-0.7409553527832031,-1.9819915294647217,-0.2143547683954239
1790341555039163100,14.0771630859375,0.9880790710449219,2.0216915607452393,-0.09368784725666046
1790341555055590000,14.09358984375,-1.7285528182983398,-1.116919994354248,-0.14361053705215454
1790341555072057600,14.1100576171875,0.5139522552490234,2.1400303840637207,-0.33593833446502686
1790341555088534500,14.126534423828126,-1.8955411911010742,-0.9598506093025208,0.9467429518699646
1790341555104980500,14.14298046875,2.2529220581054688,0.28533944487571716,0.24730348587036133
1790341555121429800,14.1594296875,-0.0036058425903320312,-0.07861018180847168,0.37912657856941223
1790341555137941200,14.175941162109375,0.653559684753418,-0.4239186942577362,0.30602461099624634
1790341555154385700,14.1923857421875,1.5413103103637695,-0.038224101066589355,-0.2886829972267151
1790341555170832400,14.208832275390625,-0.37558841705322266,-0.5490363240242004,0.3432059586048126
1790341555187308300,14.225308349609374,0.7578802108764648,0.5122802257537842,0.5894457101821899
1790341555203754000,14.24175390625,-0.3298501968383789,-0.7725418210029602,-0.37367814779281616
1790341555220198700,14.25819873046875,1.0982389450073242,0.9989096522331238,0.17066240310668945
1790341555236641800,14.274641845703124,-0.18203163146972656,0.1379675269126892,0.15194562077522278
1790341555253090800,14.2910908203125,-0.4796628952026367,0.3491748571395874,-0.20154453814029694
1790341555269539000,14.3075390625,-0.39120960235595703,0.5938583612442017,0.019292473793029785
1790341555285993000,14.323992919921874,-0.42160892486572266,0.7375677824020386,0.01515805721282959
1790341555302383600,14.340383544921876,-0.5693788528442383,0.4224529266357422,-0.0868617594242096
1790341555318831900,14.356831787109375,0.3508167266845703,1.0444819927215576,-0.6967540979385376
1790341555335311000,14.37331103515625,-1.0819330215454102,-0.0362170934677124,-0.2310853749513626
1790341555351801300,14.38980126953125,-0.29440975189208984,0.17493760585784912,-0.003535240888595581
1790341555368263700,14.406263671875,0.034125328063964844,0.7765389680862427,-0.037695884704589844
1790341555384734500,14.422734375,-0.2498455047607422,-0.6006945371627808,-0.01059180498123169
1790341555401210600,14.439210693359374,0.9975423812866211,0.5492324829101562,0.417991042137146
1790341555417725400,14.455725341796875,-0.19351577758789062,-0.49038755893707275,-0.4627959132194519
1790341555434242000,14.472241943359375,-0.1692190170288086,0.40202999114990234,0.15060964226722717
1790341555450702600,14.48870263671875,0.1147928237915039,0.11902034282684326,0.16442307829856873
1790341555467158000,14.505157958984375,-0.8013687133789062,0.4002116918563843,-0.5474611520767212
1790341555483632000,14.521632080078126,-1.1466522216796875,1.052376389503479,-0.23921111226081848
1790341555500074800,14.53807470703125,-0.6562595367431641,-0.45075011253356934,-0.4655103087425232
1790341555516521500,14.554521484375,0.6794195175170898,0.1595991849899292,-0.0015697181224822998
1790341555532972800,14.570972900390625,-0.7182207107543945,-0.39021092653274536,-0.10773739218711853
1790341555549420500,14.587420654296874,-0.0126800537109375,-0.35767465829849243,0.04228818416595459
1790341555565868800,14.603868896484375,0.6150388717651367,0.3794175386428833,0.0173569917678833
1790341555582339600,14.620339599609375,-0.19269180297851562,-0.29030105471611023,-0.09211137890815735
1790341555598858200,14.636858154296876,1.3413867950439453,-0.31426793336868286,-0.43412449955940247
1790341555615301600,14.653301513671876,0.6483163833618164,-0.2639799118041992,0.04830506443977356
1790341555631714300,14.66971435546875,0.6566619873046875,-0.561240553855896,-0.5532011985778809
1790341555648199200,14.68619921875,0.7976064682006836,-0.041919171810150146,0.16304877400398254
1790341555664686800,14.702686767578125,0.031966209411621094,0.01330074667930603,0.03870499134063721
1790341555681203500,14.719203369140626,0.047011375427246094,-0.16287626326084137,-0.18291911482810974
1790341555697666800,14.735666748046874,-0.06305885314941406,1.334854006767273,-0.4154357314109802
1790341555714113500,14.752113525390625,-0.9415769577026367,0.5362143516540527,-1.2025673389434814
1790341555730559500,14.7685595703125,-0.9767694473266602,0.44902247190475464,-0.7614058256149292
1790341555747005400,14.78500537109375,-0.7731838226318359,0.27437227964401245,-0.7666937708854675
1790341555763450600,14.80145068359375,0.7046194076538086,0.1006397008895874,-0.28476718068122864
1790341555779898600,14.817898681640624,-0.13234233856201172,0.2412140965461731,-0.42586183547973633
1790341555796344000,14.834343994140625,0.22066402435302734,0.35970503091812134,0.26616936922073364
1790341555812793600,14.850793701171876,0.07819652557373047,0.21890011429786682,0.5042644143104553
1790341555829243400,14.867243408203125,-0.4783668518066406,0.11782020330429077,0.6152905225753784
1790341555845693700,14.883693603515624,0.16254520416259766,0.018233783543109894,1.4140355587005615
1790341555862139600,14.9001396484375,0.20264053344726562,-0.630465567111969,1.2126412391662598
1790341555878611000,14.91661083984375,0.8922338485717773,-1.1127363443374634,1.0155377388000488
1790341555895057700,14.9330576171875,0.7055435180664062,-1.4128611087799072,1.134187936782837
1790341555911502300,14.94950244140625,0.36332130432128906,-1.7178540229797363,0.961993932723999
1790341555927975400,14.965975341796875,0.43071651458740234,-2.07995343208313,0.610296905040741
1790341555944420000,14.982420166015626,0.1367778778076172,-0.970906138420105,-0.6327306628227234
1790341555960864300,14.9988642578125,-0.5116033554077148,-0.7226092219352722,-1.6598763465881348
1790341555977147100,15.015147216796874,0.7919721603393555,0.02066001296043396,1.089365005493164
1790341555993595000,15.031594970703125,0.10560035705566406,-0.22084689140319824,-0.2026577591896057
1790341556010042600,15.048042724609376,-0.9835290908813477,0.010958552360534668,-0.3637179434299469
1790341556026535700,15.06453564453125,-0.6935901641845703,-0.7561281323432922,0.5222572088241577
1790341556043004700,15.081004638671875,-0.2580299377441406,0.7494816780090332,0.7587615251541138
1790341556059443500,15.097443359375,-0.2871274948120117,-0.309588760137558,0.12915530800819397
1790341556075927000,15.113927001953124,-0.9506292343139648,-0.4885703921318054,0.7707254886627197
1790341556092382200,15.13038232421875,-0.8354330062866211,0.249496728181839,1.3972750902175903
1790341556108857600,15.146857666015626,-1.0367136001586914,-1.1395691633224487,-0.49915269017219543
1790341556125262800,15.163262939453125,1.3842592239379883,-2.267416000366211,0.183151513338089
1790341556141708500,15.17970849609375,1.0151472091674805,1.132914423942566,1.829966425895691
1790341556158159000,15.1961591796875,0.39002132415771484,-3.2402358055114746,-0.3557252585887909
1790341556174667300,15.212667236328125,0.5045499801635742,1.8075693845748901,-0.4290919601917267
1790341556191114200,15.2291142578125,-0.5809698104858398,1.0704762935638428,-0.8956419825553894
1790341556207589600,15.245589599609374,-2.3591513633728027,0.44122064113616943,-3.840317726135254
1790341556224040400,15.26204052734375,-1.2576866149902344,-3.1437244415283203,2.408836841583252
1790341556240493600,15.27849365234375,3.3223609924316406,3.6288630962371826,2.2591636180877686
1790341556256970800,15.294970703125,-2.763284206390381,-1.5388728380203247,-4.270229816436768
1790341556273424000,15.311423828125,0.9490804672241211,3.66652512550354,0.6513702869415283
1790341556289898000,15.32789794921875,-2.7468161582946777,-2.537809371948242,1.7643969058990479
1790341556306345000,15.344344970703125,2.823566436767578,2.112703561782837,-2.1769843101501465
1790341556322806300,15.36080615234375,-3.887507915496826,-1.6210883855819702,-0.8273144960403442
1790341556339253500,15.37725341796875,0.5541496276855469,-0.027656670659780502,1.452559232711792
1790341556355701800,15.39370166015625,0.3117971420288086,2.397024393081665,-1.6401336193084717
1790341556372167400,15.41016748046875,-0.7534885406494141,-0.41662168502807617,1.188663125038147
1790341556388617000,15.426616943359376,1.9862070083618164,1.7578747272491455,2.102546215057373
1790341556405069000,15.443069091796875,-1.6251697540283203,0.3476206064224243,-1.3778586387634277
1790341556421559300,15.459559326171876,-0.9424009323120117,-1.4771735668182373,0.7001644372940063
1790341556438007800,15.4760078125,2.1202993392944336,-3.314760446548462,0.11956405639648438
1790341556454458400,15.492458251953124,4.8711347579956055,2.236159086227417,2.752570152282715
1790341556470901000,15.50890087890625,-2.630845546722412,-2.96313738822937,0.9200897812843323
1790341556487350300,15.525350341796875,-0.060057640075683594,0.48629024624824524,-2.1888821125030518
1790341556503797800,15.5417978515625,8.149894714355469,9.428903579711914,-1.437775731086731
1790341556520252200,15.558252197265626,-8.6433744430542,-0.6161671280860901,-0.25168678164482117
1790341556536751000,15.574751220703124,0.13077640533447266,-0.9692851901054382,-5.120087623596191
1790341556553201400,15.591201416015625,-6.237288475036621,-2.4370222091674805,-2.331244468688965
1790341556569680600,15.6076806640625,-2.031900405883789,-1.895389437675476,2.617341995239258
1790341556586128400,15.62412841796875,7.367107391357422,-2.092348575592041,1.399984359741211
1790341556602505000,15.6405048828125,-2.581103801727295,1.1429176330566406,-4.149490833282471
1790341556618969600,15.656969482421875,0.3796253204345703,1.197211742401123,2.472294807434082
1790341556635422000,15.673421875,0.8463935852050781,-1.073681354522705,1.1074650287628174
1790341556651805700,15.6898056640625,-0.2971334457397461,1.481177806854248,-3.3478355407714844
1790341556668284200,15.7062841796875,-1.775991439819336,-1.3253767490386963,1.8779704570770264
1790341556684749800,15.722749755859375,1.303013801574707,0.5553970336914062,0.15802884101867676
1790341556701222700,15.73922265625,0.5029220581054688,-0.3375895023345947,-1.3883860111236572
1790341556717719800,15.7557197265625,0.34056854248046875,0.2837696373462677,1.9003064632415771
1790341556734166300,15.772166259765624,-0.20096588134765625,0.6306244730949402,-1.0543103218078613
1790341556750611000,15.78861083984375,-0.6945123672485352,-0.013797786086797714,-0.5430243611335754
1790341556767059000,15.805058837890625,0.21084117889404297,-0.3033847212791443,0.9353436231613159
1790341556783548200,15.821548095703125,0.46920204162597656,0.3630284368991852,-0.3759025037288666
1790341556800043500,15.83804345703125,-0.4456453323364258,-0.20457063615322113,0.19550371170043945
1790341556816525600,15.854525634765626,0.004572868347167969,0.09651164710521698,0.502253532409668
1790341556833013200,15.87101318359375,0.12413597106933594,0.2526395320892334,-0.34844738245010376
1790341556849489200,15.8874892578125,-0.17993736267089844,-0.44620126485824585,-0.11643669009208679
1790341556865967900,15.9039677734375,1.4601945877075195,0.29826945066452026,0.244491308927536
1790341556882463000,15.920462890625,0.023659706115722656,0.007140800356864929,-0.4194386601448059
1790341556898942700,15.936942626953124,0.38027000427246094,0.1787758767604828,-0.32053735852241516
1790341556915459600,15.95345947265625,0.2750816345214844,0.5539368391036987,0.5086069107055664
1790341556931946200,15.9699462890625,-0.05788993835449219,0.064188152551651,-0.6941357254981995
1790341556948413200,15.9864130859375,0.7179594039916992,0.42760220170021057,0.09117811918258667
1790341556964874200,16.002874267578125,0.29669761657714844,-0.2541254460811615,0.23004835844039917
1790341556981416200,16.019416259765624,0.3034639358520508,0.10477136075496674,-0.244904026389122
1790341556997905700,16.03590576171875,0.8901042938232422,0.5533761382102966,0.42617157101631165
1790341557014397000,16.05239697265625,-0.08219146728515625,0.1556919366121292,0.41914746165275574
1790341557030861800,16.06886181640625,-0.5731277465820312,0.5595188736915588,-0.8667994737625122
1790341557047354000,16.08535400390625,-0.7047052383422852,0.359413743019104,0.2940398156642914
1790341557063802000,16.101802001953125,-0.3694610595703125,0.2521781027317047,0.2130591869354248
1790341557080248000,16.118248046875,-0.36242103576660156,-0.5002449154853821,-1.2467185258865356
1790341557096762600,16.1347626953125,0.9379434585571289,-0.2917419672012329,0.4015711545944214
1790341557113244200,16.151244140625,0.1815176010131836,-0.6477658748626709,0.37565740942955017
1790341557129740300,16.167740234375,-0.012729644775390625,0.744520902633667,-0.4654151201248169
1790341557146256100,16.184256103515626,-0.6851425170898438,-0.6839272975921631,0.7514495253562927
1790341557162775000,16.200775146484375,0.14077281951904297,0.3902033567428589,-0.6980160474777222
1790341557179260200,16.21726025390625,0.13611984252929688,-0.012724202126264572,-0.10048133134841919
1790341557195760000,16.233760009765625,0.5911149978637695,-0.1919422745704651,0.09562861919403076
1790341557212220200,16.25022021484375,-0.1010284423828125,0.5650150179862976,-0.14921581745147705
1790341557228735200,16.2667353515625,-0.13927936553955078,0.19054779410362244,-0.006759434938430786
1790341557245222700,16.28322265625,-0.735443115234375,0.1336054652929306,0.59429532289505
1790341557261715500,16.299715576171874,-0.6084156036376953,-0.9018288850784302,-0.2469506561756134
1790341557278214000,16.3162138671875,0.9502954483032227,0.39234331250190735,0.17206144332885742
1790341557294673700,16.332673583984374,-0.44821643829345703,-1.5244836807250977,-0.07796397805213928
1790341557311200000,16.349199951171876,1.3572187423706055,0.9597993493080139,0.6517717838287354
1790341557327732500,16.365732421875,-0.8144207000732422,0.38045424222946167,-1.0576415061950684
1790341557344214800,16.38221484375,-1.9168787002563477,-0.5241727828979492,-0.9655014276504517
1790341557360685600,16.398685546875,0.5909633636474609,0.8787845373153687,2.237863063812256
1790341557377161000,16.415160888671874,-1.5810861587524414,-1.8596962690353394,-0.620866060256958
1790341557393668400,16.43166845703125,1.322676658630371,1.3913497924804688,0.3772777020931244
1790341557410151200,16.448151123046873,-0.9938678741455078,-0.4178403913974762,1.7032380104064941
1790341557426607000,16.464607177734376,-1.4157695770263672,-0.044553983956575394,-1.5590438842773438
1790341557443063300,16.481063232421874,-0.38343334197998047,0.9730135202407837,0.5379190444946289
1790341557459525000,16.497525146484374,-0.7015104293823242,-1.65595543384552,1.0619369745254517
1790341557476033300,16.514033203125,1.4745502471923828,1.2083401679992676,-0.9003696441650391
1790341557492521500,16.530521484375,-0.3566465377807617,-0.4144187569618225,1.8852216005325317
1790341557509004500,16.547004638671876,-0.4498462677001953,-0.7860345244407654,-0.40482592582702637
1790341557525491200,16.5634912109375,0.3235645294189453,0.08693934977054596,-0.6274285316467285
1790341557541986000,16.579986083984377,0.4602775573730469,-0.8751378655433655,1.6921671628952026
1790341557558478000,16.59647802734375,0.9461879730224609,0.8707123398780823,-0.6287786960601807
1790341557574967800,16.6129677734375,-1.9343538284301758,-0.5092411637306213,-0.25791019201278687
1790341557591459000,16.629458984375,-0.17667293548583984,0.4497789144515991,0.12710395455360413
1790341557608011300,16.64601123046875,0.4289588928222656,-0.3380333185195923,-0.7900093793869019
1790341557624509200,16.66250927734375,1.2882881164550781,1.030670404434204,-0.08444949984550476
1790341557641027000,16.679027099609375,-0.7371063232421875,-0.7131738066673279,-0.1963077187538147
1790341557657494800,16.695494873046876,0.14645957946777344,0.214974507689476,-0.9888770580291748
1790341557673981400,16.7119814453125,0.17958927154541016,-0.17762279510498047,0.3675841987133026
1790341557690439400,16.728439453125,0.02426433563232422,0.1792641282081604,1.6126130819320679
1790341557706935800,16.744935791015624,-1.1424379348754883,-0.9647838473320007,-0.9969561696052551
1790341557723438800,16.76143896484375,1.3655681610107422,0.4536278247833252,1.8458454608917236
1790341557739927800,16.777927734375,-1.9936423301696777,-0.9330772161483765,-0.9985805749893188
1790341557756416300,16.794416259765626,-0.4176826477050781,1.0490236282348633,0.9737733006477356
1790341557772917800,16.810917724609375,-1.4136543273925781,-1.2213793992996216,-0.5566778779029846
1790341557789411600,16.82741162109375,0.5928268432617188,0.40627288818359375,0.49538424611091614
1790341557805929000,16.843928955078123,-0.3838624954223633,-0.8955734968185425,-0.6043038964271545
1790341557822381300,16.86038134765625,1.222620964050293,0.5367839336395264,-0.35909056663513184
1790341557838865400,16.876865478515626,-0.4578094482421875,-0.42413488030433655,1.296634316444397
1790341557855389700,16.8933896484375,-0.1445913314819336,0.5956593155860901,-1.6653766632080078
1790341557871880700,16.909880615234375,0.35830020904541016,0.3370898962020874,0.3599095940589905
1790341557888359700,16.926359619140626,0.03282928466796875,0.059108760207891464,-0.21494925022125244
1790341557904875300,16.942875244140627,1.0359840393066406,0.7202666401863098,-0.15929007530212402
1790341557921357600,16.959357666015624,0.2986469268798828,0.4580202102661133,0.8756369352340698
1790341557937818000,16.975818115234375,0.13335418701171875,0.22557595372200012,0.15220537781715393
1790341557954308400,16.992308349609374,-1.1739864349365234,0.7767691612243652,-0.3765101730823517
1790341557970774000,17.00877392578125,-1.4109001159667969,-0.5860599279403687,0.2344890534877777
1790341557987257600,17.025257568359375,0.705596923828125,0.051211729645729065,-0.40805375576019287
1790341558003750100,17.041750244140626,0.4280691146850586,-0.1700490415096283,0.2291889786720276
1790341558020251000,17.0582509765625,-0.09389114379882812,-0.22668084502220154,-0.19416391849517822
1790341558036744400,17.074744384765626,-0.12255191802978516,0.20710259675979614,0.5821248292922974
1790341558053226500,17.0912265625,-0.46944427490234375,-0.24186637997627258,0.4878943860530853
1790341558069710600,17.107710693359376,-0.7307252883911133,-0.12377598136663437,-0.8895969390869141
1790341558086167600,17.12416748046875,-0.2441272735595703,-0.17713592946529388,0.7626320719718933
1790341558102698000,17.140697998046875,0.18902111053466797,-0.1683533787727356,-0.28211432695388794
1790341558119190800,17.157190673828126,0.2273731231689453,0.013527996838092804,0.25059324502944946
1790341558135704000,17.1737041015625,0.3400449752807617,0.02414659410715103,0.4824810028076172
1790341558152224500,17.190224609375,-0.8068170547485352,0.3420329988002777,0.3830716907978058
1790341558168712200,17.206712158203125,-0.8956260681152344,-0.049979791045188904,-0.9265527725219727
1790341558185168000,17.22316796875,0.8022575378417969,0.1337033361196518,0.6453695893287659
1790341558201661000,17.239660888671875,0.13904190063476562,0.192330002784729,-0.9369157552719116
1790341558218140400,17.256140380859375,-0.18665122985839844,0.5197280049324036,-0.09512406587600708
1790341558234591700,17.272591796875,-0.49774742126464844,-0.30943745374679565,0.7803479433059692
1790341558251079700,17.28907958984375,0.9984579086303711,0.8180325031280518,-0.8229554891586304
1790341558267580000,17.305579833984375,-0.004452705383300781,-0.43220412731170654,0.27611106634140015
1790341558284076000,17.322075927734375,0.28312015533447266,-0.06898541003465652,0.529413104057312
1790341558300590600,17.338590576171875,-0.217376708984375,0.06726551800966263,-0.31622064113616943
1790341558317038800,17.355038818359375,-0.5165376663208008,0.31741422414779663,0.48581555485725403
1790341558333560300,17.371560302734373,-0.9643373489379883,0.27320584654808044,-0.1519089937210083
1790341558350050000,17.388050048828124,-0.7414979934692383,-0.5440304279327393,0.0005398988723754883
1790341558366547200,17.404547119140624,0.9346227645874023,0.2831529378890991,-0.29974544048309326
1790341558383062300,17.421062255859376,0.032248497009277344,-0.5877346396446228,0.5313551425933838
1790341558399546000,17.437546142578125,0.0896463394165039,1.0472145080566406,-0.8443307876586914
1790341558416029200,17.454029296875,-0.7696123123168945,-1.1684069633483887,0.22814005613327026
1790341558432528600,17.470528564453126,1.4857597351074219,0.20140235126018524,-0.19182199239730835
1790341558449023700,17.487023681640625,0.18547916412353516,0.012129902839660645,0.8304377198219299
1790341558465539000,17.5035390625,0.4393186569213867,-0.7250645160675049,-0.3527877628803253
1790341558481992000,17.519991943359376,0.5398178100585938,0.27593061327934265,0.08676409721374512
1790341558498482700,17.536482666015626,-0.3030080795288086,-0.15276703238487244,0.01388007402420044
1790341558514997500,17.55299755859375,-0.20738601684570312,1.0806180238723755,-0.26344072818756104
1790341558531457800,17.569457763671874,-0.765045166015625,-0.16334207355976105,0.09454679489135742
1790341558547939800,17.58593994140625,0.3743419647216797,-0.21113154292106628,-0.8219436407089233
1790341558564395500,17.6023955078125,1.7871809005737305,0.9468200206756592,1.088431477546692
1790341558580880400,17.61888037109375,-0.24563121795654297,-0.25790077447891235,-0.2177695333957672
1790341558597404400,17.635404296875,-0.30083465576171875,0.47352153062820435,-0.4567064642906189
1790341558613897500,17.6518974609375,-0.6071462631225586,-0.5023443102836609,0.2995886504650116
1790341558630411300,17.668411376953124,0.503575325012207,0.7679685354232788,-0.7651046514511108
1790341558646931700,17.684931640625,-0.044704437255859375,-0.5229634046554565,-0.22619011998176575
1790341558663421000,17.7014208984375,1.071059226989746,0.29057952761650085,-0.12887915968894958
1790341558679849700,17.717849609375,0.020056724548339844,0.2738184928894043,-0.018990933895111084
1790341558696347100,17.73434716796875,-0.5308160781860352,0.33041584491729736,-0.1603832244873047
1790341558712829700,17.75082958984375,0.2880115509033203,0.61461341381073,0.45880064368247986
1790341558729284600,17.76728466796875,-0.4016094207763672,-0.6754579544067383,-0.9903372526168823
1790341558745778700,17.78377880859375,1.130784034729004,0.18673665821552277,-0.005636721849441528
1790341558762247000,17.800246826171875,0.5636587142944336,-0.26546213030815125,1.329512596130371
1790341558778686700,17.816686767578126,-0.6221704483032227,0.008617080748081207,-1.1462616920471191
1790341558795198000,17.833197998046874,-0.21262359619140625,-0.29317593574523926,0.21085941791534424
1790341558811683000,17.84968310546875,0.6086816787719727,-0.026501648128032684,0.2782500386238098
1790341558828171300,17.866171142578125,-0.0020799636840820312,0.08881795406341553,-0.3251003324985504
1790341558844684300,17.882684326171876,-0.7729997634887695,-0.6635550856590271,0.36512213945388794
1790341558861179000,17.899178955078124,-0.4666919708251953,0.7416450381278992,-0.2882098853588104
1790341558877697800,17.91569775390625,-1.1971912384033203,-0.6983029842376709,-0.25949186086654663
1790341558894188000,17.93218798828125,-0.24927711486816406,0.4302360713481903,-0.46722739934921265
1790341558910679000,17.948678955078126,-0.2824087142944336,-1.0532646179199219,0.6479333639144897
1790341558927184000,17.965183837890624,1.1297855377197266,-0.1283244788646698,-1.1834187507629395
1790341558943649000,17.98164892578125,0.6555461883544922,-0.5481312870979309,0.6035081148147583
1790341558960151300,17.9981513671875,0.32982921600341797,0.05596538633108139,0.44482311606407166
1790341558976604200,18.014604248046876,-1.1621665954589844,0.19645795226097107,-0.81332927942276
1790341558993098200,18.03109814453125,-0.7100181579589844,-0.19382140040397644,0.11299416422843933
1790341559009540000,18.0475400390625,0.022630691528320312,-0.3414391875267029,0.25570476055145264
1790341559026037000,18.064037109375,0.05584907531738281,-0.3890261948108673,-0.8322522640228271
1790341559042553300,18.08055322265625,0.022245407104492188,0.19478434324264526,0.7950079441070557
1790341559058980600,18.096980712890623,-0.4016094207763672,-0.12174367159605026,0.2796974778175354
1790341559075468000,18.113468017578125,-0.41898250579833984,0.04048125818371773,-1.8420791625976562
1790341559091971300,18.129971435546874,0.5888071060180664,-0.17414046823978424,0.5026284456253052
1790341559108438000,18.14643798828125,0.028594017028808594,-0.439553439617157,0.5087745785713196
1790341559124960300,18.162960205078125,-0.35972023010253906,-0.1289285570383072,-1.6282289028167725
1790341559141449500,18.179449462890624,0.3202781677246094,-0.020357053726911545,1.0835325717926025
1790341559157919700,18.195919677734373,-0.48431968688964844,-0.409348726272583,0.09082233905792236
1790341559174423300,18.21242333984375,-0.2068338394165039,-0.17312097549438477,-0.8950825929641724
1790341559190919200,18.228919189453126,0.236236572265625,-0.5565045475959778,0.45400166511535645
1790341559207437300,18.245437255859375,0.5330791473388672,-0.09176166355609894,0.2516390383243561
1790341559223923500,18.26192333984375,0.19064998626708984,0.22583183646202087,0.04748937487602234
1790341559240422700,18.278422607421874,-0.8342180252075195,-0.5071820616722107,0.12775346636772156
1790341559256928800,18.2949287109375,0.2957324981689453,-0.6261090636253357,0.4314939081668854
1790341559273427700,18.311427734375,0.9828195571899414,0.46537721157073975,-0.7651315927505493
1790341559289950000,18.327949951171874,-0.45622920989990234,-1.3142709732055664,0.11209681630134583
1790341559306442200,18.344442138671877,0.3889951705932617,0.13566485047340393,0.2802366614341736
1790341559322926300,18.36092626953125,-1.0214042663574219,-0.07754701375961304,-0.17321659624576569
1790341559339411500,18.377411376953123,-0.7606706619262695,-0.971190333366394,-0.2864709496498108
1790341559355890000,18.393889892578127,1.1958045959472656,-0.02718459814786911,0.41923266649246216
1790341559372334800,18.4103349609375,-8.198631286621094,-1.640554428100586,-0.406528115272522
1790341559388841700,18.426841796875,-0.7184505462646484,0.7958089113235474,-0.6679202318191528
1790341559405286400,18.443286376953125,1.9585819244384766,-1.6555793285369873,0.8327398300170898
1790341559421734000,18.45973388671875,1.7429351806640625,-1.1272562742233276,-0.8122014999389648
1790341559438177500,18.476177490234374,0.7875766754150391,-0.642473042011261,0.530422568321228
1790341559454621000,18.492620849609374,1.152853012084961,-0.7563634514808655,0.2895923852920532
1790341559471066400,18.50906640625,0.39401817321777344,-0.02549344301223755,0.7200289368629456
1790341559487515000,18.525514892578126,0.5844526290893555,-0.30387672781944275,0.391123503446579
1790341559503991300,18.5419912109375,-0.8432531356811523,-0.2604033052921295,-0.1935366541147232
1790341559520435700,18.558435791015626,-1.2562685012817383,-1.0165905952453613,0.512951135635376
1790341559536901600,18.574901611328126,0.3968639373779297,-0.3754287362098694,-1.2546643018722534
1790341559553377800,18.591377685546874,0.4972343444824219,-0.28325289487838745,-0.20039963722229004
1790341559569867000,18.607866943359376,-0.20386791229248047,-0.3550153076648712,0.5045163631439209
1790341559586353700,18.624353759765626,-0.9742965698242188,-0.03760403394699097,-0.46534425020217896
1790341559602800400,18.64080029296875,-0.1302165985107422,-0.7000628709793091,0.7251566648483276
1790341559619286800,18.657286865234376,0.3308382034301758,-1.192574143409729,-0.6925722360610962
1790341559635760000,18.673760009765626,0.5413389205932617,-0.1484014391899109,0.5711778402328491
1790341559652207400,18.690207275390627,-0.8783369064331055,-1.2093899250030518,-0.5427064895629883
1790341559668679200,18.70667919921875,0.12909889221191406,-0.4142354726791382,0.012986958026885986
1790341559685097500,18.723097412109375,0.2843189239501953,-1.3856936693191528,-0.4204994738101959
1790341559701545000,18.739544921875,0.0019464492797851562,-0.49103909730911255,0.43145591020584106
1790341559718018300,18.756018310546875,0.6873807907104492,0.08277931809425354,0.4483444392681122
1790341559734468400,18.77246826171875,-0.5547571182250977,-0.891774594783783,-0.36590373516082764
1790341559750941200,18.788941162109374,0.3297615051269531,0.02727481722831726,0.5762691497802734
1790341559767385000,18.805385009765626,-0.9478235244750977,-0.3087259829044342,0.011471599340438843
1790341559783868400,18.821868408203127,-0.5684986114501953,-0.15361598134040833,-0.22039666771888733
1790341559800358400,18.8383583984375,-0.4487171173095703,-0.2323443591594696,0.2935839295387268
1790341559816846800,18.854846923828124,0.4320993423461914,-0.8180848360061646,-0.8358100652694702
1790341559833342000,18.871342041015627,1.3888683319091797,-0.06233444809913635,0.7181957960128784
1790341559849835800,18.887835693359374,-0.44927310943603516,-0.43329161405563354,-0.4321923553943634
1790341559866351600,18.9043515625,-0.3073549270629883,-0.03220468759536743,-0.15388956665992737
1790341559882837000,18.9208369140625,-0.6580419540405273,-0.857772707939148,0.3937756419181824
1790341559899334700,18.937334716796876,1.2270469665527344,0.20981523394584656,-1.3807599544525146
1790341559915843300,18.95384326171875,0.16274642944335938,-0.44780057668685913,0.21327269077301025
1790341559932348200,18.97034814453125,-0.79443359375,0.06582564115524292,-0.72807776927948
1790341559948835600,18.986835693359374,-0.44632720947265625,-0.7971602082252502,0.12400832772254944
1790341559965324800,19.00332470703125,1.7856950759887695,-0.7112326622009277,-0.431475430727005
1790341559981797000,19.019797119140627,1.5692424774169922,0.11351889371871948,0.33499449491500854
1790341559998247400,19.036247314453124,0.11834144592285156,-0.31728488206863403,0.08646227419376373
1790341560014697000,19.052697021484374,-0.7979469299316406,0.3693249225616455,-0.051138341426849365
1790341560031167500,19.06916748046875,-1.9427103996276855,-0.09178417921066284,-0.3836941719055176
1790341560047608800,19.08560888671875,0.24213123321533203,0.851302981376648,-0.03283478319644928
1790341560063968800,19.10196875,0.38712215423583984,-0.534389317035675,-0.5085644125938416
1790341560080445000,19.11844482421875,1.093979835510254,-0.9597330689430237,0.2727496922016144
1790341560096928000,19.134927978515623,1.3328514099121094,-0.1567549705505371,-0.08150888979434967
1790341560113376000,19.1513759765625,0.03176116943359375,-0.5515901446342468,-0.1952652931213379
1790341560129914000,19.1679140625,0.11311626434326172,0.19816717505455017,0.2989675998687744
1790341560146406700,19.18440673828125,-0.8845386505126953,-0.9157112836837769,-0.535618782043457
1790341560162911500,19.200911376953126,0.9671211242675781,-0.07957768440246582,0.6634588241577148
1790341560179409000,19.217408935546874,-0.6241540908813477,-0.20687884092330933,-0.14664790034294128
1790341560195926500,19.233926513671875,-0.15712356567382812,0.07925498485565186,-0.30270916223526
1790341560212418300,19.250418212890626,0.40572547912597656,-0.26667100191116333,-0.22686423361301422
1790341560228915500,19.26691552734375,0.07318592071533203,-0.7796069979667664,0.06458812952041626
1790341560245420800,19.2834208984375,0.6630783081054688,0.8046470880508423,0.1951645165681839
1790341560261918000,19.29991796875,-0.6745901107788086,-0.9643308520317078,0.4028002619743347
1790341560278435800,19.316435791015625,0.4750499725341797,-0.003454267978668213,-0.4294397532939911
1790341560294925300,19.33292529296875,-0.44614315032958984,0.12655359506607056,-0.17425723373889923
1790341560311414500,19.34941455078125,-0.5297622680664062,0.060459911823272705,0.4514935612678528
1790341560327943200,19.365943115234376,-0.17990684509277344,0.13265317678451538,-0.8606670498847961
1790341560344438000,19.38243798828125,-0.33516407012939453,-0.21320301294326782,0.20822149515151978
1790341560360888600,19.398888671875,-0.002071380615234375,0.1410231590270996,0.040899857878685
1790341560377406500,19.415406494140626,-0.11426258087158203,-0.2344799041748047,-0.07087740302085876
1790341560393895000,19.43189501953125,-0.18579673767089844,-0.4456629753112793,-0.3426564633846283
1790341560410396000,19.44839599609375,0.8082847595214844,0.32009613513946533,0.11513379216194153
1790341560426892500,19.464892578125,0.648193359375,0.010937392711639404,0.40481293201446533
1790341560443406800,19.48140673828125,0.25099945068359375,-0.13133329153060913,-0.6204250454902649
1790341560459895000,19.49789501953125,0.09809112548828125,-0.1938456892967224,0.6884233951568604
1790341560476390400,19.514390380859375,1.2022581100463867,0.46095073223114014,-0.41942280530929565
1790341560492893400,19.5308935546875,-0.38447093963623047,-0.9550867676734924,0.06594353914260864
1790341560509390800,19.547390869140624,-0.6355810165405273,-0.8457139134407043,-0.5083824396133423
1790341560525875500,19.56387548828125,-0.14912891387939453,-0.42338621616363525,0.24921390414237976
1790341560542366700,19.58036669921875,-0.1201486587524414,-1.0186799764633179,0.10797116905450821
1790341560558831400,19.596831298828125,0.754033088684082,-0.4687865376472473,-0.4251742362976074
1790341560575361500,19.613361572265624,0.10069561004638672,-0.09880012273788452,0.5658600330352783
1790341560591859200,19.629859130859376,-0.5143318176269531,-0.08554607629776001,-1.1354578733444214
1790341560608373800,19.646373779296876,-0.6022434234619141,-0.3023238182067871,-0.4034034311771393
1790341560624909300,19.662909423828125,-0.12803173065185547,-0.14480388164520264,0.3169824779033661
1790341560641397000,19.67939697265625,0.5856800079345703,0.32224851846694946,-0.7785855531692505
1790341560657898800,19.695898681640625,0.04696083068847656,-0.2387559413909912,0.09431187808513641
1790341560674396000,19.71239599609375,-0.09425830841064453,0.05837607383728027,-0.01607566699385643
1790341560690876200,19.728876220703125,0.34648799896240234,0.4602445065975189,-0.1384769231081009
1790341560707315500,19.7453154296875,-0.0940399169921875,-0.04283219575881958,-0.16200824081897736
1790341560723816700,19.761816650390625,-0.11799335479736328,-0.03408306837081909,-0.5482658743858337
1790341560740323800,19.77832373046875,-0.0073261260986328125,0.4457077980041504,0.1905955672264099
1790341560756826000,19.794826171875,-0.45006847381591797,-0.735430896282196,-0.4302215576171875
1790341560773337900,19.811337890625,0.7209243774414062,0.24365007877349854,-0.2910776436328888
1790341560789828000,19.827828125,-0.35871124267578125,-0.4467902183532715,0.6623199582099915
1790341560806317300,19.8443173828125,0.6591644287109375,-0.12291848659515381,-0.9639853239059448
1790341560822844400,19.860844482421875,0.36234378814697266,0.12898045778274536,0.33069100975990295
1790341560839338200,19.877338134765626,-0.3557119369506836,0.004407286643981934,0.1378486007452011
1790341560855855000,19.893855224609375,0.4871044158935547,0.18680036067962646,-0.23368951678276062
1790341560872340000,19.910340087890624,0.7215566635131836,0.5219480991363525,-0.4133719503879547
1790341560888803800,19.926803955078125,0.08450984954833984,0.14358937740325928,0.75633704662323
1790341560905302800,19.943302734375,0.41988086700439453,0.2820167541503906,0.04233904182910919
1790341560921764400,19.959764404296877,0.19257259368896484,-0.33714354038238525,-0.5651453137397766
1790341560938281000,19.976281005859374,0.2237234115600586,-0.0016748309135437012,0.5364565849304199
1790341560954772000,19.99277197265625,0.1997661590576172,-0.42335474491119385,0.05844776704907417
1790341560971268400,20.009268310546876,-0.015804290771484375,-0.07295823097229004,-0.4962993264198303
1790341560987771100,20.025771240234373,0.32893943786621094,-0.15454363822937012,0.6786863803863525
1790341561004267800,20.042267822265625,0.046883583068847656,-0.09479731321334839,-0.26142895221710205
1790341561020752600,20.058752685546875,-0.3384370803833008,-0.005358695983886719,-0.6842232942581177
1790341561037147600,20.075147705078123,-0.8887138366699219,-0.27870750427246094,0.4307224750518799
1790341561053638700,20.091638671875,-0.06984710693359375,-0.3284211754798889,-0.4932466447353363
1790341561070116900,20.108116943359374,0.5001688003540039,0.4346102774143219,-0.4270092248916626
1790341561086613200,20.12461328125,-0.533686637878418,-0.7508354783058167,0.23334549367427826
1790341561102101200,20.140101318359374,1.2526483535766602,0.45608532428741455,-0.19988974928855896
1790341561118523100,20.156523193359376,0.18250560760498047,0.09717166423797607,0.39700496196746826
1790341561134978600,20.172978515625,0.015049934387207031,-0.263957142829895,-0.41968247294425964
1790341561151478000,20.18947802734375,0.21642398834228516,0.5020314455032349,0.00848330557346344
1790341561167938300,20.205938232421875,-0.3316307067871094,-0.4061657786369324,-0.2810519337654114
1790341561184452400,20.222452392578123,0.28656482696533203,0.4008418917655945,-0.18846741318702698
1790341561200938500,20.2389384765625,-0.6177988052368164,-0.7366818785667419,0.2405010163784027
1790341561217431000,20.25543115234375,0.9028396606445312,0.18131041526794434,-0.41895467042922974
1790341561233934600,20.2719345703125,0.2133922576904297,-0.23188060522079468,0.7921886444091797
1790341561250397200,20.288397216796874,0.39084911346435547,0.06019389629364014,-0.15145975351333618
1790341561266909200,20.3049091796875,-0.30085086822509766,-0.43867701292037964,-0.03628361225128174
1790341561283400400,20.321400390625,0.18785381317138672,0.19655513763427734,0.3042408227920532
1790341561299886600,20.337886474609373,0.12097549438476562,0.33635979890823364,-0.3141777515411377
1790341561316376300,20.354376220703124,-0.4493532180786133,-0.20863181352615356,-0.28074347972869873
1790341561332867300,20.370867431640626,0.9220027923583984,0.7668916583061218,0.6320382356643677
1790341561349379800,20.3873798828125,-0.01319122314453125,0.11481833457946777,-0.3681187629699707
1790341561365831700,20.403831787109375,0.2073497772216797,0.7197653651237488,-0.33910393714904785
1790341561382260500,20.420260498046876,-0.13747310638427734,0.5988451838493347,0.6120010614395142
1790341561398757600,20.436757568359376,0.02253246307373047,0.06209111213684082,-0.16797688603401184
1790341561415229400,20.4532294921875,0.4753580093383789,0.8089190721511841,-0.07149501144886017
1790341561431741400,20.469741455078125,-0.33131980895996094,0.0017739534378051758,0.10165220499038696
1790341561448226000,20.48622607421875,0.29139137268066406,0.6263905763626099,0.00316755473613739
1790341561464719600,20.5027197265625,-0.08866500854492188,0.521609902381897,-0.3381591737270355
1790341561481218000,20.519218017578126,-0.10467815399169922,0.17779210209846497,0.029164761304855347
1790341561497710800,20.5357109375,0.29390621185302734,0.5583462119102478,0.09054738283157349
1790341561514222000,20.55222216796875,-0.31757640838623047,0.25239935517311096,0.1135726273059845
1790341561530703000,20.568703125,-0.06037139892578125,0.33063894510269165,-0.36938077211380005
1790341561547189500,20.585189453125,-0.3630189895629883,0.5174897909164429,0.3673454523086548
1790341561563713800,20.6017138671875,-0.615605354309082,0.013161391019821167,-0.4340716004371643
1790341561580174000,20.618174072265624,0.4418506622314453,0.5815558433532715,-0.298965722322464
1790341561596685800,20.634685791015624,-0.07355880737304688,-0.12436354160308838,0.47889894247055054
1790341561613170700,20.651170654296877,1.3164138793945312,0.5053706169128418,0.21314799785614014
1790341561629564000,20.66756396484375,-0.2907276153564453,-0.047144800424575806,0.0836755633354187
1790341561646028800,20.68402880859375,-0.07353401184082031,0.1623019278049469,0.1487685739994049
1790341561662487800,20.70048779296875,0.3569450378417969,0.45692551136016846,0.08745568990707397
1790341561679001300,20.71700146484375,-0.7349414825439453,-0.1671297252178192,-0.6820042729377747
1790341561695487000,20.733487060546874,0.30134010314941406,0.5025889277458191,-0.5182191133499146
1790341561710951700,20.74895166015625,-0.32138919830322266,0.4141140878200531,-0.4256576895713806
1790341561727449000,20.765448974609374,-0.6329517364501953,-0.2674797475337982,-0.2045585811138153
1790341561743906300,20.78190625,0.30527591705322266,0.7388297319412231,0.5681735277175903
1790341561760386800,20.79838671875,-0.4967155456542969,-0.5763580799102783,0.09198726713657379
1790341561776836000,20.814836181640626,0.8127813339233398,0.6194443106651306,-0.12614008784294128
1790341561793318700,20.831318603515626,-0.38909244537353516,-0.525385856628418,0.2729221284389496
1790341561809842000,20.847842041015625,0.10886287689208984,-0.046635404229164124,0.42111992835998535
1790341561826334000,20.864333984375,0.23798179626464844,1.2182761430740356,-0.1653614640235901
1790341561842810000,20.88081005859375,-1.1412181854248047,-0.4036107361316681,-0.31838205456733704
1790341561859322600,20.897322509765626,0.12232494354248047,1.272149920463562,0.5860342979431152
1790341561875781000,20.913781005859374,-1.0773382186889648,-0.21777746081352234,0.48655688762664795
1790341561892225500,20.9302255859375,0.009973526000976562,1.0016381740570068,-1.146498203277588
1790341561908669700,20.946669677734373,0.672907829284668,-1.524739146232605,0.9203081130981445
1790341561925144600,20.96314453125,0.9652109146118164,1.2043776512145996,-1.461740255355835
1790341561941628200,20.979628173828125,-0.9909391403198242,0.6415322422981262,1.1470634937286377
1790341561958089200,20.996089111328125,-1.273362159729004,0.1679615080356598,-0.29918718338012695
1790341561974557400,21.012557373046874,0.6967458724975586,2.9833590984344482,-2.200256109237671
1790341561990996700,21.028996826171873,-0.39511966705322266,-2.17777681350708,1.4717637300491333
1790341562007453400,21.045453369140624,2.8038129806518555,2.8991165161132812,0.2649696469306946
1790341562023919600,21.061919677734377,-0.6344776153564453,-1.5088905096054077,-0.39434269070625305
1790341562040371500,21.078371337890626,0.6754045486450195,-1.3697872161865234,-0.11433300375938416
1790341562056760800,21.0947607421875,3.7572383880615234,4.135449409484863,1.4951022863388062
1790341562073104000,21.111103759765626,-0.7276268005371094,-1.0133506059646606,0.009421616792678833
1790341562089579000,21.1275791015625,-0.92132568359375,1.4486496448516846,-2.3874714374542236
1790341562106063600,21.144063720703127,-1.6807661056518555,-0.6834882497787476,2.1322708129882812
1790341562122504400,21.16050439453125,2.7581539154052734,1.7023124694824219,-0.3447461426258087
1790341562138946000,21.176946044921873,-0.25625038146972656,0.0802813246846199,0.30858415365219116
1790341562155408000,21.193407958984373,-2.5978426933288574,1.6995518207550049,-0.12292885780334473
1790341562171853000,21.20985302734375,-1.547555923461914,0.43600475788116455,2.485879898071289
1790341562188304400,21.226304443359375,-1.4699344635009766,-0.6401999592781067,-2.8625786304473877
1790341562204749600,21.24274951171875,2.320322036743164,2.3603427410125732,-0.11455675959587097
1790341562221236200,21.259236328125,0.28975677490234375,-0.33554092049598694,2.073270559310913
1790341562237676000,21.275676025390624,0.18963241577148438,1.2221258878707886,-1.6353896856307983
1790341562254119400,21.292119384765623,-0.5336761474609375,1.336019515991211,0.5473059415817261
1790341562270562600,21.3085625,-0.40059471130371094,0.11584670841693878,0.8044131994247437
1790341562287026200,21.325026123046875,-0.1039896011352539,0.5900037884712219,-1.5878865718841553
1790341562303494700,21.34149462890625,-0.06331348419189453,0.9799734354019165,0.07546210289001465
1790341562319954700,21.35795458984375,-0.09919548034667969,0.5928117632865906,0.04036581516265869
1790341562336412400,21.374412353515623,-0.37555694580078125,0.6123959422111511,-1.4977941513061523
1790341562352915000,21.3909150390625,0.4441947937011719,2.4352991580963135,0.7242421507835388
1790341562369363500,21.407363525390625,-0.9072761535644531,-0.3135879635810852,-0.9502756595611572
1790341562385830100,21.423830078125,5.189756393432617,4.1584954261779785,-1.0544536113739014
1790341562402253800,21.44025390625,-3.458591938018799,-0.9717656373977661,0.0037099719047546387
1790341562418731500,21.4567314453125,2.35849666595459,1.9448577165603638,-0.5622748136520386
1790341562435189000,21.47318896484375,6.497866630554199,5.645850658416748,1.5163679122924805
1790341562451637200,21.48963720703125,-2.279496192932129,2.31684947013855,-4.276665687561035
1790341562468078800,21.506078857421876,-1.1147031784057617,-0.9425289630889893,4.668445587158203
1790341562484522200,21.522522216796876,1.733382225036621,0.5924322605133057,-1.9060152769088745
1790341562500964600,21.538964599609375,4.014910697937012,1.019388198852539,-1.048215389251709
1790341562517415000,21.555414794921877,-0.483642578125,-0.7421674728393555,0.9368213415145874
1790341562533855200,21.571855224609376,-0.29424571990966797,1.8905954360961914,1.586512565612793
1790341562550311200,21.588311279296875,-1.2351713180541992,0.14158758521080017,-0.467527836561203
1790341562566752000,21.604751953125,-2.279229164123535,1.0300254821777344,1.5587713718414307
1790341562583192600,21.621192626953125,-2.2528233528137207,-0.13928009569644928,-0.3910452723503113
1790341562599662600,21.63766259765625,1.0560827255249023,2.522460460662842,0.9790667295455933
1790341562616119000,21.654119140625,-1.3024091720581055,0.5426719188690186,-1.3830502033233643
1790341562632589600,21.670589599609375,1.3185882568359375,-1.0635480880737305,1.9820964336395264
1790341562648973300,21.686973388671873,3.102388381958008,3.362592935562134,-0.6163996458053589
1790341562665417500,21.70341748046875,-1.856931209564209,-0.9482690095901489,-0.1989884376525879
1790341562681887500,21.719887451171875,1.4454174041748047,2.1646242141723633,1.0229825973510742
1790341562698351600,21.7363515625,-1.3741579055786133,0.12012773752212524,-2.1685938835144043
1790341562714818800,21.75281884765625,0.6449975967407227,1.1211044788360596,0.1855187565088272
1790341562731297300,21.76929736328125,0.6570940017700195,0.24673479795455933,-0.5626673698425293
1790341562747756000,21.785756103515624,1.2533721923828125,1.0408657789230347,-0.10383191704750061
1790341562764224500,21.802224609375,-0.3988161087036133,-0.682935893535614,0.33117812871932983
1790341562780663600,21.81866357421875,1.4465904235839844,1.331876277923584,0.006914705038070679
1790341562797151000,21.83515087890625,-0.8740787506103516,-0.05922287702560425,-0.18529805541038513
1790341562813590300,21.85159033203125,-0.893254280090332,-0.7939479351043701,-1.068974256515503
1790341562830029800,21.86802978515625,1.2079954147338867,1.531203269958496,-0.09185463190078735
1790341562846557000,21.884556884765626,-1.783811092376709,-1.6531869173049927,0.0075376033782958984
1790341562862997500,21.90099755859375,1.5925159454345703,0.06637656688690186,-1.062854290008545
1790341562879452000,21.917451904296875,1.3293561935424805,1.0269105434417725,0.19245177507400513
1790341562895913200,21.933913330078123,-1.5307416915893555,-1.574557900428772,-0.04125291109085083
1790341562912353500,21.950353515625,1.3958969116210938,1.2526540756225586,-1.2697142362594604
1790341562928795100,21.966795166015626,-1.0023622512817383,-1.3669967651367188,0.09900462627410889
1790341562945279000,21.983279052734375,0.6593008041381836,-0.28008827567100525,0.09427416324615479
1790341562961744600,21.99974462890625,0.32652950286865234,-0.15862852334976196,-0.9123761653900146
1790341562978203600,22.01620361328125,-1.1933612823486328,-0.4863467216491699,-0.39180248975753784
1790341562994676200,22.03267626953125,0.16645240783691406,-0.0798947811126709,-0.6302639842033386
1790341563011121000,22.049120849609373,0.1302814483642578,-0.19760188460350037,-1.1434134244918823
1790341563027563800,22.065563720703125,-0.3578453063964844,-0.8364113569259644,-0.026383161544799805
1790341563044019000,22.08201904296875,0.06635856628417969,0.04931449890136719,-0.40037858486175537
1790341563060421000,22.098421142578125,-0.4401254653930664,-0.8995933532714844,-0.8550481200218201
1790341563076800000,22.114800048828126,1.7224292755126953,0.8563002347946167,-0.23138326406478882
1790341563093269800,22.131269775390624,-0.9602756500244141,-1.4262123107910156,-0.16112536191940308
1790341563109747500,22.14774755859375,-0.16409015655517578,0.1504855751991272,-1.0442951917648315
1790341563126192600,22.164192626953124,-0.06701374053955078,-1.1420701742172241,0.912494957447052
1790341563142640000,22.18064013671875,0.26342296600341797,-0.6161772608757019,-0.7149490714073181
1790341563159086600,22.197086669921877,0.38556385040283203,0.43372392654418945,0.051740407943725586
1790341563175535400,22.213535400390626,-0.9554719924926758,-1.390364170074463,0.8832377195358276
1790341563191984600,22.229984619140627,0.6813764572143555,-0.11091786623001099,-0.2666763663291931
1790341563208430800,22.246430908203124,0.45765113830566406,0.09482860565185547,-0.6561933755874634
1790341563224874200,22.262874267578123,0.23645973205566406,-0.7908452153205872,-0.2529115080833435
1790341563241316400,22.27931640625,1.026803970336914,0.045071691274642944,-0.8510512709617615
1790341563257758200,22.29575830078125,0.13169479370117188,-0.209883451461792,0.8896195888519287
1790341563274200000,22.312199951171873,0.4816770553588867,-0.6288173794746399,0.28804758191108704
1790341563290656800,22.32865673828125,0.4028778076171875,-0.29516711831092834,-0.8749321103096008
1790341563307101400,22.345101318359376,0.21521568298339844,0.5653907060623169,1.1163551807403564
1790341563323547600,22.361547607421876,-0.8417387008666992,-0.4740028381347656,0.8533728718757629
1790341563340021000,22.37802099609375,-0.42739295959472656,-0.5316474437713623,-1.6323494911193848
1790341563356462600,22.394462646484374,0.8999843597412109,0.5019070506095886,0.4950253963470459
1790341563372904700,22.41090478515625,0.18044471740722656,-0.10383063554763794,0.41272038221359253
1790341563389347800,22.427347900390625,0.4530363082885742,0.4164619743824005,-0.5692583918571472
1790341563405790200,22.443790283203125,-0.4428377151489258,-0.6668269634246826,0.8564796447753906
1790341563422278100,22.460278076171875,0.6693305969238281,-0.04590582847595215,0.6687073707580566
1790341563438727000,22.476726806640624,-0.7068014144897461,-0.40243345499038696,-1.1495758295059204
1790341563455170800,22.4931708984375,-0.8918914794921875,-0.7939890623092651,0.8302836418151855
1790341563471613700,22.50961376953125,0.16779422760009766,0.32491567730903625,0.35596710443496704
1790341563488088000,22.526088134765626,-1.107919692993164,-0.4496680498123169,-0.9336438179016113
1790341563504531500,22.542531494140626,-1.249114990234375,-1.0244171619415283,0.13098490238189697
1790341563520972800,22.558972900390625,1.2776985168457031,0.5770168304443359,1.006603717803955
1790341563537436700,22.575436767578125,-0.06302165985107422,0.47432106733322144,-1.360628604888916
1790341563553882000,22.591882080078125,-0.9158468246459961,-1.1713404655456543,0.46388864517211914
1790341563570324200,22.60832421875,1.2228574752807617,0.9381452798843384,0.3033426105976105
1790341563586796300,22.62479638671875,0.05180931091308594,-0.6114828586578369,-1.7350163459777832
1790341563603236000,22.641236083984374,1.3393745422363281,-0.23336513340473175,-0.04849010705947876
1790341563619677000,22.657677001953125,0.3015584945678711,-0.6512415409088135,0.6965011954307556
1790341563636121300,22.674121337890625,-0.5532197952270508,-0.7782719135284424,-1.9099929332733154
1790341563652617700,22.69061767578125,0.2133188247680664,-0.10327328741550446,-0.01125258207321167
1790341563669061600,22.7070615234375,-0.2500953674316406,-0.4417358636856079,0.9588561058044434
1790341563685525800,22.72352587890625,0.24468994140625,0.2985251843929291,-1.5073285102844238
1790341563701969200,22.73996923828125,-0.6697702407836914,-0.805790364742279,-0.17487961053848267
1790341563718413800,22.756413818359373,0.4449329376220703,0.2733900547027588,0.9854055643081665
1790341563734856200,22.772856201171876,-0.8891410827636719,-0.7284207940101624,-0.7937871217727661
1790341563751231700,22.789231689453125,-0.10000419616699219,-0.24878636002540588,0.3824058473110199
1790341563767672000,22.805672119140624,0.28094959259033203,-0.823935329914093,0.962805449962616
1790341563784135000,22.822135009765624,0.17148590087890625,-0.23051416873931885,-0.39442628622055054
1790341563800577800,22.838577880859376,0.3621234893798828,0.5443230271339417,0.08004516363143921
1790341563817023200,22.855023193359376,-0.9539785385131836,-0.2886333465576172,1.039823055267334
1790341563833496800,22.871496826171875,-0.14158153533935547,-0.24537016451358795,-0.5082137584686279
1790341563849940700,22.887940673828126,0.1430530548095703,-0.029791787266731262,-0.5474154353141785
1790341563866382300,22.90438232421875,0.7618951797485352,0.10627041012048721,0.5104878544807434
1790341563882823200,22.9208232421875,0.25323486328125,-0.3609924018383026,0.3232157230377197
1790341563899269600,22.93726953125,0.23865318298339844,-0.8635406494140625,-0.5065260529518127
1790341563915711500,22.95371142578125,1.1597633361816406,0.4002976417541504,1.2545559406280518
1790341563932156400,22.970156494140625,-0.7658824920654297,-0.16331706941127777,-0.15008467435836792
1790341563948597000,22.986596923828124,-1.1154489517211914,0.6284633874893188,-1.119802713394165
1790341563965036000,23.0030361328125,-0.8742408752441406,-0.8868768811225891,1.3800866603851318
1790341563981507800,23.0195078125,1.2797918319702148,0.1312263458967209,-0.11659157276153564
1790341563997955600,23.03595556640625,-0.11507606506347656,-0.8688005208969116,-2.0378856658935547
1790341564014402000,23.052402099609374,0.6068401336669922,0.012517355382442474,2.1115429401397705
1790341564030870800,23.068870849609375,-1.509622573852539,-0.6883789896965027,-0.08388957381248474
1790341564047314200,23.085314208984375,-0.5131607055664062,-0.21275736391544342,-0.7055233716964722
1790341564063697200,23.101697265625,0.8872747421264648,-0.16061583161354065,1.0173128843307495
1790341564080171500,23.118171630859376,0.16172409057617188,-1.128777265548706,-0.4625031650066376
1790341564096561200,23.13456103515625,1.011448860168457,0.8940565586090088,-1.0491101741790771
1790341564113007000,23.151007080078124,-0.5114479064941406,-0.8805108666419983,0.23263397812843323
1790341564129448400,23.167448486328126,0.8742599487304688,-1.060017466545105,1.0720933675765991
1790341564145983500,23.1839833984375,0.8503656387329102,-0.23190391063690186,-0.253579318523407
1790341564162427000,23.200427001953123,-0.20767688751220703,-0.5267724990844727,0.13998275995254517
1790341564178872000,23.2168720703125,0.1345195770263672,0.7025393843650818,0.01061636209487915
1790341564195311400,23.233311279296874,-1.3431024551391602,-1.0153862237930298,-0.13793444633483887
1790341564211751200,23.249751220703125,0.9766473770141602,0.5666487812995911,-1.0654091835021973
1790341564228194000,23.266194091796876,-0.19180583953857422,-0.5765093564987183,0.9644193053245544
1790341564243607600,23.281607666015624,0.665492057800293,-0.2793058156967163,-0.10588958859443665
1790341564260049700,23.298049560546875,1.5539836883544922,-0.25395894050598145,0.658887505531311
1790341564276504000,23.314504150390626,0.7373113632202148,0.527190089225769,0.5201680660247803
1790341564292945700,23.330945556640625,-1.7027769088745117,0.21814808249473572,-0.011472940444946289
1790341564309388300,23.34738818359375,-0.30742645263671875,0.03211399167776108,0.40607908368110657
1790341564325859600,23.363859619140626,-0.2950735092163086,0.7419493198394775,-0.9891398549079895
1790341564342301200,23.38030126953125,0.054116249084472656,-1.0333452224731445,1.2247110605239868
1790341564358745300,23.396745361328126,0.48520374298095703,0.305612713098526,-1.0694321393966675
1790341564375188500,23.4131884765625,-0.11347675323486328,0.14857342839241028,0.6348773241043091
1790341564391632100,23.429632080078125,-0.8248701095581055,-0.45246651768684387,0.158456951379776
1790341564408073700,23.44607373046875,-0.20939064025878906,0.46197113394737244,-0.8522505760192871
1790341564424521200,23.462521240234373,-0.4269599914550781,-1.0503315925598145,-0.04797995090484619
1790341564440896300,23.478896240234373,0.9071311950683594,0.5495750904083252,-0.5797462463378906
1790341564457337900,23.495337890625,0.09797191619873047,-0.4876400828361511,-0.44002866744995117
1790341564473809400,23.511809326171875,0.9336757659912109,0.7501735687255859,-0.06818756461143494
1790341564490251000,23.5282509765625,-0.3685340881347656,0.5254002809524536,-0.5786118507385254
1790341564506694700,23.544694580078126,-0.9931268692016602,0.16099070012569427,0.5238914489746094
1790341564523164000,23.561163818359375,-1.229111671447754,-0.2239181399345398,-1.5920456647872925
1790341564539607600,23.577607666015624,0.21148395538330078,1.2723745107650757,-1.1935203075408936
1790341564556048400,23.59404833984375,-1.1707067489624023,-0.19625422358512878,-0.4936563968658447
1790341564572517000,23.61051708984375,0.054368019104003906,0.6140159368515015,-1.1142385005950928
1790341564588958700,23.626958740234375,0.0797271728515625,0.013843849301338196,-0.6536387205123901
1790341564605401900,23.64340185546875,-1.3261117935180664,0.15762588381767273,-1.1867337226867676
1790341564621844000,23.659843994140626,0.8802309036254883,1.3067861795425415,-0.7778435349464417
1790341564638285300,23.676285400390626,2.3893394470214844,-1.5516457557678223,0.1980595588684082
1790341564654723300,23.692723388671876,3.8806304931640625,1.079021692276001,-0.31715381145477295
1790341564671182600,23.7091826171875,0.5933980941772461,-0.0031640827655792236,-1.7120518684387207
1790341564687619600,23.72561962890625,-1.8251166343688965,1.9791303873062134,0.843658447265625
1790341564704058400,23.742058349609376,-2.8500027656555176,-1.0844988822937012,-1.4350342750549316
1790341564720497400,23.758497314453123,0.1011972427368164,1.195690631866455,-0.6496102213859558
1790341564736934400,23.774934326171874,1.4266290664672852,-1.7114598751068115,1.4883766174316406
1790341564753375000,23.791375,2.0283403396606445,0.35214611887931824,1.1716008186340332
1790341564769836800,23.8078369140625,-0.2443828582763672,1.236820101737976,-0.5848200917243958
1790341564786274600,23.824274658203127,-0.6644306182861328,-2.1468346118927,0.7358498573303223
1790341564802716200,23.840716064453126,0.9642362594604492,0.6190677285194397,0.8303966522216797
1790341564819193300,23.857193359375,-0.30329132080078125,-0.6559129357337952,-1.9854886531829834
1790341564835643600,23.8736435546875,2.1713685989379883,-2.595848560333252,-0.09641116857528687
1790341564852091000,23.8900908203125,4.215912818908691,-0.055194880813360214,1.668694257736206
1790341564868533200,23.906533203125,-0.2172069549560547,2.240870952606201,-0.5361554026603699
1790341564884977200,23.92297705078125,-3.409193992614746,-0.8437700271606445,-1.4804720878601074
1790341564901418500,23.93941845703125,1.3877525329589844,-1.3852382898330688,3.471278429031372
1790341564917860000,23.955860107421874,1.429931640625,0.6047411561012268,-2.5812692642211914
1790341564934299100,23.972299072265624,0.5679864883422852,-0.038593415170907974,-1.8421576023101807
1790341564950739200,23.9887392578125,-1.6684646606445312,0.3547496795654297,0.02205580472946167
1790341564967210000,24.0052099609375,-0.538355827331543,0.8514495491981506,0.7213380336761475
1790341564983650800,24.02165087890625,-1.1481208801269531,-2.1262028217315674,-1.9931373596191406
1790341565000091400,24.03809130859375,2.624831199645996,0.9883963465690613,0.2760274410247803
1790341565016553200,24.05455322265625,-0.4548501968383789,-0.5776011347770691,-0.1954193115234375
1790341565032994800,24.070994873046875,-1.0152826309204102,-0.1259251832962036,-0.4938725233078003
1790341565049436200,24.087436279296874,-0.6947174072265625,0.7986335754394531,-0.6836146116256714
1790341565065854500,24.1038544921875,0.7661962509155273,-1.1014065742492676,0.9672219753265381
1790341565082292700,24.120292724609374,2.794687271118164,0.6910136342048645,-1.4998273849487305
1790341565098733600,24.136733642578125,-0.9798650741577148,0.5175633430480957,-1.1976406574249268
1790341565115114000,24.153114013671875,-2.555842876434326,-1.9748088121414185,1.8590061664581299
1790341565131555000,24.16955517578125,2.9646005630493164,2.8637874126434326,0.8658742904663086
1790341565147994600,24.18599462890625,2.4259958267211914,0.1548859179019928,-3.3477163314819336
1790341565164441600,24.202441650390625,-1.4755239486694336,-2.25360107421875,4.093132972717285
1790341565180882700,24.218882568359376,1.348017692565918,2.414660692214966,0.3477303385734558
1790341565197324300,24.23532421875,-0.7494258880615234,-0.5237688422203064,-2.1696510314941406
1790341565213803300,24.25180322265625,-0.2951335906982422,-2.8960695266723633,0.1918938159942627
1790341565230247000,24.268246826171875,4.3960161209106445,0.6129252910614014,-1.4438437223434448
1790341565246689000,24.28468896484375,3.2937707901000977,-2.7118349075317383,0.41501280665397644
1790341565263171600,24.301171630859375,2.7340898513793945,0.49911659955978394,-1.2034075260162354
1790341565279613400,24.317613525390627,0.39898681640625,-0.27072227001190186,2.0045900344848633
1790341565296055300,24.33405517578125,-2.553654193878174,-2.509279489517212,-2.4430572986602783
1790341565312556300,24.350556396484375,1.6772232055664062,1.903712272644043,-1.0844988822937012
1790341565328996900,24.366996826171874,0.2416391372680664,-2.5375452041625977,3.10284423828125
1790341565345467100,24.383467041015624,0.19229507446289062,0.13407646119594574,-2.1042532920837402
1790341565361941200,24.399941162109375,-1.2220611572265625,-1.5262514352798462,-0.7789731621742249
1790341565378378800,24.416378662109373,0.8816232681274414,0.3565053641796112,1.8769896030426025
1790341565394844700,24.4328447265625,-0.3415641784667969,-0.5427774786949158,-0.09579414129257202
1790341565411287800,24.449287841796874,-0.2639760971069336,0.675198495388031,-1.5659711360931396
1790341565427758000,24.465758056640624,-0.14122390747070312,-0.3663754463195801,0.9687922596931458
1790341565444242400,24.482242431640625,0.5404596328735352,0.9623807072639465,0.6351010799407959
1790341565460706600,24.49870654296875,-1.0006217956542969,0.45807892084121704,-1.72507905960083
1790341565477179400,24.515179443359376,-0.3275308609008789,1.1268519163131714,0.8701492547988892
1790341565493622800,24.531622802734375,-0.9427213668823242,0.6166333556175232,0.8008769154548645
1790341565510025200,24.548025146484374,-0.3098440170288086,1.0641379356384277,-0.3860975503921509
1790341565526464500,24.564464599609376,-0.4142265319824219,0.7785617709159851,-0.402671217918396
1790341565542905600,24.580905517578124,0.09168434143066406,1.5529639720916748,0.400604784488678
1790341565559400000,24.59739990234375,-0.7975759506225586,-0.13465392589569092,-0.7742018103599548
1790341565575839200,24.613839111328126,0.8368806838989258,0.6516041159629822,-0.4812859892845154
1790341565592303400,24.630303466796875,-0.03802776336669922,-0.2583235502243042,0.15711796283721924
1790341565608747500,24.64674755859375,0.3897695541381836,-0.13199001550674438,-0.9436339139938354
1790341565625193000,24.66319287109375,-0.16692161560058594,0.20713099837303162,0.17945361137390137
1790341565641666000,24.679666015625,-0.3452262878417969,-0.2834140956401825,-0.07758879661560059
1790341565658056400,24.696056396484376,0.2754526138305664,-0.6501238346099854,0.037555158138275146
1790341565674527200,24.71252734375,0.45127391815185547,-0.37963905930519104,-0.6544433236122131
1790341565690967300,24.72896728515625,-0.08829593658447266,-0.27698302268981934,-0.45943403244018555
1790341565707425500,24.745425537109377,-0.18822765350341797,-0.3208441436290741,-0.4337155222892761
1790341565723892000,24.76189208984375,-0.5100269317626953,-0.895061194896698,-0.9634649157524109
1790341565740331300,24.778331298828125,1.2548723220825195,0.1706896424293518,-0.19244402647018433
1790341565756824800,24.794824951171876,-0.001491546630859375,-0.33542025089263916,-0.1446203589439392
1790341565773264100,24.81126416015625,0.35829925537109375,0.20160385966300964,-0.14670997858047485
1790341565789635800,24.8276357421875,-0.1679363250732422,0.042125001549720764,0.5345574021339417
1790341565806129400,24.84412939453125,-0.05501079559326172,0.05336587131023407,-0.15820056200027466
1790341565822569000,24.86056884765625,0.4189929962158203,0.49284273386001587,-0.09098076820373535
1790341565839039500,24.87703955078125,-0.5101423263549805,-0.5291759371757507,0.5405001640319824
1790341565855481900,24.89348193359375,1.139474868774414,0.3676470220088959,-0.21490836143493652
1790341565871926000,24.909926025390625,0.5121984481811523,0.42339253425598145,0.4452638030052185
1790341565888398000,24.926398193359375,-0.5845785140991211,0.3970910906791687,0.35369622707366943
1790341565904848400,24.942848388671877,-0.2020416259765625,0.07150474190711975,-0.18616145849227905
1790341565921320200,24.9593203125,0.7794027328491211,0.6917539834976196,0.25745081901550293
1790341565937766000,24.975765869140623,0.5548667907714844,1.0799885988235474,0.3535080552101135
1790341565954129400,24.99212939453125,-0.8589010238647461,0.764101505279541,0.15683108568191528
1790341565970602200,25.008602294921875,-0.8213062286376953,0.5783261060714722,-0.28662270307540894
1790341565987044000,25.025044189453126,0.0973968505859375,0.3128327429294586,0.04970061779022217
1790341566003444500,25.041444580078124,0.38115596771240234,0.021854907274246216,0.32619422674179077
1790341566019885000,25.057885009765624,0.6456108093261719,0.13041815161705017,-0.6482938528060913
1790341566036326000,25.074325927734375,-0.37326812744140625,0.41228872537612915,-0.43092596530914307
1790341566052826000,25.090826171875,-0.5230169296264648,-0.39092370867729187,-0.6270025372505188
1790341566068342000,25.106342041015626,0.5522794723510742,0.16755890846252441,-0.7875799536705017
1790341566084811300,25.122811279296876,0.6799554824829102,-0.6637084484100342,-0.03384518623352051
1790341566101254000,25.13925390625,0.6352596282958984,-0.3268856406211853,0.661091148853302
1790341566117695700,25.15569580078125,-0.13208484649658203,-0.638314425945282,-0.42820364236831665
1790341566134142200,25.17214208984375,1.0525236129760742,0.03808271884918213,-0.24730712175369263
1790341566150589200,25.188589111328124,-0.20760345458984375,-0.6931356191635132,-0.05830574035644531
1790341566166984000,25.20498388671875,0.39751148223876953,0.23695936799049377,-0.1231759786605835
1790341566183423200,25.22142333984375,-0.19974327087402344,-0.3856879770755768,0.09825724363327026
1790341566199882200,25.23788232421875,-0.1806955337524414,0.40689024329185486,-0.6409561634063721
1790341566216351000,25.25435107421875,-0.4061422348022461,-0.2803177237510681,-0.04710245132446289
1790341566232792300,25.270792236328123,-0.7373008728027344,0.0032261908054351807,-0.406893253326416
1790341566249288200,25.2872880859375,-0.5269718170166016,0.38230517506599426,-1.3108327388763428
1790341566265730300,25.303730224609374,-0.7740812301635742,-0.14519500732421875,-0.40993666648864746
1790341566282177000,25.320177001953127,-0.37883758544921875,-0.3549824357032776,-1.115073561668396
1790341566298675700,25.33667578125,0.33384227752685547,0.181809663772583,0.13824045658111572
1790341566315116800,25.35311669921875,-0.5107536315917969,-0.983447790145874,-0.7095894813537598
1790341566331586800,25.3695869140625,1.4320964813232422,0.7339516282081604,0.185829758644104
1790341566348026400,25.3860263671875,-0.916071891784668,-0.7673458456993103,-0.11736845970153809
1790341566364464400,25.40246435546875,-0.14702987670898438,0.10152065753936768,-0.5402641296386719
1790341566380929500,25.418929443359374,0.20666217803955078,0.13492077589035034,-0.18294405937194824
1790341566397372000,25.435371826171874,-0.30780506134033203,0.2936790883541107,-0.5900379419326782
1790341566413835300,25.451835205078126,0.22617340087890625,0.8347281813621521,-0.9442093372344971
1790341566430275800,25.46827587890625,0.0007848739624023438,0.1482267677783966,0.1404874324798584
1790341566446738000,25.484738037109373,-0.28159141540527344,0.310746967792511,-0.6450469493865967
1790341566463205600,25.50120556640625,0.0989084243774414,0.13861671090126038,-0.1449899673461914
1790341566479662000,25.517662109375,0.52716064453125,0.017654120922088623,0.054839491844177246
1790341566496067000,25.534067138671876,0.267303466796875,-0.038902103900909424,-0.22728657722473145
1790341566512503600,25.550503662109374,0.38529396057128906,-0.24063879251480103,-0.16039538383483887
1790341566528938800,25.566938720703124,0.49584388732910156,-0.09407970309257507,-0.07009947299957275
1790341566545431300,25.583431396484375,-0.038379669189453125,-0.2799241840839386,0.4790593385696411
1790341566561866500,25.599866455078125,0.8756332397460938,-0.718352735042572,-0.3248711824417114
1790341566578329000,25.6163291015625,1.3708610534667969,0.07415986061096191,0.24184489250183105
1790341566594768100,25.63276806640625,0.11834144592285156,-0.8603586554527283,-0.1844191551208496
1790341566611207200,25.649207275390626,0.7852258682250977,0.06466126441955566,-0.07995831966400146
1790341566627670500,25.66567041015625,0.1166219711303711,-0.7553592920303345,-0.178802490234375
1790341566644112400,25.6821123046875,1.003373146057129,-0.035291314125061035,0.8156142234802246
1790341566660576000,25.698575927734375,-0.00753021240234375,-0.47084206342697144,-0.3203084468841553
1790341566677012000,25.715011962890625,-0.11607074737548828,0.15412640571594238,0.49692219495773315
1790341566693470000,25.731469970703124,-0.7634258270263672,-1.009230613708496,-0.1873946189880371
1790341566709933800,25.747933837890624,0.3126869201660156,0.5773422122001648,0.2916327714920044
1790341566726370800,25.764370849609374,-0.6190814971923828,-0.9581729173660278,-0.6255022287368774
1790341566742861300,25.780861328125,0.42089271545410156,0.020991027355194092,0.2111421823501587
1790341566759300400,25.79730029296875,0.5856399536132812,0.044736385345458984,-0.516853928565979
1790341566775739100,25.8137392578125,0.2049112319946289,-0.5724309086799622,-0.12484467029571533
1790341566792237800,25.83023779296875,0.5594186782836914,0.0876123309135437,-0.40452277660369873
1790341566808615200,25.846615234375,0.02570056915283203,-0.3665038049221039,0.37479108572006226
1790341566825085000,25.8630849609375,-0.22464370727539062,-0.29879170656204224,-0.3956642150878906
1790341566841524500,25.8795244140625,0.09863948822021484,-0.0004558563232421875,0.19858527183532715
1790341566857964500,25.895964599609375,-0.5347194671630859,-0.7111236453056335,-0.6229366064071655
1790341566874431000,25.912430908203124,0.24664306640625,-0.2544076442718506,-0.23300552368164062
1790341566890875600,25.928875732421876,0.46479129791259766,-0.23174777626991272,0.022610068321228027
1790341566907345200,25.94534521484375,-0.0037517547607421875,-0.3603608310222626,-0.3951425552368164
1790341566923784000,25.961783935546876,0.5237741470336914,-0.07694751024246216,0.0880054235458374
1790341566940254700,25.978254638671874,0.00279998779296875,-0.5080376267433167,-0.43397271633148193
1790341566956721700,25.9947216796875,0.6236639022827148,0.10352295637130737,-0.2253563404083252
1790341566973160700,26.01116064453125,-0.08672142028808594,-0.47620150446891785,-0.6499789953231812
1790341566989563400,26.0275634765625,0.21980667114257812,-0.41411328315734863,-0.31778812408447266
1790341567006006300,26.04400634765625,0.07643890380859375,-0.19372421503067017,-0.05973327159881592
1790341567022448600,26.06044873046875,0.5527944564819336,-0.4115903377532959,-0.04124879837036133
1790341567038944500,26.076944580078123,0.47147464752197266,-0.11117580533027649,-0.26894044876098633
1790341567055384800,26.093384765625,0.5192890167236328,-0.257656991481781,-0.3965345621109009
1790341567071800000,26.109800048828124,0.3201417922973633,-0.15845784544944763,0.3152649402618408
1790341567088139000,26.126138916015623,0.5873928070068359,-0.2561425566673279,-0.05886530876159668
1790341567104578800,26.142578857421874,0.5705013275146484,0.16694992780685425,-0.16174566745758057
1790341567121091800,26.159091796875,-0.5604591369628906,-0.5100945234298706,-0.09160339832305908
1790341567137537800,26.175537841796874,0.33896541595458984,-0.14192217588424683,-0.25477468967437744
1790341567153938000,26.19193798828125,0.43190956115722656,0.5224900841712952,-0.4801288843154907
1790341567170378200,26.208378173828127,-0.7247352600097656,-0.18554261326789856,0.3400649428367615
1790341567186835200,26.224835205078126,-0.1955738067626953,-0.4115527868270874,0.0015397071838378906
1790341567203301000,26.241301025390626,0.5606937408447266,0.15472042560577393,0.48127835988998413
1790341567219739000,26.25773876953125,0.43582725524902344,0.009480416774749756,0.6418384313583374
1790341567236230100,26.274230224609376,-0.18892383575439453,-0.13117298483848572,-0.1250770092010498
1790341567252667600,26.290667724609374,0.1725759506225586,0.0835343599319458,0.7783591747283936
1790341567269113600,26.307113525390626,-0.3062276840209961,-0.5795741081237793,0.2400721311569214
1790341567285614800,26.32361474609375,0.4356269836425781,-0.2084849774837494,-0.30254054069519043
1790341567302059500,26.3400595703125,0.7504081726074219,-0.7612607479095459,0.18590521812438965
1790341567318528300,26.3565283203125,0.18755054473876953,-0.3881736397743225,0.015226364135742188
1790341567334967800,26.3729677734375,0.5549602508544922,-0.09490519762039185,0.5993907451629639
1790341567351411200,26.3894111328125,-0.13244247436523438,-0.4655745029449463,-0.394913911819458
1790341567367880400,26.40588037109375,-0.3982868194580078,-0.6039445400238037,0.24974167346954346
1790341567384329500,26.42232958984375,0.04111194610595703,-0.02454352378845215,0.6907426714897156
1790341567400802300,26.43880224609375,-0.2198934555053711,-0.14876657724380493,-0.5318902730941772
1790341567417246200,26.45524609375,-0.11241531372070312,-0.4302046000957489,0.23989760875701904
1790341567433706200,26.471706298828124,0.5500450134277344,0.07530778646469116,0.12466323375701904
1790341567450177500,26.488177490234374,0.3528776168823242,-0.6607449650764465,-0.025492310523986816
1790341567466622000,26.5046220703125,1.365727424621582,0.5276680588722229,-0.3608323335647583
1790341567483007700,26.5210078125,0.40573692321777344,-0.4110308885574341,0.47876977920532227
1790341567499451000,26.537450927734376,0.02768993377685547,0.05873030424118042,0.3053852915763855
1790341567515894300,26.553894287109376,-0.28116703033447266,0.6952289938926697,-0.7288540601730347
1790341567532395500,26.5703955078125,-1.0949487686157227,-0.21010273694992065,-0.12513995170593262
1790341567548838700,26.586838623046877,-0.26450347900390625,0.21857285499572754,-0.16366350650787354
1790341567565311000,26.60331103515625,0.20011520385742188,-0.0000782012939453125,-0.39510440826416016
1790341567581755400,26.61975537109375,0.19525909423828125,-0.26505935192108154,0.3937821388244629
1790341567598198500,26.636198486328126,-0.0030946731567382812,-0.49288299679756165,-0.4042016267776489
1790341567614667000,26.6526669921875,0.49511146545410156,-0.17611625790596008,-0.13750922679901123
1790341567631112400,26.669112548828124,-0.22040462493896484,-0.5205832719802856,-0.12131905555725098
1790341567647582200,26.685582275390626,-0.1172037124633789,-0.023410916328430176,-0.16244804859161377
1790341567664061400,26.7020615234375,-0.3297567367553711,-0.31201595067977905,0.5836388468742371
1790341567680521700,26.718521728515626,-0.32210826873779297,-0.18963199853897095,-0.10902619361877441
1790341567696991500,26.734991455078124,0.05211162567138672,-0.23376834392547607,0.28051817417144775
1790341567713434600,26.7514345703125,-0.5413408279418945,0.18501746654510498,0.30434656143188477
1790341567729930200,26.76793017578125,-0.9999675750732422,-0.25406843423843384,-1.0037612915039062
1790341567746373000,26.784373046875,-0.10232067108154297,0.4731929302215576,-0.06719183921813965
1790341567762816300,26.800816162109374,-0.48995018005371094,-0.8266537189483643,-0.0978546142578125
1790341567779313200,26.817313232421874,1.469395637512207,0.5028180480003357,-1.0437431335449219
1790341567795758000,26.833758056640626,0.46573638916015625,-0.7374812364578247,1.2276082038879395
1790341567812229600,26.850229736328124,0.3974151611328125,0.10314089059829712,-0.8813939094543457
1790341567828671500,26.86667138671875,0.1889791488647461,0.33785849809646606,1.0588468313217163
1790341567845116400,26.883116455078124,-1.0597877502441406,-1.1217920780181885,-1.1350003480911255
1790341567861590300,26.89959033203125,1.9078235626220703,0.7679372429847717,0.34841787815093994
1790341567878038500,26.91603857421875,-0.3131752014160156,-0.8406408429145813,-0.2036646604537964
1790341567894514400,26.932514404296874,1.0939817428588867,0.3707336187362671,1.0399054288864136
1790341567910959600,26.948959716796875,0.10805130004882812,-0.41635558009147644,-0.6178936958312988
1790341567927420200,26.965420166015626,0.8121118545532227,-0.07197177410125732,0.2924520969390869
1790341567943892000,26.98189208984375,0.648585319519043,0.07049459218978882,0.1328648328781128
1790341567960335000,26.998335205078124,-1.0723991394042969,-0.6367647051811218,-0.10418236255645752
1790341567976743000,27.014742919921876,0.08404922485351562,-0.37948352098464966,-0.5621829032897949
1790341567993185800,27.031185791015623,0.0636892318725586,-0.4165615141391754,0.1705721616744995
1790341568009628700,27.047628662109375,0.4443674087524414,-0.9252171516418457,-0.6753387451171875
1790341568026131200,27.064131103515624,0.3644905090332031,-0.38336125016212463,-0.1961219310760498
1790341568042577200,27.0805771484375,-0.09054756164550781,-0.12357574701309204,-0.06277704238891602
1790341568059019300,27.097019287109376,-0.5254344940185547,-0.3012591004371643,-0.46895527839660645
1790341568075466800,27.113466796875,0.13918590545654297,-0.879442572593689,-1.0378053188323975
1790341568091918000,27.12991796875,1.8122940063476562,-0.4510273039340973,-1.4942251443862915
1790341568108431000,27.14643115234375,2.1934947967529297,-1.0298902988433838,-0.021985888481140137
1790341568124883200,27.16288330078125,1.377772331237793,-0.37576621770858765,0.9031590223312378
1790341568141355800,27.179355712890626,0.25635528564453125,-0.15300843119621277,-0.29600608348846436
1790341568157802800,27.195802734375,0.19905662536621094,0.5098716616630554,-0.12493610382080078
1790341568174209800,27.212209716796874,-0.19315338134765625,0.3906976580619812,-0.3982059955596924
1790341568190683400,27.228683349609376,-0.6474733352661133,-0.4171496629714966,-0.5296293497085571
1790341568207129300,27.24512939453125,0.8222427368164062,0.6963410377502441,0.9573084115982056
1790341568223626800,27.261626708984377,-0.3189821243286133,-0.32480302453041077,-0.290035605430603
1790341568240070700,27.278070556640625,0.20317649841308594,-0.24134911596775055,-0.3669419288635254
1790341568256514300,27.294514404296876,0.5933408737182617,-0.6717758178710938,-0.39497148990631104
1790341568273017600,27.311017578125,1.0290746688842773,-0.12212830781936646,0.06494736671447754
1790341568289466400,27.32746630859375,0.14992523193359375,-0.6279182434082031,0.47828227281570435
1790341568305940500,27.3439404296875,-0.04346275329589844,-0.05405589938163757,-0.36482930183410645
1790341568322384600,27.360384521484374,-0.14150047302246094,-0.33277627825737,-0.08148455619812012
1790341568338828500,27.37682861328125,-0.6902999877929688,-1.0525639057159424,0.2801849842071533
1790341568355300000,27.393300048828124,0.02633190155029297,-0.1472705602645874,-0.4404865503311157
1790341568371749000,27.4097490234375,0.26480770111083984,-0.16134478151798248,0.045168399810791016
1790341568388220200,27.42622021484375,0.9943218231201172,0.00006590783596038818,-0.22241425514221191
1790341568404662800,27.442662841796874,-0.2912921905517578,-0.0537414476275444,0.5390193462371826
1790341568421023500,27.4590234375,-0.15999126434326172,-0.10481982678174973,0.41952478885650635
1790341568437494300,27.475494384765625,-0.149810791015625,-0.33708456158638,-0.8323029279708862
1790341568453934300,27.491934326171876,1.339646339416504,-0.04433130472898483,-0.4077514410018921
1790341568470341400,27.50834130859375,0.3014640808105469,-0.6552562713623047,-0.2039344310760498
1790341568486778600,27.524778564453126,1.8702945709228516,0.24885164201259613,-0.7570319175720215
1790341568503216600,27.541216552734376,0.6115169525146484,0.35706961154937744,-0.16204380989074707
1790341568519688200,27.557688232421874,1.4741849899291992,0.47995808720588684,-0.5402535200119019
1790341568536131300,27.57413134765625,0.31821250915527344,-0.05608750507235527,0.2238483428955078
1790341568552602000,27.59060205078125,0.8101367950439453,-0.19840124249458313,0.06849777698516846
1790341568569045500,27.60704541015625,0.70068359375,-0.015452317893505096,0.9203420877456665
1790341568585490000,27.623489990234376,-0.024705886840820312,0.15788111090660095,-0.14500880241394043
1790341568601962800,27.639962646484374,-1.2944536209106445,-0.6481809020042419,-0.4386429786682129
1790341568618411300,27.656411376953123,0.09299373626708984,0.9789999127388,0.06087851524353027
1790341568634881300,27.67288134765625,-0.39060211181640625,-0.4058114290237427,0.1665642261505127
1790341568651320300,27.6893203125,0.2958335876464844,-0.403260737657547,-0.13023948669433594
1790341568667778000,27.705778076171875,0.793757438659668,-0.17154771089553833,-0.018032550811767578
1790341568684247600,27.72224755859375,0.6755208969116211,-0.6357234716415405,0.8500253558158875
1790341568700691500,27.73869140625,1.3501205444335938,0.12545695900917053,0.45867156982421875
1790341568717186600,27.7551865234375,0.15756511688232422,-0.2635290324687958,0.6517007946968079
1790341568733627400,27.77162744140625,-0.5239877700805664,-0.04349566623568535,-1.1960368156433105
1790341568750070800,27.78807080078125,0.9747781753540039,0.10449867695569992,0.7615686058998108
1790341568766571800,27.80457177734375,0.13946533203125,-0.9189644455909729,-0.30631208419799805
1790341568783015200,27.82101513671875,2.4394006729125977,0.6631218791007996,0.8227227926254272
1790341568799487000,27.837487060546874,-0.07741641998291016,-1.0064526796340942,0.9533487558364868
1790341568815930000,27.85393017578125,0.334320068359375,0.049766525626182556,-1.8750567436218262
1790341568832375000,27.870375,1.3487920761108398,1.0372167825698853,0.8885693550109863
1790341568848843300,27.88684326171875,-0.600224494934082,-1.4380862712860107,-0.18009328842163086
1790341568865289000,27.9032890625,0.9779453277587891,0.9877358078956604,-1.1110358238220215
1790341568881758500,27.919758544921876,-1.0379657745361328,-1.552897334098816,-0.10808825492858887
1790341568898201300,27.936201416015624,0.38664817810058594,1.1431159973144531,-0.775815486907959
1790341568914664000,27.952663818359376,0.43862152099609375,-0.251691073179245,-0.26834118366241455
1790341568931138600,27.969138671875,0.6212673187255859,-0.9373025894165039,0.5839113593101501
1790341568947582000,27.98558203125,1.083512306213379,1.088326334953308,1.6028707027435303
1790341568963966200,28.00196630859375,-1.165933609008789,-0.22044095396995544,-1.1072139739990234
1790341568980405000,28.018405029296876,-0.5462913513183594,-0.43456003069877625,-0.7586601972579956
1790341568996844800,28.0348447265625,1.538355827331543,0.4756031930446625,0.060132384300231934
1790341569013341200,28.051341064453126,-0.8623895645141602,-0.230231374502182,0.6514395475387573
1790341569029782500,28.067782470703126,-0.4428586959838867,0.04080094397068024,-0.6353650093078613
1790341569046251300,28.084251220703123,0.31523609161376953,1.968870759010315,1.0038951635360718
1790341569062646800,28.100646728515624,-0.976593017578125,-1.016005516052246,-1.0362541675567627
1790341569079090700,28.117090576171876,1.6777620315551758,1.6257386207580566,-0.8240309953689575
1790341569095560000,28.133559814453125,-1.171330451965332,-0.9851029515266418,0.2818847894668579
1790341569112058000,28.15005810546875,0.449981689453125,0.722726047039032,-1.7646125555038452
1790341569128527400,28.16652734375,0.9189205169677734,0.39407414197921753,0.2610105276107788
1790341569144970000,28.182969970703127,-0.21020221710205078,-0.7700462937355042,-0.865253210067749
1790341569161432000,28.19943212890625,1.475235939025879,0.9254322052001953,0.13248193264007568
1790341569177901600,28.215901611328125,-1.009735107421875,-0.9922229647636414,1.0168609619140625
1790341569194340900,28.2323408203125,0.0702810287475586,-0.5940775871276855,-1.6347321271896362
1790341569210821000,28.248821044921876,1.4778661727905273,0.20519500970840454,0.8370561003684998
1790341569227260000,28.265260009765626,-0.6752758026123047,0.4413353502750397,-0.11414813995361328
1790341569243700500,28.281700439453125,-0.8454837799072266,0.017905332148075104,0.40137338638305664
1790341569260196400,28.2981962890625,0.16739559173583984,1.59679114818573,0.6896417140960693
1790341569276635400,28.314635498046876,-2.5904183387756348,-0.9593406915664673,-1.4422318935394287
1790341569293076200,28.331076171875,1.835622787475586,1.8528602123260498,-1.2869441509246826
1790341569309517800,28.347517822265626,0.9168224334716797,-1.395638108253479,1.7982553243637085
1790341569325960700,28.363960693359374,1.179884910583496,-0.25787776708602905,-1.3193550109863281
1790341569342434000,28.38043408203125,0.7653818130493164,-0.4967384934425354,0.8641627430915833
1790341569358881300,28.39688134765625,-0.019529342651367188,-1.217793345451355,0.3063385486602783
1790341569375351300,28.413351318359375,0.9555578231811523,0.7214201092720032,-0.8793784379959106
1790341569391794000,28.4297939453125,-1.7669878005981445,-0.9251364469528198,0.7195188999176025
1790341569408256500,28.446256591796875,0.05161476135253906,-0.3211004137992859,-1.7869155406951904
1790341569424728000,28.46272802734375,0.9821147918701172,-0.08726228773593903,-1.0836693048477173
1790341569441172700,28.4791728515625,-0.054015159606933594,-1.6423747539520264,-0.191131591796875
1790341569457572900,28.49557275390625,2.315378189086914,1.225040078163147,-0.6294176578521729
1790341569474015200,28.51201513671875,0.3334207534790039,-1.1437028646469116,-0.42710769176483154
1790341569490458000,28.5284580078125,0.8045158386230469,-0.10392546653747559,1.3668211698532104
1790341569506958300,28.544958251953126,-1.013167381286621,-0.751639723777771,0.21810853481292725
1790341569523400000,28.56139990234375,-0.7152872085571289,-0.25544700026512146,1.4703720808029175
1790341569539870500,28.577870361328124,-0.2740898132324219,-0.22263430058956146,-0.5838210582733154
1790341569556311300,28.594311279296875,-0.030834197998046875,0.39587974548339844,0.8104814291000366
1790341569572754200,28.610754150390626,-1.6256017684936523,-1.7941339015960693,-0.6687471866607666
1790341569589224700,28.627224609375,2.1440696716308594,1.6727732419967651,0.8677718043327332
1790341569605673500,28.643673583984373,-1.4997377395629883,-0.561578631401062,0.607922375202179
1790341569622145800,28.660145751953124,-0.4230051040649414,0.8112815022468567,-0.6656394004821777
1790341569638590500,28.676590576171876,-0.6072673797607422,0.18963617086410522,-0.07141721248626709
1790341569655050000,28.693050048828123,-0.16040325164794922,-0.024400249123573303,-1.3754676580429077
1790341569671520000,28.70952001953125,1.6760797500610352,-0.8688251972198486,1.1445502042770386
1790341569688006700,28.726006591796875,1.3885917663574219,-1.323018193244934,-0.3363257646560669
1790341569704493600,28.74249365234375,2.4511146545410156,0.29199856519699097,0.40015923976898193
1790341569720941300,28.75894140625,-1.4348411560058594,-1.1428388357162476,0.29793500900268555
1790341569737389600,28.7753896484375,0.381317138671875,0.4485940635204315,0.8551738262176514
1790341569753895700,28.791895751953124,-0.1710042953491211,-0.3213987350463867,-1.1416438817977905
1790341569770344700,28.8083447265625,0.8738470077514648,0.7805250883102417,0.47122615575790405
1790341569786820400,28.8248203125,-1.9943528175354004,-1.2122472524642944,-0.12003970146179199
1790341569803266000,28.84126611328125,0.644195556640625,0.9443527460098267,-0.40140843391418457
1790341569819709400,28.85770947265625,-0.3653993606567383,-0.3514232635498047,-0.5564765930175781
1790341569836181800,28.874181640625,0.3940763473510742,-0.2504269480705261,-0.21071815490722656
1790341569852608500,28.8906083984375,1.1116304397583008,-1.061320185661316,0.5769587159156799
1790341569869044200,28.907044189453124,1.3710527420043945,0.9013411402702332,-0.5566366910934448
1790341569885484800,28.92348486328125,0.008047103881835938,-0.7561819553375244,0.5846438407897949
1790341569901946400,28.9399462890625,-0.49890899658203125,-0.22250896692276,0.26320791244506836
1790341569918410800,28.95641064453125,-0.055298805236816406,1.1764459609985352,-0.2557448148727417
1790341569934849300,28.972849365234374,-1.3613262176513672,0.19698327779769897,0.25026822090148926
1790341569951254300,28.989254150390625,-1.0076065063476562,-0.24847017228603363,0.006141543388366699
1790341569967697000,29.00569677734375,0.7362403869628906,-0.4394218325614929,-0.1556870937347412
1790341569984139000,29.022138916015624,1.1687088012695312,-0.14201174676418304,0.9706075191497803
1790341570000638000,29.038637939453125,-1.4876794815063477,-0.7784732580184937,-0.15346968173980713
1790341570017081900,29.055081787109376,-0.04607391357421875,-0.5284402966499329,0.8177189826965332
1790341570033553000,29.071552978515626,0.5228519439697266,-0.4508167803287506,-0.5693877935409546
1790341570049996500,29.08799658203125,0.07540702819824219,0.5726337432861328,-0.7346928119659424
1790341570066486500,29.104486572265625,-0.4599018096923828,-0.5864841938018799,0.6888406276702881
1790341570082959600,29.120959716796875,-1.034928321838379,-0.6156216859817505,-0.33682870864868164
1790341570099387000,29.137386962890623,1.2033519744873047,1.0498889684677124,-0.0913538932800293
1790341570115819300,29.1538193359375,-0.9561920166015625,-2.2832343578338623,-0.2842600345611572
1790341570132262700,29.1702626953125,1.6983566284179688,0.5501880645751953,-0.3271251916885376
1790341570148722700,29.18672265625,-0.4703855514526367,-0.46821328997612,1.6773940324783325
1790341570165192700,29.203192626953125,-0.32260894775390625,0.45420461893081665,-1.2988909482955933
1790341570181633800,29.2196337890625,-0.7961721420288086,-0.043264228850603104,-0.5739390850067139
1790341570198006800,29.2360068359375,-0.6172666549682617,-1.120144248008728,-0.16913676261901855
1790341570214449200,29.25244921875,2.8433103561401367,0.7709627151489258,0.07407307624816895
1790341570230890200,29.26889013671875,0.49172019958496094,-1.2927647829055786,0.3170318603515625
1790341570247388200,29.28538818359375,0.8780984878540039,-0.3601277470588684,0.9638212323188782
1790341570263830500,29.30183056640625,0.910557746887207,1.3636952638626099,0.4940285086631775
1790341570280300300,29.31830029296875,-1.7633814811706543,-1.5608460903167725,0.018201351165771484
1790341570296741000,29.3347412109375,1.6058053970336914,1.6413836479187012,0.042424678802490234
1790341570313180000,29.351179931640626,-0.3444194793701172,-0.1495531052350998,0.06570899486541748
1790341570329644300,29.367644287109375,-0.7533969879150391,0.2717611789703369,-1.3558411598205566
1790341570346090500,29.384090576171875,0.4706249237060547,-0.04893255978822708,0.8230606317520142
1790341570362557000,29.400556884765624,-0.7375888824462891,-0.9992616176605225,0.9716556072235107
1790341570378999000,29.4169990234375,-0.2894325256347656,-0.5364105105400085,-0.4037492275238037
1790341570395456300,29.433456298828126,0.8426837921142578,0.4027048349380493,0.3356536626815796
1790341570411924200,29.44992431640625,-0.8629245758056641,-0.8103399276733398,0.9696178436279297
1790341570428366300,29.466366455078123,0.23608016967773438,0.26645272970199585,-1.5707941055297852
1790341570444761000,29.482760986328124,0.3932952880859375,-0.06011362373828888,-0.48330235481262207
1790341570461205200,29.499205322265624,-0.2829627990722656,-1.3834019899368286,-0.9492435455322266
1790341570477650000,29.51564990234375,2.3193159103393555,0.12357205897569656,-0.2974895238876343
1790341570494151000,29.53215087890625,1.092386245727539,-1.1129505634307861,2.170988082885742
1790341570510599000,29.548598876953125,-0.7449665069580078,-0.11524458974599838,-1.2155808210372925
1790341570527074800,29.56507470703125,-0.18468761444091797,-0.3342558443546295,-0.29399216175079346
1790341570543463000,29.581462890625,-0.16602611541748047,-0.3075888454914093,0.37939029932022095
1790341570559912400,29.597912353515625,0.9142074584960938,1.0221832990646362,-1.2185877561569214
1790341570576389600,29.6143896484375,-0.09353828430175781,0.2812478244304657,0.2522549033164978
1790341570592837400,29.63083740234375,-0.49945640563964844,-0.4534991383552551,0.612430214881897
1790341570609308400,29.647308349609375,0.24416542053222656,0.16504588723182678,0.873216986656189
1790341570625750300,29.663750244140626,1.4444103240966797,-1.2511274814605713,-2.0696260929107666
1790341570642211000,29.680211181640626,1.2737760543823242,0.06347440183162689,3.1572184562683105
1790341570658683100,29.69668310546875,0.2446002960205078,0.5884065628051758,-1.5148366689682007
1790341570675125800,29.713125732421876,-0.4433746337890625,0.3424336910247803,-1.3504308462142944
1790341570691609900,29.72960986328125,-0.4810609817504883,-1.7839581966400146,3.2044296264648438
1790341570708052700,29.746052734375,2.5520591735839844,1.6313519477844238,-1.4778136014938354
1790341570724493300,29.762493408203124,-0.6123027801513672,-2.1600522994995117,-1.1559568643569946
1790341570740992500,29.778992431640624,0.31082725524902344,1.9391958713531494,1.6480262279510498
1790341570757437200,29.795437255859376,0.14513015747070312,-0.12979008257389069,2.709484100341797
1790341570773912300,29.811912353515623,0.5119504928588867,-1.3852407932281494,-2.613801956176758
1790341570790357500,29.828357421875,1.4312057495117188,3.0353853702545166,0.8850938081741333
1790341570806802700,29.844802734375,-2.6678881645202637,-0.7094277739524841,-0.24992501735687256
1790341570823277600,29.861277587890626,1.0011730194091797,0.017304621636867523,-0.7330431938171387
1790341570839725800,29.877725830078123,0.3236503601074219,1.134401798248291,-0.3401576280593872
1790341570856199000,29.894198974609374,0.2873983383178711,0.2958691716194153,1.2338628768920898
1790341570872642800,29.910642822265626,-1.2923460006713867,-0.6478945016860962,-1.274989128112793
1790341570889009700,29.927009765625,-0.28991222381591797,-0.03525185585021973,0.7094787955284119
1790341570905483000,29.94348291015625,-0.31088829040527344,0.9257484674453735,0.5454957485198975
1790341570921926000,29.95992578125,-1.270482063293457,-0.030873417854309082,-0.7209987640380859
1790341570938326300,29.976326171875,-0.5162687301635742,0.2553808093070984,0.08530712127685547
1790341570954770700,29.992770751953124,-1.054734230041504,0.013218462467193604,0.15690982341766357
1790341570971212800,30.009212890625,-0.757904052734375,0.22971035540103912,0.712742030620575
1790341570987715800,30.0257158203125,3.563800811767578,-0.8087231516838074,-2.3660693168640137
1790341571004162000,30.042162109375,4.228507995605469,1.5544496774673462,1.1664278507232666
1790341571020637400,30.058637451171876,-0.5631608963012695,-0.2770661413669586,-0.20440566539764404
1790341571037084700,30.075084716796876,-0.15518569946289062,0.6624370813369751,-0.4132770299911499
1790341571053511700,30.09151171875,-3.8806328773498535,-2.926328420639038,-0.1300743818283081
1790341571069832000,30.10783203125,2.0578012466430664,1.8622928857803345,-1.7665249109268188
1790341571086281700,30.12428173828125,1.4501867294311523,-0.9691449403762817,1.8845317363739014
1790341571102735000,30.140735107421875,-2.1811094284057617,-0.2681441307067871,0.06764018535614014
1790341571119184000,30.157183837890624,-4.916940689086914,-3.567105770111084,-0.07207047939300537
1790341571135648300,30.173648193359377,3.5573463439941406,2.0824568271636963,0.11153113842010498
1790341571152120800,30.190120849609375,-1.4169940948486328,-2.3085274696350098,2.6136155128479004
1790341571168565000,30.20656494140625,-0.12842369079589844,1.6711430549621582,-1.591810703277588
1790341571185054200,30.22305419921875,-3.359616756439209,-2.3987419605255127,0.5416660904884338
1790341571201460000,30.2394599609375,2.7617578506469727,2.8927645683288574,0.8834018111228943
1790341571217867500,30.255867431640624,-3.595503807067871,-3.870610237121582,-0.4692419767379761
1790341571234369000,30.272369140625,3.188918113708496,0.9188609719276428,0.972834587097168
1790341571250811600,30.288811767578125,-1.9371771812438965,-2.591447353363037,-0.3458852767944336
1790341571267285800,30.30528564453125,-0.6209430694580078,0.1734217405319214,0.08837723731994629
1790341571283732500,30.321732421875,-0.3875465393066406,-0.759588360786438,0.3515892028808594
1790341571300177200,30.33817724609375,-0.9813919067382812,-1.0934154987335205,0.35844624042510986
1790341571316651000,30.354651123046875,0.7999458312988281,0.13232657313346863,0.19356346130371094
1790341571333100800,30.371100830078124,0.0909738540649414,-0.42642533779144287,-0.458473801612854
1790341571349574100,30.38757421875,-0.25930309295654297,-0.34667909145355225,-0.5334376096725464
1790341571366020600,30.4040205078125,0.8545618057250977,0.5890687704086304,0.20317447185516357
1790341571382489000,30.420489013671876,0.8178596496582031,0.07177340984344482,0.30032795667648315
1790341571398968300,30.43696826171875,0.24993515014648438,0.3954847753047943,-0.18406248092651367
1790341571415411700,30.45341162109375,0.6465053558349609,0.30670884251594543,-0.06355857849121094
1790341571431789300,30.469789306640624,-1.2456703186035156,-0.8568355441093445,0.2325812578201294
1790341571448231200,30.486231201171876,0.8017768859863281,0.2677549421787262,-1.2516417503356934
1790341571464676000,30.502676025390624,0.9132509231567383,0.4224315583705902,1.3162020444869995
1790341571481175800,30.51917578125,-1.3054752349853516,-2.0933609008789062,-0.670477032661438
1790341571497617000,30.535616943359376,2.074831962585449,1.2700645923614502,0.5407552719116211
1790341571514090200,30.55209033203125,-1.628739356994629,-1.931640625,-0.865270733833313
1790341571530533000,30.568533203125,1.2857370376586914,0.9938733577728271,0.3139455318450928
1790341571546990600,30.584990478515625,-0.33493804931640625,-1.0288678407669067,-0.26725685596466064
1790341571563461000,30.601461181640627,-0.4976539611816406,-0.5926265716552734,-1.110630989074707
1790341571579905300,30.6179052734375,1.9616680145263672,0.8791177272796631,1.1282613277435303
1790341571596372000,30.6343720703125,-2.3998775482177734,-1.6920528411865234,-0.20946097373962402
1790341571612813300,30.650813232421875,-0.21576595306396484,0.13027352094650269,-1.9826664924621582
1790341571629274000,30.667274169921875,1.5173282623291016,-0.6176452040672302,1.1145727634429932
1790341571645742800,30.683742919921876,1.4362297058105469,-0.7638911008834839,0.49055248498916626
1790341571662184400,30.700184326171875,-0.10588741302490234,-0.6418038606643677,-1.401145577430725
1790341571678672600,30.716672607421874,0.4403057098388672,-0.46497756242752075,0.9229428768157959
1790341571695110100,30.733110107421876,0.0009059906005859375,-1.070711374282837,1.1549315452575684
1790341571711547400,30.74954736328125,-0.39653968811035156,0.5022602677345276,-1.1139607429504395
1790341571728044000,30.7660439453125,-0.5910558700561523,-0.30405372381210327,-0.1537013053894043
1790341571744482800,30.78248291015625,0.16902828216552734,-0.5285722613334656,-0.1809232234954834
1790341571760930800,30.798930908203126,1.4564437866210938,0.6446084976196289,1.5087014436721802
1790341571777370000,30.8153701171875,-0.6616239547729492,-0.11612758040428162,-1.1372816562652588
1790341571793813800,30.831813720703124,0.23312664031982422,-0.3028387427330017,0.15210938453674316
1790341571810285000,30.84828515625,0.6937198638916016,0.10356390476226807,0.95330411195755
1790341571826735000,30.864735107421875,0.2322521209716797,-0.7482179999351501,-0.7323329448699951
1790341571843209200,30.881209228515626,-0.04782390594482422,-0.6709414124488831,0.9580855965614319
1790341571859654700,30.897654541015626,0.07471466064453125,-0.3839663863182068,0.3753414750099182
1790341571876131300,30.91413134765625,-0.8244428634643555,0.24284537136554718,-0.06614112854003906
1790341571892521000,30.93052099609375,-2.141036033630371,-0.10337547212839127,-0.6567087173461914
1790341571908966700,30.946966552734374,-1.298689842224121,-0.7856646776199341,0.10533726215362549
1790341571925376300,30.963376220703125,0.4991884231567383,0.5607557892799377,-0.4560253620147705
1790341571941819000,30.97981884765625,-1.0227994918823242,-1.7746583223342896,-1.5014959573745728
1790341571958263000,30.996262939453125,2.002163887023926,0.9475286602973938,0.7784590721130371
1790341571974760400,31.012760498046877,-0.8415031433105469,-1.610444188117981,-0.09817945957183838
1790341571991204400,31.029204345703125,1.1218385696411133,1.5374302864074707,-1.2990514039993286
1790341572007669200,31.045669189453125,-0.417877197265625,-1.5466073751449585,0.11406564712524414
1790341572024111600,31.062111572265625,2.076587677001953,0.5367764830589294,0.13267362117767334
1790341572040557600,31.0785576171875,1.2006845474243164,0.8493014574050903,0.530005931854248
1790341572056999200,31.094999267578125,-1.3190279006958008,-0.6783986687660217,0.7820825576782227
1790341572073411600,31.11141162109375,0.61883544921875,1.99439537525177,0.4973093867301941
1790341572089880300,31.12788037109375,-2.409787178039551,-0.6946141123771667,0.5782846808433533
1790341572106324700,31.14432470703125,-0.40743064880371094,0.367275595664978,-1.0805550813674927
1790341572123689500,31.161689453125,0.40412139892578125,1.1598011255264282,0.4709840416908264
1790341572140156000,31.178156005859375,-0.48203563690185547,0.6938313245773315,1.339432954788208
1790341572156597200,31.19459716796875,-1.6248083114624023,-0.757445216178894,-2.340242385864258
1790341572173001700,31.211001708984377,2.4221744537353516,1.74068021774292,0.6503052711486816
1790341572189444400,31.2274443359375,-1.2947492599487305,-1.815752625465393,0.10988128185272217
1790341572205887500,31.243887451171876,1.6513710021972656,1.430641770362854,-1.0602173805236816
1790341572222383600,31.260383544921876,-0.61224365234375,-0.5924944877624512,0.3640415072441101
1790341572238822000,31.27682177734375,-0.20343875885009766,-0.2432807981967926,-0.7725677490234375
1790341572255286800,31.293286865234375,0.15603923797607422,-0.37467798590660095,0.3452015519142151
1790341572271723800,31.309723876953125,0.7211723327636719,0.25567102432250977,1.3236316442489624
1790341572288163300,31.326163330078124,-0.841156005859375,-0.5834356546401978,0.8041983842849731
1790341572304633000,31.342633056640626,0.58099365234375,0.7371102571487427,0.17942380905151367
1790341572321078500,31.35907861328125,-1.0491704940795898,-1.0707381963729858,-0.7423948049545288
1790341572337547300,31.37554736328125,1.6740741729736328,0.636284589767456,0.1487210988998413
1790341572353989000,31.391989013671875,0.038787841796875,-1.0513546466827393,0.3821312189102173
1790341572370446600,31.408446533203126,0.7037038803100586,-0.25153568387031555,0.6919605731964111
1790341572386914000,31.4249140625,-0.47181129455566406,-0.49557405710220337,0.21328133344650269
1790341572403355100,31.441355224609374,-1.0875778198242188,-0.6372978687286377,0.13310647010803223
1790341572419742700,31.45774267578125,0.15619373321533203,-0.39496979117393494,-0.008533716201782227
1790341572436182000,31.47418212890625,0.5837535858154297,-0.3745822310447693,-1.255059003829956
1790341572452621800,31.490621826171875,1.236842155456543,-0.7343640327453613,-0.9165326356887817
1790341572469120000,31.5071201171875,1.6688213348388672,-0.7057821154594421,1.3019360303878784
1790341572485561300,31.523561279296874,1.3600397109985352,-0.44879332184791565,-0.14853167533874512
1790341572502035500,31.540035400390625,-0.05904579162597656,0.5672224760055542,0.4930102229118347
1790341572518475800,31.556475830078124,-1.7008981704711914,-0.2707386612892151,0.1739436388015747
1790341572534919000,31.5729189453125,-0.5907211303710938,0.841928243637085,0.767450213432312
1790341572551389200,31.58938916015625,-1.3684043884277344,-0.5162460803985596,-0.24249184131622314
1790341572567838200,31.605838134765627,-0.48947906494140625,0.04332992434501648,0.14186084270477295
1790341572584310000,31.62231005859375,0.4458627700805664,-0.10546301305294037,1.0321846008300781
1790341572600752600,31.638752685546876,-0.5723142623901367,-0.43529731035232544,-0.8863067626953125
1790341572617210000,31.655210205078124,0.8685636520385742,0.38930630683898926,0.9620539546012878
1790341572633673500,31.671673583984376,-0.6650381088256836,-0.1664460301399231,-0.19391727447509766
1790341572650112000,31.688112060546874,0.21267127990722656,0.15118736028671265,-1.4669097661972046
1790341572666601700,31.704601806640625,0.44955921173095703,-0.17740193009376526,1.1983944177627563
1790341572683042600,31.72104248046875,-0.32009410858154297,-1.20206618309021,-0.757165789604187
1790341572699483600,31.737483642578123,0.2723855972290039,-0.3107597827911377,-0.011101961135864258
1790341572715981000,31.75398095703125,1.1809511184692383,0.07457643747329712,-0.2912989854812622
1790341572732416800,31.770416748046873,0.039478302001953125,-0.0372348427772522,-0.10345101356506348
1790341572748882700,31.786882568359374,0.3641643524169922,0.8938520550727844,-0.13730788230895996
1790341572765320200,31.8033203125,-0.40044116973876953,-0.26395854353904724,-1.4244358539581299
1790341572781758000,31.819758056640627,0.9688348770141602,0.40967321395874023,-0.12406206130981445
1790341572798227000,31.83622705078125,0.9577474594116211,0.26168400049209595,-0.09565198421478271
1790341572814669600,31.852669677734376,-0.09946918487548828,-0.4723052680492401,-0.28893375396728516
1790341572831138000,31.869137939453125,-0.13985729217529297,0.3624977171421051,0.6112451553344727
1790341572847578400,31.885578369140624,0.1861724853515625,0.25789541006088257,0.46228885650634766
1790341572864034300,31.902034423828123,-1.302474021911621,-1.1048245429992676,-0.739190936088562
1790341572880503300,31.91850341796875,-0.06149768829345703,0.10996800661087036,0.5461531281471252
1790341572896943000,31.934943115234375,0.6588954925537109,-0.3218892812728882,0.5065847635269165
1790341572913337000,31.951337158203124,-0.18484973907470703,-1.0455374717712402,-0.6164418458938599
1790341572929775600,31.967775634765626,0.45166778564453125,-0.1815643459558487,0.2145836353302002
1790341572946217500,31.984217529296874,-0.914067268371582,-1.4851796627044678,0.5422877073287964
1790341572962712600,32.000712646484374,0.19713592529296875,-1.0477544069290161,-1.5474878549575806
1790341572979148300,32.017148193359375,0.7192897796630859,-0.8850926160812378,0.40185272693634033
1790341572995617500,32.03361743164062,0.08349132537841797,-1.7596901655197144,0.3799079656600952
1790341573012061700,32.05006176757813,0.46251964569091797,0.029474511742591858,-0.6563360691070557
1790341573028504300,32.06650439453125,0.04337120056152344,-0.6305266618728638,0.6247537732124329
1790341573044968700,32.08296875,-0.08630752563476562,-0.3784107565879822,-0.2982659339904785
1790341573061309400,32.09930932617188,0.7719535827636719,0.21565848588943481,0.637195348739624
1790341573077670700,32.11567065429688,-1.0634851455688477,0.6614210605621338,0.14333415031433105
1790341573094106600,32.132106689453124,-1.7457737922668457,-0.8297972083091736,0.4906570315361023
1790341573110562300,32.148562255859375,0.7220773696899414,1.115760087966919,0.5561918020248413
1790341573127023900,32.16502392578125,-0.6251192092895508,0.2390357106924057,-0.9426741600036621
1790341573143466000,32.181466064453126,0.32175254821777344,0.26178398728370667,-0.150262713432312
1790341573159950600,32.19795068359375,1.3716535568237305,0.28995537757873535,-0.07335114479064941
1790341573176393200,32.214393310546875,0.9149808883666992,-0.4691682457923889,-0.49819421768188477
1790341573192836600,32.23083666992188,1.8532018661499023,-0.4738019108772278,0.5502851009368896
1790341573209335000,32.2473349609375,0.35709667205810547,0.17378076910972595,0.5872896313667297
1790341573225774600,32.263774658203126,-1.4238252639770508,-0.6839199066162109,-0.29492127895355225
1790341573242181400,32.28018139648437,-0.039562225341796875,-0.21871712803840637,-1.0421139001846313
1790341573258620400,32.296620361328124,0.8307428359985352,-0.8020884990692139,1.0580952167510986
1790341573275059200,32.31305908203125,0.41489219665527344,-0.46293842792510986,-1.0949441194534302
1790341573291531000,32.32953100585937,-0.6593074798583984,-0.5431064963340759,-0.8200650215148926
1790341573307976200,32.34597607421875,1.1474599838256836,-0.1383746713399887,-1.0794367790222168
1790341573324452400,32.36245239257813,0.7254362106323242,-0.3261689245700836,0.45234352350234985
1790341573340891400,32.37889135742188,0.28426456451416016,-0.8910118937492371,-0.09227025508880615
1790341573357256700,32.39525659179687,1.1816463470458984,0.23835554718971252,0.24768328666687012
1790341573373722600,32.41172265625,0.07349872589111328,-0.22051556408405304,0.09023618698120117
1790341573390160600,32.42816064453125,0.11261177062988281,-0.24833230674266815,0.9914263486862183
1790341573406567400,32.4445673828125,0.09852123260498047,-0.08249415457248688,-0.8071787357330322
1790341573423004400,32.46100439453125,-0.0677633285522461,0.13227394223213196,1.6272449493408203
1790341573439441700,32.477441650390624,0.2350330352783203,0.2651696801185608,0.05711376667022705
1790341573455944200,32.49394409179688,0.2295551300048828,0.7387503385543823,0.38478267192840576
1790341573472381700,32.51038159179687,-1.3081741333007812,-0.8673856854438782,0.9591445922851562
1790341573488849000,32.526848876953125,0.03471183776855469,0.5405201315879822,-1.006403923034668
1790341573505287400,32.54328735351562,-0.48119068145751953,-0.7773361802101135,0.6607652306556702
1790341573521730000,32.55972998046875,0.36617565155029297,-0.6266989707946777,-1.076628565788269
1790341573538199600,32.57619946289063,1.837442398071289,-0.24361425638198853,0.1738804578781128
1790341573554644000,32.59264404296875,0.6563835144042969,-1.0677924156188965,0.4769456386566162
1790341573571031300,32.60903125,-0.03289318084716797,-0.6386109590530396,0.5695064067840576
1790341573587469600,32.62546948242188,-0.05727100372314453,-0.37384557723999023,0.9419393539428711
1790341573603929000,32.64192919921875,-0.8401174545288086,0.1639191210269928,-0.1583719253540039
1790341573620389600,32.6583896484375,-0.687744140625,-0.4733928442001343,-1.014219880104065
1790341573636828700,32.67482861328125,0.8813619613647461,-0.3041037321090698,-0.6489306688308716
1790341573653321200,32.6913212890625,0.9944667816162109,-1.220541000366211,-0.1737889051437378
1790341573669759000,32.707759033203125,1.6331310272216797,-0.10610482096672058,0.16259241104125977
1790341573686197000,32.72419702148437,0.30358409881591797,-0.8239483833312988,0.3246675729751587
1790341573702694100,32.740694091796875,-0.1979236602783203,-0.029784169048070908,0.8597867488861084
1790341573719173400,32.75717333984375,-1.0601482391357422,0.1654055267572403,-0.3946648836135864
1790341573735644200,32.77364404296875,-0.5628576278686523,-0.6000479459762573,0.5192562341690063
1790341573752084200,32.790084228515624,0.26482105255126953,0.9319981932640076,0.48493868112564087
1790341573768522500,32.8065224609375,-1.479323387145996,-0.5849413275718689,-0.5321717262268066
1790341573784992000,32.822991943359376,0.004590034484863281,0.2877095341682434,0.6871370673179626
1790341573801439000,32.83943896484375,0.32463932037353516,1.1259043216705322,-0.08542060852050781
1790341573817915100,32.8559150390625,-0.41274070739746094,0.14462609589099884,-0.006755352020263672
1790341573834360600,32.87236059570313,-0.0026426315307617188,0.1951448917388916,0.8620914220809937
1790341573850824700,32.88882470703125,-0.33299827575683594,-0.28143054246902466,-0.018266797065734863
1790341573867295000,32.905294921875,-0.2864866256713867,0.38480716943740845,0.4337260127067566
1790341573883736600,32.92173657226562,-0.9229288101196289,-0.14442472159862518,1.0847868919372559
1790341573900140500,32.938140625,-0.6966094970703125,0.1114276647567749,-0.011518597602844238
1790341573916535300,32.954535400390625,-0.14069175720214844,0.7745201587677002,0.37268006801605225
1790341573932979500,32.9709794921875,-0.9450216293334961,-0.07862156629562378,-0.12698280811309814
1790341573949472000,32.987471923828124,0.3313302993774414,0.5077147483825684,-0.9518229961395264
1790341573965913900,33.00391381835937,0.13433361053466797,-0.3929719924926758,0.4088398814201355
1790341573982380300,33.02038037109375,0.7715082168579102,-0.22204497456550598,-0.2661782503128052
1790341573998823700,33.03682373046875,0.8079891204833984,0.2262859046459198,0.6552122235298157
1790341574015267300,33.05326733398437,-0.08508491516113281,-0.022581756114959717,-0.001498103141784668
1790341574031738400,33.06973828125,0.14947223663330078,0.22256684303283691,-0.8180326223373413
1790341574048185600,33.086185546875,0.23705768585205078,-0.1321030557155609,0.1387171745300293
1790341574064586200,33.102586181640625,-0.0028047561645507812,-0.4256916344165802,-0.18306338787078857
1790341574081031700,33.11903173828125,0.2501859664916992,-0.36255037784576416,-0.49907970428466797
1790341574097492200,33.1354921875,1.043623924255371,-0.6765108108520508,0.23623377084732056
1790341574113904600,33.151904541015625,-0.3368101119995117,-1.246401309967041,0.5159491896629333
1790341574130349800,33.16834985351562,0.7556571960449219,0.13302138447761536,-0.3378089666366577
1790341574146848500,33.1848486328125,-0.39020347595214844,-1.4897462129592896,0.04053163528442383
1790341574163291100,33.201291015625,1.1011619567871094,0.08793699741363525,-0.0623476505279541
1790341574179733800,33.217733642578125,-0.09726333618164062,-0.7610212564468384,-0.22446954250335693
1790341574196228000,33.23422802734375,0.33214855194091797,-0.34546932578086853,-0.29501843452453613
1790341574212671500,33.25067138671875,1.0631999969482422,0.23754024505615234,0.3617056608200073
1790341574229143000,33.26714306640625,-0.10415458679199219,-0.09963680058717728,0.6018689870834351
1790341574245510000,33.28351000976563,-0.7512845993041992,0.5544862151145935,0.40661293268203735
1790341574261951000,33.29995092773437,-0.7714729309082031,0.06242479383945465,0.12608611583709717
1790341574278420700,33.31642065429688,0.6444292068481445,0.6386165022850037,0.43249261379241943
1790341574294868200,33.3328681640625,0.31530094146728516,0.41432851552963257,0.0760946273803711
1790341574311336400,33.34933642578125,1.015854835510254,0.5720165371894836,-0.1061704158782959
1790341574327774700,33.36577465820312,-0.5460500717163086,0.06751218438148499,0.542504072189331
1790341574344230000,33.38222998046875,0.10874080657958984,0.11451447010040283,0.22022587060928345
1790341574360696300,33.3986962890625,-0.24125099182128906,0.10490946471691132,-0.16455304622650146
1790341574377136600,33.41513671875,0.4019041061401367,0.0205727219581604,0.7299710512161255
1790341574393543200,33.431543212890624,-0.7138299942016602,0.22006186842918396,-0.16985797882080078
1790341574409983500,33.4479833984375,-0.48462390899658203,0.7195996642112732,-0.32188326120376587
1790341574426424600,33.464424560546874,-0.5738487243652344,-0.29694247245788574,-0.4396725296974182
1790341574442923800,33.480923828125,0.5498237609863281,0.7959198951721191,0.3773418664932251
1790341574459363800,33.49736376953125,-0.2162923812866211,-0.6730058193206787,-0.14210641384124756
1790341574475835400,33.51383544921875,0.8266143798828125,0.7780312895774841,0.4842909872531891
1790341574492275200,33.53027514648438,-0.6432571411132812,-0.9831979274749756,0.5374233722686768
1790341574508715300,33.54671533203125,0.12914562225341797,0.43635988235473633,0.4406384825706482
1790341574525182700,33.5631826171875,-0.2658538818359375,-0.3780207633972168,0.23969024419784546
1790341574541626600,33.57962670898438,-0.32116127014160156,0.09135428071022034,0.2186976671218872
1790341574558098400,33.59609838867188,-0.08748626708984375,-0.03593143820762634,0.2314753532409668
1790341574574539500,33.61253955078125,0.34301185607910156,-0.37805670499801636,-0.1444353461265564
1790341574591001900,33.629001953125,0.5289134979248047,-0.09406188130378723,-0.1257317066192627
1790341574607472000,33.64547216796875,-0.008097648620605469,-0.6933860778808594,0.09793329238891602
1790341574623912200,33.661912109375,0.48158836364746094,-0.4310123324394226,0.07143270969390869
1790341574640418300,33.67841821289063,0.5949497222900391,-0.38337916135787964,-0.16331082582473755
1790341574656863000,33.69486303710938,0.1722564697265625,-0.6305375695228577,0.714117169380188
1790341574673306000,33.71130615234375,-0.06887435913085938,-0.516643762588501,0.3366466164588928
1790341574689808100,33.72780810546875,0.3729896545410156,0.00779414176940918,-0.22658973932266235
1790341574706249700,33.74424975585937,0.1701526641845703,-0.45036476850509644,0.9366212487220764
1790341574722721800,33.7607216796875,0.4944028854370117,-0.15320666134357452,-0.12647366523742676
1790341574739163400,33.777163330078125,0.5896892547607422,0.10174047946929932,-0.13302987813949585
1790341574755606000,33.79360595703125,-0.11502933502197266,-0.013463035225868225,0.4029023349285126
1790341574772078800,33.81007885742188,-0.6541719436645508,0.21048897504806519,-0.279729425907135
1790341574788543500,33.82654345703125,-0.3196859359741211,-0.31875136494636536,0.5957508087158203
1790341574805017600,33.843017578125,0.10097980499267578,0.17321906983852386,0.1317344307899475
1790341574821459700,33.85945971679688,-0.1183023452758789,0.02509850263595581,0.9969334602355957
1790341574837922000,33.875922119140625,-0.2242889404296875,0.23836970329284668,-0.3006380796432495
1790341574854360000,33.89236010742187,0.1509990692138672,0.31066635251045227,0.19549274444580078
1790341574870798000,33.908798095703126,-0.26912784576416016,-0.06092733144760132,0.5763238668441772
1790341574887208200,33.92520825195312,0.3620014190673828,0.1927286982536316,-0.15296518802642822
1790341574903650300,33.941650390625,-0.1003713607788086,0.06485776603221893,0.08780092000961304
1790341574920094700,33.9580947265625,0.02344036102294922,-0.45441949367523193,0.8589106798171997
1790341574936596200,33.97459619140625,0.293243408203125,0.1103270947933197,0.14523100852966309
1790341574953039600,33.99103955078125,0.1517181396484375,-0.2374253123998642,0.0892069935798645
1790341574969508900,34.0075087890625,0.7496452331542969,0.3674086034297943,0.6982057094573975
1790341574985951200,34.023951171875,-0.5797538757324219,0.3689359128475189,0.20813748240470886
1790341575002398200,34.04039819335937,0.09949207305908203,0.12006306648254395,0.024316608905792236
1790341575018872300,34.05687231445312,0.08433914184570312,0.061038702726364136,-0.32626914978027344
1790341575035319600,34.07331958007813,0.3729114532470703,-0.41727298498153687,0.32792186737060547
1790341575051788800,34.089788818359374,-0.047295570373535156,-0.32760608196258545,0.41730040311813354
1790341575068159500,34.106159423828124,0.16209793090820312,-0.3233039677143097,0.3386164903640747
1790341575084632600,34.12263256835938,0.41664886474609375,-0.3925422430038452,0.33951735496520996
1790341575101103000,34.13910302734375,0.2527275085449219,-0.13565397262573242,-0.18254101276397705
1790341575117546500,34.15554638671875,0.7543153762817383,0.08314542472362518,0.19120433926582336
1790341575134044700,34.17204467773438,-0.2947883605957031,-0.2259131520986557,-0.29886049032211304
1790341575150488600,34.188488525390625,0.46781349182128906,0.4646757245063782,0.6220611333847046
1790341575166934000,34.20493408203125,-0.13360595703125,-0.28638797998428345,-0.24064302444458008
1790341575183433000,34.221432861328125,0.18679141998291016,0.28259509801864624,0.22245022654533386
1790341575199873800,34.237873779296876,-0.10795116424560547,-0.47810184955596924,0.1168496310710907
1790341575216343800,34.25434375,0.502192497253418,-0.03593812882900238,-0.17206522822380066
1790341575232782600,34.270782470703125,0.49952220916748047,0.17941898107528687,-0.13223978877067566
1790341575249248000,34.287248046875,0.013196945190429688,-0.11403220891952515,0.09223565459251404
1790341575265739300,34.3037392578125,0.015377998352050781,0.16464863717556,-0.029775768518447876
1790341575282188300,34.32018823242188,-0.0422515869140625,0.17492328584194183,0.19125014543533325
1790341575298662700,34.33666259765625,0.2853994369506836,0.2626988887786865,0.432371586561203
1790341575315124500,34.35312451171875,-0.3157215118408203,0.03199654817581177,0.10253515839576721
1790341575331598000,34.36959814453125,0.14835739135742188,0.5497934818267822,0.6074232459068298
1790341575348040700,34.386040771484375,-0.7212429046630859,0.24487362802028656,-0.022994279861450195
1790341575364484400,34.402484375,-0.5827922821044922,-0.011481404304504395,0.21495619416236877
1790341575380962000,34.41896215820312,0.4771003723144531,-0.03744304180145264,0.3384474813938141
1790341575397438000,34.43543798828125,0.8141212463378906,-0.3224804997444153,0.7961409687995911
1790341575413882000,34.45188208007813,0.653294563293457,-0.19054476916790009,0.10621006786823273
1790341575430418200,34.468418212890626,1.3375539779663086,-0.04506660997867584,0.661800742149353
1790341575446864600,34.48486474609375,0.0849313735961914,-0.15458551049232483,0.2915431559085846
1790341575463334100,34.501334228515624,-0.05915546417236328,0.3606746196746826,0.24379119277000427
1790341575479813400,34.5178134765625,-0.6630325317382812,-0.3957172632217407,0.2342851161956787
1790341575496329500,34.53432958984375,-0.18464088439941406,-0.13376940786838531,-0.09515473246574402
1790341575512783000,34.550783203125,-0.6042146682739258,-0.2426295429468155,0.5225326418876648
1790341575529279200,34.567279296875,0.26450443267822266,-0.20503394305706024,0.10156239569187164
1790341575545781200,34.58378125,0.2952880859375,-0.43771398067474365,0.2066674381494522
1790341575562256600,34.60025659179688,0.5604753494262695,-0.41258805990219116,0.5278605818748474
1790341575578757600,34.616757568359375,0.844996452331543,0.4090733528137207,-0.2890934348106384
1790341575595278000,34.63327807617188,-0.13675594329833984,-0.4108392000198364,0.25649192929267883
1790341575611761200,34.64976123046875,-0.34998321533203125,0.4661644697189331,0.0007854551076889038
1790341575628283000,34.666282958984375,-0.6040048599243164,-0.1475081890821457,0.3921284079551697
1790341575644775200,34.682775146484374,-0.1946887969970703,-0.27901825308799744,-0.37675705552101135
1790341575661289200,34.69928930664062,0.4300117492675781,0.4592556357383728,0.5851801633834839
1790341575677771000,34.71577099609375,-0.3817300796508789,-0.23184490203857422,0.26469993591308594
1790341575694255000,34.73225512695313,0.027626991271972656,0.16867439448833466,-0.11257599294185638
1790341575710753000,34.7487529296875,-0.16159915924072266,0.5171985030174255,0.5984931588172913
1790341575727244800,34.765244873046875,-0.35072994232177734,-0.37062060832977295,-0.203718364238739
1790341575743657700,34.78165771484375,0.3411397933959961,-0.04178556799888611,0.1573047786951065
1790341575760109800,34.79810986328125,0.41043853759765625,-0.004781514406204224,0.521367609500885
1790341575776615000,34.814614990234375,0.1805591583251953,-0.016977429389953613,-0.13144420087337494
1790341575793079600,34.83107958984375,0.35527801513671875,0.24036280810832977,0.44865331053733826
1790341575809568800,34.84756884765625,0.18994617462158203,0.4590945839881897,0.17252632975578308
1790341575826079700,34.86407983398438,0.14435958862304688,-0.42773693799972534,0.15716934204101562
1790341575842563300,34.88056323242188,-0.08327770233154297,-0.44886136054992676,0.34632641077041626
1790341575859047700,34.897047607421875,0.49350547790527344,-0.4279419779777527,0.2818596363067627
1790341575875559700,34.9135595703125,1.62335205078125,0.4313967525959015,0.2901284694671631
1790341575892020000,34.93002001953125,-0.6272411346435547,-0.8737387657165527,0.02945125475525856
1790341575908496400,34.94649633789062,-0.1365985870361328,1.0586224794387817,1.065198540687561
1790341575924984300,34.962984375,-1.1565828323364258,-0.220159649848938,-0.5966537594795227
1790341575941419800,34.97941967773438,-1.3960943222045898,-0.045843616127967834,-0.42704689502716064
1790341575957861600,34.995861572265625,-0.618046760559082,-0.18369466066360474,0.2274167835712433
1790341575974320600,35.012320556640624,0.32762622833251953,-0.1598292887210846,0.6469091773033142
1790341575990796300,35.02879638671875,0.8687286376953125,0.2062251716852188,0.015599362552165985
1790341576007283200,35.045283203125,0.08828067779541016,0.22987248003482819,0.3621268570423126
1790341576023775700,35.061775634765624,-0.4335660934448242,-0.22879505157470703,0.13537590205669403
1790341576040242700,35.07824267578125,-0.4071502685546875,0.361528217792511,-0.3628785014152527
1790341576056713000,35.094712890625,-0.5219631195068359,0.009556472301483154,-0.07489398121833801
1790341576073176800,35.1111767578125,-0.2417736053466797,0.3354102075099945,0.4674491882324219
1790341576089630500,35.12763037109375,-0.0644073486328125,-0.24753379821777344,-0.16677053272724152
1790341576106114800,35.14411474609375,0.8694620132446289,0.28408992290496826,0.289967805147171
1790341576122639400,35.16063940429687,0.21590232849121094,-0.3423810303211212,0.865216851234436
1790341576139179800,35.1771796875,-0.15994930267333984,0.07027217745780945,-0.2029741257429123
1790341576155621000,35.19362109375,-1.4503593444824219,0.07777489721775055,-0.1365404576063156
1790341576172127700,35.21012768554687,-0.791905403137207,-0.3951405882835388,-0.1852254867553711
1790341576188604000,35.22660400390625,-0.1262960433959961,-0.513535737991333,0.6249355673789978
1790341576205105700,35.243105712890625,1.046891212463379,0.6049034595489502,0.4349521994590759
1790341576221603800,35.259603759765625,0.6301918029785156,-0.04369264841079712,0.20936964452266693
1790341576238088400,35.27608837890625,-1.144059181213379,-0.903619110584259,-0.3824930489063263
1790341576254579200,35.2925791015625,0.5340557098388672,1.038521647453308,0.6344280242919922
1790341576271107600,35.30910766601563,-0.514744758605957,-1.428424596786499,-0.6117777824401855
1790341576287611400,35.325611328125,0.48349857330322266,0.37171661853790283,0.12189441919326782
1790341576304111400,35.342111328125,0.19608020782470703,-0.5348538160324097,0.49810850620269775
1790341576320627200,35.358627197265626,0.22705936431884766,-0.2076776623725891,-0.4003189206123352
1790341576337083600,35.37508374023437,-0.11303234100341797,-0.482067734003067,0.00762871652841568
1790341576353573000,35.391572998046875,0.25562095642089844,-0.13765674829483032,0.3269328773021698
1790341576370064600,35.40806469726562,-0.11075401306152344,-0.6736255288124084,0.26818257570266724
1790341576386557400,35.42455737304687,-0.019824981689453125,-0.29645246267318726,0.08340799063444138
1790341576403072500,35.441072509765625,-0.4029731750488281,0.05768190324306488,-0.018610484898090363
1790341576419556900,35.45755688476562,-0.9918966293334961,-0.053634241223335266,-0.21962103247642517
1790341576436044300,35.474044189453124,-0.7069387435913086,1.0054585933685303,-0.12120912969112396
1790341576452501000,35.4905009765625,-0.9438543319702148,-0.6357588171958923,0.5535908937454224
1790341576468998000,35.506997802734375,0.7895441055297852,0.5626219511032104,-0.5513900518417358
1790341576485515800,35.523515869140624,-0.1177377700805664,0.28328627347946167,0.49979251623153687
1790341576502002200,35.54000219726562,-0.5796957015991211,0.3755336105823517,-0.139468252658844
1790341576518493700,35.55649365234375,-0.5437154769897461,0.013124033808708191,0.4024651050567627
1790341576534993000,35.57299291992187,-0.7927274703979492,-0.3593639135360718,-0.3781322240829468
1790341576551483600,35.589483642578124,0.21042442321777344,0.3935732841491699,-0.0813736766576767
1790341576567996200,35.60599609375,-0.7855873107910156,-0.6035867929458618,0.5868364572525024
1790341576584494600,35.62249462890625,0.0642862319946289,0.518675684928894,-0.48053228855133057
1790341576600944400,35.6389443359375,-0.23258590698242188,0.26372817158699036,0.17137789726257324
1790341576617430300,35.65543017578125,-1.0897998809814453,-0.13508230447769165,0.07162292301654816
1790341576633923300,35.67192333984375,0.047385215759277344,-0.013323090970516205,-0.39902979135513306
1790341576650440000,35.68843994140625,-0.07956409454345703,-0.2910447120666504,0.45678579807281494
1790341576666956300,35.70495629882812,0.18621158599853516,0.12749823927879333,0.4182676076889038
1790341576683443200,35.72144311523437,0.08805084228515625,-0.11982736736536026,0.19606652855873108
1790341576699944200,35.73794409179688,-0.16091632843017578,0.15359093248844147,0.11741535365581512
1790341576716440000,35.754440185546876,-0.29013824462890625,0.7348049283027649,0.335734486579895
1790341576732956400,35.770956298828125,-0.9053773880004883,-0.6230728626251221,-0.15497738122940063
1790341576749447000,35.787447021484375,0.018845558166503906,0.8144118785858154,-0.3974916338920593
1790341576765960200,35.80396020507813,-1.0560245513916016,-0.4901130497455597,0.09542462229728699
1790341576782429000,35.82042895507813,1.3788700103759766,-0.5565527677536011,-0.3301176428794861
1790341576798873000,35.836873046875,0.5793380737304688,2.202470541000366,0.6212075352668762
1790341576815380200,35.85338012695313,-2.609616279602051,-1.0649828910827637,-1.8503129482269287
1790341576831822300,35.869822265625,0.3956413269042969,1.6967560052871704,2.426417827606201
1790341576848264700,35.8862646484375,-0.10487651824951172,-4.10767936706543,0.5373392105102539
1790341576864721400,35.90272143554687,3.1820688247680664,1.9303123950958252,0.7254242897033691
1790341576881184300,35.91918432617187,-3.3925909996032715,-1.6607283353805542,-0.24865205585956573
1790341576897640200,35.93564013671875,0.31151485443115234,1.7283248901367188,-0.26576748490333557
1790341576914171600,35.952171630859375,0.23520851135253906,-2.6507058143615723,0.6091784834861755
1790341576930612000,35.968612060546874,2.3660945892333984,-0.13844919204711914,1.0138295888900757
1790341576947025200,35.985025146484375,1.2025070190429688,-0.08000984787940979,-0.9611613750457764
1790341576963501000,36.0015009765625,-0.5188474655151367,0.02678077481687069,0.4458302855491638
1790341576980004000,36.018004150390624,-0.24573040008544922,-0.5001334547996521,0.79356449842453
1790341576996457700,36.034457763671874,1.4543657302856445,-0.299368292093277,0.7450306415557861
1790341577012902400,36.05090234375,-0.2551078796386719,-0.3472800850868225,0.029404401779174805
1790341577029399600,36.06739965820312,-0.04669475555419922,0.5160008668899536,0.08302745223045349
1790341577045838800,36.0838388671875,-0.5111236572265625,-0.8632050156593323,-0.47760531306266785
1790341577062242000,36.10024194335937,-0.087158203125,0.6110988259315491,0.828180193901062
1790341577078698200,36.1166982421875,-0.5083770751953125,0.5924572944641113,-0.3305867612361908
1790341577095161600,36.13316162109375,-1.518651008605957,-1.4512311220169067,-0.05913659930229187
1790341577111635700,36.1496357421875,2.4892778396606445,0.8260471820831299,-0.2776780128479004
1790341577128054300,36.16605419921875,0.90478515625,1.8637263774871826,1.5086952447891235
1790341577144499500,36.18249951171875,-5.2908244132995605,-3.870327949523926,-0.07790559530258179
1790341577160904200,36.198904296875,3.4720516204833984,5.726492404937744,-1.162772536277771
1790341577177311500,36.2153115234375,-0.8075180053710938,-3.5579230785369873,3.020768880844116
1790341577193784000,36.2317841796875,4.11683464050293,4.709140777587891,-0.9544479846954346
1790341577210225200,36.24822509765625,-4.532969951629639,-4.233837127685547,0.5345214605331421
1790341577226669000,36.2646689453125,1.9244966506958008,2.4849343299865723,-1.5906789302825928
1790341577243142700,36.281142578125,1.7381858825683594,-3.645458459854126,0.7408406734466553
1790341577259590000,36.29758984375,2.098822593688965,4.209525108337402,-0.5305477380752563
1790341577276063500,36.3140634765625,-7.0372209548950195,-4.726528167724609,1.3757786750793457
1790341577292544300,36.33054418945313,1.6296558380126953,3.9583470821380615,0.3037945628166199
1790341577309046500,36.347046630859374,-2.476104736328125,-2.6514124870300293,1.3698432445526123
1790341577325491200,36.3634912109375,2.37884521484375,1.0826345682144165,-0.620102047920227
1790341577341954300,36.379954345703126,-0.2886466979980469,-0.8015373945236206,1.6604297161102295
1790341577358410200,36.39641015625,-0.34404754638671875,2.315488815307617,-0.26090720295906067
1790341577374871000,36.41287109375,-1.9672412872314453,-1.1033387184143066,0.9540043473243713
1790341577391313700,36.42931372070313,-0.7219915390014648,0.3459698259830475,-0.7984431385993958
1790341577407787800,36.44578784179687,0.05126667022705078,-0.5655874013900757,0.028654932975769043
1790341577424252000,36.462251953125,0.22858715057373047,-1.1655080318450928,0.3420092761516571
1790341577440710100,36.47871020507812,1.3060035705566406,0.695992112159729,-0.2291824221611023
1790341577457176600,36.49517651367187,-0.9758396148681641,-0.7762022018432617,0.2635849118232727
1790341577473645800,36.511645751953125,0.07957744598388672,0.482351154088974,-0.07774677872657776
1790341577490120200,36.5281201171875,-1.043492317199707,-0.5739261507987976,-0.11048634350299835
1790341577506593300,36.54459326171875,-0.047710418701171875,-0.011664289981126785,-0.44750165939331055
1790341577523094300,36.56109423828125,-0.3782978057861328,-0.2512667775154114,0.12752604484558105
1790341577539556900,36.57755688476563,-0.5173673629760742,0.1605401337146759,-0.2681829035282135
1790341577556073000,36.594072998046876,-0.7187261581420898,-0.2947019636631012,-0.19010800123214722
1790341577572528000,36.610528076171875,-0.23760414123535156,-0.11186588555574417,-0.020529061555862427
1790341577589017300,36.62701733398438,0.1908740997314453,-0.0691489726305008,-0.4172959327697754
1790341577605545500,36.64354541015625,-0.6520109176635742,-0.3727342188358307,0.240525484085083
1790341577621984000,36.65998388671875,-0.3718996047973633,0.18907997012138367,0.03955274820327759
1790341577638499800,36.676499755859375,-0.8005352020263672,0.4752441942691803,-0.31229299306869507
1790341577655017500,36.693017578125,-0.6591606140136719,-0.13034653663635254,0.20779308676719666
1790341577671505200,36.709505126953125,0.26024436950683594,0.6096790432929993,0.10825809836387634
1790341577688006000,36.726005859375,-1.0662012100219727,-0.2751505672931671,-0.009782552719116211
1790341577704467000,36.74246704101562,-0.3215951919555664,-0.020094502717256546,-0.09144666790962219
1790341577720982300,36.758982177734374,-0.21862506866455078,0.6859956383705139,-0.36013364791870117
1790341577737435000,36.77543481445313,-0.3094024658203125,-0.7500666975975037,0.17445555329322815
1790341577753940000,36.79193994140625,-0.09161186218261719,-0.11008089780807495,-0.28643566370010376
1790341577770431200,36.80843115234375,0.5070228576660156,1.0055021047592163,0.015572577714920044
1790341577786908400,36.82490844726563,-0.1272592544555664,-1.0734785795211792,-0.19264084100723267
1790341577803397400,36.8413974609375,1.5845203399658203,0.857785165309906,-0.21261288225650787
1790341577819861500,36.85786157226563,0.4138479232788086,0.19713091850280762,0.278856486082077
1790341577836352800,36.87435278320312,0.04521465301513672,-0.2057325541973114,-0.13182726502418518
1790341577852882700,36.89088256835937,0.7083959579467773,0.19690637290477753,-0.16391155123710632
1790341577869379300,36.90737939453125,0.3636770248413086,0.22224073112010956,0.45305514335632324
1790341577885894100,36.92389404296875,0.06676387786865234,0.13063281774520874,-0.5649685859680176
1790341577902414000,36.9404140625,0.14343833923339844,0.0072838738560676575,-0.35357680916786194
1790341577918905300,36.9569052734375,0.39737606048583984,0.0617690235376358,0.25852569937705994
1790341577935409400,36.97340942382812,0.15078163146972656,0.3429148197174072,-0.36687731742858887
1790341577951905000,36.98990502929688,-0.4763956069946289,0.20036907494068146,-0.09703512489795685
1790341577968398300,37.0063984375,0.04091835021972656,0.4794730842113495,-0.04534924030303955
1790341577984883200,37.02288330078125,0.0410003662109375,0.32704028487205505,-0.24209827184677124
1790341578001375500,37.03937548828125,0.09603214263916016,-0.11807234585285187,-0.24344554543495178
1790341578017876700,37.05587670898438,0.2995424270629883,-0.3796324133872986,0.028964847326278687
1790341578034369000,37.072369140625,0.6083412170410156,0.09723730385303497,0.06538090109825134
1790341578050847500,37.088847412109374,-0.16018104553222656,-0.9697366952896118,-0.08690983057022095
1790341578067197400,37.105197509765624,0.809443473815918,1.2090522050857544,-0.012398451566696167
1790341578083634200,37.12163427734375,-1.5103731155395508,-1.4333622455596924,0.7327041625976562
1790341578100124200,37.13812426757813,0.6178798675537109,0.201365664601326,-1.1380767822265625
1790341578116629800,37.15462963867188,-0.04989910125732422,-0.5756490230560303,0.8327239155769348
1790341578132129500,37.170129638671874,-0.1673259735107422,-0.15330320596694946,-0.43765944242477417
1790341578148611000,37.186611083984374,0.06743812561035156,0.016398251056671143,0.11362597346305847
1790341578165097000,37.20309692382813,0.22072792053222656,0.00045824795961380005,-0.06325945258140564
1790341578181595000,37.21959497070313,0.07702064514160156,-0.0403832271695137,0.28991571068763733
1790341578198055700,37.2360556640625,-0.033057212829589844,0.11287176609039307,0.3450874388217926
1790341578214567200,37.25256713867188,-0.45925235748291016,-0.026682358235120773,-0.5349366068840027
1790341578231050500,37.26905053710937,-0.5094280242919922,-0.013604272156953812,-0.008760243654251099
1790341578247538000,37.285537841796874,-0.20054054260253906,0.06392038613557816,-0.08668608963489532
1790341578264032500,37.302032470703125,0.2974700927734375,0.098645880818367,0.21419000625610352
1790341578280523300,37.318523193359376,-0.36333656311035156,-0.05453372746706009,0.1431368589401245
1790341578297035000,37.33503491210938,-0.7775774002075195,0.15523496270179749,0.12610986828804016
1790341578313485800,37.35148583984375,-0.41115856170654297,0.5886294841766357,0.31012189388275146
1790341578329971500,37.36797143554688,-0.23161029815673828,0.4744263291358948,-0.6795471906661987
1790341578346493700,37.38449365234375,-0.5546483993530273,-0.3740605413913727,0.18377003073692322
1790341578362955500,37.40095556640625,0.5611686706542969,0.34558749198913574,0.19379562139511108
1790341578379471600,37.4174716796875,0.06809043884277344,0.40774568915367126,0.3980131149291992
1790341578395993600,37.43399365234375,-0.6262626647949219,0.19634240865707397,-0.33008667826652527
1790341578412480500,37.45048046875,0.0012388229370117188,0.3232552707195282,0.11917182803153992
1790341578428946000,37.46694580078125,-0.4296083450317383,-0.20336824655532837,0.22155854105949402
1790341578445442000,37.483442138671876,-0.41282081604003906,0.027918756008148193,-0.2595701217651367
1790341578461957400,37.49995727539063,-0.4079732894897461,0.3438221216201782,0.020679712295532227
1790341578478445800,37.51644580078125,-0.2474498748779297,0.3330819606781006,-0.3486919105052948
1790341578494935600,37.532935546875,-0.3861379623413086,0.14999224245548248,0.3599608838558197
1790341578511434200,37.54943432617188,-0.4675321578979492,-0.01906713843345642,-0.27362364530563354
1790341578527927000,37.56592700195313,-0.48661231994628906,0.5417622923851013,-0.06871095299720764
1790341578544438300,37.58243823242187,-0.37389278411865234,-0.49279212951660156,-0.3633241057395935
1790341578560925700,37.59892578125,1.2351512908935547,0.9543330073356628,-0.5306022763252258
1790341578577412900,37.615412841796875,-0.007305145263671875,-0.4906390905380249,0.0762786865234375
1790341578593940000,37.63193994140625,0.5002517700195312,0.3125057518482208,0.03769803047180176
1790341578610432300,37.64843237304687,0.3565998077392578,-0.12741190195083618,0.20486024022102356
1790341578626908400,37.664908447265624,0.36115455627441406,0.2470974624156952,-0.5743288993835449
1790341578643427600,37.68142749023438,0.5863552093505859,0.24946384131908417,0.6149606704711914
1790341578659915800,37.697915771484375,0.17223072052001953,-0.05522635579109192,-0.263919860124588
1790341578676417500,37.71441748046875,0.01647472381591797,-0.14808925986289978,-0.3713749051094055
1790341578692882200,37.730882080078125,0.18634986877441406,0.12831738591194153,0.13918808102607727
1790341578709398500,37.7473984375,0.09520339965820312,0.16969723999500275,-0.3752114176750183
1790341578725892000,37.76389208984375,0.13108539581298828,0.16323642432689667,-0.04110845923423767
1790341578742389000,37.780388916015625,-0.18727874755859375,0.34046557545661926,-0.15007725358009338
1790341578758897700,37.79689770507812,0.22922420501708984,0.4894707500934601,-0.20554938912391663
1790341578775436300,37.81343627929687,-0.3932790756225586,-0.02232728898525238,0.10048991441726685
1790341578791949800,37.82994970703125,-0.4293699264526367,0.042886942625045776,-0.5687788128852844
1790341578808434200,37.84643408203125,-0.09425544738769531,-0.48319345712661743,-0.01146763563156128
1790341578824920300,37.86292041015625,0.5185337066650391,0.09951096773147583,-0.08869431912899017
1790341578841414000,37.879413818359374,-0.07996082305908203,-0.6267437934875488,-0.008304774761199951
1790341578857904600,37.895904541015625,0.25030517578125,0.5252498388290405,-0.02156352996826172
1790341578874391300,37.912391357421875,-0.5995864868164062,-0.333046555519104,0.22753240168094635
1790341578890909200,37.9289091796875,-0.8390560150146484,-0.07912097871303558,-0.36222267150878906
1790341578907396400,37.94539624023437,-0.4631509780883789,0.29486140608787537,-1.038573145866394
1790341578923896800,37.961896728515626,0.09945201873779297,0.07353994250297546,0.17238490283489227
1790341578940356400,37.9783564453125,-0.16385746002197266,-0.4977349042892456,0.12882353365421295
1790341578956837400,37.99483740234375,1.1480636596679688,0.6768092513084412,-0.7915143370628357
1790341578973381400,38.01138134765625,-0.8007040023803711,-0.6586028933525085,0.5681382417678833
1790341578989836500,38.02783642578125,0.5519571304321289,0.4303155839443207,-0.5429902076721191
1790341579006292700,38.04429272460938,-0.1497650146484375,-0.35114598274230957,-0.42907875776290894
1790341579022753500,38.06075341796875,0.1996450424194336,-0.18835431337356567,0.21988359093666077
1790341579039268000,38.07726806640625,0.08466529846191406,-0.09993056952953339,-0.36644452810287476
1790341579055723300,38.09372314453125,-0.43970298767089844,0.18545255064964294,0.31627893447875977
1790341579072151300,38.1101513671875,-0.40384769439697266,-0.16624175012111664,-0.6144508123397827
1790341579088646700,38.126646728515624,0.13234615325927734,0.32789498567581177,-0.1908486783504486
1790341579105107200,38.14310717773437,-0.1168661117553711,-0.4846629798412323,-0.201091930270195
1790341579121623800,38.15962377929687,0.5438880920410156,-0.02637079358100891,-0.6921192407608032
1790341579138109200,38.17610913085937,0.05769920349121094,-0.16942228376865387,0.08481644093990326
1790341579154574800,38.19257495117188,0.023836135864257812,-0.044903457164764404,-0.7434006929397583
1790341579171044000,38.209044189453124,0.4877805709838867,-0.25797039270401,0.06354768574237823
1790341579187540700,38.225540771484376,-0.3219156265258789,-0.6308047771453857,-0.2602848708629608
1790341579203999200,38.24199926757812,0.5632915496826172,0.28043991327285767,-0.7300907373428345
1790341579220488000,38.25848803710937,-0.43079471588134766,-0.18792270123958588,0.0428919717669487
1790341579236964900,38.27496484375,-0.13916301727294922,0.14209936559200287,-0.20434938371181488
1790341579253468700,38.29146875,-0.7644968032836914,-0.7651779651641846,-0.6664940714836121
1790341579269964500,38.30796459960938,0.2479238510131836,0.06924180686473846,0.424558162689209
1790341579286480100,38.324480224609374,-0.26948070526123047,0.1142997145652771,-0.304637610912323
1790341579302936600,38.3409365234375,-0.13790416717529297,-0.4268353283405304,-0.5265934467315674
1790341579319372300,38.35737231445312,0.6090145111083984,0.15311665832996368,0.4884249269962311
1790341579335899000,38.37389892578125,-0.9280328750610352,0.15372425317764282,-0.39100882411003113
1790341579352342500,38.39034252929687,-0.2648038864135742,0.07597391307353973,-0.21283212304115295
1790341579368788700,38.406788818359374,-0.19293594360351562,0.1250644028186798,-0.2885981798171997
1790341579385264400,38.42326440429687,0.6019783020019531,0.22336570918560028,0.1294093281030655
1790341579401709000,38.439708984375,0.27886009216308594,0.13563385605812073,-0.32147035002708435
1790341579418154800,38.45615478515625,-0.27888011932373047,-0.476708322763443,0.5693077445030212
1790341579434598400,38.47259838867188,0.7627525329589844,0.590381920337677,-0.9493813514709473
1790341579451044600,38.48904467773438,-0.8843050003051758,-0.731940507888794,0.21644170582294464
1790341579467489300,38.5054892578125,0.3990144729614258,-0.08915741741657257,-0.3255343437194824
1790341579483941600,38.52194165039062,-0.29527950286865234,-0.285793662071228,-0.379980206489563
1790341579500433200,38.53843310546875,-0.7070398330688477,0.22759321331977844,0.0958731472492218
1790341579516877800,38.5548779296875,-1.2480201721191406,-0.5689651966094971,0.5137917995452881
1790341579533324300,38.57132421875,-0.2951240539550781,0.053636372089385986,-1.6719838380813599
1790341579549774600,38.587774658203124,0.5451507568359375,-1.023484706878662,-0.19028376042842865
1790341579566221600,38.6042216796875,0.7724514007568359,-0.10624119639396667,0.64840167760849
1790341579582698500,38.62069848632812,-0.40529346466064453,0.25558409094810486,-0.7164915800094604
1790341579599161000,38.6371611328125,-0.6085824966430664,-0.5622970461845398,-0.06841355562210083
1790341579615603700,38.65360375976562,0.3226947784423828,-0.9238083362579346,1.0046391487121582
1790341579632076500,38.67007666015625,-0.055113792419433594,0.7348843812942505,-1.3260897397994995
1790341579648555500,38.68655541992187,-0.9384012222290039,-0.6927340030670166,0.6639320254325867
1790341579664961300,38.702961181640624,0.4073781967163086,-0.0963156670331955,-0.7180702686309814
1790341579681404000,38.71940380859375,-0.1908550262451172,-0.4082287549972534,-0.29108870029449463
1790341579697849600,38.735849609375,0.48209285736083984,-0.5701769590377808,0.17835690081119537
1790341579714320000,38.75231982421875,0.4822702407836914,-0.47578901052474976,0.11809240281581879
1790341579730769200,38.76876904296875,0.20728492736816406,0.049830324947834015,-0.4394158124923706
1790341579747241700,38.78524169921875,0.07106876373291016,-0.5558697581291199,-0.1401742696762085
1790341579763689000,38.80168896484375,0.2698965072631836,0.036506183445453644,-0.2431877702474594
1790341579780201500,38.818201416015626,-0.18732261657714844,0.17822502553462982,-0.4306122660636902
1790341579796675000,38.834675048828124,0.8471317291259766,-0.21197204291820526,-0.295581579208374
1790341579813120300,38.85112036132813,0.8905410766601562,-0.05662740767002106,0.1815914660692215
1790341579829527800,38.86752783203125,-0.8305139541625977,-1.3351362943649292,-0.6161512136459351
1790341579845969700,38.8839697265625,0.9655246734619141,0.8350961804389954,0.9699763655662537
1790341579862413600,38.90041357421875,-1.6968278884887695,-1.4875123500823975,0.5208722949028015
1790341579878912300,38.91691235351563,0.3081188201904297,0.5317739844322205,-0.9392064809799194
1790341579895356000,38.93335595703125,-0.8455848693847656,-0.7797459363937378,0.9064773917198181
1790341579911847400,38.94984741210938,-0.007396697998046875,-0.26191723346710205,-0.7501813173294067
1790341579928293000,38.966293212890626,0.2898521423339844,-0.1512962281703949,-0.3686103820800781
1790341579944739000,38.982739013671875,0.6848115921020508,-0.04181860387325287,0.10090458393096924
1790341579961182200,38.99918212890625,0.6013936996459961,0.28120481967926025,-0.8913049101829529
1790341579977628200,39.01562817382813,-0.2460784912109375,-0.6246781349182129,0.6782000660896301
1790341579994013200,39.03201318359375,0.48917102813720703,0.5636263489723206,-0.9546253681182861
1790341580010456000,39.0484560546875,-0.5976295471191406,-0.2585811913013458,-0.3975667953491211
1790341580026902500,39.06490258789062,0.6688699722290039,-0.17834296822547913,-0.10242962837219238
1790341580043348200,39.08134814453125,0.7598381042480469,0.0060453712940216064,-0.4427633583545685
1790341580059775700,39.097775634765625,0.6833019256591797,-0.26343899965286255,-0.40377500653266907
1790341580076233000,39.11423291015625,-0.09005069732666016,-0.29729002714157104,0.19667722284793854
1790341580092678100,39.13067822265625,0.5636405944824219,-0.2640734910964966,-0.6988593339920044
1790341580109122000,39.1471220703125,0.7886772155761719,-0.3758302628993988,0.5618881583213806
1790341580125594000,39.163593994140626,0.020323753356933594,-0.7675228118896484,-0.20291319489479065
1790341580142041000,39.180041015625,1.092961311340332,-0.028648510575294495,-0.08165004849433899
1790341580158485800,39.19648583984375,-0.09215736389160156,-0.1831326186656952,0.07740139961242676
1790341580174930400,39.212930419921875,-0.15923023223876953,-0.5396934151649475,-0.35084131360054016
1790341580191379000,39.22937890625,0.9063053131103516,0.798693060874939,-0.05211731791496277
1790341580207828000,39.24582788085937,-0.5517911911010742,-0.498597651720047,0.06219562888145447
1790341580224281300,39.26228125,0.4153881072998047,0.7572032809257507,-0.008525252342224121
1790341580240729000,39.27872900390625,-0.5784273147583008,0.3700903058052063,0.5935113430023193
1790341580257174000,39.295174072265624,-0.1404571533203125,0.6804627180099487,-0.11265954375267029
1790341580273653000,39.31165307617187,-0.1335458755493164,-0.10652393102645874,0.37564539909362793
1790341580290100500,39.3281005859375,0.13201618194580078,0.5033208727836609,-0.2340151071548462
1790341580306549200,39.34454931640625,0.13634300231933594,0.489592581987381,0.1884511262178421
1790341580323063800,39.36106372070312,0.49260902404785156,-0.15911448001861572,0.43370288610458374
1790341580339512000,39.37751196289062,-0.2350788116455078,0.06014019995927811,-0.1695997714996338
1790341580355963000,39.393962890625,-0.09151554107666016,0.19082523882389069,0.704281210899353
1790341580372441600,39.410441650390624,-0.3166007995605469,0.2574595808982849,-0.06120485067367554
1790341580388891000,39.42689086914063,-0.1102895736694336,0.11091373860836029,-0.47063979506492615
1790341580405338600,39.44333862304688,0.5245761871337891,0.0995217114686966,0.1592407524585724
1790341580421784600,39.45978466796875,0.4913644790649414,0.49676042795181274,0.18185828626155853
1790341580438227200,39.47622729492188,0.0827169418334961,0.16664671897888184,-0.7551814913749695
1790341580454666200,39.49266625976563,-0.2400808334350586,0.7556807398796082,0.44358760118484497
1790341580471108600,39.50910864257813,-0.22734355926513672,-0.2886093258857727,-0.6634742021560669
1790341580487548000,39.5255478515625,0.42928218841552734,0.04031969606876373,-0.194341242313385
1790341580503984600,39.54198461914063,0.28857421875,-0.41500571370124817,-0.03670549392700195
1790341580520420900,39.5584208984375,0.5596485137939453,0.23671117424964905,-0.2029784619808197
1790341580536856000,39.57485595703125,0.19841957092285156,0.19105583429336548,-0.18392711877822876
1790341580553292800,39.591292724609374,0.22053813934326172,-0.23467417061328888,-0.04133477807044983
1790341580569754400,39.60775439453125,0.6158008575439453,0.30315107107162476,0.06248226761817932
1790341580586192400,39.6241923828125,0.043883323669433594,0.0070357173681259155,0.04775291681289673
1790341580602632000,39.6406318359375,0.16634559631347656,0.02804259955883026,-0.23208916187286377
1790341580619100400,39.65710034179688,0.28849124908447266,0.11058005690574646,0.1464393138885498
1790341580635541500,39.67354150390625,-0.38889408111572266,-1.066874623298645,-0.0016501247882843018
1790341580651983600,39.68998364257813,1.0093965530395508,0.03183618187904358,0.12918683886528015
1790341580668466400,39.706466552734376,-0.37444591522216797,-1.1553319692611694,0.025514662265777588
1790341580684907500,39.72290747070313,-0.11817359924316406,0.23598217964172363,-0.588860809803009
1790341580701345800,39.739345703125,-0.4560279846191406,-0.7012811303138733,-0.17091870307922363
1790341580717789200,39.7557890625,0.7843265533447266,-0.31261634826660156,-0.5490901470184326
1790341580734230300,39.77223022460937,0.9164495468139648,0.14838334918022156,-0.2884485721588135
1790341580750668800,39.78866870117187,0.27019691467285156,-0.38975414633750916,0.5262754559516907
1790341580767138300,39.80513818359375,-0.057547569274902344,0.46987202763557434,-0.5905976295471191
1790341580783515000,39.82151489257812,-0.08391189575195312,0.17658743262290955,0.25440871715545654
1790341580799952400,39.837952392578124,0.14855670928955078,-0.1061861664056778,-0.35492151975631714
1790341580816424000,39.854423828125,0.0674276351928711,0.2747136950492859,0.2297997772693634
1790341580832868900,39.870868896484374,-0.09267139434814453,-0.179231658577919,-0.756671130657196
1790341580849312800,39.88731274414062,0.08016395568847656,-0.02584362030029297,-0.20780044794082642
1790341580865786400,39.90378637695313,0.16431808471679688,0.23073744773864746,-0.18267905712127686
1790341580882230500,39.92023046875,0.18848323822021484,0.13317357003688812,-0.2876569628715515
1790341580898674700,39.9366748046875,-0.6874580383300781,-0.35274064540863037,0.12156212329864502
1790341580915122000,39.95312182617187,0.7374258041381836,0.1409839540719986,-0.5641976594924927
1790341580931567400,39.9695673828125,0.6852502822875977,0.0409318208694458,-0.08511686325073242
1790341580948014300,39.986014404296874,0.13959693908691406,-0.2685281038284302,0.3727261424064636
1790341580964467500,40.00246752929687,-0.19006061553955078,-0.10877884924411774,-0.7645418643951416
1790341580980913700,40.01891357421875,-0.4053363800048828,0.030169427394866943,-0.018823325634002686
1790341580997317000,40.03531713867188,-0.9192581176757812,-0.4437466859817505,-0.9343540668487549
1790341581013761800,40.05176171875,0.3616790771484375,-0.7520630359649658,-0.09728282690048218
1790341581030205200,40.068205078125,0.8311281204223633,-0.8076562881469727,-0.36302536725997925
1790341581046648300,40.0846484375,1.3971242904663086,-0.2072688639163971,-0.23959362506866455
1790341581063107300,40.101107421875,-0.007807731628417969,-0.7028660774230957,0.5746061205863953
1790341581079551500,40.11755151367188,-0.12929058074951172,-0.2087227702140808,-0.39766591787338257
1790341581095997000,40.133996826171874,-0.11224079132080078,-1.0066184997558594,0.3961750864982605
1790341581112468500,40.15046850585937,0.7263631820678711,0.34967944025993347,-0.64568692445755
1790341581128858400,40.1668583984375,-1.035599708557129,-0.8769659996032715,0.4211779832839966
1790341581145302800,40.183302734375,-0.7643280029296875,0.2229393720626831,-1.820818543434143
1790341581161746200,40.19974609375,0.39500999450683594,0.5380523204803467,-0.3068424463272095
1790341581178193000,40.21619287109375,0.3088846206665039,-1.5340725183486938,0.25663477182388306
1790341581194641200,40.23264111328125,2.158024787902832,0.3073452115058899,-0.8215076327323914
1790341581211094300,40.24909423828125,0.36521148681640625,-0.5339913368225098,1.0233980417251587
1790341581227539700,40.26553979492188,0.16899490356445312,0.15309683978557587,0.15827828645706177
1790341581243982000,40.28198217773438,-0.718348503112793,-0.47059813141822815,-1.127131700515747
1790341581260454700,40.29845458984375,0.2638530731201172,-0.27011942863464355,0.27599456906318665
1790341581276897000,40.31489697265625,0.35283660888671875,-0.223825603723526,-0.0979415774345398
1790341581293336600,40.331336669921875,-1.4085817337036133,-0.5128571391105652,-0.3282788395881653
1790341581309797000,40.34779711914062,0.23619747161865234,0.40531086921691895,0.05834174156188965
1790341581326238500,40.364238525390626,-0.9217901229858398,-0.9061254262924194,-1.0602476596832275
1790341581342679800,40.3806796875,0.46058082580566406,-0.3758355379104614,-0.08395236730575562
1790341581359150000,40.39715014648438,0.26252174377441406,-1.1593002080917358,0.08805310726165771
1790341581375592400,40.41359252929688,0.7834672927856445,0.40028905868530273,-0.7549181580543518
1790341581392034300,40.430034423828126,-0.35607242584228516,-0.2716367244720459,1.068588376045227
1790341581408476400,40.44647631835937,-0.24117374420166016,-0.019211411476135254,0.1050875186920166
1790341581424919800,40.462919921875,-0.11834144592285156,-0.13268405199050903,-0.1496978998184204
1790341581441361400,40.479361328125,-0.3220405578613281,-0.48578572273254395,0.7717496156692505
1790341581457806600,40.495806640625,0.27184200286865234,0.6018844842910767,-0.5903439521789551
1790341581474250000,40.51225,-0.49732017517089844,-1.2046209573745728,0.8200327157974243
1790341581490692900,40.52869287109375,1.5447587966918945,0.17694681882858276,-0.6690429449081421
1790341581507134200,40.54513427734375,1.134918212890625,0.30277329683303833,1.1380934715270996
1790341581523578400,40.561578369140626,-0.002323150634765625,-0.12239775061607361,-0.3836069107055664
1790341581540019500,40.57801953125,0.3112373352050781,0.6331310868263245,0.1585063934326172
1790341581556486000,40.59448583984375,-0.0647115707397461,-0.36971938610076904,0.2737578749656677
1790341581572923400,40.61092333984375,0.5702390670776367,0.2269895076751709,-0.641871452331543
1790341581589359400,40.627359375,1.0651569366455078,-0.10774731636047363,0.8683639764785767
1790341581605824500,40.64382446289063,-0.2367839813232422,-0.8624091148376465,-0.6249715089797974
1790341581622263600,40.660263671875,1.199676513671875,0.6500475406646729,0.16271889209747314
1790341581638705400,40.676705322265626,-0.05238628387451172,-0.6581922769546509,0.15768027305603027
1790341581655148300,40.69314819335938,-0.1237640380859375,-0.2436572015285492,-1.2666196823120117
1790341581671590700,40.70959057617188,0.6523284912109375,-0.5787596702575684,0.5485782623291016
1790341581687975700,40.7259755859375,1.0980358123779297,-0.5914375185966492,-0.2903975248336792
1790341581704423200,40.742423095703124,1.7857942581176758,0.3604382872581482,-0.21827203035354614
1790341581720863700,40.75886376953125,-0.2230701446533203,-0.7793206572532654,0.3327578008174896
1790341581737303800,40.7753037109375,-0.339569091796875,-0.07818423211574554,-0.8612360954284668
1790341581753775600,40.79177563476563,-0.35360145568847656,0.2226264625787735,0.5202535390853882
1790341581770216200,40.80821630859375,0.37372779846191406,-0.1293765902519226,0.5995123982429504
1790341581786654700,40.82465478515625,-0.04923725128173828,-0.1607854962348938,-0.7597330808639526
1790341581803114200,40.8411142578125,0.7456464767456055,0.19098898768424988,1.2773032188415527
1790341581819553800,40.8575537109375,-0.030284881591796875,-0.12011030316352844,0.2977978587150574
1790341581835994400,40.87399438476562,-0.6403770446777344,0.1462157964706421,-1.1141366958618164
1790341581852464600,40.89046459960937,0.21177959442138672,0.4478221535682678,0.8556728959083557
1790341581868906500,40.90690649414063,-0.5394735336303711,-0.3532397449016571,-0.10442638397216797
1790341581885348900,40.92334887695313,1.019413948059082,0.9785269498825073,-0.7828102111816406
1790341581901792800,40.939792724609376,-1.3691654205322266,-0.5072385668754578,-0.5414066910743713
1790341581918237700,40.95623779296875,-0.5447301864624023,0.2453862726688385,-1.10910165309906
1790341581934680000,40.97268017578125,1.0166635513305664,-0.28770512342453003,-0.2553606629371643
1790341581951128300,40.98912841796875,1.302957534790039,-0.5146701335906982,-1.577519416809082
1790341581967571700,41.00557177734375,2.1643810272216797,0.17704179883003235,0.29877984523773193
1790341581984013800,41.022013916015624,-0.0328216552734375,-0.34855449199676514,-0.9012523293495178
1790341582000461300,41.03846142578125,1.129140853881836,0.3116943836212158,-1.193748950958252
1790341582016841500,41.05484155273437,0.39962291717529297,-0.5724661946296692,0.20018231868743896
1790341582033288200,41.0712880859375,2.281804084777832,-0.061831340193748474,-0.7765169143676758
1790341582049749800,41.08774975585938,-0.17236328125,-0.7302086353302002,-0.8973903656005859
1790341582066236000,41.10423583984375,1.0189990997314453,-0.53110271692276,1.3784306049346924
1790341582082678300,41.12067822265625,0.17961406707763672,-0.11841084063053131,-0.7811358571052551
1790341582099146200,41.13714624023437,-0.6009483337402344,-0.9649353623390198,0.6833547949790955
1790341582115531000,41.15353100585938,0.09360885620117188,-0.5204442143440247,0.27069175243377686
1790341582131974100,41.16997412109375,0.6037702560424805,-0.9118566513061523,0.5092459917068481
1790341582148415500,41.18641552734375,0.8121356964111328,0.2717224359512329,0.6487269997596741
1790341582164855300,41.20285522460937,-1.6392097473144531,-0.5356515645980835,0.29925793409347534
1790341582181297400,41.21929736328125,-0.7820863723754883,0.708013653755188,-0.026139378547668457
1790341582197743900,41.23574389648437,-0.4615364074707031,-1.093112587928772,-0.1883050799369812
1790341582214185200,41.252185302734375,1.3774433135986328,-0.0013174712657928467,-0.3809971809387207
1790341582230627600,41.268627685546875,0.8792905807495117,-0.3483424782752991,0.15157729387283325
1790341582247102000,41.28510205078125,0.34340858459472656,-0.42056554555892944,-0.3260652422904968
1790341582263543800,41.30154370117187,0.4590263366699219,-0.35719913244247437,-0.4168190360069275
1790341582279985400,41.3179853515625,0.09734439849853516,0.3129591941833496,-0.9072584509849548
1790341582296453400,41.334453369140626,-0.3898582458496094,-0.1849154680967331,-0.594150960445404
1790341582312895200,41.35089526367187,0.11630535125732422,-0.03456585109233856,-0.3515312075614929
1790341582329341200,41.36734106445312,-0.5146722793579102,-0.014342084527015686,-0.1648256778717041
1790341582345814800,41.38381469726563,-0.7155733108520508,-0.6250861883163452,-0.4764779806137085
1790341582362258400,41.400258544921876,0.3638916015625,-0.05671927332878113,-0.47184354066848755
1790341582378643500,41.4166435546875,1.1648969650268555,-0.595514714717865,-0.11206996440887451
1790341582395088600,41.43308862304688,0.8310842514038086,0.2782534658908844,-0.9033284187316895
1790341582411533800,41.449533935546874,0.2928657531738281,-0.6889253258705139,1.454697847366333
1790341582427979500,41.4659794921875,0.4058256149291992,0.05992595851421356,-0.21226489543914795
1790341582444428500,41.482428466796875,-0.13098621368408203,-0.3076517581939697,1.0028607845306396
1790341582460872200,41.4988720703125,-0.7084951400756836,-1.0925874710083008,0.4444618821144104
1790341582477316600,41.51531665039062,0.8813848495483398,0.3848722279071808,-0.6867947578430176
1790341582493757000,41.5317568359375,-0.1682271957397461,-0.022443026304244995,1.2669378519058228
1790341582510198000,41.548197998046874,-0.3609476089477539,-0.6756869554519653,-0.14664506912231445
1790341582526640000,41.56464013671875,0.5536794662475586,0.6990117430686951,-0.42166292667388916
1790341582543109600,41.581109619140626,-0.9959487915039062,-0.4870319962501526,1.5073750019073486
1790341582559552500,41.59755249023438,0.04521656036376953,0.03423641622066498,0.012863218784332275
1790341582575997400,41.61399755859375,0.40393924713134766,-0.2959539294242859,-0.15112340450286865
1790341582592468700,41.63046875,0.5664482116699219,-0.15863095223903656,0.3447234034538269
1790341582608912400,41.646912353515624,0.2503776550292969,0.44173315167427063,-0.27178698778152466
1790341582625354000,41.66335400390625,-0.3002653121948242,-0.49535617232322693,-0.09657895565032959
1790341582641793000,41.67979296875,-0.144500732421875,-0.1154114305973053,-0.09264427423477173
1790341582658232800,41.69623291015625,-0.21129608154296875,0.31005868315696716,0.2019803524017334
1790341582674675500,41.71267553710938,-0.4864053726196289,-0.30836212635040283,0.053494155406951904
1790341582691125500,41.72912548828125,0.018637657165527344,-0.3732101023197174,0.2581295967102051
1790341582707569400,41.7455693359375,0.9208250045776367,-0.1298912614583969,0.619931161403656
1790341582724017000,41.76201684570312,0.3272867202758789,-0.4075331389904022,-0.3015689253807068
1790341582740462000,41.778462158203126,0.6457443237304688,0.17828811705112457,0.12310713529586792
1790341582756870400,41.79487036132812,-0.04617500305175781,-0.04293912649154663,-0.29278022050857544
1790341582773310700,41.81131079101562,-0.5485830307006836,-0.490262508392334,-0.02627551555633545
1790341582789778700,41.82777880859375,0.2510843276977539,-0.3756270408630371,-0.16311872005462646
1790341582806236200,41.84423608398438,-0.2972755432128906,0.2271021455526352,-0.3597252368927002
1790341582822682400,41.86068237304688,-1.0395727157592773,-0.07535611093044281,-0.23704081773757935
1790341582839157000,41.87715698242187,-0.5750341415405273,0.19072526693344116,-0.4036378860473633
1790341582855601400,41.89360131835937,0.6310386657714844,0.38466113805770874,-0.8644499778747559
1790341582872044500,41.91004443359375,0.7228622436523438,0.9134765267372131,0.494076132774353
1790341582888486100,41.92648608398437,-0.08645820617675781,2.2217838764190674,-1.4122511148452759
1790341582904928300,41.94292822265625,-2.439565658569336,-1.5152199268341064,2.9735002517700195
1790341582921369300,41.95936938476562,-1.0527429580688477,-0.45865288376808167,-1.3842670917510986
1790341582937815600,41.97581567382812,1.4471464157104492,2.115406036376953,1.116897702217102
1790341582954258200,41.99225805664062,0.34339332580566406,-2.7006924152374268,0.18938302993774414
1790341582970698200,42.0086982421875,2.5107603073120117,0.18115019798278809,-0.38543808460235596
1790341582987138000,42.025137939453124,0.22113513946533203,0.5553609132766724,1.2351893186569214
1790341583003581200,42.04158129882813,-0.21825313568115234,-3.1786887645721436,0.5561883449554443
1790341583020022500,42.0580224609375,2.5943899154663086,1.35358726978302,-1.4927247762680054
1790341583036484900,42.07448486328125,-1.878321647644043,-1.0012120008468628,0.6629598140716553
1790341583052926000,42.09092602539062,0.22009658813476562,-0.48614615201950073,-0.7671266794204712
1790341583069329400,42.10732934570313,2.0033931732177734,0.33076781034469604,-1.8786810636520386
1790341583085800000,42.12380004882812,1.1332740783691406,-1.1225409507751465,3.581875801086426
1790341583102125300,42.14012524414063,-0.04221534729003906,-0.21639910340309143,-0.7583407163619995
1790341583118388200,42.15638818359375,2.2029266357421875,-0.1034141480922699,-1.4958003759384155
1790341583134828500,42.17282861328125,0.2614107131958008,-0.31853407621383667,2.027648448944092
1790341583151271200,42.189271240234376,-0.24777698516845703,0.7744850516319275,0.6371884346008301
1790341583167711700,42.205711669921875,-1.2925233840942383,-0.19891484081745148,-1.2711951732635498
1790341583184160000,42.222159912109376,-0.38042640686035156,-0.3806193768978119,1.2529569864273071
1790341583200602400,42.238602294921876,0.2065601348876953,-0.504243016242981,0.07855582237243652
1790341583217047300,42.25504736328125,1.5174922943115234,-0.06610426306724548,-0.5553126335144043
1790341583233523200,42.27152319335938,-0.010367393493652344,0.15504878759384155,0.2710740566253662
1790341583249967000,42.28796704101563,-2.791930675506592,-0.0992152988910675,1.4885237216949463
1790341583266415900,42.30441577148437,-0.8350772857666016,2.4671154022216797,-2.904339551925659
1790341583282872600,42.32087255859375,-1.2026910781860352,-1.6650149822235107,3.030874252319336
1790341583299314700,42.337314697265626,4.127382278442383,2.3499207496643066,-2.4969983100891113
1790341583315757600,42.35375756835938,-0.5310564041137695,-1.394116997718811,-0.3828541040420532
1790341583332229400,42.3702294921875,0.5349636077880859,2.129669427871704,1.1027764081954956
1790341583348670700,42.38667065429688,-3.8651909828186035,-0.9091898202896118,-1.64654541015625
1790341583365112300,42.4031123046875,4.797632217407227,2.793832540512085,1.044176697731018
1790341583381556500,42.419556396484374,-1.4621553421020508,-1.9744921922683716,0.4371888041496277
1790341583398000600,42.436000732421874,1.122117042541504,-0.010401010513305664,-1.7356770038604736
1790341583414444000,42.45244409179688,3.0773582458496094,1.185700535774231,0.5759171843528748
1790341583430895900,42.46889575195313,-0.5235261917114258,-0.9712342619895935,-0.6618994474411011
1790341583447342800,42.4853427734375,-0.06479263305664062,0.32752376794815063,-0.6721450090408325
1790341583463788300,42.50178833007813,0.3457927703857422,0.20091387629508972,2.5790510177612305
1790341583480232700,42.51823266601563,0.6303281784057617,-0.17246904969215393,-0.5016088485717773
1790341583496677400,42.53467749023437,-1.2570199966430664,-1.3062939643859863,-0.2949061393737793
1790341583513120800,42.551120849609376,1.0156564712524414,0.18942612409591675,0.6662303805351257
1790341583529575400,42.56757543945312,-1.0105371475219727,-2.000931739807129,1.523895263671875
1790341583546019300,42.58401928710938,0.8205652236938477,0.3766686022281647,0.4469689130783081
1790341583562464000,42.60046411132812,-0.5103588104248047,-0.3986850678920746,-1.330850601196289
1790341583578937000,42.61693701171875,-0.7155628204345703,-0.8593425750732422,0.7615239024162292
1790341583595382300,42.63338232421875,0.15443134307861328,0.18538504838943481,0.32748091220855713
1790341583611827700,42.64982763671875,0.8647651672363281,0.20537790656089783,-0.1690305471420288
1790341583628278000,42.66627807617188,-0.655705451965332,-1.5107614994049072,-0.3689720630645752
1790341583644729300,42.682729248046876,0.35069751739501953,0.7797876596450806,1.3058505058288574
1790341583661177000,42.699177001953124,-1.3177223205566406,-0.8426772356033325,-1.424819827079773
1790341583677625900,42.7156259765625,0.3844785690307617,-0.40475305914878845,-1.244828701019287
1790341583694069000,42.73206909179687,1.3917484283447266,-0.5744290351867676,1.1446211338043213
1790341583710514000,42.748513916015625,1.1848831176757812,-0.9943915605545044,-0.528821587562561
1790341583726990000,42.764989990234376,0.44145774841308594,-0.1841798722743988,0.11904454231262207
1790341583743434000,42.78143408203125,0.2602691650390625,-1.2852118015289307,0.8049022555351257
1790341583759879700,42.79787963867187,0.31980228424072266,0.37325477600097656,0.32130104303359985
1790341583776381400,42.81438134765625,-2.37239408493042,-0.9597969651222229,-0.3356304168701172
1790341583792824000,42.83082397460937,-0.11505317687988281,0.48406049609184265,-0.5931211709976196
1790341583809201000,42.84720092773438,-0.2772684097290039,0.15683916211128235,-0.6934741735458374
1790341583825674000,42.863674072265624,0.02545166015625,-0.46473485231399536,-0.06704676151275635
1790341583842119700,42.88011962890625,0.4817380905151367,0.4184231460094452,-0.2151244878768921
1790341583858564600,42.896564697265624,-0.1392955780029297,-1.079541802406311,0.4781997799873352
1790341583875007000,42.913007080078124,2.127223014831543,0.32643723487854004,-0.8130213022232056
1790341583891454000,42.929453857421876,1.5588703155517578,-0.3614680767059326,0.7556021213531494
1790341583907900400,42.945900390625,0.9214010238647461,-0.9471209049224854,0.17916101217269897
1790341583924347400,42.962347412109374,1.1142492294311523,0.1148979663848877,-0.023382186889648438
1790341583940791300,42.97879125976562,-0.5857305526733398,-0.6664294004440308,0.4218260645866394
1790341583957234200,42.99523413085937,-0.4691953659057617,-0.428451806306839,-0.23384130001068115
1790341583973678800,43.011678955078125,-0.2615089416503906,-0.06341880559921265,0.9301928877830505
1790341583990121500,43.02812158203125,-1.2442893981933594,-0.9171043634414673,0.17633992433547974
1790341584006563800,43.044563720703124,0.7560997009277344,1.0674681663513184,-1.049333095550537
1790341584023029000,43.061029052734376,-1.050750732421875,-1.4998176097869873,0.7289819717407227
1790341584039473700,43.0774736328125,2.6890735626220703,0.7201842069625854,0.574303388595581
1790341584055973600,43.0939736328125,1.7972421646118164,-0.5906722545623779,1.18561589717865
1790341584072244200,43.110244140625,0.04322052001953125,0.5195608139038086,-0.47174322605133057
1790341584088652500,43.126652587890625,-1.0975151062011719,0.8211655616760254,1.8925970792770386
1790341584105096200,43.14309619140625,-1.791654109954834,-0.6863737106323242,-1.232851505279541
1790341584121438700,43.15943872070312,1.5067119598388672,0.6949394345283508,0.3882659077644348
1790341584137847600,43.17584765625,0.11827945709228516,-0.9654350280761719,-0.4296128749847412
1790341584154289700,43.19228955078125,1.0542411804199219,-0.5653359889984131,0.4018588066101074
1790341584170741800,43.20874169921875,1.7029104232788086,-0.03222841024398804,-0.12512004375457764
1790341584187186400,43.2251865234375,0.2680788040161133,-0.1783396303653717,1.164017677307129
1790341584203629300,43.24162939453125,-0.9291419982910156,-1.060838222503662,-0.34346699714660645
1790341584220106200,43.25810620117188,0.40384578704833984,0.37402766942977905,-0.31915783882141113
1790341584236550100,43.274550048828125,-0.10500526428222656,-1.3790608644485474,-0.4659169912338257
1790341584252992300,43.2909921875,2.6736717224121094,0.08711177110671997,-0.7109783291816711
1790341584269458700,43.307458740234374,0.6881647109985352,-1.4952815771102905,1.1589279174804688
1790341584285902600,43.32390258789062,1.286829948425293,-0.37401172518730164,-0.08421629667282104
1790341584302345700,43.340345703125,0.5180835723876953,0.07321983575820923,-0.05493134260177612
1790341584318816300,43.356816162109375,-0.1605691909790039,-1.1070492267608643,0.5169253349304199
1790341584335254300,43.37325415039062,0.6032648086547852,0.06544500589370728,-0.5039881467819214
1790341584351696100,43.38969604492188,-0.031683921813964844,-0.4470771551132202,0.43104928731918335
1790341584368139000,43.40613891601563,-0.08686637878417969,-0.8553948402404785,-1.066286325454712
1790341584384583000,43.4225830078125,1.6592893600463867,0.00434228777885437,0.6180952191352844
1790341584401023200,43.439023193359375,-0.08424663543701172,-0.8337225914001465,0.15570122003555298
1790341584417470000,43.45546997070313,0.8635129928588867,-0.4044787287712097,0.5527956485748291
1790341584433915400,43.471915283203124,-0.20893001556396484,-0.1484827995300293,0.15895450115203857
1790341584450364700,43.48836474609375,-0.08528518676757812,0.29831206798553467,-0.3017461895942688
1790341584466789000,43.5047890625,0.4611835479736328,-0.03238487243652344,0.48731014132499695
1790341584483198700,43.52119873046875,0.390869140625,0.022903084754943848,-0.008588552474975586
1790341584499637800,43.5376376953125,1.0698986053466797,0.15488165616989136,1.7151885032653809
1790341584516091600,43.55409155273438,-0.320159912109375,-0.6037625670433044,0.6779290437698364
1790341584532532500,43.57053247070313,0.2730741500854492,0.03957390785217285,0.2289658784866333
1790341584548977400,43.58697729492187,-0.9746780395507812,-0.24319559335708618,0.5664529204368591
1790341584565447200,43.603447265625,-0.3379182815551758,-0.29021763801574707,-1.1151875257492065
1790341584581889000,43.619888916015626,0.9021024703979492,-0.22878962755203247,0.033670008182525635
1790341584598329900,43.63632983398438,0.36534595489501953,-0.12429320812225342,0.2250831127166748
1790341584614771200,43.65277124023437,-0.2738676071166992,-0.32473665475845337,-0.5389888286590576
1790341584631213000,43.66921313476563,-0.09666728973388672,0.627713680267334,0.9182043075561523
1790341584647654100,43.68565405273438,-0.8771934509277344,-0.623158872127533,-0.507742702960968
1790341584664103200,43.702103271484376,0.8341617584228516,0.4810987710952759,-0.560819149017334
1790341584680543700,43.718543701171875,0.41448211669921875,-0.026014208793640137,-0.023249447345733643
1790341584696985300,43.7349853515625,0.2587871551513672,-0.2551921606063843,-0.6597713232040405
1790341584713452000,43.7514521484375,0.550288200378418,-0.5866003036499023,0.47708043456077576
1790341584729894700,43.76789477539062,0.6051921844482422,-0.2608409523963928,0.07459437847137451
1790341584746337000,43.7843369140625,-0.11301136016845703,-0.06250137090682983,0.133195698261261
1790341584762793700,43.80079370117188,-0.953608512878418,0.3748888373374939,-0.8129429221153259
1790341584779237000,43.81723706054687,-0.652587890625,-0.1636938452720642,-0.26481199264526367
1790341584795678000,43.833677978515624,0.4461374282836914,-0.38504356145858765,-0.5347612500190735
1790341584812191000,43.85019091796875,1.2907171249389648,-0.11797076463699341,0.05180037021636963
1790341584828636200,43.86663623046875,0.6774864196777344,-0.5249319076538086,0.36106765270233154
1790341584845079600,43.88307958984375,0.10481739044189453,-0.6400637030601501,0.24450618028640747
1790341584861522700,43.89952270507813,0.8585491180419922,0.04125523567199707,0.021390080451965332
1790341584877967000,43.91596704101563,0.08491706848144531,-0.264442503452301,-0.2063746452331543
1790341584894411800,43.93241186523438,0.31882572174072266,-0.09232771396636963,0.031910479068756104
1790341584910860500,43.948860595703124,0.8637313842773438,-0.39691048860549927,0.33328548073768616
1790341584927304200,43.96530419921875,0.6502857208251953,-0.36927521228790283,-0.05218309164047241
1790341584943747000,43.9817470703125,2.2511606216430664,0.7526980638504028,0.6772596836090088
1790341584960189700,43.99818969726562,-0.028809547424316406,-0.5733332633972168,0.6993714570999146
1790341584976632300,44.01463232421875,0.5185565948486328,1.41310453414917,0.22829413414001465
1790341584993073700,44.03107373046875,-1.4392032623291016,0.8422529101371765,0.2738018035888672
1790341585009533700,44.04753369140625,-1.6543912887573242,0.06740027666091919,0.20667684078216553
1790341585025973800,44.06397387695313,-0.18615436553955078,1.6874911785125732,-0.49882251024246216
1790341585042416600,44.08041674804687,-1.027094841003418,-0.14954525232315063,0.7318618893623352
1790341585058825700,44.09682568359375,0.7510833740234375,1.0052529573440552,-0.24004793167114258
1790341585075269400,44.113269287109375,0.0536041259765625,0.764190673828125,0.46371224522590637
1790341585091709700,44.129709716796874,0.04836750030517578,0.033737748861312866,0.3466165363788605
1790341585108149200,44.14614916992188,0.6330957412719727,0.39156362414360046,1.0427770614624023
1790341585124590600,44.16259057617187,-0.4068784713745117,0.6202905178070068,-0.618303656578064
1790341585141078000,44.179078125,-0.4325370788574219,-0.15100988745689392,0.7583826780319214
1790341585157523500,44.1955234375,0.29551124572753906,1.3554661273956299,0.2088640034198761
1790341585173963800,44.2119638671875,-1.5203790664672852,-0.3738468289375305,0.8549937009811401
1790341585190403600,44.228403564453124,-0.03258323669433594,0.42992278933525085,0.2707139253616333
1790341585206873300,44.24487329101562,0.9385671615600586,0.5055232048034668,0.5902152061462402
1790341585223311400,44.261311279296876,0.20998382568359375,-0.9285745620727539,-0.6696206331253052
1790341585239749600,44.27774951171875,2.1845855712890625,0.8248857855796814,-0.5790780782699585
1790341585256215000,44.29421508789063,0.41950511932373047,-0.3132696747779846,0.6913582682609558
1790341585272660000,44.31065991210937,0.7927055358886719,0.5790106058120728,-0.682357668876648
1790341585289105700,44.32710571289063,0.8764514923095703,0.057893797755241394,-0.3373609781265259
1790341585305580500,44.34358056640625,0.7473316192626953,-0.09878642857074738,-0.5933555364608765
1790341585322021400,44.360021484375,1.2141714096069336,0.4126430153846741,-0.3176153004169464
1790341585338465800,44.3764658203125,0.057625770568847656,-0.12410654127597809,-0.6112674474716187
1790341585354905900,44.39290576171875,0.39995861053466797,0.3801509439945221,-0.9468855857849121
1790341585371349200,44.40934936523438,0.3449392318725586,-0.2451169490814209,-0.30279162526130676
1790341585387790000,44.4257900390625,1.0033502578735352,0.13243430852890015,-0.1967964768409729
1790341585404236800,44.44223681640625,1.484628677368164,-0.08756260573863983,-0.03371185064315796
1790341585420679000,44.45867895507813,1.216512680053711,0.0889243334531784,0.09995956718921661
1790341585437116700,44.47511669921875,0.8214044570922852,1.1011918783187866,-0.1752167046070099
1790341585453556500,44.49155639648438,-1.7764129638671875,-0.42998063564300537,-0.34830597043037415
1790341585469995800,44.50799584960937,-0.9026737213134766,0.7818753719329834,0.4673229455947876
1790341585486437400,44.524437255859375,-0.9361782073974609,0.17777743935585022,0.006078898906707764
1790341585502898200,44.540898193359375,-0.26584339141845703,0.5488759279251099,-0.37100571393966675
1790341585519339800,44.55733984375,-0.14699554443359375,-0.13240192830562592,0.9284743070602417
1790341585535781600,44.57378173828125,-0.31263256072998047,-0.0015975534915924072,-0.9487572908401489
1790341585552251100,44.590251220703124,-0.3369264602661133,0.19714996218681335,0.5799410343170166
1790341585568690400,44.6066904296875,-1.3067665100097656,-0.21905280649662018,0.6263412237167358
1790341585585132500,44.623132568359374,-0.8374013900756836,0.0564427375793457,-1.0017874240875244
1790341585601569800,44.63956982421875,-0.3445606231689453,-0.061371125280857086,0.9993353486061096
1790341585618010000,44.65601000976562,-0.3447446823120117,0.12958480417728424,-0.20403146743774414
1790341585634451500,44.672451416015626,-0.2084207534790039,0.20863333344459534,0.21721142530441284
1790341585650898700,44.68889868164062,0.15045738220214844,0.15739810466766357,0.4288387894630432
1790341585667338800,44.7053388671875,0.4881439208984375,0.17469358444213867,-0.6157091856002808
1790341585683782000,44.721781982421874,0.7562522888183594,0.7380424737930298,0.339221328496933
1790341585700255000,44.7382548828125,-0.2853412628173828,-0.18104662001132965,-0.2538501024246216
1790341585716696000,44.75469604492187,0.40418529510498047,0.44227319955825806,-0.6562436819076538
1790341585733139500,44.771139404296875,0.9761762619018555,0.13136157393455505,0.6760194897651672
1790341585749604900,44.78760498046875,0.31549644470214844,-0.15319694578647614,-0.5884290337562561
1790341585766045200,44.80404516601563,0.26305294036865234,0.22181224822998047,0.24370016157627106
1790341585782486500,44.82048657226562,-0.16777420043945312,0.25409936904907227,-0.040764421224594116
1790341585798954200,44.83695434570313,-0.5074520111083984,-0.2296687215566635,-0.42301058769226074
1790341585815308300,44.85330834960938,0.9603214263916016,0.11022650450468063,-0.09551826119422913
1790341585831716900,44.869716796875,1.0969619750976562,-0.09740041196346283,0.007886558771133423
1790341585848159700,44.88615966796875,0.27596569061279297,-0.03703056275844574,0.25619828701019287
1790341585864599800,44.902599853515625,-0.12613677978515625,0.32625359296798706,0.22412227094173431
1790341585881040000,44.91903979492187,-0.6262941360473633,-0.02572956681251526,-0.35072046518325806
1790341585897491500,44.93549145507812,0.7720088958740234,0.5231619477272034,-0.15652617812156677
1790341585913934600,44.9519345703125,0.5829849243164062,-0.12535901367664337,-0.2560924291610718
1790341585930379500,44.96837963867188,1.0811271667480469,0.5272819995880127,-0.21851575374603271
1790341585946822400,44.98482250976563,0.1426229476928711,0.27397334575653076,0.5213433504104614
1790341585963265800,45.001265869140624,-0.1348562240600586,0.4556749165058136,-0.49525126814842224
1790341585979708200,45.017708251953124,-0.6374044418334961,0.5510868430137634,-0.09597712755203247
1790341585996177400,45.03417749023438,-0.4909191131591797,0.6638033986091614,-0.3868846595287323
1790341586012621300,45.050621337890625,0.05572032928466797,0.8293509483337402,-0.6463446617126465
1790341586029066000,45.06706591796875,-0.1511373519897461,0.6548339128494263,-0.6951091289520264
1790341586045539800,45.083539794921876,0.15674495697021484,1.2219269275665283,0.07026690244674683
1790341586061927000,45.09992700195313,-0.6768293380737305,1.026065707206726,-0.5023797750473022
1790341586078374700,45.116374755859376,-0.4953165054321289,0.9555830955505371,0.4113802909851074
1790341586094822100,45.132822265625,-0.4521369934082031,0.8551246523857117,-0.42218849062919617
1790341586111270700,45.149270751953125,-0.6437702178955078,0.6130553483963013,-0.20241650938987732
1790341586127719400,45.16571948242188,-0.490753173828125,0.36303895711898804,0.400980681180954
1790341586144170200,45.182170166015624,0.1169891357421875,0.08884388208389282,-0.4954124987125397
1790341586160552000,45.198552001953125,0.6648435592651367,0.07075929641723633,-0.18307414650917053
1790341586176995800,45.21499584960937,0.7617807388305664,-0.21988838911056519,0.8366889357566833
1790341586193470500,45.231470458984376,0.2267589569091797,-0.08717608451843262,-0.15867310762405396
1790341586209914400,45.247914306640624,0.2393970489501953,0.1592831015586853,0.7777320742607117
1790341586226358800,45.26435888671875,-0.4186134338378906,0.2528672218322754,-0.12360024452209473
1790341586242829600,45.28082958984375,-0.21479415893554688,0.27128881216049194,0.19022388756275177
1790341586259275500,45.297275634765626,-0.5953273773193359,0.611421525478363,-0.6525505781173706
1790341586275717600,45.31371752929687,-0.6358880996704102,-0.4642312526702881,0.29288750886917114
1790341586292189000,45.33018896484375,0.8485555648803711,0.3068085312843323,0.09868493676185608
1790341586308628200,45.34662817382812,0.6980524063110352,-0.5881406664848328,-0.309573769569397
1790341586325069000,45.36306909179687,1.7227725982666016,0.24474161863327026,0.35654836893081665
1790341586341508400,45.37950830078125,0.9017009735107422,0.0842292308807373,0.7350884675979614
1790341586357949700,45.39594970703125,-0.7187986373901367,0.5828014016151428,0.2297539860010147
1790341586374392000,45.41239208984375,-0.8430938720703125,0.3800070881843567,0.3764299154281616
1790341586390843400,45.428843505859376,-1.0967426300048828,-0.08036035299301147,0.7297931909561157
1790341586407288600,45.44528857421875,0.29955577850341797,0.1935429573059082,-0.8747609853744507
1790341586423731000,45.46173095703125,0.3406105041503906,-0.2702166438102722,0.08824816346168518
1790341586440171500,45.47817163085937,0.6448345184326172,-0.018710613250732422,0.04324471950531006
1790341586456611600,45.494611572265626,0.04887580871582031,0.6547697186470032,-0.40007978677749634
1790341586473055200,45.51105517578125,-0.9112672805786133,-0.2575147747993469,0.11037582159042358
1790341586489497900,45.52749780273437,-0.42764854431152344,-0.2937125861644745,-0.5780171751976013
1790341586505907700,45.54390771484375,0.6711578369140625,0.20202618837356567,-0.5145746469497681
1790341586522352000,45.56035205078125,0.05340385437011719,-0.9128269553184509,-0.6628016829490662
1790341586538824700,45.57682470703125,0.8791923522949219,-0.6051623225212097,0.1762317717075348
1790341586555268000,45.59326806640625,0.3498725891113281,0.14690053462982178,0.630154550075531
1790341586571711200,45.60971118164063,-0.7658777236938477,-0.24044322967529297,-0.11866793036460876
1790341586588156000,45.62615600585937,-0.8263874053955078,-0.5295931696891785,0.545461118221283
1790341586604601300,45.642601318359375,-0.3598031997680664,-0.712518036365509,-0.49845921993255615
1790341586621047300,45.65904736328125,0.34067821502685547,-0.33891385793685913,0.3941327631473541
1790341586637500000,45.6755,0.02406024932861328,-0.5632182955741882,-0.9074926376342773
1790341586653945600,45.691945556640626,0.439849853515625,-0.49301981925964355,0.28389453887939453
1790341586670389800,45.7083896484375,0.4508552551269531,-0.09399425983428955,-0.18324953317642212
1790341586686864100,45.724864013671876,0.014124870300292969,-0.357915997505188,0.21931254863739014
1790341586703306000,45.741305908203124,-0.24971294403076172,-0.4800831079483032,-0.1948682963848114
1790341586719746800,45.757746826171875,0.7550363540649414,0.22931194305419922,-0.2371474802494049
1790341586736216800,45.774216796875,0.0334930419921875,-0.4752136766910553,-0.6215813159942627
1790341586752660500,45.79066040039063,0.171966552734375,-0.15366467833518982,-0.6217265725135803
1790341586769106000,45.80710595703125,0.17847442626953125,0.2500549554824829,0.011992305517196655
1790341586785577500,45.82357739257812,-0.035003662109375,-0.5567002296447754,0.04071044921875
1790341586802021400,45.840021484375,0.9486808776855469,0.1425563097000122,0.06848320364952087
1790341586818467000,45.85646704101563,-0.021653175354003906,-0.8032646179199219,0.7391307950019836
1790341586834749400,45.87274951171875,0.4016838073730469,0.10105597972869873,0.0351523756980896
1790341586851191300,45.88919140625,-0.5042695999145508,-0.33320632576942444,0.22132526338100433
1790341586867632000,45.90563208007813,-0.821136474609375,-0.22388041019439697,0.11543521285057068
1790341586884097800,45.922097900390625,-0.029844284057617188,0.27007949352264404,0.581645131111145
1790341586900543500,45.93854345703125,-0.6147584915161133,-0.762065052986145,-0.25737351179122925
1790341586916990000,45.954989990234374,0.5571670532226562,-0.11661064624786377,1.0247234106063843
1790341586933436700,45.971436767578126,0.5441007614135742,-0.36667600274086,0.16737830638885498
1790341586949880000,45.98788012695312,-0.34481048583984375,-0.16518041491508484,0.5879465341567993
1790341586966324000,46.00432397460938,-0.39835548400878906,0.018900424242019653,0.5078541040420532
1790341586982792400,46.02079248046875,-0.8063259124755859,-0.27215054631233215,0.037674680352211
1790341586999233000,46.03723291015625,-0.6517610549926758,-0.7630653381347656,0.16725055873394012
1790341587015708000,46.0537080078125,0.5416479110717773,-0.3275892734527588,0.779949426651001
1790341587032192300,46.07019213867188,0.17644596099853516,-0.5799478888511658,0.5458787679672241
1790341587048679400,46.08667944335937,-0.21998310089111328,-0.5452782511711121,0.9297037124633789
1790341587065254000,46.10325390625,-0.3243255615234375,-0.15110720694065094,1.0622529983520508
1790341587081754400,46.11975439453125,-0.5793371200561523,-0.6847426295280457,0.3060314655303955
1790341587098268700,46.1362685546875,-0.024656295776367188,-0.48719221353530884,-0.15998272597789764
1790341587114651400,46.1526513671875,0.28377246856689453,-1.1489241123199463,0.18686619400978088
1790341587131144400,46.16914453125,0.7888059616088867,-0.15691812336444855,-0.05066826939582825
1790341587147610000,46.18561010742187,0.78643798828125,-0.12243133783340454,0.3253785967826843
1790341587164087300,46.20208740234375,0.1162881851196289,-0.12305979430675507,0.7089072465896606
1790341587180514300,46.218514404296876,0.3943510055541992,0.5883736610412598,-0.08512841165065765
1790341587196966400,46.23496630859375,-0.2277994155883789,-0.166242778301239,0.299602746963501
1790341587213454600,46.25145458984375,0.33994483947753906,-0.12918849289417267,-0.1244332566857338
1790341587229979400,46.2679794921875,1.017822265625,-0.33612197637557983,0.11695915460586548
1790341587246456600,46.28445654296875,0.73321533203125,0.29907768964767456,0.5052154064178467
1790341587262972200,46.30097216796875,0.8992166519165039,0.7565246820449829,0.4611645042896271
1790341587279455700,46.317455810546875,-0.023830413818359375,0.6142078638076782,0.5569843053817749
1790341587295943200,46.333943115234376,-0.2953681945800781,0.7186712026596069,0.18452802300453186
1790341587312445200,46.35044506835938,-0.2051563262939453,1.2738349437713623,-0.1931445598602295
1790341587328939800,46.36693969726562,-0.23652935028076172,1.553992748260498,0.0981689989566803
1790341587345452500,46.38345263671875,-0.6478328704833984,1.2525373697280884,0.12415647506713867
1790341587361906000,46.39990600585938,-0.09605121612548828,1.0926952362060547,-0.5002557039260864
1790341587378397700,46.416397705078126,0.2477550506591797,0.9822131395339966,-0.08405902981758118
1790341587394862300,46.4328623046875,0.7159461975097656,0.889438271522522,-0.06442362070083618
1790341587411353300,46.44935327148438,0.051513671875,0.5766997933387756,0.10765936970710754
1790341587427813600,46.465813720703125,-0.3234443664550781,0.3002287745475769,0.02672228217124939
1790341587444300500,46.482300537109374,-0.06449699401855469,0.2599174380302429,0.08922594785690308
1790341587460783600,46.49878369140625,0.4097003936767578,0.2257048487663269,0.07875221967697144
1790341587477275100,46.51527514648438,-0.007556915283203125,0.3355845808982849,0.3119679391384125
1790341587493769200,46.53176928710938,-0.5807647705078125,-0.2199382185935974,0.029072493314743042
1790341587510227200,46.54822729492187,0.22530460357666016,1.1021311283111572,0.12121570110321045
1790341587526747600,46.56474755859375,-0.749842643737793,0.11898857355117798,0.13252484798431396
1790341587543239000,46.581239013671876,-0.3842296600341797,0.20949071645736694,0.6617303490638733
1790341587559742500,46.597742431640626,-0.279449462890625,0.29823899269104004,-0.01681065559387207
1790341587576208600,46.614208740234375,-0.21030521392822266,0.6761910915374756,0.32560691237449646
1790341587592725800,46.63072583007813,-0.23613643646240234,0.5939539074897766,-0.15154924988746643
1790341587609213400,46.64721337890625,0.7610111236572266,0.5987030863761902,-0.08446678519248962
1790341587625706200,46.663706298828124,0.30486488342285156,0.4938480854034424,0.10940513014793396
1790341587642202600,46.68020263671875,0.18972015380859375,0.9526199102401733,0.921917736530304
1790341587658694000,46.69669384765625,-0.5597047805786133,0.7584695816040039,-0.28193363547325134
1790341587675173000,46.71317309570313,-0.5115270614624023,0.6578793525695801,0.4905758798122406
1790341587691624700,46.729624755859376,-0.04451274871826172,1.1573926210403442,-0.37393108010292053
1790341587708112100,46.74611206054688,-1.6533622741699219,-0.20211994647979736,0.22644993662834167
1790341587724641500,46.7626416015625,-0.4659843444824219,0.44019365310668945,-0.10781222581863403
1790341587741142500,46.779142578125,0.05265235900878906,0.17458820343017578,-0.28477805852890015
1790341587757650400,46.795650390625,1.0232219696044922,-0.3362576365470886,0.5624232292175293
1790341587774172400,46.81217236328125,1.7984561920166016,0.15374648571014404,-0.5167227983474731
1790341587790644000,46.82864404296875,0.6817693710327148,-0.5011187195777893,0.0801687240600586
1790341587807136800,46.84513671875,0.9290342330932617,0.45919013023376465,0.03612130880355835
1790341587823626500,46.86162646484375,-0.6723031997680664,0.004825711250305176,-0.4127688705921173
1790341587840175400,46.87817529296875,-0.4973106384277344,0.23401093482971191,-0.039305537939071655
1790341587856675300,46.89467529296875,-0.3083019256591797,-0.7393860220909119,-0.6930752396583557
1790341587873184000,46.91118408203125,0.9080095291137695,0.3620704412460327,0.1554582118988037
1790341587889684000,46.92768408203125,-0.29571056365966797,-0.5305985808372498,-0.044997066259384155
1790341587906178800,46.9441787109375,0.7245311737060547,0.15968763828277588,-0.3292250633239746
1790341587922695700,46.96069580078125,1.4092636108398438,0.07952094078063965,-0.5487340688705444
1790341587939186700,46.977186767578125,0.8658533096313477,0.25491440296173096,1.0298657417297363
1790341587955677200,46.99367724609375,-0.7424650192260742,0.011002302169799805,0.29056060314178467
1790341587972205000,47.010205078125,-0.11886882781982422,0.5167683362960815,-0.7508884072303772
1790341587988701000,47.026700927734375,0.39786243438720703,-0.3484562635421753,0.7233285903930664
1790341588005215700,47.0432158203125,1.0319843292236328,0.6771106719970703,-0.30610623955726624
1790341588021698600,47.059698486328124,-0.878718376159668,-0.17189788818359375,-0.05697330832481384
1790341588038187000,47.07618701171875,0.09699726104736328,1.3240725994110107,-0.30160290002822876
1790341588054679300,47.09267919921875,-1.169083595275879,-0.23137831687927246,0.5290795564651489
1790341588071124500,47.10912451171875,0.07276725769042969,0.4486207962036133,0.10742974281311035
1790341588087641900,47.12564184570312,-0.21763896942138672,0.27664637565612793,-0.5733873248100281
1790341588104098600,47.1420986328125,-0.9042396545410156,-0.5648714303970337,1.1198503971099854
1790341588120527600,47.158527587890624,0.28214550018310547,0.6723378896713257,-1.126050353050232
1790341588136970800,47.174970703125,-0.24811553955078125,-0.22157061100006104,0.5568792223930359
1790341588153329200,47.1913291015625,-0.14477062225341797,-0.3332785367965698,-0.35062316060066223
1790341588169811700,47.20781176757812,0.5828542709350586,0.14347612857818604,0.5082297921180725
1790341588186323500,47.224323486328124,0.32411766052246094,-0.5848991870880127,0.19517570734024048
1790341588202810000,47.24081005859375,1.241231918334961,0.2771691083908081,0.12327969074249268
1790341588219335400,47.25733544921875,0.18569278717041016,-0.22278916835784912,-0.02531534433364868
1790341588235832000,47.27383203125,0.6477546691894531,-0.006070494651794434,0.4270060062408447
1790341588252313900,47.29031396484375,0.5920562744140625,-0.4899183511734009,-0.020759403705596924
1790341588268797000,47.306796875,1.2206687927246094,0.27964866161346436,0.5377318859100342
1790341588285282000,47.323281982421875,0.29663658142089844,-0.3893697261810303,0.20053917169570923
1790341588301751000,47.3397509765625,-0.2746763229370117,0.16604113578796387,0.3366089463233948
1790341588318214400,47.35621435546875,-0.3985176086425781,0.0886526107788086,0.17573893070220947
1790341588334697500,47.37269750976562,0.250335693359375,0.33934640884399414,0.28635090589523315
1790341588351183000,47.38918310546875,-0.1017313003540039,-0.38543546199798584,-0.09880977869033813
1790341588367677200,47.40567724609375,0.4280557632446289,0.5875550508499146,0.2828485369682312
1790341588384175900,47.42217578125,-0.6629753112792969,-0.29667866230010986,0.0906609296798706
1790341588400669000,47.4386689453125,-0.6572790145874023,-0.7217187881469727,0.42994314432144165
1790341588417182000,47.45518188476562,0.9041080474853516,0.28831958770751953,-0.19504666328430176
1790341588433633300,47.47163330078125,0.006298065185546875,-0.436633825302124,0.7756516337394714
1790341588450117600,47.48811767578125,-0.2735414505004883,-0.255023717880249,-0.2429690659046173
1790341588466640600,47.504640625,0.31983184814453125,0.5934875011444092,-0.3566019833087921
1790341588483131400,47.52113134765625,-1.1979541778564453,-0.3326224088668823,0.5883793234825134
1790341588499644000,47.53764379882813,-0.5973100662231445,-0.07748687267303467,-0.7556913495063782
1790341588516124400,47.55412451171875,-0.2674064636230469,-0.5665640234947205,0.17373311519622803
1790341588532658700,47.57065869140625,0.3708610534667969,-0.4601837396621704,-0.7607499957084656
1790341588549159400,47.587159423828126,0.16613483428955078,-0.6489569544792175,0.8584816455841064
1790341588565655000,47.603655029296874,0.22910690307617188,-0.08268547058105469,-1.234229326248169
1790341588582135300,47.62013525390625,0.09243488311767578,0.18516039848327637,0.31264495849609375
1790341588598622700,47.63662280273437,-0.39476680755615234,-0.8227273225784302,-0.12125426530838013
1790341588615112400,47.653112548828126,0.9242315292358398,0.33617615699768066,0.242706298828125
1790341588631624200,47.66962426757812,-0.4281187057495117,-0.6728825569152832,0.6151480674743652
1790341588648113400,47.686113525390624,0.5193328857421875,-0.41830986738204956,-0.013760983943939209
1790341588664623400,47.70262329101563,0.4671907424926758,-0.29060471057891846,0.023415029048919678
1790341588681072000,47.71907202148437,0.22307777404785156,0.1417914628982544,-0.3029809296131134
1790341588697535500,47.735535400390624,-0.3353919982910156,-0.836585521697998,-0.6814154982566833
1790341588714025000,47.75202490234375,0.22466468811035156,0.0011137723922729492,0.863525927066803
1790341588730481000,47.76848095703125,-0.36240577697753906,-0.71512371301651,-0.6430662274360657
1790341588746985200,47.784985107421875,0.6432981491088867,-0.09156596660614014,0.8650243282318115
1790341588763498000,47.801498046875,-0.25182247161865234,-0.40334683656692505,0.12119865417480469
1790341588779974100,47.81797412109375,-0.10129261016845703,-0.2993479371070862,-0.5080752968788147
1790341588796471000,47.83447094726562,-0.19630718231201172,-0.6009244322776794,-0.15808606147766113
1790341588812927700,47.850927734375,0.6486949920654297,0.3216876983642578,0.16230225563049316
1790341588829435100,47.86743505859375,-0.4643440246582031,-0.8575317859649658,-0.20686113834381104
1790341588845916000,47.883916015625,0.4915609359741211,0.23711872100830078,-0.02737569808959961
1790341588862433800,47.900433837890624,-0.09571075439453125,-0.5761030316352844,0.8261763453483582
1790341588878927000,47.91692700195313,-0.1694936752319336,-0.005416393280029297,-0.9896950125694275
1790341588895414000,47.9334140625,0.38934993743896484,-0.21615952253341675,0.509067177772522
1790341588911923700,47.949923828125,0.1606273651123047,-0.053798794746398926,-0.12167954444885254
1790341588928405200,47.9664052734375,-0.19301986694335938,-0.18293243646621704,-0.4023185968399048
1790341588944886500,47.98288647460937,-0.07380008697509766,-0.22949087619781494,0.6187767386436462
1790341588961407500,47.999407470703126,-0.1416454315185547,-0.011731505393981934,-0.3630194067955017
1790341588977901300,48.0159013671875,-0.6144332885742188,-0.11270654201507568,-0.42670339345932007
1790341588994413300,48.03241333007813,-0.21024131774902344,-0.27884775400161743,0.39653199911117554
1790341589010897400,48.0488974609375,-0.09841346740722656,0.05250978469848633,-0.41439884901046753
1790341589027381000,48.06538110351563,-0.13257598876953125,-0.38296443223953247,-1.0624144077301025
1790341589043880400,48.08188037109375,1.3260488510131836,-0.1603946089744568,0.249614417552948
1790341589060173300,48.09817333984375,1.1082496643066406,0.029583096504211426,-0.36159297823905945
1790341589076566500,48.11456640625,0.18874359130859375,-0.3718528747558594,-0.4568484425544739
1790341589093020000,48.13102001953125,0.44734954833984375,0.11224496364593506,0.5688139200210571
1790341589109511700,48.14751171875,-0.35500240325927734,-0.11318838596343994,-0.428571879863739
1790341589125913900,48.163913818359376,0.1791543960571289,-0.19027310609817505,-0.18317139148712158
1790341589142409700,48.18040966796875,0.1269388198852539,-0.2956462502479553,1.0897114276885986
1790341589158925300,48.19692529296875,-0.6225671768188477,0.0565265417098999,-0.1825069785118103
1790341589175411200,48.2134111328125,-0.37088489532470703,-0.1903182864189148,0.28202688694000244
1790341589191896600,48.229896484375,0.011773109436035156,0.5626351833343506,-0.14636573195457458
1790341589208340000,48.24634008789062,-0.42145729064941406,0.027926087379455566,0.35827887058258057
1790341589224831700,48.26283178710938,-0.2825746536254883,0.3675473928451538,-0.16807237267494202
1790341589241340200,48.279340087890624,-0.747218132019043,0.34187495708465576,-0.3292272686958313
1790341589257856800,48.295856689453124,0.05948829650878906,-0.2899898886680603,0.3696080446243286
1790341589274341000,48.31234106445312,0.29340648651123047,0.10285294055938721,-0.2285408079624176
1790341589290838300,48.32883837890625,0.08688640594482422,0.030389070510864258,-0.3574216961860657
1790341589307298800,48.345298828125,-0.04487037658691406,0.15802109241485596,0.027926743030548096
1790341589323804700,48.3618046875,-0.31804943084716797,-0.16455978155136108,-0.6801469922065735
1790341589340284700,48.37828466796875,0.19374942779541016,-0.027879834175109863,0.06461387872695923
1790341589356778500,48.39477856445313,0.3390998840332031,-0.29272156953811646,-0.17836153507232666
1790341589373248500,48.41124853515625,0.16823768615722656,-0.34746479988098145,-0.965176522731781
1790341589389748000,48.427748046875,-0.21487140655517578,-0.6708512306213379,0.41258394718170166
1790341589406263000,48.444262939453125,0.8168306350708008,-0.09045135974884033,-0.6751698851585388
1790341589422746400,48.460746337890626,0.5718622207641602,-0.40316063165664673,0.4789702892303467
1790341589439232000,48.47723193359375,0.11175155639648438,0.03574180603027344,1.129459261894226
1790341589455754000,48.49375390625,-0.1452627182006836,0.34592998027801514,-0.2511918842792511
1790341589472243500,48.510243408203124,-0.9901447296142578,0.010451793670654297,-0.07595482468605042
1790341589488721200,48.52672119140625,-0.15199947357177734,0.575163722038269,0.10614019632339478
1790341589505233000,48.54323291015625,-0.37009143829345703,0.14276385307312012,-0.36075007915496826
1790341589521710300,48.55971044921875,0.19452857971191406,0.3607637882232666,0.0758177638053894
1790341589538205700,48.576205810546874,0.08431339263916016,0.31251537799835205,-0.2636350989341736
1790341589554695400,48.5926953125,0.13970565795898438,-0.5734552145004272,0.3324587345123291
1790341589571204000,48.6092041015625,0.7670917510986328,0.03339040279388428,-0.13338503241539001
1790341589587650300,48.625650390625,0.1206979751586914,-0.583718478679657,0.399394690990448
1790341589604135200,48.64213525390625,0.09632301330566406,-0.4236924648284912,0.4061547517776489
1790341589620600600,48.6586005859375,-0.07204723358154297,0.9833871126174927,-0.14687448740005493
1790341589637088800,48.6750888671875,-1.2902555465698242,-0.7818278074264526,0.2756120562553406
1790341589653594400,48.69159448242188,-0.29166507720947266,0.5355938673019409,-0.30422472953796387
1790341589670071600,48.708071533203125,-0.5259952545166016,-0.5549836158752441,-0.08919322490692139
1790341589686549500,48.724549560546876,0.7069206237792969,0.23509490489959717,0.7593104243278503
1790341589703031000,48.74103100585938,-0.3159675598144531,-0.391299307346344,-0.5921826362609863
1790341589719513000,48.75751318359375,0.7523813247680664,-0.26420265436172485,0.3557729125022888
1790341589736018400,48.77401831054687,0.8674840927124023,0.4696198105812073,-0.09288686513900757
1790341589752530400,48.79053051757813,-0.6240062713623047,-0.3770219087600708,-0.20931491255760193
1790341589769010000,48.80701000976563,-0.1570873260498047,-0.6308099627494812,-0.14306780695915222
1790341589785468000,48.82346801757812,0.6251630783081055,0.819556713104248,0.6083176136016846
1790341589801923300,48.83992333984375,-0.6106758117675781,-0.42763906717300415,-0.271025687456131
1790341589818429400,48.856429443359374,-0.15050792694091797,0.17291462421417236,0.4488968849182129
1790341589834926600,48.87292651367188,-0.4781656265258789,-0.03743165731430054,0.06510573625564575
1790341589851467800,48.8894677734375,-0.3320350646972656,-0.16511988639831543,0.2063448429107666
1790341589867964400,48.90596435546875,0.4173574447631836,-0.038114845752716064,0.33862268924713135
1790341589884502000,48.922501953125,0.08953189849853516,-0.6177446246147156,-0.660762369632721
1790341589901012700,48.9390126953125,0.5547456741333008,-0.1755138635635376,0.2391093373298645
1790341589917463000,48.95546313476562,-0.37143898010253906,-0.12793457508087158,0.16912192106246948
1790341589933940000,48.97193994140625,-0.18460941314697266,-0.7786157131195068,-0.7198054194450378
1790341589950455600,48.98845556640625,1.1059350967407227,0.2579653263092041,0.003263413906097412
1790341589966945800,49.00494580078125,0.023331642150878906,-0.6100585460662842,0.15994083881378174
1790341589983456000,49.0214560546875,0.4402151107788086,0.399417519569397,0.08640491962432861
1790341589999971000,49.03797119140625,-0.6389274597167969,0.513164758682251,0.17219465970993042
1790341590016440300,49.0544404296875,-0.5119247436523438,0.4049069881439209,0.18328142166137695
1790341590032941800,49.07094189453125,-0.26361560821533203,-0.5397881269454956,-0.6724602580070496
1790341590049435600,49.087435546875,1.182352066040039,0.5347131490707397,0.10558480024337769
1790341590065894000,49.103893798828125,-0.12456989288330078,0.11515498161315918,-0.5313684344291687
1790341590082379300,49.120379150390626,0.19004154205322266,0.06041896343231201,0.594643771648407
1790341590098871000,49.13687109375,0.3388099670410156,0.008746623992919922,0.04834640026092529
1790341590115372000,49.1533720703125,-0.13292598724365234,-0.25791335105895996,0.09746575355529785
1790341590131846400,49.16984643554687,0.8942575454711914,0.40737271308898926,0.6184409856796265
1790341590148361200,49.186361328125,-0.7525815963745117,-0.31608515977859497,-0.7078069448471069
1790341590164844300,49.20284423828125,0.6920652389526367,0.2659611701965332,0.22601521015167236
1790341590181333800,49.219333740234376,0.49588489532470703,-0.20040637254714966,0.34756261110305786
1790341590197863000,49.23586279296875,1.2833166122436523,0.0005500316619873047,-0.21593797206878662
1790341590214289700,49.25228955078125,0.2728567123413086,-0.23612874746322632,-0.5955823659896851
1790341590230802200,49.26880224609375,0.6446819305419922,0.1022343635559082,1.0625863075256348
1790341590247318800,49.28531884765625,-0.8114910125732422,0.07309579849243164,-1.0052236318588257
1790341590263804000,49.30180395507813,-0.11519432067871094,0.27894115447998047,-0.05822479724884033
1790341590280273400,49.3182734375,-0.3718223571777344,-0.02553427219390869,0.07580822706222534
1790341590296767700,49.334767822265626,-0.18751049041748047,-0.04498302936553955,0.04095560312271118
1790341590313278200,49.3512783203125,0.21487140655517578,0.06820535659790039,-0.21249043941497803
1790341590329729300,49.36772924804688,0.07366657257080078,-0.2602245807647705,0.17762327194213867
1790341590346222600,49.38422265625,-0.2164020538330078,0.06975865364074707,-0.78237384557724
1790341590362720800,49.400720703125,-0.3889026641845703,-0.32881784439086914,0.11641693115234375
1790341590379182000,49.41718212890625,-0.1140756607055664,0.2871741056442261,-0.6624917387962341
1790341590395666200,49.43366625976562,0.6354951858520508,-0.0822100043296814,0.3257845640182495
1790341590412150800,49.45015087890625,0.05904960632324219,-0.1384751796722412,0.04409968852996826
1790341590428624000,49.466623779296874,1.0193243026733398,-0.29603326320648193,-0.027761876583099365
1790341590445103000,49.48310302734375,0.9301090240478516,0.16967862844467163,0.2729990482330322
1790341590461597700,49.49959765625,0.6826438903808594,-0.33785921335220337,-0.05545949935913086
1790341590478096000,49.516095947265626,0.5048255920410156,0.10724800825119019,-0.3256622850894928
1790341590494575600,49.53257568359375,-0.4407167434692383,0.009053468704223633,0.4106858968734741
1790341590511061000,49.54906103515625,-0.9723033905029297,-0.5772204399108887,-0.1239163875579834
1790341590527528200,49.56552807617187,0.24973583221435547,0.9535796046257019,-1.8734042644500732
1790341590543987500,49.581987548828124,-0.6111030578613281,-0.8226986527442932,-0.5954552292823792
1790341590560439800,49.598439697265626,0.9083490371704102,-0.03341251611709595,-0.27773424983024597
1790341590576877800,49.6148779296875,0.590418815612793,-0.19529861211776733,0.18353915214538574
1790341590593342500,49.63134252929687,0.2913961410522461,-0.9166924953460693,-0.05142909288406372
1790341590609794800,49.647794921875,1.3898553848266602,-0.7778501510620117,-0.39222005009651184
1790341590626283500,49.664283447265625,0.8300390243530273,-0.07133656740188599,0.8863709568977356
1790341590642751000,49.6807509765625,-0.37172412872314453,-0.3531184494495392,0.05260664224624634
1790341590659236400,49.697236328125,-0.8464488983154297,-0.1985255479812622,-0.5607008934020996
1790341590675723500,49.7137236328125,-0.7744569778442383,-0.09780728816986084,0.43229222297668457
1790341590692250600,49.73025073242187,-0.7334403991699219,-0.9920806288719177,-0.46155232191085815
1790341590708711700,49.74671166992187,0.8082609176635742,0.27245742082595825,-0.740300178527832
1790341590725227500,49.7632275390625,0.04346752166748047,-0.8101906776428223,0.38784801959991455
1790341590741746000,49.77974584960938,-0.24283790588378906,0.06625598669052124,-0.56644606590271
1790341590758230500,49.79623046875,-0.014904022216796875,-0.9075455665588379,0.2777124047279358
1790341590774684200,49.81268408203125,0.4475994110107422,-0.4081738293170929,-0.5074406862258911
1790341590791144000,49.82914404296875,1.1520881652832031,-0.05482077598571777,-0.08775746822357178
1790341590807657700,49.84565771484375,-0.2617034912109375,-0.5575740337371826,-0.23818007111549377
1790341590824143600,49.8621435546875,0.5776824951171875,0.09440243244171143,0.03566938638687134
1790341590840633600,49.878633544921875,0.6606588363647461,1.2801374197006226,-1.3712921142578125
1790341590857137700,49.8951376953125,0.027672767639160156,0.5980930924415588,0.38436657190322876
1790341590873631700,49.9116318359375,-0.7386941909790039,-0.16053196787834167,0.43331795930862427
1790341590890104000,49.92810400390625,0.8785409927368164,0.6933025121688843,-1.094147801399231
1790341590906590200,49.944590087890624,0.1124267578125,0.7828545570373535,1.145287036895752
1790341590923074600,49.96107446289062,-0.517298698425293,-0.15357020497322083,-0.5728170275688171
1790341590939597000,49.97759716796875,0.3039894104003906,0.9041421413421631,0.11109423637390137
1790341590956088000,49.994088134765626,-0.747370719909668,0.3436184525489807,-0.596928596496582
1790341590972597500,50.01059741210938,-0.47944164276123047,-0.11260572075843811,0.01632237434387207
1790341590989111300,50.027111328125,-0.008077621459960938,-0.4432905912399292,0.14376533031463623
1790341591005598700,50.0435986328125,0.07537460327148438,-0.451932430267334,-0.5742294192314148
1790341591022070800,50.06007080078125,0.3389139175415039,-0.3654295802116394,0.29386740922927856
1790341591038513700,50.076513671875,0.4103841781616211,-0.43584245443344116,-0.2663663327693939
1790341591055062500,50.0930625,1.1425065994262695,0.5170188546180725,-0.15698012709617615
1790341591071547000,50.109546875,-0.5580434799194336,-0.3871341943740845,-0.4979812502861023
1790341591088032000,50.12603198242188,-0.1824808120727539,0.04662877321243286,0.2951164245605469
1790341591104570600,50.14257055664063,-0.36501502990722656,0.05251657962799072,-0.11220574378967285
1790341591121064400,50.159064453125,-0.4542226791381836,-0.3895587623119354,-0.07544258236885071
1790341591137575400,50.17557543945313,0.4069862365722656,0.07415926456451416,-0.27726781368255615
1790341591154026200,50.19202612304687,-0.25682640075683594,-0.4627174735069275,-0.4160155951976776
1790341591170509800,50.208509765625,0.4107179641723633,0.16042953729629517,-0.1666325032711029
1790341591186998500,50.22499853515625,-0.04459190368652344,-0.15193969011306763,-0.2247612178325653
1790341591203491000,50.241490966796874,0.49587440490722656,0.5496630072593689,-0.3086240291595459
1790341591219987500,50.257987548828126,0.10537052154541016,0.30058151483535767,1.0226472616195679
1790341591236457500,50.27445751953125,-0.7736902236938477,-0.25304463505744934,-0.3289133608341217
1790341591252941600,50.29094165039062,0.2939281463623047,0.6121656894683838,0.25104886293411255
1790341591269440000,50.30743994140625,-0.9439821243286133,0.017437398433685303,0.1010860800743103
1790341591285898800,50.32389868164063,-0.3000316619873047,0.33399462699890137,-0.38586145639419556
1790341591302410800,50.34041064453125,-0.6399135589599609,0.034264445304870605,-0.26975446939468384
1790341591318893800,50.356893798828125,-0.46038150787353516,-0.2156168818473816,-0.4330139756202698
1790341591335382300,50.37338232421875,0.3056774139404297,-0.289431631565094,0.33924123644828796
1790341591351880200,50.38988012695312,0.09473228454589844,-0.6582461595535278,-0.30651211738586426
1790341591368374300,50.40637426757812,0.49674224853515625,-0.07311484217643738,0.3030715584754944
1790341591384855800,50.42285571289062,0.058579444885253906,-0.19365045428276062,-0.0881074070930481
1790341591401341200,50.439341064453124,0.09869384765625,0.44899433851242065,-0.2393357902765274
1790341591417825500,50.45582543945312,-0.30872154235839844,0.17196452617645264,-0.5263012051582336
1790341591434317300,50.4723173828125,-0.7545585632324219,-0.14589184522628784,-0.7122291326522827
1790341591450809300,50.488809326171875,-0.1682891845703125,-0.363154798746109,0.12676072120666504
1790341591467324200,50.50532421875,0.3629465103149414,0.15454894304275513,-0.004597097635269165
1790341591483840800,50.5218408203125,-0.05148887634277344,-0.13352099061012268,-0.0890989899635315
1790341591500327400,50.538327392578125,0.3700103759765625,-0.1651645302772522,0.24155530333518982
1790341591516826400,50.55482641601562,0.8606500625610352,0.062253594398498535,-0.08058357238769531
1790341591533322000,50.57132202148438,0.17565250396728516,0.22464591264724731,0.21506232023239136
1790341591549838000,50.587838134765626,-0.20273303985595703,0.18355101346969604,-0.05261552333831787
1790341591566260700,50.6042607421875,-0.865875244140625,0.3875739574432373,-0.14245814085006714
1790341591582757400,50.62075732421875,-1.0595579147338867,-0.19632688164710999,0.20928144454956055
1790341591599258400,50.63725830078125,-0.020414352416992188,0.36453568935394287,0.0616624653339386
1790341591615752000,50.653751953125,0.005889892578125,-0.06141582131385803,0.09391355514526367
1790341591632266200,50.67026635742187,0.07774734497070312,0.04167604446411133,-0.19120672345161438
1790341591648756000,50.686755859375,0.10180854797363281,0.1375497579574585,-0.0019342899322509766
1790341591665244000,50.70324389648437,0.06128501892089844,0.21367967128753662,-0.3033777177333832
1790341591681770500,50.7197705078125,-0.5970735549926758,0.07057225704193115,0.17917382717132568
1790341591698265600,50.736265625,-0.15405845642089844,-0.11688923835754395,-0.5298680067062378
1790341591714746600,50.75274658203125,0.2672882080078125,0.09944337606430054,-0.11277872323989868
1790341591731231200,50.76923120117188,0.21242523193359375,-0.04321056604385376,0.7564957141876221
1790341591747718400,50.78571850585938,0.5069599151611328,0.45557701587677,-0.654137909412384
1790341591764219000,50.802218994140624,0.09543323516845703,0.0983419418334961,0.1590854823589325
1790341591780682200,50.81868212890625,0.045207977294921875,0.28710830211639404,0.3953327536582947
1790341591797197600,50.83519750976563,-0.041016578674316406,0.23948711156845093,-0.5033941864967346
1790341591813655600,50.85165551757812,-0.47907543182373047,0.2915588617324829,0.1501697599887848
1790341591830153200,50.8681533203125,-0.3422670364379883,-0.0020662546157836914,-0.16276633739471436
1790341591846624300,50.884624267578126,-0.38751220703125,0.19444388151168823,0.20418688654899597
1790341591863129000,50.901129150390624,-0.2938547134399414,-0.21156829595565796,0.31751543283462524
1790341591879639800,50.91763989257812,0.31664085388183594,0.7534154057502747,-0.24576927721500397
1790341591896064300,50.934064208984374,-0.13319969177246094,0.08072173595428467,0.20703443884849548
1790341591912515000,50.95051513671875,-0.640345573425293,-0.05758410692214966,0.043518632650375366
1790341591929003500,50.96700341796875,-0.4221963882446289,-0.01989215612411499,-0.43159762024879456
1790341591945491500,50.98349145507812,-0.742823600769043,0.027935922145843506,0.040295183658599854
1790341591962002000,51.000001953125,-0.3093423843383789,-0.2478870153427124,0.2028946876525879
1790341591978484500,51.016484375,0.6651859283447266,0.2326122522354126,-0.6826514005661011
1790341591994972200,51.03297216796875,0.0023794174194335938,0.13181865215301514,0.3856164813041687
1790341592011471400,51.04947143554688,-0.04521656036376953,0.18757081031799316,-0.6838885545730591
1790341592027966000,51.06596606445312,0.4601869583129883,0.48601025342941284,0.3426297903060913
1790341592044480300,51.08248022460938,-0.619659423828125,-0.40560904145240784,0.03461658954620361
1790341592060921900,51.098921875,0.3475761413574219,-0.17812544107437134,0.12133407592773438
1790341592077415000,51.115414794921875,0.5560121536254883,0.2012752890586853,-0.0007149875164031982
1790341592093917000,51.1319169921875,-0.11870384216308594,-0.025695383548736572,0.18074926733970642
1790341592110381000,51.148381103515625,0.772186279296875,0.04692012071609497,-0.03200194239616394
1790341592126901200,51.1649013671875,0.6476736068725586,0.6917280554771423,-0.16290001571178436
1790341592143394300,51.18139428710938,-0.5180120468139648,-0.22549843788146973,0.3983878791332245
1790341592159880400,51.19788037109375,0.1739635467529297,0.26029646396636963,-0.49618327617645264
1790341592176405500,51.21440551757812,0.22447586059570312,-0.22794854640960693,0.5357532501220703
1790341592192897300,51.230897216796876,0.14095497131347656,0.016830921173095703,0.03310132026672363
1790341592209409800,51.247409912109376,-0.41437435150146484,0.5538398623466492,-0.40346071124076843
1790341592225931300,51.26393115234375,-0.5743532180786133,-0.23828810453414917,-0.18206310272216797
1790341592242444300,51.2804443359375,0.6395902633666992,0.5295439958572388,-0.33622094988822937
1790341592258942700,51.296942626953125,-0.34428882598876953,-0.35961008071899414,0.025210648775100708
1790341592275439900,51.31343994140625,0.3886842727661133,-0.12139952182769775,0.20401835441589355
1790341592291954700,51.32995458984375,-0.6143999099731445,-0.05485379695892334,0.08736395835876465
1790341592308444000,51.34644384765625,0.08974647521972656,0.3269725441932678,-0.5305513143539429
1790341592324939500,51.362939453125,-0.2572660446166992,0.10326915979385376,0.47775834798812866
1790341592341440800,51.37944067382813,-0.4634389877319336,0.34749579429626465,-0.709467887878418
1790341592357935600,51.395935546875,-0.3460731506347656,0.41428428888320923,-0.008892476558685303
1790341592374419200,51.412419189453125,-0.8153352737426758,-0.20459508895874023,0.4435134828090668
1790341592390879000,51.42887890625,-0.35811710357666016,-0.04541575908660889,-0.7346925139427185
1790341592407368700,51.44536865234375,0.26438331604003906,0.16435480117797852,0.5167158842086792
1790341592423865000,51.461864990234375,0.15427112579345703,-0.34338048100471497,-0.04620465636253357
1790341592440362000,51.47836206054688,0.8197479248046875,0.45932143926620483,-0.32201719284057617
1790341592456845600,51.49484545898437,0.2787294387817383,-0.11259698867797852,0.6665507555007935
1790341592473332000,51.51133203125,-0.1117105484008789,0.035946011543273926,-0.5829408764839172
1790341592489820700,51.52782055664063,0.4580965042114258,0.15806430578231812,0.6025410294532776
1790341592506321700,51.54432177734375,-0.365692138671875,-0.15115362405776978,0.12013459205627441
1790341592522816800,51.56081665039063,0.47208499908447266,0.15363067388534546,-0.5508787631988525
1790341592539334700,51.57733471679688,0.6157894134521484,0.5105432868003845,0.08413106203079224
1790341592555821300,51.5938212890625,-0.018671035766601562,0.001734316349029541,-0.06670454144477844
1790341592572382000,51.6103818359375,-0.28475475311279297,0.32689058780670166,-0.25496524572372437
1790341592588883200,51.62688330078125,-0.9026861190795898,-0.526516318321228,0.12979507446289062
1790341592605376000,51.6433759765625,-0.08173847198486328,-0.05416214466094971,-0.20385918021202087
1790341592621859800,51.65985986328125,0.13593578338623047,0.008375823497772217,0.23949429392814636
1790341592638353400,51.676353515625,-0.08936882019042969,-0.0030617713928222656,-0.3192415237426758
1790341592654846000,51.692845947265624,-0.29545116424560547,-0.19275572896003723,-0.3534891903400421
1790341592671377400,51.70937744140625,0.09462547302246094,0.10243749618530273,-0.05279427766799927
1790341592687839000,51.7258388671875,-0.8111114501953125,-0.6422081589698792,-0.3635258674621582
1790341592704351200,51.742351318359376,0.18889904022216797,-0.37938442826271057,0.3551560938358307
1790341592720869000,51.758869140625,0.5547800064086914,-0.45486944913864136,-0.004983305931091309
1790341592737353200,51.77535327148438,0.21416568756103516,-0.6248462200164795,-0.45679059624671936
1790341592753849600,51.791849609375,0.110443115234375,0.0670018196105957,0.20932528376579285
1790341592770342700,51.8083427734375,-0.27782154083251953,-0.10421478748321533,0.11683210730552673
1790341592786855400,51.82485546875,-0.39334583282470703,-0.355077862739563,-0.8104975819587708
1790341592803305700,51.8413056640625,0.034638404846191406,-0.31487080454826355,0.07591047883033752
1790341592819795200,51.85779516601563,0.03897380828857422,-0.5907368063926697,0.1757090985774994
1790341592836292900,51.87429296875,0.6489753723144531,0.2697399854660034,-0.019626915454864502
1790341592852754200,51.89075415039063,0.47821521759033203,-0.4960514307022095,-0.3820450007915497
1790341592869174500,51.90717456054688,0.5999908447265625,-0.19442766904830933,0.9173697233200073
1790341592885627600,51.923627685546876,-0.1884479522705078,-0.10396644473075867,-0.38922661542892456
1790341592902115800,51.94011572265625,0.19652175903320312,-0.3516358733177185,0.4588575065135956
1790341592918582800,51.956582763671875,-0.6300506591796875,-0.2878968119621277,-0.05033104121685028
1790341592935044600,51.97304467773437,-0.419708251953125,-0.33405107259750366,-0.22551976144313812
1790341592951562800,51.98956274414063,0.07543468475341797,0.04314994812011719,0.05208781361579895
1790341592968077800,52.00607788085937,0.2928457260131836,0.1445845365524292,-0.45917293429374695
1790341592984565000,52.02256494140625,0.2734251022338867,0.0029973387718200684,0.1477171778678894
1790341593001068000,52.03906811523437,-0.24141883850097656,-0.06979507207870483,0.1985289752483368
1790341593017531000,52.05553076171875,-0.6967840194702148,-0.20242714881896973,-0.6270738840103149
1790341593034043100,52.07204321289063,-0.04583549499511719,-0.0948927104473114,0.19826138019561768
1790341593050462000,52.0884619140625,0.5043697357177734,0.3826856315135956,-0.3054478168487549
1790341593066960000,52.1049599609375,0.09232616424560547,0.10934606194496155,-0.2543575167655945
1790341593083429000,52.12142919921875,-0.003490447998046875,-0.05348733067512512,-0.0054829418659210205
1790341593099898400,52.1378984375,-0.14729690551757812,-0.12959274649620056,0.08589181303977966
1790341593116380400,52.15438037109375,-0.34140872955322266,-0.0992516577243805,0.0997406542301178
1790341593132840200,52.170840087890625,-0.02087879180908203,-0.08117306232452393,0.01581209897994995
1790341593149297200,52.187297119140624,-0.04255485534667969,-0.4237467050552368,-0.05689293146133423
1790341593165828400,52.20382836914062,0.25428199768066406,0.205653578042984,0.18527603149414062
1790341593182325500,52.22032543945313,0.03641223907470703,-0.22384674847126007,0.384683758020401
1790341593198808600,52.23680859375,0.11271095275878906,0.03353795409202576,-0.2102314829826355
1790341593215329800,52.253329833984374,-0.1198272705078125,-0.7338839769363403,0.3110143542289734
1790341593231815400,52.2698154296875,0.20061302185058594,-0.23837913572788239,-0.3727012872695923
1790341593248355300,52.28635522460937,0.3125467300415039,-0.5217873454093933,0.20116284489631653
1790341593264847400,52.30284741210937,0.17067527770996094,-0.7156291007995605,0.13598701357841492
1790341593281362400,52.319362548828124,0.8473043441772461,-0.42596128582954407,-0.2841389775276184
1790341593297849600,52.335849609375,0.2645692825317383,-0.1680106222629547,0.24490481615066528
1790341593314338600,52.352338623046876,-0.21733856201171875,-0.7334387302398682,0.25271835923194885
1790341593330837800,52.36883764648437,-0.09148979187011719,-0.1384446620941162,0.08330380916595459
1790341593347332000,52.38533203125,-0.6284942626953125,-0.7275184392929077,0.4908854365348816
1790341593363813000,52.40181323242187,0.40303611755371094,-0.3199918866157532,-0.4604943096637726
1790341593380300000,52.41830004882812,-0.33240699768066406,0.03185966610908508,0.32252418994903564
1790341593396787700,52.43478759765625,-0.3732128143310547,-0.16058647632598877,0.19290006160736084
1790341593413284600,52.45128466796875,0.19630813598632812,0.12685896456241608,-0.08808818459510803
1790341593429782000,52.467781982421876,-1.1903409957885742,-0.38101357221603394,0.173216313123703
1790341593446284800,52.48428491210937,-0.2804250717163086,0.11503186821937561,0.5811044573783875
1790341593462800600,52.50080053710938,-0.730525016784668,-0.22876158356666565,-0.00594937801361084
1790341593479289900,52.51728979492187,0.5001277923583984,-0.04181098937988281,0.10618272423744202
1790341593495794700,52.53379467773438,0.5648260116577148,0.03728035092353821,-0.244215726852417
1790341593512292600,52.55029272460938,-0.24440956115722656,-0.5170338153839111,0.5356357097625732
1790341593528809200,52.56680932617188,0.25601959228515625,0.622948408126831,-0.3200613260269165
1790341593545296400,52.58329638671875,-0.8692455291748047,-0.4846552610397339,-0.06082436442375183
1790341593561789400,52.59978955078125,0.10292339324951172,-0.3814392685890198,0.16817015409469604
1790341593578292500,52.61629248046875,1.0917139053344727,-0.11995917558670044,0.3187703788280487
1790341593594718200,52.63271826171875,0.1866779327392578,-0.07544360309839249,0.1768457293510437
1790341593611198000,52.64919799804687,-0.1532764434814453,-0.39509451389312744,-0.22407084703445435
1790341593627684400,52.66568432617188,0.3184967041015625,0.20595870912075043,0.6711872816085815
1790341593644169200,52.68216918945313,-0.8309535980224609,-0.2770034372806549,-0.4702150523662567
1790341593660693200,52.698693359375,-0.11280345916748047,0.2239815592765808,-0.5894407629966736
1790341593677183500,52.71518359375,-0.06746864318847656,-0.5548795461654663,-0.04124915599822998
1790341593693699300,52.73169921875,1.057931900024414,0.17076006531715393,0.6296355724334717
1790341593710187000,52.74818701171875,-0.08427810668945312,0.1160745695233345,-1.122921347618103
1790341593726674700,52.7646748046875,0.3371715545654297,0.25890955328941345,0.6463677883148193
1790341593743172000,52.78117211914063,-0.5416374206542969,0.15200424194335938,-0.3641579747200012
1790341593759665000,52.79766479492187,-0.10822582244873047,-0.09920353442430496,0.008682489395141602
1790341593776181200,52.81418115234375,0.42810726165771484,-0.11094994097948074,0.30160367488861084
1790341593792668000,52.83066796875,-0.5080547332763672,0.10090069472789764,-0.06598004698753357
1790341593809160400,52.84716040039063,-0.7664585113525391,-0.3203074336051941,0.6912441253662109
1790341593825660000,52.86365991210938,-0.3642282485961914,-0.234329491853714,-0.24975134432315826
1790341593842152700,52.88015258789063,0.20558452606201172,-0.4861887991428375,-0.15787015855312347
1790341593858666000,52.896666015625,1.1945505142211914,-0.22584599256515503,0.26238662004470825
1790341593875153700,52.913153564453125,0.6151924133300781,-0.25172650814056396,-0.24391254782676697
1790341593891628300,52.92962817382813,-0.21070384979248047,-0.2531813085079193,0.26836100220680237
1790341593908122000,52.9461220703125,0.1246633529663086,-0.011565826833248138,0.4733513593673706
1790341593924650800,52.96265063476562,-0.71331787109375,0.18392163515090942,0.020326614379882812
1790341593941162000,52.979161865234374,-1.103510856628418,0.02573661506175995,-0.5075054168701172
1790341593957646300,52.99564624023437,-0.3780088424682617,-0.7980636954307556,-0.24703273177146912
1790341593974121200,53.012121337890626,0.7664279937744141,0.9762197732925415,0.6673847436904907
1790341593990622000,53.0286220703125,-0.23420429229736328,0.1171576976776123,0.06781750917434692
1790341594007111400,53.045111328125,-0.06643295288085938,-0.40458622574806213,-0.3881569802761078
1790341594023623000,53.06162280273438,0.1563701629638672,0.1638842523097992,0.5055408477783203
1790341594040107800,53.078107666015626,0.7476797103881836,-0.04989154264330864,0.7215759754180908
1790341594056481000,53.09448095703125,0.6828823089599609,0.06335080415010452,-0.6109079718589783
1790341594072882400,53.11088232421875,-0.46151161193847656,-0.3368571102619171,0.31067955493927
1790341594089378300,53.12737841796875,-0.4710407257080078,-0.24856755137443542,0.43233436346054077
1790341594105861400,53.143861328125,0.06793212890625,0.6597341895103455,-0.04200172424316406
1790341594122349800,53.160349853515626,-0.26236534118652344,-0.9312610030174255,0.20187857747077942
1790341594138840300,53.17684033203125,1.286813735961914,0.37036606669425964,0.5405116081237793
1790341594155366000,53.193365966796875,0.022699356079101562,-0.20777367055416107,-0.0010100305080413818
1790341594171862300,53.2098623046875,0.28357505798339844,1.217337727546692,-0.5453517436981201
1790341594188365600,53.226365478515625,-0.7714662551879883,-0.08802995830774307,0.9342498183250427
1790341594204888600,53.242888671875,-0.2617149353027344,0.488321453332901,-1.4216388463974
1790341594221375200,53.25937524414063,0.5215120315551758,0.6279703378677368,0.811465859413147
1790341594237842000,53.27584204101562,-0.7520866394042969,-0.8513239622116089,-0.3964707851409912
1790341594254336000,53.2923359375,0.3491935729980469,0.6832133531570435,-0.5065643787384033
1790341594270865200,53.308865234375,-0.9743165969848633,-0.2021714448928833,0.6899757385253906
1790341594287357400,53.325357421875,-0.6055831909179688,-0.0072135478258132935,-0.7727992534637451
1790341594303843000,53.34184301757813,0.38547801971435547,0.5516000986099243,-0.014336764812469482
1790341594320307500,53.35830737304688,0.9198970794677734,0.8871151208877563,0.5705069303512573
1790341594336784400,53.374784423828125,-0.5451641082763672,0.7994502782821655,-2.086073398590088
1790341594353246700,53.39124682617187,-0.015127182006835938,0.2780205309391022,1.7734694480895996
1790341594369751300,53.407751220703126,-0.5166816711425781,1.0631372928619385,0.05572494864463806
1790341594386229800,53.42422973632812,0.219451904296875,0.44562745094299316,-0.2767948806285858
1790341594402747100,53.4407470703125,0.03415203094482422,-0.5085241794586182,0.4683105945587158
1790341594419242200,53.4572421875,1.469233512878418,1.0705844163894653,-0.5466614365577698
1790341594435722200,53.47372216796875,0.8167304992675781,-0.6869949698448181,1.372898817062378
1790341594452209000,53.490208984375,1.0706462860107422,0.0026339590549468994,-0.9456347227096558
1790341594468695800,53.50669580078125,0.352691650390625,0.5265862941741943,0.6419241428375244
1790341594485196500,53.52319653320313,-0.3095531463623047,-0.1933617740869522,1.0931899547576904
1790341594501658600,53.53965869140625,0.617182731628418,-0.47321048378944397,-0.40982261300086975
1790341594518167000,53.5561669921875,1.246805191040039,0.7746171951293945,-0.32265546917915344
1790341594534654200,53.572654296875,-1.4010801315307617,-1.0897670984268188,0.0428692102432251
1790341594551135500,53.58913549804687,-0.06520557403564453,0.4441744387149811,0.4577832818031311
1790341594567605500,53.60560546875,-0.5541629791259766,-1.1275678873062134,-0.8471649885177612
1790341594584070400,53.6220703125,0.6513538360595703,-0.14371897280216217,-0.40976598858833313
1790341594600522000,53.63852197265625,0.2842741012573242,-0.8671361207962036,0.6840348839759827
1790341594617008000,53.655008056640625,0.3479423522949219,0.17612513899803162,-0.9310195446014404
1790341594633493500,53.671493408203126,-0.23738956451416016,-0.835879921913147,0.13335058093070984
1790341594649993200,53.6879931640625,0.8294382095336914,0.11458390951156616,-0.026586025953292847
1790341594666467000,53.704467041015626,0.14143657684326172,-0.17064321041107178,-0.348503053188324
1790341594682982700,53.72098266601562,-0.7668676376342773,0.07047638297080994,-0.05549812316894531
1790341594699503900,53.73750390625,-0.39357757568359375,-0.5754553079605103,-0.09877565503120422
1790341594715993300,53.75399340820312,1.519211769104004,1.0420143604278564,-0.20860262215137482
1790341594732460000,53.7704599609375,-1.2628803253173828,-0.17663311958312988,-0.7032051086425781
1790341594748956000,53.78695581054688,-0.2857646942138672,0.2542102634906769,0.42478418350219727
1790341594765470500,53.80347045898438,-0.49634742736816406,0.05235320329666138,-0.3884221613407135
1790341594781923600,53.81992358398438,0.37258243560791016,-0.15097728371620178,0.18764138221740723
1790341594798396200,53.83639624023437,0.45894336700439453,-0.17397823929786682,1.0102241039276123
1790341594814862000,53.852862060546876,0.1047983169555664,0.6190066337585449,-0.2710900604724884
1790341594831323400,53.86932348632813,0.028951644897460938,0.6461845636367798,0.5404679179191589
1790341594847802000,53.885802001953124,-0.9545841217041016,-0.2241823375225067,-0.35899442434310913
1790341594864254200,53.902254150390625,1.0925331115722656,0.5943922996520996,0.6695902943611145
1790341594880779300,53.918779296875,0.16926956176757812,0.6043990850448608,0.4092917740345001
1790341594897301000,53.93530102539062,-0.7132358551025391,-0.11392897367477417,0.19195020198822021
1790341594913794300,53.951794189453125,-0.7453193664550781,0.0038437247276306152,0.7064348459243774
1790341594930306000,53.96830615234375,0.41469764709472656,0.815201997756958,0.07554885745048523
1790341594946872300,53.98487231445313,-0.19739341735839844,-0.24797682464122772,0.5322946310043335
1790341594963356700,54.001356689453125,-0.031599998474121094,-0.24442753195762634,0.20313310623168945
1790341594979852500,54.0178525390625,0.21291160583496094,0.1508505940437317,0.10930517315864563
1790341594996345000,54.034344970703124,0.138916015625,0.014656543731689453,0.3861912488937378
1790341595012822500,54.050822509765624,0.05778217315673828,-0.14211958646774292,0.19180741906166077
1790341595029272000,54.06727197265625,0.1009664535522461,-0.10957843065261841,-0.3864535689353943
1790341595045760300,54.08376025390625,0.2564859390258789,0.3623903691768646,0.23797446489334106
1790341595062322000,54.100322021484374,0.31659507751464844,0.031123101711273193,0.35041654109954834
1790341595078819300,54.1168193359375,-0.4161663055419922,0.1398555040359497,-0.8953698873519897
1790341595095340000,54.13334008789062,-1.0937137603759766,-0.1944534033536911,-0.029943615198135376
1790341595111810800,54.149810791015625,-1.1704158782958984,-0.3097879886627197,0.15467089414596558
1790341595128288800,54.16628881835938,-0.37576961517333984,-0.1535184681415558,-0.2715165317058563
1790341595144814600,54.18281469726563,0.36135005950927734,0.3474469482898712,-1.3699389696121216
1790341595161276000,54.19927587890625,0.3260231018066406,0.008811414241790771,0.868270993232727
1790341595177791000,54.215791015625,0.32398033142089844,0.26884573698043823,-0.2639993727207184
1790341595194275000,54.232275146484376,0.5493011474609375,0.6985774040222168,0.1383422613143921
1790341595210761200,54.24876123046875,0.15034198760986328,0.15260478854179382,0.4594915807247162
1790341595227258000,54.265258056640626,0.5414953231811523,1.0136067867279053,-0.508515477180481
1790341595243720400,54.281720458984374,0.0695943832397461,0.5665074586868286,0.979960024356842
1790341595260233700,54.298233642578126,-0.16999530792236328,0.6055514216423035,-0.4587867259979248
1790341595276627700,54.314627685546874,-0.00974273681640625,0.03626900911331177,0.730851411819458
1790341595293121300,54.33112133789062,0.2296123504638672,0.7175589799880981,0.03011879324913025
1790341595309625300,54.34762524414062,-0.4508476257324219,-0.04936361312866211,-0.2851610481739044
1790341595326119200,54.364119140625,0.2194366455078125,-0.11230337619781494,0.8069697022438049
1790341595342630700,54.380630615234374,0.6735019683837891,0.13490355014801025,0.05349022150039673
1790341595359085800,54.3970859375,0.42774200439453125,0.1297210454940796,0.15115982294082642
1790341595375573000,54.413572998046874,0.16951370239257812,-0.36268049478530884,0.22650253772735596
1790341595392097000,54.430096923828124,0.5287723541259766,0.5622750520706177,0.1543685793876648
1790341595408592100,54.44659204101563,-0.5462751388549805,0.09697133302688599,-0.2673816680908203
1790341595425106700,54.46310668945313,-0.16112327575683594,-0.08049565553665161,-0.15648514032363892
1790341595441619000,54.479618896484375,-0.003429412841796875,0.5292248129844666,-0.07824784517288208
1790341595458104800,54.49610473632813,-0.7475833892822266,-0.4955846667289734,-0.5884769558906555
1790341595474557200,54.51255712890625,0.3903083801269531,0.3713377118110657,-0.3788372874259949
1790341595491049200,54.52904931640625,-0.42066383361816406,-0.0870475172996521,0.25540679693222046
1790341595507559700,54.5455595703125,-0.6241397857666016,-0.19971895217895508,-0.45051607489585876
1790341595524039700,54.56203979492187,0.1081247329711914,0.17906415462493896,-0.029872655868530273
1790341595540525600,54.578525634765626,0.7066068649291992,0.3701639771461487,-0.04821553826332092
1790341595556989000,54.59498901367188,0.6397476196289062,0.5251849293708801,-0.4015156626701355
1790341595573449200,54.61144921875,-0.22404003143310547,0.14910614490509033,-0.24716070294380188
1790341595589962800,54.62796264648438,-0.13785266876220703,0.4531119465827942,0.02652376890182495
1790341595606411800,54.644411865234375,-0.05169105529785156,0.15825045108795166,-0.051234662532806396
1790341595622911000,54.66091088867187,0.036751747131347656,0.3912001848220825,-0.28481465578079224
1790341595639434200,54.67743432617188,-0.6019992828369141,-0.34334689378738403,0.2734309434890747
1790341595655929300,54.69392944335937,-0.09401607513427734,0.32336390018463135,-0.2879074513912201
1790341595672413200,54.7104130859375,0.07892131805419922,-0.18193548917770386,0.2279321551322937
1790341595688933000,54.72693310546875,0.08160781860351562,-0.16261976957321167,-0.021161437034606934
1790341595705421800,54.743421875,0.14908599853515625,0.20969021320343018,0.2555921673774719
1790341595721923000,54.75992309570312,-0.0514678955078125,0.0006636381149291992,0.29851847887039185
1790341595738417700,54.776417724609374,0.29853343963623047,-0.0020253658294677734,-0.023147016763687134
1790341595754930200,54.79293017578125,-0.3021392822265625,-0.16407090425491333,0.19346383213996887
1790341595771415300,54.80941528320312,-0.3739042282104492,-0.021163225173950195,0.09766614437103271
1790341595787905300,54.8259052734375,0.08352851867675781,0.24506306648254395,-0.03846970200538635
1790341595804403200,54.8424033203125,-0.2630195617675781,0.2998407483100891,0.44270601868629456
1790341595820895700,54.85889575195313,-0.4559640884399414,0.17898094654083252,0.251413494348526
1790341595837376300,54.875376220703124,-0.7665348052978516,0.25411486625671387,-0.2455841600894928
1790341595853829600,54.89182958984375,-0.7247037887573242,-0.11604511737823486,0.013086080551147461
1790341595870298000,54.908298095703124,0.2196798324584961,0.8068559169769287,-0.44035810232162476
1790341595886803000,54.92480297851562,0.7070131301879883,0.2840568423271179,-0.05205985903739929
1790341595903300000,54.941300048828126,0.16856861114501953,0.1789049506187439,-0.5113439559936523
1790341595919748900,54.95774877929688,0.36342620849609375,0.25477874279022217,0.3477925956249237
1790341595936259000,54.974259033203126,-0.6735067367553711,-0.04047638177871704,-0.3203418254852295
1790341595952739600,54.99073950195312,-0.43198490142822266,-0.06684237718582153,0.3537903428077698
1790341595969209900,55.0072099609375,0.2047719955444336,0.3944459557533264,0.1920701265335083
1790341595985654300,55.023654296875,0.45566749572753906,0.243239164352417,0.05394083261489868
1790341596002134300,55.04013427734375,0.5194911956787109,0.23954439163208008,0.5822092294692993
1790341596018622200,55.05662231445312,0.05523395538330078,0.39851516485214233,-0.2888984680175781
1790341596035114800,55.07311474609375,-0.3293170928955078,-0.16974860429763794,0.1955530047416687
1790341596050538500,55.08853857421875,-0.058722496032714844,-0.09539484977722168,-0.2893887758255005
1790341596067001300,55.10500146484375,0.29021739959716797,-0.12530064582824707,0.04001227021217346
1790341596083520800,55.12152075195313,0.19631481170654297,0.010759294033050537,0.5529735684394836
1790341596100009700,55.138009765625,-0.3210306167602539,-0.16474562883377075,-0.05654406547546387
