time,seconds_elapsed,z,y,x
1790341541105217300,0.14321728515625,7.036558628082275,8.037335395812988,-2.3319525718688965
1790341541121658000,0.159658203125,6.9240312576293945,7.979874134063721,-2.209848165512085
1790341541138126000,0.1761259765625,6.952761650085449,7.838616371154785,-2.0446481704711914
1790341541154620000,0.192619873046875,6.900089263916016,7.687781810760498,-1.9847931861877441
1790341541171089700,0.209089599609375,6.495469093322754,7.534552574157715,-1.8555063009262085
1790341541187587600,0.225587646484375,6.366182327270508,7.515398979187012,-1.867477297782898
1790341541204061000,0.24206103515625,5.947196960449219,7.453149795532227,-2.2577321529388428
1790341541220532000,0.258531982421875,5.655104637145996,7.422025203704834,-2.6671407222747803
1790341541237031400,0.275031494140625,5.51624059677124,7.457938194274902,-2.849100112915039
1790341541253503200,0.291503173828125,5.243301868438721,7.6111674308776855,-2.8562827110290527
1790341541269927000,0.307927001953125,5.1116204261779785,7.666234016418457,-2.738966703414917
1790341541286395100,0.32439501953125,5.118803024291992,7.692570209503174,-2.52109432220459
1790341541302860800,0.34086083984375,5.585672378540039,7.6351094245910645,-2.319981336593628
1790341541319298800,0.357298828125,6.030993938446045,7.4555439949035645,-2.363077163696289
1790341541335762400,0.373762451171875,6.502651691436768,7.1490864753723145,-2.499546527862549
1790341541352251600,0.390251708984375,6.476315498352051,7.024587631225586,-2.652775526046753
1790341541368743200,0.4067431640625,6.294356346130371,7.067683219909668,-2.80361008644104
1790341541385204700,0.423204833984375,6.205770969390869,7.230489253997803,-2.7054479122161865
1790341541401695200,0.4396953125,6.179434776306152,7.299921035766602,-2.6240451335906982
1790341541418093600,0.456093505859375,5.736507415771484,7.826645374298096,-2.4013843536376953
1790341541434583300,0.472583251953125,5.702988624572754,8.044517517089844,-2.3056161403656006
1790341541451042800,0.489042724609375,5.702988624572754,7.9631147384643555,-2.1787235736846924
1790341541467505000,0.5055048828125,5.861005783081055,7.7763671875,-1.9297266006469727
1790341541483991800,0.52199169921875,6.023811340332031,7.589619159698486,-1.7262194156646729
1790341541500452600,0.53845263671875,5.779603004455566,7.266402244567871,-1.702277421951294
1790341541516957000,0.55495703125,5.5976433753967285,7.086836814880371,-1.8171991109848022
1790341541533417700,0.571417724609375,5.439626216888428,6.957550048828125,-2.011129379272461
1790341541549879300,0.58787939453125,5.5545477867126465,6.936002254486084,-2.142810583114624
1790341541566398200,0.604398193359375,5.614402770996094,6.892906665802002,-1.9752163887023926
1790341541582860000,0.620860107421875,5.623979568481445,6.983886241912842,-1.7956513166427612
1790341541599354000,0.63735400390625,5.746084213256836,6.998251438140869,-1.6879122257232666
1790341541615841500,0.653841552734375,5.966350555419922,7.007828235626221,-1.4724340438842773
1790341541632302000,0.670302001953125,6.5481414794921875,6.777985095977783,-1.0127472877502441
1790341541648791000,0.686791015625,6.605602264404297,6.732495307922363,-0.7326257228851318
1790341541665249000,0.7032490234375,6.524199485778809,7.029376029968262,-0.5937620401382446
1790341541681741000,0.719740966796875,6.119579315185547,7.354987621307373,-0.7254431247711182
1790341541698203000,0.736202880859375,6.007051944732666,7.709329605102539,-1.290474772453308
1790341541714663000,0.752662841796875,6.325480937957764,7.898471355438232,-1.4987702369689941
1790341541731123200,0.769123291015625,6.754043102264404,7.996633529663086,-1.3623007535934448
1790341541747581200,0.785581298828125,7.134721279144287,8.061277389526367,-0.9792284965515137
1790341541764138500,0.802138427734375,7.046135425567627,8.001421928405762,-0.8212111592292786
1790341541780598000,0.818597900390625,6.251260757446289,8.044517517089844,-0.5841852426528931
1790341541797058600,0.83505859375,5.535394191741943,8.070854187011719,-0.4572925269603729
1790341541813494800,0.851494873046875,5.396530628204346,7.943961143493652,-0.48602294921875
1790341541829956000,0.8679560546875,5.446808815002441,7.491456985473633,-0.6751648783683777
1790341541846440700,0.884440673828125,5.389348030090332,7.33583402633667,-0.7948749661445618
1790341541862925000,0.900925048828125,5.140350818634033,7.3693528175354,-1.094150185585022
1790341541879381500,0.917381591796875,4.9368438720703125,7.400477409362793,-1.3958195447921753
1790341541895871700,0.933871826171875,4.881777286529541,7.46033239364624,-1.3862427473068237
1790341541912333800,0.950333740234375,5.403713226318359,7.860164165496826,-1.3910311460494995
1790341541928825900,0.966825927734375,5.683835029602051,8.001421928405762,-1.292868971824646
1790341541945289700,0.983289794921875,6.191405773162842,7.675810813903809,-0.7996633648872375
1790341541961750800,0.999750732421875,5.779603004455566,7.357381820678711,-0.2825157940387726
1790341541978213600,1.016213623046875,5.1595048904418945,7.362170219421387,-0.2777273952960968
1790341541994675000,1.032675048828125,4.398148536682129,7.704541206359863,-0.7733271718025208
1790341542011184600,1.0491845703125,4.364629745483398,7.927201747894287,-1.1252747774124146
1790341542027647700,1.065647705078125,4.771644115447998,8.099584579467773,-1.5466543436050415
1790341542044110300,1.0821103515625,5.449203014373779,8.180987358093262,-1.7573440074920654
1790341542060561200,1.09856103515625,5.717353820800781,8.185775756835938,-1.659181833267212
1790341542077067300,1.1150673828125,5.779603004455566,8.226476669311523,-1.6328455209732056
1790341542093517000,1.13151708984375,5.600037574768066,8.29590892791748,-1.656787633895874
1790341542110055400,1.148055419921875,5.295974254608154,8.487444877624512,-1.3910311460494995
1790341542126553000,1.164552978515625,5.015852451324463,8.678980827331543,-1.0845733880996704
1790341542143022000,1.18102197265625,5.135562419891357,8.793902397155762,-1.216254472732544
1790341542159498000,1.197498046875,5.276820659637451,8.69334602355957,-1.6352397203445435
1790341542175957200,1.213957275390625,5.274426460266113,8.341399192810059,-1.745373010635376
1790341542192417000,1.2304169921875,4.862623691558838,8.061277389526367,-1.7908629179000854
1790341542208873500,1.24687353515625,4.479551315307617,8.147468566894531,-1.702277421951294
1790341542225372400,1.263372314453125,4.120420932769775,8.29590892791748,-1.577778935432434
1790341542241879000,1.279879150390625,4.0964789390563965,8.418013572692871,-1.479616641998291
1790341542258349000,1.29634912109375,4.3861775398254395,8.286332130432129,-1.5490485429763794
1790341542274805200,1.31280517578125,4.991910457611084,8.02536392211914,-1.656787633895874
1790341542291261700,1.32926171875,5.920860767364502,7.869740962982178,-1.7142484188079834
1790341542307740200,1.345740234375,6.605602264404297,7.90086555480957,-1.6927006244659424
1790341542324193800,1.36219384765625,6.888118267059326,8.133103370666504,-1.577778935432434
1790341542340648400,1.3786484375,6.607996463775635,8.212111473083496,-1.3886369466781616
1790341542357130200,1.395130126953125,5.95677375793457,8.274360656738281,-1.113303780555725
1790341542373629200,1.411629150390625,5.384559631347656,8.35336971282959,-1.1994950771331787
1790341542390127600,1.428127685546875,5.370194435119629,8.291120529174805,-1.3000515699386597
1790341542406603800,1.444603759765625,5.52821159362793,8.032546997070312,-1.4317326545715332
1790341542423095600,1.461095458984375,5.647922039031982,7.931990146636963,-1.3479355573654175
1790341542439593000,1.477593017578125,5.530605792999268,7.970297336578369,-1.1252747774124146
1790341542456046600,1.494046630859375,5.39174222946167,8.034940719604492,-1.0031704902648926
1790341542472579000,1.5105791015625,5.351040840148926,8.001421928405762,-0.8786720037460327
1790341542489053700,1.5270537109375,5.432443618774414,7.929595947265625,-0.727837324142456
1790341542505510100,1.54351025390625,5.480327606201172,7.936778545379639,-0.7182605266571045
1790341542522015000,1.560014892578125,5.339069843292236,7.975085735321045,-0.6799532771110535
1790341542538512000,1.576511962890625,5.367800235748291,7.996633529663086,-0.7781155705451965
1790341542555002600,1.593002685546875,5.590460777282715,7.965508937835693,-0.8978256583213806
1790341542571457800,1.609457763671875,6.141127586364746,7.943961143493652,-1.0965443849563599
1790341542587958500,1.62595849609375,6.196194171905518,7.987056732177734,-1.2018892765045166
1790341542604495400,1.642495361328125,6.1530985832214355,8.018181800842285,-1.2282254695892334
1790341542620982500,1.658982421875,5.6910176277160645,8.154650688171387,-1.3096283674240112
1790341542637468200,1.67546826171875,5.501875400543213,8.257601737976074,-1.2976573705673218
1790341542653951000,1.691950927734375,5.432443618774414,8.20732307434082,-1.1755530834197998
1790341542670420200,1.708420166015625,5.360617637634277,8.164227485656738,-1.2258312702178955
1790341542686874600,1.72487451171875,5.372588634490967,8.075642585754395,-1.3455413579940796
1790341542703325000,1.741324951171875,5.410895824432373,7.898471355438232,-1.3958195447921753
1790341542719781600,1.75778173828125,5.30076265335083,7.836222171783447,-1.4676456451416016
1790341542736236800,1.77423681640625,5.037400245666504,7.738059997558594,-1.4939818382263184
1790341542752695000,1.790695068359375,4.850652694702148,7.714118003845215,-1.5490485429763794
1790341542769091600,1.807091552734375,4.850652694702148,7.824251174926758,-1.699883222579956
1790341542785588000,1.823587890625,5.027823448181152,7.972691535949707,-1.764526605606079
1790341542802153200,1.8401533203125,5.228936672210693,7.999027729034424,-1.6831238269805908
1790341542818608400,1.8566083984375,5.451597213745117,8.092401504516602,-1.4269442558288574
1790341542835094800,1.8730947265625,5.4444146156311035,8.070854187011719,-1.3000515699386597
1790341542851582000,1.88958203125,5.2911858558654785,7.999027729034424,-1.1779472827911377
1790341542868039000,1.906038818359375,5.082890033721924,7.898471355438232,-1.213860273361206
1790341542884529000,1.92252880859375,4.932055473327637,7.879317760467529,-1.2090718746185303
1790341542900987100,1.938987060546875,4.850652694702148,7.884106159210205,-1.0893617868423462
1790341542917474000,1.95547412109375,4.908113479614258,7.888894557952881,-1.0055646896362305
1790341542933934300,1.971934326171875,4.987122058868408,7.73087739944458,-0.828393816947937
1790341542950390800,1.988390869140625,5.56173038482666,7.467514991760254,-0.6033388376235962
1790341542966880000,2.0048798828125,5.604825973510742,7.24485445022583,-0.5363011956214905
1790341542983334400,2.02133447265625,5.4228668212890625,6.818686485290527,-1.0223240852355957
1790341542999813600,2.037813720703125,5.430049419403076,6.605602264404297,-1.216254472732544
1790341543016270300,2.054270263671875,5.518634796142578,6.428431510925293,-1.5179238319396973
1790341543032726300,2.070726318359375,5.65031623840332,6.670246124267578,-1.8555063009262085
1790341543049081600,2.08708154296875,6.0836663246154785,6.88332986831665,-1.6950948238372803
1790341543065495800,2.103495849609375,7.024587631225586,7.132327079772949,-0.9983820915222168
1790341543081955300,2.119955322265625,7.287950038909912,7.3238630294799805,-0.5219359993934631
1790341543098441500,2.13644140625,6.718130111694336,7.489062786102295,-0.016759412363171577
1790341543114830300,2.152830322265625,5.549759387969971,7.496245384216309,0.24899697303771973
1790341543131164000,2.169163818359375,5.063736438751221,7.580042362213135,0.33758243918418884
1790341543147620600,2.18562060546875,4.845864295959473,8.022970199584961,0.44771572947502136
1790341543164106000,2.20210595703125,4.616020679473877,8.248024940490723,0.3471592366695404
1790341543180560100,2.21856005859375,4.402936935424805,8.497021675109863,0.10295066982507706
1790341543197016000,2.23501611328125,5.092466831207275,8.42040729522705,0.002394201699644327
1790341543213474800,2.251474853515625,6.1530985832214355,8.11634349822998,-0.06464344263076782
1790341543229928700,2.2679287109375,7.532158374786377,7.254431247711182,-0.033518824726343155
1790341543246413000,2.2844130859375,7.829039573669434,6.538564682006836,-0.1149216815829277
1790341543262868000,2.300867919921875,7.436390399932861,5.693411827087402,-0.4213795065879822
1790341543279321300,2.3173212890625,6.6391215324401855,5.305551052093506,-1.070208191871643
1790341543295720400,2.333720458984375,6.418854713439941,5.355829238891602,-1.5059528350830078
1790341543312173600,2.350173583984375,7.773972988128662,5.633556365966797,-1.534683346748352
1790341543328629200,2.366629150390625,8.530540466308594,5.683835029602051,-1.01753568649292
1790341543345110800,2.38311083984375,7.8314337730407715,5.408501625061035,-0.4118026793003082
1790341543361565000,2.39956494140625,5.480327606201172,5.0254292488098145,-0.24899697303771973
1790341543378023400,2.4160234375,4.359841346740723,4.955997467041016,-0.2777273952960968
1790341543394480600,2.432480712890625,3.6559460163116455,5.643133640289307,-0.5051765441894531
1790341543410970400,2.448970458984375,4.211400985717773,6.0621185302734375,-0.47884035110473633
1790341543427425500,2.465425537109375,5.875370979309082,5.990292549133301,-0.33758243918418884
1790341543443880400,2.48188037109375,7.496245384216309,5.70777702331543,-0.5410895943641663
1790341543460269600,2.49826953125,8.303091049194336,5.542576789855957,-0.6607996821403503
1790341543476723700,2.5147236328125,9.20091724395752,5.442020416259766,-1.0462661981582642
1790341543493234200,2.531234130859375,9.50498104095459,5.386953830718994,-1.4053963422775269
1790341543509734700,2.547734619140625,10.141838073730469,5.20978307723999,-1.8100165128707886
1790341543526186500,2.5641865234375,10.484209060668945,4.884171485900879,-2.315192937850952
1790341543542690300,2.580690185546875,10.256759643554688,4.742913722991943,-2.3942017555236816
1790341543559145200,2.597145263671875,9.246406555175781,4.766855716705322,-2.274491548538208
1790341543575602400,2.6136025390625,8.743624687194824,4.8267107009887695,-2.0183119773864746
1790341543592085500,2.63008544921875,8.798690795898438,4.812345504760742,-1.6328455209732056
1790341543608544500,2.64654443359375,8.848969459533691,4.98472785949707,-1.8602946996688843
1790341543625003000,2.6630029296875,10.405200958251953,6.9910688400268555,1.5825673341751099
1790341543641462300,2.679462158203125,9.801861763000488,8.020575523376465,4.019864559173584
1790341543657922000,2.695922119140625,8.841787338256836,7.757213592529297,2.1978771686553955
1790341543674380800,2.712380859375,7.975085735321045,7.637503623962402,0.6200982332229614
1790341543690837800,2.728837646484375,6.086060523986816,6.45476770401001,-2.427720546722412
1790341543707326200,2.745326171875,4.987122058868408,5.839457988739014,-4.19224739074707
1790341543723777500,2.761777587890625,4.721365928649902,5.351040840148926,-5.116408824920654
1790341543740163000,2.7781630859375,4.771644115447998,4.771644115447998,-4.513070106506348
1790341543756615000,2.794614990234375,5.202600479125977,4.699818134307861,-2.9305028915405273
1790341543773066800,2.811066650390625,5.477933406829834,4.955997467041016,-1.6136919260025024
1790341543789479200,2.827479248046875,5.698200225830078,5.628767967224121,-0.8403648138046265
1790341543805932300,2.843932373046875,5.688623428344727,6.672640323638916,0.49559974670410156
1790341543822419000,2.8604189453125,5.700594425201416,6.871358871459961,1.2234370708465576
1790341543838897400,2.8768974609375,4.683058738708496,6.517016887664795,2.0829553604125977
1790341543855353600,2.893353515625,4.448426723480225,5.494692802429199,2.9089550971984863
1790341543871814000,2.90981396484375,5.628767967224121,5.580883979797363,2.5330653190612793
1790341543888270800,2.926270751953125,6.801927089691162,5.904101371765137,0.9002198576927185
1790341543904728800,2.942728759765625,7.089231014251709,5.932831764221191,0.49799394607543945
1790341543921183500,2.95918359375,7.299921035766602,6.098031520843506,0.8236053586006165
1790341543937638700,2.975638671875,8.250418663024902,5.758055210113525,0.6440402865409851
1790341543954092300,2.99209228515625,8.341399192810059,5.365406036376953,0.4357447028160095
1790341543970543000,3.008543212890625,8.212111473083496,5.190629482269287,-0.36152446269989014
1790341543987024000,3.02502392578125,7.977479934692383,5.374982833862305,-0.7589619159698486
1790341544003475000,3.041474853515625,7.675810813903809,5.714959621429443,-1.0295066833496094
1790341544019925200,3.05792529296875,7.3669586181640625,6.189011573791504,-0.33279404044151306
1790341544036431600,3.074431640625,7.3454108238220215,6.392518520355225,0.0694318488240242
1790341544052883200,3.09088330078125,7.469909191131592,6.567295074462891,0.20350714027881622
1790341544069330400,3.107330322265625,7.694964408874512,6.665457725524902,-0.26336219906806946
1790341544085813000,3.12381298828125,7.90086555480957,6.751648902893066,-1.2186486721038818
1790341544102262800,3.1402626953125,7.8098859786987305,6.605602264404297,-2.2242133617401123
1790341544118716200,3.156716064453125,7.934384346008301,6.53377628326416,-2.5043349266052246
1790341544135166500,3.17316650390625,8.037335395812988,6.643909931182861,-0.8427590131759644
1790341544151583000,3.1895830078125,8.35097599029541,6.718130111694336,0.33997663855552673
1790341544168033000,3.206032958984375,8.525752067565918,6.296750545501709,1.6879122257232666
1790341544184482000,3.22248193359375,8.451532363891602,5.4875102043151855,1.922544002532959
1790341544200964600,3.238964599609375,7.644686222076416,5.293580055236816,2.166752576828003
1790341544217411000,3.2554111328125,6.011840343475342,5.348646640777588,2.5474305152893066
1790341544233919700,3.271919677734375,5.303156852722168,5.303156852722168,2.5330653190612793
1790341544250370300,3.288370361328125,4.788403511047363,5.374982833862305,2.6839001178741455
1790341544266822400,3.304822509765625,4.819528102874756,5.317522048950195,2.516305923461914
1790341544283200800,3.32120068359375,5.011064052581787,4.972756862640381,2.2361843585968018
1790341544299650800,3.33765087890625,5.523423194885254,4.460397720336914,1.9919757843017578
1790341544316134000,3.3541337890625,6.4164605140686035,4.307168960571289,1.9081788063049316
1790341544332616000,3.370615966796875,6.560112476348877,4.072536945343018,1.4772224426269531
1790341544349069300,3.3870693359375,8.197746276855469,3.6559460163116455,0.9050082564353943
1790341544365557800,3.403557861328125,8.111555099487305,3.3063924312591553,0.2992752194404602
1790341544382014700,3.4200146484375,8.71728801727295,2.6240451335906982,-0.6655880808830261
1790341544398505700,3.436505615234375,9.21288776397705,2.518700122833252,-0.5147533416748047
1790341544414958300,3.452958251953125,10.347740173339844,2.231395959854126,0.24181437492370605
1790341544431409700,3.46940966796875,10.345345497131348,2.3104045391082764,1.0271124839782715
1790341544447863600,3.485863525390625,10.309432983398438,2.492363929748535,1.2330138683319092
1790341544464314000,3.502314208984375,10.632649421691895,2.343923568725586,0.8667010068893433
1790341544480766500,3.518766357421875,10.647014617919922,2.118868589401245,0.6703764796257019
1790341544497220000,3.53522021484375,10.357316970825195,1.9057846069335938,0.6799532771110535
1790341544513720600,3.551720458984375,10.484209060668945,1.4173674583435059,0.6823474764823914
1790341544530234400,3.568234375,10.821791648864746,1.2330138683319092,0.7206547260284424
1790341544546686000,3.58468603515625,11.434707641601562,1.2665326595306396,1.1228805780410767
1790341544563170000,3.601170166015625,11.6430025100708,1.194706678390503,1.1180921792984009
1790341544579650800,3.61765087890625,11.712434768676758,0.6607996821403503,0.7206547260284424
1790341544596103400,3.634103515625,11.267112731933594,0.3423708379268646,0.49320554733276367
1790341544612586500,3.65058642578125,11.118672370910645,0.24420857429504395,0.4620809257030487
1790341544629039000,3.6670390625,10.575188636779785,-0.11252748221158981,0.40462008118629456
1790341544645491200,3.6834912109375,10.398017883300781,-0.395043283700943,0.3758896589279175
1790341544661940200,3.699940185546875,9.964667320251465,-0.6009446382522583,0.5889736413955688
1790341544678388500,3.716388427734375,9.943120002746582,-0.6847416758537292,0.7948749661445618
1790341544694873300,3.732873291015625,9.93354320526123,-0.7733271718025208,0.8571242094039917
1790341544711326200,3.749326171875,9.928754806518555,-0.6799532771110535,1.1492167711257935
1790341544727801300,3.76580126953125,9.734824180603027,-0.5913678407669067,1.4484920501708984
1790341544744252000,3.782251953125,9.610325813293457,-0.4189853072166443,1.723825216293335
1790341544760702700,3.79870263671875,9.62947940826416,-0.21308395266532898,1.501164436340332
1790341544777093000,3.815093017578125,9.394847869873047,-0.33039984107017517,0.9289502501487732
1790341544793543200,3.831543212890625,9.57441234588623,-0.7709329724311829,-0.004788403399288654
1790341544810027500,3.848027587890625,9.727641105651855,-0.9744400978088379,-0.33997663855552673
1790341544826448100,3.8644482421875,9.971850395202637,-1.1300631761550903,-0.16759411990642548
1790341544842900200,3.880900146484375,3.579331636428833,4.541800498962402,2.913743495941162
1790341544859354000,3.89735400390625,17.106571197509766,-3.9839515686035156,1.4628572463989258
1790341544875807000,3.913806884765625,11.30063247680664,-0.20111294090747833,0.3064578175544739
1790341544892259600,3.930259521484375,9.119514465332031,-0.7709329724311829,-0.3734954595565796
1790341544908709600,3.946709716796875,10.029311180114746,-1.5203180313110352,-0.8906430602073669
1790341544925158400,3.963158447265625,9.950302124023438,0.6512228846549988,-0.6871358752250671
1790341544941643300,3.979643310546875,9.315838813781738,-0.11252748221158981,-0.586579442024231
1790341544958094000,3.996093994140625,9.57201862335205,0.033518824726343155,-1.1827356815338135
1790341544974601500,4.0126015625,8.695740699768066,1.2449848651885986,0.5123591423034668
1790341544991051300,4.02905126953125,9.296685218811035,0.7541735172271729,-0.6320692300796509
1790341545007502000,4.045502197265625,9.86889934539795,0.7230489253997803,-0.9576807022094727
1790341545024015000,4.06201513671875,9.313444137573242,1.400607943534851,-0.7852981686592102
1790341545040462300,4.07846240234375,10.465055465698242,0.8475474119186401,-1.678335428237915
1790341545056909800,4.094909912109375,9.93354320526123,1.4628572463989258,-0.9026140570640564
1790341545073386800,4.11138671875,10.680533409118652,1.0606313943862915,-0.6129156351089478
1790341545089835000,4.1278349609375,9.526528358459473,1.1851298809051514,-0.5961562395095825
1790341545106318300,4.144318359375,12.076353073120117,2.674323320388794,0.2968810200691223
1790341545122837000,4.1608369140625,12.773066520690918,2.985569477081299,0.26096799969673157
1790341545139209500,4.17720947265625,11.975796699523926,2.1930887699127197,-0.24181437492370605
1790341545155656000,4.193656005859375,10.24239444732666,2.387019157409668,0.7086837291717529
1790341545172157400,4.210157470703125,10.256759643554688,1.0749965906143188,-0.23942017555236816
1790341545188610000,4.226610107421875,8.458714485168457,3.97916316986084,1.113303780555725
1790341545205061600,4.2430615234375,10.108319282531738,0.08858546614646912,-2.626439332962036
1790341545221568000,4.259568115234375,12.591106414794922,3.641580820083618,0.22744916379451752
1790341545238017500,4.276017578125,11.57596492767334,6.0836663246154785,0.6799532771110535
1790341545254467000,4.292467041015625,9.706093788146973,2.5306711196899414,1.3215993642807007
1790341545270877700,4.308877685546875,10.781089782714844,2.2361843585968018,0.5506663918495178
1790341545287326500,4.325326416015625,8.71728801727295,2.3750481605529785,0.42856210470199585
1790341545303776000,4.34177587890625,9.567230224609375,1.0414776802062988,0.9145850539207458
1790341545320253200,4.358253173828125,9.2033109664917,2.1475989818573,1.3239935636520386
1790341545336704500,4.37470458984375,8.501810073852539,2.47560453414917,1.1037269830703735
1790341545353157000,4.3911572265625,7.773972988128662,0.6703764796257019,1.1276689767837524
1790341545369609700,4.407609619140625,9.775525093078613,2.4013843536376953,1.3239935636520386
1790341545386095600,4.424095703125,8.786720275878906,1.3742717504501343,1.2641384601593018
1790341545402547700,4.440547607421875,9.615114212036133,1.86508309841156,1.5921441316604614
1790341545419000000,4.457,10.539276123046875,2.425326347351074,2.1739351749420166
1790341545435481300,4.4734814453125,10.752359390258789,1.6759412288665771,2.7078421115875244
1790341545451933700,4.48993359375,11.88002872467041,2.738966703414917,3.2417490482330322
1790341545468418000,4.50641796875,11.841721534729004,2.2026655673980713,1.647210717201233
1790341545484869400,4.522869384765625,11.654973983764648,2.274491548538208,0.6871358752250671
1790341545501320200,4.5393203125,10.074800491333008,1.7405846118927002,0.3734954595565796
1790341545517740300,4.555740234375,9.191340446472168,2.1499931812286377,0.8643068075180054
1790341545534191900,4.57219189453125,8.59997272491455,2.4660277366638184,0.8619126081466675
1790341545550646500,4.588646484375,8.415618896484375,2.5977089405059814,0.8427590131759644
1790341545567125200,4.605125244140625,7.95832633972168,2.9281086921691895,0.730231523513794
1790341545583574500,4.621574462890625,7.7883381843566895,3.160346269607544,0.6703764796257019
1790341545600056300,4.638056396484375,7.860164165496826,3.315969467163086,0.9050082564353943
1790341545616507400,4.65450732421875,7.694964408874512,3.5003228187561035,0.5602431893348694
1790341545632971500,4.670971435546875,7.41484260559082,3.4787750244140625,0.12210428714752197
1790341545649420500,4.687420654296875,7.041347026824951,3.0358476638793945,-0.7805097699165344
1790341545665869800,4.703869873046875,5.0685248374938965,2.9496564865112305,-0.1604115068912506
1790341545682319600,4.720319580078125,29.16377067565918,-6.414066314697266,11.695674896240234
1790341545698771000,4.73677099609375,1.9919757843017578,7.094019412994385,0.05746084079146385
1790341545715222800,4.753222900390625,15.478513717651367,0.8858546018600464,3.5649664402008057
1790341545731674600,4.769674560546875,6.7492547035217285,4.522646903991699,1.766920804977417
1790341545748125400,4.78612548828125,10.38844108581543,2.806004285812378,2.0207061767578125
1790341545764597200,4.80259716796875,8.276755332946777,4.086902141571045,1.3694833517074585
1790341545781045000,4.819044921875,9.042900085449219,3.861847400665283,1.4987702369689941
1790341545797492200,4.8354921875,9.916783332824707,3.354276657104492,1.455674648284912
1790341545813963300,4.85196337890625,8.547300338745117,3.339911460876465,0.9002198576927185
1790341545830439400,4.868439453125,7.790732383728027,3.3279404640197754,1.3694833517074585
1790341545846884600,4.884884521484375,7.340622425079346,3.4524388313293457,1.656787633895874
1790341545863374600,4.90137451171875,9.205705642700195,1.7884687185287476,0.9313444495201111
1790341545879819800,4.91781982421875,9.555258750915527,1.4867992401123047,0.828393816947937
1790341545896269000,4.93426904296875,9.124302864074707,1.9393033981323242,0.6344634294509888
1790341545912713200,4.950713134765625,8.513781547546387,2.873042106628418,0.9217676520347595
1790341545929159400,4.967159423828125,9.840168952941895,3.045424461364746,1.460463047027588
1790341545945604000,4.98360400390625,10.007762908935547,3.3303346633911133,1.7764976024627686
1790341545962045200,5.000045166015625,10.771512985229492,3.292027235031128,1.4460978507995605
1790341545978488600,5.016488525390625,10.070012092590332,3.490746021270752,2.497152328491211
1790341545994935800,5.032935791015625,8.226476669311523,3.780444383621216,3.1531636714935303
1790341546011381200,5.04938134765625,8.322244644165039,3.579331636428833,3.138798475265503
1790341546027830800,5.065830810546875,7.996633529663086,3.3063924312591553,2.894589900970459
1790341546044274400,5.0822744140625,12.303802490234375,2.0829553604125977,0.9959878921508789
1790341546060747800,5.098747802734375,7.280767440795898,1.800439715385437,1.0247182846069336
1790341546077794300,5.115794189453125,7.553706169128418,0.7876923680305481,-0.545877993106842
1790341546093440500,5.1314404296875,10.828974723815918,0.3734954595565796,-1.2521674633026123
1790341546109887500,5.147887451171875,8.121131896972656,0.586579442024231,-0.3495534360408783
1790341546126336800,5.164336669921875,10.192116737365723,-0.15801730751991272,-0.5386953949928284
1790341546142786600,5.18078662109375,9.856928825378418,0.028730420395731926,-0.3447650372982025
1790341546159236600,5.197236572265625,10.63504409790039,-0.363918662071228,-0.2346317619085312
1790341546175687200,5.213687255859375,11.547234535217285,-0.5027823448181152,0.40462008118629456
1790341546192103700,5.230103759765625,11.568782806396484,-0.4668693244457245,0.3447650372982025
1790341546208552000,5.246552001953125,11.240777015686035,0.15322890877723694,1.1444283723831177
1790341546225000000,5.263,10.714052200317383,0.5386953949928284,0.043095629662275314
1790341546241446700,5.27944677734375,9.083600997924805,0.8571242094039917,1.0079588890075684
1790341546257921500,5.295921630859375,10.350133895874023,0.5793967843055725,0.5578489899635315
1790341546274367500,5.312367431640625,10.879252433776855,1.1109095811843872,-0.5267243981361389
1790341546290812000,5.32881201171875,9.607931137084961,1.4221558570861816,0.6967126727104187
1790341546307280100,5.345280029296875,10.055646896362305,1.259350061416626,1.1540051698684692
1790341546323741000,5.361740966796875,8.508993148803711,1.534683346748352,0.45250412821769714
1790341546340228900,5.378228759765625,9.165003776550293,1.5394717454910278,0.6727706789970398
1790341546356693500,5.394693603515625,9.521739959716797,1.4317326545715332,0.5961562395095825
1790341546373139700,5.4111396484375,9.830592155456543,1.2761094570159912,0.29209262132644653
1790341546389606400,5.4276064453125,10.24239444732666,1.2880805730819702,0.646434485912323
1790341546406091500,5.444091552734375,10.326191902160645,1.3431471586227417,0.811634361743927
1790341546422538200,5.460538330078125,9.27034854888916,2.389413356781006,1.1013327836990356
1790341546438986800,5.47698681640625,9.821015357971191,1.8962076902389526,0.5913678407669067
1790341546455445500,5.493445556640625,9.485827445983887,1.115697979927063,0.05027823522686958
1790341546471921000,5.5099208984375,9.713275909423828,0.3926490843296051,-0.4165911078453064
1790341546488367600,5.52636767578125,10.623072624206543,-0.4644751250743866,0.19632454216480255
1790341546504738300,5.54273828125,10.177751541137695,-0.586579442024231,0.5147533416748047
1790341546521183500,5.55918359375,9.241618156433105,-0.2346317619085312,0.7565677165985107
1790341546537673200,5.575673095703125,9.05247688293457,0.3208230137825012,1.0534487962722778
1790341546554148000,5.592148193359375,9.567230224609375,1.094150185585022,0.5147533416748047
1790341546570596000,5.60859619140625,9.734824180603027,0.9816226959228516,-0.08140286058187485
1790341546587046000,5.6250458984375,10.268731117248535,0.5267243981361389,-0.17717093229293823
1790341546603494400,5.641494384765625,9.409213066101074,1.0630255937576294,0.3519476354122162
1790341546619942700,5.657942626953125,10.072406768798828,1.0438719987869263,0.24899697303771973
1790341546636389000,5.67438916015625,9.586383819580078,1.45806884765625,0.912190854549408
1790341546652837000,5.690837158203125,8.542511940002441,1.5610195398330688,1.1085153818130493
1790341546669282300,5.7072822265625,9.378087997436523,1.2330138683319092,0.9265560507774353
1790341546685726000,5.723725830078125,9.074024200439453,1.8722656965255737,0.9983820915222168
1790341546702196500,5.740196533203125,9.124302864074707,2.1499931812286377,1.0893617868423462
1790341546718639600,5.7566396484375,8.671798706054688,2.1045033931732178,1.2713210582733154
1790341546735081500,5.77308154296875,8.851364135742188,1.6903064250946045,1.2090718746185303
1790341546751494100,5.789494140625,8.638279914855957,1.6376339197158813,0.9528923034667969
1790341546767938000,5.80593798828125,10.299856185913086,0.751779317855835,1.0079588890075684
1790341546784415200,5.822415283203125,10.189722061157227,0.6488286852836609,0.7326257228851318
1790341546800889300,5.838889404296875,9.35654067993164,0.5291185975074768,0.11971008777618408
1790341546817335600,5.85533544921875,9.593565940856934,0.4620809257030487,0.24660277366638184
1790341546833814500,5.871814453125,10.211270332336426,0.28969839215278625,0.17956513166427612
1790341546850264300,5.888264404296875,9.337387084960938,-0.05267243832349777,-0.629675030708313
1790341546866677000,5.904677001953125,9.653421401977539,-0.4405331015586853,-0.49799394607543945
1790341546883121200,5.92112109375,10.460267066955566,-0.15562310814857483,-0.9911994934082031
1790341546899565800,5.93756591796875,9.916783332824707,-0.047884032130241394,-1.1779472827911377
1790341546916010500,5.954010498046875,9.859322547912598,0.08858546614646912,-0.7924807667732239
1790341546932454400,5.970454345703125,10.213664054870605,1.1180921792984009,-0.1388636976480484
1790341546948922400,5.98692236328125,10.287884712219238,0.8643068075180054,0.22744916379451752
1790341546965367800,6.003367919921875,10.3549222946167,1.6136919260025024,0.9792284965515137
1790341546981811000,6.01981103515625,8.212111473083496,2.940079689025879,0.17477671802043915
1790341546998175700,6.03617578125,9.636661529541016,1.5466543436050415,0.6631938815116882
1790341547014616800,6.052616943359375,8.188169479370117,1.824381709098816,0.9145850539207458
1790341547031093000,6.069093017578125,9.150638580322266,3.5960910320281982,0.3998316824436188
1790341547047564500,6.085564453125,8.89685344696045,2.8179752826690674,1.843535304069519
1790341547063990800,6.10199072265625,9.677363395690918,3.512293815612793,0.9792284965515137
1790341547080471300,6.11847119140625,9.641449928283691,2.9879636764526367,0.49559974670410156
1790341547096917800,6.134917724609375,9.165003776550293,2.4827871322631836,0.31124621629714966
1790341547113399600,6.151399658203125,9.421183586120605,2.1595699787139893,0.2322375625371933
1790341547129847600,6.16784765625,10.098742485046387,2.609679937362671,0.5267243981361389
1790341547146293200,6.184293212890625,8.638279914855957,3.2561142444610596,-0.20350714027881622
1790341547162742500,6.200742431640625,8.652645111083984,3.2082302570343018,-0.13168109953403473
1790341547179190500,6.2171904296875,8.377311706542969,3.603273630142212,0.016759412363171577
1790341547195659500,6.233659423828125,8.2312650680542,3.0310592651367188,0.4620809257030487
1790341547212072200,6.250072265625,8.832210540771484,4.462791919708252,0.2968810200691223
1790341547228563700,6.266563720703125,9.040505409240723,3.7612907886505127,0.8571242094039917
1790341547245044200,6.283044189453125,9.29189682006836,3.8762125968933105,0.9169792532920837
1790341547261514800,6.2995146484375,9.057265281677246,3.3446998596191406,0.9744400978088379
1790341547277962800,6.315962646484375,10.350133895874023,3.533841609954834,1.039083480834961
1790341547294439000,6.33243896484375,9.02135181427002,3.3877954483032227,0.5147533416748047
1790341547310886100,6.34888623046875,9.962273597717285,3.825934410095215,0.7086837291717529
1790341547327334000,6.365333984375,9.84495735168457,2.9759926795959473,-0.1388636976480484
1790341547343780900,6.38178076171875,9.80904483795166,3.339911460876465,-0.21787235140800476
1790341547360229400,6.3982294921875,9.26795482635498,3.1483752727508545,0.05746084079146385
1790341547376676900,6.4146767578125,9.246406555175781,2.983175277709961,0.5434837937355042
1790341547393123300,6.431123291015625,10.065223693847656,3.691859006881714,0.8643068075180054
1790341547409570000,6.447570068359375,9.191340446472168,3.0119056701660156,0.7134721279144287
1790341547426016000,6.46401611328125,9.528923034667969,3.0861260890960693,0.6727706789970398
1790341547442459100,6.480459228515625,9.165003776550293,3.0406360626220703,0.304063618183136
1790341547458904000,6.496904052734375,9.955090522766113,2.5737667083740234,-0.014365210197865963
1790341547475350300,6.513350341796875,9.461885452270508,2.073378562927246,-0.4572925269603729
1790341547491826400,6.529826416015625,9.610325813293457,3.9671921730041504,0.33518823981285095
1790341547508303400,6.546303466796875,8.796297073364258,2.229001760482788,-0.44532153010368347
1790341547524816100,6.562816162109375,10.053253173828125,3.2632968425750732,0
1790341547541151700,6.57915185546875,9.102754592895508,3.5889084339141846,0.2992752194404602
1790341547557629000,6.59562890625,8.901641845703125,2.5091233253479004,-0.033518824726343155
1790341547574073600,6.612073486328125,9.952696800231934,3.4380736351013184,1.9057846069335938
1790341547590517800,6.628517822265625,9.246406555175781,3.5649664402008057,-0.21787235140800476
1790341547606959600,6.644959716796875,9.41400146484375,3.112462282180786,-0.44532153010368347
1790341547623407600,6.66140771484375,8.619126319885254,3.5434184074401855,1.1851298809051514
1790341547639799300,6.67779931640625,9.038111686706543,2.5737667083740234,0.45250412821769714
1790341547656294100,6.694294189453125,9.0859956741333,3.337517261505127,-0.3064578175544739
1790341547672767700,6.710767822265625,9.042900085449219,2.6384103298187256,0.6392518281936646
1790341547689213200,6.727213134765625,9.847352027893066,3.529053211212158,0.36152446269989014
1790341547705655000,6.743655029296875,8.652645111083984,2.9233202934265137,-0.4381389021873474
1790341547722097000,6.760096923828125,8.664615631103516,3.1316158771514893,1.5753847360610962
1790341547738541600,6.77654150390625,9.346963882446289,2.4420857429504395,0.45250412821769714
1790341547754984700,6.792984619140625,8.135497093200684,2.3295583724975586,0.3663128614425659
1790341547771431400,6.809431396484375,9.780313491821289,2.5905263423919678,0.569819986820221
1790341547787903700,6.82590380859375,9.39245319366455,3.2178070545196533,0.8882488012313843
1790341547804348200,6.84234814453125,8.865729331970215,2.9688100814819336,0.33997663855552673
1790341547820790300,6.858790283203125,10.038887977600098,2.2912509441375732,0.1412578970193863
1790341547837232600,6.875232666015625,8.832210540771484,2.719813108444214,0.5674257874488831
1790341547853676000,6.891676025390625,8.959102630615234,2.4851813316345215,0.3902548849582672
1790341547870155800,6.90815576171875,9.469067573547363,2.1475989818573,1.158793568611145
1790341547886600400,6.924600341796875,9.607931137084961,3.162740468978882,0.4572925269603729
1790341547903043800,6.9410439453125,10.02691650390625,2.279279947280884,0.6320692300796509
1790341547919484700,6.957484619140625,9.083600997924805,2.027888774871826,0.3663128614425659
1790341547935927300,6.97392724609375,8.767566680908203,3.270479440689087,0.48602294921875
1790341547952366600,6.99036669921875,8.899248123168945,0.6775590777397156,-0.5219359993934631
1790341547968806100,7.00680615234375,11.08754825592041,1.316810965538025,-0.5793967843055725
1790341547985273300,7.0232734375,9.591172218322754,2.8203697204589844,-0.569819986820221
1790341548001715200,7.039715087890625,9.44991397857666,2.779668092727661,-0.993593692779541
1790341548018160000,7.05616015625,7.920019149780273,1.8938134908676147,-0.6847416758537292
1790341548034633700,7.0726337890625,10.493785858154297,0.10295066982507706,-0.871489405632019
1790341548051078700,7.08907861328125,9.411606788635254,3.3279404640197754,-0.12449848651885986
1790341548066559700,7.104559814453125,11.985373497009277,0.6392518281936646,-0.871489405632019
1790341548083002400,7.12100244140625,10.067618370056152,1.6663644313812256,0.5674257874488831
1790341548099449600,7.13744970703125,7.134721279144287,2.123656988143921,-0.12928688526153564
1790341548115896000,7.15389599609375,7.074865818023682,1.7621324062347412,2.647987127304077
1790341548131347500,7.169347412109375,10.716446876525879,4.299986362457275,0.9361328482627869
1790341548147831800,7.185831787109375,7.139509677886963,1.7142484188079834,-1.941697597503662
1790341548164277000,7.202277099609375,11.60708999633789,3.485957622528076,3.19865345954895
1790341548180720600,7.218720703125,8.08043098449707,-0.22505496442317963,0.07182604819536209
1790341548197166600,7.23516650390625,8.530540466308594,0.37828385829925537,-1.3192051649093628
1790341548213650700,7.251650634765625,9.684545516967773,1.699883222579956,0.43335050344467163
1790341548230115000,7.268114990234375,12.57913589477539,2.3558945655822754,1.6136919260025024
1790341548246565000,7.284565185546875,11.918335914611816,2.786850690841675,-1.6831238269805908
1790341548263014400,7.301014404296875,8.635885238647461,2.454056739807129,0.2944868206977844
1790341548279492400,7.317492431640625,6.627150535583496,2.8850131034851074,1.6352397203445435
1790341548295940000,7.333940185546875,9.229647636413574,2.7988216876983643,0.7110779285430908
1790341548312389400,7.350389404296875,12.36605167388916,0.26096799969673157,0.4644751250743866
1790341548328834600,7.36683447265625,8.542511940002441,0.7948749661445618,1.3886369466781616
1790341548345278200,7.3832783203125,14.475343704223633,1.7573440074920654,2.027888774871826
1790341548361722400,7.399722412109375,10.848128318786621,1.3862427473068237,0.7086837291717529
1790341548378170000,7.416170166015625,8.394071578979492,-0.06224924325942993,-0.5051765441894531
1790341548394619000,7.432618896484375,7.441178798675537,0.028730420395731926,0.7469909191131592
1790341548411063300,7.449063232421875,8.822632789611816,-0.016759412363171577,0.3232172429561615
1790341548427510300,7.46551025390625,13.362039566040039,0.5746083855628967,-0.8619126081466675
1790341548443960300,7.481960205078125,10.110713958740234,0.23702596127986908,-0.6655880808830261
1790341548460410400,7.498410400390625,7.12035608291626,0.45489832758903503,0.26575639843940735
1790341548476877300,7.514877197265625,11.118672370910645,2.1116859912872314,1.6160861253738403
1790341548493326000,7.531326171875,11.36048698425293,2.075772762298584,4.01268196105957
1790341548509773800,7.54777392578125,10.213664054870605,0.35434186458587646,1.7932571172714233
1790341548526245600,7.56424560546875,7.802703380584717,0.014365210197865963,-0.1149216815829277
1790341548542630100,7.580630126953125,8.772355079650879,0.8906430602073669,1.3838485479354858
1790341548559075600,7.59707568359375,9.368511199951172,1.6735470294952393,1.4844050407409668
1790341548575520500,7.6135205078125,7.929595947265625,0.44532153010368347,0.828393816947937
1790341548592012000,7.630011962890625,9.050082206726074,-0.181959331035614,0.7398083209991455
1790341548608460500,7.64646044921875,11.291055679321289,-0.8786720037460327,-1.0342950820922852
1790341548624939000,7.66293896484375,9.679757118225098,0.47884035110473633,1.1779472827911377
1790341548641462500,7.679462646484375,9.0859956741333,0.12210428714752197,0.1604115068912506
1790341548657928200,7.69592822265625,9.78989028930664,-0.1149216815829277,-0.5123591423034668
1790341548674375200,7.712375244140625,10.244789123535156,0.993593692779541,0.6775590777397156
1790341548690824000,7.728823974609375,10.08437728881836,0.1412578970193863,0.40462008118629456
1790341548707271700,7.745271728515625,10.704475402832031,0.5650315880775452,-0.5961562395095825
1790341548723748000,7.761748046875,10.522516250610352,0.7015010714530945,0.27054479718208313
1790341548740194000,7.778194091796875,11.736376762390137,1.0606313943862915,-0.1388636976480484
1790341548756640000,7.794639892578125,8.968679428100586,1.434126853942871,1.3910311460494995
1790341548773115100,7.811115234375,10.903194427490234,0.8044517636299133,-0.0694318488240242
1790341548789563000,7.82756298828125,10.110713958740234,0.8020575642585754,-0.2968810200691223
1790341548806011400,7.844011474609375,9.102754592895508,0.6536170840263367,0.790086567401886
1790341548822458400,7.860458251953125,10.599130630493164,0.9983820915222168,-0.36152446269989014
1790341548838906400,7.87690625,9.476250648498535,1.3287819623947144,-0.26815059781074524
1790341548855355000,7.89335498046875,8.722076416015625,0.8690952062606812,2.2912509441375732
1790341548871800800,7.90980078125,10.462661743164062,1.3431471586227417,-0.7182605266571045
1790341548888294700,7.926294677734375,8.868123054504395,1.6759412288665771,0.21787235140800476
1790341548904742400,7.942742431640625,9.263166427612305,1.644816517829895,0.8882488012313843
1790341548921190000,7.95918994140625,9.737217903137207,1.5682021379470825,0.27054479718208313
1790341548937636000,7.975635986328125,9.548076629638672,2.2385785579681396,0.5099649429321289
1790341548954083600,7.99208349609375,9.038111686706543,1.1204863786697388,0.5339069962501526
1790341548970589200,8.008589111328124,10.441113471984863,1.2425906658172607,-0.11252748221158981
1790341548987035400,8.025035400390625,10.20887565612793,1.1875240802764893,0.7661445140838623
1790341549003513900,8.041513916015624,9.457097053527832,1.216254472732544,0.1388636976480484
1790341549019990800,8.05799072265625,9.069235801696777,0.9624691009521484,-0.24899697303771973
1790341549036437800,8.074437744140624,9.59835433959961,1.137245774269104,0.8523358106613159
1790341549052913200,8.0909130859375,10.663774490356445,1.922544002532959,-0.05027823522686958
1790341549069277200,8.107277099609375,10.187328338623047,2.011129379272461,0.12449848651885986
1790341549085754600,8.123754638671874,7.82185697555542,0.8212111592292786,1.1180921792984009
1790341549102248200,8.140248291015626,10.077195167541504,1.5753847360610962,-0.4620809257030487
1790341549118697700,8.15669775390625,9.90241813659668,1.0845733880996704,0.5674257874488831
1790341549135176200,8.17317626953125,9.346963882446289,1.2306196689605713,1.1755530834197998
1790341549151626200,8.189626220703126,9.042900085449219,0.3280056416988373,-0.10534487664699554
1790341549168118500,8.206118408203125,10.074800491333008,1.4317326545715332,0.4381389021873474
1790341549184566000,8.22256591796875,9.442731857299805,1.335964560508728,0.768538773059845
1790341549201015000,8.23901513671875,9.526528358459473,0.7350199222564697,0.8236053586006165
1790341549217403100,8.255403076171875,10.309432983398438,0.5817909836769104,-0.4118026793003082
1790341549233860400,8.2718603515625,9.100360870361328,1.7262194156646729,1.0055646896362305
1790341549250366500,8.288366455078124,9.17697525024414,1.170764684677124,0.2825157940387726
1790341549266896400,8.304896484375,9.775525093078613,0.6224924325942993,0.7493851184844971
1790341549283381800,8.3213818359375,10.225635528564453,0.6320692300796509,-0.09576806426048279
1790341549299910400,8.337910400390625,9.509769439697266,1.7310078144073486,0.790086567401886
1790341549316398300,8.3543984375,9.069235801696777,0.9409212470054626,0.22026655077934265
1790341549332871700,8.37087158203125,9.093177795410156,1.623268723487854,0.9361328482627869
1790341549349372400,8.387372314453126,9.275136947631836,1.2425906658172607,-0.20111294090747833
1790341549365822200,8.403822265625,9.334992408752441,0.5937620401382446,0.6727706789970398
1790341549382351000,8.42035107421875,10.326191902160645,1.036689281463623,1.1300631761550903
1790341549398844200,8.43684423828125,9.715670585632324,1.0438719987869263,0.2082955539226532
1790341549415355400,8.45335546875,9.232041358947754,0.9193734526634216,0.9768342971801758
1790341549431857000,8.46985693359375,9.847352027893066,1.1276689767837524,0.828393816947937
1790341549448306000,8.486305908203125,9.35893440246582,1.0199298858642578,0.07661445438861847
1790341549464861700,8.50286181640625,10.110713958740234,0.8571242094039917,0.993593692779541
1790341549481333800,8.519333740234375,10.599130630493164,0.9074024558067322,0.10055647045373917
1790341549497785600,8.53578564453125,10.055646896362305,0.6177040338516235,0.028730420395731926
1790341549514263800,8.552263916015624,9.8784761428833,0.871489405632019,0.22505496442317963
1790341549530714400,8.56871435546875,10.108319282531738,0.9145850539207458,0.6272808313369751
1790341549547164000,8.585163818359375,9.66539192199707,0.7350199222564697,0.5650315880775452
1790341549563556400,8.601556396484375,8.98543930053711,1.039083480834961,0.768538773059845
1790341549580007200,8.618007080078126,10.105925559997559,0.7015010714530945,0.40940847992897034
1790341549596459000,8.634458984375,8.949525833129883,0.9002198576927185,0.5051765441894531
1790341549612905500,8.650905517578124,9.399636268615723,0.706289529800415,0.9097966551780701
1790341549629355000,8.66735498046875,10.409989356994629,0.524330198764801,-0.7134721279144287
1790341549645731800,8.68373193359375,8.939949035644531,0.9385270476341248,1.3982137441635132
1790341549662179800,8.700179931640625,9.806650161743164,0.5027823448181152,0.4836287498474121
1790341549678626600,8.71662646484375,10.474632263183594,0.3280056416988373,0.13168109953403473
1790341549695075000,8.733074951171876,9.871294021606445,0.7637503147125244,1.4269442558288574
1790341549711552800,8.749552734375,10.20648193359375,0.4189853072166443,0.019153613597154617
1790341549728026600,8.766026611328124,10.02452278137207,0.5961562395095825,0.42856210470199585
1790341549744532700,8.78253271484375,9.847352027893066,0.33997663855552673,0.44771572947502136
1790341549761062700,8.799062744140626,10.56800651550293,0.5339069962501526,0.6368576288223267
1790341549777550300,8.81555029296875,10.053253173828125,0.3232172429561615,-0.6177040338516235
1790341549793997800,8.831997802734374,9.581595420837402,0.6153098344802856,0.3974374830722809
1790341549810447000,8.848447021484375,10.050858497619629,1.0007762908935547,1.3096283674240112
1790341549826894600,8.86489453125,10.201693534851074,0.727837324142456,0.31842881441116333
1790341549843339300,8.88133935546875,9.311050415039062,0.6105214357376099,0.22266076505184174
1790341549859782700,8.89778271484375,9.162610054016113,0.5003881454467773,0.7637503147125244
1790341549876227600,8.9142275390625,9.888052940368652,0.2537853717803955,0.3447650372982025
1790341549892701000,8.930700927734375,9.277531623840332,0.5339069962501526,0.44532153010368347
1790341549909239800,8.94723974609375,9.974244117736816,0.2944868206977844,0.21787235140800476
1790341549925738800,8.96373876953125,9.950302124023438,0.7206547260284424,0.5578489899635315
1790341549942186000,8.98018603515625,9.655815124511719,0.8188169598579407,0.47405192255973816
1790341549958664200,8.996664306640625,10.132261276245117,0.6272808313369751,0.47644615173339844
1790341549975111700,9.013111572265625,8.310274124145508,0.9696516990661621,0.12689268589019775
1790341549991559200,9.02955908203125,9.196128845214844,0.49559974670410156,0.5578489899635315
1790341550008086500,9.04608642578125,9.988609313964844,0.6631938815116882,0.4213795065879822
1790341550024570600,9.062570556640624,9.490615844726562,0.6703764796257019,0.1412578970193863
1790341550041096200,9.07909619140625,10.500968933105469,0.2585737705230713,0.1412578970193863
1790341550057518600,9.0955185546875,10.718840599060059,0.21547815203666687,0.1867477297782898
1790341550074025000,9.11202490234375,8.142680168151855,0.7589619159698486,0.2513911724090576
1790341550090496500,9.12849658203125,9.160215377807617,0.35913026332855225,0.272938996553421
1790341550106951200,9.144951171875,10.520122528076172,0.5099649429321289,0.038307227194309235
1790341550123402500,9.161402587890626,9.105149269104004,0.8092401623725891,-0.507570743560791
1790341550139875000,9.177875,9.567230224609375,1.278503656387329,1.6735470294952393
1790341550156365300,9.194365234375,10.15141487121582,0.5961562395095825,0.08140286058187485
1790341550172845600,9.210845458984375,9.68694019317627,0.49559974670410156,-0.3471592366695404
1790341550189334000,9.227333984375,10.493785858154297,0.8020575642585754,0.2537853717803955
1790341550205860600,9.243860595703126,9.825803756713867,-0.21787235140800476,0.13168109953403473
1790341550222338600,9.260338623046875,11.111490249633789,0.7661445140838623,0.18914192914962769
1790341550238686500,9.2766865234375,10.302249908447266,1.3096283674240112,0.49799394607543945
1790341550255217700,9.2932177734375,9.224859237670898,1.6496049165725708,-0.3758896589279175
1790341550271705000,9.309705078125,9.32541561126709,0.7134721279144287,0.7996633648872375
1790341550288231400,9.3262314453125,9.397241592407227,1.359906554222107,0.014365210197865963
1790341550304682000,9.342681884765625,9.05247688293457,-0.10773907601833344,0.07182604819536209
1790341550321158000,9.359157958984374,10.38844108581543,0.3232172429561615,-0.08379705995321274
1790341550337610500,9.375610595703124,10.074800491333008,0.545877993106842,0.9289502501487732
1790341550354059800,9.392059814453125,10.237606048583984,0.6033388376235962,1.3431471586227417
1790341550370527700,9.40852783203125,10.055646896362305,0.5506663918495178,-0.031124621629714966
1790341550386974200,9.42497412109375,9.583989143371582,0.8738836050033569,0.43335050344467163
1790341550403464200,9.441464111328125,9.57201862335205,-0.0694318488240242,0.49799394607543945
1790341550419913500,9.45791357421875,10.251971244812012,0.6536170840263367,0.038307227194309235
1790341550436364800,9.47436474609375,9.8784761428833,0.14844051003456116,0.05027823522686958
1790341550452888800,9.490888916015624,9.576807022094727,0.181959331035614,0.6440402865409851
1790341550469359900,9.50735986328125,9.3828763961792,0.090979665517807,0.002394201699644327
1790341550485864700,9.52386474609375,9.682151794433594,0.4692635238170624,-0.2513911724090576
1790341550502393300,9.540393310546875,8.923190116882324,0.5147533416748047,0.4118026793003082
1790341550518836700,9.556836669921875,9.749189376831055,0.3711012601852417,0.12449848651885986
1790341550535280600,9.57328076171875,9.27034854888916,0.3495534360408783,0.29209262132644653
1790341550551760000,9.589759765625,10.127472877502441,0.42616790533065796,-0.07900865375995636
1790341550568205800,9.606205810546875,9.244012832641602,-0.16759411990642548,-0.06224924325942993
1790341550584652800,9.62265283203125,10.1753568649292,0.3998316824436188,0.727837324142456
1790341550601043200,9.639043212890625,10.24239444732666,-0.33997663855552673,-0.11013327538967133
1790341550617536500,9.65553662109375,9.552865028381348,0.4668693244457245,0.29209262132644653
1790341550633981400,9.6719814453125,10.036493301391602,-0.12689268589019775,0.4812345504760742
1790341550650426000,9.688426025390624,9.41400146484375,0.7541735172271729,0.2106897532939911
1790341550666872600,9.70487255859375,9.801861763000488,-0.07900865375995636,-0.033518824726343155
1790341550683317200,9.721317138671875,9.545681953430176,0.646434485912323,0.3208230137825012
1790341550699794200,9.737794189453124,8.401253700256348,-0.4405331015586853,0.2059013396501541
1790341550716240600,9.75424072265625,9.172186851501465,0.6512228846549988,0.7541735172271729
1790341550732687600,9.7706875,8.820239067077637,0.19871874153614044,0.019153613597154617
1790341550749215700,9.7872158203125,9.481039047241211,0.6200982332229614,0.14365209639072418
1790341550765702100,9.8037021484375,10.04846477508545,0.33997663855552673,1.0797849893569946
1790341550782198000,9.820197998046876,8.853757858276367,0.5889736413955688,-0.5219359993934631
1790341550798644700,9.836644775390624,9.253589630126953,0.10773907601833344,0.8379706144332886
1790341550815093000,9.853093017578125,10.110713958740234,0.10055647045373917,0.3208230137825012
1790341550831544000,9.8695439453125,10.127472877502441,0.15083470940589905,0.08619125932455063
1790341550848028700,9.886028564453126,9.258378028869629,0.06224924325942993,0.3519476354122162
1790341550864548900,9.902548828125,9.409213066101074,0.5027823448181152,0.45250412821769714
1790341550881012000,9.919011962890625,8.734047889709473,0.23942017555236816,-0.15562310814857483
1790341550897518800,9.935518798828125,10.431536674499512,0.22505496442317963,0.011971008032560349
1790341550913991000,9.951990966796876,8.9064302444458,1.7381904125213623,0.5770025849342346
1790341550930514700,9.9685146484375,8.099584579467773,-0.2346317619085312,-0.7110779285430908
1790341550947039500,9.98503955078125,9.591172218322754,1.7142484188079834,0.6248866319656372
1790341550963490800,10.00149072265625,8.683769226074219,0.3687070608139038,-0.040701430290937424
1790341550979942000,10.01794189453125,10.08437728881836,0.6392518281936646,-0.19632454216480255
1790341550996421400,10.03442138671875,9.962273597717285,0.35673606395721436,0.706289529800415
1790341551012871700,10.05087158203125,9.696516990661621,0.8810662031173706,0.9672574996948242
1790341551029322200,10.067322265625,9.543288230895996,-0.21308395266532898,-0.10295066982507706
1790341551045772000,10.08377197265625,10.345345497131348,0.7350199222564697,1.1324573755264282
1790341551062080800,10.100080810546874,10.311826705932617,0.38546648621559143,0.2322375625371933
1790341551078424300,10.11642431640625,9.442731857299805,0.6727706789970398,0.19871874153614044
1790341551094871300,10.132871337890625,9.751583099365234,0.06703764945268631,0.5841852426528931
1790341551111317800,10.14931787109375,10.002974510192871,0.7182605266571045,-0.021547814831137657
1790341551127766000,10.16576611328125,8.485051155090332,-0.1628057211637497,0.6177040338516235
1790341551144215300,10.18221533203125,9.794678688049316,0.22026655077934265,0.790086567401886
1790341551160663000,10.1986630859375,8.899248123168945,0.6536170840263367,0.23702596127986908
1790341551177107700,10.215107666015625,8.853757858276367,-0.0933738648891449,0.2346317619085312
1790341551193586200,10.231586181640624,9.734824180603027,0.49320554733276367,0.9193734526634216
1790341551210035200,10.24803515625,10.900800704956055,0.3016694188117981,-0.026336219161748886
1790341551226485200,10.2644853515625,9.399636268615723,-0.011971008032560349,-0.7350199222564697
1790341551242961700,10.280961669921876,9.926360130310059,0.629675030708313,0.7565677165985107
1790341551259410200,10.29741015625,10.771512985229492,0.33997663855552673,-0.0933738648891449
1790341551275859500,10.313859375,8.604761123657227,0.47165772318840027,-0.5147533416748047
1790341551292307200,10.33030712890625,9.224859237670898,0.08140286058187485,0.727837324142456
1790341551308769000,10.34676904296875,9.610325813293457,0.15322890877723694,-0.17956513166427612
1790341551325218300,10.36321826171875,10.33098030090332,1.072602391242981,0.47165772318840027
1790341551341665500,10.37966552734375,9.11233139038086,0.2106897532939911,0.3926490843296051
1790341551358153700,10.39615380859375,9.497797966003418,0.395043283700943,0.24899697303771973
1790341551374644700,10.412644775390625,10.491392135620117,1.1204863786697388,0.2801215946674347
1790341551391150800,10.42915087890625,9.749189376831055,0.31842881441116333,0.023942016065120697
1790341551407594800,10.4455947265625,8.98543930053711,0.047884032130241394,0.1412578970193863
1790341551424041000,10.462041015625,8.820239067077637,-0.3926490843296051,0.4381389021873474
1790341551440522000,10.47852197265625,9.983820915222168,0.7206547260284424,0.38307225704193115
1790341551456972800,10.494972900390625,9.165003776550293,0.13407529890537262,0.16759411990642548
1790341551473422300,10.51142236328125,10.02452278137207,1.1013327836990356,0.8068459630012512
1790341551489919000,10.5279189453125,9.378087997436523,-0.8092401623725891,-0.20111294090747833
1790341551506403600,10.544403564453125,10.113107681274414,0.689530074596405,0.15801730751991272
1790341551522883600,10.560883544921875,10.055646896362305,-0.5027823448181152,0.8331822156906128
1790341551539330600,10.57733056640625,10.249577522277832,-0.7709329724311829,-0.3471592366695404
1790341551555808800,10.593808837890625,10.007762908935547,1.0773907899856567,0.08858546614646912
1790341551572297000,10.610296875,9.923966407775879,0.17477671802043915,0.8475474119186401
1790341551588744700,10.62674462890625,10.558429718017578,0.7038952708244324,0.6488286852836609
1790341551604204000,10.6422041015625,9.366117477416992,0.15801730751991272,-0.7876923680305481
1790341551620650500,10.658650390625,8.508993148803711,0.33758243918418884,1.115697979927063
1790341551637140200,10.67514013671875,8.916007041931152,0.3663128614425659,1.3239935636520386
1790341551653616600,10.69161669921875,9.311050415039062,-0.2082955539226532,-0.5051765441894531
1790341551670060000,10.70806005859375,9.50737476348877,0.6631938815116882,1.2689268589019775
1790341551686474000,10.724473876953125,9.940725326538086,0.1364694982767105,0.7781155705451965
1790341551702946000,10.740946044921875,9.227252960205078,-0.14604631066322327,-0.7374141216278076
1790341551719455000,10.757455078125,9.2033109664917,0.26815059781074524,0.7948749661445618
1790341551735934700,10.773934814453124,10.958261489868164,0.31364041566848755,0.12928688526153564
1790341551752388000,10.79038818359375,8.913613319396973,0.6224924325942993,0.33997663855552673
1790341551768835300,10.80683544921875,10.230423927307129,0.10295066982507706,0.9361328482627869
1790341551785306400,10.823306396484375,10.261548042297363,0.6105214357376099,-0.3711012601852417
1790341551801778700,10.83977880859375,9.074024200439453,0.0071826050989329815,-1.036689281463623
1790341551818225200,10.85622509765625,10.682928085327148,0.7541735172271729,1.5729905366897583
1790341551834712600,10.872712646484375,10.60391902923584,0.4644751250743866,-0.1843535304069519
1790341551851203800,10.889203857421874,8.482656478881836,0.19393034279346466,-0.0933738648891449
1790341551867663600,10.90566357421875,9.80904483795166,0.5482721924781799,1.316810965538025
1790341551884110600,10.922110595703124,10.532093048095703,1.0319008827209473,0.6224924325942993
1790341551900591000,10.938591064453124,9.318233489990234,0.6272808313369751,-0.5410895943641663
1790341551917038000,10.9550380859375,9.272743225097656,0.3758896589279175,1.2832920551300049
1790341551933580300,10.971580322265625,9.832986831665039,1.6352397203445435,0.1149216815829277
1790341551950028800,10.98802880859375,9.509769439697266,0.07422025501728058,0.45010992884635925
1790341551966505700,11.004505615234375,10.077195167541504,0.7565677165985107,0.751779317855835
1790341551982981600,11.020981689453125,10.453084945678711,-0.05746084079146385,0.05985504388809204
1790341551999454500,11.037454345703125,8.650250434875488,-1.0342950820922852,0.10773907601833344
1790341552015930400,11.053930419921874,10.022128105163574,0.33518823981285095,0.1149216815829277
1790341552032382500,11.070382568359374,10.002974510192871,0.3974374830722809,0.1388636976480484
1790341552048828700,11.08682861328125,10.673351287841797,0.3734954595565796,-0.47165772318840027
1790341552065243000,11.103242919921875,9.799467086791992,1.036689281463623,1.1444283723831177
1790341552081728800,11.119728759765625,9.988609313964844,-0.15801730751991272,-1.1468225717544556
1790341552098188300,11.136188232421874,8.482656478881836,-0.4165911078453064,-0.5051765441894531
1790341552114635500,11.152635498046875,11.367670059204102,0.45489832758903503,1.237802267074585
1790341552131080400,11.16908056640625,8.482656478881836,-0.038307227194309235,-0.8786720037460327
1790341552147526400,11.1855263671875,9.062053680419922,0.6631938815116882,0.7038952708244324
1790341552163973000,11.20197314453125,10.848128318786621,1.192312479019165,0.7469909191131592
1790341552180448800,11.21844873046875,9.299078941345215,-0.5937620401382446,-0.5530605912208557
1790341552196912000,11.234912109375,9.93354320526123,0.6177040338516235,0.35434186458587646
1790341552213359000,11.251359130859376,9.370905876159668,-0.17956513166427612,0.3998316824436188
1790341552229836000,11.2678359375,9.672574996948242,0.3208230137825012,-0.730231523513794
1790341552246285000,11.28428515625,9.536105155944824,0.6057330369949341,0.7852981686592102
1790341552262734600,11.300734619140625,10.591948509216309,0.4908113479614258,0.7661445140838623
1790341552279020500,11.3170205078125,9.528923034667969,0.5937620401382446,-0.31364041566848755
1790341552295470600,11.333470703125,9.368511199951172,0.16759411990642548,1.0893617868423462
1790341552311936000,11.34993603515625,10.943896293640137,0.8307880163192749,0.08379705995321274
1790341552328423200,11.366423095703125,9.986215591430664,0.05985504388809204,0.10055647045373917
1790341552344902100,11.382902099609375,10.314221382141113,1.7525556087493896,0.7374141216278076
1790341552361393400,11.399393310546875,9.847352027893066,0.667982280254364,0.2801215946674347
1790341552377867500,11.415867431640624,9.490615844726562,1.235408067703247,-0.4118026793003082
1790341552394369300,11.432369384765625,9.332598686218262,0.36152446269989014,-0.24899697303771973
1790341552410858000,11.44885791015625,8.9064302444458,-0.35434186458587646,0.8619126081466675
1790341552427370200,11.465370361328125,11.781867027282715,0.6248866319656372,-0.016759412363171577
1790341552443836200,11.481836181640626,8.42040729522705,0.6177040338516235,-0.1149216815829277
1790341552460326100,11.498326171875,9.799467086791992,0.0933738648891449,1.280897855758667
1790341552476805400,11.514805419921874,10.36449909210205,0.3447650372982025,-0.395043283700943
1790341552493257000,11.531257080078126,10.160991668701172,0.6631938815116882,-0.7326257228851318
1790341552509734400,11.547734375,9.583989143371582,-0.2585737705230713,0.5817909836769104
1790341552526180000,11.56418017578125,10.223240852355957,0.31364041566848755,-0.3256114423274994
1790341552542656300,11.58065625,9.282320022583008,0.7781155705451965,0.5817909836769104
1790341552559103700,11.597103759765625,9.469067573547363,0.27054479718208313,0.22744916379451752
1790341552575489500,11.613489501953126,9.284713745117188,0.8667010068893433,0.4165911078453064
1790341552591961600,11.629961669921874,9.799467086791992,0.24660277366638184,0.090979665517807
1790341552608341200,11.64634130859375,9.799467086791992,0.8834604024887085,-0.24899697303771973
1790341552624832000,11.66283203125,8.413225173950195,-0.1388636976480484,0.1604115068912506
1790341552641277200,11.679277099609376,10.11789608001709,0,0.9361328482627869
1790341552657725200,11.69572509765625,10.402806282043457,0.2561795711517334,0.3734954595565796
1790341552674176800,11.7121767578125,9.552865028381348,0.3758896589279175,0.8140285611152649
1790341552690669600,11.728669677734375,9.555258750915527,-0.19393034279346466,0.5961562395095825
1790341552707175200,11.745175048828125,9.41400146484375,1.1994950771331787,-0.6105214357376099
1790341552723684900,11.761684814453124,8.846575736999512,-0.19393034279346466,0.9241618514060974
1790341552740134000,11.7781337890625,9.069235801696777,-0.8858546018600464,-0.07182604819536209
1790341552756611800,11.79461181640625,7.63989782333374,0.33039984107017517,0.2825157940387726
1790341552773060600,11.811060546875,7.4100542068481445,-1.0319008827209473,0
1790341552789535700,11.82753564453125,12.035652160644531,1.4101848602294922,-0.8858546018600464
1790341552805982000,11.84398193359375,8.937555313110352,-0.37828385829925537,1.1228805780410767
1790341552822429000,11.860428955078126,9.533711433410645,0.8978256583213806,-1.1276689767837524
1790341552838905900,11.87690576171875,9.385271072387695,-1.0797849893569946,-1.3239935636520386
1790341552855395300,11.893395263671875,10.101137161254883,0.13407529890537262,0.07900865375995636
1790341552871871500,11.90987158203125,9.198522567749023,-0.35913026332855225,-0.3663128614425659
1790341552888317400,11.9263173828125,9.639056205749512,-0.14365209639072418,-0.028730420395731926
1790341552904762400,11.942762451171875,8.037335395812988,-0.5530605912208557,-0.933738648891449
1790341552921256000,11.959255859375,10.512939453125,-1.8626888990402222,-0.028730420395731926
1790341552937702400,11.975702392578125,11.075576782226562,-0.7134721279144287,0.689530074596405
1790341552954119000,11.992118896484374,8.303091049194336,2.9712042808532715,-0.22266076505184174
1790341552970594800,12.0085947265625,10.283096313476562,-2.5258827209472656,-0.12689268589019775
1790341552987053000,12.025052978515625,9.469067573547363,-0.07182604819536209,2.322375535964966
1790341553003499800,12.041499755859375,9.514557838439941,2.9544448852539062,1.9177556037902832
1790341553019949000,12.057948974609374,12.198457717895508,-3.7158010005950928,-1.2713210582733154
1790341553036401000,12.07440087890625,11.140220642089844,2.6024973392486572,-1.4939818382263184
1790341553052900600,12.090900634765624,6.447585105895996,-1.6687586307525635,0.33758243918418884
1790341553069350400,12.107350341796876,8.860940933227539,1.0989385843276978,0.4165911078453064
1790341553085800700,12.12380078125,8.190564155578613,-1.9081788063049316,-2.1380221843719482
1790341553102252800,12.140252685546875,9.564835548400879,-0.363918662071228,0.49799394607543945
1790341553118658600,12.156658447265626,9.588777542114258,-0.7350199222564697,-0.6440402865409851
1790341553135080700,12.173080810546875,9.30386734008789,0.7015010714530945,-0.8954314589500427
1790341553151496200,12.18949609375,9.854534149169922,0.4357447028160095,0.42377370595932007
1790341553167961600,12.205961669921875,10.24000072479248,0.42616790533065796,-0.1364694982767105
1790341553184411600,12.22241162109375,9.038111686706543,0.8068459630012512,0.31124621629714966
1790341553200863700,12.23886376953125,7.632715225219727,-0.6631938815116882,2.011129379272461
1790341553217346000,12.255345947265624,12.899958610534668,0.05267243832349777,-0.4118026793003082
1790341553233795300,12.27179541015625,10.070012092590332,0.24899697303771973,2.7437551021575928
1790341553250244000,12.288244140625,11.128249168395996,1.4484920501708984,0.2537853717803955
1790341553266696000,12.304696044921876,11.286267280578613,1.9369091987609863,1.8722656965255737
1790341553283095800,12.321095703125,8.846575736999512,-0.26096799969673157,1.8770540952682495
1790341553299544000,12.3375439453125,7.2137298583984375,0.08858546614646912,-3.3039982318878174
1790341553315989500,12.353989501953125,11.832144737243652,-1.2832920551300049,5.274426460266113
1790341553332434400,12.370434326171875,16.010026931762695,2.03507137298584,3.6128504276275635
1790341553348878600,12.386878662109375,6.610390663146973,-4.663905143737793,-2.853888511657715
1790341553365327600,12.40332763671875,6.370970726013184,0.9624691009521484,2.782062292098999
1790341553381775000,12.419775146484374,9.265560150146484,-1.4963760375976562,-0.16759411990642548
1790341553398222300,12.436222412109375,7.1251444816589355,-0.24660277366638184,0.7972691655158997
1790341553414682400,12.452682373046875,10.041281700134277,-1.2449848651885986,0.3064578175544739
1790341553431127000,12.469126953125,9.746794700622559,-0.15083470940589905,-0.6320692300796509
1790341553447571500,12.485571533203125,7.479485988616943,-1.036689281463623,0.1149216815829277
1790341553464048000,12.502048095703126,11.3269681930542,-0.35673606395721436,-0.30885201692581177
1790341553480494800,12.518494873046874,10.165780067443848,-0.5099649429321289,-0.5147533416748047
1790341553496942600,12.534942626953125,10.211270332336426,-0.6392518281936646,0.849941611289978
1790341553513388800,12.551388916015625,11.245565414428711,0.3280056416988373,-0.05985504388809204
1790341553529832200,12.567832275390625,9.08838939666748,0.7326257228851318,1.137245774269104
1790341553546275000,12.584275146484375,10.769119262695312,-0.1149216815829277,-0.05985504388809204
1790341553562718000,12.600718017578124,8.966285705566406,-0.0694318488240242,0.035913024097681046
1790341553579121400,12.617121337890625,8.358158111572266,0.05746084079146385,-0.5410895943641663
1790341553595566600,12.633566650390625,10.096348762512207,0.181959331035614,0.3687070608139038
1790341553612025600,12.650025634765624,9.813833236694336,1.280897855758667,0.29209262132644653
1790341553628473300,12.666473388671875,10.465055465698242,-0.13168109953403473,0.16759411990642548
1790341553644921600,12.682921630859376,10.414777755737305,-0.16759411990642548,-0.5746083855628967
1790341553661398800,12.699398681640625,10.47702693939209,0.17238251864910126,0.35673606395721436
1790341553677843000,12.715843017578125,10.453084945678711,-0.016759412363171577,0.17238251864910126
1790341553694287000,12.732287109375,9.17697525024414,-0.16759411990642548,-1.213860273361206
1790341553710762800,12.7487626953125,9.59596061706543,-0.29209262132644653,0.4405331015586853
1790341553727210000,12.7652099609375,10.44350814819336,1.2114660739898682,-1.1683704853057861
1790341553743658000,12.781657958984376,9.011775016784668,-0.6631938815116882,-0.751779317855835
1790341553760106200,12.798106201171874,9.75637149810791,0.5889736413955688,0.2944868206977844
1790341553776554200,12.81455419921875,9.677363395690918,0.14365209639072418,-0.10534487664699554
1790341553793003800,12.831003662109374,9.907206535339355,0.26575639843940735,-0.3471592366695404
1790341553809448200,12.8474482421875,10.414777755737305,0.5291185975074768,0.12928688526153564
1790341553825896400,12.863896484375,9.361329078674316,0.6560112833976746,0.08379705995321274
1790341553842343200,12.88034326171875,9.066842079162598,0.29209262132644653,-0.667982280254364
1790341553858793000,12.89679296875,10.790667533874512,0.1388636976480484,0.016759412363171577
1790341553875239000,12.913239013671875,10.651803016662598,0.7613561153411865,-0.0694318488240242
1790341553891686700,12.929686767578126,8.695740699768066,-0.17956513166427612,0.15322890877723694
1790341553908163800,12.946163818359375,11.042057991027832,0.7709329724311829,1.4221558570861816
1790341553924610300,12.9626103515625,11.257535934448242,0.6033388376235962,0.12210428714752197
1790341553941056300,12.97905615234375,9.509769439697266,0.44532153010368347,1.158793568611145
1790341553957464800,12.99546484375,9.311050415039062,0.15801730751991272,0.12210428714752197
1790341553973913900,13.011913818359375,9.399636268615723,0.9600749015808105,-0.2777273952960968
1790341553990363100,13.028363037109376,8.640673637390137,-0.5267243981361389,1.0845733880996704
1790341554006811000,13.044810791015625,10.36449909210205,0.49799394607543945,-0.090979665517807
1790341554023257900,13.0612578125,9.30386734008789,-0.15322890877723694,-0.8810662031173706
1790341554039704300,13.077704345703125,9.5624418258667,0.3256114423274994,1.0654197931289673
1790341554056116500,13.094116455078124,9.17697525024414,0.08619125932455063,-0.5386953949928284
1790341554072532500,13.110532470703125,9.354146003723145,0.395043283700943,-0.5841852426528931
1790341554088910000,13.12691015625,10.599130630493164,0.7613561153411865,0.646434485912323
1790341554105359000,13.143359130859375,10.412383079528809,-0.1364694982767105,0.33758243918418884
1790341554121805800,13.159805908203126,10.295066833496094,-0.22505496442317963,-0.6344634294509888
1790341554138252800,13.176252685546874,9.787496566772461,0.42377370595932007,0.44532153010368347
1790341554154722600,13.19272265625,10.778696060180664,-0.33279404044151306,-0.31364041566848755
1790341554171170600,13.209170654296875,10.805032730102539,-0.07422025501728058,-0.22505496442317963
1790341554187623000,13.225622802734375,9.907206535339355,-0.016759412363171577,0.6105214357376099
1790341554204155100,13.242155029296875,10.105925559997559,-0.11252748221158981,-0.6631938815116882
1790341554220602000,13.25860205078125,9.854534149169922,0.7589619159698486,-0.019153613597154617
1790341554237049900,13.2750498046875,10.137049674987793,0.3926490843296051,-0.181959331035614
1790341554253495300,13.291495361328124,9.840168952941895,0.2944868206977844,0.37828385829925537
1790341554269942000,13.30794189453125,10.012551307678223,0.090979665517807,0.9050082564353943
1790341554286324500,13.324324462890624,9.706093788146973,0.19871874153614044,0.28969839215278625
1790341554302770400,13.3407705078125,9.148244857788086,0.28969839215278625,0.1173158809542656
1790341554319216400,13.35721630859375,9.696516990661621,-0.05506663769483566,0.3016694188117981
1790341554335685000,13.37368505859375,8.662221908569336,0.6105214357376099,0.035913024097681046
1790341554352173600,13.390173583984375,10.848128318786621,0.23702596127986908,0.35673606395721436
1790341554368634600,13.406634521484374,9.334992408752441,0.2801215946674347,-0.17956513166427612
1790341554385077200,13.4230771484375,8.777143478393555,0.23702596127986908,-0.22505496442317963
1790341554401545200,13.439545166015625,10.560823440551758,-0.002394201699644327,0.0071826050989329815
1790341554417986300,13.455986328125,11.477803230285645,-0.26815059781074524,0.2059013396501541
1790341554434431200,13.47243115234375,8.707711219787598,0.47165772318840027,-0.08619125932455063
1790341554450900500,13.488900390625,8.75080680847168,0.6512228846549988,-0.5770025849342346
1790341554467341000,13.505341064453125,10.462661743164062,0.10055647045373917,-0.2585737705230713
1790341554483780900,13.52178076171875,9.806650161743164,-0.1628057211637497,-0.31603461503982544
1790341554500222200,13.53822216796875,8.944737434387207,-0.08858546614646912,-0.4692635238170624
1790341554516667600,13.554667724609375,10.019734382629395,-0.545877993106842,-0.38067805767059326
1790341554533114000,13.571114013671876,9.454702377319336,-0.6967126727104187,-0.304063618183136
1790341554549559000,13.58755908203125,10.17296314239502,-1.170764684677124,-0.31842881441116333
1790341554566007000,13.604007080078125,10.591948509216309,-1.3551181554794312,-0.40701428055763245
1790341554582455600,13.62045556640625,9.493009567260742,-1.0031704902648926,0.05746084079146385
1790341554598902500,13.636902587890624,9.725247383117676,-0.6584054827690125,0.8954314589500427
1790341554615351300,13.653351318359375,8.868123054504395,-0.2059013396501541,1.1875240802764893
1790341554631777000,13.669777099609375,10.390835762023926,-0.07661445438861847,2.5091233253479004
1790341554648246300,13.686246337890625,9.612719535827637,-0.5123591423034668,2.406172752380371
1790341554664689400,13.702689453125,9.308655738830566,-0.706289529800415,2.6144683361053467
1790341554681131300,13.71913134765625,9.188945770263672,-0.31364041566848755,0.026336219161748886
1790341554697604600,13.7356044921875,9.57441234588623,-0.507570743560791,-0.1149216815829277
1790341554714067000,13.75206689453125,10.254365921020508,-0.36152446269989014,0.3423708379268646
1790341554730549200,13.76854931640625,11.099518775939941,0.8403648138046265,0.33039984107017517
1790341554746998800,13.784998779296876,9.473855972290039,0.3471592366695404,-0.0071826050989329815
1790341554763476500,13.8014765625,10.326191902160645,-0.009576806798577309,0.768538773059845
1790341554779924000,13.817924072265624,10.180145263671875,-0.14844051003456116,0.6919242739677429
1790341554796378400,13.83437841796875,10.57040023803711,0.40462008118629456,0.2825157940387726
1790341554812857600,13.850857666015624,10.141838073730469,0.047884032130241394,-0.12210428714752197
1790341554829305300,13.867305419921875,10.41956615447998,0.038307227194309235,0.8331822156906128
1790341554845783000,13.883782958984375,10.18493366241455,0.7829039692878723,0.5147533416748047
1790341554862232300,13.900232421875,10.436325073242188,0.8595184087753296,0.43095630407333374
1790341554878678500,13.916678466796874,9.481039047241211,1.0869675874710083,0.9911994934082031
1790341554895148800,13.933148681640626,9.624691009521484,0.9385270476341248,0.3902548849582672
1790341554911596800,13.9495966796875,8.056488990783691,1.6687586307525635,0.14365209639072418
1790341554928072700,13.96607275390625,7.618350028991699,1.479616641998291,1.1444283723831177
1790341554944546800,13.982546875,8.884882926940918,1.3335703611373901,0.45250412821769714
1790341554960970800,13.998970703125,9.315838813781738,-0.2059013396501541,-0.14365209639072418
1790341554977380400,14.01538037109375,9.677363395690918,0.6751648783683777,0.9648633003234863
1790341554993827300,14.031827392578125,9.181763648986816,-1.3910311460494995,0.586579442024231
1790341555010305500,14.048305419921874,10.457873344421387,2.0877439975738525,0.7805097699165344
1790341555026803000,14.064802978515624,8.329427719116211,-1.3646949529647827,-0.181959331035614
1790341555043288600,14.08128857421875,10.936713218688965,1.45806884765625,0.19632454216480255
1790341555059701800,14.09770166015625,8.008605003356934,-0.7541735172271729,0.19393034279346466
1790341555076169700,14.114169677734376,10.077195167541504,0.4668693244457245,0.002394201699644327
1790341555092646700,14.130646728515625,7.843404769897461,-0.629675030708313,1.2761094570159912
1790341555109092900,14.1470927734375,11.99255657196045,0.586579442024231,0.5937620401382446
1790341555125542400,14.16354248046875,10.307038307189941,1.256955862045288,0.9768342971801758
1790341555142052600,14.180052490234376,10.393229484558105,-0.1149216815829277,0.6416460275650024
1790341555158497800,14.196497802734376,11.422736167907715,1.0582371950149536,-0.12928688526153564
1790341555174944500,14.212944580078124,9.35893440246582,-0.13407529890537262,0.6799532771110535
1790341555191419600,14.229419677734375,10.486603736877441,1.0127472877502441,0.950498104095459
1790341555207865000,14.245864990234375,9.026140213012695,-0.004788403399288654,0.07661445438861847
1790341555224309800,14.262309814453126,10.812214851379395,1.699883222579956,0.5363011956214905
1790341555240754000,14.27875390625,9.765948295593262,0.7996633648872375,0.08619125932455063
1790341555257203000,14.295202880859375,9.215282440185547,1.2497732639312744,0.17477671802043915
1790341555273652000,14.31165185546875,9.619902610778809,1.0534487962722778,0.42377370595932007
1790341555290105300,14.328105224609375,8.89685344696045,1.4437036514282227,0.950498104095459
1790341555306495500,14.34449560546875,9.102754592895508,1.5131354331970215,0.3208230137825012
1790341555322944000,14.360944091796876,9.421183586120605,1.6903064250946045,0.5722141861915588
1790341555339435000,14.37743505859375,8.585607528686523,1.0893617868423462,0.181959331035614
1790341555355931600,14.393931640625,9.373299598693848,1.2976573705673218,0.4141969084739685
1790341555372375300,14.410375244140624,9.749189376831055,2.276885747909546,0.6991068720817566
1790341555388877800,14.4268779296875,9.421183586120605,0.49799394607543945,0.3998316824436188
1790341555405347600,14.44334765625,10.551246643066406,1.3694833517074585,0.9193734526634216
1790341555421848300,14.459848388671874,9.476250648498535,0.6129156351089478,-0.035913024097681046
1790341555438372000,14.4763720703125,9.500192642211914,1.5131354331970215,0.5626373887062073
1790341555454814000,14.49281396484375,10.113107681274414,1.45806884765625,0.8068459630012512
1790341555471301600,14.509301513671875,8.865729331970215,1.5203180313110352,-0.10773907601833344
1790341555487743000,14.525742919921875,9.373299598693848,2.4133553504943848,0.6727706789970398
1790341555504186400,14.542186279296875,9.01895809173584,0.6009446382522583,-0.019153613597154617
1790341555520633000,14.558633056640625,10.079588890075684,0.8978256583213806,0.5027823448181152
1790341555537085000,14.5750849609375,9.493009567260742,1.192312479019165,0.3711012601852417
1790341555553532700,14.59153271484375,9.694122314453125,0.3998316824436188,0.4668693244457245
1790341555569981200,14.607981201171874,11.26950740814209,0.7972691655158997,0.5315127968788147
1790341555586484200,14.624484130859376,9.531316757202148,0.23702596127986908,0.3447650372982025
1790341555602969300,14.64096923828125,11.070788383483887,0.1149216815829277,0.014365210197865963
1790341555619413000,14.6574130859375,10.508151054382324,0.4357447028160095,1.0031704902648926
1790341555635867100,14.6738671875,10.390835762023926,-0.2537853717803955,-0.07900865375995636
1790341555652309500,14.6903095703125,10.3549222946167,0.10295066982507706,0.9576807022094727
1790341555668809200,14.706809326171875,9.765948295593262,0.29209262132644653,0.5410895943641663
1790341555685332000,14.72333203125,9.780313491821289,0.12210428714752197,0.3280056416988373
1790341555701778700,14.73977880859375,10.122684478759766,1.3311761617660522,0.14604631066322327
1790341555718225700,14.7562255859375,8.791508674621582,0.8523358106613159,-0.7134721279144287
1790341555734670600,14.772670654296874,8.616731643676758,0.7422025203704834,-0.30885201692581177
1790341555751116800,14.78911669921875,8.96389102935791,0.5530605912208557,-0.33039984107017517
1790341555767561500,14.8055615234375,10.441113471984863,0.2944868206977844,0.08858546614646912
1790341555784010500,14.822010498046875,10.333374977111816,0.26575639843940735,0.3663128614425659
1790341555800456700,14.838456787109376,9.962273597717285,0.45010992884635925,0.727837324142456
1790341555816906800,14.85490673828125,10.38844108581543,0.0694318488240242,1.1468225717544556
1790341555833356800,14.871356689453124,9.265560150146484,0.13168109953403473,1.0534487962722778
1790341555849806000,14.88780615234375,9.907206535339355,0.009576806798577309,1.8411411046981812
1790341555866251000,14.9042509765625,9.550470352172852,-0.7374141216278076,1.4748282432556152
1790341555882722300,14.920722412109376,10.63743782043457,-1.1300631761550903,1.4317326545715332
1790341555899169000,14.9371689453125,10.041281700134277,-1.2545616626739502,1.534683346748352
1790341555915613400,14.953613525390624,10.108319282531738,-1.6879122257232666,1.3694833517074585
1790341555932087000,14.970087158203125,10.1753568649292,-2.0207061767578125,1.015141487121582
1790341555948530700,14.98653076171875,10.47942066192627,-0.4165911078453064,-1.381454348564148
1790341555964976400,15.002976318359375,9.232041358947754,-0.5937620401382446,-1.2665326595306396
1790341555981259300,15.01925927734375,9.481039047241211,-0.2992752194404602,1.2497732639312744
1790341555997707500,15.03570751953125,9.847352027893066,-0.040701430290937424,0.20350714027881622
1790341556014176800,15.0521767578125,9.330204010009766,-0.33039984107017517,-0.019153613597154617
1790341556030661400,15.068661376953125,9.701305389404297,-0.181959331035614,1.0654197931289673
1790341556047149300,15.0851494140625,9.48343276977539,0.9313444495201111,1.170764684677124
1790341556063580000,15.101579833984376,10.81460952758789,0.5554547905921936,0.22026655077934265
1790341556080050000,15.1180498046875,8.791508674621582,-0.33758243918418884,1.1875240802764893
1790341556096494600,15.13449462890625,8.9064302444458,0.37828385829925537,1.8339585065841675
1790341556113514200,15.15151416015625,7.364564418792725,1.6855180263519287,-0.35434186458587646
1790341556129374000,15.1673740234375,11.125855445861816,-2.164358377456665,0.6392518281936646
1790341556145821400,15.183821533203124,13.61103630065918,3.8594532012939453,0.6871358752250671
1790341556162302000,15.200302001953125,10.132261276245117,-3.181894063949585,0.10534487664699554
1790341556178779600,15.216779541015624,10.247182846069336,1.8363527059555054,0.033518824726343155
1790341556195227000,15.233226806640625,9.229647636413574,1.0007762908935547,-2.849100112915039
1790341556211702800,15.249702880859376,7.383718013763428,0.49799394607543945,-3.3925838470458984
1790341556228154000,15.266154052734375,7.347805023193359,-1.7836803197860718,4.017470359802246
1790341556244634400,15.28263427734375,13.062764167785645,3.6583402156829834,2.7676970958709717
1790341556261083000,15.299082763671874,7.524975776672363,-2.5689783096313477,-2.2840683460235596
1790341556277536800,15.315536865234375,9.943120002746582,2.252943754196167,2.7892448902130127
1790341556294010600,15.3320107421875,6.993463039398193,-2.513911724090576,2.276885747909546
1790341556310456800,15.348456787109376,9.23682975769043,-0.272938996553421,-2.434903144836426
1790341556326918100,15.364918212890625,5.853823184967041,-1.6184803247451782,-0.33039984107017517
1790341556343365600,15.38136572265625,10.295066833496094,-0.05267243832349777,1.9632453918457031
1790341556359814400,15.397814453125,10.110713958740234,1.4293384552001953,-1.2497732639312744
1790341556376280300,15.4142802734375,8.987833023071289,-0.4668693244457245,1.6950948238372803
1790341556392730000,15.430730224609375,10.78348445892334,0.13407529890537262,1.314416766166687
1790341556409194500,15.447194580078126,8.11634349822998,0.2849099934101105,-0.8738836050033569
1790341556425671400,15.46367138671875,8.798690795898438,-1.558625340461731,1.213860273361206
1790341556442120400,15.480120361328124,4.000710964202881,-5.432443618774414,2.363077163696289
1790341556458569500,15.496569580078125,14.611812591552734,2.078166961669922,3.272873640060425
1790341556475012600,15.5130126953125,13.816938400268555,-3.488351821899414,0.10055647045373917
1790341556491462100,15.529462158203126,9.682151794433594,0.3471592366695404,-1.6974890232086182
1790341556507909400,15.545909423828125,10.843339920043945,1.2641384601593018,-1.2258312702178955
1790341556524365300,15.562365234375,6.67982292175293,-3.3255462646484375,1.1109095811843872
1790341556540863500,15.578863525390625,9.873687744140625,-1.0773907899856567,-4.642356872558594
1790341556557313500,15.5953134765625,10.067618370056152,3.6583402156829834,-2.2242133617401123
1790341556573792300,15.611792236328125,7.709329605102539,-2.1140801906585693,3.117250680923462
1790341556590206200,15.628206298828125,17.108964920043945,-2.3319525718688965,1.8818424940109253
1790341556606617000,15.6446171875,7.886500358581543,-2.298433542251587,-0.8762778043746948
1790341556623083000,15.6610830078125,10.122684478759766,1.0079588890075684,2.940079689025879
1790341556639535000,15.67753515625,8.944737434387207,-0.569819986820221,-1.1563993692398071
1790341556655918000,15.69391796875,9.44752025604248,1.3479355573654175,-2.9089550971984863
1790341556672396300,15.710396240234376,7.967903137207031,-1.4484920501708984,2.3343467712402344
1790341556688861400,15.726861328125,9.320627212524414,-0.1173158809542656,-1.2617442607879639
1790341556705366500,15.743366455078124,10.247182846069336,-0.47644615173339844,-0.9409212470054626
1790341556721831400,15.75983154296875,9.988609313964844,-0.6009446382522583,2.7461493015289307
1790341556738277600,15.776277587890625,9.543288230895996,0.5195417404174805,-0.6057330369949341
1790341556754722000,15.79272216796875,9.210494041442871,0.22505496442317963,0.7230489253997803
1790341556771170600,15.809170654296874,9.619902610778809,-0.3423708379268646,1.2066776752471924
1790341556787691000,15.82569091796875,10.213664054870605,0.3064578175544739,0.06464344263076782
1790341556804179700,15.8421796875,9.761159896850586,-0.2059013396501541,0.9696516990661621
1790341556820649000,15.85864892578125,9.749189376831055,0.0454898327589035,0.9385270476341248
1790341556837143300,15.875143310546875,9.86889934539795,0.2059013396501541,0.08379705995321274
1790341556853612500,15.891612548828125,9.184157371520996,-0.6943184733390808,0.6320692300796509
1790341556870111000,15.908111083984375,11.204863548278809,0.272938996553421,0.6751648783683777
1790341556886599200,15.92459912109375,9.947908401489258,-0.031124621629714966,-0.21787235140800476
1790341556903065300,15.9410654296875,10.125079154968262,0.1604115068912506,0.10534487664699554
1790341556919590000,15.95758984375,10.019734382629395,0.5339069962501526,0.9385270476341248
1790341556936069600,15.974069580078124,9.402029991149902,0.24420857429504395,-0.14604631066322327
1790341556952523300,15.990523193359374,10.462661743164062,0.40940847992897034,0.5195417404174805
1790341556969011200,16.00701123046875,10.261548042297363,0.6799532771110535,0.07182604819536209
1790341556985539600,16.02353955078125,10.04846477508545,0.0933738648891449,0.17477671802043915
1790341557002036000,16.040035888671873,10.778696060180664,-0.17477671802043915,0.5961562395095825
1790341557018520000,16.05652001953125,11.02051067352295,-0.2968810200691223,1.2258312702178955
1790341557035003600,16.073003662109375,9.172186851501465,0.5386953949928284,-0.45250412821769714
1790341557051490800,16.08949072265625,9.557653427124023,0.0694318488240242,1.0007762908935547
1790341557067925000,16.105925048828126,9.375694274902344,0.22744916379451752,0.6320692300796509
1790341557084344000,16.122343994140625,9.3828763961792,-0.5267243981361389,-0.8307880163192749
1790341557100874200,16.138874267578124,10.002974510192871,0.35913026332855225,1.5083470344543457
1790341557117388300,16.15538818359375,9.926360130310059,-0.6847416758537292,0.8044517636299133
1790341557133877500,16.17187744140625,10.053253173828125,0.17956513166427612,0.3974374830722809
1790341557150379000,16.18837890625,9.059659004211426,-0.730231523513794,1.1827356815338135
1790341557166905000,16.204905029296874,9.885659217834473,0.33997663855552673,-0.26815059781074524
1790341557183383800,16.2213837890625,9.694122314453125,0.17238251864910126,-0.17477671802043915
1790341557199870700,16.23787060546875,10.335768699645996,-0.24660277366638184,0.5315127968788147
1790341557216358100,16.254358154296874,10.230423927307129,0.3758896589279175,-0.021547814831137657
1790341557232858600,16.270858642578126,9.605537414550781,0.12928688526153564,0.42616790533065796
1790341557249353000,16.28735302734375,10.292673110961914,0.36152446269989014,1.1516109704971313
1790341557265838800,16.3038388671875,8.305485725402832,-0.5315127968788147,0.3280056416988373
1790341557282323500,16.320323486328125,10.69489860534668,0.3256114423274994,0.6105214357376099
1790341557298809000,16.33680908203125,10.44350814819336,-0.5219359993934631,0.6871358752250671
1790341557315323400,16.353323486328126,11.101913452148438,0.8786720037460327,1.0893617868423462
1790341557331863000,16.369863037109376,8.93037223815918,0.3016694188117981,-0.6224924325942993
1790341557348339500,16.38633935546875,7.536946773529053,-1.1994950771331787,1.5538369417190552
1790341557364829000,16.402828857421873,10.335768699645996,0.8092401623725891,2.671929121017456
1790341557381291500,16.41929150390625,8.391676902770996,-0.9624691009521484,-0.7350199222564697
1790341557397793300,16.435793212890626,11.068394660949707,1.316810965538025,0.790086567401886
1790341557414278700,16.452278564453124,8.75080680847168,-0.4884171485900879,2.140416383743286
1790341557430729500,16.4687294921875,8.339004516601562,-1.0654197931289673,0.12689268589019775
1790341557447174700,16.485174560546874,9.361329078674316,0.912190854549408,0.9720458984375
1790341557463654700,16.501654541015625,9.289502143859863,-1.1180921792984009,0.6344634294509888
1790341557480156700,16.51815673828125,11.219228744506836,1.1492167711257935,-0.4644751250743866
1790341557496651300,16.5346513671875,10.625467300415039,0.5770025849342346,2.2433669567108154
1790341557513115100,16.551115234375,9.35893440246582,-1.1276689767837524,-0.0694318488240242
1790341557529634000,16.567634033203124,10.067618370056152,0.026336219161748886,-0.17717093229293823
1790341557546097700,16.58409765625,9.660603523254395,-1.8148049116134644,1.359906554222107
1790341557562602000,16.60060205078125,10.690110206604004,0.8020575642585754,-0.17477671802043915
1790341557579099100,16.61709912109375,7.8098859786987305,-0.5793967843055725,0.18914192914962769
1790341557595584300,16.633584228515623,9.217676162719727,0.2298433631658554,0.5363011956214905
1790341557612156200,16.65015625,10.17296314239502,-0.40940847992897034,-0.33758243918418884
1790341557628646000,16.66664599609375,10.520122528076172,0.7015010714530945,0.5889736413955688
1790341557645150700,16.683150634765624,9.006986618041992,-0.7805097699165344,0.2537853717803955
1790341557661626000,16.699626220703124,9.890447616577148,0.14604631066322327,-0.5363011956214905
1790341557678092800,16.7160927734375,9.224859237670898,-0.9313444495201111,0.5386953949928284
1790341557694583800,16.732583740234375,9.768342971801758,0.10295066982507706,2.0638017654418945
1790341557711072500,16.749072509765625,9.66299819946289,-1.0055646896362305,0.42856210470199585
1790341557727563000,16.76556298828125,11.109095573425293,0.3902548849582672,2.3080103397369385
1790341557744058400,16.782058349609375,8.480262756347656,-0.8451532125473022,-0.002394201699644327
1790341557760540400,16.79854052734375,9.974244117736816,0.7996633648872375,1.161187767982483
1790341557777061400,16.815061279296874,8.329427719116211,-1.2737152576446533,-0.08619125932455063
1790341557793548800,16.831548828125,10.491392135620117,0.05267243832349777,1.3766659498214722
1790341557810051300,16.84805126953125,9.35893440246582,-0.9552865028381348,-0.12689268589019775
1790341557826509600,16.864509521484376,10.96544361114502,0.4812345504760742,0.1173158809542656
1790341557842988500,16.880988525390624,10.812214851379395,-0.05746084079146385,1.0031704902648926
1790341557859532300,16.8975322265625,9.59835433959961,0.545877993106842,-1.192312479019165
1790341557876015900,16.914015869140623,10.747570991516113,0.7924807667732239,0.9169792532920837
1790341557892482300,16.930482421875,9.775525093078613,0.009576806798577309,0.26336219906806946
1790341557909004000,16.947004150390626,10.778696060180664,0.6727706789970398,0.31842881441116333
1790341557925479400,16.9634794921875,11.413159370422363,-0.1388636976480484,0.5147533416748047
1790341557941961000,16.9799609375,9.876082420349121,0.17717093229293823,0.629675030708313
1790341557958443300,16.996443359375,9.48343276977539,0.40940847992897034,0.40701428055763245
1790341557974895900,17.012895751953124,8.33182144165039,-0.6272808313369751,0.7110779285430908
1790341557991387400,17.029387451171875,9.318233489990234,0.0694318488240242,0.2106897532939911
1790341558007873800,17.045873779296876,10.029311180114746,0.023942016065120697,0.24660277366638184
1790341558024394800,17.062394775390626,9.648633003234863,-0.272938996553421,0.28730419278144836
1790341558040881700,17.078881591796875,10.65898609161377,0.15562310814857483,1.2449848651885986
1790341558057348000,17.09534814453125,9.272743225097656,-0.29209262132644653,0.9768342971801758
1790341558073839600,17.111839599609375,9.011775016784668,-0.17477671802043915,-0.40701428055763245
1790341558090257400,17.12825732421875,9.275136947631836,-0.2825157940387726,0.6344634294509888
1790341558106840800,17.1448408203125,9.931148529052734,-0.22026655077934265,0.2082955539226532
1790341558123326700,17.16132666015625,10.405200958251953,-0.35673606395721436,0.38067805767059326
1790341558139827500,17.177827392578124,10.08198356628418,-0.028730420395731926,0.9768342971801758
1790341558156354300,17.194354248046874,8.935160636901855,0.29209262132644653,0.8762778043746948
1790341558172835800,17.2108359375,9.01895809173584,-0.35673606395721436,0.47644615173339844
1790341558189312000,17.22731201171875,10.54406452178955,0.08379705995321274,1.1420341730117798
1790341558205797600,17.243797607421875,9.306262016296387,-0.047884032130241394,-0.5027823448181152
1790341558222262800,17.2602626953125,9.555258750915527,0.4668693244457245,0.3998316824436188
1790341558238719500,17.276719482421875,9.119514465332031,-0.40940847992897034,1.6376339197158813
1790341558255202800,17.293202880859376,9.512163162231445,0.3423708379268646,-0.2322375625371933
1790341558271723500,17.3097236328125,9.737217903137207,-0.4836287498474121,0.7757213711738586
1790341558288212700,17.326212646484375,9.57441234588623,-0.22744916379451752,0.5913678407669067
1790341558304712700,17.342712646484376,9.524134635925293,0.014365210197865963,0.1867477297782898
1790341558321167600,17.359167724609375,9.224859237670898,0.26336219906806946,0.9911994934082031
1790341558337683200,17.37568310546875,10.110713958740234,1.1516109704971313,0.8331822156906128
1790341558354193400,17.392193359375,8.999804496765137,-0.5961562395095825,0.507570743560791
1790341558370684200,17.40868408203125,9.794678688049316,0.706289529800415,0.05267243832349777
1790341558387186000,17.42518603515625,9.773131370544434,-0.6368576288223267,1.0462661981582642
1790341558403674600,17.441674560546875,9.830592155456543,0.9959878921508789,-0.33039984107017517
1790341558420153000,17.458153076171875,9.39245319366455,-0.35673606395721436,0.9744400978088379
1790341558436672500,17.474672607421876,11.226411819458008,0.14844051003456116,0.3280056416988373
1790341558453160700,17.49116064453125,10.81460952758789,-0.07900865375995636,1.1851298809051514
1790341558469661200,17.5076611328125,10.180145263671875,-0.7709329724311829,0.1628057211637497
1790341558486121700,17.524121826171875,10.256759643554688,-0.2106897532939911,0.9528923034667969
1790341558502605300,17.540605224609376,10.395624160766602,-0.2968810200691223,0.019153613597154617
1790341558519108000,17.557108154296873,9.533711433410645,1.036689281463623,0.24660277366638184
1790341558535594500,17.573594482421875,9.516951560974121,0.7876923680305481,0.395043283700943
1790341558552063500,17.5900634765625,10.11550235748291,-0.2513911724090576,-0.31364041566848755
1790341558568524800,17.60652490234375,11.528080940246582,0.9074024558067322,1.601720929145813
1790341558585004800,17.6230048828125,9.485827445983887,-0.040701430290937424,0.0694318488240242
1790341558601547300,17.63954736328125,9.440337181091309,0.4405331015586853,0.05027823522686958
1790341558618033700,17.65603369140625,9.126696586608887,-0.40462008118629456,0.7134721279144287
1790341558634535000,17.672534912109374,10.244789123535156,0.7326257228851318,-0.2585737705230713
1790341558651061500,17.6890615234375,9.696516990661621,-0.5578489899635315,0.2801215946674347
1790341558667529500,17.705529541015625,9.744400978088379,-0.40462008118629456,0.49799394607543945
1790341558683993900,17.721993896484374,9.761159896850586,0.24660277366638184,0.4884171485900879
1790341558700483800,17.73848388671875,9.050082206726074,-0.5195417404174805,0.6512228846549988
1790341558716952600,17.75495263671875,10.029311180114746,0.586579442024231,0.9624691009521484
1790341558733415400,17.77141552734375,8.341399192810059,-0.2849099934101105,-0.1364694982767105
1790341558749902000,17.787902099609376,9.792284965515137,-0.12449848651885986,0.36152446269989014
1790341558766357800,17.804357666015626,10.304644584655762,-0.28969839215278625,1.8387469053268433
1790341558782822000,17.82082177734375,9.981427192687988,-0.17238251864910126,-0.20111294090747833
1790341558799320600,17.837320556640623,9.528923034667969,-0.31603461503982544,0.7086837291717529
1790341558815813600,17.853813720703126,10.350133895874023,-0.05027823522686958,0.7781155705451965
1790341558832295400,17.87029541015625,10.278307914733887,0.6129156351089478,0.15801730751991272
1790341558848828000,17.886827880859375,8.968679428100586,-0.6823474764823914,0.8595184087753296
1790341558865316400,17.90331640625,10.347740173339844,0.7829039692878723,0.569819986820221
1790341558881823200,17.9198232421875,8.544905662536621,-0.7230489253997803,0.22744916379451752
1790341558898319600,17.936319580078123,9.493009567260742,0.3998316824436188,0.016759412363171577
1790341558914804200,17.95280419921875,8.094796180725098,-0.5363011956214905,0.6248866319656372
1790341558931295000,17.969294921875,10.8720703125,-0.1604115068912506,-0.6991068720817566
1790341558947773700,17.985773681640627,11.377246856689453,0.24899697303771973,1.0319008827209473
1790341558964274700,18.002274658203124,10.072406768798828,0.016759412363171577,0.9241618514060974
1790341558980734500,18.018734375,10.098742485046387,0.07182604819536209,-0.31124621629714966
1790341558997221600,18.0352216796875,9.454702377319336,0.40701428055763245,1.5083470344543457
1790341559013683700,18.05168359375,9.765948295593262,-0.3902548849582672,0.7206547260284424
1790341559030173400,18.06817333984375,9.387664794921875,-0.10773907601833344,-0.23942017555236816
1790341559046677200,18.08467724609375,9.765948295593262,0.1412578970193863,1.2521674633026123
1790341559063110000,18.10110986328125,9.342175483703613,-0.17477671802043915,0.7350199222564697
1790341559079592200,18.11759228515625,8.635885238647461,-0.4118026793003082,-0.8858546018600464
1790341559096081700,18.13408154296875,10.333374977111816,-0.2322375625371933,0.9409212470054626
1790341559112577000,18.150576904296877,9.888052940368652,-0.33039984107017517,0.5339069962501526
1790341559129085000,18.1670849609375,9.385271072387695,-0.18914192914962769,-1.1994950771331787
1790341559145561300,18.183561279296875,10.065223693847656,-0.07900865375995636,1.5131354331970215
1790341559162045000,18.200044921875,9.263166427612305,-0.31124621629714966,0.12449848651885986
1790341559178567400,18.2165673828125,9.53849983215332,-0.23702596127986908,-0.47405192255973816
1790341559195056400,18.233056396484375,9.552865028381348,-0.011971008032560349,0.545877993106842
1790341559211560200,18.249560302734373,10.278307914733887,-0.15562310814857483,0.6751648783683777
1790341559228057000,18.26605712890625,10.278307914733887,0.47405192255973816,0.021547814831137657
1790341559244547300,18.28254736328125,9.914389610290527,0.09576806426048279,0.4908113479614258
1790341559261073700,18.29907373046875,10.041281700134277,-0.6919242739677429,0.8475474119186401
1790341559277565200,18.315565185546873,10.481815338134766,0.8140285611152649,-0.8212111592292786
1790341559294073900,18.332073974609376,9.289502143859863,-1.3862427473068237,0.524330198764801
1790341559310574000,18.348573974609376,10.134655952453613,0.06224924325942993,0.6943184733390808
1790341559327037400,18.365037353515625,10.101137161254883,0.5051765441894531,0.047884032130241394
1790341559343557400,18.381557373046874,8.98543930053711,-1.1085153818130493,0.1173158809542656
1790341559360001300,18.398001220703126,10.445901870727539,-0.24420857429504395,0.272938996553421
1790341559376479200,18.414479248046874,1.5466543436050415,-1.886630892753601,-0.004788403399288654
1790341559392953900,18.430953857421876,9.01895809173584,0.31842881441116333,-0.22026655077934265
1790341559409398500,18.4473984375,11.791443824768066,-2.2146365642547607,0.8643068075180054
1790341559425844700,18.4638447265625,11.456254959106445,-2.0015525817871094,-0.33997663855552673
1790341559442288000,18.4802880859375,11.27190113067627,-1.8339585065841675,0.706289529800415
1790341559458732800,18.49673291015625,10.8720703125,-1.5514427423477173,0.7613561153411865
1790341559475177700,18.513177734375,10.141838073730469,-1.534683346748352,0.5530605912208557
1790341559491625700,18.529625732421874,10.065223693847656,-0.7781155705451965,0.8643068075180054
1790341559508102400,18.546102294921877,8.89445972442627,-0.7493851184844971,0.23702596127986908
1790341559524547000,18.562547119140625,7.682993412017822,-1.3239935636520386,1.2545616626739502
1790341559541043000,18.57904296875,10.139444351196289,-0.7589619159698486,-0.8571242094039917
1790341559557508600,18.595508544921874,10.24000072479248,-0.667982280254364,0.19153612852096558
1790341559573992700,18.61199267578125,10.438719749450684,-1.0558429956436157,0.912190854549408
1790341559590464800,18.62846484375,8.767566680908203,-0.4596867263317108,-0.07900865375995636
1790341559606912800,18.644912841796874,8.863334655761719,-1.194706678390503,0.828393816947937
1790341559623398100,18.661398193359375,10.070012092590332,-1.6855180263519287,-0.3016694188117981
1790341559639871700,18.677871826171874,10.278307914733887,-0.689530074596405,0.9672574996948242
1790341559656331800,18.694331787109373,10.541669845581055,-1.3335703611373901,0.10773907601833344
1790341559672823600,18.710823486328124,9.861717224121094,-1.0582371950149536,0.3902548849582672
1790341559689209300,18.727209228515626,9.35893440246582,-1.1851298809051514,0.11971008777618408
1790341559705684500,18.7436845703125,9.737217903137207,-1.094150185585022,0.7948749661445618
1790341559722129400,18.76012939453125,10.623072624206543,-0.3495534360408783,0.8930372595787048
1790341559738579200,18.7765791015625,9.153033256530762,-1.5203180313110352,0.047884032130241394
1790341559755052500,18.793052490234373,10.070012092590332,-0.48602294921875,0.9145850539207458
1790341559771521500,18.809521484375,10.010157585144043,-0.9911994934082031,0.3758896589279175
1790341559787992000,18.825991943359377,9.169792175292969,-0.7158663272857666,0.11252748221158981
1790341559804489000,18.842489013671877,9.289502143859863,-0.7972691655158997,0.6248866319656372
1790341559820971000,18.858970947265625,8.348581314086914,-1.659181833267212,0.019153613597154617
1790341559837485000,18.875485107421873,11.125855445861816,-0.6536170840263367,1.048660397529602
1790341559853973200,18.89197314453125,9.864110946655273,-1.2042834758758545,-0.6943184733390808
1790341559870475000,18.90847509765625,9.428366661071777,-0.6584054827690125,0.1604115068912506
1790341559886970000,18.92497021484375,9.07641887664795,-1.5083470344543457,0.706289529800415
1790341559903460000,18.941460205078126,10.022128105163574,-1.1300631761550903,-0.7374141216278076
1790341559919989000,18.957989013671874,9.895236015319824,-1.1444283723831177,0.5027823448181152
1790341559936487400,18.9744873046875,8.971074104309082,-0.6560112833976746,-0.12689268589019775
1790341559952959000,18.990958984375,9.284713745117188,-1.5275006294250488,0.3902548849582672
1790341559969456600,19.00745654296875,10.668562889099121,-1.4915876388549805,-0.4596867263317108
1790341559985909500,19.023909423828126,10.986991882324219,-1.1971008777618408,0.31364041566848755
1790341560002360300,19.0403603515625,9.852140426635742,-1.0079588890075684,0.33997663855552673
1790341560018774500,19.0567744140625,9.6989107131958,0.1149216815829277,0.6344634294509888
1790341560035280100,19.073280029296875,7.793126583099365,-0.751779317855835,-0.1412578970193863
1790341560051666700,19.089666748046874,9.976638793945312,0.16759411990642548,0.2082955539226532
1790341560068081700,19.10608154296875,9.349357604980469,-0.6967126727104187,0.5219359993934631
1790341560084591400,19.12259130859375,10.826580047607422,-1.678335428237915,0.5051765441894531
1790341560101039900,19.139039794921874,10.362105369567871,-0.45010992884635925,-0.6224924325942993
1790341560117517600,19.155517578125,9.765948295593262,-1.2497732639312744,0.021547814831137657
1790341560134045200,19.172045166015625,9.847352027893066,-0.5003881454467773,0.5123591423034668
1790341560150531300,19.18853125,9.62947940826416,-0.9864110946655273,-0.08379705995321274
1790341560167056000,19.205055908203125,10.699687004089355,-0.8092401623725891,0.8643068075180054
1790341560183545300,19.22154541015625,10.723628997802734,-0.4620809257030487,0.07182604819536209
1790341560200051500,19.238051513671873,9.57441234588623,-0.6727706789970398,-0.12449848651885986
1790341560216549400,19.25454931640625,9.603142738342285,-0.49320554733276367,-0.811634361743927
1790341560233041000,19.271041015625,9.406818389892578,-1.98958158493042,-0.002394201699644327
1790341560249565400,19.2875654296875,10.393229484558105,0.026336219161748886,0.3495534360408783
1790341560266056000,19.304055908203125,10.424354553222656,-0.8092401623725891,0.2298433631658554
1790341560282559200,19.320559326171875,10.204087257385254,-0.8020575642585754,-0.2968810200691223
1790341560299055400,19.337055419921874,9.282320022583008,-0.6823474764823914,-0.05506663769483566
1790341560315538400,19.353538330078123,9.904812812805176,-1.0007762908935547,0.40940847992897034
1790341560332087600,19.370087646484375,9.548076629638672,-0.6847416758537292,-0.7541735172271729
1790341560348574700,19.38657470703125,9.255983352661133,-1.113303780555725,0.5195417404174805
1790341560365011200,19.40301123046875,9.725247383117676,-0.6871358752250671,0.13407529890537262
1790341560381536500,19.41953662109375,9.612719535827637,-1.0678139925003052,0.016759412363171577
1790341560398019600,19.43601953125,9.023746490478516,-1.659181833267212,-0.17238251864910126
1790341560414540800,19.452540771484376,10.5344877243042,-0.524330198764801,0.19632454216480255
1790341560431028700,19.46902880859375,9.883264541625977,-0.9289502501487732,0.4405331015586853
1790341560447529700,19.48552978515625,9.976638793945312,-0.9840168952941895,-0.5482721924781799
1790341560464025900,19.50202587890625,10.074800491333008,-1.2066776752471924,0.6009446382522583
1790341560480514000,19.51851416015625,9.928754806518555,-0.8427590131759644,-0.6368576288223267
1790341560497037300,19.535037353515627,9.339780807495117,-1.8267759084701538,0.12449848651885986
1790341560513527800,19.55152783203125,9.38048267364502,-1.525106430053711,-0.35434186458587646
1790341560529998300,19.567998291015623,9.57441234588623,-1.3048399686813354,0.2944868206977844
1790341560546497500,19.58449755859375,9.603142738342285,-1.9033904075622559,0.15083470940589905
1790341560562955300,19.600955322265627,10.78348445892334,-1.2066776752471924,-0.5913678407669067
1790341560579506200,19.617506103515623,9.823410034179688,-0.9911994934082031,0.5937620401382446
1790341560595995400,19.633995361328125,9.892841339111328,-0.8212111592292786,-0.7015010714530945
1790341560612496100,19.65049609375,9.119514465332031,-1.2066776752471924,-0.40222588181495667
1790341560629039600,19.66703955078125,9.593565940856934,-1.05105459690094,0.31364041566848755
1790341560645520600,19.683520751953125,9.9000244140625,-0.7350199222564697,-0.6943184733390808
1790341560662042000,19.7000419921875,9.768342971801758,-1.1468225717544556,0.06703764945268631
1790341560678532000,19.716531982421873,9.794678688049316,-1.1180921792984009,-0.5817909836769104
1790341560694979800,19.732979736328126,10.067618370056152,-0.45010992884635925,-0.17956513166427612
1790341560711447800,19.74944775390625,9.746794700622559,-0.912190854549408,-0.10055647045373917
1790341560727942400,19.7659423828125,9.533711433410645,-1.580173134803772,-0.6368576288223267
1790341560744469200,19.78246923828125,9.713275909423828,-0.4692635238170624,0.12689268589019775
1790341560760958500,19.79895849609375,9.239224433898926,-1.4724340438842773,-0.26096799969673157
1790341560777460700,19.815460693359373,10.441113471984863,-0.6751648783683777,-0.3663128614425659
1790341560793957600,19.83195751953125,9.361329078674316,-1.3670891523361206,0.5841852426528931
1790341560810441200,19.848441162109374,9.981427192687988,-1.2114660739898682,-0.706289529800415
1790341560826988300,19.86498828125,10.08198356628418,-0.7948749661445618,0.24181437492370605
1790341560843475000,19.881474853515623,9.909601211547852,-0.8475474119186401,0.18914192914962769
1790341560859978000,19.89797802734375,10.20648193359375,-0.7398083209991455,-0.3256114423274994
1790341560876470800,19.914470703125,10.441113471984863,-0.40222588181495667,-0.507570743560791
1790341560892927000,19.930927001953126,9.524134635925293,-1.0821791887283325,0.7158663272857666
1790341560909412000,19.947412109375,10.139444351196289,-0.6416460275650024,-0.05506663769483566
1790341560925902300,19.96390234375,9.775525093078613,-1.2545616626739502,-0.2825157940387726
1790341560942405000,19.980405029296875,9.943120002746582,-0.9265560507774353,0.43335050344467163
1790341560958902000,19.996902099609375,9.895236015319824,-0.5793967843055725,-0.21547815203666687
1790341560975392000,20.01339208984375,9.691728591918945,-1.091755986213684,-0.5650315880775452
1790341560991916000,20.029916015625,10.04846477508545,-1.0773907899856567,0.5722141861915588
1790341561008405200,20.0464052734375,10.268731117248535,-0.7781155705451965,-0.1149216815829277
1790341561024876000,20.0628759765625,9.38048267364502,-0.933738648891449,-0.8020575642585754
1790341561041277400,20.07927734375,8.829815864562988,-1.2114660739898682,0.31124621629714966
1790341561057746400,20.095746337890624,8.851364135742188,-1.479616641998291,-0.8571242094039917
1790341561074261000,20.112260986328124,10.218452453613281,-0.5003881454467773,-0.5506663918495178
1790341561090750200,20.128750244140626,9.172186851501465,-0.8738836050033569,0.3256114423274994
1790341561106224400,20.144224365234376,10.970232009887695,-0.48602294921875,-0.33039984107017517
1790341561122618600,20.16061865234375,9.9000244140625,-0.8451532125473022,0.26336219906806946
1790341561139101400,20.177101318359377,9.524134635925293,-1.192312479019165,0.24899697303771973
1790341561155588600,20.193588623046875,9.93354320526123,-0.4429273009300232,-0.1364694982767105
1790341561172075500,20.210075439453124,9.368511199951172,-1.2832920551300049,0.0071826050989329815
1790341561188575000,20.226574951171877,10.002974510192871,-0.5506663918495178,-0.3423708379268646
1790341561205068000,20.243068115234376,9.119514465332031,-0.9672574996948242,0.05506663769483566
1790341561221555500,20.259555419921874,9.210494041442871,-1.5155296325683594,-0.5386953949928284
1790341561238045200,20.276045166015624,9.928754806518555,-1.194706678390503,0.6344634294509888
1790341561254529800,20.29252978515625,9.591172218322754,-1.1300631761550903,-0.33039984107017517
1790341561271032800,20.30903271484375,9.41400146484375,-1.4053963422775269,-0.20350714027881622
1790341561287530000,20.325530029296875,9.90241813659668,-0.7733271718025208,0.1364694982767105
1790341561304009000,20.342009033203126,9.976638793945312,-0.06464344263076782,-0.22505496442317963
1790341561320519200,20.358519287109374,9.265560150146484,-1.173158884048462,-0.45489832758903503
1790341561337003300,20.375003173828127,10.32858657836914,-0.20111294090747833,0.395043283700943
1790341561353501400,20.39150146484375,9.703699111938477,-0.8259995579719543,-0.545877993106842
1790341561369906200,20.40790625,9.926360130310059,-0.19393034279346466,-0.524330198764801
1790341561386382800,20.4243828125,9.603142738342285,0.2944868206977844,0.20350714027881622
1790341561402899500,20.4408994140625,9.746794700622559,-0.7852981686592102,-0.3519476354122162
1790341561419366000,20.457365966796875,10.644620895385742,0.2106897532939911,-0.2968810200691223
1790341561435863800,20.47386376953125,9.397241592407227,-0.7829039692878723,-0.0933738648891449
1790341561452356000,20.490356201171874,9.967061996459961,-0.49559974670410156,-0.1628057211637497
1790341561468842800,20.5068427734375,10.381258964538574,0.26815059781074524,-0.4692635238170624
1790341561485361700,20.523361572265625,9.62947940826416,-0.5123591423034668,-0.1867477297782898
1790341561501847000,20.539846923828126,10.170568466186523,-0.1843535304069519,-0.44532153010368347
1790341561518342700,20.5563427734375,9.418789863586426,-0.3926490843296051,-0.1173158809542656
1790341561534831600,20.57283154296875,9.677363395690918,-0.2849099934101105,-0.608127236366272
1790341561551314700,20.589314697265625,9.825803756713867,0.4572925269603729,0.2585737705230713
1790341561567825200,20.6058251953125,9.124302864074707,-0.5530605912208557,-0.6823474764823914
1790341561584309500,20.6223095703125,9.641449928283691,-0.35913026332855225,-0.5937620401382446
1790341561600809000,20.63880908203125,9.667786598205566,-0.6536170840263367,0.22266076505184174
1790341561617299700,20.6552998046875,11.058817863464355,0,-0.040701430290937424
1790341561633686800,20.671686767578127,10.031704902648926,-0.033518824726343155,0.06703764945268631
1790341561650139000,20.688138916015625,9.670180320739746,-0.3016694188117981,-0.1149216815829277
1790341561666624300,20.704624267578126,10.642226219177246,0.047884032130241394,-0.45250412821769714
1790341561683123000,20.721123046875,9.009381294250488,-0.6057330369949341,-0.9552865028381348
1790341561699616000,20.737615966796874,9.009381294250488,-0.44771572947502136,-0.6320692300796509
1790341561715074300,20.75307421875,9.514557838439941,0.5961562395095825,-0.8068459630012512
1790341561731559200,20.76955908203125,9.11233139038086,-0.6416460275650024,-0.5099649429321289
1790341561748043300,20.786043212890625,10.156203269958496,0.36152446269989014,-0.3016694188117981
1790341561764508400,20.80250830078125,9.248801231384277,-0.9265560507774353,-0.22505496442317963
1790341561780965000,20.818965087890625,10.558429718017578,0.2777273952960968,-0.44532153010368347
1790341561797441300,20.835441162109376,9.928754806518555,-0.28730419278144836,-0.16759411990642548
1790341561813985800,20.85198583984375,9.854534149169922,-0.37828385829925537,0.09576806426048279
1790341561830469400,20.868469482421876,10.165780067443848,0.6871358752250671,-1.1492167711257935
1790341561846930400,20.884930419921876,8.604761123657227,-0.7206547260284424,-0.6440402865409851
1790341561863451100,20.901451171875,9.86889934539795,0.9672574996948242,0.27054479718208313
1790341561879892200,20.917892333984376,9.75637149810791,0.047884032130241394,-0.3256114423274994
1790341561896337200,20.934337158203125,9.75637149810791,0.689530074596405,-1.4628572463989258
1790341561912780300,20.9507802734375,10.836156845092773,-0.7757213711738586,0.8786720037460327
1790341561929266400,20.967266357421874,10.711658477783203,0.8738836050033569,-1.764526605606079
1790341561945739300,20.9837392578125,10.884040832519531,-0.3064578175544739,2.1356279850006104
1790341561962199800,21.00019970703125,8.305485725402832,-0.16519992053508759,0.4668693244457245
1790341561978667300,21.016667236328125,10.44350814819336,2.655169725418091,-2.494758129119873
1790341561995106600,21.0331064453125,7.927201747894287,-0.8571242094039917,3.1435868740081787
1790341562011591000,21.0495908203125,12.550405502319336,2.5689783096313477,-0.033518824726343155
1790341562028030000,21.066030029296876,9.11233139038086,-1.8339585065841675,-0.689530074596405
1790341562044480800,21.082480712890625,7.347805023193359,-5.011064052581787,1.1540051698684692
1790341562060894500,21.09889453125,13.503297805786133,3.794809579849243,1.1875240802764893
1790341562077214200,21.115214111328125,7.216124057769775,-1.800439715385437,-2.3487119674682617
1790341562093701400,21.131701416015623,8.825027465820312,1.1492167711257935,-2.7126305103302
1790341562110174200,21.14817431640625,8.066065788269043,-0.9840168952941895,1.821987509727478
1790341562126614800,21.16461474609375,10.168174743652344,-0.29209262132644653,-2.5689783096313477
1790341562143056400,21.181056396484376,9.490615844726562,-0.21308395266532898,-0.004788403399288654
1790341562159519000,21.19751904296875,7.3693528175354,-0.4213795065879822,1.2090718746185303
1790341562175974700,21.213974609375,8.200140953063965,0.17477671802043915,2.1811177730560303
1790341562192415000,21.2304150390625,7.354987621307373,-1.778891921043396,-2.6431987285614014
1790341562208860200,21.246860107421874,11.753135681152344,1.9249382019042969,0.6512228846549988
1790341562225347000,21.26334716796875,10.036493301391602,-0.586579442024231,1.7357962131500244
1790341562241785900,21.279785888671874,9.423578262329102,0.2801215946674347,-1.5682021379470825
1790341562258231300,21.296231201171874,9.21288776397705,1.1252747774124146,0.19153612852096558
1790341562274673000,21.3126728515625,9.346963882446289,-0.05506663769483566,0.4668693244457245
1790341562291151000,21.329151123046874,7.898471355438232,-0.038307227194309235,-1.623268723487854
1790341562307604200,21.345604248046875,9.684545516967773,0.8858546018600464,-0.2585737705230713
1790341562324078000,21.362078125,10.007762908935547,1.2042834758758545,-1.3886369466781616
1790341562340550100,21.378550048828124,9.370905876159668,0.586579442024231,-1.8602946996688843
1790341562357026800,21.39502685546875,10.189722061157227,2.4660277366638184,0.35434186458587646
1790341562373476000,21.41147607421875,8.925583839416504,0.5985504388809204,-1.1252747774124146
1790341562389919000,21.4279189453125,14.932636260986328,4.273650169372559,-1.4508862495422363
1790341562406365000,21.444364990234376,10.105925559997559,1.9943699836730957,-0.038307227194309235
1790341562422855200,21.460855224609375,12.097901344299316,2.1332337856292725,-0.993593692779541
1790341562439299800,21.4772998046875,14.228740692138672,3.3518824577331543,1.7381904125213623
1790341562455746800,21.493746826171876,7.445967197418213,3.00711727142334,-1.7286136150360107
1790341562472190500,21.5101904296875,8.62391471862793,-0.7038952708244324,4.256890773773193
1790341562488633000,21.526633056640627,7.987056732177734,-0.5386953949928284,-1.7932571172714233
1790341562505086700,21.543086669921873,13.752294540405273,1.2737152576446533,-1.4748282432556152
1790341562521524700,21.559524658203124,9.253589630126953,-0.4812345504760742,0.5123591423034668
1790341562537966600,21.575966552734375,8.554482460021973,0.0694318488240242,-0.16998831927776337
1790341562554421800,21.592421875,8.501810073852539,0.40222588181495667,-0.8978256583213806
1790341562570861800,21.60886181640625,10.153809547424316,0.706289529800415,1.5969325304031372
1790341562587303200,21.62530322265625,7.484274387359619,0.12689268589019775,-0.8140285611152649
1790341562603773200,21.641773193359374,10.793061256408691,2.7964274883270264,0.5602431893348694
1790341562620230100,21.658230224609376,8.935160636901855,2.801215887069702,-0.9002198576927185
1790341562636676600,21.674676513671876,11.05642318725586,-0.7876923680305481,1.5849615335464478
1790341562653084400,21.69108447265625,13.376404762268066,3.098097085952759,-1.699883222579956
1790341562669554700,21.7075546875,7.879317760467529,-0.6560112833976746,-0.6177040338516235
1790341562685999600,21.72399951171875,10.196905136108398,1.53707754611969,0.3519476354122162
1790341562702462200,21.740462158203126,8.17141056060791,0.545877993106842,-2.2218191623687744
1790341562718929000,21.756928955078124,10.376470565795898,1.534683346748352,-0.2106897532939911
1790341562735407900,21.773407958984375,8.822632789611816,1.2737152576446533,-1.2545616626739502
1790341562751893500,21.7898935546875,10.979808807373047,1.5394717454910278,-0.5027823448181152
1790341562768334800,21.8063349609375,9.32541561126709,-0.1604115068912506,-0.08379705995321274
1790341562784774100,21.822774169921875,11.585541725158691,0.8571242094039917,-0.49559974670410156
1790341562801261000,21.839260986328124,8.846575736999512,0.5003881454467773,-0.6248866319656372
1790341562817699600,21.855699462890627,8.034940719604492,-0.5099649429321289,-0.7805097699165344
1790341562834166500,21.87216650390625,10.924742698669434,2.1284453868865967,-0.5578489899635315
1790341562850666800,21.888666748046877,7.931990146636963,-1.048660397529602,-0.4668693244457245
1790341562867120400,21.905120361328127,9.512163162231445,-0.42377370595932007,-0.8044517636299133
1790341562883563300,21.921563232421875,11.044452667236328,1.625662922859192,-0.304063618183136
1790341562900023000,21.93802294921875,7.769184589385986,-0.7134721279144287,0.3663128614425659
1790341562916464000,21.954464111328125,11.109095573425293,1.8698714971542358,-1.7764976024627686
1790341562932924700,21.970924560546877,9.35893440246582,0.35434186458587646,-0.43095630407333374
1790341562949388500,21.987388427734373,8.858546257019043,-0.043095629662275314,-0.7350199222564697
1790341562965854200,22.003854248046874,10.038887977600098,0.45010992884635925,-1.4460978507995605
1790341562982313500,22.0203134765625,8.315062522888184,0.3519476354122162,-0.5363011956214905
1790341562998787800,22.036787841796876,9.8784761428833,0.5051765441894531,-1.1994950771331787
1790341563015231500,22.0532314453125,9.84256362915039,0.36152446269989014,-1.7381904125213623
1790341563031675000,22.0696748046875,9.023746490478516,-0.2849099934101105,-0.7829039692878723
1790341563048130800,22.086130859375,9.77791976928711,0.5793967843055725,-1.036689281463623
1790341563064532000,22.102531982421876,9.490615844726562,-0.11971008777618408,-1.2210428714752197
1790341563080910800,22.118910888671873,11.432312965393066,1.3623007535934448,-0.9145850539207458
1790341563097380000,22.135380126953127,8.7484130859375,-0.9241618514060974,-0.8643068075180054
1790341563113858800,22.15185888671875,8.640673637390137,-0.6655880808830261,-0.9409212470054626
1790341563130305000,22.168304931640623,9.641449928283691,-0.6727706789970398,0.17956513166427612
1790341563146751700,22.184751708984376,9.131484985351562,-0.9074024558067322,-1.4963760375976562
1790341563163198700,22.20119873046875,10.093954086303711,0.8738836050033569,-0.7038952708244324
1790341563179646200,22.217646240234377,9.205705642700195,-0.5626373887062073,-0.45489832758903503
1790341563196096300,22.23409619140625,10.177751541137695,-0.48602294921875,-1.0654197931289673
1790341563212543000,22.25054296875,10.168174743652344,0.4836287498474121,-1.4197616577148438
1790341563228985000,22.266985107421874,9.830592155456543,-0.023942016065120697,-1.644816517829895
1790341563245426400,22.283426513671873,10.737994194030762,0.43335050344467163,-1.6065093278884888
1790341563261868800,22.299868896484377,9.84256362915039,0.17717093229293823,0.12928688526153564
1790341563278311400,22.3163115234375,10.876858711242676,0.6488286852836609,-2.10210919380188
1790341563294768000,22.33276806640625,10.11550235748291,0.07182604819536209,-1.625662922859192
1790341563311213300,22.34921337890625,9.897629737854004,0.6392518281936646,0.5410895943641663
1790341563327659300,22.3656591796875,8.87291145324707,-0.10295066982507706,0.13168109953403473
1790341563344131000,22.382131103515626,9.287108421325684,-0.1604115068912506,-2.3558945655822754
1790341563360573200,22.3985732421875,10.41956615447998,0.6177040338516235,-0.2825157940387726
1790341563377015600,22.415015625,9.897629737854004,0.24420857429504395,-0.28969839215278625
1790341563393459000,22.431458984375,9.074024200439453,0.2082955539226532,-1.7764976024627686
1790341563409901300,22.4479013671875,9.275136947631836,-0.31842881441116333,0.16519992053508759
1790341563426389800,22.4643896484375,9.68694019317627,-0.06464344263076782,-0.9145850539207458
1790341563442837800,22.480837646484375,10.160991668701172,0.24660277366638184,-1.5538369417190552
1790341563459281200,22.49728125,8.827422142028809,-0.44532153010368347,0.15801730751991272
1790341563475724500,22.513724609375,10.050858497619629,0.7182605266571045,-0.7469909191131592
1790341563492199700,22.53019970703125,8.611943244934082,-0.10295066982507706,-1.599326729774475
1790341563508642000,22.54664208984375,8.470685958862305,-0.6823474764823914,-0.5386953949928284
1790341563525084200,22.563084228515624,9.940725326538086,0.21787235140800476,-0.4141969084739685
1790341563541548500,22.579548583984376,9.658209800720215,0.8068459630012512,-2.0159177780151367
1790341563557992700,22.59599267578125,8.951920509338379,-0.6153098344802856,0.43095630407333374
1790341563574435600,22.612435546875,10.946290016174316,1.2425906658172607,-0.33758243918418884
1790341563590906000,22.628906005859374,9.775525093078613,-0.3280056416988373,-2.38462495803833
1790341563607346400,22.645346435546877,10.441113471984863,-0.5554547905921936,-0.5841852426528931
1790341563623787800,22.661787841796876,10.02691650390625,-0.40462008118629456,0.05027823522686958
1790341563640232000,22.67823193359375,8.398859977722168,-0.9768342971801758,-2.849100112915039
1790341563656728800,22.694728759765624,9.938331604003906,0.0933738648891449,-0.6871358752250671
1790341563673173000,22.711173095703124,9.121908187866211,-1.1037269830703735,0.4213795065879822
1790341563689636600,22.72763671875,10.378864288330078,0.45489832758903503,-2.7030537128448486
1790341563706080500,22.74408056640625,9.057265281677246,-0.6799532771110535,-0.849941611289978
1790341563722525000,22.76052490234375,9.624691009521484,-0.21308395266532898,0.4620809257030487
1790341563738967000,22.776967041015624,8.83939266204834,-0.6440402865409851,-1.460463047027588
1790341563755342000,22.793342041015624,9.62947940826416,-0.181959331035614,-0.2753331959247589
1790341563771782100,22.8097822265625,10.393229484558105,-0.2801215946674347,-0.016759412363171577
1790341563788246000,22.82624609375,9.904812812805176,-0.22505496442317963,-1.0079588890075684
1790341563804689400,22.842689453125,9.220070838928223,0.1843535304069519,-0.33758243918418884
1790341563821134000,22.859134033203127,8.78193187713623,-0.28969839215278625,0.4668693244457245
1790341563837608200,22.875608154296874,9.59596061706543,-0.26096799969673157,-1.0558429956436157
1790341563854051000,22.892051025390625,9.591172218322754,-0.002394201699644327,-0.4644751250743866
1790341563870492700,22.90849267578125,10.500968933105469,0.07661445438861847,-0.011971008032560349
1790341563886934000,22.92493408203125,9.469067573547363,-0.08619125932455063,-0.5386953949928284
1790341563903380200,22.941380126953124,9.979032516479492,-0.9002198576927185,-1.0055646896362305
1790341563919821600,22.957821533203123,11.707646369934082,1.0007762908935547,0.5889736413955688
1790341563936266500,22.9742666015625,8.995016098022461,-0.5291185975074768,-0.7038952708244324
1790341563952707600,22.99070751953125,8.62630844116211,0.569819986820221,-1.5945383310317993
1790341563969146000,23.00714599609375,9.090784072875977,-0.7110779285430908,1.5705963373184204
1790341563985619700,23.02361962890625,11.022904396057129,0.05267243832349777,-0.5650315880775452
1790341564002067200,23.040067138671876,9.627084732055664,-0.9576807022094727,-2.5067291259765625
1790341564018513000,23.056512939453125,9.835380554199219,0.2059013396501541,0.42377370595932007
1790341564034981600,23.072981689453126,8.233659744262695,-0.7733271718025208,-0.5291185975074768
1790341564051425300,23.08942529296875,9.93593692779541,-0.7158663272857666,-0.5602431893348694
1790341564067808300,23.105808349609376,10.630255699157715,-0.2777273952960968,0.5650315880775452
1790341564084283100,23.122283203125,9.904812812805176,-1.256955862045288,-0.912190854549408
1790341564100673300,23.13867333984375,9.806650161743164,0.6033388376235962,-1.5610195398330688
1790341564117118200,23.1551181640625,9.232041358947754,-1.0127472877502441,-0.2082955539226532
1790341564133559000,23.17155908203125,10.591948509216309,-1.3934253454208374,-0.05746084079146385
1790341564150094800,23.1880947265625,10.594342231750488,-0.40462008118629456,-0.6799532771110535
1790341564166537000,23.204536865234374,10.613495826721191,-0.912190854549408,0.3423708379268646
1790341564182981600,23.220981689453126,11.329362869262695,0.272938996553421,0.011971008032560349
1790341564199422000,23.237421875,8.401253700256348,-1.2042834758758545,-0.5530605912208557
1790341564215862000,23.253862060546876,8.992621421813965,-0.646434485912323,-1.0127472877502441
1790341564232304600,23.2703046875,9.552865028381348,-0.7829039692878723,0.5602431893348694
1790341564247718400,23.285718505859375,10.409989356994629,-0.49320554733276367,-0.5123591423034668
1790341564264160300,23.30216015625,11.832144737243652,0.06703764945268631,0.05506663769483566
1790341564280614400,23.318614501953125,10.481815338134766,0.29209262132644653,0.11971008777618408
1790341564297056500,23.335056396484376,9.971850395202637,0.6344634294509888,-0.6272808313369751
1790341564313499400,23.35149951171875,9.437943458557129,-0.19393034279346466,0.023942016065120697
1790341564329970700,23.367970703125,9.44991397857666,0.5027823448181152,-1.3766659498214722
1790341564346412500,23.38441259765625,9.155426979064941,-0.849941611289978,0.7469909191131592
1790341564362856000,23.40085595703125,10.230423927307129,0.0454898327589035,-1.4437036514282227
1790341564379299600,23.417299560546876,10.3549222946167,0.16519992053508759,0.5937620401382446
1790341564395743200,23.4337431640625,8.920795440673828,-0.7086837291717529,-0.2059013396501541
1790341564412184600,23.4501845703125,9.045293807983398,-0.0694318488240242,-1.1563993692398071
1790341564428632300,23.46663232421875,9.6989107131958,-0.9768342971801758,-0.33279404044151306
1790341564445006800,23.4830068359375,10.651803016662598,0.27054479718208313,-0.9600749015808105
1790341564461448400,23.499448486328124,9.423578262329102,-0.4836287498474121,-0.6871358752250671
1790341564477920000,23.515919921875,10.678139686584473,0.48602294921875,-0.4596867263317108
1790341564494362600,23.532362548828125,9.375694274902344,0.2777273952960968,-0.9816226959228516
1790341564510805500,23.548805419921877,9.526528358459473,0.4668693244457245,0.31842881441116333
1790341564527275800,23.56527587890625,8.513781547546387,-0.45489832758903503,-2.030282974243164
1790341564543717400,23.58171728515625,9.476250648498535,1.0869675874710083,-0.8619126081466675
1790341564560158700,23.59815869140625,8.56884765625,-0.4213795065879822,-1.0007762908935547
1790341564576627000,23.614626953125,9.792284965515137,0.38067805767059326,-1.6496049165725708
1790341564593069800,23.63106982421875,10.424354553222656,0.2753331959247589,-0.7254431247711182
1790341564609512400,23.647512451171874,8.40843677520752,-0.2561795711517334,-1.7118542194366455
1790341564625954300,23.663954345703125,11.712434768676758,0.3758896589279175,-2.207453966140747
1790341564642395400,23.6803955078125,12.11705493927002,-2.1715409755706787,-0.2944868206977844
1790341564658833000,23.6968330078125,12.521675109863281,0.6129156351089478,-1.280897855758667
1790341564675292400,23.71329248046875,9.706093788146973,-0.23702596127986908,-0.33279404044151306
1790341564691729400,23.7297294921875,7.91283655166626,1.7094600200653076,0.31842881441116333
1790341564708168400,23.74616845703125,7.038952827453613,0.033518824726343155,-1.4939818382263184
1790341564724606500,23.7626064453125,9.840168952941895,1.039083480834961,-1.1779472827911377
1790341564741045200,23.779045166015624,11.166556358337402,-1.8579005002975464,0.9768342971801758
1790341564757486000,23.795486083984375,11.240777015686035,-0.4357447028160095,0.06703764945268631
1790341564773947000,23.81194677734375,9.493009567260742,1.094150185585022,-1.1420341730117798
1790341564790384600,23.828384521484374,9.232041358947754,-0.31364041566848755,-1.161187767982483
1790341564806828300,23.844828369140625,10.702081680297852,0.5027823448181152,0.2801215946674347
1790341564823306200,23.86130615234375,9.433155059814453,-0.7829039692878723,-2.559401512145996
1790341564839755500,23.877755615234374,10.378864288330078,-1.0342950820922852,-2.7006595134735107
1790341564856202200,23.8942021484375,13.953407287597656,-0.19871874153614044,1.113303780555725
1790341564872644400,23.910644287109374,10.769119262695312,1.7621324062347412,-0.38546648621559143
1790341564889087700,23.927087646484374,6.327875137329102,-0.9074024558067322,-2.0422539710998535
1790341564905528000,23.943528076171877,11.556811332702637,0.40940847992897034,1.5514427423477173
1790341564921969200,23.95996923828125,11.338939666748047,-1.0055646896362305,-3.952826976776123
1790341564938410000,23.976409912109375,10.304644584655762,-0.10295066982507706,-2.410961151123047
1790341564954849800,23.992849853515626,7.0126166343688965,-2.2433669567108154,0.05027823522686958
1790341564971320000,24.009320068359376,9.198522567749023,0.8523358106613159,0.16519992053508759
1790341564987761200,24.02576123046875,8.588001251220703,-2.1116859912872314,-2.559401512145996
1790341565004202000,24.042201904296874,10.438719749450684,0.5626373887062073,-1.0845733880996704
1790341565020663800,24.058663818359374,9.279925346374512,-0.5578489899635315,-0.7829039692878723
1790341565037106000,24.07510595703125,9.32302188873291,0.49559974670410156,-0.6871358752250671
1790341565053546800,24.091546630859376,9.035717010498047,0.8403648138046265,-1.3335703611373901
1790341565069963800,24.1079638671875,10.496180534362793,-1.0678139925003052,0.30885201692581177
1790341565086403000,24.124403076171873,9.346963882446289,-1.5729905366897583,-2.049436569213867
1790341565102844200,24.14084423828125,8.7484130859375,0.5315127968788147,-1.8842366933822632
1790341565119225000,24.15722509765625,7.137115478515625,-2.63362193107605,2.229001760482788
1790341565135665000,24.173664794921876,12.69405746459961,2.8658595085144043,0.19393034279346466
1790341565152105500,24.19010546875,14.056358337402344,0.040701430290937424,-3.869029998779297
1790341565168551700,24.2065517578125,11.614272117614746,-1.0247182846069336,4.812345504760742
1790341565184993500,24.22299365234375,11.075576782226562,2.4612393379211426,-0.3423708379268646
1790341565201447400,24.239447509765625,11.999738693237305,1.8171991109848022,-4.551377296447754
1790341565217916700,24.255916748046875,9.433155059814453,-2.851494312286377,-0.4884171485900879
1790341565234357800,24.272357666015626,14.123395919799805,0.6129156351089478,-2.145204782485962
1790341565250800000,24.288800048828126,14.314931869506836,0.4668693244457245,-0.29209262132644653
1790341565267282000,24.305281982421874,12.461819648742676,0.47405192255973816,-1.9033904075622559
1790341565283724500,24.321724609375,12.67250919342041,1.3239935636520386,1.7142484188079834
1790341565300195000,24.338195068359376,7.173028469085693,-2.540247917175293,-3.157952070236206
1790341565316667400,24.35466748046875,11.403582572937012,1.8171991109848022,-1.8076223134994507
1790341565333107500,24.371107421875,10.414777755737305,-2.250549554824829,1.944091796875
1790341565349610500,24.387610595703126,9.919178009033203,0,-2.8203697204589844
1790341565366050800,24.40405078125,6.885724067687988,-2.1116859912872314,-0.26336219906806946
1790341565382516500,24.4205166015625,10.608707427978516,0.22266076505184174,1.1635819673538208
1790341565398954500,24.43695458984375,9.974244117736816,0.14844051003456116,-1.922544002532959
1790341565415398400,24.4533984375,9.402029991149902,-0.0454898327589035,-1.436521053314209
1790341565431869700,24.46986962890625,9.583989143371582,-0.5578489899635315,0.2346317619085312
1790341565448353300,24.486353271484376,10.158597946166992,1.2186486721038818,-1.0654197931289673
1790341565464847600,24.50284765625,8.724471092224121,0.27054479718208313,-2.4612393379211426
1790341565481290500,24.51929052734375,9.397241592407227,0.9768342971801758,0.12689268589019775
1790341565497734100,24.535734130859375,9.121908187866211,0.8427590131759644,-0.22266076505184174
1790341565514135000,24.552135009765625,9.41400146484375,0.9744400978088379,-1.1420341730117798
1790341565530574300,24.56857421875,8.992621421813965,1.0654197931289673,-0.9600749015808105
1790341565547042600,24.58504248046875,9.813833236694336,1.556231141090393,-0.3687070608139038
1790341565563509800,24.601509765625,8.923190116882324,-0.090979665517807,-1.5538369417190552
1790341565579949800,24.61794970703125,10.14902114868164,0.5291185975074768,-0.912190854549408
1790341565596414500,24.63441455078125,9.679757118225098,-0.15083470940589905,-0.6440402865409851
1790341565612858000,24.650858154296873,9.739612579345703,-0.10295066982507706,-1.766920804977417
1790341565629332200,24.667332275390624,9.548076629638672,0.3519476354122162,-0.6440402865409851
1790341565645777700,24.683777587890624,9.279925346374512,-0.4908113479614258,-0.7924807667732239
1790341565662167800,24.700167724609376,10.556035041809082,-0.6129156351089478,-1.015141487121582
1790341565678638000,24.71663818359375,10.163386344909668,-0.2106897532939911,-1.50355863571167
1790341565695077600,24.73307763671875,9.418789863586426,-0.5339069962501526,-0.667982280254364
1790341565711562200,24.749562255859374,9.521739959716797,-0.15322890877723694,-1.3072341680526733
1790341565728002800,24.7660029296875,9.198522567749023,-0.7541735172271729,-1.8602946996688843
1790341565744441900,24.78244189453125,10.050858497619629,-0.10773907601833344,-1.3838485479354858
1790341565760934700,24.7989345703125,9.706093788146973,-0.2513911724090576,-1.0654197931289673
1790341565777342500,24.815342529296874,9.29189682006836,0.19632454216480255,-1.2210428714752197
1790341565793772800,24.831772705078127,9.53849983215332,0.10534487664699554,-0.40222588181495667
1790341565810239200,24.8482392578125,9.651026725769043,0.1173158809542656,-1.0989385843276978
1790341565826679300,24.86467919921875,10.04846477508545,0.47884035110473633,-1.3862427473068237
1790341565843149300,24.8811494140625,9.196128845214844,-0.47644615173339844,-0.3998316824436188
1790341565859593700,24.89759375,9.586383819580078,-0.24899697303771973,-1.1180921792984009
1790341565876063500,24.9140634765625,10.218452453613281,0.47405192255973816,-0.49559974670410156
1790341565892510200,24.93051025390625,8.767566680908203,0.2298433631658554,-0.363918662071228
1790341565908959500,24.94695947265625,9.244012832641602,0.4429273009300232,-1.2856862545013428
1790341565925432000,24.96343212890625,10.486603736877441,0.7948749661445618,-0.6631938815116882
1790341565941877500,24.97987744140625,10.606313705444336,1.3120225667953491,-0.6943184733390808
1790341565958269200,24.996269287109374,8.846575736999512,0.9433154463768005,-0.7613561153411865
1790341565974713300,25.01271337890625,8.882488250732422,0.8044517636299133,-1.2066776752471924
1790341565991155200,25.0291552734375,9.835380554199219,0.3974374830722809,-1.1228805780410767
1790341566007555000,25.04555517578125,10.08198356628418,0.30885201692581177,-0.6009446382522583
1790341566023994600,25.06199462890625,10.189722061157227,0.4357447028160095,-1.2401964664459229
1790341566040464100,25.078464111328124,9.32541561126709,0.7398083209991455,-1.3623007535934448
1790341566056945000,25.09494482421875,9.174580574035645,-0.05027823522686958,-1.5634137392044067
1790341566072452900,25.110452880859373,9.667786598205566,0.8571242094039917,-1.900996208190918
1790341566088921900,25.126921875,10.376470565795898,-0.31364041566848755,-0.9768342971801758
1790341566105364700,25.14336474609375,9.837775230407715,0.5770025849342346,-0.8307880163192749
1790341566121834500,25.15983447265625,9.5624418258667,-0.2777273952960968,-1.3862427473068237
1790341566138253600,25.176253662109374,10.398017883300781,0.7182605266571045,-1.1516109704971313
1790341566155307300,25.193307373046874,9.995792388916016,0.17956513166427612,-1.6759412288665771
1790341566171093800,25.20909375,10.086771965026855,0.6033388376235962,-1.1300631761550903
1790341566187533600,25.225533447265626,10.438719749450684,-0.011971008032560349,-1.434126853942871
1790341566204020500,25.2420205078125,9.50498104095459,0.7589619159698486,-1.6879122257232666
1790341566220461600,25.258461669921875,9.277531623840332,0.0694318488240242,-1.113303780555725
1790341566236902400,25.27490234375,9.275136947631836,-0.10773907601833344,-0.7757213711738586
1790341566253399300,25.2913994140625,9.153033256530762,0.7230489253997803,-2.4133553504943848
1790341566269841700,25.307841552734374,9.119514465332031,-0.0694318488240242,-1.070208191871643
1790341566286316000,25.32431591796875,9.296685218811035,-0.031124621629714966,-2.2625205516815186
1790341566302785500,25.34078564453125,10.007762908935547,0.49320554733276367,-1.0271124839782715
1790341566319228200,25.357228271484374,8.38449478149414,-0.8068459630012512,-1.8148049116134644
1790341566335696600,25.373696533203123,11.101913452148438,1.0319008827209473,-1.01753568649292
1790341566352135400,25.390135498046874,9.50498104095459,0.023942016065120697,-1.3503297567367554
1790341566368601300,25.406601318359375,9.516951560974121,0.395043283700943,-1.7908629179000854
1790341566385039000,25.4230390625,9.947908401489258,0.6416460275650024,-1.4389152526855469
1790341566401481000,25.43948095703125,9.639056205749512,0.3447650372982025,-1.5682021379470825
1790341566417946400,25.4559462890625,9.883264541625977,1.161187767982483,-2.2361843585968018
1790341566434386400,25.472386474609376,9.437943458557129,0.8212111592292786,-1.3718775510787964
1790341566450875600,25.488875732421874,9.370905876159668,0.6799532771110535,-1.9560627937316895
1790341566467330000,25.505330078125,9.749189376831055,0.5267243981361389,-1.4652514457702637
1790341566483772700,25.521772705078124,9.734824180603027,0.29209262132644653,-1.2018892765045166
1790341566500176600,25.5381767578125,9.914389610290527,0.38067805767059326,-1.558625340461731
1790341566516612600,25.554612548828125,9.830592155456543,0.48602294921875,-1.9129672050476074
1790341566533075700,25.57107568359375,10.141838073730469,0.3471592366695404,-1.400607943534851
1790341566549540400,25.587540283203126,9.607931137084961,0.16519992053508759,-0.8475474119186401
1790341566565976300,25.603976318359376,9.816226959228516,-0.17238251864910126,-1.9369091987609863
1790341566582439200,25.620439208984376,11.018115997314453,0.5147533416748047,-1.0797849893569946
1790341566598878200,25.636878173828126,9.402029991149902,-0.23942017555236816,-1.2761094570159912
1790341566615345000,25.653344970703124,10.433931350708008,0.5051765441894531,-1.3910311460494995
1790341566631779800,25.66977978515625,9.093177795410156,-0.3256114423274994,-1.4724340438842773
1790341566648221700,25.6862216796875,11.118672370910645,0.44771572947502136,-0.8307880163192749
1790341566664684800,25.702684814453125,9.643844604492188,-0.05267243832349777,-1.6208745241165161
1790341566681122600,25.71912255859375,10.867281913757324,0.6392518281936646,-0.05746084079146385
1790341566697606100,25.735606201171876,8.889671325683594,-0.5961562395095825,-1.4772224426269531
1790341566714043400,25.75204345703125,9.967061996459961,0.9840168952941895,-0.9911994934082031
1790341566730480600,25.768480712890625,9.038111686706543,0.4357447028160095,-1.2066776752471924
1790341566746971100,25.78497119140625,10.077195167541504,0.4189853072166443,-1.0606313943862915
1790341566763410700,25.80141064453125,9.856928825378418,0.8834604024887085,-1.6639702320098877
1790341566779878700,25.817878662109376,9.861717224121094,-0.16998831927776337,-1.3910311460494995
1790341566796349000,25.834348876953126,10.216058731079102,0.49799394607543945,-1.6687586307525635
1790341566812726300,25.850726318359374,10.342951774597168,0.9265560507774353,-0.9624691009521484
1790341566829195300,25.8671953125,9.430760383605957,0.12449848651885986,-1.6639702320098877
1790341566845635000,25.883635009765626,10.433931350708008,0.9816226959228516,-1.094150185585022
1790341566862101800,25.900101806640624,9.119514465332031,-0.272938996553421,-1.8938134908676147
1790341566878541300,25.916541259765626,9.835380554199219,0.4213795065879822,-1.1563993692398071
1790341566894986800,25.93298681640625,10.251971244812012,0.6799532771110535,-1.8986018896102905
1790341566911454500,25.949454345703124,9.648633003234863,0.09816227108240128,-1.6711528301239014
1790341566927894000,25.96589404296875,10.45547866821289,0.31842881441116333,-1.1540051698684692
1790341566944391400,25.982391357421875,9.653421401977539,-0.0454898327589035,-1.721431016921997
1790341566960832300,25.998832275390626,10.273519515991211,0.5674257874488831,-1.5179238319396973
1790341566977270500,26.0152705078125,10.029311180114746,0.646434485912323,-1.5059528350830078
1790341566993673700,26.031673828125,9.86889934539795,0.05506663769483566,-1.6136919260025024
1790341567010116600,26.04811669921875,9.457097053527832,0.5554547905921936,-1.0438719987869263
1790341567026586400,26.06458642578125,10.201693534851074,0.05267243832349777,-1.3407529592514038
1790341567043054800,26.081054931640626,10.120290756225586,0.3495534360408783,-1.5705963373184204
1790341567059531000,26.097531005859373,9.469067573547363,-0.06464344263076782,-1.2952631711959839
1790341567075910000,26.113909912109374,9.96945571899414,0.2992752194404602,-0.9840168952941895
1790341567092248600,26.13024853515625,9.96945571899414,0.42616790533065796,-1.3742717504501343
1790341567108717000,26.146717041015624,10.220847129821777,0.6248866319656372,-1.4532804489135742
1790341567125202400,26.163202392578125,9.148244857788086,0.35673606395721436,-1.0103530883789062
1790341567141616000,26.1796162109375,9.409213066101074,-0.05267243832349777,-0.912190854549408
1790341567158048500,26.196048583984375,10.08437728881836,0.9768342971801758,-1.7573440074920654
1790341567174487600,26.212487548828125,9.169792175292969,0.4884171485900879,-0.8595184087753296
1790341567190972200,26.22897216796875,9.457097053527832,0.05985504388809204,-1.2665326595306396
1790341567207411200,26.2454111328125,10.213664054870605,0.629675030708313,-0.7829039692878723
1790341567223849700,26.261849609375,11.109095573425293,0.8451532125473022,-1.072602391242981
1790341567240339700,26.278339599609374,9.464279174804688,0.35673606395721436,-1.381454348564148
1790341567256778800,26.29477880859375,10.235212326049805,0.4836287498474121,-0.9911994934082031
1790341567273251800,26.311251953125,9.346963882446289,-0.07900865375995636,-1.0103530883789062
1790341567289726200,26.327726318359375,10.089165687561035,0.28969839215278625,-1.5514427423477173
1790341567306170000,26.344170166015626,9.799467086791992,0.1843535304069519,-1.4891934394836426
1790341567322638600,26.360638671875,9.84256362915039,0.11252748221158981,-1.2210428714752197
1790341567339079200,26.3770791015625,10.577583312988281,0.7541735172271729,-1.0821791887283325
1790341567355549200,26.393549072265625,9.524134635925293,0.026336219161748886,-1.623268723487854
1790341567371991300,26.4099912109375,10.295066833496094,0.033518824726343155,-0.8331822156906128
1790341567388440300,26.4264404296875,10.939107894897461,0.47405192255973816,-1.2713210582733154
1790341567404913400,26.442913330078124,9.437943458557129,0.31842881441116333,-1.7621324062347412
1790341567421357300,26.459357421875,9.306262016296387,-0.6009446382522583,-1.2258312702178955
1790341567437845200,26.47584521484375,10.20887565612793,0.524330198764801,-1.1061211824417114
1790341567454289200,26.4922890625,10.012551307678223,-0.22266076505184174,-1.2545616626739502
1790341567470733300,26.5087333984375,10.04846477508545,-0.011971008032560349,-2.0159177780151367
1790341567487118300,26.525118408203124,10.065223693847656,0.021547814831137657,-0.7541735172271729
1790341567503562200,26.541562255859375,10.273519515991211,-0.4165911078453064,-0.6177040338516235
1790341567520033500,26.558033447265625,9.378087997436523,1.1061211824417114,-1.9728221893310547
1790341567536506400,26.57450634765625,8.564059257507324,0.19871874153614044,-1.3718775510787964
1790341567552949800,26.59094970703125,8.724471092224121,0.12449848651885986,-1.7118542194366455
1790341567569421300,26.60742138671875,9.859322547912598,0.40940847992897034,-1.6400281190872192
1790341567585866500,26.623866455078126,9.619902610778809,0.3064578175544739,-0.6344634294509888
1790341567602336300,26.640336181640624,9.655815124511719,-0.07900865375995636,-1.6496049165725708
1790341567618777300,26.65677734375,9.375694274902344,0.2849099934101105,-1.2018892765045166
1790341567635223800,26.673223876953124,10.031704902648926,0.06703764945268631,-1.3263877630233765
1790341567651692500,26.689692626953125,9.5408935546875,0.3998316824436188,-1.4101848602294922
1790341567668172500,26.706172607421873,10.266336441040039,0.3734954595565796,-0.44532153010368347
1790341567684659500,26.722659423828127,9.334992408752441,0.24420857429504395,-1.359906554222107
1790341567701102600,26.7391025390625,9.708487510681152,0.20350714027881622,-0.9744400978088379
1790341567717545500,26.75554541015625,10.034099578857422,0.1628057211637497,-0.993593692779541
1790341567734040800,26.772040771484374,8.655038833618164,0.181959331035614,-2.2697031497955322
1790341567750484000,26.78848388671875,9.852140426635742,0.933738648891449,-1.2018892765045166
1790341567766953200,26.804953125,9.165003776550293,-0.3974374830722809,-1.3670891523361206
1790341567783425000,26.821425048828125,11.12346076965332,0.9313444495201111,-2.319981336593628
1790341567799869700,26.83786962890625,10.826580047607422,0.49799394607543945,-0.5626373887062073
1790341567816340000,26.854340087890623,10.050858497619629,0.5267243981361389,-2.164358377456665
1790341567832782300,26.8707822265625,11.085153579711914,1.1300631761550903,-0.31124621629714966
1790341567849255400,26.88725537109375,8.592789649963379,-0.706289529800415,-2.427720546722412
1790341567865702000,26.903701904296874,10.881647109985352,1.4915876388549805,-2.0638017654418945
1790341567882150000,26.92014990234375,9.083600997924805,-0.6727706789970398,-1.625662922859192
1790341567898626300,26.936626220703126,10.747570991516113,0.7829039692878723,-0.24660277366638184
1790341567915070200,26.9530703125,10.675745010375977,0.5267243981361389,-2.4396915435791016
1790341567931559700,26.9695595703125,10.465055465698242,0.3232172429561615,-1.0055646896362305
1790341567948003000,26.986003173828124,10.302249908447266,0.4620809257030487,-1.161187767982483
1790341567964446500,27.002446533203123,9.208099365234375,-0.24899697303771973,-0.7924807667732239
1790341567980854000,27.01885400390625,9.737217903137207,0.004788403399288654,-1.8626888990402222
1790341567997296600,27.035296630859374,10.36449909210205,0.33039984107017517,-1.6041151285171509
1790341568013769000,27.05176904296875,10.098742485046387,-0.5770025849342346,-1.9800047874450684
1790341568030242600,27.06824267578125,10.019734382629395,-0.05506663769483566,-1.501164436340332
1790341568046688800,27.084688720703124,9.605537414550781,0.1173158809542656,-1.843535304069519
1790341568063131400,27.10113134765625,9.129091262817383,-0.009576806798577309,-1.7908629179000854
1790341568079579600,27.11757958984375,8.343792915344238,0.0933738648891449,-1.8315643072128296
1790341568096059000,27.134058837890624,11.468226432800293,-0.2106897532939911,-2.8203697204589844
1790341568112543500,27.15054345703125,9.773131370544434,-0.047884032130241394,-2.2649147510528564
1790341568128994000,27.166994140625,10.919954299926758,-0.10534487664699554,-1.778891921043396
1790341568145468000,27.183468017578125,9.909601211547852,0.07422025501728058,-1.644816517829895
1790341568161892900,27.199892822265625,10.625467300415039,-0.05027823522686958,-0.7230489253997803
1790341568178348800,27.216348876953123,9.459490776062012,0.6224924325942993,-1.7501614093780518
1790341568194796000,27.232796142578124,9.004592895507812,-0.17956513166427612,-1.8842366933822632
1790341568211240200,27.249240234375,10.508151054382324,0.31124621629714966,-0.2825157940387726
1790341568227737600,27.265737548828124,9.332598686218262,-0.08379705995321274,-1.647210717201233
1790341568244181500,27.282181396484376,9.603142738342285,-0.043095629662275314,-1.3287819623947144
1790341568260653300,27.2986533203125,10.244789123535156,-0.4381389021873474,-1.7549498081207275
1790341568277130500,27.315130615234374,10.680533409118652,0.10055647045373917,-1.2976573705673218
1790341568293578000,27.331577880859374,10.515334129333496,-0.29209262132644653,-1.316810965538025
1790341568310052000,27.348052001953125,9.607931137084961,0.13407529890537262,-1.7357962131500244
1790341568326496000,27.36449609375,9.988609313964844,-0.07900865375995636,-0.6272808313369751
1790341568342968300,27.38096826171875,8.96149730682373,-0.9074024558067322,-1.0965443849563599
1790341568359411500,27.397411376953126,9.524134635925293,-0.016759412363171577,-1.3910311460494995
1790341568375860000,27.41385986328125,9.457097053527832,-0.21308395266532898,-1.6208745241165161
1790341568392330500,27.43033056640625,10.647014617919922,0.07422025501728058,-1.6041151285171509
1790341568408774000,27.44677392578125,9.938331604003906,-0.6751648783683777,-1.482010841369629
1790341568425163000,27.4631630859375,9.493009567260742,-0.07182604819536209,-0.9648633003234863
1790341568441604400,27.479604248046876,9.502586364746094,-0.31364041566848755,-2.2218191623687744
1790341568458044400,27.49604443359375,9.816226959228516,0.2322375625371933,-2.2002713680267334
1790341568474450700,27.51245068359375,9.952696800231934,-0.6631938815116882,-1.6041151285171509
1790341568490888000,27.528887939453124,10.201693534851074,0.3926490843296051,-2.497152328491211
1790341568507327500,27.545327392578123,10.261548042297363,0.3471592366695404,-1.5705963373184204
1790341568523799300,27.56179931640625,11.12346076965332,0.47405192255973816,-1.9536685943603516
1790341568540242700,27.57824267578125,10.299856185913086,-0.6057330369949341,-1.8483237028121948
1790341568556712400,27.59471240234375,10.457873344421387,-0.20111294090747833,-1.3551181554794312
1790341568573157000,27.6111572265625,10.678139686584473,-0.7876923680305481,-0.6703764796257019
1790341568589629200,27.627629150390625,9.622296333312988,0.1628057211637497,-1.5729905366897583
1790341568606074000,27.64407421875,9.425971984863281,-0.27054479718208313,-0.4668693244457245
1790341568622523000,27.66052294921875,9.605537414550781,-0.395043283700943,-2.0183119773864746
1790341568638991600,27.67699169921875,9.255983352661133,-0.3998316824436188,-1.2641384601593018
1790341568655429400,27.693429443359374,8.604761123657227,-0.12210428714752197,-1.9369091987609863
1790341568671916800,27.709916748046876,10.441113471984863,-0.16759411990642548,-1.4437036514282227
1790341568688359400,27.726359375,10.323798179626465,-0.6368576288223267,-0.569819986820221
1790341568704802600,27.742802490234375,10.486603736877441,-0.3711012601852417,-1.6974890232086182
1790341568721297200,27.759297119140626,9.806650161743164,-0.2801215946674347,-0.7637503147125244
1790341568737737500,27.775737548828126,8.176198959350586,-0.9840168952941895,-1.5610195398330688
1790341568754210600,27.79221044921875,10.625467300415039,0.0694318488240242,-0.6440402865409851
1790341568770683400,27.808683349609375,9.78989028930664,-0.9648633003234863,-1.7142484188079834
1790341568787125800,27.825125732421874,11.295844078063965,0.08619125932455063,-1.525106430053711
1790341568803598300,27.841598388671876,9.57441234588623,-1.0606313943862915,-0.44532153010368347
1790341568820041000,27.858041015625,7.824251174926758,-1.3239935636520386,-3.3662476539611816
1790341568836513800,27.874513671875,11.001357078552246,0.9792284965515137,-0.5051765441894531
1790341568852953600,27.89095361328125,8.360552787780762,-1.8818424940109253,-1.3766659498214722
1790341568869399300,27.9073994140625,11.547234535217285,0.6153098344802856,-1.9033904075622559
1790341568885869300,27.923869384765624,8.614337921142578,-1.6089035272598267,-1.50355863571167
1790341568902313000,27.94031298828125,8.068459510803223,0.22744916379451752,-1.335964560508728
1790341568918804700,27.9568046875,10.091560363769531,-0.3016694188117981,-1.659181833267212
1790341568935250400,27.97325048828125,10.273519515991211,-0.9864110946655273,-0.811634361743927
1790341568951692000,27.989692138671874,12.050017356872559,0.5650315880775452,-0.6512228846549988
1790341568968076000,28.006075927734376,8.485051155090332,-0.27054479718208313,-2.5115175247192383
1790341568984515800,28.022515869140626,7.141903877258301,-0.6655880808830261,-0.545877993106842
1790341569000982000,28.03898193359375,11.190498352050781,0.43095630407333374,-1.335964560508728
1790341569017451500,28.055451416015625,8.789113998413086,-0.2825157940387726,-0.7493851184844971
1790341569033892600,28.071892578125,8.722076416015625,-1.922544002532959,-1.7764976024627686
1790341569050362600,28.088362548828126,9.967061996459961,1.9081788063049316,-0.395043283700943
1790341569066758700,28.104758544921875,7.965508937835693,-1.2018892765045166,-1.1994950771331787
1790341569083229200,28.121229248046873,11.329362869262695,1.5729905366897583,-2.2242133617401123
1790341569099670500,28.13767041015625,9.217676162719727,-0.42616790533065796,-0.5386953949928284
1790341569116169000,28.1541689453125,8.904036521911621,-0.31364041566848755,-2.6455929279327393
1790341569132638000,28.170637939453126,10.57040023803711,0.3495534360408783,-1.139639973640442
1790341569149080600,28.18708056640625,7.580042362213135,-1.3886369466781616,-1.8579005002975464
1790341569165571300,28.2035712890625,11.125855445861816,0.8882488012313843,-1.2737152576446533
1790341569182012700,28.2200126953125,8.640673637390137,-1.0199298858642578,-0.3902548849582672
1790341569198451000,28.236450927734374,7.663839817047119,-0.9792284965515137,-2.3104045391082764
1790341569214930700,28.2529306640625,11.128249168395996,0.1843535304069519,-0.569819986820221
1790341569231370500,28.26937060546875,11.264719009399414,0.363918662071228,-1.522712230682373
1790341569247838700,28.285838623046875,8.803479194641113,-0.002394201699644327,-1.015141487121582
1790341569264307200,28.30230712890625,9.816226959228516,1.5753847360610962,-0.727837324142456
1790341569280745700,28.318745849609375,7.589619159698486,-0.4884171485900879,-0.17956513166427612
1790341569297186000,28.33518603515625,11.4849853515625,1.8339585065841675,-2.7006595134735107
1790341569313629200,28.351629150390625,9.77791976928711,0.2082955539226532,-0.7709329724311829
1790341569330101000,28.36810107421875,10.828974723815918,-0.26575639843940735,-2.734178304672241
1790341569346545700,28.384545654296875,11.200075149536133,1.1348515748977661,-0.6799532771110535
1790341569362992600,28.40099267578125,8.729259490966797,-1.4173674583435059,-1.1540051698684692
1790341569379461400,28.41746142578125,10.60391902923584,0.7230489253997803,-2.298433542251587
1790341569395905500,28.433905517578125,11.35809326171875,-0.3064578175544739,0.5770025849342346
1790341569412394500,28.45039453125,9.701305389404297,-0.31124621629714966,-3.1962592601776123
1790341569428839700,28.466839599609376,10.632649421691895,-0.08140286058187485,-2.4875755310058594
1790341569445284000,28.4832841796875,8.60236644744873,-1.0223240852355957,-0.40940847992897034
1790341569461684000,28.49968408203125,11.966219902038574,1.2114660739898682,-2.032677173614502
1790341569478125800,28.516125732421877,9.63187313079834,-0.30885201692581177,-1.9943699836730957
1790341569494596900,28.532596923828127,10.45547866821289,-0.12210428714752197,-0.035913024097681046
1790341569511069000,28.54906884765625,8.635885238647461,-0.7613561153411865,-1.1971008777618408
1790341569527511300,28.56551123046875,10.165780067443848,0.38307225704193115,-0.4620809257030487
1790341569543980800,28.581980712890626,9.375694274902344,-0.23702596127986908,-1.9943699836730957
1790341569560422000,28.598421875,10.457873344421387,1.7142484188079834,-0.7182605266571045
1790341569576892400,28.614892333984375,8.02536392211914,-1.8052281141281128,-2.070984363555908
1790341569593335800,28.631335693359375,11.815385818481445,0.5722141861915588,-1.3479355573654175
1790341569609784000,28.6477841796875,10.235212326049805,-0.3064578175544739,0.22266076505184174
1790341569626257200,28.664257080078126,9.229647636413574,0.7948749661445618,-2.056619167327881
1790341569642701300,28.680701416015626,8.556877136230469,0.8307880163192749,-1.115697979927063
1790341569659187200,28.697187255859376,9.495404243469238,-0.031124621629714966,-2.7437551021575928
1790341569675631400,28.71363134765625,11.334151268005371,-0.8834604024887085,-0.2082955539226532
1790341569692118500,28.730118408203126,9.10993766784668,-1.4772224426269531,-2.0877439975738525
1790341569708605400,28.74660546875,12.109871864318848,0.272938996553421,-0.9481038451194763
1790341569725053200,28.76305322265625,10.036493301391602,-1.3192051649093628,-0.9672574996948242
1790341569741528600,28.779528564453123,10.038887977600098,0.44532153010368347,-0.5003881454467773
1790341569758008300,28.79600830078125,9.485827445983887,-0.31842881441116333,-2.5019407272338867
1790341569774457000,28.81245703125,10.881647109985352,0.6177040338516235,-0.6033388376235962
1790341569790932000,28.828931884765623,7.663839817047119,-1.2018892765045166,-1.4700398445129395
1790341569807377400,28.84537744140625,9.825803756713867,0.44771572947502136,-1.1228805780410767
1790341569823850000,28.86185009765625,9.29189682006836,-0.3423708379268646,-1.9129672050476074
1790341569840292600,28.878292724609373,9.227252960205078,-0.1149216815829277,-1.802833914756775
1790341569856683800,28.894683837890625,9.995792388916016,-0.5315127968788147,-1.6687586307525635
1790341569873154600,28.911154541015627,11.0300874710083,0.9074024558067322,-1.900996208190918
1790341569889596000,28.927595947265626,10.18493366241455,-0.304063618183136,-0.9457096457481384
1790341569906083000,28.9440830078125,9.160215377807617,-0.2082955539226532,-1.0797849893569946
1790341569922520600,28.9605205078125,9.603142738342285,1.1851298809051514,-1.6041151285171509
1790341569938959600,28.976959716796873,9.14345645904541,0.1173158809542656,-0.6057330369949341
1790341569955364600,28.993364501953124,8.652645111083984,-0.2346317619085312,-1.3287819623947144
1790341569971807500,29.009807373046876,9.150638580322266,-0.33518823981285095,-1.778891921043396
1790341569988276500,29.0262763671875,10.831368446350098,-0.13168109953403473,-0.3471592366695404
1790341570004749300,29.042749267578124,8.17380428314209,-0.7661445140838623,-1.479616641998291
1790341570021193000,29.05919287109375,9.555258750915527,-1.0007762908935547,-0.4692635238170624
1790341570037663700,29.075663818359374,10.187328338623047,-0.45010992884635925,-1.8746598958969116
1790341570054107400,29.092107421875,10.06043529510498,-0.12928688526153564,-1.7860745191574097
1790341570070626000,29.1086259765625,9.205705642700195,-0.586579442024231,-0.608127236366272
1790341570087071200,29.1250712890625,8.056488990783691,-1.290474772453308,-1.7357962131500244
1790341570103462700,29.141462646484374,11.063606262207031,1.3120225667953491,-1.3263877630233765
1790341570119930000,29.15793017578125,8.710105895996094,-2.3056161403656006,-1.577778935432434
1790341570136373500,29.17437353515625,10.572794914245605,0.35434186458587646,-2.2697031497955322
1790341570152861700,29.19086181640625,9.196128845214844,-0.4908113479614258,0.38546648621559143
1790341570169303800,29.2073037109375,9.344569206237793,0.43335050344467163,-2.585737943649292
1790341570185744400,29.223744384765624,10.170568466186523,0.9816226959228516,-0.7661445140838623
1790341570202117000,29.2401171875,9.050082206726074,-1.1563993692398071,-1.455674648284912
1790341570218559500,29.2565595703125,11.018115997314453,0.20350714027881622,-2.851494312286377
1790341570235027700,29.27302783203125,10.160991668701172,-1.3335703611373901,-0.9552865028381348
1790341570251498800,29.289498779296874,10.548852920532227,-0.395043283700943,-0.2968810200691223
1790341570267941000,29.305941162109374,12.370840072631836,0.7374141216278076,-2.0853497982025146
1790341570284411400,29.322411376953124,7.908048152923584,-1.6041151285171509,-1.237802267074585
1790341570300851000,29.338850830078126,10.295066833496094,-0.28730419278144836,-1.6663644313812256
1790341570317316400,29.35531640625,9.330204010009766,-0.20111294090747833,-1.1659762859344482
1790341570333755100,29.371755126953126,8.655038833618164,-1.0055646896362305,-0.8547300100326538
1790341570350199800,29.38819970703125,9.945513725280762,0.3471592366695404,-0.9241618514060974
1790341570366667800,29.404667724609375,8.939949035644531,-1.05105459690094,-0.23702596127986908
1790341570383109400,29.421109375,10.27591323852539,-0.4357447028160095,-1.6663644313812256
1790341570399594800,29.4375947265625,10.520122528076172,0.3495534360408783,-0.8738836050033569
1790341570416035000,29.45403515625,8.815450668334961,-0.8595184087753296,-0.2322375625371933
1790341570432478000,29.47047802734375,8.655038833618164,-0.790086567401886,-1.7693150043487549
1790341570448872000,29.486871826171875,10.072406768798828,-0.0933738648891449,-1.678335428237915
1790341570465316600,29.503316650390627,8.271966934204102,-0.768538773059845,-2.2625205516815186
1790341570481789000,29.519788818359373,11.999738693237305,0.08858546614646912,-1.482010841369629
1790341570498263300,29.53626318359375,10.773907661437988,-1.139639973640442,0.9959878921508789
1790341570514711300,29.552711181640625,9.940725326538086,-0.5291185975074768,-2.1164743900299072
1790341570531162600,29.56916259765625,9.495404243469238,-0.3471592366695404,-1.479616641998291
1790341570547576000,29.585576171875,9.835380554199219,-0.7110779285430908,-1.237802267074585
1790341570564053800,29.6020537109375,10.594342231750488,1.0103530883789062,-2.403778553009033
1790341570580500200,29.618500244140623,9.6989107131958,0.10055647045373917,-1.4317326545715332
1790341570596948000,29.634947998046876,10.424354553222656,0.043095629662275314,-0.2513911724090576
1790341570613419800,29.651419677734374,9.923966407775879,0.16519992053508759,-0.31364041566848755
1790341570629862000,29.66786181640625,10.345345497131348,-0.6153098344802856,-2.894589900970459
1790341570646351400,29.684351318359376,10.955866813659668,0.040701430290937424,1.987187385559082
1790341570662794500,29.70079443359375,9.926360130310059,0.5817909836769104,-2.6862943172454834
1790341570679236900,29.71723681640625,10.632649421691895,-1.359906554222107,-3.0597896575927734
1790341570695720200,29.73372021484375,9.2033109664917,-1.7956513166427612,2.054224967956543
1790341570712163000,29.7501630859375,10.445901870727539,-0.38067805767059326,-5.3342814445495605
1790341570728632000,29.766632080078125,9.071630477905273,-2.1787235736846924,-2.3104045391082764
1790341570745104400,29.7831044921875,9.995792388916016,1.9273324012756348,0.5027823448181152
1790341570761549800,29.7995498046875,11.75792407989502,1.7549498081207275,-1.800439715385437
1790341570778024400,29.8160244140625,10.199298858642578,-1.381454348564148,-3.737348794937134
1790341570794468600,29.832468505859374,14.879963874816895,1.8124107122421265,1.9632453918457031
1790341570810946000,29.848946044921874,7.017405033111572,-0.706289529800415,-1.3910311460494995
1790341570827388200,29.86538818359375,8.480262756347656,0.16998831927776337,-4.003105163574219
1790341570843836700,29.881836669921874,11.23598861694336,-0.19393034279346466,-0.06703764945268631
1790341570860310000,29.89831005859375,9.971850395202637,0.3256114423274994,0.08858546614646912
1790341570876754200,29.914754150390625,8.865729331970215,-0.3663128614425659,-2.7916390895843506
1790341570893149200,29.931149169921873,9.394847869873047,0.011971008032560349,-0.43095630407333374
1790341570909595000,29.947594970703125,9.373299598693848,0.9816226959228516,-0.5985504388809204
1790341570926038300,29.964038330078125,8.822632789611816,0.45250412821769714,-1.9345149993896484
1790341570942438000,29.98043798828125,9.167398452758789,0.3423708379268646,-1.0582371950149536
1790341570958881500,29.996881591796875,8.382100105285645,1.072602391242981,-1.335964560508728
1790341570975352800,30.013352783203125,8.925583839416504,0.33758243918418884,-0.42856210470199585
1790341570991827500,30.029827392578124,13.24472427368164,-0.689530074596405,-3.5266590118408203
1790341571008275000,30.04627490234375,15.325284957885742,1.0654197931289673,0.004788403399288654
1790341571024749600,30.06274951171875,9.114726066589355,-0.1173158809542656,-1.381454348564148
1790341571041197000,30.079197021484376,7.690176010131836,1.1755530834197998,-0.9145850539207458
1790341571057522700,30.095522705078125,5.796362400054932,-2.736572504043579,-1.3072341680526733
1790341571073943600,30.111943603515623,7.242460250854492,-1.434126853942871,-1.5849615335464478
1790341571090393300,30.128393310546876,11.63103199005127,-0.11252748221158981,0.2513911724090576
1790341571106847200,30.14484716796875,7.496245384216309,-0.07661445438861847,-1.1061211824417114
1790341571123296000,30.1612958984375,6.0405707359313965,-3.3925838470458984,0.5770025849342346
1790341571139788300,30.177788330078126,13.235146522521973,2.3104045391082764,-1.048660397529602
1790341571156232200,30.194232177734374,8.26239013671875,-2.0853497982025146,1.4652514457702637
1790341571172675800,30.21067578125,10.216058731079102,0.7852981686592102,-0.5171475410461426
1790341571189164800,30.227164794921876,6.315904140472412,-2.1954829692840576,-0.6440402865409851
1790341571205536000,30.243535888671875,12.246341705322266,2.7126305103302,-3.2776620388031006
1790341571222006500,30.260006591796873,6.078877925872803,-3.648763418197632,-1.659181833267212
1790341571238480100,30.276480224609376,12.864046096801758,1.1420341730117798,-0.2106897532939911
1790341571254922500,30.292922607421875,10.83855152130127,-0.6943184733390808,-0.912190854549408
1790341571271398400,30.3093984375,9.05247688293457,0.3711012601852417,-1.115697979927063
1790341571287843800,30.32584375,10.589553833007812,0.3974374830722809,-2.4660277366638184
1790341571304317700,30.342317626953125,8.69334602355957,-0.8978256583213806,-0.8355764150619507
1790341571320762600,30.3587626953125,10.187328338623047,-0.2561795711517334,-1.1085153818130493
1790341571337211600,30.375211669921875,9.057265281677246,0.40222588181495667,-1.5634137392044067
1790341571353686000,30.39168603515625,9.41639518737793,-0.15801730751991272,-1.721431016921997
1790341571370133800,30.4081337890625,10.122684478759766,0.5482721924781799,-2.300827741622925
1790341571386631000,30.424630859375,10.493785858154297,0.2298433631658554,-0.8930372595787048
1790341571403080000,30.441079833984375,9.926360130310059,0.5602431893348694,-1.3718775510787964
1790341571419521800,30.457521728515626,10.520122528076172,0.569819986820221,-1.3287819623947144
1790341571435900000,30.47389990234375,8.432378768920898,-0.6775590777397156,-0.9385270476341248
1790341571452342000,30.490342041015627,8.81784439086914,-0.11971008777618408,-1.8267759084701538
1790341571468817200,30.506817138671874,10.591948509216309,0.6033388376235962,0.15083470940589905
1790341571485286100,30.5232861328125,8.372523307800293,-1.9105730056762695,-1.8411411046981812
1790341571501728500,30.539728515625,12.552799224853516,1.9823989868164062,-2.1380221843719482
1790341571518201300,30.556201416015625,8.04691219329834,-1.7357962131500244,-2.051830768585205
1790341571534643700,30.572643798828125,9.41400146484375,-0.4118026793003082,-1.6400281190872192
1790341571551130600,30.589130615234374,9.342175483703613,-0.8307880163192749,-1.4413094520568848
1790341571567571700,30.60557177734375,9.9000244140625,-1.8195933103561401,-0.9768342971801758
1790341571584015000,30.62201513671875,11.453861236572266,1.048660397529602,-0.9026140570640564
1790341571600482000,30.63848193359375,7.275979042053223,-1.5322890281677246,-1.403002142906189
1790341571616924200,30.654924072265626,8.406042098999023,-0.17477671802043915,-2.4803929328918457
1790341571633414000,30.671413818359376,11.195286750793457,-0.5195417404174805,-0.07422025501728058
1790341571649853400,30.687853515625,11.116278648376465,-0.6871358752250671,-0.6847416758537292
1790341571666295600,30.704295654296875,8.999804496765137,-0.35673606395721436,-2.6192567348480225
1790341571682782500,30.720782470703124,10.120290756225586,-0.45010992884635925,-0.26096799969673157
1790341571699219200,30.73721923828125,10.563218116760254,-0.7733271718025208,0.6440402865409851
1790341571715686100,30.75368603515625,9.284713745117188,0.47405192255973816,-2.2912509441375732
1790341571732153900,30.77015380859375,9.090784072875977,-0.33518823981285095,-1.3263877630233765
1790341571748593000,30.786593017578124,7.433996200561523,-1.6280571222305298,-0.6631938815116882
1790341571765041200,30.803041259765624,11.142614364624023,0.5961562395095825,0.3711012601852417
1790341571781481000,30.81948095703125,10.055646896362305,-0.6057330369949341,-2.5091233253479004
1790341571797954000,30.8359541015625,9.919178009033203,-0.3495534360408783,-0.9864110946655273
1790341571814396400,30.852396484375,10.065223693847656,0.26096799969673157,-1.778891921043396
1790341571830846500,30.868846435546875,10.091560363769531,-0.9672574996948242,-2.190694570541382
1790341571847321300,30.8853212890625,9.639056205749512,-0.7015010714530945,-0.17238251864910126
1790341571863766000,30.90176611328125,11.164162635803223,-0.2992752194404602,-1.3958195447921753
1790341571880220400,30.918220458984376,8.860940933227539,0.21547815203666687,-1.2090718746185303
1790341571896632800,30.9346328125,7.544129371643066,-0.1173158809542656,-1.800439715385437
1790341571913078800,30.951078857421876,8.664615631103516,-0.3902548849582672,-0.15322890877723694
1790341571929487600,30.967487548828124,10.18493366241455,0.5506663918495178,-1.5945383310317993
1790341571945930000,30.983929931640624,7.343016624450684,-1.4915876388549805,-0.9840168952941895
1790341571962401300,31.0004013671875,11.688492774963379,0.9457096457481384,-0.35434186458587646
1790341571978872000,31.0168720703125,8.844181060791016,-1.601720929145813,-1.235408067703247
1790341571995315500,31.0333154296875,9.90241813659668,0.15801730751991272,-1.9967641830444336
1790341572011780000,31.049780029296876,9.26795482635498,-1.5418659448623657,-1.0223240852355957
1790341572028223500,31.066223388671876,9.062053680419922,-1.3192051649093628,-2.099714994430542
1790341572044695600,31.082695556640626,10.886435508728027,0.8667010068893433,-0.6057330369949341
1790341572061075700,31.09907568359375,10.376470565795898,-1.5945383310317993,0.2082955539226532
1790341572077522000,31.11552197265625,10.256759643554688,0.9265560507774353,-1.1516109704971313
1790341572093991700,31.13199169921875,7.275979042053223,-0.6272808313369751,-0.5506663918495178
1790341572110434800,31.148434814453125,8.406042098999023,0.28969839215278625,-1.2330138683319092
1790341572127827000,31.165826904296875,10.089165687561035,1.2473790645599365,-0.6607996821403503
1790341572144266500,31.1822666015625,9.2033109664917,0.7972691655158997,0.21308395266532898
1790341572160708400,31.198708251953125,7.690176010131836,-0.646434485912323,-2.1715409755706787
1790341572177112600,31.215112548828124,12.105083465576172,1.9057846069335938,-0.4836287498474121
1790341572193555200,31.23155517578125,9.674968719482422,-0.8906430602073669,-0.8595184087753296
1790341572210025500,31.248025390625,11.331756591796875,1.6615760326385498,-2.1978771686553955
1790341572226493700,31.26449365234375,9.066842079162598,-0.33279404044151306,-0.7757213711738586
1790341572242931000,31.280930908203125,8.719682693481445,-0.8571242094039917,-0.9481038451194763
1790341572259396600,31.297396728515626,9.832986831665039,-0.07661445438861847,-0.7996633648872375
1790341572275832600,31.31383251953125,11.645397186279297,0.11971008777618408,-0.9864110946655273
1790341572292302300,31.33030224609375,8.834604263305664,-0.2561795711517334,-0.33997663855552673
1790341572308743200,31.3467431640625,11.164162635803223,1.2737152576446533,-1.8626888990402222
1790341572325188900,31.36318896484375,9.41639518737793,0.08858546614646912,-0.5339069962501526
1790341572341658400,31.379658447265626,11.350910186767578,0.9696516990661621,-0.9840168952941895
1790341572358099200,31.39609912109375,10.78587818145752,-0.19632454216480255,-1.455674648284912
1790341572374584600,31.41258447265625,10.381258964538574,0.07900865375995636,-0.4357447028160095
1790341572391024600,31.429024658203126,9.205705642700195,-0.17717093229293823,-0.9193734526634216
1790341572407466200,31.44546630859375,9.931148529052734,-0.12928688526153564,-0.2537853717803955
1790341572423852800,31.461852783203124,9.835380554199219,-0.09816227108240128,-1.1348515748977661
1790341572440292000,31.4782919921875,8.674192428588867,0.49320554733276367,-2.4372973442077637
1790341572456759300,31.49475927734375,10.917559623718262,-0.4668693244457245,-2.0398597717285156
1790341572473230600,31.511230712890626,11.350910186767578,-0.4644751250743866,0.181959331035614
1790341572489672000,31.527671875,10.390835762023926,-0.8355764150619507,-2.2816741466522217
1790341572506146000,31.54414599609375,9.622296333312988,0.7805097699165344,-0.6416460275650024
1790341572522586400,31.56058642578125,8.635885238647461,-1.0007762908935547,-0.31842881441116333
1790341572539058700,31.57705859375,9.090784072875977,1.0534487962722778,-0.3663128614425659
1790341572555500500,31.59350048828125,9.904812812805176,0.21547815203666687,-2.054224967956543
1790341572571949800,31.60994970703125,9.332598686218262,0.24420857429504395,-0.849941611289978
1790341572588421400,31.62642138671875,10.127472877502441,0.1149216815829277,-0.09816227108240128
1790341572604862500,31.642862548828123,9.208099365234375,0.016759412363171577,-1.8602946996688843
1790341572621343000,31.659343017578124,10.548852920532227,0.6177040338516235,-0.17717093229293823
1790341572637783000,31.675782958984374,9.014169692993164,0.06703764945268631,-1.3407529592514038
1790341572654221800,31.692221923828125,8.841787338256836,-0.28730419278144836,-1.7932571172714233
1790341572670712300,31.70871240234375,10.127472877502441,0.07182604819536209,0.0454898327589035
1790341572687153400,31.7251533203125,9.028534889221191,0.3998316824436188,-2.2697031497955322
1790341572703622100,31.7416220703125,9.947908401489258,-0.05027823522686958,-1.1803414821624756
1790341572720090000,31.758090087890626,10.855310440063477,0.33518823981285095,-1.4700398445129395
1790341572736525800,31.77452587890625,10.158597946166992,-0.47884035110473633,-1.0007762908935547
1790341572752992500,31.790992431640625,10.034099578857422,1.158793568611145,-1.3503297567367554
1790341572769429800,31.8074296875,9.399636268615723,-0.5937620401382446,-1.9488801956176758
1790341572785896400,31.823896484375,10.632649421691895,0.6775590777397156,-1.3838485479354858
1790341572802337000,31.8403369140625,10.888829231262207,-0.13168109953403473,-3.0837318897247314
1790341572818779400,31.856779296875,10.63504409790039,-0.7493851184844971,-1.987187385559082
1790341572835249000,31.873248779296876,9.516951560974121,0.6368576288223267,-0.6991068720817566
1790341572851688400,31.8896884765625,10.90558910369873,0.9361328482627869,-2.2002713680267334
1790341572868173600,31.906173583984376,8.35097599029541,-0.828393816947937,-2.073378562927246
1790341572884613600,31.922613525390624,9.591172218322754,0.3734954595565796,-0.7972691655158997
1790341572901053400,31.939053466796874,10.690110206604004,-0.9959878921508789,-2.2433669567108154
1790341572917446700,31.95544677734375,9.466673851013184,-0.8092401623725891,-1.9752163887023926
1790341572933886500,31.971886474609374,11.638214111328125,-0.07422025501728058,-1.5059528350830078
1790341572950355700,31.988355712890623,8.738836288452148,-1.3120225667953491,-0.8212111592292786
1790341572966821600,32.00482153320313,9.849745750427246,-0.9026140570640564,-2.918531894683838
1790341572983257900,32.0212578125,10.35252857208252,0.8667010068893433,-0.730231523513794
1790341572999728600,32.03772875976563,9.737217903137207,-1.678335428237915,-0.993593692779541
1790341573016173000,32.05417309570313,9.739612579345703,-0.6943184733390808,-1.867477297782898
1790341573032642300,32.070642333984374,9.696516990661621,-0.6272808313369751,-0.7613561153411865
1790341573049077800,32.087077880859376,9.648633003234863,-1.1013327836990356,-1.3838485479354858
1790341573065995500,32.10399560546875,10.225635528564453,-0.5937620401382446,-1.2497732639312744
1790341573081779700,32.11977978515625,8.5903959274292,0.6272808313369751,-1.2401964664459229
1790341573098215700,32.13621557617188,9.107542991638184,-1.1444283723831177,-0.9481038451194763
1790341573114692400,32.1526923828125,10.376470565795898,1.0845733880996704,-0.8236053586006165
1790341573131135200,32.16913525390625,9.028534889221191,0.21547815203666687,-2.3271639347076416
1790341573147576000,32.185576171875,7.603984832763672,-0.33758243918418884,-1.2066776752471924
1790341573164061700,32.20206176757812,11.027692794799805,0.2968810200691223,-1.4389152526855469
1790341573180504800,32.2185048828125,10.055646896362305,-0.2537853717803955,-2.013523578643799
1790341573196974800,32.234974853515624,11.508927345275879,-0.45489832758903503,-0.8164227604866028
1790341573213446000,32.25144580078125,10.012551307678223,0.20111294090747833,-0.7805097699165344
1790341573229857000,32.26785693359375,9.421183586120605,-0.09576806426048279,-1.1563993692398071
1790341573246291700,32.284291748046876,9.615114212036133,-0.17238251864910126,-2.4133553504943848
1790341573262730500,32.30073046875,11.135432243347168,-0.011971008032560349,-0.9217676520347595
1790341573279200800,32.31720068359375,10.070012092590332,-0.44532153010368347,-2.4660277366638184
1790341573295640800,32.33364086914062,9.758766174316406,-0.42856210470199585,-0.6129156351089478
1790341573312087300,32.35008740234375,8.59997272491455,-0.7589619159698486,-2.3104045391082764
1790341573328562700,32.36656274414062,10.381258964538574,-0.3495534360408783,-0.9169792532920837
1790341573345001700,32.383001708984374,8.93037223815918,-1.039083480834961,-2.0805611610412598
1790341573361393200,32.39939306640625,10.83855152130127,0.181959331035614,-1.115697979927063
1790341573377832700,32.41583276367187,9.730035781860352,-0.28730419278144836,-1.2761094570159912
1790341573394269700,32.43226977539062,10.041281700134277,0.07661445438861847,-0.5315127968788147
1790341573410676500,32.44867651367188,9.75637149810791,-0.15322890877723694,-2.164358377456665
1790341573427113500,32.46511352539063,10.467450141906738,0.5913678407669067,0.17717093229293823
1790341573443584300,32.48158422851562,9.895236015319824,0.19393034279346466,-1.2832920551300049
1790341573460053800,32.4980537109375,9.890447616577148,0.6727706789970398,-0.950498104095459
1790341573476491500,32.51449145507812,9.148244857788086,-0.4668693244457245,-0.1149216815829277
1790341573492958500,32.53095849609375,9.696516990661621,0.49320554733276367,-2.3343467712402344
1790341573509398000,32.54739794921875,9.828198432922363,0.5913678407669067,-0.42377370595932007
1790341573525869300,32.563869384765624,10.029311180114746,-0.6607996821403503,-2.3942017555236816
1790341573542309600,32.5803095703125,10.591948509216309,-0.35434186458587646,-1.968033790588379
1790341573558753800,32.59675390625,10.821791648864746,-0.43095630407333374,-1.5729905366897583
1790341573575141000,32.61314111328125,9.63187313079834,-0.6560112833976746,-0.7350199222564697
1790341573591580200,32.629580078125,10.273519515991211,-0.9648633003234863,-1.2832920551300049
1790341573608059000,32.64605883789063,8.825027465820312,0.1412578970193863,-1.460463047027588
1790341573624499200,32.66249926757813,8.978256225585938,-0.5027823448181152,-2.3104045391082764
1790341573640938500,32.6789384765625,8.853757858276367,-0.47644615173339844,-1.723825216293335
1790341573657430800,32.6954306640625,10.663774490356445,-1.2665326595306396,-1.4460978507995605
1790341573673868500,32.71186865234375,11.161767959594727,0.30885201692581177,-1.1013327836990356
1790341573690334700,32.72833471679687,9.974244117736816,-0.9002198576927185,-0.9385270476341248
1790341573706804200,32.74480419921875,9.473855972290039,-0.1149216815829277,-0.395043283700943
1790341573723283500,32.761283447265626,10.012551307678223,0.6129156351089478,-1.7932571172714233
1790341573739754800,32.77775463867187,9.10993766784668,-0.689530074596405,-0.727837324142456
1790341573756194000,32.794194091796875,11.288661003112793,0.2992752194404602,-0.730231523513794
1790341573772661200,32.8106611328125,8.195352554321289,-0.667982280254364,-1.764526605606079
1790341573789102600,32.8271025390625,8.7268648147583,-0.4429273009300232,-0.3064578175544739
1790341573805550600,32.84355053710937,10.584765434265137,0.4381389021873474,-2.0183119773864746
1790341573822026200,32.86002612304687,9.263166427612305,0.09576806426048279,-1.2282254695892334
1790341573838472700,32.87647265625,10.137049674987793,0.43095630407333374,-1.2186486721038818
1790341573854964700,32.89296484375,9.344569206237793,-0.2849099934101105,-1.2234370708465576
1790341573871405800,32.90940576171875,9.390059471130371,0.4189853072166443,-0.7757213711738586
1790341573887847400,32.92584741210938,10.666168212890625,0.21547815203666687,-0.727837324142456
1790341573904240000,32.942240234375,8.978256225585938,0.2322375625371933,-1.2210428714752197
1790341573920647000,32.95864697265625,11.611878395080566,0.524330198764801,-1.259350061416626
1790341573937113900,32.97511376953125,8.729259490966797,0.11013327538967133,-1.3263877630233765
1790341573953582000,32.99158203125,10.005369186401367,0.7182605266571045,-2.1475989818573
1790341573970025200,33.00802514648438,10.074800491333008,0.7996633648872375,-1.4939818382263184
1790341573986491000,33.024490966796876,10.445901870727539,0.009576806798577309,-1.4532804489135742
1790341574002934800,33.040934814453124,10.170568466186523,0.31603461503982544,-0.3926490843296051
1790341574019406000,33.05740600585938,9.588777542114258,0.22744916379451752,-1.1875240802764893
1790341574035849200,33.07384912109375,10.046070098876953,1.0079588890075684,-1.4053963422775269
1790341574052297200,33.09029711914062,9.773131370544434,-0.3064578175544739,-1.2042834758758545
1790341574068697600,33.106697509765624,9.672574996948242,-0.1628057211637497,-1.3527239561080933
1790341574085142500,33.123142578125,8.753201484680176,-0.4572925269603729,-1.5275006294250488
1790341574101631700,33.1396318359375,10.721235275268555,-0.4357447028160095,-0.9217676520347595
1790341574118016300,33.156016357421876,9.342175483703613,-1.0271124839782715,-0.6368576288223267
1790341574134461000,33.1724609375,10.187328338623047,-0.12449848651885986,-1.3000515699386597
1790341574150959900,33.1889599609375,9.29189682006836,-1.3192051649093628,-1.0989385843276978
1790341574167402000,33.20540209960937,10.134655952453613,0.011971008032560349,-1.525106430053711
1790341574183866600,33.22186669921875,9.588777542114258,-0.6368576288223267,-1.3407529592514038
1790341574200338700,33.23833862304687,10.019734382629395,-0.2346317619085312,-1.400607943534851
1790341574216782000,33.254781982421875,10.335768699645996,0.29209262132644653,-1.0079588890075684
1790341574233254400,33.27125439453125,9.586383819580078,-0.0071826050989329815,-0.4812345504760742
1790341574249620000,33.28761987304687,10.939107894897461,0.10295066982507706,-0.9169792532920837
1790341574266090200,33.30409033203125,8.920795440673828,0.15801730751991272,-0.9409212470054626
1790341574282531600,33.320531494140624,9.459490776062012,0.5793967843055725,-0.7015010714530945
1790341574298978000,33.33697802734375,9.605537414550781,0.6560112833976746,-1.1683704853057861
1790341574315446300,33.3534462890625,10.711658477783203,0.6847416758537292,-1.137245774269104
1790341574331884800,33.369884765625,9.849745750427246,-0.019153613597154617,-0.10295066982507706
1790341574348367400,33.38636743164062,9.806650161743164,0.24181437492370605,-0.7876923680305481
1790341574364806400,33.40280639648437,9.457097053527832,0.24181437492370605,-1.1659762859344482
1790341574381246700,33.41924682617187,10.15141487121582,0.26096799969673157,-0.19871874153614044
1790341574397653000,33.435653076171874,8.98543930053711,0.3711012601852417,-1.158793568611145
1790341574414093800,33.45209375,9.48343276977539,1.0295066833496094,-0.8858546018600464
1790341574430566400,33.46856640625,9.126696586608887,-0.12449848651885986,-1.4101848602294922
1790341574447033900,33.48503393554687,10.251971244812012,0.9768342971801758,-0.5746083855628967
1790341574463474200,33.50147412109375,9.141061782836914,-0.3495534360408783,-1.1037269830703735
1790341574479945700,33.51794580078125,10.529699325561523,0.9768342971801758,-0.45250412821769714
1790341574496385500,33.53438549804687,10.036493301391602,-0.043095629662275314,0.031124621629714966
1790341574512855800,33.55085571289062,9.832986831665039,0.6560112833976746,-0.4812345504760742
1790341574529292300,33.56729223632812,10.065223693847656,0.19871874153614044,-0.5530605912208557
1790341574545736700,33.58373681640625,10.307038307189941,0.14365209639072418,-0.8044517636299133
1790341574562209000,33.600208984375,9.617507934570312,0.19871874153614044,-0.6727706789970398
1790341574578649300,33.6166494140625,9.770736694335938,-0.13407529890537262,-1.048660397529602
1790341574595144200,33.633144287109374,10.235212326049805,0.1364694982767105,-1.01753568649292
1790341574611582200,33.64958227539063,9.6989107131958,-0.4668693244457245,-0.7876923680305481
1790341574628024600,33.66602465820313,9.746794700622559,-0.3447650372982025,-0.3663128614425659
1790341574644529700,33.68252978515625,10.304644584655762,-0.19153612852096558,-1.0319008827209473
1790341574660974600,33.698974609375,10.47942066192627,-0.49799394607543945,-0.2346317619085312
1790341574677448000,33.715447998046876,9.643844604492188,-0.36152446269989014,-0.5099649429321289
1790341574693918700,33.73191870117188,10.086771965026855,0.14844051003456116,-1.0654197931289673
1790341574710359300,33.748359375,9.940725326538086,0.3064578175544739,-0.3016694188117981
1790341574726833400,33.76483349609375,10.211270332336426,-0.0454898327589035,-0.9385270476341248
1790341574743274000,33.78127392578125,10.077195167541504,0.4357447028160095,-0.6440402865409851
1790341574759747000,33.7977470703125,9.603142738342285,0.08858546614646912,-0.395043283700943
1790341574776190200,33.81419018554688,9.66539192199707,0.15322890877723694,-0.7254431247711182
1790341574792653800,33.83065380859375,9.873687744140625,0.2537853717803955,-0.1867477297782898
1790341574809128000,33.8471279296875,9.821015357971191,0.272938996553421,-0.6440402865409851
1790341574825570300,33.8635703125,10.163386344909668,0.4381389021873474,-0.28730419278144836
1790341574842031600,33.880031494140624,9.497797966003418,0.3447650372982025,-1.048660397529602
1790341574858469400,33.89646948242188,9.873687744140625,0.4213795065879822,-0.5434837937355042
1790341574874908700,33.91290869140625,9.217676162719727,0.0454898327589035,-0.2944868206977844
1790341574891318800,33.92931884765625,10.086771965026855,0.31124621629714966,-0.8619126081466675
1790341574907762000,33.94576196289062,10.065223693847656,0.27054479718208313,-0.5937620401382446
1790341574924235500,33.96223559570313,9.749189376831055,-0.3232172429561615,0.16759411990642548
1790341574940707600,33.97870751953125,10.019734382629395,0.24660277366638184,-0.5339069962501526
1790341574957150500,33.995150390625,10.137049674987793,0.19153612852096558,-0.7876923680305481
1790341574973619500,34.01161938476562,10.47702693939209,0.5147533416748047,0.035913024097681046
1790341574990063400,34.0280634765625,10.134655952453613,0.19153612852096558,-0.363918662071228
1790341575006538500,34.04453857421875,9.828198432922363,0.2753331959247589,-0.6153098344802856
1790341575022983700,34.06098364257812,9.258378028869629,0.20350714027881622,-0.37828385829925537
1790341575039430700,34.0774306640625,9.148244857788086,-0.24899697303771973,-0.3016694188117981
1790341575055865000,34.09386499023437,9.684545516967773,-0.1867477297782898,-0.17956513166427612
1790341575072270300,34.11027026367187,9.818621635437012,-0.0933738648891449,-0.17238251864910126
1790341575088771600,34.126771484375,10.15141487121582,-0.2801215946674347,-0.22026655077934265
1790341575105214000,34.1432138671875,9.988609313964844,-0.035913024097681046,-0.727837324142456
1790341575121658000,34.159658203125,9.674968719482422,0.3974374830722809,-0.48602294921875
1790341575138155800,34.17615576171875,9.442731857299805,-0.14365209639072418,-0.8212111592292786
1790341575154600200,34.19260009765625,10.395624160766602,0.5267243981361389,-0.040701430290937424
1790341575171073300,34.2090732421875,9.605537414550781,-0.21787235140800476,-0.7374141216278076
1790341575187543600,34.22554345703125,9.926360130310059,0.3519476354122162,-0.26575639843940735
1790341575203984600,34.241984619140624,9.397241592407227,0.05985504388809204,-0.26575639843940735
1790341575220454000,34.25845385742188,10.24239444732666,0.043095629662275314,-0.6440402865409851
1790341575236917800,34.274917724609374,9.710882186889648,0.304063618183136,-0.8427590131759644
1790341575253359900,34.29135986328125,9.75397777557373,-0.031124621629714966,-0.3663128614425659
1790341575269850000,34.30785009765625,9.440337181091309,-0.12689268589019775,-0.21547815203666687
1790341575286300700,34.32430078125,9.931148529052734,-0.090979665517807,-0.14365209639072418
1790341575302773500,34.3407734375,10.02691650390625,0.363918662071228,-0.002394201699644327
1790341575319235600,34.35723559570312,9.509769439697266,0.3064578175544739,-0.1364694982767105
1790341575335709200,34.37370922851562,9.890447616577148,0.6631938815116882,0.19153612852096558
1790341575352151800,34.39015185546875,9.02135181427002,0.3687070608139038,-0.4213795065879822
1790341575368607500,34.406607421875,8.791508674621582,0.3878606855869293,0.09816227108240128
1790341575385106000,34.42310595703125,10.220847129821777,0.10534487664699554,-0.019153613597154617
1790341575401548300,34.43954833984375,10.27591323852539,0.304063618183136,0.272938996553421
1790341575418023000,34.45602294921875,10.398017883300781,-0.035913024097681046,-0.21547815203666687
1790341575434529300,34.472529296875,11.082759857177734,0.1149216815829277,0.35913026332855225
1790341575450988800,34.48898876953125,10.067618370056152,-0.23702596127986908,-0.16998831927776337
1790341575467478500,34.505478515625,9.68694019317627,0.524330198764801,-0.026336219161748886
1790341575483950800,34.52195092773437,9.749189376831055,-0.22266076505184174,-0.0933738648891449
1790341575500451600,34.53845166015625,9.5624418258667,0.021547814831137657,-0.33758243918418884
1790341575516913200,34.5549130859375,10.002974510192871,0.4644751250743866,0.2777273952960968
1790341575533404400,34.571404296875,9.169792175292969,-0.2059013396501541,-0.6153098344802856
1790341575549924900,34.5879248046875,10.043676376342773,-0.2992752194404602,0
1790341575566380500,34.604380615234376,9.84495735168457,-0.45250412821769714,0.3256114423274994
1790341575582878700,34.62087866210938,10.594342231750488,0.5291185975074768,-0.47165772318840027
1790341575599406800,34.63740673828125,9.612719535827637,-0.29209262132644653,0.07900865375995636
1790341575615884500,34.65388452148437,9.452308654785156,-0.0454898327589035,-0.33518823981285095
1790341575632426000,34.670426025390626,9.14585018157959,-0.031124621629714966,0.2322375625371933
1790341575648910000,34.68691015625,9.294290542602539,-0.38067805767059326,-0.17717093229293823
1790341575665411000,34.7034111328125,10.180145263671875,0.5746083855628967,0.4405331015586853
1790341575681900500,34.71990063476562,9.368511199951172,-0.1149216815829277,0.12928688526153564
1790341575698378800,34.736378662109374,9.186552047729492,-0.1388636976480484,0.031124621629714966
1790341575714896400,34.752896484375,9.588777542114258,0.6392518281936646,0.4812345504760742
1790341575731350800,34.769350830078125,9.35893440246582,-0.004788403399288654,-0.12689268589019775
1790341575747780900,34.78578076171875,10.091560363769531,0.08619125932455063,0.05506663769483566
1790341575764237600,34.802237548828124,10.38604736328125,0.5626373887062073,-0.16759411990642548
1790341575780737500,34.818737548828125,9.346963882446289,0.07900865375995636,0.12210428714752197
1790341575797221600,34.8352216796875,10.105925559997559,0.3687070608139038,0.3687070608139038
1790341575813704400,34.851704345703126,9.739612579345703,0.21787235140800476,-0.3734954595565796
1790341575830201600,34.86820166015625,9.895236015319824,-0.3016694188117981,0.09816227108240128
1790341575846691600,34.88469165039062,9.667786598205566,-0.3280056416988373,0.2968810200691223
1790341575863171600,34.90117163085937,8.959102630615234,-0.9002198576927185,0.19393034279346466
1790341575879669800,34.917669677734374,11.374852180480957,0.5386953949928284,0.26575639843940735
1790341575896131800,34.9341318359375,10.845733642578125,-0.5195417404174805,0.9409212470054626
1790341575912618200,34.9506181640625,9.615114212036133,1.158793568611145,1.0630255937576294
1790341575929091600,34.967091552734374,8.595184326171875,-0.12210428714752197,-0.5889736413955688
1790341575945530600,34.983530517578124,9.78989028930664,0.07661445438861847,-0.29209262132644653
1790341575961972200,34.99997216796875,9.133879661560059,-0.0933738648891449,0.24660277366638184
1790341575978452200,35.0164521484375,9.876082420349121,0.05746084079146385,0.08619125932455063
1790341575994918400,35.03291845703125,10.620678901672363,0.2944868206977844,0.047884032130241394
1790341576011412500,35.04941259765625,10.08437728881836,0.26096799969673157,0.569819986820221
1790341576027898400,35.0658984375,9.672574996948242,-0.4429273009300232,0.5961562395095825
1790341576044386600,35.08238647460937,9.344569206237793,0.4596867263317108,-0.3208230137825012
1790341576060798000,35.0987978515625,10.290278434753418,-0.1604115068912506,0.06464344263076782
1790341576077299700,35.1152998046875,9.509769439697266,0.4405331015586853,0.5171475410461426
1790341576093759700,35.131759765625,9.68694019317627,-0.13407529890537262,-0.1149216815829277
1790341576110237200,35.1482373046875,9.947908401489258,0.5171475410461426,-0.4572925269603729
1790341576126782500,35.16478247070312,9.967061996459961,-0.22266076505184174,0.9265560507774353
1790341576143290400,35.181290283203126,10.790667533874512,-0.5410895943641663,0.667982280254364
1790341576159732500,35.197732421875,8.300697326660156,0.20111294090747833,-0.07182604819536209
1790341576176258000,35.214258056640624,8.959102630615234,-0.27054479718208313,-0.1173158809542656
1790341576192728300,35.230728271484374,9.224859237670898,-0.33518823981285095,0.5027823448181152
1790341576209250000,35.24725,10.797849655151367,0.7254431247711182,0.524330198764801
1790341576225740500,35.26374047851562,10.745177268981934,0.363918662071228,0.5482721924781799
1790341576242211600,35.280211669921876,8.607154846191406,-0.7972691655158997,-0.2849099934101105
1790341576258709200,35.296709228515624,10.76193618774414,0.8427590131759644,0.5123591423034668
1790341576275232000,35.31323193359375,9.306262016296387,-0.35673606395721436,-0.15562310814857483
1790341576291756000,35.32975610351563,10.235212326049805,0.44532153010368347,0.23702596127986908
1790341576308248300,35.34624829101563,9.509769439697266,-0.021547814831137657,0.11013327538967133
1790341576324750000,35.36275,9.979032516479492,-0.15322890877723694,-0.2777273952960968
1790341576341214500,35.37921435546875,9.639056205749512,-0.4357447028160095,0.13168109953403473
1790341576357696300,35.3956962890625,9.909601211547852,-0.06703764945268631,0.43335050344467163
1790341576374207000,35.41220703125,9.641449928283691,-0.6368576288223267,0.395043283700943
1790341576390694100,35.42869409179688,9.821015357971191,0.021547814831137657,0.5363011956214905
1790341576407196000,35.44519580078125,9.349357604980469,0.08619125932455063,0.10773907601833344
1790341576423686400,35.46168627929688,8.760383605957031,-0.021547814831137657,-0.0933738648891449
1790341576440167700,35.47816772460938,10.347740173339844,0.42616790533065796,-0.3711012601852417
1790341576456646100,35.494646240234374,8.808267593383789,-0.6009446382522583,0.689530074596405
1790341576473135900,35.51113598632813,9.895236015319824,0.13168109953403473,-0.05506663769483566
1790341576489637000,35.52763720703125,9.634267807006836,0.3208230137825012,0.6416460275650024
1790341576506131200,35.544131103515625,9.17697525024414,-0.15083470940589905,0.2561795711517334
1790341576522617900,35.560617919921874,9.84256362915039,0.17717093229293823,0.9457096457481384
1790341576539135200,35.57713525390625,8.959102630615234,-0.31603461503982544,-0.2298433631658554
1790341576555620000,35.5936201171875,9.813833236694336,0.33279404044151306,-0.07661445438861847
1790341576572132900,35.6101328125,8.966285705566406,-0.5674257874488831,0.7398083209991455
1790341576588624100,35.6266240234375,9.816226959228516,0.5506663918495178,-0.3280056416988373
1790341576605045500,35.64304541015625,9.481039047241211,-0.4213795065879822,0.5937620401382446
1790341576621573000,35.659572998046876,8.662221908569336,-0.1149216815829277,0.2298433631658554
1790341576638059800,35.676059814453126,9.658209800720215,-0.608127236366272,-0.06703764945268631
1790341576654563000,35.69256298828125,9.672574996948242,-0.28969839215278625,0.6224924325942993
1790341576671086000,35.70908618164062,9.938331604003906,0.11971008777618408,0.5913678407669067
1790341576687566300,35.72556640625,9.720458984375,0.24181437492370605,0.4213795065879822
1790341576704087600,35.74208764648437,9.591172218322754,0.12928688526153564,0.3016694188117981
1790341576720577000,35.75857690429687,10.283096313476562,0.993593692779541,0.12928688526153564
1790341576737081000,35.7750810546875,8.846575736999512,-0.6560112833976746,0.040701430290937424
1790341576753578000,35.79157788085938,9.476250648498535,1.0199298858642578,-0.14604631066322327
1790341576770084400,35.80808447265625,8.89685344696045,-0.2585737705230713,0.2513911724090576
1790341576786540800,35.82454077148437,11.130643844604492,-0.6129156351089478,-0.1173158809542656
1790341576803002600,35.841002685546876,11.039664268493652,2.5091233253479004,0.5722141861915588
1790341576819491600,35.85749169921875,7.141903877258301,-1.091755986213684,-1.6352397203445435
1790341576835933700,35.87393359375,10.146626472473145,1.659181833267212,2.669534921646118
1790341576852375300,35.89037524414063,9.782708168029785,-2.4660277366638184,0.40222588181495667
1790341576868832000,35.90683203125,12.933477401733398,1.8483237028121948,0.9600749015808105
1790341576885307600,35.9233076171875,8.449137687683105,0.7086837291717529,1.5634137392044067
1790341576901779700,35.93977978515625,10.062829971313477,1.6400281190872192,-0.026336219161748886
1790341576918282200,35.9562822265625,9.986215591430664,-2.7437551021575928,0.8619126081466675
1790341576934722800,35.97272290039062,12.480973243713379,0.29209262132644653,1.4748282432556152
1790341576951168500,35.98916845703125,10.953473091125488,-0.19871874153614044,-0.706289529800415
1790341576967624700,36.00562475585937,9.148244857788086,-0.21308395266532898,0.4213795065879822
1790341576984127500,36.02212744140625,9.50498104095459,-0.5961562395095825,1.0582371950149536
1790341577000567800,36.03856787109375,10.125079154968262,-1.2401964664459229,1.4676456451416016
1790341577017025800,36.05502587890625,10.893617630004883,0.44532153010368347,0.730231523513794
1790341577033510100,36.07151025390625,9.703699111938477,0.42856210470199585,0.35913026332855225
1790341577049949400,36.08794946289063,9.050082206726074,-0.4596867263317108,0.06224924325942993
1790341577066365000,36.10436499023437,9.66299819946289,0.5410895943641663,1.1109095811843872
1790341577082828800,36.12082885742188,9.241618156433105,0.5291185975074768,-0.043095629662275314
1790341577099273700,36.13727368164062,8.96389102935791,-1.7094600200653076,-0.16759411990642548
1790341577115781000,36.15378100585937,12.239158630371094,0.7924807667732239,0.0071826050989329815
1790341577132164900,36.170164794921874,11.065999984741211,2.070984363555908,1.094150185585022
1790341577148640000,36.18663989257813,4.458003520965576,-3.847482204437256,0.22266076505184174
1790341577164980700,36.20298071289063,13.220781326293945,5.765237808227539,-0.8667010068893433
1790341577181422000,36.219422119140624,9.476250648498535,-1.6903064250946045,2.6192567348480225
1790341577197895200,36.23589526367188,13.864822387695312,4.771644115447998,-0.646434485912323
1790341577214336300,36.25233618164062,8.777143478393555,0.12449848651885986,1.3742717504501343
1790341577230810400,36.26881030273437,11.671732902526855,2.583343744277954,-1.280897855758667
1790341577247253500,36.28525341796875,9.038111686706543,-1.0678139925003052,1.173158884048462
1790341577263701200,36.301701171875,14.135366439819336,4.481945514678955,0.8619126081466675
1790341577280213800,36.3182138671875,2.7102363109588623,-4.642356872558594,1.6879122257232666
1790341577296669400,36.33466943359375,11.647790908813477,2.0231003761291504,-0.31364041566848755
1790341577313157600,36.35115771484375,7.271190643310547,-2.5761611461639404,1.6927006244659424
1790341577329622500,36.36762255859375,12.126631736755371,1.1468225717544556,-0.3064578175544739
1790341577346065400,36.3840654296875,10.852916717529297,0.9145850539207458,1.7932571172714233
1790341577362521000,36.40052099609375,9.404424667358398,2.3558945655822754,0.043095629662275314
1790341577378982000,36.41698193359375,11.168951034545898,-0.22505496442317963,1.5298948287963867
1790341577395425000,36.43342504882813,9.026140213012695,0.3663128614425659,-0.47405192255973816
1790341577411900000,36.44989990234375,9.799467086791992,-0.5602431893348694,0.35673606395721436
1790341577428376800,36.466376953125,8.40843677520752,-1.0606313943862915,0.7637503147125244
1790341577444821800,36.48282177734375,11.05402946472168,0.6751648783683777,0.11252748221158981
1790341577461313800,36.49931372070313,9.20091724395752,-1.5322890281677246,0.9169792532920837
1790341577477787100,36.515787109375,9.828198432922363,0.42616790533065796,0.2537853717803955
1790341577494231300,36.532231201171875,10.041281700134277,0.12928688526153564,0.31842881441116333
1790341577510716700,36.548716552734376,9.275136947631836,-0.4908113479614258,0.047884032130241394
1790341577527204900,36.565204833984374,9.370905876159668,-0.3519476354122162,0.44532153010368347
1790341577543693000,36.58169311523437,8.583212852478027,-0.3687070608139038,0.0071826050989329815
1790341577560197000,36.598197021484374,9.030928611755371,-0.4213795065879822,0.11252748221158981
1790341577576659200,36.6146591796875,9.512163162231445,-0.24660277366638184,0.2777273952960968
1790341577593141500,36.6311416015625,9.478644371032715,-0.06703764945268631,-0.1388636976480484
1790341577609689900,36.64768994140625,9.097966194152832,-0.507570743560791,0.5315127968788147
1790341577626121000,36.664120849609375,8.676587104797363,-0.18914192914962769,0.2082955539226532
1790341577642623200,36.68062329101563,8.949525833129883,0.3447650372982025,-0.023942016065120697
1790341577659147000,36.69714697265625,9.090784072875977,-0.2585737705230713,0.5003881454467773
1790341577675629600,36.713629638671875,9.126696586608887,-0.05506663769483566,0.42856210470199585
1790341577692116000,36.73011596679687,8.683769226074219,-0.3878606855869293,0.2825157940387726
1790341577708603400,36.746603271484375,8.576030731201172,0.3232172429561615,0.751779317855835
1790341577725105200,36.763105224609376,9.531316757202148,0.586579442024231,-0.06703764945268631
1790341577741565400,36.7795654296875,10.165780067443848,0.5506663918495178,-0.42377370595932007
1790341577758051600,36.79605151367188,9.583989143371582,-0.608127236366272,0.16998831927776337
1790341577774575000,36.8125751953125,10.256759643554688,0.9313444495201111,0.31364041566848755
1790341577791045000,36.829045166015625,8.53532886505127,-0.3711012601852417,-0.45489832758903503
1790341577807528700,36.84552880859375,11.334151268005371,0.8020575642585754,0.08619125932455063
1790341577823992300,36.86199243164062,10.163386344909668,0.14844051003456116,0.5793967843055725
1790341577840477700,36.878477783203124,9.988609313964844,-0.20111294090747833,0.3663128614425659
1790341577857027000,36.89502709960937,10.457873344421387,0.15801730751991272,0.1364694982767105
1790341577873515500,36.911515625,10.038887977600098,0.2346317619085312,0.9552865028381348
1790341577890018600,36.9280185546875,9.816226959228516,0.09816227108240128,-0.26575639843940735
1790341577906544400,36.94454443359375,9.892841339111328,-0.023942016065120697,-0.05267243832349777
1790341577923029200,36.961029296875,10.08198356628418,-0.19871874153614044,0.5482721924781799
1790341577939554800,36.977554931640626,9.9000244140625,0.30885201692581177,-0.05985504388809204
1790341577956021000,36.99402099609375,9.730035781860352,0.31124621629714966,0.6416460275650024
1790341577972520700,37.01052075195312,9.78989028930664,0.44532153010368347,0.27054479718208313
1790341577989013000,37.02701293945312,9.01895809173584,0.22266076505184174,0.22505496442317963
1790341578005499600,37.04349975585937,9.287108421325684,0.014365210197865963,0.2968810200691223
1790341578022019800,37.06001977539062,10.04846477508545,-0.4165911078453064,0.3471592366695404
1790341578038505000,37.0765048828125,9.457097053527832,0.9026140570640564,0.23942017555236816
1790341578054969900,37.09296997070312,9.588777542114258,-1.0055646896362305,0.2298433631658554
1790341578071291400,37.10929150390625,10.558429718017578,1.170764684677124,0.304063618183136
1790341578087756000,37.12575610351563,9.404424667358398,-0.7565677165985107,0.42856210470199585
1790341578104268000,37.14226806640625,10.366893768310547,0.16759411990642548,-0.8236053586006165
1790341578120714200,37.15871435546875,10.29746150970459,0.6272808313369751,0.047884032130241394
1790341578136252200,37.17425219726562,9.581595420837402,-0.18914192914962769,-0.11971008777618408
1790341578152740000,37.19073999023438,9.816226959228516,-0.019153613597154617,0.4357447028160095
1790341578169220000,37.20722021484375,10.067618370056152,-0.2298433631658554,-0.7326257228851318
1790341578185705200,37.22370532226562,9.825803756713867,-0.07900865375995636,0.6129156351089478
1790341578202192100,37.24019213867187,10.299856185913086,-0.05506663769483566,0.608127236366272
1790341578218688500,37.2566884765625,9.289502143859863,-0.06703764945268631,-0.2106897532939911
1790341578235179500,37.273179443359375,9.765948295593262,-0.011971008032560349,0.3016694188117981
1790341578251659800,37.28965966796875,9.624691009521484,0.08858546614646912,0.6368576288223267
1790341578268175000,37.30617504882812,10.046070098876953,0.05746084079146385,0.5434837937355042
1790341578284658700,37.32265869140625,9.653421401977539,-0.18914192914962769,0.21547815203666687
1790341578301156900,37.339156982421876,8.971074104309082,0.11971008777618408,0.45250412821769714
1790341578317615400,37.355615478515624,9.337387084960938,0.5554547905921936,0.6392518281936646
1790341578334094300,37.37209423828125,9.294290542602539,0.5123591423034668,0.040701430290937424
1790341578350604500,37.3886044921875,9.193734169006348,-0.395043283700943,0.5147533416748047
1790341578367092700,37.4050927734375,10.14902114868164,0.10534487664699554,0.06703764945268631
1790341578383595300,37.42159521484375,9.816226959228516,0.3998316824436188,0.7326257228851318
1790341578400123400,37.43812329101563,9.121908187866211,0.19871874153614044,0
1790341578416604200,37.45460424804688,10.24000072479248,-0.14844051003456116,0.4812345504760742
1790341578433089800,37.47108984375,9.318233489990234,-0.1843535304069519,0.5554547905921936
1790341578449579300,37.487579345703125,9.488221168518066,0.13407529890537262,-0.27054479718208313
1790341578466081000,37.5040810546875,9.339780807495117,0.38067805767059326,0.3495534360408783
1790341578482575400,37.520575439453125,9.581595420837402,0.3687070608139038,0.004788403399288654
1790341578499059200,37.53705908203125,10.623072624206543,0.5674257874488831,0.608127236366272
1790341578515577300,37.55357739257813,9.279925346374512,0.0454898327589035,0.05027823522686958
1790341578532062500,37.5700625,9.313444137573242,0.9576807022094727,0.6631938815116882
1790341578548561000,37.58656079101563,9.373299598693848,-0.4118026793003082,-0.040701430290937424
1790341578565055700,37.6030556640625,10.982203483581543,1.039083480834961,-0.2059013396501541
1790341578581535700,37.61953564453125,9.41639518737793,-0.38546648621559143,0.26096799969673157
1790341578598083300,37.636083251953124,10.247182846069336,0.4118026793003082,0.35673606395721436
1790341578614568200,37.652568115234374,9.907206535339355,0.5817909836769104,-0.17717093229293823
1790341578631035000,37.669034912109375,10.108319282531738,0.3471592366695404,-0.26336219906806946
1790341578647556600,37.685556640625,10.333374977111816,0.3519476354122162,0.9289502501487732
1790341578664040000,37.7020400390625,9.397241592407227,0.26336219906806946,-0.3998316824436188
1790341578680529200,37.718529052734375,9.763554573059082,-0.038307227194309235,-0.06464344263076782
1790341578697018400,37.73501831054688,10.278307914733887,-0.18914192914962769,0.6272808313369751
1790341578713522400,37.7515224609375,9.84256362915039,0.2777273952960968,-0.07661445438861847
1790341578730022000,37.76802197265625,10.180145263671875,-0.002394201699644327,0.6009446382522583
1790341578746514000,37.78451391601563,9.979032516479492,-0.12449848651885986,-0.2585737705230713
1790341578763085800,37.8010859375,9.976638793945312,0.6153098344802856,0.07661445438861847
1790341578779572700,37.81757275390625,10.285490036010742,-0.043095629662275314,-0.11252748221158981
1790341578796070400,37.8340703125,9.318233489990234,0.17238251864910126,-0.2968810200691223
1790341578812563500,37.8505634765625,9.653421401977539,-0.3471592366695404,0.2513911724090576
1790341578829045000,37.867044921875,9.919178009033203,0.7589619159698486,-0.40462008118629456
1790341578845556200,37.88355615234375,9.667786598205566,-0.47884035110473633,0.23942017555236816
1790341578862015500,37.90001538085937,10.84094524383545,0.19632454216480255,0.3902548849582672
1790341578878513200,37.91651318359375,9.148244857788086,-0.17477671802043915,0.4596867263317108
1790341578895038500,37.93303857421875,8.908824920654297,0.08619125932455063,-0.1412578970193863
1790341578911520300,37.94952026367187,9.57201862335205,0.16759411990642548,-0.8978256583213806
1790341578928006700,37.96600659179688,9.847352027893066,0.24899697303771973,0.37828385829925537
1790341578944492300,37.9824921875,9.44991397857666,-0.8331822156906128,0.22266076505184174
1790341578960960300,37.99896020507813,10.896012306213379,0.8619126081466675,-0.6033388376235962
1790341578977492500,38.015492431640624,9.208099365234375,-0.19632454216480255,0.8571242094039917
1790341578993961000,38.0319609375,10.11550235748291,0.22744916379451752,-0.5841852426528931
1790341579010402600,38.04840258789063,9.59835433959961,-0.15801730751991272,-0.26575639843940735
1790341579026890200,38.06489013671875,10.029311180114746,0.12689268589019775,0.1388636976480484
1790341579043391700,38.08139184570312,9.832986831665039,0.09576806426048279,-0.22266076505184174
1790341579059853800,38.09785375976563,9.308655738830566,0.38307225704193115,0.45250412821769714
1790341579076276000,38.11427587890625,9.734824180603027,-0.3016694188117981,0.07661445438861847
1790341579092757000,38.130757080078126,9.880870819091797,0.5267243981361389,-0.07182604819536209
1790341579109244000,38.147243896484376,10.187328338623047,0.5267243981361389,-0.014365210197865963
1790341579125747500,38.16374755859375,10.292673110961914,0.16998831927776337,-0.5913678407669067
1790341579142240300,38.180240234375,9.806650161743164,0.023942016065120697,0.17717093229293823
1790341579158699800,38.19669970703125,9.832986831665039,-0.3758896589279175,-0.6320692300796509
1790341579175188000,38.21318798828125,10.237606048583984,-0.08619125932455063,0.11971008777618408
1790341579191652000,38.229652099609375,9.35893440246582,-0.811634361743927,-0.7565677165985107
1790341579208121900,38.24612182617187,10.314221382141113,0.4141969084739685,-0.7015010714530945
1790341579224598300,38.262598388671876,9.490615844726562,-0.7015010714530945,0.7445967197418213
1790341579241089300,38.27908935546875,9.710882186889648,0.1628057211637497,-0.43095630407333374
1790341579257612800,38.29561279296875,8.987833023071289,-0.6967126727104187,-0.6751648783683777
1790341579274101200,38.312101318359375,9.258378028869629,-0.21308395266532898,0.7589619159698486
1790341579290591200,38.32859130859375,9.48343276977539,0.14365209639072418,-0.33039984107017517
1790341579307013400,38.34501342773437,9.615114212036133,-0.40940847992897034,-0.5650315880775452
1790341579323495700,38.36149560546875,10.11789608001709,0.0933738648891449,0.5602431893348694
1790341579340010200,38.37801025390625,8.825027465820312,0.1628057211637497,-0.4405331015586853
1790341579356454100,38.3944541015625,9.337387084960938,0.28730419278144836,-0.13168109953403473
1790341579372900900,38.41090087890625,9.560047149658203,0.13407529890537262,-0.3495534360408783
1790341579389375700,38.42737573242187,10.3549222946167,0.2346317619085312,0.06703764945268631
1790341579405821000,38.443821044921876,10.35252857208252,0.849941611289978,-0.6057330369949341
1790341579422266000,38.46026611328125,9.473855972290039,-0.45489832758903503,0.49799394607543945
1790341579438709500,38.47670947265625,9.555258750915527,-0.05506663769483566,-0.8906430602073669
1790341579455155500,38.493155517578124,8.868123054504395,-0.7038952708244324,0.12210428714752197
1790341579471600600,38.5096005859375,9.816226959228516,-0.706289529800415,-0.7110779285430908
1790341579488053200,38.52605322265625,10.800244331359863,0.2753331959247589,0.002394201699644327
1790341579504545000,38.542544921875,9.045293807983398,0.23942017555236816,-0.023942016065120697
1790341579520988200,38.55898828125,9.095572471618652,-1.2617442607879639,1.1444283723831177
1790341579537436700,38.575436767578125,9.457097053527832,0.038307227194309235,-1.8195933103561401
1790341579553886500,38.591886474609375,10.29746150970459,-1.0630255937576294,-0.3447650372982025
1790341579570347500,38.608347412109374,9.50498104095459,-1.3455413579940796,-0.16998831927776337
1790341579586808800,38.624808837890626,9.346963882446289,0.17477671802043915,-0.8858546018600464
1790341579603272200,38.64127221679688,9.193734169006348,-0.5482721924781799,0.751779317855835
1790341579619714800,38.65771484375,10.074800491333008,-1.0534487962722778,0.8259995579719543
1790341579636187000,38.67418676757813,9.696516990661621,0.5746083855628967,-1.522712230682373
1790341579652631000,38.69063110351563,9.567230224609375,-1.192312479019165,0.7972691655158997
1790341579669071000,38.707071044921875,10.158597946166992,-0.2992752194404602,-0.9193734526634216
1790341579685516300,38.72351635742187,9.682151794433594,-0.12689268589019775,-0.6392518281936646
1790341579701989000,38.739989013671874,10.232817649841309,-0.7972691655158997,-0.033518824726343155
1790341579718430200,38.75643017578125,9.409213066101074,-0.7757213711738586,-0.4429273009300232
1790341579734879700,38.772879638671874,10.611102104187012,-0.4405331015586853,-0.2849099934101105
1790341579751353300,38.78935327148437,9.821015357971191,-0.811634361743927,-0.3687070608139038
1790341579767800800,38.80580078125,9.299078941345215,-0.49320554733276367,-0.7110779285430908
1790341579784340500,38.822340576171875,9.5624418258667,-0.07900865375995636,-0.6655880808830261
1790341579800787000,38.838786865234376,10.596736907958984,-0.47405192255973816,-0.5339069962501526
1790341579817231600,38.85523168945313,9.981427192687988,-0.2513911724090576,-0.24420857429504395
1790341579833638400,38.871638427734375,8.918401718139648,-1.6041151285171509,-0.8762778043746948
1790341579850080300,38.88808032226562,11.719616889953613,0.9169792532920837,-0.06703764945268631
1790341579866551600,38.904551513671876,8.051700592041016,-1.7717092037200928,0.2561795711517334
1790341579883022800,38.92102294921875,10.055646896362305,0.24420857429504395,-1.235408067703247
1790341579899468300,38.93746826171875,10.319009780883789,0.6799532771110535,0.047884032130241394
1790341579915959000,38.953958984375,9.739612579345703,-0.5650315880775452,-1.0534487962722778
1790341579932405200,38.9704052734375,10.160991668701172,0.26815059781074524,-0.6775590777397156
1790341579948850200,38.98685009765625,10.431536674499512,-0.3495534360408783,-0.2082955539226532
1790341579965293000,39.00329296875,10.879252433776855,0.028730420395731926,-1.2473790645599365
1790341579981739000,39.019739013671874,9.959878921508789,-0.5339069962501526,0.8092401623725891
1790341579998124300,39.036124267578124,10.235212326049805,0.24660277366638184,-1.278503656387329
1790341580014567000,39.05256689453125,8.619126319885254,-0.26336219906806946,-0.08619125932455063
1790341580031014100,39.06901416015625,10.414777755737305,-0.49799394607543945,-0.42856210470199585
1790341580047460400,39.08546044921875,10.505757331848145,-0.31364041566848755,-0.768538773059845
1790341580063873800,39.101873779296874,9.114726066589355,-0.19871874153614044,-0.047884032130241394
1790341580080344600,39.118344482421875,9.655815124511719,-0.6153098344802856,-0.13168109953403473
1790341580096789000,39.1347890625,8.944737434387207,-0.45010992884635925,-0.9552865028381348
1790341580113232400,39.151232421875,10.5344877243042,-0.6943184733390808,0.2322375625371933
1790341580129706000,39.1677060546875,9.765948295593262,-1.0845733880996704,-0.5386953949928284
1790341580146152200,39.18415209960938,10.445901870727539,-0.17717093229293823,-0.6751648783683777
1790341580162598000,39.200597900390626,9.653421401977539,-0.49799394607543945,-0.26096799969673157
1790341580179042800,39.21704272460938,9.854534149169922,-1.414973258972168,-0.8427590131759644
1790341580195491300,39.2334912109375,10.651803016662598,0.4836287498474121,-0.3926490843296051
1790341580211939800,39.24993994140625,9.50737476348877,-0.4668693244457245,-0.5027823448181152
1790341580228394800,39.26639477539062,9.835380554199219,0.14604631066322327,-0.5937620401382446
1790341580244840400,39.28284033203125,9.167398452758789,0.07900865375995636,0.24899697303771973
1790341580261286000,39.299285888671875,10.000580787658691,-0.047884032130241394,-0.2346317619085312
1790341580277765400,39.315765380859375,9.612719535827637,-0.3663128614425659,0.028730420395731926
1790341580294212600,39.33221264648437,9.8784761428833,0.26575639843940735,-0.5841852426528931
1790341580310662400,39.34866235351563,10.319009780883789,-0.026336219161748886,-0.5650315880775452
1790341580327176000,39.365176025390625,10.24000072479248,-0.33997663855552673,0.0933738648891449
1790341580343623700,39.38162377929687,10.177751541137695,0.1604115068912506,-0.4596867263317108
1790341580360076000,39.398075927734375,9.655815124511719,0.047884032130241394,0.35673606395721436
1790341580376554000,39.41455395507813,9.430760383605957,0.14604631066322327,-0.40940847992897034
1790341580393003800,39.431003662109376,10.259154319763184,0.10773907601833344,-0.751779317855835
1790341580409450800,39.44745068359375,10.271124839782715,0.047884032130241394,-0.2059013396501541
1790341580425896000,39.46389599609375,10.879252433776855,0.10295066982507706,-1.1468225717544556
1790341580442337800,39.480337890625,9.828198432922363,0.1628057211637497,-1.137245774269104
1790341580458776000,39.49677612304688,10.302249908447266,0.6560112833976746,-0.26096799969673157
1790341580475218700,39.51321875,9.222464561462402,0.002394201699644327,-0.7829039692878723
1790341580491657500,39.52965747070313,10.17296314239502,0.0933738648891449,-0.6009446382522583
1790341580508094200,39.54609423828125,9.708487510681152,0.2346317619085312,-0.6823474764823914
1790341580524530400,39.562530517578125,10.302249908447266,0.31842881441116333,-0.6224924325942993
1790341580540965600,39.578965576171875,9.940725326538086,0.2825157940387726,-0.6057330369949341
1790341580557403000,39.59540283203125,9.696516990661621,-0.3495534360408783,-0.30885201692581177
1790341580573863000,39.61186279296875,10.357316970825195,0.4165911078453064,-0.3663128614425659
1790341580590302500,39.628302490234375,9.399636268615723,0.08619125932455063,-0.4836287498474121
1790341580606742300,39.6447421875,9.907206535339355,0.15562310814857483,-0.667982280254364
1790341580623211300,39.661211181640624,10.029311180114746,0.23942017555236816,-0.28969839215278625
1790341580639652000,39.677652099609375,9.536105155944824,-0.8020575642585754,-0.3926490843296051
1790341580656095000,39.69409497070313,10.74996566772461,0.1628057211637497,-0.31124621629714966
1790341580672577500,39.71057763671875,9.701305389404297,-0.040701430290937424,-0.49559974670410156
1790341580689017300,39.72701733398438,9.622296333312988,0.3519476354122162,-1.039083480834961
1790341580705455600,39.74345556640625,9.651026725769043,-0.047884032130241394,-0.8475474119186401
1790341580721900000,39.75990014648438,9.41400146484375,-0.7733271718025208,-1.1276689767837524
1790341580738340600,39.776340576171876,10.656591415405273,0.21547815203666687,-0.7661445140838623
1790341580754778400,39.7927783203125,10.237606048583984,0.3232172429561615,-0.22505496442317963
1790341580771247600,39.80924755859375,9.682151794433594,0.5291185975074768,-1.0797849893569946
1790341580787624700,39.82562475585937,9.655815124511719,0.2346317619085312,-0.2346317619085312
1790341580804063200,39.84206323242187,9.583989143371582,0.5051765441894531,-0.8858546018600464
1790341580820535600,39.85853564453125,9.806650161743164,0.3280056416988373,-0.27054479718208313
1790341580836979200,39.87497924804688,9.330204010009766,0.12449848651885986,-1.256955862045288
1790341580853424600,39.891424560546874,9.818621635437012,0.033518824726343155,-0.7206547260284424
1790341580869897500,39.9078974609375,9.90241813659668,0.29209262132644653,-0.7015010714530945
1790341580886342000,39.924341796875,9.512163162231445,0.15083470940589905,-1.0223240852355957
1790341580902786800,39.94078686523437,9.050082206726074,-0.2825157940387726,-0.40462008118629456
1790341580919233500,39.957233642578124,9.72285270690918,-0.5051765441894531,-1.6759412288665771
1790341580935679500,39.97367944335937,10.42195987701416,0.12210428714752197,-0.6224924325942993
1790341580952126500,39.99012646484375,9.816226959228516,0.05746084079146385,-0.6751648783683777
1790341580968579000,40.0065791015625,9.739612579345703,0.06224924325942993,-0.9409212470054626
1790341580985025500,40.023025634765624,9.330204010009766,0.1173158809542656,-0.5746083855628967
1790341581001428700,40.0394287109375,9.227252960205078,-0.44532153010368347,-1.0342950820922852
1790341581017872600,40.05587255859375,10.096348762512207,-0.6799532771110535,-0.6727706789970398
1790341581034316000,40.07231591796875,10.565611839294434,-0.7493851184844971,-0.9457096457481384
1790341581050760200,40.08876025390625,10.517727851867676,-0.22744916379451752,-1.1468225717544556
1790341581067218400,40.105218505859376,9.725247383117676,-0.6847416758537292,-0.040701430290937424
1790341581083662800,40.121662841796876,10.400412559509277,-0.36152446269989014,-1.0223240852355957
1790341581100107500,40.138107421875,9.619902610778809,-1.0438719987869263,-0.24181437492370605
1790341581116579800,40.15457983398438,10.457873344421387,0.28969839215278625,-1.2952631711959839
1790341581132969500,40.170969482421874,9.950302124023438,-0.14604631066322327,0.17956513166427612
1790341581149413600,40.18741357421875,8.966285705566406,0.12928688526153564,-2.4851813316345215
1790341581165858000,40.203858154296874,10.08437728881836,1.0797849893569946,-0.7206547260284424
1790341581182304800,40.2203046875,10.038887977600098,-1.656787633895874,-0.4165911078453064
1790341581198753500,40.23675341796875,10.194510459899902,0.3926490843296051,-1.7980455160140991
1790341581215206100,40.2532060546875,10.438719749450684,-0.42377370595932007,-0.05027823522686958
1790341581231650600,40.269650634765625,9.897629737854004,0.019153613597154617,-0.5339069962501526
1790341581248093000,40.286093017578125,10.316615104675293,-0.4381389021873474,-1.4652514457702637
1790341581264565800,40.30256567382813,9.99100399017334,-0.4213795065879822,-0.4357447028160095
1790341581281007000,40.31900708007812,10.079588890075684,-0.3902548849582672,-0.8140285611152649
1790341581297446700,40.33544677734375,9.002198219299316,-0.7948749661445618,-0.6799532771110535
1790341581313907700,40.35190771484375,9.962273597717285,0.22505496442317963,-0.6655880808830261
1790341581330348500,40.3683486328125,8.492233276367188,-0.8690952062606812,-1.6831238269805908
1790341581346790000,40.38478979492187,10.18493366241455,-0.5937620401382446,-0.8259995579719543
1790341581363261400,40.40126147460938,9.986215591430664,-1.403002142906189,-0.6584054827690125
1790341581379703600,40.41770361328125,9.765948295593262,-0.2513911724090576,-1.213860273361206
1790341581396145200,40.43414526367187,9.366117477416992,-0.545877993106842,0.30885201692581177
1790341581412587500,40.45058740234375,9.313444137573242,-0.9528923034667969,-1.0199298858642578
1790341581429030100,40.46703002929687,9.603142738342285,-0.42377370595932007,-0.9145850539207458
1790341581445471500,40.483471435546875,8.662221908569336,-1.3718775510787964,0.33279404044151306
1790341581461917700,40.499917724609375,10.070012092590332,0.33279404044151306,-1.314416766166687
1790341581478361600,40.51636157226562,9.224859237670898,-1.5083470344543457,0.06703764945268631
1790341581494802700,40.532802734375,9.500192642211914,-1.0055646896362305,-1.4293384552001953
1790341581511244800,40.549244873046874,10.857705116271973,0,0.3926490843296051
1790341581527689000,40.56568896484375,9.720458984375,-0.4213795065879822,-1.1300631761550903
1790341581544130600,40.58213061523438,10.14902114868164,-0.43335050344467163,-0.5722141861915588
1790341581560596000,40.59859594726562,9.658209800720215,-0.6751648783683777,-0.4692635238170624
1790341581577032400,40.61503247070313,9.763554573059082,-0.828393816947937,-1.0845733880996704
1790341581593468700,40.63146875,10.788272857666016,-0.40940847992897034,0.12689268589019775
1790341581609933800,40.647933837890626,9.485827445983887,-1.158793568611145,-1.3742717504501343
1790341581626374400,40.66437451171875,10.87446403503418,-0.6991068720817566,-0.49320554733276367
1790341581642816500,40.68081640625,9.670180320739746,-0.9672574996948242,-0.5889736413955688
1790341581659259400,40.69725927734375,9.184157371520996,-1.0103530883789062,-1.5634137392044067
1790341581675679500,40.713679443359375,10.374075889587402,-0.8978256583213806,-0.2059013396501541
1790341581692086800,40.730086669921874,9.821015357971191,-1.1659762859344482,-1.3934253454208374
1790341581708533800,40.74653369140625,11.60708999633789,-0.1628057211637497,-0.5219359993934631
1790341581724974300,40.76297436523438,9.497797966003418,-1.0965443849563599,-0.43335050344467163
1790341581741414100,40.7794140625,8.585607528686523,-0.7134721279144287,-0.8858546018600464
1790341581757886200,40.79588623046875,9.366117477416992,-0.10055647045373917,-0.2585737705230713
1790341581774326000,40.81232592773438,10.093954086303711,-0.45489832758903503,-0.17238251864910126
1790341581790764300,40.82876440429688,9.459490776062012,-0.7757213711738586,-1.460463047027588
1790341581807223800,40.84522387695313,10.465055465698242,-0.1173158809542656,0.4908113479614258
1790341581823664000,40.8616640625,10.237606048583984,0.038307227194309235,-0.9792284965515137
1790341581840105500,40.87810546875,9.078812599182129,-0.1412578970193863,-1.9081788063049316
1790341581856575500,40.89457543945313,9.931148529052734,0.16759411990642548,0.06224924325942993
1790341581873017300,40.911017333984375,10.053253173828125,-0.8786720037460327,-0.6488286852836609
1790341581889460200,40.92746020507813,10.737994194030762,0.706289529800415,-1.5873557329177856
1790341581905903400,40.9439033203125,9.224859237670898,-0.24420857429504395,-0.40940847992897034
1790341581922349000,40.96034912109375,9.172186851501465,-0.0071826050989329815,-1.9369091987609863
1790341581938791700,40.97679174804688,10.54406452178955,0.7637503147125244,-1.5298948287963867
1790341581955239400,40.99323950195313,9.244012832641602,-0.8643068075180054,-1.556231141090393
1790341581971682300,41.00968237304688,11.88002872467041,-0.07661445438861847,-0.5434837937355042
1790341581988126000,41.0261259765625,9.5408935546875,-0.5410895943641663,-1.9560627937316895
1790341582004573400,41.04257348632812,10.843339920043945,0.0694318488240242,-2.054224967956543
1790341582020954000,41.0589541015625,10.113107681274414,-0.8164227604866028,-0.667982280254364
1790341582037398500,41.0753984375,11.724405288696289,-0.12210428714752197,-2.408566951751709
1790341582053859800,41.09185986328125,9.5408935546875,-0.9816226959228516,-1.766920804977417
1790341582070346800,41.1083466796875,10.012551307678223,-0.7541735172271729,-0.2346317619085312
1790341582086789400,41.12478930664062,9.892841339111328,-0.37828385829925537,-1.6496049165725708
1790341582103257300,41.14125732421875,9.11233139038086,-1.2258312702178955,-0.1843535304069519
1790341582119642000,41.15764208984375,10.390835762023926,-0.26815059781074524,-1.3335703611373901
1790341582136084700,41.17408471679688,10.316615104675293,-1.1827356815338135,-0.36152446269989014
1790341582152525600,41.19052563476563,10.958261489868164,0.16998831927776337,-1.0199298858642578
1790341582168965600,41.206965576171875,8.073247909545898,-0.7996633648872375,-0.5770025849342346
1790341582185408500,41.223408447265626,9.622296333312988,0.090979665517807,-0.40940847992897034
1790341582201854500,41.2398544921875,9.737217903137207,-0.7422025203704834,-1.0127472877502441
1790341582218296000,41.25629614257812,11.08994197845459,-0.2777273952960968,-1.2545616626739502
1790341582234738200,41.27273828125,10.781089782714844,-0.07661445438861847,-1.778891921043396
1790341582251213000,41.289213134765625,10.055646896362305,-0.6871358752250671,-1.2042834758758545
1790341582267654400,41.305654296875,10.170568466186523,-0.6248866319656372,-1.3024457693099976
1790341582284097500,41.32209765625,10.414777755737305,-0.272938996553421,-1.0007762908935547
1790341582300564000,41.33856396484375,9.318233489990234,-0.47165772318840027,-1.5131354331970215
1790341582317006300,41.35500634765625,9.50498104095459,-0.7445967197418213,-1.1516109704971313
1790341582333452000,41.3714521484375,9.191340446472168,-0.2968810200691223,-1.1061211824417114
1790341582349926000,41.38792578125,8.987833023071289,-0.9097966551780701,-1.4437036514282227
1790341582366369800,41.404369873046875,9.619902610778809,-0.44771572947502136,-1.5849615335464478
1790341582382755600,41.42075561523438,10.864887237548828,-0.8906430602073669,-1.1109095811843872
1790341582399199200,41.43719921875,9.780313491821289,-0.5746083855628967,-1.9129672050476074
1790341582415645200,41.45364526367187,9.99100399017334,-0.9840168952941895,0.4381389021873474
1790341582432091000,41.4700908203125,9.72285270690918,-1.1994950771331787,-0.8786720037460327
1790341582448539400,41.48653930664062,10.675745010375977,0.35673606395721436,-0.3998316824436188
1790341582464984600,41.502984619140626,8.990227699279785,-1.3958195447921753,-0.5650315880775452
1790341582481426700,41.5194267578125,9.828198432922363,-0.5315127968788147,-1.5418659448623657
1790341582497867800,41.53586767578125,9.531316757202148,-0.3280056416988373,0.26575639843940735
1790341582514308600,41.55230859375,9.339780807495117,-0.9888052940368652,-1.1348515748977661
1790341582530751000,41.5687509765625,10.283096313476562,-0.4692635238170624,-1.05105459690094
1790341582547220500,41.585220458984374,8.705317497253418,-0.7996633648872375,0.524330198764801
1790341582563664000,41.60166381835938,10.160991668701172,-0.5554547905921936,-1.290474772453308
1790341582580108500,41.61810864257812,10.105925559997559,-0.6057330369949341,-1.1276689767837524
1790341582596580000,41.634580078125,10.268731117248535,-0.4644751250743866,-0.629675030708313
1790341582613023500,41.6510234375,10.302249908447266,0.035913024097681046,-1.280897855758667
1790341582629463800,41.6674638671875,9.402029991149902,-0.8044517636299133,-1.070208191871643
1790341582645904000,41.68390380859375,8.884882926940918,-0.5722141861915588,-0.828393816947937
1790341582662343200,41.70034326171875,9.490615844726562,0.002394201699644327,-0.7757213711738586
1790341582678786800,41.716786865234376,8.925583839416504,-0.6057330369949341,-1.0414776802062988
1790341582695236600,41.733236572265625,10.089165687561035,-0.5937620401382446,-1.338358759880066
1790341582711681300,41.74968139648438,10.623072624206543,-0.4381389021873474,-0.35434186458587646
1790341582728128800,41.766128662109374,9.770736694335938,-0.507570743560791,-1.3503297567367554
1790341582744538000,41.7825380859375,10.347740173339844,-0.12449848651885986,-0.8547300100326538
1790341582760980700,41.798980712890625,9.655815124511719,-0.3423708379268646,-1.2713210582733154
1790341582777421800,41.815421875,10.089165687561035,-0.6967126727104187,-0.8236053586006165
1790341582793902800,41.83190283203125,9.952696800231934,-0.6799532771110535,-1.1444283723831177
1790341582810347800,41.84834765625,9.32302188873291,-0.08379705995321274,-1.7357962131500244
1790341582826793500,41.86479345703125,8.662221908569336,-0.3687070608139038,-1.2186486721038818
1790341582843268900,41.881268798828124,9.126696586608887,-0.10055647045373917,-1.3862427473068237
1790341582859711700,41.897711669921875,10.57040023803711,-1.2665326595306396,-1.6208745241165161
1790341582876155100,41.91415502929687,10.42195987701416,0.5889736413955688,-0.507570743560791
1790341582892596200,41.93059619140625,7.249642848968506,0.6057330369949341,-2.3319525718688965
1790341582909039000,41.9470390625,7.261613845825195,-1.7884687185287476,1.9823989868164062
1790341582925480400,41.96348046875,9.677363395690918,-1.7884687185287476,-1.0869675874710083
1790341582941926000,41.97992578125,11.544840812683105,2.343923568725586,-0.0933738648891449
1790341582958368500,41.996368408203125,10.041281700134277,-3.026270866394043,-0.8236053586006165
1790341582974807800,42.01280786132813,9.373299598693848,-1.0438719987869263,-0.1173158809542656
1790341582991248600,42.02924853515625,9.919178009033203,0.2346317619085312,0.22266076505184174
1790341583007692300,42.0456923828125,9.478644371032715,-3.512293815612793,-0.4644751250743866
1790341583024132900,42.0621328125,11.085153579711914,-1.2880805730819702,-3.2776620388031006
1790341583040594700,42.0785947265625,7.814674377441406,-1.381454348564148,-0.38307225704193115
1790341583056978400,42.094978515625,7.881711959838867,0,-2.054224967956543
1790341583073440000,42.11143994140625,11.69806957244873,-0.040701430290937424,-2.911349296569824
1790341583089910000,42.127909912109374,10.828974723815918,-1.4867992401123047,2.557007312774658
1790341583106815000,42.14481494140625,9.476250648498535,-1.2976573705673218,-3.2848446369171143
1790341583122498600,42.16049853515625,11.894393920898438,-0.4884171485900879,-2.5546131134033203
1790341583138939000,42.17693896484375,9.694122314453125,-0.5913678407669067,1.7310078144073486
1790341583155381200,42.19338134765625,9.442731857299805,0.4118026793003082,-0.4357447028160095
1790341583171823600,42.20982373046875,8.195352554321289,-0.8092401623725891,-2.343923568725586
1790341583188271400,42.226271240234375,9.411606788635254,-0.1364694982767105,-0.24420857429504395
1790341583204713500,42.24271337890625,9.895236015319824,-0.8978256583213806,-1.0031704902648926
1790341583221159000,42.25915893554688,11.109095573425293,-0.3280056416988373,-1.036689281463623
1790341583237634600,42.27563452148438,9.677363395690918,-0.23942017555236816,-0.8188169598579407
1790341583254078500,42.292078369140626,6.897695064544678,-0.4692635238170624,0.40940847992897034
1790341583270528500,42.30852856445313,11.57357120513916,2.1164743900299072,-2.1595699787139893
1790341583286983700,42.324983642578125,8.485051155090332,-2.032677173614502,1.9345149993896484
1790341583303425800,42.34142578125,11.688492774963379,0.9217676520347595,-5.16429328918457
1790341583319867400,42.35786743164063,9.155426979064941,-1.7334020137786865,-1.4963760375976562
1790341583336340500,42.374340576171875,10.223240852355957,1.802833914756775,0.002394201699644327
1790341583352780800,42.39078076171875,6.995857238769531,-2.3247697353363037,-1.5921441316604614
1790341583369224200,42.40722412109375,14.484920501708984,2.4660277366638184,-0.06464344263076782
1790341583385667600,42.42366748046875,9.174580574035645,-2.073378562927246,-0.2537853717803955
1790341583402111700,42.44011181640625,10.807426452636719,-0.3280056416988373,-2.8634653091430664
1790341583418555400,42.45655541992188,10.730812072753906,2.027888774871826,-0.06224924325942993
1790341583435008000,42.47300805664062,7.560888767242432,-1.9273324012756348,-1.7717092037200928
1790341583451454000,42.48945385742188,9.619902610778809,0.023942016065120697,-1.8076223134994507
1790341583467900200,42.50590014648437,10.022128105163574,-1.4245500564575195,1.3958195447921753
1790341583484344300,42.52234423828125,10.316615104675293,-0.4908113479614258,-1.6208745241165161
1790341583500787700,42.53878759765625,8.429984092712402,-1.625662922859192,-1.4077905416488647
1790341583517231400,42.5552314453125,9.521739959716797,-0.47405192255973816,-1.5322890281677246
1790341583533686800,42.57168676757812,8.678980827331543,-2.3343467712402344,0.4357447028160095
1790341583550130400,42.58813037109375,11.48259162902832,-0.5506663918495178,-0.30885201692581177
1790341583566575600,42.60457568359375,9.17936897277832,-0.7805097699165344,-2.406172752380371
1790341583583048400,42.62104833984375,8.975862503051758,-1.2473790645599365,-0.2968810200691223
1790341583599493400,42.63749340820313,9.466673851013184,-0.9983820915222168,-1.0893617868423462
1790341583615940000,42.65394018554687,10.558429718017578,-0.22505496442317963,-1.194706678390503
1790341583632391700,42.6703916015625,9.758766174316406,-1.9823989868164062,-1.113303780555725
1790341583648842000,42.68684204101562,10.041281700134277,0.29209262132644653,0.27054479718208313
1790341583665289500,42.70328955078125,8.255207061767578,-0.9361328482627869,-1.944091796875
1790341583681736700,42.71973681640625,8.98543930053711,-1.259350061416626,-2.0470423698425293
1790341583698180400,42.73618041992187,11.075576782226562,-1.1252747774124146,0.07182604819536209
1790341583714625500,42.75262548828125,9.478644371032715,-1.6879122257232666,-2.9305028915405273
1790341583731102200,42.76910229492187,10.120290756225586,-0.768538773059845,-0.9840168952941895
1790341583747545300,42.78554541015625,9.938331604003906,-1.8770540952682495,-0.3016694188117981
1790341583763991600,42.801991455078124,10.802638053894043,-0.5219359993934631,-0.36152446269989014
1790341583780492300,42.8184921875,7.3023152351379395,-1.5705963373184204,-1.4628572463989258
1790341583796935700,42.834935791015624,8.971074104309082,-1.1252747774124146,-0.8643068075180054
1790341583813313000,42.85131298828125,9.397241592407227,-0.45489832758903503,-1.821987509727478
1790341583829786000,42.8677861328125,9.701305389404297,-1.0630255937576294,-1.1899182796478271
1790341583846231800,42.884231689453124,10.335768699645996,0.7038952708244324,-2.4013843536376953
1790341583862675500,42.90067553710937,9.53849983215332,-1.656787633895874,-0.6368576288223267
1790341583879118800,42.917118896484375,9.473855972290039,-0.43095630407333374,-2.33913516998291
1790341583895566800,42.93356689453125,11.238382339477539,-0.9265560507774353,-0.3495534360408783
1790341583912012000,42.95001196289063,10.070012092590332,-1.8770540952682495,-0.545877993106842
1790341583928458800,42.96645874023437,10.541669845581055,-1.0007762908935547,-1.0893617868423462
1790341583944902400,42.98290234375,9.095572471618652,-1.2066776752471924,-0.6775590777397156
1790341583961345000,42.99934497070313,9.457097053527832,-1.2210428714752197,-1.2306196689605713
1790341583977789700,43.01578979492187,9.421183586120605,-0.6009446382522583,-0.15801730751991272
1790341583994231800,43.03223168945313,8.439560890197754,-1.45806884765625,-0.9002198576927185
1790341584010675700,43.04867578125,10.254365921020508,0.9289502501487732,-2.1356279850006104
1790341584027140900,43.06514086914063,8.635885238647461,-2.032677173614502,-0.3256114423274994
1790341584043585000,43.0815849609375,10.02452278137207,-0.8834604024887085,-2.343923568725586
1790341584060016600,43.0980166015625,11.487380027770996,-1.1276689767837524,0.16519992053508759
1790341584076319700,43.11431982421875,9.732429504394531,-0.016759412363171577,-1.501164436340332
1790341584092763600,43.130763671875,11.69806957244873,-0.27054479718208313,0.8331822156906128
1790341584109206800,43.147206787109376,7.898471355438232,-1.2066776752471924,-2.2601263523101807
1790341584125514000,43.163513916015624,10.414777755737305,0.17956513166427612,-0.47644615173339844
1790341584141958400,43.17995849609375,9.80904483795166,-1.479616641998291,-1.4532804489135742
1790341584158401300,43.1964013671875,9.569623947143555,-0.7805097699165344,-0.9983820915222168
1790341584174852900,43.212852783203125,10.644620895385742,-1.3838485479354858,-2.1332337856292725
1790341584191297300,43.22929736328125,9.959878921508789,-0.6943184733390808,0.15083470940589905
1790341584207740700,43.24574072265625,8.875306129455566,-1.1755530834197998,-0.8643068075180054
1790341584224218400,43.26221826171875,10.096348762512207,-0.14604631066322327,-1.3239935636520386
1790341584240660700,43.27866064453125,9.588777542114258,-1.9057846069335938,-1.455674648284912
1790341584257103600,43.295103515625,10.398017883300781,-0.08379705995321274,-2.2912509441375732
1790341584273570300,43.3115703125,10.383652687072754,-2.03507137298584,0.19153612852096558
1790341584290013700,43.328013671875,9.780313491821289,-0.5099649429321289,-1.5203180313110352
1790341584306456800,43.34445678710937,10.213664054870605,-0.4644751250743866,-1.0223240852355957
1790341584322926800,43.3609267578125,9.536105155944824,-1.6424223184585571,-0.4405331015586853
1790341584339364600,43.377364501953124,10.20648193359375,-0.22026655077934265,-1.1109095811843872
1790341584355807000,43.393806884765624,9.66539192199707,-0.9888052940368652,-0.5195417404174805
1790341584372249600,43.41024951171875,8.561665534973145,-0.993593692779541,-1.0845733880996704
1790341584388694300,43.4266943359375,11.35809326171875,-0.5793967843055725,-0.2944868206977844
1790341584405133300,43.44313330078125,9.172186851501465,-1.4293384552001953,-0.9217676520347595
1790341584421581000,43.4595810546875,10.251971244812012,-0.8451532125473022,0
1790341584438027000,43.476027099609375,9.490615844726562,-0.790086567401886,-0.7134721279144287
1790341584454476000,43.49247607421875,9.639056205749512,-0.6823474764823914,-0.7469909191131592
1790341584470866000,43.508865966796876,10.163386344909668,-0.7015010714530945,-0.33758243918418884
1790341584487309000,43.52530908203125,10.093954086303711,-0.6560112833976746,-0.8164227604866028
1790341584503747800,43.54174780273438,11.259930610656738,0.06464344263076782,0.7469909191131592
1790341584520201500,43.55820141601563,9.385271072387695,-1.3096283674240112,-0.08140286058187485
1790341584536643600,43.5746435546875,11.305420875549316,-0.7541735172271729,-0.4357447028160095
1790341584553088000,43.591087890625,8.731653213500977,-0.9720458984375,-0.1628057211637497
1790341584569558300,43.60755834960938,9.368511199951172,-1.0271124839782715,-1.8363527059555054
1790341584585998800,43.623998779296876,10.194510459899902,-1.0271124839782715,-0.36152446269989014
1790341584602440000,43.64043994140625,10.072406768798828,-0.8738836050033569,-0.47644615173339844
1790341584618881500,43.656881591796875,9.282320022583008,-1.8555063009262085,-1.0558429956436157
1790341584635324000,43.673323974609374,9.610325813293457,-0.12689268589019775,0.22026655077934265
1790341584651764700,43.6897646484375,9.265560150146484,-1.292868971824646,-0.6368576288223267
1790341584668213500,43.70621362304688,9.715670585632324,-0.24181437492370605,-0.8307880163192749
1790341584684653800,43.72265380859375,10.122684478759766,-0.7733271718025208,-0.7110779285430908
1790341584701096000,43.739095947265625,9.53849983215332,-0.43335050344467163,-0.8954314589500427
1790341584717562600,43.755562744140626,10.259154319763184,-1.3263877630233765,-0.2082955539226532
1790341584734005800,43.772005859375,10.314221382141113,-0.9983820915222168,-0.6105214357376099
1790341584750448400,43.78844848632812,10.72602367401123,-0.6344634294509888,0.4189853072166443
1790341584766905000,43.804905029296876,8.755595207214355,-0.35913026332855225,-1.4987702369689941
1790341584783347200,43.82134716796875,9.282320022583008,-0.545877993106842,0.05027823522686958
1790341584799787800,43.837787841796874,10.156203269958496,-1.115697979927063,-1.2114660739898682
1790341584816302300,43.85430224609375,11.001357078552246,-0.8475474119186401,-0.6177040338516235
1790341584832747300,43.870747314453126,10.448296546936035,-0.4668693244457245,-0.5315127968788147
1790341584849191000,43.88719091796875,9.816226959228516,-1.3718775510787964,-0.4118026793003082
1790341584865633800,43.9036337890625,10.441113471984863,-0.6272808313369751,-0.3998316824436188
1790341584882078500,43.920078369140626,9.797073364257812,-1.0055646896362305,-0.8427590131759644
1790341584898523100,43.93652319335938,9.749189376831055,-0.9983820915222168,-0.727837324142456
1790341584914972000,43.95297192382812,10.053253173828125,-0.7398083209991455,-0.5674257874488831
1790341584931415600,43.96941552734375,10.36449909210205,-1.1180921792984009,-0.6488286852836609
1790341584947857700,43.985857666015626,10.970232009887695,-0.38546648621559143,-0.8188169598579407
1790341584964300800,44.00230078125,9.68694019317627,-1.316810965538025,0.12210428714752197
1790341584980742400,44.018742431640625,10.235212326049805,0.6775590777397156,-0.3423708379268646
1790341584997184000,44.03518408203125,9.658209800720215,0.2298433631658554,-0.05267243832349777
1790341585013643800,44.051643798828124,8.066065788269043,-0.6248866319656372,-0.3447650372982025
1790341585030085000,44.06808520507813,9.63187313079834,0.689530074596405,-0.6919242739677429
1790341585046527000,44.08452685546875,8.698134422302246,-0.7924807667732239,0.21547815203666687
1790341585062937000,44.10093701171875,10.47942066192627,0.395043283700943,-0.730231523513794
1790341585079380200,44.11738012695312,8.525752067565918,0.16759411990642548,-0.16519992053508759
1790341585095819800,44.13381982421875,9.782708168029785,-0.4908113479614258,-0.10295066982507706
1790341585112259600,44.15025952148437,10.649409294128418,0.3495534360408783,0.45010992884635925
1790341585128701200,44.166701171875,9.330204010009766,0.1364694982767105,-1.0438719987869263
1790341585145188000,44.18318798828125,9.390059471130371,-0.023942016065120697,1.0773907899856567
1790341585161633800,44.1996337890625,9.617507934570312,0.6655880808830261,-0.7637503147125244
1790341585178073900,44.21607397460937,8.221688270568848,-0.7781155705451965,0.4836287498474121
1790341585194513700,44.232513671875,8.980650901794434,-0.8355764150619507,0.2106897532939911
1790341585210983200,44.24898315429687,10.682928085327148,0.12689268589019775,0.26096799969673157
1790341585227421700,44.26542163085937,9.955090522766113,-1.2952631711959839,-0.9864110946655273
1790341585243858400,44.2818583984375,10.714052200317383,0.2537853717803955,-0.9528923034667969
1790341585260327000,44.29832690429687,10.165780067443848,-0.6536170840263367,0.3902548849582672
1790341585276771000,44.31477099609375,9.560047149658203,-0.7254431247711182,-0.7972691655158997
1790341585293217000,44.33121704101563,10.623072624206543,-0.272938996553421,-0.6344634294509888
1790341585309691100,44.34769116210938,10.493785858154297,-0.43335050344467163,-0.8930372595787048
1790341585326132000,44.36413208007812,11.094730377197266,-0.06224924325942993,-0.5722141861915588
1790341585342575600,44.38057568359375,9.804255485534668,-0.45250412821769714,-0.9097966551780701
1790341585359016200,44.39701611328125,9.734824180603027,0.21547815203666687,-0.7589619159698486
1790341585375459300,44.41345922851563,10.091560363769531,-0.5602431893348694,-0.6105214357376099
1790341585391901400,44.4299013671875,10.642226219177246,0.05267243832349777,-1.1324573755264282
1790341585408347100,44.44634716796875,10.627861022949219,-0.08140286058187485,-0.9313444495201111
1790341585424789500,44.46278955078125,10.96304988861084,-0.21787235140800476,-0.21547815203666687
1790341585441226200,44.47922631835937,10.74996566772461,0.9193734526634216,-0.2585737705230713
1790341585457666600,44.49566650390625,7.970297336578369,-0.7158663272857666,-0.6703764796257019
1790341585474106400,44.5121064453125,8.844181060791016,0.49799394607543945,0.14844051003456116
1790341585490548200,44.52854833984375,9.694122314453125,-0.2753331959247589,-0.5746083855628967
1790341585507009000,44.54500903320312,9.481039047241211,0.2753331959247589,-0.6943184733390808
1790341585523451000,44.56145092773438,8.559270858764648,0.2513911724090576,0.33997663855552673
1790341585539891200,44.57789111328125,9.435548782348633,-0.23702596127986908,-1.2497732639312744
1790341585556361200,44.594361328125,9.411606788635254,-0.031124621629714966,0.28730419278144836
1790341585572801000,44.61080102539062,9.387664794921875,-0.5650315880775452,-0.16759411990642548
1790341585589242600,44.62724267578125,8.911218643188477,-0.17477671802043915,-1.290474772453308
1790341585605679900,44.64367993164063,9.215282440185547,0.019153613597154617,0.8044517636299133
1790341585622120700,44.66012060546875,9.404424667358398,-0.08379705995321274,-0.4812345504760742
1790341585638562300,44.67656225585937,9.332598686218262,0.021547814831137657,0.20111294090747833
1790341585655009300,44.69300927734375,10.187328338623047,0.019153613597154617,-0.38067805767059326
1790341585671450400,44.70945043945313,10.237606048583984,-0.014365210197865963,-0.8906430602073669
1790341585687892200,44.725892333984376,10.213664054870605,0.3423708379268646,0.10055647045373917
1790341585704365600,44.74236547851562,9.464279174804688,-0.35673606395721436,-0.5267243981361389
1790341585720806400,44.758806396484374,10.153809547424316,0.2777273952960968,-0.9313444495201111
1790341585737249300,44.775249267578126,10.575188636779785,-0.033518824726343155,-0.11971008777618408
1790341585753715200,44.79171508789062,10.065223693847656,-0.3064578175544739,-0.8619126081466675
1790341585770155800,44.80815576171875,10.99656867980957,-0.24660277366638184,0.17477671802043915
1790341585786596900,44.824596923828125,9.581595420837402,0.1149216815829277,-0.3280056416988373
1790341585803063800,44.841063720703126,9.241618156433105,-0.35913026332855225,-0.7206547260284424
1790341585819384300,44.85738427734375,10.273519515991211,-0.4189853072166443,-0.29209262132644653
1790341585835828200,44.873828125,10.845733642578125,-0.22266076505184174,-0.2992752194404602
1790341585852269800,44.89026977539063,10.994174003601074,-0.31124621629714966,-0.22505496442317963
1790341585868710100,44.90671020507813,9.622296333312988,0.20350714027881622,-0.0933738648891449
1790341585885151000,44.92315087890625,9.028534889221191,0.1628057211637497,-0.5363011956214905
1790341585901603000,44.93960302734375,9.801861763000488,0.6775590777397156,-0.3519476354122162
1790341585918045400,44.95604541015625,10.33098030090332,-0.2322375625371933,-0.586579442024231
1790341585934490400,44.972490478515624,10.168174743652344,0.181959331035614,-0.4165911078453064
1790341585950934000,44.98893408203125,9.890447616577148,0.1867477297782898,0.1867477297782898
1790341585967376400,45.00537646484375,9.612719535827637,0.38307225704193115,-0.8355764150619507
1790341585983819500,45.02181958007812,9.445125579833984,0.9481038451194763,-0.1843535304069519
1790341586000288300,45.038288330078124,9.255983352661133,0.6392518281936646,-0.7374141216278076
1790341586016733000,45.05473291015625,9.083600997924805,1.237802267074585,-1.2018892765045166
1790341586033177300,45.07117724609375,9.593565940856934,0.7182605266571045,-1.072602391242981
1790341586049651200,45.087651123046875,9.9000244140625,1.3335703611373901,-0.31842881441116333
1790341586066038800,45.10403881835938,9.739612579345703,0.8762778043746948,-0.6560112833976746
1790341586082487000,45.12048706054688,9.244012832641602,1.170764684677124,-0.002394201699644327
1790341586098934500,45.1369345703125,8.96149730682373,1.1540051698684692,-0.5602431893348694
1790341586115383800,45.1533837890625,9.090784072875977,0.9361328482627869,-0.629675030708313
1790341586131831300,45.16983129882812,9.009381294250488,0.849941611289978,-0.05267243832349777
1790341586148281600,45.18628149414062,9.332598686218262,0.5315127968788147,-1.1516109704971313
1790341586164662500,45.20266259765625,10.393229484558105,0.5195417404174805,-0.6057330369949341
1790341586181107000,45.21910693359375,10.35252857208252,0.31364041566848755,-0.3447650372982025
1790341586197581800,45.235581787109375,9.952696800231934,0.40940847992897034,-0.5722141861915588
1790341586214026800,45.25202685546875,9.964667320251465,0.667982280254364,0.3663128614425659
1790341586230470400,45.268470458984375,10.319009780883789,0.6368576288223267,-0.24899697303771973
1790341586246940000,45.28493994140625,9.509769439697266,0.7948749661445618,-0.21547815203666687
1790341586263385900,45.3013857421875,10.072406768798828,1.1803414821624756,-1.0749965906143188
1790341586279828700,45.31782885742187,9.08838939666748,0.06703764945268631,-0.10773907601833344
1790341586296299300,45.33429931640625,10.572794914245605,0.8403648138046265,-0.2992752194404602
1790341586312738800,45.35073876953125,9.694122314453125,0.3663128614425659,-0.6224924325942993
1790341586329179400,45.367179443359376,11.446678161621094,0.7852981686592102,-0.038307227194309235
1790341586345618400,45.38361840820313,10.977415084838867,0.31842881441116333,-0.646434485912323
1790341586362059800,45.40005981445312,9.004592895507812,1.1324573755264282,-0.1628057211637497
1790341586378503400,45.41650341796875,10.005369186401367,0.6871358752250671,0.12928688526153564
1790341586394955300,45.43295532226563,9.44991397857666,0.5626373887062073,0.6105214357376099
1790341586411400200,45.44940014648437,10.022128105163574,0.7613561153411865,-1.256955862045288
1790341586427841000,45.46584106445312,9.490615844726562,0.5506663918495178,0.031124621629714966
1790341586444282000,45.4822822265625,10.366893768310547,0.5626373887062073,-0.3280056416988373
1790341586460722200,45.49872216796875,9.770736694335938,1.237802267074585,-0.7733271718025208
1790341586477166800,45.51516674804687,9.41639518737793,0.8882488012313843,-0.45489832758903503
1790341586493574700,45.53157470703125,9.294290542602539,0.28730419278144836,-0.9528923034667969
1790341586510018800,45.548018798828124,9.655815124511719,0.8451532125473022,-0.6751648783683777
1790341586526463500,45.56446337890625,9.775525093078613,-0.33518823981285095,-1.039083480834961
1790341586542936300,45.58093627929688,10.60152530670166,-0.031124621629714966,-0.20111294090747833
1790341586559379000,45.59737890625,10.666168212890625,0.40940847992897034,-0.3016694188117981
1790341586575822300,45.613822265625,8.956708908081055,0.3232172429561615,-0.507570743560791
1790341586592267800,45.63026782226562,9.421183586120605,0.6823474764823914,0.38546648621559143
1790341586608713000,45.646712890625,9.363722801208496,-0.16759411990642548,-0.8954314589500427
1790341586625159200,45.6631591796875,10.225635528564453,0.629675030708313,-0.2968810200691223
1790341586641611000,45.679611083984376,9.346963882446289,0.23942017555236816,-1.1252747774124146
1790341586658056700,45.696056640625,10.165780067443848,0.021547814831137657,-0.10295066982507706
1790341586674500900,45.7125009765625,10.005369186401367,0.3495534360408783,-1.1300631761550903
1790341586690975500,45.7289755859375,9.742006301879883,0.12689268589019775,-0.16519992053508759
1790341586707416000,45.745416015625,9.478644371032715,-0.004788403399288654,-0.5817909836769104
1790341586723858000,45.76185791015625,9.892841339111328,0.43335050344467163,-0.5099649429321289
1790341586740327700,45.77832763671875,9.763554573059082,-0.028730420395731926,-1.0079588890075684
1790341586756772400,45.7947724609375,9.138668060302734,-0.2849099934101105,-0.20111294090747833
1790341586773216800,45.811216796875,9.909601211547852,0.6727706789970398,-0.38067805767059326
1790341586789688600,45.8276884765625,9.696516990661621,-0.1412578970193863,-0.3519476354122162
1790341586806132200,45.84413232421875,9.591172218322754,0.14365209639072418,0.002394201699644327
1790341586822578700,45.86057861328125,9.710882186889648,-0.40462008118629456,0.3495534360408783
1790341586838860000,45.87686010742188,9.80904483795166,0.15801730751991272,0.17477671802043915
1790341586855301600,45.89330151367187,9.229647636413574,0.05027823522686958,-0.15322890877723694
1790341586871743200,45.9097431640625,9.461885452270508,0.15562310814857483,0.1604115068912506
1790341586888208600,45.92620874023437,9.327810287475586,0.5650315880775452,0.11252748221158981
1790341586904654600,45.94265454101563,9.121908187866211,-0.395043283700943,-0.5793967843055725
1790341586921101600,45.9591015625,9.50498104095459,0.5506663918495178,0.4189853072166443
1790341586937548800,45.975548828125,10.283096313476562,-0.0071826050989329815,-0.090979665517807
1790341586953991200,45.9919912109375,9.394847869873047,0.19153612852096558,0.3495534360408783
1790341586970435000,46.00843505859375,9.952696800231934,0.0454898327589035,0.6320692300796509
1790341586986902500,46.02490258789062,8.935160636901855,0.07422025501728058,-0.1412578970193863
1790341587003343400,46.04134326171875,8.647856712341309,-0.021547814831137657,0.5363011956214905
1790341587019830800,46.057830810546875,10.285490036010742,-0.009576806798577309,0.667982280254364
1790341587036322000,46.07432202148438,9.921571731567383,-0.2825157940387726,0.47165772318840027
1790341587052804400,46.090804443359374,9.397241592407227,-0.4213795065879822,0.7613561153411865
1790341587069398800,46.107398681640625,9.423578262329102,0.08379705995321274,1.0678139925003052
1790341587085891800,46.12389184570313,9.35893440246582,-0.06703764945268631,0.7996633648872375
1790341587102391000,46.14039111328125,9.725247383117676,-0.3232172429561615,-0.07900865375995636
1790341587118781200,46.15678125,9.07641887664795,0.2513911724090576,0.2992752194404602
1790341587135267600,46.173267578125,9.617507934570312,0.07900865375995636,-0.043095629662275314
1790341587151753700,46.189753662109375,10.536881446838379,-0.035913024097681046,0.5123591423034668
1790341587168170800,46.206170654296876,10.139444351196289,-0.07422025501728058,0.9265560507774353
1790341587184635600,46.2226357421875,10.144232749938965,0.6607996821403503,0.14365209639072418
1790341587201097500,46.23909741210937,9.521739959716797,-0.090979665517807,0.5410895943641663
1790341587217577500,46.255577392578125,9.586383819580078,0.646434485912323,0.35434186458587646
1790341587234123800,46.27212377929688,10.766724586486816,-0.2561795711517334,0.38067805767059326
1790341587250594600,46.28859448242188,10.165780067443848,0.7134721279144287,0.2825157940387726
1790341587267095300,46.30509521484375,10.647014617919922,0.8643068075180054,0.7445967197418213
1790341587283585300,46.32158520507812,9.72285270690918,0.751779317855835,0.8547300100326538
1790341587300066800,46.33806689453125,10.105925559997559,1.1683704853057861,0.35434186458587646
1790341587316589000,46.354589111328124,9.53849983215332,1.4891934394836426,0.12928688526153564
1790341587333077200,46.3710771484375,9.402029991149902,1.5155296325683594,0.6703764796257019
1790341587349575200,46.3875751953125,9.090784072875977,1.580173134803772,0.4668693244457245
1790341587366034400,46.40403442382812,8.87291145324707,1.2976573705673218,0.10055647045373917
1790341587382521600,46.420521484375,9.373299598693848,1.5155296325683594,0.6105214357376099
1790341587399005200,46.437005126953125,10.44350814819336,1.4053963422775269,0.3016694188117981
1790341587415469300,46.45346923828125,9.732429504394531,1.5083470344543457,0.6799532771110535
1790341587431936500,46.4699365234375,9.397241592407227,0.912190854549408,0.3998316824436188
1790341587448428800,46.4864287109375,9.653421401977539,0.9074024558067322,0.4644751250743866
1790341587464907000,46.50290698242188,9.627084732055664,0.5291185975074768,0.3495534360408783
1790341587481418500,46.51941845703125,9.706093788146973,1.0319008827209473,0.6967126727104187
1790341587497906000,46.535906005859374,9.402029991149902,0.5099649429321289,0.5889736413955688
1790341587514350800,46.552350830078126,9.93593692779541,1.8291701078414917,0.5171475410461426
1790341587530877700,46.56887768554687,8.959102630615234,0.8619126081466675,0.5363011956214905
1790341587547363600,46.585363525390626,9.68933391571045,1.01753568649292,0.9409212470054626
1790341587563854300,46.60185424804688,9.425971984863281,1.072602391242981,0.40462008118629456
1790341587580346600,46.6183466796875,9.485827445983887,1.659181833267212,1.1635819673538208
1790341587596849200,46.63484912109375,9.464279174804688,1.4173674583435059,0.2801215946674347
1790341587613343700,46.65134375,9.473855972290039,1.3718775510787964,0.24899697303771973
1790341587629828400,46.66782836914062,9.99100399017334,1.6759412288665771,0.7805097699165344
1790341587646344700,46.6843447265625,9.8784761428833,1.8770540952682495,1.3862427473068237
1790341587662830300,46.700830322265624,10.556035041809082,1.5705963373184204,0.2513911724090576
1790341587679295700,46.717295654296876,9.167398452758789,1.6639702320098877,0.9720458984375
1790341587695753200,46.73375317382813,9.62947940826416,2.2026655673980713,0.1149216815829277
1790341587712237000,46.75023706054687,8.973467826843262,1.8195933103561401,1.4197616577148438
1790341587728786700,46.76678662109375,9.198522567749023,1.556231141090393,0.3974374830722809
1790341587745267700,46.78326782226563,8.93037223815918,1.6615760326385498,0.27054479718208313
1790341587761774600,46.79977465820313,10.680533409118652,0.8307880163192749,1.0797849893569946
1790341587778302500,46.81630249023438,11.453861236572266,1.3335703611373901,0.004788403399288654
1790341587794766000,46.83276611328125,10.156203269958496,0.6871358752250671,0.6009446382522583
1790341587811278800,46.84927880859375,10.582371711730957,1.6543933153152466,0.5578489899635315
1790341587827762200,46.86576220703125,10.27591323852539,1.0869675874710083,0.5793967843055725
1790341587844344600,46.88234448242188,9.155426979064941,1.434126853942871,0.4812345504760742
1790341587860804900,46.898804931640626,9.181763648986816,1.2425906658172607,-0.17956513166427612
1790341587877307100,46.91530712890625,9.641449928283691,1.414973258972168,0.42616790533065796
1790341587893828900,46.93182885742188,9.35654067993164,0.6727706789970398,0.47644615173339844
1790341587910315800,46.94831567382813,8.973467826843262,1.3120225667953491,-0.0454898327589035
1790341587926819000,46.964819091796876,11.061211585998535,1.2856862545013428,-0.028730420395731926
1790341587943317800,46.98131787109375,10.517727851867676,1.4628572463989258,1.5466543436050415
1790341587959801300,46.99780126953125,9.05247688293457,1.4628572463989258,1.0797849893569946
1790341587976349200,47.01434912109375,9.531316757202148,1.7381904125213623,-0.23702596127986908
1790341587992837600,47.03083764648437,9.564835548400879,1.1563993692398071,1.5466543436050415
1790341588009337900,47.047337890625,10.678139686584473,1.920149803161621,0.22744916379451752
1790341588025827000,47.0638271484375,8.765172004699707,1.0845733880996704,0.4836287498474121
1790341588042309000,47.08030908203125,9.730035781860352,1.482010841369629,0.2968810200691223
1790341588058772000,47.09677197265625,8.468291282653809,1.0630255937576294,1.0893617868423462
1790341588075262500,47.11326245117188,8.975862503051758,0.9576807022094727,0.2537853717803955
1790341588091765500,47.129765625,9.41400146484375,1.599326729774475,0.014365210197865963
1790341588108228600,47.146228515625,8.83699893951416,0.6943184733390808,1.6927006244659424
1790341588124651300,47.1626513671875,9.318233489990234,1.9752163887023926,-0.8068459630012512
1790341588141082400,47.17908227539063,9.378087997436523,1.1228805780410767,1.1803414821624756
1790341588157467100,47.195467041015625,8.674192428588867,1.0534487962722778,0.12689268589019775
1790341588173933000,47.21193310546875,10.20887565612793,1.4867992401123047,1.137245774269104
1790341588190453800,47.228453857421876,9.950302124023438,0.7565677165985107,0.8259995579719543
1790341588206934500,47.2449345703125,9.93593692779541,1.5107412338256836,0.40940847992897034
1790341588223479800,47.26147973632813,9.81143856048584,1.1204863786697388,0.608127236366272
1790341588239968800,47.27796875,9.521739959716797,1.6831238269805908,0.7493851184844971
1790341588256435200,47.29443530273438,10.218452453613281,0.849941611289978,0.6105214357376099
1790341588272926200,47.31092626953125,10.848128318786621,1.6136919260025024,1.1659762859344482
1790341588289406200,47.32740625,9.911994934082031,1.1994950771331787,0.9792284965515137
1790341588305862000,47.34386181640625,9.351752281188965,1.5059528350830078,0.9672574996948242
1790341588322351400,47.36035131835938,10.11550235748291,1.5538369417190552,0.9624691009521484
1790341588338818800,47.37681884765625,9.876082420349121,1.680729627609253,0.9241618514060974
1790341588355314200,47.39331420898438,9.730035781860352,1.2234370708465576,0.7733271718025208
1790341588371801000,47.40980102539063,9.617507934570312,1.4532804489135742,0.7182605266571045
1790341588388319000,47.42631909179688,8.96149730682373,1.0534487962722778,0.727837324142456
1790341588404805400,47.442805419921875,9.157821655273438,0.828393816947937,1.194706678390503
1790341588421303300,47.45930322265625,10.527304649353027,1.6424223184585571,0.45250412821769714
1790341588437762300,47.47576220703125,9.62947940826416,0.9169792532920837,1.4245500564575195
1790341588454240300,47.492240234375,9.32302188873291,0.7661445140838623,0.3663128614425659
1790341588470783500,47.50878344726563,9.943120002746582,1.946485996246338,0.29209262132644653
1790341588487267800,47.525267822265626,9.550470352172852,1.2258312702178955,1.625662922859192
1790341588503766000,47.54176611328125,9.026140213012695,1.2737152576446533,-0.10534487664699554
1790341588520253400,47.55825341796875,9.35654067993164,0.7805097699165344,0.8259995579719543
1790341588536782300,47.5747822265625,9.442731857299805,0.706289529800415,-0.1364694982767105
1790341588553303600,47.59130346679687,9.792284965515137,0.6823474764823914,1.5131354331970215
1790341588569792800,47.607792724609375,9.634267807006836,0.6272808313369751,0.06224924325942993
1790341588586257400,47.62425732421875,9.72285270690918,1.4939818382263184,0.9528923034667969
1790341588602751200,47.64075122070312,8.83699893951416,-0.24899697303771973,0.3663128614425659
1790341588619250200,47.65725024414063,10.54645824432373,1.3934253454208374,1.048660397529602
1790341588635767000,47.67376708984375,9.208099365234375,0.5961562395095825,1.2545616626739502
1790341588652249300,47.690249267578125,10.232817649841309,0.6248866319656372,0.6631938815116882
1790341588668745000,47.70674487304687,10.108319282531738,0.9433154463768005,0.6631938815116882
1790341588685181400,47.72318139648438,9.86650562286377,1.357512354850769,0.33997663855552673
1790341588701658400,47.739658447265626,9.258378028869629,0.6655880808830261,1.0534487962722778
1790341588718133500,47.75613354492187,9.873687744140625,1.170764684677124,1.5155296325683594
1790341588734612000,47.77261206054688,9.332598686218262,0.6488286852836609,0.36152446269989014
1790341588751105500,47.78910546875,10.29746150970459,1.0342950820922852,1.525106430053711
1790341588767625500,47.80562548828125,9.404424667358398,0.7038952708244324,0.7852981686592102
1790341588784096000,47.82209594726562,9.167398452758789,1.2401964664459229,0.9385270476341248
1790341588800580400,47.83858032226563,9.464279174804688,0.47165772318840027,0.5051765441894531
1790341588817063200,47.85506323242188,9.892841339111328,1.5107412338256836,0.790086567401886
1790341588833555700,47.8715556640625,9.20091724395752,0.17956513166427612,0.45010992884635925
1790341588850043100,47.88804321289062,9.880870819091797,1.1444283723831177,0.9864110946655273
1790341588866555000,47.904554931640625,9.627084732055664,0.9002198576927185,0.629675030708313
1790341588883069200,47.92106909179687,9.500192642211914,1.0031704902648926,-0.3495534360408783
1790341588899549400,47.93754956054688,9.986215591430664,0.7805097699165344,1.2737152576446533
1790341588916045600,47.95404565429688,9.832986831665039,0.9361328482627869,0.5099649429321289
1790341588932533000,47.97053295898438,9.481039047241211,0.7996633648872375,0.21547815203666687
1790341588949008600,47.98700854492188,10.041281700134277,0.8140285611152649,0.9840168952941895
1790341588965550300,48.00355029296875,9.533711433410645,0.9624691009521484,0.24899697303771973
1790341588982037200,48.020037353515626,9.655815124511719,0.9050082564353943,0.33039984107017517
1790341588998536000,48.03653588867188,9.466673851013184,0.689530074596405,0.993593692779541
1790341589015026200,48.05302612304688,9.579200744628906,1.01753568649292,0.17717093229293823
1790341589031504000,48.06950390625,9.095572471618652,0.6248866319656372,0.31842881441116333
1790341589047991300,48.0859912109375,11.003750801086426,0.8068459630012512,0.8355764150619507
1790341589064309500,48.1023095703125,10.24239444732666,1.2306196689605713,-0.18914192914962769
1790341589080688400,48.1186884765625,9.86650562286377,0.5985504388809204,0.12210428714752197
1790341589097150000,48.13514990234375,9.976638793945312,0.6703764796257019,0.9026140570640564
1790341589113635300,48.15163525390625,9.998186111450195,0.8810662031173706,0.395043283700943
1790341589130057700,48.1680576171875,9.856928825378418,0.7829039692878723,0.3902548849582672
1790341589146546200,48.18454614257813,9.861717224121094,1.1683704853057861,1.1851298809051514
1790341589163047700,48.20104760742188,9.05487060546875,1.0342950820922852,0.3878606855869293
1790341589179539200,48.217539306640624,9.306262016296387,0.790086567401886,0.8523358106613159
1790341589196021500,48.234021484375,10.201693534851074,1.558625340461731,0.20350714027881622
1790341589212482800,48.25048291015625,9.255983352661133,1.0079588890075684,0.9241618514060974
1790341589228967000,48.266966796875,9.99100399017334,1.2880805730819702,0.38067805767059326
1790341589245461500,48.28346142578125,8.93037223815918,1.3215993642807007,0.2346317619085312
1790341589261985300,48.2999853515625,9.737217903137207,0.6871358752250671,0.9361328482627869
1790341589278463500,48.31646337890625,9.883264541625977,0.828393816947937,0.5147533416748047
1790341589294949600,48.33294970703125,9.765948295593262,0.9983820915222168,0.20350714027881622
1790341589311433000,48.349432861328125,9.524134635925293,0.7374141216278076,0.8020575642585754
1790341589327924700,48.3659248046875,9.361329078674316,0.8020575642585754,-0.12210428714752197
1790341589344414000,48.3824140625,9.272743225097656,0.7134721279144287,1.0414776802062988
1790341589360902100,48.39890209960937,9.718064308166504,0.9433154463768005,0.2968810200691223
1790341589377393400,48.415393310546875,9.849745750427246,0.6033388376235962,-0.4141969084739685
1790341589393885700,48.4318857421875,8.899248123168945,0.6153098344802856,0.9145850539207458
1790341589410385200,48.44838525390625,10.498574256896973,0.8571242094039917,-0.12210428714752197
1790341589426875100,48.46487524414062,10.254365921020508,0.5386953949928284,1.0295066833496094
1790341589443355400,48.48135546875,10.527304649353027,0.871489405632019,0.8595184087753296
1790341589459897000,48.49789697265625,9.53849983215332,1.2761094570159912,0.2992752194404602
1790341589476380000,48.5143798828125,9.047688484191895,0.44532153010368347,1.1420341730117798
1790341589492842800,48.5308427734375,9.531316757202148,1.50355863571167,0.667982280254364
1790341589509361000,48.54736083984375,9.313444137573242,1.0678139925003052,0.20350714027881622
1790341589525833000,48.5638330078125,9.258378028869629,0.871489405632019,0.8379706144332886
1790341589542347500,48.580347412109376,9.768342971801758,1.2258312702178955,0.31364041566848755
1790341589558830300,48.596830322265625,8.712499618530273,0.790086567401886,0.9816226959228516
1790341589575324200,48.61332421875,10.450690269470215,0.9433154463768005,0.4572925269603729
1790341589591777300,48.62977734375,9.916783332824707,1.2042834758758545,0.9576807022094727
1790341589608257800,48.6462578125,9.536105155944824,-0.090979665517807,1.3718775510787964
1790341589624742400,48.66274243164062,9.612719535827637,1.8770540952682495,0.45250412821769714
1790341589641224000,48.679223876953124,8.71728801727295,0.5219359993934631,1.5634137392044067
1790341589657714000,48.6957138671875,9.39245319366455,1.4245500564575195,0.31364041566848755
1790341589674198800,48.71219873046875,9.157821655273438,0.33518823981285095,0.5315127968788147
1790341589690669300,48.72866943359375,10.177751541137695,0.9888052940368652,0.6272808313369751
1790341589707171000,48.74517114257812,9.368511199951172,0.4908113479614258,0.031124621629714966
1790341589723646700,48.76164672851562,9.950302124023438,-0.1388636976480484,0.9696516990661621
1790341589740139800,48.778139892578125,10.551246643066406,1.3551181554794312,0.5363011956214905
1790341589756658000,48.794657958984374,9.059659004211426,0.5099649429321289,0.4189853072166443
1790341589773131500,48.81113159179687,8.884882926940918,-0.42377370595932007,0.8906430602073669
1790341589789576400,48.827576416015624,10.309432983398438,1.699883222579956,1.237802267074585
1790341589806058500,48.84405859375,9.785101890563965,0.5770025849342346,1.0678139925003052
1790341589822566000,48.86056591796875,9.533711433410645,1.0558429956436157,1.0749965906143188
1790341589839054300,48.87705444335938,10.019734382629395,0.9145850539207458,0.21308395266532898
1790341589855590100,48.89359008789062,9.799467086791992,0.7038952708244324,1.0845733880996704
1790341589872106500,48.9101064453125,10.101137161254883,0.8475474119186401,0.9672574996948242
1790341589888638200,48.92663818359375,9.660603523254395,0.5722141861915588,-0.17956513166427612
1790341589905134300,48.94313427734375,10.237606048583984,0.7182605266571045,0.8690952062606812
1790341589921592000,48.959592041015625,9.311050415039062,0.7661445140838623,0.8044517636299133
1790341589938061000,48.97606103515625,8.513781547546387,-0.1173158809542656,0.7493851184844971
1790341589954598000,48.99259790039063,10.788272857666016,1.1516109704971313,0.6416460275650024
1790341589971080700,49.00908081054688,10.560823440551758,0.9840168952941895,0.6440402865409851
1790341589987576600,49.02557666015625,10.122684478759766,1.292868971824646,0.7230489253997803
1790341590004082200,49.04208227539063,9.042900085449219,1.41257905960083,0.8092401623725891
1790341590020563700,49.05856372070313,10.038887977600098,1.0965443849563599,0.9241618514060974
1790341590037085200,49.075085205078125,9.418789863586426,0.35434186458587646,-0.035913024097681046
1790341590053572900,49.09157275390625,9.715670585632324,0.8020575642585754,0.9528923034667969
1790341590070016300,49.108016357421874,9.557653427124023,1.0079588890075684,0.11013327538967133
1790341590086508500,49.12450854492187,9.423578262329102,0.7733271718025208,1.37906014919281
1790341590102994000,49.140993896484375,9.77791976928711,1.6615760326385498,0.9026140570640564
1790341590119495000,49.15749487304687,9.548076629638672,0.6416460275650024,0.7469909191131592
1790341590135983000,49.17398315429688,10.857705116271973,1.5394717454910278,0.646434485912323
1790341590152482300,49.190482421875,8.927978515625,0.5841852426528931,-0.05267243832349777
1790341590168974000,49.20697412109375,10.371682167053223,1.170764684677124,0.8882488012313843
1790341590185458000,49.2234580078125,10.014945983886719,0.6440402865409851,0.9600749015808105
1790341590202008000,49.240008056640626,10.96304988861084,0.9002198576927185,0.45250412821769714
1790341590218425600,49.25642553710937,9.41639518737793,0.9624691009521484,0.395043283700943
1790341590234924000,49.272924072265624,10.323798179626465,1.0031704902648926,1.7381904125213623
1790341590251447300,49.289447265625,8.868123054504395,0.9744400978088379,-0.33758243918418884
1790341590267928000,49.305927978515626,10.072406768798828,1.1563993692398071,0.6871358752250671
1790341590284417000,49.3224169921875,9.308655738830566,0.8667010068893433,0.7445967197418213
1790341590300903400,49.3389033203125,9.05487060546875,0.4812345504760742,0.730231523513794
1790341590317400000,49.35540014648438,9.895236015319824,0.9624691009521484,0.45489832758903503
1790341590333858800,49.37185888671875,9.17936897277832,0.36152446269989014,1.3862427473068237
1790341590350345700,49.388345703125,9.464279174804688,0.8331822156906128,0.5051765441894531
1790341590366831400,49.40483129882813,9.29189682006836,0.5602431893348694,0.7852981686592102
1790341590383319000,49.421319091796875,9.210494041442871,1.094150185585022,0.2777273952960968
1790341590399788000,49.4377880859375,10.316615104675293,0.7996633648872375,1.0007762908935547
1790341590416279300,49.454279296875,9.739612579345703,0.7445967197418213,0.7254431247711182
1790341590432735000,49.47073486328125,8.93037223815918,0.7829039692878723,0.7134721279144287
1790341590449246500,49.48724658203125,10.611102104187012,1.0462661981582642,0.9576807022094727
1790341590465720600,49.503720458984375,9.6989107131958,0.12449848651885986,0.9433154463768005
1790341590482216200,49.52021630859375,10.187328338623047,0.9720458984375,0.35434186458587646
1790341590498704400,49.53670434570312,9.241618156433105,0.871489405632019,1.0965443849563599
1790341590515185400,49.55318530273438,9.301473617553711,-0.1604115068912506,2.121262788772583
1790341590531638500,49.569638427734375,9.93354320526123,1.802833914756775,-1.1899182796478271
1790341590548097300,49.58609716796875,8.56645393371582,0.6607996821403503,0.8619126081466675
1790341590564550000,49.6025498046875,10.594342231750488,0.7924807667732239,0.40701428055763245
1790341590580988000,49.61898779296875,9.524134635925293,0.8475474119186401,0.9768342971801758
1790341590597464800,49.63546484375,9.093177795410156,0.14844051003456116,0.38067805767059326
1790341590613937400,49.6519375,11.082759857177734,-0.019153613597154617,0.2825157940387726
1790341590630406000,49.668406005859374,10.304644584655762,0.2825157940387726,1.0055646896362305
1790341590646872600,49.68487255859375,9.32541561126709,0.35434186458587646,0.730231523513794
1790341590663367000,49.701366943359375,8.853757858276367,0.4812345504760742,0.10534487664699554
1790341590679847400,49.71784741210938,9.588777542114258,0.8523358106613159,1.5969325304031372
1790341590696362000,49.73436206054687,8.971074104309082,-0.3687070608139038,0.2059013396501541
1790341590712849200,49.75084912109375,9.77791976928711,1.2210428714752197,0.6631938815116882
1790341590729351000,49.76735083007812,9.751583099365234,-0.2346317619085312,1.0534487962722778
1790341590745875000,49.783875,9.466673851013184,0.6272808313369751,0.0933738648891449
1790341590762353200,49.800353271484376,9.339780807495117,0.5147533416748047,0.689530074596405
1790341590778794500,49.81679443359375,10.160991668701172,0.10534487664699554,0.1412578970193863
1790341590795280600,49.83328076171875,10.594342231750488,0.5315127968788147,0.8236053586006165
1790341590811780900,49.84978076171875,9.454702377319336,-0.07900865375995636,0.3974374830722809
1790341590828272000,49.86627221679687,9.500192642211914,0.1388636976480484,1.3527239561080933
1790341590844757000,49.88275708007812,9.062053680419922,0.0694318488240242,-0.6799532771110535
1790341590861280800,49.89928076171875,9.746794700622559,1.05105459690094,1.0007762908935547
1790341590877768200,49.91576831054687,9.488221168518066,-0.8164227604866028,0.5027823448181152
1790341590894226200,49.93222607421875,10.599130630493164,1.139639973640442,-0.49559974670410156
1790341590910719200,49.94871923828125,9.832986831665039,1.2306196689605713,1.742978811264038
1790341590927197700,49.96519775390625,9.11233139038086,1.314416766166687,0.15322890877723694
1790341590943740000,49.981739990234374,10.02452278137207,1.359906554222107,0.7015010714530945
1790341590960222200,49.99822216796875,9.124302864074707,0.7781155705451965,0.1173158809542656
1790341590976719000,50.01471899414062,9.241618156433105,0.3423708379268646,0.5985504388809204
1790341590993239800,50.03123974609375,9.713275909423828,0.009576806798577309,0.7230489253997803
1790341591009722400,50.04772241210937,9.361329078674316,0.29209262132644653,-0.047884032130241394
1790341591026182100,50.06418212890625,10.06043529510498,0.090979665517807,0.8667010068893433
1790341591042649000,50.08064916992188,9.567230224609375,0.15083470940589905,0.6799532771110535
1790341591059184400,50.09718432617188,10.864887237548828,0.9648633003234863,0.40940847992897034
1790341591075674000,50.113674072265624,8.813055992126465,0.06464344263076782,0.35913026332855225
1790341591092153300,50.1301533203125,9.533711433410645,0.12449848651885986,0.8738836050033569
1790341591108715300,50.14671533203125,9.35893440246582,0.4908113479614258,0.4357447028160095
1790341591125200400,50.16320043945313,9.943120002746582,0.35434186458587646,0.4620809257030487
1790341591141697500,50.179697509765624,10.132261276245117,0.5003881454467773,0.2585737705230713
1790341591158155300,50.1961552734375,9.469067573547363,-0.040701430290937424,0.11252748221158981
1790341591174632400,50.212632568359375,9.564835548400879,0.6560112833976746,0.7445967197418213
1790341591191141400,50.229141357421874,9.682151794433594,0.26336219906806946,0.2944868206977844
1790341591207627300,50.24562719726563,9.528923034667969,-0.19393034279346466,0.6392518281936646
1790341591224095700,50.262095703125,9.832986831665039,0.7110779285430908,1.5298948287963867
1790341591240587000,50.2785869140625,8.954314231872559,0.15801730751991272,0.16998831927776337
1790341591257065200,50.295065185546875,10.342951774597168,1.137245774269104,0.8595184087753296
1790341591273549600,50.31154956054687,8.78432559967041,0.42856210470199585,0.5937620401382446
1790341591290034700,50.32803466796875,9.23682975769043,0.7948749661445618,0.5482721924781799
1790341591306532000,50.34453198242188,9.08838939666748,0.45010992884635925,0.21787235140800476
1790341591323022300,50.361022216796876,8.530540466308594,0.2322375625371933,0.2944868206977844
1790341591339504600,50.37750463867187,9.852140426635742,0.5434837937355042,0.37828385829925537
1790341591356023300,50.394023193359374,9.823410034179688,-0.23942017555236816,0.16998831927776337
1790341591372510500,50.410510498046875,10.579977035522461,0.3256114423274994,0.5817909836769104
1790341591388978000,50.42697802734375,9.787496566772461,0.22744916379451752,0.38067805767059326
1790341591405469400,50.443469482421875,9.828198432922363,0.8690952062606812,0.21787235140800476
1790341591421949700,50.45994970703125,9.564835548400879,0.3519476354122162,0.304063618183136
1790341591438461000,50.4764609375,8.975862503051758,0.26815059781074524,-0.26815059781074524
1790341591454946600,50.492946533203124,9.095572471618652,0.3663128614425659,0.5674257874488831
1790341591471446500,50.509446533203125,10.093954086303711,0.5626373887062073,0.43335050344467163
1790341591487969800,50.5259697265625,9.679757118225098,0.2753331959247589,0.3423708379268646
1790341591504450300,50.5424501953125,9.761159896850586,0.1843535304069519,0.395043283700943
1790341591520970800,50.558970703125,10.591948509216309,0.4692635238170624,0.3519476354122162
1790341591537458400,50.57545849609375,10.110713958740234,0.5291185975074768,0.828393816947937
1790341591553960000,50.5919599609375,9.528923034667969,0.5889736413955688,0.3734954595565796
1790341591570391800,50.608391845703125,9.464279174804688,0.7254431247711182,0.6129156351089478
1790341591586881300,50.62488134765625,8.901641845703125,0.45250412821769714,0.6440402865409851
1790341591603401700,50.64140161132813,9.710882186889648,0.7781155705451965,0.48602294921875
1790341591619888000,50.65788818359375,9.5408935546875,0.28730419278144836,0.7493851184844971
1790341591636388600,50.674388671875,9.80904483795166,0.4596867263317108,0.22744916379451752
1790341591652885200,50.69088525390625,9.832986831665039,0.5578489899635315,0.4165911078453064
1790341591669367800,50.70736791992187,9.167398452758789,0.23942017555236816,0.33279404044151306
1790341591685914000,50.7239140625,9.133879661560059,0.49799394607543945,0.5937620401382446
1790341591702401800,50.74040185546875,9.107542991638184,0.14365209639072418,-0.395043283700943
1790341591718869500,50.75686938476562,9.998186111450195,0.5315127968788147,0.2968810200691223
1790341591735360300,50.7733603515625,9.943120002746582,0.3926490843296051,1.1659762859344482
1790341591751841800,50.789841796875,9.68694019317627,0.4405331015586853,-0.4572925269603729
1790341591768329500,50.80632958984375,9.825803756713867,0.545877993106842,0.5602431893348694
1790341591784819700,50.82281982421875,10.462661743164062,0.9696516990661621,1.0654197931289673
1790341591801321000,50.839321044921874,9.68933391571045,0.689530074596405,-0.10534487664699554
1790341591817785300,50.85578540039062,9.895236015319824,0.667982280254364,0.6775590777397156
1790341591834277400,50.87227734375,9.351752281188965,0.5434837937355042,0.3232172429561615
1790341591850767000,50.88876708984375,9.342175483703613,0.6584054827690125,0.5985504388809204
1790341591867264300,50.90526416015625,9.469067573547363,0.3878606855869293,0.3663128614425659
1790341591883762000,50.92176196289063,10.046070098876953,1.2234370708465576,0.14604631066322327
1790341591900160000,50.93815991210938,9.59596061706543,0.5554547905921936,0.5985504388809204
1790341591916637400,50.95463745117188,9.165003776550293,0.5578489899635315,0.7086837291717529
1790341591933145600,50.9711455078125,9.306262016296387,0.4668693244457245,-0.040701430290937424
1790341591949627400,50.98762744140625,8.887276649475098,0.4668693244457245,0.849941611289978
1790341591966123500,51.00412353515625,9.418789863586426,0.24420857429504395,0.5937620401382446
1790341591982614800,51.02061474609375,10.393229484558105,0.727837324142456,-0.2944868206977844
1790341591999095300,51.03709521484375,9.794678688049316,1.0678139925003052,0.608127236366272
1790341592015615200,51.053615234375,9.682151794433594,0.6943184733390808,-0.2968810200691223
1790341592032103000,51.07010302734375,9.780313491821289,0.5578489899635315,0.5985504388809204
1790341592048603000,51.086602783203126,9.107542991638184,0.10534487664699554,0.4189853072166443
1790341592065051000,51.10305078125,9.914389610290527,0.7110779285430908,0.45250412821769714
1790341592081538800,51.11953881835937,9.940725326538086,0.7134721279144287,-0.05027823522686958
1790341592098027500,51.136027587890624,9.607931137084961,0.49559974670410156,0.5626373887062073
1790341592114518300,51.152518310546874,9.591172218322754,0.3064578175544739,0.44532153010368347
1790341592131024000,51.16902392578125,10.374075889587402,1.2186486721038818,0.21547815203666687
1790341592147524000,51.18552416992188,9.208099365234375,0.3064578175544739,0.7757213711738586
1790341592164004000,51.20200415039063,10.323798179626465,0.7326257228851318,-0.0933738648891449
1790341592180550000,51.2185498046875,9.950302124023438,0.30885201692581177,0.912190854549408
1790341592197032400,51.235032470703125,9.428366661071777,0.5434837937355042,0.009576806798577309
1790341592213532700,51.25153271484375,9.311050415039062,1.0989385843276978,-0.031124621629714966
1790341592230062300,51.26806225585938,9.150638580322266,0.31124621629714966,0.19393034279346466
1790341592246568200,51.28456811523437,9.232041358947754,0.3495534360408783,0.14604631066322327
1790341592263087400,51.30108740234375,9.38048267364502,0.19393034279346466,0.3998316824436188
1790341592279576600,51.31757666015625,9.701305389404297,0.42856210470199585,0.9911994934082031
1790341592296077800,51.334077880859375,9.10993766784668,0.507570743560791,0.4572925269603729
1790341592312573700,51.35057373046875,9.794678688049316,0.9911994934082031,0.15562310814857483
1790341592329063000,51.36706298828125,9.251194953918457,0.5602431893348694,0.6440402865409851
1790341592345585000,51.3835849609375,9.260771751403809,0.9169792532920837,-0.3495534360408783
1790341592362072600,51.40007250976562,9.452308654785156,0.7350199222564697,0.6392518281936646
1790341592378543000,51.41654321289062,8.908824920654297,0.3663128614425659,0.8020575642585754
1790341592395009000,51.43300903320313,9.366117477416992,0.5267243981361389,-0.38067805767059326
1790341592411492900,51.44949291992187,9.785101890563965,0.9169792532920837,0.6703764796257019
1790341592428010000,51.466010009765625,9.8784761428833,0.22744916379451752,0.31124621629714966
1790341592444499000,51.4824990234375,9.840168952941895,0.768538773059845,0.11971008777618408
1790341592460969500,51.49896948242188,10.002974510192871,0.4572925269603729,1.0247182846069336
1790341592477462000,51.5154619140625,9.612719535827637,0.6057330369949341,-0.2298433631658554
1790341592493945300,51.5319453125,10.261548042297363,0.8212111592292786,0.9002198576927185
1790341592510465300,51.54846533203125,9.35893440246582,0.4165911078453064,0.47165772318840027
1790341592526955000,51.564955078125,9.84495735168457,0.5434837937355042,-0.038307227194309235
1790341592543457000,51.58145703125,10.340557098388672,1.0773907899856567,0.43335050344467163
1790341592559951600,51.59795166015625,9.847352027893066,0.023942016065120697,0.08379705995321274
1790341592576505600,51.61450561523438,9.734824180603027,0.7374141216278076,0.667982280254364
1790341592593027000,51.631027099609376,8.822632789611816,0.038307227194309235,0.4668693244457245
1790341592609513500,51.647513427734374,9.555258750915527,0.47165772318840027,-0.3232172429561615
1790341592625984800,51.66398486328125,9.861717224121094,0.5674257874488831,0.5746083855628967
1790341592642484200,51.68048413085938,9.636661529541016,0.5530605912208557,0.014365210197865963
1790341592658970600,51.696970703125,9.39245319366455,0.4644751250743866,0.5578489899635315
1790341592675487700,51.71348779296875,9.821015357971191,0.6536170840263367,0.2801215946674347
1790341592691975000,51.72997485351563,9.509769439697266,0.181959331035614,-0.28730419278144836
1790341592708473900,51.746473876953125,9.916783332824707,0.15562310814857483,0.6751648783683777
1790341592724998700,51.76299853515625,10.283096313476562,0.07422025501728058,0.31364041566848755
1790341592741475600,51.7794755859375,9.567230224609375,0.3734954595565796,-0.4165911078453064
1790341592757992700,51.79599267578125,9.840168952941895,0.5793967843055725,0.5171475410461426
1790341592774478800,51.812478759765625,9.911994934082031,-0.1628057211637497,0.3878606855869293
1790341592790977500,51.8289775390625,9.337387084960938,0.14365209639072418,-0.507570743560791
1790341592807434800,51.84543481445313,9.72285270690918,0.4429273009300232,-0.011971008032560349
1790341592823917800,51.86191772460938,9.521739959716797,-0.11013327538967133,-0.10534487664699554
1790341592840403200,51.8784033203125,10.381258964538574,0.7445967197418213,0.2801215946674347
1790341592856891100,51.89489111328125,9.437943458557129,0.1867477297782898,0.2537853717803955
1790341592873297000,51.911296875,10.333374977111816,0.26336219906806946,1.213860273361206
1790341592889757400,51.92775732421875,9.545681953430176,0.3447650372982025,-0.10055647045373917
1790341592906217200,51.94421728515625,9.983820915222168,0.0454898327589035,0.4596867263317108
1790341592922693400,51.960693359375,9.105149269104004,0.14365209639072418,0.2346317619085312
1790341592939181600,51.977181640625,9.136273384094238,0.2849099934101105,0.07661445438861847
1790341592955685400,51.99368530273438,9.81143856048584,0.4596867263317108,0.33758243918418884
1790341592972207600,52.01020751953125,10.029311180114746,0.5530605912208557,-0.17477671802043915
1790341592988689000,52.02668896484375,9.797073364257812,-0.023942016065120697,0.7781155705451965
1790341593005179000,52.043178955078126,9.495404243469238,0.33279404044151306,0.4812345504760742
1790341593021667600,52.05966748046875,9.459490776062012,0.6631938815116882,0.20350714027881622
1790341593038166300,52.07616625976563,9.691728591918945,0.2944868206977844,0.47884035110473633
1790341593054593000,52.092593017578125,9.627084732055664,0.43335050344467163,-0.2777273952960968
1790341593071083800,52.109083740234375,9.272743225097656,0.26096799969673157,0.6272808313369751
1790341593087573800,52.12557373046875,9.734824180603027,0.3208230137825012,0.2753331959247589
1790341593104000800,52.14200073242188,9.59596061706543,0.33039984107017517,0.7948749661445618
1790341593120503800,52.15850390625,9.397241592407227,0.26815059781074524,0.38067805767059326
1790341593136936000,52.17493603515625,9.718064308166504,0.2801215946674347,0.2968810200691223
1790341593153422000,52.191422119140626,8.746018409729004,0.2106897532939911,0.19871874153614044
1790341593169972700,52.20797265625,9.99339771270752,0.5602431893348694,0.47165772318840027
1790341593186462700,52.224462646484376,9.813833236694336,0.047884032130241394,0.13407529890537262
1790341593202931500,52.24093139648438,9.852140426635742,0.37828385829925537,0.08140286058187485
1790341593219459000,52.257458984375,9.619902610778809,-0.40222588181495667,0.6129156351089478
1790341593235938300,52.27393823242188,9.500192642211914,-0.12449848651885986,-0.1149216815829277
1790341593252498400,52.29049853515625,10.053253173828125,-0.21547815203666687,0.507570743560791
1790341593268983300,52.3069833984375,9.387664794921875,-0.6751648783683777,0.33758243918418884
1790341593285485000,52.323485107421874,10.589553833007812,-0.1628057211637497,0.028730420395731926
1790341593301978000,52.33997802734375,10.591948509216309,-0.28730419278144836,0.6105214357376099
1790341593318461400,52.35646142578125,9.830592155456543,-0.8140285611152649,0.5171475410461426
1790341593334981600,52.37298168945313,9.653421401977539,0.05027823522686958,0.3926490843296051
1790341593351468800,52.38946875,10.319009780883789,-0.016759412363171577,0.31124621629714966
1790341593367935500,52.405935546875,10.14902114868164,-0.17477671802043915,-0.14604631066322327
1790341593384429600,52.4224296875,9.41400146484375,0.1604115068912506,0.6368576288223267
1790341593400911400,52.43891137695312,9.579200744628906,-0.395043283700943,0.4644751250743866
1790341593417429200,52.45542919921875,9.943120002746582,0.2298433631658554,0.2322375625371933
1790341593433918200,52.47191821289063,9.823410034179688,-0.019153613597154617,1.0678139925003052
1790341593450407200,52.4884072265625,9.466673851013184,0.19871874153614044,0.9050082564353943
1790341593466930200,52.50493017578125,9.016563415527344,-0.15322890877723694,0.3232172429561615
1790341593483416000,52.521416015625,9.648633003234863,-0.2298433631658554,0.6272808313369751
1790341593499938800,52.537938720703124,10.311826705932617,0.0933738648891449,0.09816227108240128
1790341593516431400,52.554431396484375,9.493009567260742,-0.31124621629714966,1.070208191871643
1790341593532931800,52.57093188476563,10.002974510192871,0.6631938815116882,0.031124621629714966
1790341593549425400,52.58742529296875,9.181763648986816,-0.05267243832349777,0.6631938815116882
1790341593565915100,52.6039150390625,9.387664794921875,-0.272938996553421,0.05506663769483566
1790341593582405400,52.6204052734375,10.83855152130127,-0.09576806426048279,0.6799532771110535
1790341593598854400,52.6368544921875,10.122684478759766,0.05746084079146385,-0.08858546614646912
1790341593615320300,52.6533203125,9.593565940856934,-0.3758896589279175,0.1388636976480484
1790341593631813000,52.66981323242187,10.065223693847656,0.22026655077934265,1.039083480834961
1790341593648292900,52.68629296875,9.277531623840332,-0.6560112833976746,0.8164227604866028
1790341593664836000,52.70283618164063,9.634267807006836,0.22744916379451752,-0.22744916379451752
1790341593681320400,52.719320556640625,10.038887977600098,-0.5626373887062073,0.5889736413955688
1790341593697823000,52.73582299804688,10.805032730102539,0.16519992053508759,0.993593692779541
1790341593714316500,52.752316650390625,9.66299819946289,0.11013327538967133,-0.7637503147125244
1790341593730797600,52.768797607421874,9.399636268615723,-0.2801215946674347,1.3311761617660522
1790341593747315700,52.78531567382812,9.205705642700195,0.1388636976480484,-0.004788403399288654
1790341593763802400,52.80180224609375,9.102754592895508,-0.395043283700943,0.5793967843055725
1790341593780304600,52.8183046875,10.1753568649292,-0.13168109953403473,0.6655880808830261
1790341593796796700,52.83479663085937,10.244789123535156,0.17238251864910126,0.31124621629714966
1790341593813283300,52.85128344726562,9.821015357971191,0.21547815203666687,0.9481038451194763
1790341593829803300,52.86780322265625,9.3828763961792,-0.2513911724090576,0.1173158809542656
1790341593846289000,52.88428881835937,10.5344877243042,0.15562310814857483,-0.11252748221158981
1790341593862790000,52.90078979492188,10.94150161743164,-0.2561795711517334,0.6368576288223267
1790341593879283500,52.917283447265625,10.362105369567871,-0.2825157940387726,0.13168109953403473
1790341593895753000,52.9337529296875,9.634267807006836,-0.26575639843940735,0.9409212470054626
1790341593912265500,52.95026538085938,9.871294021606445,-0.0454898327589035,0.8571242094039917
1790341593928786200,52.9667861328125,9.780313491821289,-0.11252748221158981,0.47884035110473633
1790341593945284600,52.98328466796875,8.643068313598633,-0.009576806798577309,-0.12210428714752197
1790341593961776400,52.9997763671875,9.368511199951172,-0.8403648138046265,0.1412578970193863
1790341593978245400,53.016245361328124,10.647014617919922,0.30885201692581177,1.1492167711257935
1790341593994764800,53.03276489257812,9.512163162231445,0.06224924325942993,0.4620809257030487
1790341594011247400,53.049247314453126,8.458714485168457,-0.42616790533065796,0.07661445438861847
1790341594027743700,53.06574365234375,9.90241813659668,0.11252748221158981,0.9074024558067322
1790341594044237600,53.082237548828125,10.615890502929688,-0.3974374830722809,0.993593692779541
1790341594060536600,53.09853662109375,9.787496566772461,0.3423708379268646,0.3734954595565796
1790341594077026800,53.11502685546875,9.284713745117188,-0.3926490843296051,0.7086837291717529
1790341594093515300,53.131515380859376,9.251194953918457,-0.5003881454467773,1.2521674633026123
1790341594109983700,53.147983642578126,9.813833236694336,0.6057330369949341,0.363918662071228
1790341594126480600,53.16448071289062,9.48343276977539,-0.9864110946655273,0.6105214357376099
1790341594142964200,53.18096411132812,11.125855445861816,-0.038307227194309235,0.9481038451194763
1790341594159510000,53.19751000976562,9.768342971801758,-0.26575639843940735,0.4118026793003082
1790341594175998700,53.21399877929687,8.456320762634277,0.5051765441894531,0.4812345504760742
1790341594192488400,53.230488525390626,8.973467826843262,-0.11971008777618408,1.359906554222107
1790341594209018000,53.24701806640625,9.48343276977539,0.4668693244457245,-1.0031704902648926
1790341594225498000,53.263498046875,10.94150161743164,1.0414776802062988,1.1899182796478271
1790341594241985500,53.279985595703124,8.992621421813965,-0.8667010068893433,0.031124621629714966
1790341594258474000,53.29647387695312,10.383652687072754,0.6105214357376099,0.2537853717803955
1790341594274989600,53.312989501953126,8.769960403442383,-0.181959331035614,1.1180921792984009
1790341594291488500,53.32948852539062,7.9631147384643555,-0.07661445438861847,-0.3495534360408783
1790341594307966200,53.34596630859375,10.776301383972168,0.4572925269603729,1.2066776752471924
1790341594324451800,53.362451904296876,10.663774490356445,0.9528923034667969,0.9911994934082031
1790341594340895500,53.3788955078125,8.53532886505127,-0.10773907601833344,-1.3072341680526733
1790341594357385700,53.3953857421875,9.727641105651855,0.4405331015586853,2.166752576828003
1790341594373880800,53.411880859375,9.224859237670898,1.259350061416626,0.45489832758903503
1790341594390352600,53.4283525390625,10.29746150970459,1.50355863571167,0.5195417404174805
1790341594406891000,53.44489111328125,9.773131370544434,-0.2561795711517334,0.8834604024887085
1790341594423374600,53.46137451171875,10.843339920043945,0.8954314589500427,-0.13407529890537262
1790341594439846000,53.47784594726563,10.553641319274902,-0.3974374830722809,1.802833914756775
1790341594456338400,53.49433837890625,10.807426452636719,0.2968810200691223,-0.5171475410461426
1790341594472820000,53.51082006835937,10.33098030090332,0.2585737705230713,1.3694833517074585
1790341594489306600,53.527306640625,9.425971984863281,0.1173158809542656,1.534683346748352
1790341594505790200,53.54379028320312,10.244789123535156,-0.031124621629714966,0.49320554733276367
1790341594522288600,53.56028857421875,10.982203483581543,1.0773907899856567,0.12928688526153564
1790341594538783700,53.57678369140625,8.068459510803223,-0.8762778043746948,0.7254431247711182
1790341594555259000,53.5932587890625,10.11789608001709,0.6823474764823914,0.933738648891449
1790341594571716600,53.609716552734376,9.181763648986816,-0.8403648138046265,-0.3926490843296051
1790341594588207000,53.62620703125,10.280701637268066,-0.3902548849582672,0.7326257228851318
1790341594604645400,53.642645263671874,10.022128105163574,-0.6200982332229614,1.1300631761550903
1790341594621137000,53.65913696289063,10.086771965026855,0.4118026793003082,-0.49799394607543945
1790341594637618700,53.67561865234375,9.775525093078613,-0.28730419278144836,0.5602431893348694
1790341594654116400,53.69211645507813,10.57040023803711,0.3064578175544739,0.3902548849582672
1790341594670603500,53.708603515625,9.253589630126953,-0.19871874153614044,-0.33518823981285095
1790341594687106000,53.72510595703125,8.975862503051758,0.2346317619085312,0.33758243918418884
1790341594703634400,53.74163452148437,9.349357604980469,-0.4189853072166443,0.2944868206977844
1790341594720117000,53.758116943359376,10.441113471984863,0.8667010068893433,0.2561795711517334
1790341594736604000,53.77460400390625,8.480262756347656,-0.019153613597154617,-0.31603461503982544
1790341594753093600,53.79109375,8.925583839416504,0.11013327538967133,1.5203180313110352
1790341594769592000,53.807592041015624,9.246406555175781,0.21547815203666687,0.004788403399288654
1790341594786034200,53.8240341796875,10.319009780883789,-0.16998831927776337,0.6919242739677429
1790341594802520000,53.84052001953125,10.560823440551758,0.2585737705230713,0.8690952062606812
1790341594818972700,53.85697265625,9.847352027893066,0.7757213711738586,0.13168109953403473
1790341594835459600,53.87345947265625,9.241618156433105,0.8571242094039917,0.9672574996948242
1790341594851925500,53.88992553710938,8.786720275878906,-0.043095629662275314,0.05746084079146385
1790341594868383500,53.90638354492187,10.833763122558594,0.7733271718025208,1.0893617868423462
1790341594884901400,53.9229013671875,9.93354320526123,0.6033388376235962,0.6033388376235962
1790341594901443800,53.93944384765625,9.026140213012695,0.10295066982507706,0.6272808313369751
1790341594917929700,53.9559296875,9.002198219299316,-0.2106897532939911,1.2737152576446533
1790341594934479400,53.972479248046874,10.15141487121582,1.0749965906143188,0.5363011956214905
1790341594951001900,53.989001953125,9.53849983215332,0.023942016065120697,1.0007762908935547
1790341594967480300,54.00548022460937,9.895236015319824,-0.1173158809542656,0.47644615173339844
1790341594983995000,54.02199487304687,9.947908401489258,0.4405331015586853,0.5817909836769104
1790341595000480300,54.03848022460937,10.362105369567871,0.507570743560791,0.4381389021873474
1790341595016944000,54.05494409179688,9.792284965515137,0.15801730751991272,0.6655880808830261
1790341595033401000,54.071401123046876,9.852140426635742,-0.047884032130241394,-0.07422025501728058
1790341595049883100,54.08788305664063,10.189722061157227,0.4836287498474121,0.7852981686592102
1790341595066466600,54.10446655273437,10.050858497619629,0.33758243918418884,0.8236053586006165
1790341595082958000,54.1209580078125,9.493009567260742,0.4596867263317108,-0.004788403399288654
1790341595099464200,54.13746411132813,8.640673637390137,0.1173158809542656,0.4357447028160095
1790341595115941400,54.15394140625,8.564059257507324,-0.002394201699644327,0.6224924325942993
1790341595132412200,54.170412109375,9.373299598693848,0.8738836050033569,0.3734954595565796
1790341595148925200,54.18692529296875,10.096348762512207,0.6560112833976746,-0.9145850539207458
1790341595165412900,54.203412841796876,10.086771965026855,0.47644615173339844,1.1252747774124146
1790341595181913300,54.21991333007813,10.0580415725708,0.5961562395095825,0.19393034279346466
1790341595198403800,54.23640380859375,10.283096313476562,1.0342950820922852,0.5937620401382446
1790341595214884400,54.25288427734375,9.919178009033203,0.5003881454467773,0.3687070608139038
1790341595231368700,54.26936865234375,10.273519515991211,1.3862427473068237,-0.05267243832349777
1790341595247856000,54.285856201171875,9.703699111938477,0.7589619159698486,1.4891934394836426
1790341595264355800,54.30235595703125,9.557653427124023,1.0438719987869263,0.016759412363171577
1790341595280757000,54.31875708007812,9.651026725769043,0.6177040338516235,1.4700398445129395
1790341595297246700,54.335246826171876,9.648633003234863,1.1252747774124146,0.43335050344467163
1790341595313769700,54.35176977539062,9.27034854888916,0.47165772318840027,0.22026655077934265
1790341595330254000,54.36825415039063,9.330204010009766,0.3926490843296051,0.8236053586006165
1790341595346753300,54.38475317382812,10.390835762023926,0.6943184733390808,0.5841852426528931
1790341595363216000,54.4012158203125,10.144232749938965,0.6991068720817566,0.6847416758537292
1790341595379695600,54.41769555664062,9.943120002746582,0.24899697303771973,0.8140285611152649
1790341595396241400,54.43424145507812,10.244789123535156,1.137245774269104,0.689530074596405
1790341595412728800,54.450728759765624,9.742006301879883,0.7541735172271729,0.3208230137825012
1790341595429227500,54.4672275390625,9.555258750915527,0.49320554733276367,0.3734954595565796
1790341595445748500,54.48374853515625,9.713275909423828,1.1013327836990356,0.44771572947502136
1790341595462215000,54.50021484375,8.35336971282959,0.6416460275650024,0.14365209639072418
1790341595478700300,54.5167001953125,10.105925559997559,0.9648633003234863,0.1388636976480484
1790341595495184600,54.5331845703125,9.330204010009766,1.1037269830703735,0.45489832758903503
1790341595511680000,54.549679931640625,9.090784072875977,0.4118026793003082,0.05506663769483566
1790341595528168000,54.56616796875,10.199298858642578,0.993593692779541,0.3687070608139038
1790341595544648700,54.58264868164063,10.11550235748291,0.5937620401382446,0.1843535304069519
1790341595561098800,54.5990986328125,10.3549222946167,1.1468225717544556,0.08379705995321274
1790341595577586000,54.6155859375,9.488221168518066,0.3687070608139038,0.18914192914962769
1790341595594084000,54.632083984375,9.576807022094727,1.091755986213684,0.49559974670410156
1790341595610555100,54.64855517578125,9.66299819946289,0.7972691655158997,0.4165911078453064
1790341595627034400,54.665034423828125,9.643844604492188,1.2689268589019775,0.6153098344802856
1790341595643578400,54.681578369140624,9.11233139038086,0.304063618183136,0.7350199222564697
1790341595660066300,54.69806640625,9.430760383605957,1.1061211824417114,0.3423708379268646
1790341595676535300,54.71453540039062,9.792284965515137,0.47644615173339844,0.6919242739677429
1790341595693064000,54.73106396484375,9.794678688049316,0.49799394607543945,0.44532153010368347
1790341595709545500,54.74754541015625,10.019734382629395,0.31842881441116333,0.7972691655158997
1790341595726066400,54.76406640625,9.660603523254395,0.6703764796257019,0.7709329724311829
1790341595742555000,54.78055493164062,9.737217903137207,0.5339069962501526,0.3902548849582672
1790341595759050800,54.79705078125,9.409213066101074,0.5147533416748047,0.6655880808830261
1790341595775543800,54.813543701171874,9.847352027893066,1.015141487121582,0.6943184733390808
1790341595792028400,54.8300283203125,9.615114212036133,0.7350199222564697,0.42377370595932007
1790341595808546800,54.846546875,9.44752025604248,0.9888052940368652,0.9145850539207458
1790341595825032000,54.86303198242187,9.44991397857666,1.2306196689605713,0.363918662071228
1790341595841499000,54.879498779296874,8.942343711853027,0.9624691009521484,0.22744916379451752
1790341595857940500,54.8959404296875,8.983044624328613,0.6057330369949341,0.48602294921875
1790341595874421000,54.9124208984375,9.5408935546875,1.4053963422775269,-0.17238251864910126
1790341595890947800,54.92894775390625,10.412383079528809,1.0342950820922852,0.4189853072166443
1790341595907412000,54.94541186523438,9.253589630126953,0.6200982332229614,0.11013327538967133
1790341595923861500,54.961861572265626,10.062829971313477,1.070208191871643,0.8188169598579407
1790341595940388400,54.97838842773437,9.023746490478516,0.7972691655158997,0.15083470940589905
1790341595956849700,54.994849609375,9.524134635925293,0.9888052940368652,1.1468225717544556
1790341595973320700,55.01132080078125,9.904812812805176,1.2042834758758545,0.6607996821403503
1790341595989767200,55.02776708984375,10.92953109741211,0.5985504388809204,0.38067805767059326
1790341596006257200,55.044257080078125,10.223240852355957,1.0103530883789062,1.048660397529602
1790341596022751000,55.0607509765625,10.067618370056152,0.9217676520347595,0.2825157940387726
1790341596039239000,55.07723901367188,9.375694274902344,0.7206547260284424,0.9888052940368652
1790341596054648300,55.0926484375,9.643844604492188,0.6871358752250671,0.17956513166427612
1790341596071139300,55.109139404296876,9.526528358459473,0.6224924325942993,0.8236053586006165
1790341596087643400,55.12564331054688,9.9000244140625,0.7805097699165344,1.0223240852355957
1790341596104141000,55.14214111328125,9.3828763961792,0.6033388376235962,0.4118026793003082
