time,seconds_elapsed,magneticBearing
1790341541101071000,0.139071044921875,4.362318231068257
1790341541117539800,0.155539794921875,2.5658515209356754
1790341541134009300,0.17200927734375,3.7193225900681934
1790341541150503000,0.1885029296875,0.9635947896670883
1790341541166972200,0.20497216796875,1.398846535759733
1790341541183443200,0.221443115234375,359.49955537430327
1790341541199942100,0.237942138671875,1.6000638573477883
1790341541216413700,0.25441357421875,358.20602793596856
1790341541232913400,0.270913330078125,355.338503058005
1790341541249385000,0.287385009765625,359.5658025212819
1790341541265780500,0.303780517578125,353.740353522798
1790341541282278700,0.320278564453125,351.95764392726414
1790341541298744300,0.336744384765625,352.39453608700614
1790341541315183400,0.353183349609375,352.11546741940367
1790341541331646700,0.369646728515625,351.6227633152593
1790341541348109800,0.38610986328125,348.57641680729887
1790341541364627700,0.402627685546875,341.0661657048219
1790341541381088800,0.4190888671875,342.71188128508135
1790341541397578800,0.435578857421875,350.33558632132764
1790341541414012200,0.45201220703125,351.0790318687684
1790341541430441500,0.46844140625,354.6205805803008
1790341541446928000,0.484927978515625,350.91914979230023
1790341541463389400,0.501389404296875,355.23534651885916
1790341541479876600,0.517876708984375,356.69440305320774
1790341541496337400,0.53433740234375,1.6098404492547675
1790341541512816000,0.550816162109375,11.61587288466426
1790341541529302500,0.567302490234375,8.825675331198969
1790341541545764000,0.58376416015625,10.866941110756203
1790341541562283000,0.600282958984375,8.087454869522178
1790341541578743600,0.61674365234375,9.954952389310304
1790341541595207200,0.633207275390625,9.939384801676999
1790341541611725800,0.649725830078125,14.292863957504563
1790341541628186400,0.666186279296875,13.474621640128095
1790341541644675800,0.68267578125,12.58863840372397
1790341541661134000,0.699134033203125,13.049264965757597
1790341541677592600,0.715592529296875,13.603941276582947
1790341541694087000,0.7320869140625,11.318326576986314
1790341541710547700,0.748547607421875,19.079200995147776
1790341541727008000,0.765008056640625,13.23383955218882
1790341541743466800,0.781466796875,12.841683488280543
1790341541759990300,0.797990234375,10.17996345567326
1790341541776482600,0.814482666015625,14.204777680975479
1790341541792943000,0.830943115234375,15.983902258818974
1790341541809379800,0.8473798828125,11.78635354302976
1790341541825839600,0.863839599609375,13.851702976912987
1790341541842298600,0.880298583984375,18.16026886275925
1790341541858811000,0.896810791015625,21.57364971477147
1790341541875266800,0.913266845703125,17.4449950610723
1790341541891755300,0.92975537109375,25.240162869676087
1790341541908217300,0.94621728515625,23.497518546549777
1790341541924682500,0.9626826171875,33.920204357217365
1790341541941173500,0.979173583984375,25.674895695072596
1790341541957635300,0.99563525390625,29.67689725256649
1790341541974098700,1.0120986328125,32.70160293791881
1790341541990559000,1.02855908203125,28.9971248258882
1790341542007041300,1.045041259765625,26.850298835905875
1790341542023531300,1.06153125,28.543162405095842
1790341542039994000,1.077994140625,20.86943474405042
1790341542056480300,1.094480224609375,30.546180429064428
1790341542072924000,1.110923828125,35.24419189085133
1790341542089391000,1.12739111328125,30.28045212893354
1790341542105922600,1.143922607421875,36.74142890150288
1790341542122426400,1.16042626953125,42.98913350926664
1790341542138876200,1.176876220703125,44.20877101243224
1790341542155383000,1.193383056640625,42.1614495045146
1790341542171842000,1.209842041015625,50.108952424150125
1790341542188301800,1.2263017578125,43.4148829019447
1790341542204759600,1.242759521484375,47.58509777560346
1790341542221217500,1.259217529296875,66.3461897499324
1790341542237734700,1.275734619140625,57.90309689539955
1790341542254234600,1.292234619140625,105.06967798554102
1790341542270690300,1.308690185546875,100.56975305607206
1790341542287147500,1.3251474609375,140.89551663128827
1790341542303626200,1.341626220703125,167.83877413370425
1790341542320079600,1.35807958984375,167.5045011343094
1790341542336534300,1.3745341796875,193.77849263493482
1790341542353017300,1.391017333984375,177.48625606250602
1790341542369502200,1.407502197265625,191.85624052638676
1790341542385981200,1.423981201171875,207.1109024358121
1790341542402489600,1.440489501953125,214.14134615445062
1790341542418945000,1.456945068359375,208.58143270963984
1790341542435478800,1.473478759765625,220.39181282836083
1790341542451933000,1.489932861328125,235.97387680626287
1790341542468432400,1.506432373046875,244.62273036970305
1790341542484939500,1.522939453125,242.3759082696546
1790341542501396500,1.539396484375,247.09998411354547
1790341542517882400,1.55588232421875,252.19377481367013
1790341542534384600,1.572384521484375,259.4787765208448
1790341542550888000,1.588887939453125,256.18288781891226
1790341542567344000,1.60534423828125,258.4747386724124
1790341542583831800,1.621831787109375,260.53958698900897
1790341542600361700,1.63836181640625,265.9045623964255
1790341542616867800,1.654867919921875,262.9182776687537
1790341542633354500,1.6713544921875,262.9386376013871
1790341542649808100,1.68780810546875,264.5346527953935
1790341542666305500,1.704305419921875,265.9872871987694
1790341542682761200,1.72076123046875,266.3755832772504
1790341542699212300,1.73721240234375,268.9484194843288
1790341542715667200,1.753667236328125,270.03791731481
1790341542732123100,1.770123046875,272.97326513492686
1790341542748580400,1.786580322265625,275.3964894614544
1790341542764977400,1.802977294921875,276.3455533508737
1790341542781461200,1.819461181640625,280.15450194719426
1790341542798008000,1.836008056640625,283.0459277353075
1790341542814494000,1.852493896484375,282.8775893866009
1790341542830952700,1.86895263671875,286.8886312068364
1790341542847467300,1.88546728515625,287.1381799546034
1790341542863924000,1.901924072265625,288.0369677361664
1790341542880414000,1.9184140625,288.39763713215785
1790341542896872400,1.93487255859375,289.38228569853175
1790341542913331700,1.951331787109375,289.62088736254594
1790341542929819600,1.967819580078125,291.68210310246843
1790341542946276600,1.984276611328125,292.12962999359917
1790341542962766300,2.000766357421875,293.94364178704956
1790341542979220200,2.01722021484375,297.8149419620441
1790341542995699700,2.03369970703125,297.9281495829486
1790341543012155600,2.05015576171875,300.3374064664489
1790341543028612600,2.066612548828125,301.05182608568435
1790341543044967000,2.082966796875,300.67275653547324
1790341543061380900,2.099380859375,302.90595644298804
1790341543077839000,2.115839111328125,304.9878585562023
1790341543094326800,2.132326904296875,304.0234785755786
1790341543110760200,2.14876025390625,305.83661754190723
1790341543127049700,2.1650498046875,298.57514956481236
1790341543143505700,2.181505615234375,296.8610867803784
1790341543159962600,2.197962646484375,293.149875755521
1790341543176446500,2.214446533203125,285.80438999891436
1790341543192901600,2.230901611328125,283.2419389847894
1790341543209360400,2.2473603515625,278.88589532019057
1790341543225815600,2.263815673828125,279.63008833947026
1790341543242297600,2.280297607421875,278.1326390778759
1790341543258754600,2.296754638671875,279.872394694072
1790341543275208200,2.313208251953125,281.60240250280293
1790341543291606300,2.329606201171875,283.76899248035227
1790341543308059400,2.346059326171875,284.9010374054943
1790341543324514800,2.362514892578125,291.00600675372465
1790341543340997400,2.378997314453125,292.7376446187341
1790341543357451500,2.395451416015625,294.8145493167987
1790341543373909000,2.411908935546875,298.07674690662515
1790341543390366000,2.428365966796875,303.1528795223146
1790341543406823700,2.44482373046875,308.231743641797
1790341543423312000,2.461311767578125,308.36065185919085
1790341543439766800,2.477766845703125,313.0033044060643
1790341543456190000,2.49418994140625,318.05026464977743
1790341543472610800,2.51061083984375,321.59476771220443
1790341543489087500,2.52708740234375,325.0150272344471
1790341543505621500,2.54362158203125,330.4037633714206
1790341543522072800,2.56007275390625,328.0817192585567
1790341543538577000,2.576576904296875,330.7205419370491
1790341543555031000,2.593031005859375,330.5520054812186
1790341543571488500,2.609488525390625,334.1972346828083
1790341543587971000,2.62597119140625,334.1034384291033
1790341543604429000,2.642428955078125,333.784409567171
1790341543620888800,2.658888916015625,334.80872254135005
1790341543637346800,2.675346923828125,335.0450377453848
1790341543653806800,2.691806884765625,335.4503749340439
1790341543670265600,2.708265625,335.3577606318981
1790341543686723800,2.724723876953125,335.38590645735377
1790341543703212300,2.74121240234375,334.2374301051555
1790341543719664600,2.75766455078125,333.5808839468201
1790341543736050200,2.77405029296875,332.31485025864424
1790341543752501800,2.790501708984375,333.9233078138089
1790341543768953300,2.806953369140625,332.0345628842277
1790341543785365800,2.82336572265625,334.3643515637416
1790341543801818600,2.839818603515625,331.8456456965153
1790341543818272000,2.85627197265625,337.185744559578
1790341543834784300,2.8727841796875,332.12742588027515
1790341543851238400,2.88923828125,327.4862048780178
1790341543867698700,2.90569873046875,327.63529619068186
1790341543884155600,2.92215576171875,324.7035253445467
1790341543900614000,2.93861376953125,323.95943189049694
1790341543917069300,2.9550693359375,323.10400055817104
1790341543933525200,2.971525146484375,318.11761021501326
1790341543949980000,2.98797998046875,318.23600405187005
1790341543966430000,3.004429931640625,316.9451768178994
1790341543982908700,3.02090869140625,313.62547428045104
1790341543999362300,3.0373623046875,314.8069404789112
1790341544015812400,3.053812255859375,312.36040079055067
1790341544032318500,3.070318359375,312.43544425173144
1790341544048770000,3.08677001953125,311.907099359492
1790341544065186600,3.1031865234375,312.4834396750887
1790341544081698800,3.11969873046875,310.6123206424155
1790341544098150700,3.136150634765625,313.68941243327004
1790341544114603000,3.15260302734375,313.9694414338173
1790341544131053800,3.1690537109375,317.3262948942263
1790341544147435500,3.185435546875,317.3445070575874
1790341544163920400,3.20192041015625,316.69656808096823
1790341544180369400,3.218369384765625,317.87960320473815
1790341544196852500,3.2348525390625,318.26427407170826
1790341544213298700,3.251298583984375,320.38780316302916
1790341544229773800,3.26777392578125,322.8044499950471
1790341544246256600,3.284256591796875,322.7158016541732
1790341544262709500,3.30070947265625,326.0610899560573
1790341544279087400,3.31708740234375,321.49132482423846
1790341544295538000,3.333537841796875,327.07624522892485
1790341544311988000,3.349988037109375,323.9666377488127
1790341544328501800,3.366501708984375,324.891264330157
1790341544344955100,3.382955078125,327.01135829934043
1790341544361443800,3.39944384765625,329.6438009468796
1790341544377899500,3.4158994140625,329.24548504214624
1790341544394358800,3.43235888671875,331.94312047139454
1790341544410845000,3.448844970703125,335.6132344681322
1790341544427296300,3.465296142578125,338.307711820509
1790341544443750000,3.48175,341.0863427548997
1790341544460201500,3.498201416015625,342.9428465641953
1790341544476653000,3.514653076171875,347.7365970495589
1790341544493106200,3.531106201171875,345.5302121246302
1790341544509606400,3.5476064453125,348.05107636359236
1790341544526121500,3.56412158203125,348.7274280868414
1790341544542572800,3.58057275390625,351.43979395276904
1790341544559024000,3.597024169921875,353.6081286833466
1790341544575537400,3.613537353515625,356.54243929844813
1790341544591989200,3.6299892578125,357.77629869426715
1790341544608474000,3.64647412109375,359.3616759367207
1790341544624925700,3.66292578125,0.992553021133894
1790341544641378300,3.67937841796875,3.988424236778082
1790341544657827600,3.69582763671875,4.433922868975021
1790341544674276600,3.712276611328125,7.772153707318154
1790341544690760000,3.728760009765625,7.564772659086404
1790341544707212500,3.745212646484375,11.593002847846506
1790341544723689000,3.76168896484375,10.121986914045703
1790341544740139500,3.778139404296875,13.608223357411687
1790341544756590000,3.794590087890625,15.244632809729186
1790341544772980700,3.810980712890625,14.931503130304302
1790341544789429500,3.827429443359375,15.934191693035135
1790341544805881900,3.8438818359375,19.225086099031945
1790341544822370300,3.860370361328125,19.318964197707427
1790341544838786800,3.876786865234375,20.304250825925056
1790341544855240200,3.893240234375,20.343354697370415
1790341544871693800,3.90969384765625,20.571102061623964
1790341544888146700,3.926146728515625,19.013856310625044
1790341544904597000,3.942596923828125,19.769332209706626
1790341544921046000,3.9590458984375,19.29378630940706
1790341544937530600,3.975530517578125,18.385831536425243
1790341544953981400,3.9919814453125,21.417018073643177
1790341544970455300,4.008455322265625,20.447840717300714
1790341544986938600,4.024938720703125,21.6108407591644
1790341545003389000,4.041388916015625,23.140287700065613
1790341545019902700,4.05790283203125,21.75816245083477
1790341545036349700,4.074349609375,25.31404749052561
1790341545052798500,4.090798583984375,25.824204748260723
1790341545069274600,4.107274658203125,27.067369939965054
1790341545085723100,4.12372314453125,31.087467217415305
1790341545102205200,4.140205078125,28.970528973961272
1790341545118724900,4.156724853515625,31.091676415814877
1790341545135097300,4.173097412109375,32.66481941923145
1790341545151543800,4.189543701171875,33.90521229096727
1790341545168044000,4.2060439453125,36.79124299549344
1790341545184497000,4.222496826171875,36.284143379993495
1790341545200948200,4.2389482421875,39.757947803498226
1790341545217422300,4.25542236328125,36.21634119097832
1790341545233905200,4.2719052734375,38.86385906576054
1790341545250353700,4.288353759765625,36.964600765172804
1790341545266765800,4.304765869140625,39.493271879949376
1790341545283214600,4.321214599609375,37.427874317462575
1790341545299663000,4.3376630859375,35.416380922317295
1790341545316141300,4.354141357421875,33.407189966041216
1790341545332591600,4.370591552734375,31.973571237806055
1790341545349043700,4.387043701171875,29.704566514712134
1790341545365496600,4.40349658203125,30.550721567599414
1790341545381948700,4.41994873046875,26.234242871781987
1790341545398434300,4.436434326171875,28.13955322191432
1790341545414887000,4.452886962890625,27.10785226595938
1790341545431367200,4.4693671875,23.539163636351983
1790341545447820000,4.485820068359375,25.69935757250536
1790341545464302000,4.502302001953125,37.97406399760502
1790341545480756000,4.518755859375,37.59267469829447
1790341545497207300,4.535207275390625,38.246303007971974
1790341545513627100,4.551627197265625,38.30414355983736
1790341545530078200,4.568078125,36.7232329989601
1790341545546531800,4.58453173828125,36.17034778154305
1790341545563013000,4.60101318359375,36.01353758103948
1790341545579462000,4.6174619140625,37.45589435640891
1790341545595944000,4.63394384765625,39.10211503218059
1790341545612394500,4.65039453125,41.15005617880784
1790341545628859000,4.66685888671875,42.64660512440926
1790341545645308400,4.683308349609375,48.304777442258455
1790341545661758000,4.699758056640625,50.95559556918472
1790341545678207000,4.71620703125,53.40086902104895
1790341545694657300,4.7326572265625,55.27670429029183
1790341545711109400,4.749109375,57.541464884594106
1790341545727561200,4.765561279296875,58.47082115513287
1790341545744012000,4.782011962890625,58.13042541846648
1790341545760483800,4.79848388671875,58.93747662579474
1790341545776932400,4.814932373046875,60.277076563441746
1790341545793379800,4.8313798828125,57.47356567739279
1790341545809852200,4.84785205078125,58.311807817306494
1790341545826327800,4.864327880859375,63.15852763570896
1790341545842773200,4.880773193359375,60.922321405911276
1790341545859263200,4.89726318359375,58.96341131380224
1790341545875708700,4.913708740234375,57.649194988467
1790341545892156400,4.930156494140625,57.982003288092606
1790341545908601000,4.94660107421875,57.3099672162234
1790341545925048000,4.963048095703125,54.284098349593414
1790341545941493200,4.9794931640625,54.9513317259047
1790341545957934600,4.9959345703125,55.140983453080835
1790341545974377000,5.012376953125,52.2780978356813
1790341545990824200,5.02882421875,53.590263459943394
1790341546007269600,5.04526953125,50.225163080979186
1790341546023718000,5.0617177734375,50.83952511327892
1790341546040164000,5.0781640625,51.99965978556037
1790341546056636200,5.09463623046875,50.16939058590251
1790341546073012500,5.111012451171875,51.160128649145854
1790341546089329200,5.1273291015625,49.1878172495369
1790341546105775600,5.143775634765625,51.27832015028819
1790341546122223900,5.160223876953125,52.9724376815362
1790341546138674000,5.176673828125,49.86957728036683
1790341546155123700,5.193123779296875,52.05392567367887
1790341546171575000,5.209574951171875,51.15575364452634
1790341546187995400,5.225995361328125,45.329740840994035
1790341546204439800,5.242439697265625,46.76104878268559
1790341546220888000,5.25888818359375,50.762914102082284
1790341546237335000,5.2753349609375,43.744379993453634
1790341546253810000,5.291809814453125,49.162183221033295
1790341546270256400,5.30825634765625,43.11282296087134
1790341546286700500,5.324700439453125,41.400769510319016
1790341546303169800,5.341169677734375,44.08950902696653
1790341546319613700,5.35761376953125,40.75944468489072
1790341546336084500,5.37408447265625,38.33513786725609
1790341546352581400,5.390581298828125,40.97973444521338
1790341546369028000,5.407028076171875,40.166781760421316
1790341546385473300,5.423473388671875,36.70445418213966
1790341546401967000,5.439967041015625,35.87462229348815
1790341546418427400,5.456427490234375,36.03375850867017
1790341546434874000,5.4728740234375,37.856372338365254
1790341546451320300,5.4893203125,35.50149521912098
1790341546467809000,5.50580908203125,32.97492015198644
1790341546484255700,5.522255859375,31.617536318467295
1790341546500626000,5.5386259765625,32.65863107408936
1790341546517072400,5.555072265625,33.91895610382011
1790341546533560300,5.571560302734375,32.41775347484066
1790341546550036000,5.588035888671875,31.951211766465526
1790341546566483700,5.604483642578125,31.1230096960591
1790341546582934000,5.62093408203125,32.93329769148902
1790341546599382800,5.6373828125,30.447981604867795
1790341546615829200,5.653829345703125,30.994078362708265
1790341546632277000,5.670277099609375,28.332101522758734
1790341546648725000,5.68672509765625,29.856142308515977
1790341546665172000,5.703171875,29.473206532378875
1790341546681615000,5.719614990234375,28.385613607606512
1790341546698085000,5.736085205078125,28.570022652092668
1790341546714529000,5.752529052734375,26.80503901812764
1790341546730971000,5.768970947265625,25.456035493790328
1790341546747383800,5.7853837890625,29.800961617997512
1790341546763827000,5.801826904296875,24.93803895182316
1790341546780272000,5.818272216796875,28.49237669915559
1790341546796777000,5.83477685546875,27.17391807175317
1790341546813224000,5.851223876953125,29.915999859578548
1790341546829703200,5.867703125,29.06940378569046
1790341546846152700,5.884152587890625,31.782672130454777
1790341546862532600,5.90053271484375,26.535885729761066
1790341546879010300,5.91701025390625,30.098955887044603
1790341546895454000,5.933453857421875,32.533192319486524
1790341546911899000,5.94989892578125,31.36383751679584
1790341546928343300,5.96634326171875,26.75107673599142
1790341546944811500,5.9828115234375,32.68031180748988
1790341546961255400,5.99925537109375,35.312354797651025
1790341546977700400,6.015700439453125,33.75951448044534
1790341546994064600,6.032064697265625,36.266089814940685
1790341547010505200,6.048505126953125,43.56525361459295
1790341547026949400,6.064949462890625,41.28222082386929
1790341547043453000,6.081452880859375,49.75101005798534
1790341547059879700,6.097879638671875,47.40811908482499
1790341547076359200,6.114359130859375,54.44884219925249
1790341547092806100,6.13080615234375,58.34122119787578
1790341547109254000,6.14725390625,61.494271854028405
1790341547125735400,6.1637353515625,57.167525546832486
1790341547142181400,6.180181396484375,58.1659675981025
1790341547158630100,6.196630126953125,57.81434188159571
1790341547175078000,6.213077880859375,51.403302453092316
1790341547191549700,6.2295498046875,53.25116578280454
1790341547207959800,6.245959716796875,53.7941904106495
1790341547224438500,6.2624384765625,48.51444420111427
1790341547240932400,6.278932373046875,52.65617536414791
1790341547257377800,6.295377685546875,59.360186507940114
1790341547273850600,6.3118505859375,53.90535648507895
1790341547290326800,6.328326904296875,53.786479512403574
1790341547306773800,6.344773681640625,60.58620871871787
1790341547323222300,6.36122216796875,62.19149156263589
1790341547339669500,6.37766943359375,64.54349899599977
1790341547356117500,6.394117431640625,67.1119483668569
1790341547372564200,6.410564208984375,68.93035431906117
1790341547389011700,6.42701171875,73.64022931601487
1790341547405458400,6.44345849609375,73.20527497385908
1790341547421904100,6.459904052734375,68.77210628163677
1790341547438348300,6.476348388671875,80.62142849209842
1790341547454793200,6.492793212890625,78.84564521890368
1790341547471238400,6.50923828125,83.39150448573973
1790341547487714300,6.52571435546875,83.99676366824366
1790341547504161800,6.542161865234375,82.33811520906333
1790341547520690700,6.558690673828125,87.81464867314745
1790341547537038600,6.57503857421875,86.52236942537327
1790341547553517800,6.591517822265625,82.80963154082576
1790341547569962200,6.607962158203125,82.01493230256693
1790341547586407000,6.624406982421875,68.07729841243403
1790341547602848800,6.640848876953125,70.28325922828657
1790341547619294500,6.65729443359375,62.38081534693657
1790341547635686700,6.673686767578125,57.62743465594766
1790341547652181000,6.690180908203125,50.54440689548374
1790341547668630500,6.706630615234375,50.69858065424605
1790341547685102600,6.7231025390625,45.84946372473558
1790341547701544200,6.739544189453125,43.36973937266915
1790341547717986000,6.755986083984375,47.88040835604146
1790341547734431200,6.77243115234375,45.26225030975148
1790341547750873300,6.788873291015625,46.66624459904698
1790341547767319300,6.8053193359375,38.19201767014073
1790341547783793700,6.821793701171875,44.46379484997839
1790341547800237600,6.838237548828125,46.583445310675515
1790341547816679200,6.85467919921875,47.51242142847905
1790341547833121000,6.87112109375,46.90729025853008
1790341547849564400,6.887564453125,44.12733467478718
1790341547866009300,6.90400927734375,48.33277511538673
1790341547882488300,6.92048828125,46.081315096126104
1790341547898933800,6.936933837890625,56.688203819523906
1790341547915373800,6.953373779296875,54.33485262224803
1790341547931816400,6.96981640625,58.66285844924877
1790341547948256500,6.986256591796875,57.841081929140834
1790341547964695600,7.002695556640625,56.837060115556454
1790341547981162200,7.019162353515625,56.157979983953666
1790341547997604400,7.035604248046875,57.114449539656306
1790341548014048500,7.052048583984375,56.88488419786643
1790341548030522000,7.068522216796875,52.04018073189952
1790341548046967000,7.084967041015625,49.181644730263145
1790341548062449400,7.100449462890625,37.64282971413544
1790341548078891300,7.116891357421875,49.103913451393915
1790341548095337200,7.133337158203125,35.77911953524531
1790341548111784200,7.1497841796875,38.628799993584394
1790341548127219200,7.16521923828125,36.599945297833294
1790341548143720200,7.18172021484375,44.17391449822844
1790341548160165400,7.198165283203125,41.29290581480505
1790341548176608500,7.2146083984375,39.26070298579038
1790341548193054200,7.23105419921875,37.12222916360522
1790341548209538000,7.2475380859375,32.404512670670194
1790341548226002700,7.264002685546875,34.81253939722659
1790341548242452200,7.2804521484375,43.19768531101382
1790341548258901500,7.296901611328125,45.8430990191579
1790341548275379200,7.313379150390625,62.95257082822741
1790341548291827700,7.32982763671875,87.11647023258432
1790341548308277000,7.346277099609375,95.55600663314239
1790341548324723700,7.3627236328125,107.90300511683682
1790341548341167400,7.37916748046875,119.39393525831454
1790341548357611000,7.395611083984375,120.9426544045484
1790341548374058000,7.41205810546875,123.51232132580344
1790341548390506200,7.42850634765625,119.65138364656605
1790341548406951700,7.44495166015625,113.90233073316111
1790341548423398400,7.4613984375,109.36444618669627
1790341548439846700,7.4778466796875,103.36677883268136
1790341548456297500,7.49429736328125,94.43368396165455
1790341548472764700,7.5107646484375,80.69137136752194
1790341548489213700,7.527213623046875,73.71573124095964
1790341548505661700,7.54366162109375,62.14936897013016
1790341548522135000,7.560135009765625,55.79172286905018
1790341548538518300,7.576518310546875,48.84147285134299
1790341548554963700,7.592963623046875,46.75346967386634
1790341548571409000,7.609408935546875,45.77131493512492
1790341548587888600,7.625888671875,44.19800420254885
1790341548604348400,7.642348388671875,42.95661846014427
1790341548620814000,7.65881396484375,42.72375143670892
1790341548637318000,7.67531787109375,42.57457785130945
1790341548653816300,7.69181640625,41.850263973550256
1790341548670263600,7.708263671875,42.56940618849795
1790341548686711300,7.724711181640625,41.30880351442557
1790341548703159600,7.74115966796875,42.32375424093005
1790341548719635700,7.7576357421875,43.49961548193574
1790341548736082000,7.77408203125,43.49785878115447
1790341548752528400,7.7905283203125,43.17524873733902
1790341548769003000,7.8070029296875,44.29105572349259
1790341548785450800,7.82345068359375,45.9771195171042
1790341548801899300,7.839899169921875,45.484433816896455
1790341548818346000,7.856345947265625,44.61044589608913
1790341548834794000,7.8727939453125,45.9861246431379
1790341548851242500,7.889242431640625,44.505174364166045
1790341548867690000,7.90568994140625,43.74995717434979
1790341548884183300,7.922183349609375,44.396824202120065
1790341548900630500,7.938630615234375,44.59324784308489
1790341548917077500,7.955077392578125,45.69066935051631
1790341548933524000,7.97152392578125,43.49443241153486
1790341548949971500,7.987971435546875,44.83401962125689
1790341548966477000,8.00447705078125,44.639086385628126
1790341548982924300,8.02092431640625,44.37215980614971
1790341548999371800,8.037371826171874,46.06222630143149
1790341549015879000,8.05387890625,46.6783725735407
1790341549032326100,8.070326171875,46.83372751268376
1790341549048801300,8.08680126953125,46.83869393615187
1790341549065150200,8.103150146484374,47.853400248178616
1790341549081614300,8.1196142578125,45.93901139198988
1790341549098135300,8.13613525390625,48.37223629684727
1790341549114584600,8.15258447265625,46.35407024158141
1790341549131063600,8.1690634765625,48.519502936835934
1790341549147513300,8.185513427734374,48.968943138442896
1790341549163979500,8.2019794921875,47.49443623470048
1790341549180453600,8.21845361328125,49.62926219482649
1790341549196903000,8.23490283203125,51.363819730260225
1790341549213318700,8.251318603515625,51.9124745357729
1790341549229722400,8.267722412109375,51.439184221517415
1790341549246241800,8.28424169921875,52.70508482559989
1790341549262764800,8.300764892578124,54.12414704719924
1790341549279254800,8.3172548828125,55.50644548338322
1790341549295765000,8.333764892578126,56.627365258357095
1790341549312266000,8.350265869140625,56.28974946786589
1790341549328746800,8.366746826171875,58.55238928268979
1790341549345241600,8.38324169921875,58.37501699753126
1790341549361708800,8.399708740234376,58.747705390231914
1790341549378205700,8.416205810546876,61.12120876948639
1790341549394706400,8.43270654296875,61.434393523371504
1790341549411230000,8.44922998046875,62.211747456213025
1790341549427724800,8.465724853515624,62.07572603739139
1790341549444193000,8.482193115234375,60.92989235437694
1790341549460716000,8.498716064453125,61.13871263664971
1790341549477220600,8.515220703125,61.152509711839926
1790341549493673000,8.5316728515625,61.117639916904885
1790341549510151400,8.5481513671875,57.711659000498045
1790341549526602200,8.564602294921874,59.94432691734351
1790341549543051000,8.581051025390625,57.85225526807205
1790341549559443500,8.597443359375,55.79694039322662
1790341549575894300,8.613894287109375,55.589930729375936
1790341549592346000,8.63034619140625,54.28169242942245
1790341549608793900,8.6467939453125,55.63145166527126
1790341549625242400,8.663242431640626,54.14618187207053
1790341549641619000,8.679618896484374,52.76482148930223
1790341549658067500,8.6960673828125,53.132009738405586
1790341549674515500,8.712515380859376,52.84909189451759
1790341549690962400,8.72896240234375,53.206970509559845
1790341549707440400,8.7454404296875,53.5363126155899
1790341549723889200,8.76188916015625,53.00237366250226
1790341549740408300,8.778408203125,54.45817103085534
1790341549756930600,8.7949306640625,55.326791112248394
1790341549773424400,8.81142431640625,54.357712430643716
1790341549789885700,8.8278857421875,57.545004626108074
1790341549806334700,8.844334716796874,56.18408514547329
1790341549822783000,8.860782958984375,57.65056292030842
1790341549839228000,8.877227783203125,57.8907357595472
1790341549855671300,8.89367138671875,59.94570322325862
1790341549872116200,8.9101162109375,59.135143515655116
1790341549888563200,8.926563232421875,60.53852537611646
1790341549905117000,8.943116943359374,60.74353036381181
1790341549921607000,8.95960693359375,59.77495570814571
1790341549938074000,8.97607421875,58.29205513390631
1790341549954551600,8.992551513671875,56.85154026047833
1790341549971000300,9.009000244140625,57.80874400068793
1790341549987447600,9.025447509765625,58.11880377809793
1790341550003955500,9.04195556640625,58.26858192927751
1790341550020446500,9.058446533203124,57.69777775494638
1790341550036951300,9.074951416015624,55.753757316107006
1790341550053382400,9.09138232421875,55.639814193459785
1790341550069900000,9.107900146484376,55.232232964598715
1790341550086364200,9.1243642578125,55.69166440364096
1790341550102837000,9.1408369140625,55.59042692990691
1790341550119289900,9.157289794921875,56.478202450443945
1790341550135737600,9.173737548828125,54.84970662783129
1790341550152226800,9.190226806640625,56.125254845185395
1790341550168701000,9.206700927734374,55.706123731149326
1790341550185209000,9.223208984375,55.91473632408064
1790341550201747000,9.239746826171874,56.29990018318917
1790341550218199300,9.25619921875,57.638888714412474
1790341550234562600,9.2725625,56.667891689064085
1790341550251086300,9.28908642578125,55.74985179845388
1790341550267579400,9.305579345703125,57.3116241583551
1790341550284086500,9.32208642578125,58.158737375834065
1790341550300568600,9.338568603515625,59.445640672006284
1790341550317018400,9.355018310546875,61.40455243566936
1790341550333497600,9.37149755859375,62.68918367595827
1790341550349948000,9.387947998046876,61.9899329611536
1790341550366415400,9.404415283203125,63.86937170358905
1790341550382861600,9.420861572265625,65.46129509444242
1790341550399328800,9.437328857421875,64.17428237319224
1790341550415801300,9.45380126953125,64.47372365361954
1790341550432252200,9.470252197265625,66.54461487946267
1790341550448776000,9.48677587890625,66.98993623046694
1790341550465222400,9.503222412109375,67.50613475532086
1790341550481739000,9.519739013671876,66.75266276310425
1790341550498262300,9.53626220703125,67.0154492413169
1790341550514725000,9.55272509765625,66.80005551811844
1790341550531169500,9.56916943359375,67.02557564686612
1790341550547611100,9.585611083984375,66.29727636449054
1790341550564093700,9.60209375,65.55877415951731
1790341550580541000,9.618541015625,64.88273543466497
1790341550596920000,9.634920166015625,62.99560924529863
1790341550613423400,9.65142333984375,62.31941276219522
1790341550629870300,9.667870361328125,61.676604651919426
1790341550646315300,9.684315185546875,60.56717775457456
1790341550662760400,9.700760498046876,60.832591796300335
1790341550679205600,9.71720556640625,59.32885542256201
1790341550695682600,9.7336826171875,58.28543512239131
1790341550712128500,9.75012841796875,58.69959896105578
1790341550728575700,9.76657568359375,57.51678186718941
1790341550745084400,9.78308447265625,56.97172491125176
1790341550761576000,9.799575927734375,55.479423334778986
1790341550778085400,9.81608544921875,55.96078098233512
1790341550794533600,9.83253369140625,55.10689833850931
1790341550810980600,9.848980712890626,54.32170193702489
1790341550827430700,9.8654306640625,53.589695886080094
1790341550843904000,9.881904052734376,54.35200512892883
1790341550860405800,9.89840576171875,55.332715300067484
1790341550876900600,9.914900634765624,56.406768021365416
1790341550893393200,9.93139306640625,56.13273089672936
1790341550909858300,9.9478583984375,55.54218534329358
1790341550926389200,9.96438916015625,55.8733995630422
1790341550942927000,9.980927001953125,57.490012079853216
1790341550959377700,9.997377685546875,57.681312055457774
1790341550975828700,10.013828857421874,58.69616320396076
1790341550992308200,10.03030810546875,60.13186508605443
1790341551008759000,10.046759033203125,59.906332824803755
1790341551025209600,10.063209716796875,59.701550986419214
1790341551041659000,10.079658935546876,62.14795050346678
1790341551057967600,10.095967529296875,61.62314791841506
1790341551074348000,10.11234814453125,63.11782712596719
1790341551090759400,10.128759521484374,64.8613097244292
1790341551107206400,10.145206298828125,64.02952531964266
1790341551123653400,10.1616533203125,63.42738419911796
1790341551140102700,10.1781025390625,63.47630507810368
1790341551156551400,10.194551513671875,64.84606705810897
1790341551172995800,10.210995849609375,63.60947839722689
1790341551189473500,10.2274736328125,63.94243802423508
1790341551205922800,10.2439228515625,65.26437256861968
1790341551222372000,10.2603720703125,64.86271493233542
1790341551238849300,10.276849365234375,64.99558538474743
1790341551255298000,10.293298095703125,64.52145312048042
1790341551271747300,10.309747314453125,66.50823455378736
1790341551288194800,10.32619482421875,66.07197989699421
1790341551304656100,10.34265625,65.72830531812583
1790341551321105700,10.359105712890624,67.62805992249606
1790341551337553700,10.3755537109375,66.39819819220236
1790341551354010000,10.392010009765626,68.54300261386922
1790341551370507500,10.408507568359376,66.98160499284563
1790341551387026700,10.425026611328125,67.10478983728459
1790341551403482600,10.441482666015625,68.11001190387753
1790341551419928300,10.45792822265625,66.64033758395266
1790341551436409300,10.474409423828124,66.66698124554289
1790341551452860000,10.49085986328125,65.56519821417307
1790341551469310200,10.507310302734375,66.58252990003861
1790341551485787400,10.523787353515624,66.02212432304154
1790341551502279200,10.540279052734375,64.72405518668559
1790341551518738700,10.55673876953125,64.0309153372695
1790341551535218000,10.573218017578125,63.763157465362994
1790341551551667500,10.58966748046875,64.97268840997472
1790341551568184300,10.606184326171874,65.66077832761093
1790341551584632600,10.622632568359375,65.24022681020577
1790341551600092700,10.6380927734375,66.01601594640319
1790341551616539000,10.654538818359375,64.59309722159308
1790341551633017000,10.67101708984375,65.93239476272105
1790341551649505500,10.687505615234375,65.46617261229214
1790341551665949000,10.703948974609375,64.69797264119913
1790341551682362000,10.720362060546876,66.97244865593052
1790341551698808600,10.73680859375,66.3883809404991
1790341551715330600,10.75333056640625,64.80515779017236
1790341551731821600,10.769821533203125,64.97310805428754
1790341551748274700,10.786274658203125,67.73521319918964
1790341551764723700,10.8027236328125,66.21560008821127
1790341551781168600,10.819168701171876,63.88578207547292
1790341551797654300,10.835654296875,65.36077859554494
1790341551814113500,10.852113525390624,64.53272390264786
1790341551830587100,10.868587158203125,63.103421987042154
1790341551847060500,10.885060546875,64.0741067643766
1790341551863552800,10.901552734375,61.66132169979413
1790341551879998200,10.917998291015625,62.62292633082785
1790341551896479200,10.934479248046875,60.382060306686
1790341551912926000,10.950926025390626,60.838714115176316
1790341551929433600,10.96743359375,59.91767549199878
1790341551945916400,10.98391650390625,58.00277599016462
1790341551962365700,11.00036572265625,59.024615703873366
1790341551978870500,11.01687060546875,57.86093207667865
1790341551995342600,11.033342529296876,58.05879945353596
1790341552011818000,11.04981787109375,57.33370184322345
1790341552028269300,11.066269287109375,56.55618977784942
1790341552044721700,11.0827216796875,55.95763393938592
1790341552061130200,11.099130126953124,56.10866715390142
1790341552077604400,11.115604248046875,56.20964031995342
1790341552094076000,11.132075927734375,57.45702595756393
1790341552110524000,11.14852392578125,55.30702881835805
1790341552126968300,11.16496826171875,55.46545433704398
1790341552143414500,11.18141455078125,52.96704901481947
1790341552159861000,11.197861083984375,53.113130571746744
1790341552176337700,11.214337646484376,50.30927065128471
1790341552192801000,11.230801025390624,49.5995567035266
1790341552209247200,11.247247314453125,49.56148457032636
1790341552225723100,11.26372314453125,48.4428589541298
1790341552242172700,11.280172607421875,45.77330680891194
1790341552258622200,11.296622314453124,45.58499486757452
1790341552274908700,11.31290869140625,43.35692206173283
1790341552291358200,11.329358154296875,40.160232062025564
1790341552307805000,11.345804931640625,41.44807536754199
1790341552324298500,11.362298583984375,41.73114221365816
1790341552340758300,11.37875830078125,40.58322453941709
1790341552357255400,11.39525537109375,38.632822507077634
1790341552373744000,11.411744140625,41.65236054997493
1790341552390237200,11.4282373046875,38.62976957915548
1790341552406731800,11.444731689453125,36.21009536759406
1790341552423257600,11.461257568359375,38.95919085789798
1790341552439724500,11.477724609375,36.82128390166125
1790341552456202500,11.494202392578124,37.80361591164429
1790341552472692000,11.51069189453125,37.179212707202765
1790341552489144300,11.527144287109374,37.210574438738796
1790341552505621800,11.543621826171876,33.582525906842946
1790341552522068200,11.560068115234374,31.63444947207374
1790341552538516200,11.57651611328125,31.50684156609904
1790341552554991400,11.592991455078124,32.23128844499831
1790341552571377000,11.609376953125,30.199739509992614
1790341552587849700,11.625849609375,28.219035402414114
1790341552604264200,11.64226416015625,27.73517081031345
1790341552620692200,11.658692138671874,26.303396266789406
1790341552637165600,11.67516552734375,26.157999522150988
1790341552653612500,11.691612548828125,25.403668136021494
1790341552670032600,11.70803271484375,23.22077197687765
1790341552686530800,11.72453076171875,21.93060600961031
1790341552703050500,11.741050537109375,20.423522959872063
1790341552719572000,11.757572021484375,19.558888544153728
1790341552736021200,11.774021240234376,20.00636472430042
1790341552752499500,11.79049951171875,19.457613214272474
1790341552768948200,11.8069482421875,20.338841027021108
1790341552785395500,11.8233955078125,20.20759408784436
1790341552801870300,11.839870361328124,19.384661565160503
1790341552818317300,11.8563173828125,18.234993576388153
1790341552834793700,11.872793701171876,18.96660946612726
1790341552851263000,11.889262939453126,21.087340482834357
1790341552867746300,11.905746337890625,21.879066762897164
1790341552884206300,11.922206298828126,19.97817997202343
1790341552900650000,11.93864990234375,23.18031115186293
1790341552917143800,11.955143798828125,22.15729724870256
1790341552933590500,11.971590576171875,23.80915603188087
1790341552949979600,11.987979736328125,23.34120666567273
1790341552966482400,12.004482421875,24.8041729825023
1790341552982928100,12.02092822265625,25.332678665370786
1790341552999388000,12.037387939453126,30.494231140554906
1790341553015836700,12.053836669921875,35.47626306394589
1790341553032287700,12.070287841796874,39.17143703250037
1790341553048788000,12.0867880859375,46.270727632828944
1790341553065237200,12.1032373046875,45.44976543058686
1790341553081688000,12.11968798828125,53.27944584182743
1790341553098139100,12.13613916015625,56.394835850294584
1790341553114558000,12.152557861328125,61.091366052386924
1790341553130995500,12.168995361328125,73.01943919580326
1790341553147383000,12.185383056640624,85.73608969635903
1790341553163849700,12.201849609375,96.83454519954215
1790341553180299300,12.21829931640625,109.75857095336114
1790341553196750000,12.23475,119.69230719359878
1790341553213232400,12.251232421875,127.78698532147754
1790341553229684000,12.26768408203125,127.64860040349357
1790341553246131500,12.28413134765625,132.5237884054829
1790341553262583000,12.3005830078125,136.7433122868576
1790341553278984200,12.316984130859375,138.17773097817798
1790341553295432000,12.333431884765625,142.1610314675904
1790341553311878000,12.3498779296875,142.21327488970834
1790341553328322600,12.366322509765626,143.23350095458883
1790341553344766700,12.3827666015625,145.24986427511598
1790341553361215200,12.39921533203125,145.27973206236862
1790341553377664000,12.4156640625,145.1342638365914
1790341553394111200,12.432111328125,146.11794617336307
1790341553410571300,12.4485712890625,144.6414509911127
1790341553427015400,12.465015380859375,144.19700411377667
1790341553443459800,12.4814599609375,138.40060342617164
1790341553459935700,12.497935791015625,134.9067875627977
1790341553476383200,12.51438330078125,134.6536495408109
1790341553492830000,12.530829833984376,132.70544869802814
1790341553509277000,12.54727685546875,130.09296437363497
1790341553525721900,12.563721923828124,125.79744245563892
1790341553542164500,12.58016455078125,121.94477976235345
1790341553558607000,12.596607177734375,118.27902808997199
1790341553575010600,12.613010498046876,115.47349086290664
1790341553591454000,12.629453857421876,114.17179315150653
1790341553607902200,12.645902099609375,115.69506861025587
1790341553624361200,12.662361328125,115.13015460208481
1790341553640810000,12.67881005859375,112.13395965028081
1790341553657287000,12.695286865234374,106.31385260114698
1790341553673732400,12.711732421875,105.80562031735329
1790341553690175000,12.728175048828126,105.75453298670843
1790341553706650400,12.744650390625,98.32152771820716
1790341553723097900,12.761097900390626,95.46130749135546
1790341553739545600,12.777545654296874,95.72216530228201
1790341553755993900,12.793993896484375,87.94379790710215
1790341553772441300,12.81044140625,85.38361110865003
1790341553788891100,12.82689111328125,80.2310261419917
1790341553805336800,12.8433369140625,82.28337502948199
1790341553821784000,12.8597841796875,80.1299027797216
1790341553838231000,12.87623095703125,78.9602927128168
1790341553854680800,12.892680908203126,74.38076898607609
1790341553871127000,12.909126953125,74.33266721963484
1790341553887573500,12.925573486328124,75.05722069763277
1790341553904052500,12.942052490234374,72.56046246718869
1790341553920498200,12.958498291015625,69.7364033252313
1790341553936944000,12.974944091796875,74.14700736840005
1790341553953352400,12.9913525390625,75.55572331394137
1790341553969800700,13.00780078125,71.51768008341084
1790341553986250800,13.024250732421875,75.48304970671879
1790341554002698800,13.04069873046875,76.20677069332031
1790341554019146000,13.05714599609375,77.7173799112904
1790341554035592200,13.07359228515625,76.71244870468274
1790341554052039200,13.0900390625,81.99314771151633
1790341554068419300,13.10641943359375,78.65060535774444
1790341554084832500,13.12283251953125,83.87613469308573
1790341554101247500,13.13924755859375,86.88112150193653
1790341554117693700,13.155693603515624,85.4225356432077
1790341554134141700,13.1721416015625,86.80858214354829
1790341554150611000,13.18861083984375,84.18427687174186
1790341554167057400,13.205057373046875,85.58761953518726
1790341554183509800,13.221509765625,87.65060450084499
1790341554200022300,13.238022216796875,84.19563959903704
1790341554216490500,13.254490478515624,90.6780445037908
1790341554232937700,13.270937744140625,87.69656272838122
1790341554249383000,13.2873828125,91.2138038452412
1790341554265830400,13.303830322265625,83.68620515074451
1790341554282261200,13.32026123046875,86.30750392078492
1790341554298658600,13.336658447265625,89.77637512601291
1790341554315104800,13.353104736328126,87.6409331947973
1790341554331548200,13.369548095703125,84.07372267753297
1790341554348051000,13.386051025390625,88.342859073387
1790341554364505300,13.40250537109375,86.49912089693058
1790341554380966400,13.41896630859375,90.1358052494113
1790341554397436200,13.435436279296875,88.59854804502322
1790341554413875500,13.45187548828125,88.63614218772602
1790341554430320000,13.468320068359375,91.02494273227687
1790341554446790700,13.484790771484375,92.39532804742446
1790341554463230500,13.50123046875,96.02127485001728
1790341554479671300,13.51767138671875,92.87843400999706
1790341554496111400,13.534111328125,95.110728352184
1790341554512555300,13.55055517578125,98.71434795082509
1790341554529002500,13.56700244140625,98.68875202066343
1790341554545447700,13.58344775390625,98.95348822898588
1790341554561894700,13.599894775390625,96.3259757865776
1790341554578344000,13.616343994140625,91.2342609282084
1790341554594790400,13.632790283203125,89.97356962090872
1790341554611238700,13.64923876953125,89.37848505437614
1790341554627665400,13.66566552734375,86.16068976610727
1790341554644134700,13.682134765625,84.91027297864399
1790341554660578600,13.69857861328125,84.46625501182572
1790341554677020400,13.7150205078125,82.55091917051506
1790341554693493200,13.7314931640625,83.66089297345523
1790341554709954600,13.74795458984375,80.44274953109313
1790341554726437000,13.76443701171875,81.7745234574161
1790341554742886700,13.78088671875,79.00544205470368
1790341554759333600,13.797333740234375,78.91815951398499
1790341554775811800,13.813811767578125,77.95192728458073
1790341554792264700,13.8302646484375,78.84604987922681
1790341554808745200,13.8467451171875,76.26082853849196
1790341554825193200,13.863193115234376,78.72289971416363
1790341554841667600,13.87966748046875,80.41142211185212
1790341554858119400,13.896119384765624,80.09384363918235
1790341554874567000,13.91256689453125,78.0721662143281
1790341554891036700,13.92903662109375,77.57113681033017
1790341554907484400,13.945484375,76.7373429894019
1790341554923933000,13.961932861328124,77.81378475433077
1790341554940435700,13.978435791015626,77.45721875541822
1790341554956878000,13.994878173828125,78.38483853773675
1790341554973268700,14.011268798828125,82.88648442422587
1790341554989714700,14.027714599609375,81.20377876750632
1790341555006165000,14.0441650390625,81.57452816401711
1790341555022673000,14.0606728515625,83.05104057438223
1790341555039163100,14.0771630859375,77.05799452247689
1790341555055590000,14.09358984375,78.31681951455342
1790341555072057600,14.1100576171875,75.71898247918098
1790341555088534500,14.126534423828126,78.86899420730165
1790341555104980500,14.14298046875,78.6621503126756
1790341555121429800,14.1594296875,74.90563892325996
1790341555137941200,14.175941162109375,73.8209240470544
1790341555154385700,14.1923857421875,72.86512198467666
1790341555170832400,14.208832275390625,69.43893782194861
1790341555187308300,14.225308349609374,70.19634524208168
1790341555203754000,14.24175390625,67.45803466250264
1790341555220198700,14.25819873046875,66.73761500135983
1790341555236641800,14.274641845703124,62.35003661499764
1790341555253090800,14.2910908203125,59.339666040660745
1790341555269539000,14.3075390625,60.99589550197093
1790341555285993000,14.323992919921874,58.27714012538024
1790341555302383600,14.340383544921876,59.73672672006521
1790341555318831900,14.356831787109375,58.521044741698056
1790341555335311000,14.37331103515625,55.94211103290977
1790341555351801300,14.38980126953125,57.951895774984344
1790341555368263700,14.406263671875,57.14962196245025
1790341555384734500,14.422734375,57.3975937613149
1790341555401210600,14.439210693359374,54.716782100063234
1790341555417725400,14.455725341796875,54.15226886696598
1790341555434242000,14.472241943359375,56.629201976867975
1790341555450702600,14.48870263671875,58.79669757460266
1790341555467158000,14.505157958984375,58.23544966023061
1790341555483632000,14.521632080078126,57.27811207310816
1790341555500074800,14.53807470703125,55.19700646357075
1790341555516521500,14.554521484375,56.74947145217183
1790341555532972800,14.570972900390625,60.9341850084151
1790341555549420500,14.587420654296874,59.765718185305694
1790341555565868800,14.603868896484375,62.24554768722302
1790341555582339600,14.620339599609375,63.675700198560925
1790341555598858200,14.636858154296876,64.4268936156213
1790341555615301600,14.653301513671876,62.50231250383064
1790341555631714300,14.66971435546875,64.12622853933489
1790341555648199200,14.68619921875,59.21649095453646
1790341555664686800,14.702686767578125,62.590775760427775
1790341555681203500,14.719203369140626,61.64147011123255
1790341555697666800,14.735666748046874,60.462066483181616
1790341555714113500,14.752113525390625,60.67888993273256
1790341555730559500,14.7685595703125,56.096506687013836
1790341555747005400,14.78500537109375,56.0837056665112
1790341555763450600,14.80145068359375,55.6617475630445
1790341555779898600,14.817898681640624,54.664655996219395
1790341555796344000,14.834343994140625,52.64309554672436
1790341555812793600,14.850793701171876,51.37352496290831
1790341555829243400,14.867243408203125,56.78581929641025
1790341555845693700,14.883693603515624,54.110595096689266
1790341555862139600,14.9001396484375,54.827073820337745
1790341555878611000,14.91661083984375,62.025163322052435
1790341555895057700,14.9330576171875,63.31177773935245
1790341555911502300,14.94950244140625,71.49101097495503
1790341555927975400,14.965975341796875,75.9104995605448
1790341555944420000,14.982420166015626,76.31242126310245
1790341555960864300,14.9988642578125,79.67248404628758
1790341555977147100,15.015147216796874,81.52630181187978
1790341555993595000,15.031594970703125,78.98440618441262
1790341556010042600,15.048042724609376,80.53089894383164
1790341556026535700,15.06453564453125,81.28747556805979
1790341556043004700,15.081004638671875,77.48819899037602
1790341556059443500,15.097443359375,77.39677316513031
1790341556075927000,15.113927001953124,72.71522471366035
1790341556092382200,15.13038232421875,70.76589901541973
1790341556108857600,15.146857666015626,66.87403912474915
1790341556125262800,15.163262939453125,68.62126563389182
1790341556141708500,15.17970849609375,67.48115505915872
1790341556158159000,15.1961591796875,64.62467563410405
1790341556174667300,15.212667236328125,62.93501701186561
1790341556191114200,15.2291142578125,55.858923898657686
1790341556207589600,15.245589599609374,52.87661833718155
1790341556224040400,15.26204052734375,51.45489692258153
1790341556240493600,15.27849365234375,48.18309819762978
1790341556256970800,15.294970703125,45.87502143594934
1790341556273424000,15.311423828125,48.145128257193285
1790341556289898000,15.32789794921875,47.003343930546144
1790341556306345000,15.344344970703125,55.247978426467576
1790341556322806300,15.36080615234375,55.30388434627164
1790341556339253500,15.37725341796875,65.32152973901218
1790341556355701800,15.39370166015625,77.34219981640106
1790341556372167400,15.41016748046875,89.45679961684864
1790341556388617000,15.426616943359376,98.12875794173665
1790341556405069000,15.443069091796875,102.26477312535413
1790341556421559300,15.459559326171876,108.12530613910323
1790341556438007800,15.4760078125,114.31266562368897
1790341556454458400,15.492458251953124,116.96020062287721
1790341556470901000,15.50890087890625,118.1406498097953
1790341556487350300,15.525350341796875,119.5961558339947
1790341556503797800,15.5417978515625,120.01756645015669
1790341556520252200,15.558252197265626,118.09118821058378
1790341556536751000,15.574751220703124,120.39026835159092
1790341556553201400,15.591201416015625,118.5590142021687
1790341556569680600,15.6076806640625,120.85031671519779
1790341556586128400,15.62412841796875,116.34641585223328
1790341556602505000,15.6405048828125,114.53214444792815
1790341556618969600,15.656969482421875,115.31271892707723
1790341556635422000,15.673421875,113.4546701463439
1790341556651805700,15.6898056640625,110.60999599375485
1790341556668284200,15.7062841796875,108.54795789347548
1790341556684749800,15.722749755859375,102.96797626530844
1790341556701222700,15.73922265625,102.33548929914551
1790341556717719800,15.7557197265625,98.56152489548415
1790341556734166300,15.772166259765624,90.51321228150707
1790341556750611000,15.78861083984375,87.40656736017567
1790341556767059000,15.805058837890625,80.35342325782423
1790341556783548200,15.821548095703125,80.65828652695538
1790341556800043500,15.83804345703125,79.95606948132696
1790341556816525600,15.854525634765626,78.25340304992301
1790341556833013200,15.87101318359375,76.58863933319316
1790341556849489200,15.8874892578125,73.1387792776513
1790341556865967900,15.9039677734375,73.77161062234933
1790341556882463000,15.920462890625,72.6914220230957
1790341556898942700,15.936942626953124,75.44609236139053
1790341556915459600,15.95345947265625,67.68642070177663
1790341556931946200,15.9699462890625,64.73063555110741
1790341556948413200,15.9864130859375,64.55048098942956
1790341556964874200,16.002874267578125,63.43609658816647
1790341556981416200,16.019416259765624,61.696963509639076
1790341556997905700,16.03590576171875,60.42210297115363
1790341557014397000,16.05239697265625,56.967853743449986
1790341557030861800,16.06886181640625,52.46833797271093
1790341557047354000,16.08535400390625,52.44400212987745
1790341557063802000,16.101802001953125,47.77639800574032
1790341557080248000,16.118248046875,43.22868302612782
1790341557096762600,16.1347626953125,45.5498708633963
1790341557113244200,16.151244140625,43.92566394493858
1790341557129740300,16.167740234375,42.232376772384754
1790341557146256100,16.184256103515626,38.761077725486544
1790341557162775000,16.200775146484375,36.510475645394024
1790341557179260200,16.21726025390625,35.23566339937531
1790341557195760000,16.233760009765625,34.79006494152837
1790341557212220200,16.25022021484375,34.243589052596946
1790341557228735200,16.2667353515625,33.33708356414277
1790341557245222700,16.28322265625,32.246685504643175
1790341557261715500,16.299715576171874,28.934876092844565
1790341557278214000,16.3162138671875,25.27791501672367
1790341557294673700,16.332673583984374,27.02806521295322
1790341557311200000,16.349199951171876,25.380433940149015
1790341557327732500,16.365732421875,25.005111985847247
1790341557344214800,16.38221484375,24.106176167321273
1790341557360685600,16.398685546875,23.755127961304577
1790341557377161000,16.415160888671874,15.822936342719329
1790341557393668400,16.43166845703125,17.233742052697533
1790341557410151200,16.448151123046873,18.578227597146807
1790341557426607000,16.464607177734376,18.896131165133486
1790341557443063300,16.481063232421874,16.11620815154213
1790341557459525000,16.497525146484374,14.774804912794918
1790341557476033300,16.514033203125,14.184943041886083
1790341557492521500,16.530521484375,15.636634767186475
1790341557509004500,16.547004638671876,11.400949115046831
1790341557525491200,16.5634912109375,12.251897429672013
1790341557541986000,16.579986083984377,12.555976808710875
1790341557558478000,16.59647802734375,8.520814547534274
1790341557574967800,16.6129677734375,10.366664193461396
1790341557591459000,16.629458984375,10.057308801809402
1790341557608011300,16.64601123046875,14.474155209356606
1790341557624509200,16.66250927734375,16.522499357303648
1790341557641027000,16.679027099609375,9.357983210910552
1790341557657494800,16.695494873046876,11.899440698874425
1790341557673981400,16.7119814453125,11.467570004647582
1790341557690439400,16.728439453125,13.500412907106076
1790341557706935800,16.744935791015624,8.643244999949077
1790341557723438800,16.76143896484375,7.608636667064169
1790341557739927800,16.777927734375,8.87330554795664
1790341557756416300,16.794416259765626,8.840618700916618
1790341557772917800,16.810917724609375,5.2056234005335975
1790341557789411600,16.82741162109375,6.31410731722584
1790341557805929000,16.843928955078123,11.050051031086156
1790341557822381300,16.86038134765625,11.8879861426846
1790341557838865400,16.876865478515626,9.320726218382722
1790341557855389700,16.8933896484375,5.830237663529183
1790341557871880700,16.909880615234375,6.8584540234358435
1790341557888359700,16.926359619140626,9.168831651349674
1790341557904875300,16.942875244140627,8.591498648023908
1790341557921357600,16.959357666015624,8.26173528084003
1790341557937818000,16.975818115234375,6.381330791364249
1790341557954308400,16.992308349609374,7.4212758684848055
1790341557970774000,17.00877392578125,5.907467261282836
1790341557987257600,17.025257568359375,8.401788275347325
1790341558003750100,17.041750244140626,6.659021285788392
1790341558020251000,17.0582509765625,4.724643494192496
1790341558036744400,17.074744384765626,6.801702425451907
1790341558053226500,17.0912265625,9.871212325720167
1790341558069710600,17.107710693359376,9.667927207435321
1790341558086167600,17.12416748046875,8.63291483913283
1790341558102698000,17.140697998046875,9.595547941262385
1790341558119190800,17.157190673828126,11.997077563240198
1790341558135704000,17.1737041015625,10.41467264040636
1790341558152224500,17.190224609375,7.184545654657636
1790341558168712200,17.206712158203125,8.761184936917571
1790341558185168000,17.22316796875,10.203561024918931
1790341558201661000,17.239660888671875,8.53169373041694
1790341558218140400,17.256140380859375,6.792234488142503
1790341558234591700,17.272591796875,8.180765318849017
1790341558251079700,17.28907958984375,9.170560985590066
1790341558267580000,17.305579833984375,2.7434505372295197
1790341558284076000,17.322075927734375,7.575253245176062
1790341558300590600,17.338590576171875,8.659489758024936
1790341558317038800,17.355038818359375,10.356604920954858
1790341558333560300,17.371560302734373,12.765618816657843
1790341558350050000,17.388050048828124,10.971552948494548
1790341558366547200,17.404547119140624,13.506039824866557
1790341558383062300,17.421062255859376,9.410502165805992
1790341558399546000,17.437546142578125,9.234603689213603
1790341558416029200,17.454029296875,8.844922233396735
1790341558432528600,17.470528564453126,6.148949559241812
1790341558449023700,17.487023681640625,10.492942431865524
1790341558465539000,17.5035390625,6.950127097092386
1790341558481992000,17.519991943359376,8.593063016880143
1790341558498482700,17.536482666015626,11.82022235434155
1790341558514997500,17.55299755859375,1.2479439334650293
1790341558531457800,17.569457763671874,1.829481356100436
1790341558547939800,17.58593994140625,1.7549389294660085
1790341558564395500,17.6023955078125,3.381713160607269
1790341558580880400,17.61888037109375,1.199526441344083
1790341558597404400,17.635404296875,0.4853069941673171
1790341558613897500,17.6518974609375,2.712608912076291
1790341558630411300,17.668411376953124,3.6345621994125
1790341558646931700,17.684931640625,359.44940202539425
1790341558663421000,17.7014208984375,0.6250200811846239
1790341558679849700,17.717849609375,2.425417525987072
1790341558696347100,17.73434716796875,3.867397444369666
1790341558712829700,17.75082958984375,10.103237422276145
1790341558729284600,17.76728466796875,4.380268528323566
1790341558745778700,17.78377880859375,1.9926586060526978
1790341558762247000,17.800246826171875,8.26458765839282
1790341558778686700,17.816686767578126,24.95888335724297
1790341558795198000,17.833197998046874,42.654419088740404
1790341558811683000,17.84968310546875,62.73191693985084
1790341558828171300,17.866171142578125,81.65222968015823
1790341558844684300,17.882684326171876,101.89426311943676
1790341558861179000,17.899178955078124,113.0788614335344
1790341558877697800,17.91569775390625,101.6241185834159
1790341558894188000,17.93218798828125,107.6055311274126
1790341558910679000,17.948678955078126,132.27717178514075
1790341558927184000,17.965183837890624,64.9644400008212
1790341558943649000,17.98164892578125,63.33589991565904
1790341558960151300,17.9981513671875,63.97496984423588
1790341558976604200,18.014604248046876,49.045279671367915
1790341558993098200,18.03109814453125,42.10802283894106
1790341559009540000,18.0475400390625,46.85588100793953
1790341559026037000,18.064037109375,47.55990607000595
1790341559042553300,18.08055322265625,50.274531459948086
1790341559058980600,18.096980712890623,46.83964925618184
1790341559075468000,18.113468017578125,45.099621787032746
1790341559091971300,18.129971435546874,45.24942644862371
1790341559108438000,18.14643798828125,49.23307181170391
1790341559124960300,18.162960205078125,43.655661242555524
1790341559141449500,18.179449462890624,50.07287835660417
1790341559157919700,18.195919677734373,46.682855214908855
1790341559174423300,18.21242333984375,46.621673129507656
1790341559190919200,18.228919189453126,41.57639994766368
1790341559207437300,18.245437255859375,44.61743297233898
1790341559223923500,18.26192333984375,48.86852495895368
1790341559240422700,18.278422607421874,42.788519306523675
1790341559256928800,18.2949287109375,41.48856151381412
1790341559273427700,18.311427734375,44.8157571948741
1790341559289950000,18.327949951171874,44.95644034007153
1790341559306442200,18.344442138671877,42.020923502457684
1790341559322926300,18.36092626953125,46.22367610323349
1790341559339411500,18.377411376953123,46.158994240906175
1790341559355890000,18.393889892578127,46.83707147011194
1790341559372334800,18.4103349609375,51.81185236130768
1790341559388841700,18.426841796875,54.24425868776629
1790341559405286400,18.443286376953125,59.66688668341042
1790341559421734000,18.45973388671875,62.343637747445996
1790341559438177500,18.476177490234374,64.15203112343951
1790341559454621000,18.492620849609374,66.2734160999627
1790341559471066400,18.50906640625,70.6522900936718
1790341559487515000,18.525514892578126,69.72237473058803
1790341559503991300,18.5419912109375,70.8717537912284
1790341559520435700,18.558435791015626,73.13505344874238
1790341559536901600,18.574901611328126,71.82241579682469
1790341559553377800,18.591377685546874,73.93299318590589
1790341559569867000,18.607866943359376,68.61408157519928
1790341559586353700,18.624353759765626,69.30389708727164
1790341559602800400,18.64080029296875,71.91200873455054
1790341559619286800,18.657286865234376,73.61527991520275
1790341559635760000,18.673760009765626,70.00264405338031
1790341559652207400,18.690207275390627,69.61638933623983
1790341559668679200,18.70667919921875,67.2360353062493
1790341559685097500,18.723097412109375,71.69683597867119
1790341559701545000,18.739544921875,70.63275973040719
1790341559718018300,18.756018310546875,69.4066476012564
1790341559734468400,18.77246826171875,68.06250727757487
1790341559750941200,18.788941162109374,73.58450727436163
1790341559767385000,18.805385009765626,66.49587051132043
1790341559783868400,18.821868408203127,67.70930805355624
1790341559800358400,18.8383583984375,68.78797174722179
1790341559816846800,18.854846923828124,69.56561528408517
1790341559833342000,18.871342041015627,67.02172611192138
1790341559849835800,18.887835693359374,69.30268450979308
1790341559866351600,18.9043515625,69.29602916779575
1790341559882837000,18.9208369140625,67.6607335522166
1790341559899334700,18.937334716796876,70.11987965822698
1790341559915843300,18.95384326171875,69.76395496677239
1790341559932348200,18.97034814453125,70.00087902757147
1790341559948835600,18.986835693359374,68.1355332643305
1790341559965324800,19.00332470703125,70.37003458135182
1790341559981797000,19.019797119140627,69.93687082122858
1790341559998247400,19.036247314453124,71.5206786737659
1790341560014697000,19.052697021484374,69.39565538212706
1790341560031167500,19.06916748046875,67.31436763055666
1790341560047608800,19.08560888671875,74.07688264417399
1790341560063968800,19.10196875,73.33913246898773
1790341560080445000,19.11844482421875,72.67334312197795
1790341560096928000,19.134927978515623,73.34983605506523
1790341560113376000,19.1513759765625,78.72627283296849
1790341560129914000,19.1679140625,78.59058286595281
1790341560146406700,19.18440673828125,77.97031288892207
1790341560162911500,19.200911376953126,79.69020865519563
1790341560179409000,19.217408935546874,81.65492820820602
1790341560195926500,19.233926513671875,83.34748172553753
1790341560212418300,19.250418212890626,87.05657465359255
1790341560228915500,19.26691552734375,87.04262670567174
1790341560245420800,19.2834208984375,90.68353768274625
1790341560261918000,19.29991796875,91.73430316539796
1790341560278435800,19.316435791015625,88.85841863891135
1790341560294925300,19.33292529296875,89.11432593420703
1790341560311414500,19.34941455078125,96.45174541163394
1790341560327943200,19.365943115234376,92.34796387836029
1790341560344438000,19.38243798828125,95.83034609114915
1790341560360888600,19.398888671875,92.75675313285804
1790341560377406500,19.415406494140626,93.92301129242851
1790341560393895000,19.43189501953125,93.26115366537314
1790341560410396000,19.44839599609375,94.09101213130583
1790341560426892500,19.464892578125,96.50707381469334
1790341560443406800,19.48140673828125,92.08220765426054
1790341560459895000,19.49789501953125,93.83432731604965
1790341560476390400,19.514390380859375,94.3311184981894
1790341560492893400,19.5308935546875,93.04163572523619
1790341560509390800,19.547390869140624,95.64155269949667
1790341560525875500,19.56387548828125,92.18291158017435
1790341560542366700,19.58036669921875,95.29372688324801
1790341560558831400,19.596831298828125,93.57472121421735
1790341560575361500,19.613361572265624,89.90387502601786
1790341560591859200,19.629859130859376,93.11564189149586
1790341560608373800,19.646373779296876,90.77088900689031
1790341560624909300,19.662909423828125,91.67181094920159
1790341560641397000,19.67939697265625,92.0289507039166
1790341560657898800,19.695898681640625,92.40380042879805
1790341560674396000,19.71239599609375,92.84069312435179
1790341560690876200,19.728876220703125,92.44866273534741
1790341560707315500,19.7453154296875,93.88103043290496
1790341560723816700,19.761816650390625,92.08165406882503
1790341560740323800,19.77832373046875,91.43806976632338
1790341560756826000,19.794826171875,90.91187669605004
1790341560773337900,19.811337890625,90.49550007381549
1790341560789828000,19.827828125,92.57543226344458
1790341560806317300,19.8443173828125,92.12876636143253
1790341560822844400,19.860844482421875,91.21262731870502
1790341560839338200,19.877338134765626,92.36029322700223
1790341560855855000,19.893855224609375,92.37504133991925
1790341560872340000,19.910340087890624,92.17901762977034
1790341560888803800,19.926803955078125,94.766202663388
1790341560905302800,19.943302734375,95.87614806879803
1790341560921764400,19.959764404296877,94.85773429711959
1790341560938281000,19.976281005859374,95.30541252755191
1790341560954772000,19.99277197265625,96.80107580568848
1790341560971268400,20.009268310546876,92.69966263263773
1790341560987771100,20.025771240234373,94.42069641123813
1790341561004267800,20.042267822265625,95.64600358139558
1790341561020752600,20.058752685546875,95.14064022204441
1790341561037147600,20.075147705078123,98.32451176981456
1790341561053638700,20.091638671875,96.57192260800315
1790341561070116900,20.108116943359374,95.06561592455581
1790341561086613200,20.12461328125,94.13245167524836
1790341561102101200,20.140101318359374,96.26193556188846
1790341561118523100,20.156523193359376,92.20661220776505
1790341561134978600,20.172978515625,91.8019146323865
1790341561151478000,20.18947802734375,91.56791607753918
1790341561167938300,20.205938232421875,89.31949452463456
1790341561184452400,20.222452392578123,86.51413580283106
1790341561200938500,20.2389384765625,87.3630926647028
1790341561217431000,20.25543115234375,88.18038663455873
1790341561233934600,20.2719345703125,82.06201842066592
1790341561250397200,20.288397216796874,85.98347284872949
1790341561266909200,20.3049091796875,82.48476801886396
1790341561283400400,20.321400390625,83.96262277576345
1790341561299886600,20.337886474609373,80.96226205922238
1790341561316376300,20.354376220703124,77.28481905843837
1790341561332867300,20.370867431640626,77.0953468111479
1790341561349379800,20.3873798828125,72.5146260170775
1790341561365831700,20.403831787109375,74.86608612297576
1790341561382260500,20.420260498046876,69.52584169296233
1790341561398757600,20.436757568359376,71.51902074774699
1790341561415229400,20.4532294921875,69.0150101893344
1790341561431741400,20.469741455078125,68.68023319594647
1790341561448226000,20.48622607421875,67.11858936179091
1790341561464719600,20.5027197265625,68.33645459451003
1790341561481218000,20.519218017578126,65.69947249098666
1790341561497710800,20.5357109375,65.82907595566682
1790341561514222000,20.55222216796875,68.3723279417733
1790341561530703000,20.568703125,66.92513891410422
1790341561547189500,20.585189453125,70.61539933120311
1790341561563713800,20.6017138671875,73.53204182827804
1790341561580174000,20.618174072265624,71.64070205724542
1790341561596685800,20.634685791015624,72.33399121292436
1790341561613170700,20.651170654296877,76.08840071664974
1790341561629564000,20.66756396484375,81.83009212590372
1790341561646028800,20.68402880859375,79.95289982674124
1790341561662487800,20.70048779296875,85.97208220807016
1790341561679001300,20.71700146484375,87.6253349417386
1790341561695487000,20.733487060546874,91.02736375443403
1790341561710951700,20.74895166015625,92.2786482309232
1790341561727449000,20.765448974609374,89.92765362162407
1790341561743906300,20.78190625,94.3356114150978
1790341561760386800,20.79838671875,91.02582048706063
1790341561776836000,20.814836181640626,98.30288762698514
1790341561793318700,20.831318603515626,92.25540981396817
1790341561809842000,20.847842041015625,95.26477883484104
1790341561826334000,20.864333984375,92.2410933046991
1790341561842810000,20.88081005859375,93.31702208257333
1790341561859322600,20.897322509765626,94.04762227919528
1790341561875781000,20.913781005859374,90.70586135007464
1790341561892225500,20.9302255859375,92.00936436774123
1790341561908669700,20.946669677734373,91.88612969667977
1790341561925144600,20.96314453125,88.40303253258418
1790341561941628200,20.979628173828125,88.10838370458924
1790341561958089200,20.996089111328125,85.59397423508399
1790341561974557400,21.012557373046874,83.52330049210609
1790341561990996700,21.028996826171873,82.41546444051552
1790341562007453400,21.045453369140624,83.04107765590398
1790341562023919600,21.061919677734377,79.73727614023937
1790341562040371500,21.078371337890626,76.51578840465156
1790341562056760800,21.0947607421875,78.29783494229274
1790341562073104000,21.111103759765626,73.35334033238247
1790341562089579000,21.1275791015625,69.03029653901304
1790341562106063600,21.144063720703127,63.967804684368055
1790341562122504400,21.16050439453125,60.25658765316015
1790341562138946000,21.176946044921873,54.726318704174254
1790341562155408000,21.193407958984373,48.97942145784025
1790341562171853000,21.20985302734375,46.40329443123385
1790341562188304400,21.226304443359375,39.826067766530365
1790341562204749600,21.24274951171875,34.61973829068803
1790341562221236200,21.259236328125,39.066972360076335
1790341562237676000,21.275676025390624,44.004819058666335
1790341562254119400,21.292119384765623,37.472574780278975
1790341562270562600,21.3085625,35.53610313242166
1790341562287026200,21.325026123046875,45.189877737851226
1790341562303494700,21.34149462890625,44.77427266070509
1790341562319954700,21.35795458984375,46.60936796933861
1790341562336412400,21.374412353515623,50.115293769886776
1790341562352915000,21.3909150390625,57.130196493668535
1790341562369363500,21.407363525390625,61.463174798658656
1790341562385830100,21.423830078125,60.14548738233626
1790341562402253800,21.44025390625,64.77023481836217
1790341562418731500,21.4567314453125,65.40344404861975
1790341562435189000,21.47318896484375,64.60252229091452
1790341562451637200,21.48963720703125,69.16381908052668
1790341562468078800,21.506078857421876,71.60318011859127
1790341562484522200,21.522522216796876,72.55662074894258
1790341562500964600,21.538964599609375,70.75569844126969
1790341562517415000,21.555414794921877,67.40819074691011
1790341562533855200,21.571855224609376,71.13686931579349
1790341562550311200,21.588311279296875,67.97839324821054
1790341562566752000,21.604751953125,68.41251835891094
1790341562583192600,21.621192626953125,65.45008033247613
1790341562599662600,21.63766259765625,65.1097243821034
1790341562616119000,21.654119140625,67.95809248700414
1790341562632589600,21.670589599609375,61.52794015577035
1790341562648973300,21.686973388671873,59.22491205331796
1790341562665417500,21.70341748046875,58.492054909472785
1790341562681887500,21.719887451171875,57.49474745483042
1790341562698351600,21.7363515625,52.314658407921186
1790341562714818800,21.75281884765625,55.52544197106331
1790341562731297300,21.76929736328125,53.88980856242829
1790341562747756000,21.785756103515624,51.25049646561433
1790341562764224500,21.802224609375,52.04479059189632
1790341562780663600,21.81866357421875,53.11897327183362
1790341562797151000,21.83515087890625,52.65324247411849
1790341562813590300,21.85159033203125,51.88516595959303
1790341562830029800,21.86802978515625,49.68436229097085
1790341562846557000,21.884556884765626,46.878757105816014
1790341562862997500,21.90099755859375,47.81673846617376
1790341562879452000,21.917451904296875,45.982608671390096
1790341562895913200,21.933913330078123,48.293464967064224
1790341562912353500,21.950353515625,44.937894188606464
1790341562928795100,21.966795166015626,44.02745468203642
1790341562945279000,21.983279052734375,43.46392144648247
1790341562961744600,21.99974462890625,40.66910562181647
1790341562978203600,22.01620361328125,39.22941069588757
1790341562994676200,22.03267626953125,36.547683421779006
1790341563011121000,22.049120849609373,36.79318089048372
1790341563027563800,22.065563720703125,33.03765838122487
1790341563044019000,22.08201904296875,32.93995714987269
1790341563060421000,22.098421142578125,29.625133019525077
1790341563076800000,22.114800048828126,29.67801769624057
1790341563093269800,22.131269775390624,27.142060999540398
1790341563109747500,22.14774755859375,25.23223829862796
1790341563126192600,22.164192626953124,22.632716521527993
1790341563142640000,22.18064013671875,20.88239581561353
1790341563159086600,22.197086669921877,19.853307949063048
1790341563175535400,22.213535400390626,18.14604904165735
1790341563191984600,22.229984619140627,17.198503591278104
1790341563208430800,22.246430908203124,15.128987569494631
1790341563224874200,22.262874267578123,13.30907970442769
1790341563241316400,22.27931640625,13.65774433485509
1790341563257758200,22.29575830078125,12.553166414532523
1790341563274200000,22.312199951171873,10.466121334590827
1790341563290656800,22.32865673828125,8.957384108320943
1790341563307101400,22.345101318359376,8.161460661459609
1790341563323547600,22.361547607421876,7.290240240875657
1790341563340021000,22.37802099609375,6.173809541503271
1790341563356462600,22.394462646484374,6.0527488129977955
1790341563372904700,22.41090478515625,4.113856378523474
1790341563389347800,22.427347900390625,3.3464185202044825
1790341563405790200,22.443790283203125,3.6698401103085354
1790341563422278100,22.460278076171875,3.0136529762816315
1790341563438727000,22.476726806640624,1.3567975302584572
1790341563455170800,22.4931708984375,1.3268668753675528
1790341563471613700,22.50961376953125,359.47544538619826
1790341563488088000,22.526088134765626,358.79574426713486
1790341563504531500,22.542531494140626,358.4541101307478
1790341563520972800,22.558972900390625,357.9593108957275
1790341563537436700,22.575436767578125,358.4807742603476
1790341563553882000,22.591882080078125,356.738982968197
1790341563570324200,22.60832421875,356.729940699668
1790341563586796300,22.62479638671875,353.96260590694305
1790341563603236000,22.641236083984374,354.14319355494604
1790341563619677000,22.657677001953125,354.4538582487016
1790341563636121300,22.674121337890625,353.46959841829033
1790341563652617700,22.69061767578125,353.4595458275382
1790341563669061600,22.7070615234375,351.241348850148
1790341563685525800,22.72352587890625,351.6742191670707
1790341563701969200,22.73996923828125,352.5922789651662
1790341563718413800,22.756413818359373,352.0227707003013
1790341563734856200,22.772856201171876,350.9211026274538
1790341563751231700,22.789231689453125,353.5093040937092
1790341563767672000,22.805672119140624,349.0011559475884
1790341563784135000,22.822135009765624,351.08687684589256
1790341563800577800,22.838577880859376,348.1663685866277
1790341563817023200,22.855023193359376,346.6408023169559
1790341563833496800,22.871496826171875,348.4674191838288
1790341563849940700,22.887940673828126,348.71589520696966
1790341563866382300,22.90438232421875,344.4590046730407
1790341563882823200,22.9208232421875,345.34675770383245
1790341563899269600,22.93726953125,342.3315689540301
1790341563915711500,22.95371142578125,340.79159401950824
1790341563932156400,22.970156494140625,338.5675926656955
1790341563948597000,22.986596923828124,338.47954484995796
1790341563965036000,23.0030361328125,337.6865146716574
1790341563981507800,23.0195078125,333.9561069894591
1790341563997955600,23.03595556640625,333.818774551698
1790341564014402000,23.052402099609374,332.30369139060144
1790341564030870800,23.068870849609375,330.6054624885003
1790341564047314200,23.085314208984375,329.3984965939272
1790341564063697200,23.101697265625,324.362653186686
1790341564080171500,23.118171630859376,327.2577799571155
1790341564096561200,23.13456103515625,326.1055123037006
1790341564113007000,23.151007080078124,323.8537556997581
1790341564129448400,23.167448486328126,322.532129362016
1790341564145983500,23.1839833984375,326.2927343486987
1790341564162427000,23.200427001953123,324.4149872536179
1790341564178872000,23.2168720703125,324.271152401607
1790341564195311400,23.233311279296874,321.63883082750783
1790341564211751200,23.249751220703125,320.55837403070774
1790341564228194000,23.266194091796876,323.74037290174306
1790341564243607600,23.281607666015624,324.6327925252594
1790341564260049700,23.298049560546875,319.896287212706
1790341564276504000,23.314504150390626,319.724819588348
1790341564292945700,23.330945556640625,320.44943186420176
1790341564309388300,23.34738818359375,320.44134001762137
1790341564325859600,23.363859619140626,320.2834713699828
1790341564342301200,23.38030126953125,319.41796237026836
1790341564358745300,23.396745361328126,321.44064043776893
1790341564375188500,23.4131884765625,320.073701213154
1790341564391632100,23.429632080078125,321.7472281545134
1790341564408073700,23.44607373046875,322.77222892023866
1790341564424521200,23.462521240234373,321.1451633192023
1790341564440896300,23.478896240234373,321.96986106923697
1790341564457337900,23.495337890625,321.8048219607006
1790341564473809400,23.511809326171875,323.8076990380781
1790341564490251000,23.5282509765625,323.10791364872244
1790341564506694700,23.544694580078126,323.44551304981417
1790341564523164000,23.561163818359375,323.02545757602996
1790341564539607600,23.577607666015624,324.5644746593946
1790341564556048400,23.59404833984375,323.67147304500196
1790341564572517000,23.61051708984375,324.04102036497295
1790341564588958700,23.626958740234375,323.93545796717785
1790341564605401900,23.64340185546875,325.1313593206578
1790341564621844000,23.659843994140626,323.9545925925734
1790341564638285300,23.676285400390626,326.353934830625
1790341564654723300,23.692723388671876,326.49740454527426
1790341564671182600,23.7091826171875,327.126197430586
1790341564687619600,23.72561962890625,326.57078253007853
1790341564704058400,23.742058349609376,326.09892473669987
1790341564720497400,23.758497314453123,327.68314895055954
1790341564736934400,23.774934326171874,328.2756754005279
1790341564753375000,23.791375,326.83575217471457
1790341564769836800,23.8078369140625,328.2584313414322
1790341564786274600,23.824274658203127,329.89758133121313
1790341564802716200,23.840716064453126,329.9436480852354
1790341564819193300,23.857193359375,330.1016754489136
1790341564835643600,23.8736435546875,330.509820969762
1790341564852091000,23.8900908203125,332.1493513894707
1790341564868533200,23.906533203125,334.32570658779326
1790341564884977200,23.92297705078125,334.9189595882983
1790341564901418500,23.93941845703125,334.3579043584309
1790341564917860000,23.955860107421874,335.3955502761362
1790341564934299100,23.972299072265624,336.17144745974696
1790341564950739200,23.9887392578125,335.774343576614
1790341564967210000,24.0052099609375,333.5082324856365
1790341564983650800,24.02165087890625,334.4608371099462
1790341565000091400,24.03809130859375,329.38709120024754
1790341565016553200,24.05455322265625,330.0364602542528
1790341565032994800,24.070994873046875,328.8228673460162
1790341565049436200,24.087436279296874,325.7842963706528
1790341565065854500,24.1038544921875,320.63464542356974
1790341565082292700,24.120292724609374,314.8706320205768
1790341565098733600,24.136733642578125,311.5965250575856
1790341565115114000,24.153114013671875,309.2018395686776
1790341565131555000,24.16955517578125,308.007430484831
1790341565147994600,24.18599462890625,302.3701633719629
1790341565164441600,24.202441650390625,298.38369119462305
1790341565180882700,24.218882568359376,297.14592341692173
1790341565197324300,24.23532421875,294.54779340943253
1790341565213803300,24.25180322265625,292.3134839503314
1790341565230247000,24.268246826171875,292.5185518319505
1790341565246689000,24.28468896484375,289.0772220975413
1790341565263171600,24.301171630859375,289.92778295663135
1790341565279613400,24.317613525390627,287.2941472271228
1790341565296055300,24.33405517578125,288.1210533082593
1790341565312556300,24.350556396484375,287.02626601664844
1790341565328996900,24.366996826171874,287.9134834285285
1790341565345467100,24.383467041015624,287.98703272356033
1790341565361941200,24.399941162109375,288.4033949450186
1790341565378378800,24.416378662109373,287.2654884227041
1790341565394844700,24.4328447265625,289.75285527766255
1790341565411287800,24.449287841796874,289.32149660940576
1790341565427758000,24.465758056640624,290.1813138617072
1790341565444242400,24.482242431640625,293.53687047815896
1790341565460706600,24.49870654296875,293.0636698937435
1790341565477179400,24.515179443359376,295.14047596813054
1790341565493622800,24.531622802734375,295.3796107734034
1790341565510025200,24.548025146484374,297.3320622185711
1790341565526464500,24.564464599609376,298.64856183401304
1790341565542905600,24.580905517578124,301.2939252433376
1790341565559400000,24.59739990234375,303.5020445582897
1790341565575839200,24.613839111328126,303.9646112394721
1790341565592303400,24.630303466796875,305.52551115701823
1790341565608747500,24.64674755859375,306.8417967451513
1790341565625193000,24.66319287109375,306.579659859661
1790341565641666000,24.679666015625,308.12503661157643
1790341565658056400,24.696056396484376,307.4462191718096
1790341565674527200,24.71252734375,310.7222167854745
1790341565690967300,24.72896728515625,309.0441342191975
1790341565707425500,24.745425537109377,309.7946912471165
1790341565723892000,24.76189208984375,310.312907876293
1790341565740331300,24.778331298828125,311.29485226497
1790341565756824800,24.794824951171876,309.60739355494377
1790341565773264100,24.81126416015625,310.0385248553215
1790341565789635800,24.8276357421875,311.54490353870307
1790341565806129400,24.84412939453125,310.7612254819958
1790341565822569000,24.86056884765625,309.7448933677975
1790341565839039500,24.87703955078125,311.56713840725547
1790341565855481900,24.89348193359375,311.1070803102042
1790341565871926000,24.909926025390625,311.1969311627287
1790341565888398000,24.926398193359375,311.3827868549808
1790341565904848400,24.942848388671877,311.8399730740336
1790341565921320200,24.9593203125,311.86379742827523
1790341565937766000,24.975765869140623,311.70846330891084
1790341565954129400,24.99212939453125,309.69807683896556
1790341565970602200,25.008602294921875,310.09596727430784
1790341565987044000,25.025044189453126,309.7860785792038
1790341566003444500,25.041444580078124,309.91213279398886
1790341566019885000,25.057885009765624,311.52065707157453
1790341566036326000,25.074325927734375,310.4329340321214
1790341566052826000,25.090826171875,309.73632612869176
1790341566068342000,25.106342041015626,309.834637863637
1790341566084811300,25.122811279296876,308.79316861661783
1790341566101254000,25.13925390625,308.79559333906496
1790341566117695700,25.15569580078125,309.1168362069655
1790341566134142200,25.17214208984375,308.3030028801371
1790341566150589200,25.188589111328124,308.37018618460866
1790341566166984000,25.20498388671875,309.8847453276004
1790341566183423200,25.22142333984375,308.44149458625
1790341566199882200,25.23788232421875,308.13020992358577
1790341566216351000,25.25435107421875,309.565979307223
1790341566232792300,25.270792236328123,308.71504334165206
1790341566249288200,25.2872880859375,308.18160210495154
1790341566265730300,25.303730224609374,309.12588783683293
1790341566282177000,25.320177001953127,309.04551303794693
1790341566298675700,25.33667578125,310.77466481612976
1790341566315116800,25.35311669921875,310.26932017989736
1790341566331586800,25.3695869140625,310.42010158317225
1790341566348026400,25.3860263671875,310.5063199164941
1790341566364464400,25.40246435546875,310.1574539562494
1790341566380929500,25.418929443359374,310.1182241541003
1790341566397372000,25.435371826171874,310.65917439078584
1790341566413835300,25.451835205078126,309.6321294734392
1790341566430275800,25.46827587890625,310.3307477365331
1790341566446738000,25.484738037109373,309.70846566631667
1790341566463205600,25.50120556640625,309.8455041523062
1790341566479662000,25.517662109375,309.89381259466774
1790341566496067000,25.534067138671876,309.99030399963425
1790341566512503600,25.550503662109374,309.8347940253779
1790341566528938800,25.566938720703124,310.149703944551
1790341566545431300,25.583431396484375,309.317951539581
1790341566561866500,25.599866455078125,309.0223635962568
1790341566578329000,25.6163291015625,309.8941336605994
1790341566594768100,25.63276806640625,308.46096379266623
1790341566611207200,25.649207275390626,308.80993972962926
1790341566627670500,25.66567041015625,309.52170817794706
1790341566644112400,25.6821123046875,307.93611284599194
1790341566660576000,25.698575927734375,308.86809603431857
1790341566677012000,25.715011962890625,308.96008634776985
1790341566693470000,25.731469970703124,307.15636180740063
1790341566709933800,25.747933837890624,309.15499122131854
1790341566726370800,25.764370849609374,307.7776670642384
1790341566742861300,25.780861328125,307.73733801216747
1790341566759300400,25.79730029296875,308.26600860085983
1790341566775739100,25.8137392578125,308.2389846799073
1790341566792237800,25.83023779296875,306.97486788107466
1790341566808615200,25.846615234375,308.2275441361899
1790341566825085000,25.8630849609375,308.1339132359222
1790341566841524500,25.8795244140625,307.56804700515096
1790341566857964500,25.895964599609375,307.4814581175193
1790341566874431000,25.912430908203124,307.0732897056006
1790341566890875600,25.928875732421876,309.71897193415225
1790341566907345200,25.94534521484375,306.7499834458819
1790341566923784000,25.961783935546876,307.1643953764145
1790341566940254700,25.978254638671874,307.48198678009265
1790341566956721700,25.9947216796875,309.06945847304905
1790341566973160700,26.01116064453125,306.972024991488
1790341566989563400,26.0275634765625,308.00707021492263
1790341567006006300,26.04400634765625,308.53976780856044
1790341567022448600,26.06044873046875,308.6624568259156
1790341567038944500,26.076944580078123,306.80683592621386
1790341567055384800,26.093384765625,306.1858412886284
1790341567071800000,26.109800048828124,306.8029579031971
1790341567088139000,26.126138916015623,306.2225864072596
1790341567104578800,26.142578857421874,306.5534766721027
1790341567121091800,26.159091796875,305.41092688066226
1790341567137537800,26.175537841796874,304.27087461693765
1790341567153938000,26.19193798828125,304.027403776363
1790341567170378200,26.208378173828127,304.3623676435532
1790341567186835200,26.224835205078126,303.8716420320653
1790341567203301000,26.241301025390626,304.4497419345173
1790341567219739000,26.25773876953125,302.88164541090117
1790341567236230100,26.274230224609376,302.0246086201305
1790341567252667600,26.290667724609374,301.2094073053913
1790341567269113600,26.307113525390626,302.50750615225655
1790341567285614800,26.32361474609375,301.6881222552733
1790341567302059500,26.3400595703125,301.0344301529395
1790341567318528300,26.3565283203125,301.54330137368555
1790341567334967800,26.3729677734375,300.66271521563453
1790341567351411200,26.3894111328125,299.542403891949
1790341567367880400,26.40588037109375,300.12047374332724
1790341567384329500,26.42232958984375,301.1939204789464
1790341567400802300,26.43880224609375,300.0307399843878
1790341567417246200,26.45524609375,300.2342896784064
1790341567433706200,26.471706298828124,299.4936020551326
1790341567450177500,26.488177490234374,300.24271599209146
1790341567466622000,26.5046220703125,298.4115976822906
1790341567483007700,26.5210078125,299.8753437403552
1790341567499451000,26.537450927734376,300.6084124451811
1790341567515894300,26.553894287109376,299.262911949073
1790341567532395500,26.5703955078125,299.3595626765171
1790341567548838700,26.586838623046877,300.1039544262165
1790341567565311000,26.60331103515625,299.9107987393376
1790341567581755400,26.61975537109375,301.00226972743076
1790341567598198500,26.636198486328126,301.1054880216058
1790341567614667000,26.6526669921875,299.5066195212535
1790341567631112400,26.669112548828124,300.4700483032617
1790341567647582200,26.685582275390626,300.1558851748184
1790341567664061400,26.7020615234375,299.10020384594003
1790341567680521700,26.718521728515626,300.6997232129518
1790341567696991500,26.734991455078124,299.7745995036179
1790341567713434600,26.7514345703125,300.8953781791316
1790341567729930200,26.76793017578125,299.4704181306765
1790341567746373000,26.784373046875,301.1571704494521
1790341567762816300,26.800816162109374,301.7271486739869
1790341567779313200,26.817313232421874,302.20138932294157
1790341567795758000,26.833758056640626,300.9256820420625
1790341567812229600,26.850229736328124,302.64679162337495
1790341567828671500,26.86667138671875,303.3566752026952
1790341567845116400,26.883116455078124,303.321492074375
1790341567861590300,26.89959033203125,304.7873195496254
1790341567878038500,26.91603857421875,304.09142083946006
1790341567894514400,26.932514404296874,304.3913000953651
1790341567910959600,26.948959716796875,304.8361419918069
1790341567927420200,26.965420166015626,304.75751278771395
1790341567943892000,26.98189208984375,305.60781340802356
1790341567960335000,26.998335205078124,305.974388006498
1790341567976743000,27.014742919921876,304.4981825055903
1790341567993185800,27.031185791015623,304.33016676843386
1790341568009628700,27.047628662109375,303.85530511321485
1790341568026131200,27.064131103515624,304.4434914143056
1790341568042577200,27.0805771484375,304.39223969710827
1790341568059019300,27.097019287109376,303.7919054808665
1790341568075466800,27.113466796875,304.9941588727418
1790341568091918000,27.12991796875,305.2586000128788
1790341568108431000,27.14643115234375,304.68897446926724
1790341568124883200,27.16288330078125,305.6178770863938
1790341568141355800,27.179355712890626,306.65409379353275
1790341568157802800,27.195802734375,307.04438194900655
1790341568174209800,27.212209716796874,308.3896818617665
1790341568190683400,27.228683349609376,308.94275313551486
1790341568207129300,27.24512939453125,308.05734204811114
1790341568223626800,27.261626708984377,309.4400000597235
1790341568240070700,27.278070556640625,309.73134568989195
1790341568256514300,27.294514404296876,310.0267228357527
1790341568273017600,27.311017578125,308.63129399759555
1790341568289466400,27.32746630859375,311.1093394129866
1790341568305940500,27.3439404296875,311.0589651359943
1790341568322384600,27.360384521484374,309.7549239013223
1790341568338828500,27.37682861328125,311.18148643840874
1790341568355300000,27.393300048828124,310.1736027977721
1790341568371749000,27.4097490234375,310.9731750560783
1790341568388220200,27.42622021484375,310.25166027070895
1790341568404662800,27.442662841796874,310.2618166976146
1790341568421023500,27.4590234375,308.7643181944231
1790341568437494300,27.475494384765625,310.04684319805926
1790341568453934300,27.491934326171876,307.20619808709085
1790341568470341400,27.50834130859375,308.94523961232454
1790341568486778600,27.524778564453126,308.29030783377357
1790341568503216600,27.541216552734376,309.0169372686695
1790341568519688200,27.557688232421874,308.4974894512738
1790341568536131300,27.57413134765625,308.3725258186904
1790341568552602000,27.59060205078125,307.6832596154443
1790341568569045500,27.60704541015625,308.62530376877623
1790341568585490000,27.623489990234376,308.0310720005268
1790341568601962800,27.639962646484374,306.98142318859726
1790341568618411300,27.656411376953123,306.67298607989403
1790341568634881300,27.67288134765625,306.85426623072334
1790341568651320300,27.6893203125,307.3333584121429
1790341568667778000,27.705778076171875,307.1836669167179
1790341568684247600,27.72224755859375,306.30958868802446
1790341568700691500,27.73869140625,306.84506256782174
1790341568717186600,27.7551865234375,305.79057867202374
1790341568733627400,27.77162744140625,306.68054633910305
1790341568750070800,27.78807080078125,305.9719236553003
1790341568766571800,27.80457177734375,306.2138128456779
1790341568783015200,27.82101513671875,306.3638025618497
1790341568799487000,27.837487060546874,306.94846570088646
1790341568815930000,27.85393017578125,306.0263491393166
1790341568832375000,27.870375,305.7278245334087
1790341568848843300,27.88684326171875,306.05136993415704
1790341568865289000,27.9032890625,305.68597880869726
1790341568881758500,27.919758544921876,305.3718544639999
1790341568898201300,27.936201416015624,304.94805134506095
1790341568914664000,27.952663818359376,304.0337885389752
1790341568931138600,27.969138671875,303.33578167642315
1790341568947582000,27.98558203125,303.39293169764795
1790341568963966200,28.00196630859375,304.130153149476
1790341568980405000,28.018405029296876,304.5463039720771
1790341568996844800,28.0348447265625,303.11868750307383
1790341569013341200,28.051341064453126,303.7685750573608
1790341569029782500,28.067782470703126,302.56049211716316
1790341569046251300,28.084251220703123,302.40068056742246
1790341569062646800,28.100646728515624,302.7447063160222
1790341569079090700,28.117090576171876,302.2941523302315
1790341569095560000,28.133559814453125,302.0659426899892
1790341569112058000,28.15005810546875,301.9412385738041
1790341569128527400,28.16652734375,301.6996176269205
1790341569144970000,28.182969970703127,301.0739514828676
1790341569161432000,28.19943212890625,301.32688681956944
1790341569177901600,28.215901611328125,300.7213457636294
1790341569194340900,28.2323408203125,300.7404841898814
1790341569210821000,28.248821044921876,300.69949745678105
1790341569227260000,28.265260009765626,300.81774205261956
1790341569243700500,28.281700439453125,299.8106960819115
1790341569260196400,28.2981962890625,301.0515936791666
1790341569276635400,28.314635498046876,300.72248682027544
1790341569293076200,28.331076171875,301.6963971765857
1790341569309517800,28.347517822265626,302.0140045893378
1790341569325960700,28.363960693359374,300.0513024276686
1790341569342434000,28.38043408203125,301.8336944300851
1790341569358881300,28.39688134765625,300.56118144439375
1790341569375351300,28.413351318359375,301.8362847488022
1790341569391794000,28.4297939453125,300.4726223149536
1790341569408256500,28.446256591796875,301.1935452362198
1790341569424728000,28.46272802734375,301.5694823529652
1790341569441172700,28.4791728515625,301.2496582599258
1790341569457572900,28.49557275390625,300.9916276539894
1790341569474015200,28.51201513671875,300.39671042730356
1790341569490458000,28.5284580078125,302.06832670709036
1790341569506958300,28.544958251953126,302.10401897598877
1790341569523400000,28.56139990234375,301.42593175412424
1790341569539870500,28.577870361328124,302.3213429010351
1790341569556311300,28.594311279296875,301.3181756599332
1790341569572754200,28.610754150390626,301.19975727741377
1790341569589224700,28.627224609375,301.24441757760803
1790341569605673500,28.643673583984373,301.22348595960204
1790341569622145800,28.660145751953124,301.90314929684945
1790341569638590500,28.676590576171876,301.60625076001554
1790341569655050000,28.693050048828123,301.56138228389864
1790341569671520000,28.70952001953125,300.0081859074412
1790341569688006700,28.726006591796875,301.42245656086675
1790341569704493600,28.74249365234375,301.9017844961285
1790341569720941300,28.75894140625,302.13145565900754
1790341569737389600,28.7753896484375,301.15175938224286
1790341569753895700,28.791895751953124,302.10807576323333
1790341569770344700,28.8083447265625,300.5605518349096
1790341569786820400,28.8248203125,302.1965938678169
1790341569803266000,28.84126611328125,301.36904993424304
1790341569819709400,28.85770947265625,302.57464649714603
1790341569836181800,28.874181640625,301.6333398994395
1790341569852608500,28.8906083984375,301.70400507197223
1790341569869044200,28.907044189453124,301.8898138782862
1790341569885484800,28.92348486328125,300.90243333055366
1790341569901946400,28.9399462890625,301.1811633154664
1790341569918410800,28.95641064453125,301.2245655227594
1790341569934849300,28.972849365234374,302.29239862521376
1790341569951254300,28.989254150390625,301.40484560987255
1790341569967697000,29.00569677734375,300.0793998059211
1790341569984139000,29.022138916015624,299.6003936145731
1790341570000638000,29.038637939453125,299.608937996402
1790341570017081900,29.055081787109376,300.76860661023915
1790341570033553000,29.071552978515626,300.04355780909384
1790341570049996500,29.08799658203125,299.48563984535946
1790341570066486500,29.104486572265625,299.3666330545566
1790341570082959600,29.120959716796875,298.2827609271049
1790341570099387000,29.137386962890623,299.2793109444298
1790341570115819300,29.1538193359375,300.8443892866926
1790341570132262700,29.1702626953125,299.3801575904103
1790341570148722700,29.18672265625,301.25578398175276
1790341570165192700,29.203192626953125,299.2009110634393
1790341570181633800,29.2196337890625,298.8695522714897
1790341570198006800,29.2360068359375,299.40006284824756
1790341570214449200,29.25244921875,298.7779083558375
1790341570230890200,29.26889013671875,301.6828749860111
1790341570247388200,29.28538818359375,301.240667611162
1790341570263830500,29.30183056640625,302.3000493898825
1790341570280300300,29.31830029296875,301.95738634906496
1790341570296741000,29.3347412109375,302.220808280382
1790341570313180000,29.351179931640626,301.9573356755813
1790341570329644300,29.367644287109375,304.0900171927668
1790341570346090500,29.384090576171875,301.7225784060056
1790341570362557000,29.400556884765624,301.6892974320488
1790341570378999000,29.4169990234375,302.41516758226544
1790341570395456300,29.433456298828126,300.59480340030836
1790341570411924200,29.44992431640625,300.3660633125211
1790341570428366300,29.466366455078123,300.33171263251927
1790341570444761000,29.482760986328124,298.69133480446686
1790341570461205200,29.499205322265624,297.6197485801179
1790341570477650000,29.51564990234375,297.9489500653985
1790341570494151000,29.53215087890625,296.9461331319552
1790341570510599000,29.548598876953125,296.27024111705555
1790341570527074800,29.56507470703125,296.54342758790153
1790341570543463000,29.581462890625,296.4855738724748
1790341570559912400,29.597912353515625,296.90338006696084
1790341570576389600,29.6143896484375,296.8661507831867
1790341570592837400,29.63083740234375,297.0566128654713
1790341570609308400,29.647308349609375,297.403708840767
1790341570625750300,29.663750244140626,300.26594411606965
1790341570642211000,29.680211181640626,301.3025939329649
1790341570658683100,29.69668310546875,302.2837981294738
1790341570675125800,29.713125732421876,302.04391128810016
1790341570691609900,29.72960986328125,301.9902047969482
1790341570708052700,29.746052734375,304.89413545118725
1790341570724493300,29.762493408203124,305.42158242236314
1790341570740992500,29.778992431640624,306.2425392860393
1790341570757437200,29.795437255859376,308.40230219306613
1790341570773912300,29.811912353515623,309.0560450415088
1790341570790357500,29.828357421875,311.714160168173
1790341570806802700,29.844802734375,311.48103644585467
1790341570823277600,29.861277587890626,313.5532342318565
1790341570839725800,29.877725830078123,314.4078676867158
1790341570856199000,29.894198974609374,315.08914010350657
1790341570872642800,29.910642822265626,317.23209338660445
1790341570889009700,29.927009765625,317.31057571078236
1790341570905483000,29.94348291015625,316.83943908924385
1790341570921926000,29.95992578125,316.821615169278
1790341570938326300,29.976326171875,317.02807935121
1790341570954770700,29.992770751953124,313.70866035586664
1790341570971212800,30.009212890625,313.20767746697794
1790341570987715800,30.0257158203125,309.84669793221326
1790341571004162000,30.042162109375,306.43732580450813
1790341571020637400,30.058637451171876,303.37639705790184
1790341571037084700,30.075084716796876,300.7915641030379
1790341571053511700,30.09151171875,295.6222394249363
1790341571069832000,30.10783203125,292.79475224090436
1790341571086281700,30.12428173828125,289.97950451820736
1790341571102735000,30.140735107421875,287.45207754393016
1790341571119184000,30.157183837890624,284.03921829578644
1790341571135648300,30.173648193359377,283.64107514308034
1790341571152120800,30.190120849609375,280.27798202156833
1790341571168565000,30.20656494140625,279.47662806395874
1790341571185054200,30.22305419921875,277.73642876894144
1790341571201460000,30.2394599609375,276.69694092290547
1790341571217867500,30.255867431640624,275.1083447386409
1790341571234369000,30.272369140625,274.66051309512807
1790341571250811600,30.288811767578125,273.83467519502534
1790341571267285800,30.30528564453125,271.5868693316326
1790341571283732500,30.321732421875,272.23655055960717
1790341571300177200,30.33817724609375,271.5795023536642
1790341571316651000,30.354651123046875,271.42131561828853
1790341571333100800,30.371100830078124,270.47870387093036
1790341571349574100,30.38757421875,272.27000892285434
1790341571366020600,30.4040205078125,271.67672981355884
1790341571382489000,30.420489013671876,271.0893817341996
1790341571398968300,30.43696826171875,272.39956608625846
1790341571415411700,30.45341162109375,272.01399796361835
1790341571431789300,30.469789306640624,272.2831995312178
1790341571448231200,30.486231201171876,273.01170454199917
1790341571464676000,30.502676025390624,272.3572939397036
1790341571481175800,30.51917578125,273.6890715035211
1790341571497617000,30.535616943359376,273.3650624225047
1790341571514090200,30.55209033203125,274.589083916311
1790341571530533000,30.568533203125,274.01492784772626
1790341571546990600,30.584990478515625,274.1206315252533
1790341571563461000,30.601461181640627,274.0684798110319
1790341571579905300,30.6179052734375,274.5001462392795
1790341571596372000,30.6343720703125,273.7403141458116
1790341571612813300,30.650813232421875,273.2893452018326
1790341571629274000,30.667274169921875,272.9426229158517
1790341571645742800,30.683742919921876,272.81850290531787
1790341571662184400,30.700184326171875,271.6195998454529
1790341571678672600,30.716672607421874,272.45867749952777
1790341571695110100,30.733110107421876,271.7867434396413
1790341571711547400,30.74954736328125,271.8694099522544
1790341571728044000,30.7660439453125,272.8107477097235
1790341571744482800,30.78248291015625,272.254623253384
1790341571760930800,30.798930908203126,272.3958181635645
1790341571777370000,30.8153701171875,272.936502222003
1790341571793813800,30.831813720703124,273.4002102414448
1790341571810285000,30.84828515625,272.4199691676306
1790341571826735000,30.864735107421875,273.1053613647871
1790341571843209200,30.881209228515626,273.03785127443086
1790341571859654700,30.897654541015626,274.3573731495686
1790341571876131300,30.91413134765625,273.71318402406587
1790341571892521000,30.93052099609375,274.2471489810382
1790341571908966700,30.946966552734374,274.66489141432356
1790341571925376300,30.963376220703125,274.4786092317058
1790341571941819000,30.97981884765625,275.09116017790507
1790341571958263000,30.996262939453125,276.1027527957594
1790341571974760400,31.012760498046877,275.44094982661693
1790341571991204400,31.029204345703125,275.99991749191486
1790341572007669200,31.045669189453125,276.33396163899175
1790341572024111600,31.062111572265625,276.44706711673666
1790341572040557600,31.0785576171875,276.15218251048776
1790341572056999200,31.094999267578125,277.1976973122529
1790341572073411600,31.11141162109375,277.7174042432305
1790341572089880300,31.12788037109375,278.21927722606216
1790341572106324700,31.14432470703125,277.62801357897445
1790341572123689500,31.161689453125,278.52895660091565
1790341572140156000,31.178156005859375,278.825085348134
1790341572156597200,31.19459716796875,278.6869615434712
1790341572173001700,31.211001708984377,279.1161210409911
1790341572189444400,31.2274443359375,279.3615646913778
1790341572205887500,31.243887451171876,279.86014996522977
1790341572222383600,31.260383544921876,280.0923050812758
1790341572238822000,31.27682177734375,280.4386531127575
1790341572255286800,31.293286865234375,279.20825282194977
1790341572271723800,31.309723876953125,280.0973803471544
1790341572288163300,31.326163330078124,279.3409410696599
1790341572304633000,31.342633056640626,279.9190767213984
1790341572321078500,31.35907861328125,279.7366042052091
1790341572337547300,31.37554736328125,280.1073731711309
1790341572353989000,31.391989013671875,280.990103804934
1790341572370446600,31.408446533203126,279.70915949985823
1790341572386914000,31.4249140625,279.8386932014406
1790341572403355100,31.441355224609374,280.0961939068148
1790341572419742700,31.45774267578125,279.6707111827088
1790341572436182000,31.47418212890625,280.1902703186126
1790341572452621800,31.490621826171875,279.34071591263285
1790341572469120000,31.5071201171875,279.04267890506264
1790341572485561300,31.523561279296874,279.0466699515008
1790341572502035500,31.540035400390625,278.65422108174084
1790341572518475800,31.556475830078124,277.89966844987896
1790341572534919000,31.5729189453125,277.8949185097174
1790341572551389200,31.58938916015625,277.7304083749646
1790341572567838200,31.605838134765627,278.23972932169426
1790341572584310000,31.62231005859375,277.6328391204657
1790341572600752600,31.638752685546876,277.31818436465284
1790341572617210000,31.655210205078124,279.2180060191332
1790341572633673500,31.671673583984376,279.30371130288364
1790341572650112000,31.688112060546874,279.53744249636776
1790341572666601700,31.704601806640625,280.2256562868549
1790341572683042600,31.72104248046875,280.9723409222865
1790341572699483600,31.737483642578123,281.76615103589415
1790341572715981000,31.75398095703125,282.89072467887576
1790341572732416800,31.770416748046873,282.7488330133342
1790341572748882700,31.786882568359374,283.76682031888424
1790341572765320200,31.8033203125,283.6659898713524
1790341572781758000,31.819758056640627,283.81230210464304
1790341572798227000,31.83622705078125,285.3252390489431
1790341572814669600,31.852669677734376,285.83212551009393
1790341572831138000,31.869137939453125,285.95373766471715
1790341572847578400,31.885578369140624,286.7102974564818
1790341572864034300,31.902034423828123,286.9438921463636
1790341572880503300,31.91850341796875,287.2356475578464
1790341572896943000,31.934943115234375,287.3961761298131
1790341572913337000,31.951337158203124,288.6429796153364
1790341572929775600,31.967775634765626,288.4963703449464
1790341572946217500,31.984217529296874,289.0720978638778
1790341572962712600,32.000712646484374,289.04139971661544
1790341572979148300,32.017148193359375,290.26123520417815
1790341572995617500,32.03361743164062,289.2343996423611
1790341573012061700,32.05006176757813,289.1741022282752
1790341573028504300,32.06650439453125,289.65325104503347
1790341573044968700,32.08296875,289.6466183267154
1790341573061309400,32.09930932617188,288.83446852955655
1790341573077670700,32.11567065429688,289.0926537404255
1790341573094106600,32.132106689453124,290.1325880220852
1790341573110562300,32.148562255859375,288.60193791548795
1790341573127023900,32.16502392578125,290.6695508833858
1790341573143466000,32.181466064453126,289.72346662762436
1790341573159950600,32.19795068359375,288.58968184878336
1790341573176393200,32.214393310546875,287.90441080017155
1790341573192836600,32.23083666992188,288.5552689040915
1790341573209335000,32.2473349609375,287.16422451151703
1790341573225774600,32.263774658203126,286.35314668751414
1790341573242181400,32.28018139648437,287.08502594377705
1790341573258620400,32.296620361328124,286.54706048409355
1790341573275059200,32.31305908203125,284.99870558152344
1790341573291531000,32.32953100585937,284.57729210245293
1790341573307976200,32.34597607421875,285.50796666324584
1790341573324452400,32.36245239257813,284.2136809450285
1790341573340891400,32.37889135742188,284.44777031383165
1790341573357256700,32.39525659179687,283.1964752598472
1790341573373722600,32.41172265625,281.95428025351777
1790341573390160600,32.42816064453125,280.76232257307555
1790341573406567400,32.4445673828125,280.5074462717663
1790341573423004400,32.46100439453125,280.4649269398344
1790341573439441700,32.477441650390624,279.0453931850144
1790341573455944200,32.49394409179688,277.87553148566235
1790341573472381700,32.51038159179687,277.1543444667204
1790341573488849000,32.526848876953125,275.6482864259768
1790341573505287400,32.54328735351562,274.50696151892635
1790341573521730000,32.55972998046875,274.7229549544077
1790341573538199600,32.57619946289063,271.7427637775207
1790341573554644000,32.59264404296875,273.316212046723
1790341573571031300,32.60903125,271.46955309861846
1790341573587469600,32.62546948242188,269.13665588715946
1790341573603929000,32.64192919921875,269.9446105582658
1790341573620389600,32.6583896484375,268.9838896099998
1790341573636828700,32.67482861328125,267.3764651181998
1790341573653321200,32.6913212890625,268.0511170143399
1790341573669759000,32.707759033203125,267.823636152765
1790341573686197000,32.72419702148437,267.56480836483354
1790341573702694100,32.740694091796875,265.9949789842942
1790341573719173400,32.75717333984375,267.32614233382463
1790341573735644200,32.77364404296875,266.5628280402825
1790341573752084200,32.790084228515624,265.4115908445575
1790341573768522500,32.8065224609375,267.16270358850034
1790341573784992000,32.822991943359376,265.58829916063996
1790341573801439000,32.83943896484375,265.4143686409785
1790341573817915100,32.8559150390625,265.82747952593337
1790341573834360600,32.87236059570313,264.61415130527996
1790341573850824700,32.88882470703125,264.09170126150934
1790341573867295000,32.905294921875,262.6712226102936
1790341573883736600,32.92173657226562,261.59848334811306
1790341573900140500,32.938140625,261.56028196424916
1790341573916535300,32.954535400390625,260.1115593980197
1790341573932979500,32.9709794921875,259.83170314878566
1790341573949472000,32.987471923828124,258.4215660637797
1790341573965913900,33.00391381835937,257.62541362861725
1790341573982380300,33.02038037109375,257.29984739509126
1790341573998823700,33.03682373046875,257.22394881103895
1790341574015267300,33.05326733398437,254.9548144972082
1790341574031738400,33.06973828125,256.25289669970323
1790341574048185600,33.086185546875,255.11265407908547
1790341574064586200,33.102586181640625,254.50973031333297
1790341574081031700,33.11903173828125,257.04808298228215
1790341574097492200,33.1354921875,257.8496627332929
1790341574113904600,33.151904541015625,258.3313665743788
1790341574130349800,33.16834985351562,257.09257230456643
1790341574146848500,33.1848486328125,257.8326742966219
1790341574163291100,33.201291015625,259.0190010103002
1790341574179733800,33.217733642578125,258.8335142134539
1790341574196228000,33.23422802734375,258.89913425495615
1790341574212671500,33.25067138671875,259.2019689895867
1790341574229143000,33.26714306640625,260.1679029812972
1790341574245510000,33.28351000976563,261.22689578399616
1790341574261951000,33.29995092773437,259.0881973670273
1790341574278420700,33.31642065429688,260.32292366638467
1790341574294868200,33.3328681640625,260.65455940839024
1790341574311336400,33.34933642578125,260.02042123904175
1790341574327774700,33.36577465820312,261.7662617527214
1790341574344230000,33.38222998046875,262.0042464532586
1790341574360696300,33.3986962890625,248.67131896172208
1790341574377136600,33.41513671875,249.2852934794111
1790341574393543200,33.431543212890624,250.5784223738255
1790341574409983500,33.4479833984375,250.37994529319107
1790341574426424600,33.464424560546874,250.52789732723426
1790341574442923800,33.480923828125,250.7723574314748
1790341574459363800,33.49736376953125,251.91529543868978
1790341574475835400,33.51383544921875,252.1542399190629
1790341574492275200,33.53027514648438,253.24029925348978
1790341574508715300,33.54671533203125,253.46403962266976
1790341574525182700,33.5631826171875,253.7360126122117
1790341574541626600,33.57962670898438,253.07447388245197
1790341574558098400,33.59609838867188,255.30288335252914
1790341574574539500,33.61253955078125,255.35214968568224
1790341574591001900,33.629001953125,255.59372890835107
1790341574607472000,33.64547216796875,255.31973391045216
1790341574623912200,33.661912109375,257.85698829611647
1790341574640418300,33.67841821289063,258.45541398869875
1790341574656863000,33.69486303710938,258.73938514315074
1790341574673306000,33.71130615234375,259.06219527647636
1790341574689808100,33.72780810546875,260.8300421458612
1790341574706249700,33.74424975585937,259.58575467705526
1790341574722721800,33.7607216796875,260.09632153871
1790341574739163400,33.777163330078125,260.51013572890963
1790341574755606000,33.79360595703125,261.1504930798367
1790341574772078800,33.81007885742188,260.6010302805363
1790341574788543500,33.82654345703125,261.2653322155995
1790341574805017600,33.843017578125,259.51870554276496
1790341574821459700,33.85945971679688,260.66160128631986
1790341574837922000,33.875922119140625,260.9319716900538
1790341574854360000,33.89236010742187,257.87322101455584
1790341574870798000,33.908798095703126,259.86265736775437
1790341574887208200,33.92520825195312,258.98887500882233
1790341574903650300,33.941650390625,260.20374133026814
1790341574920094700,33.9580947265625,258.3615095530073
1790341574936596200,33.97459619140625,258.8513957849262
1790341574953039600,33.99103955078125,258.1901892777044
1790341574969508900,34.0075087890625,258.5176739705646
1790341574985951200,34.023951171875,258.08634389501236
1790341575002398200,34.04039819335937,258.1609884552154
1790341575018872300,34.05687231445312,258.6743383618739
1790341575035319600,34.07331958007813,259.109241418604
1790341575051788800,34.089788818359374,259.23825063650725
1790341575068159500,34.106159423828124,259.50335349754863
1790341575084632600,34.12263256835938,259.5730217965833
1790341575101103000,34.13910302734375,259.5582124449618
1790341575117546500,34.15554638671875,259.7261021044979
1790341575134044700,34.17204467773438,259.96374985683156
1790341575150488600,34.188488525390625,260.90142220435683
1790341575166934000,34.20493408203125,260.6865719403578
1790341575183433000,34.221432861328125,261.32754670623865
1790341575199873800,34.237873779296876,261.3692959218101
1790341575216343800,34.25434375,260.63106647949166
1790341575232782600,34.270782470703125,260.75316335645675
1790341575249248000,34.287248046875,261.58917413837946
1790341575265739300,34.3037392578125,260.6805233710802
1790341575282188300,34.32018823242188,260.55474383848673
1790341575298662700,34.33666259765625,260.4025216880922
1790341575315124500,34.35312451171875,259.96837406124985
1790341575331598000,34.36959814453125,260.2813658687645
1790341575348040700,34.386040771484375,260.54084132648893
1790341575364484400,34.402484375,260.7975344846804
1790341575380962000,34.41896215820312,259.64985920922015
1790341575397438000,34.43543798828125,259.71424026444174
1790341575413882000,34.45188208007813,258.31591586795895
1790341575430418200,34.468418212890626,257.52222849188837
1790341575446864600,34.48486474609375,258.1731678744489
1790341575463334100,34.501334228515624,257.88200373513945
1790341575479813400,34.5178134765625,256.0044441326079
1790341575496329500,34.53432958984375,256.4003881785352
1790341575512783000,34.550783203125,254.6608148523744
1790341575529279200,34.567279296875,255.59156752670827
1790341575545781200,34.58378125,254.0549064183264
1790341575562256600,34.60025659179688,252.83805027761022
1790341575578757600,34.616757568359375,254.76737353463267
1790341575595278000,34.63327807617188,253.94888273681238
1790341575611761200,34.64976123046875,254.0078662608583
1790341575628283000,34.666282958984375,254.28700084863772
1790341575644775200,34.682775146484374,253.77283148389628
1790341575661289200,34.69928930664062,253.99271685322108
1790341575677771000,34.71577099609375,254.73167971919978
1790341575694255000,34.73225512695313,254.46737885089448
1790341575710753000,34.7487529296875,253.71147658655963
1790341575727244800,34.765244873046875,254.20799380599811
1790341575743657700,34.78165771484375,254.68160634008495
1790341575760109800,34.79810986328125,254.1582264765815
1790341575776615000,34.814614990234375,253.41472539305929
1790341575793079600,34.83107958984375,254.27005160217925
1790341575809568800,34.84756884765625,254.07303486699595
1790341575826079700,34.86407983398438,254.54587771441123
1790341575842563300,34.88056323242188,253.44590532474064
1790341575859047700,34.897047607421875,253.54185720484125
1790341575875559700,34.9135595703125,254.46339033392485
1790341575892020000,34.93002001953125,254.31804629630486
1790341575908496400,34.94649633789062,253.94881342708658
1790341575924984300,34.962984375,253.93581528929968
1790341575941419800,34.97941967773438,254.35538565192257
1790341575957861600,34.995861572265625,254.3732102859579
1790341575974320600,35.012320556640624,254.62735596429968
1790341575990796300,35.02879638671875,254.17579166080034
1790341576007283200,35.045283203125,255.50733462352855
1790341576023775700,35.061775634765624,255.29464023996084
1790341576040242700,35.07824267578125,255.28408459565395
1790341576056713000,35.094712890625,255.3822281656208
1790341576073176800,35.1111767578125,255.43946800281753
1790341576089630500,35.12763037109375,256.074649373359
1790341576106114800,35.14411474609375,256.36725839024405
1790341576122639400,35.16063940429687,256.0626115218719
1790341576139179800,35.1771796875,255.37364517810244
1790341576155621000,35.19362109375,255.61198992236547
1790341576172127700,35.21012768554687,256.6929903166197
1790341576188604000,35.22660400390625,255.89177561671795
1790341576205105700,35.243105712890625,255.51909202273572
1790341576221603800,35.259603759765625,255.60468329732754
1790341576238088400,35.27608837890625,255.70055656209755
1790341576254579200,35.2925791015625,255.96289879155296
1790341576271107600,35.30910766601563,254.673973671513
1790341576287611400,35.325611328125,255.78082768709257
1790341576304111400,35.342111328125,256.3752419273977
1790341576320627200,35.358627197265626,257.6523191621754
1790341576337083600,35.37508374023437,257.5647271952956
1790341576353573000,35.391572998046875,258.2652610879436
1790341576370064600,35.40806469726562,258.6771347031493
1790341576386557400,35.42455737304687,260.3192416971824
1790341576403072500,35.441072509765625,260.73541557022963
1790341576419556900,35.45755688476562,260.9037212808024
1790341576436044300,35.474044189453124,261.46007003997835
1790341576452501000,35.4905009765625,261.46201688501907
1790341576468998000,35.506997802734375,262.86081792804987
1790341576485515800,35.523515869140624,263.18747677774525
1790341576502002200,35.54000219726562,263.3217059484234
1790341576518493700,35.55649365234375,262.9569272410313
1790341576534993000,35.57299291992187,262.91340718312574
1790341576551483600,35.589483642578124,261.7955740030942
1790341576567996200,35.60599609375,260.51285588790086
1790341576584494600,35.62249462890625,258.89056832187157
1790341576600944400,35.6389443359375,258.0674589718225
1790341576617430300,35.65543017578125,256.72740999236674
1790341576633923300,35.67192333984375,255.95692459450413
1790341576650440000,35.68843994140625,253.21590752171267
1790341576666956300,35.70495629882812,253.56416158419017
1790341576683443200,35.72144311523437,252.9105828817584
1790341576699944200,35.73794409179688,250.9372070318417
1790341576716440000,35.754440185546876,250.9346875154486
1790341576732956400,35.770956298828125,253.0443507262786
1790341576749447000,35.787447021484375,252.9469325986646
1790341576765960200,35.80396020507813,253.18039241160636
1790341576782429000,35.82042895507813,254.65922715228643
1790341576798873000,35.836873046875,256.8626374670974
1790341576815380200,35.85338012695313,257.6280112948338
1790341576831822300,35.869822265625,258.0461876062641
1790341576848264700,35.8862646484375,258.54003055985834
1790341576864721400,35.90272143554687,259.4593003419272
1790341576881184300,35.91918432617187,260.55611403721684
1790341576897640200,35.93564013671875,260.8729648459115
1790341576914171600,35.952171630859375,261.9437351172556
1790341576930612000,35.968612060546874,264.84966732318026
1790341576947025200,35.985025146484375,265.2906045456637
1790341576963501000,36.0015009765625,266.34662816396224
1790341576980004000,36.018004150390624,268.6296462829
1790341576996457700,36.034457763671874,269.31310799254084
1790341577012902400,36.05090234375,268.902058663283
1790341577029399600,36.06739965820312,267.25292676290184
1790341577045838800,36.0838388671875,266.16181341608154
1790341577062242000,36.10024194335937,262.7469148447318
1790341577078698200,36.1166982421875,259.53767241966364
1790341577095161600,36.13316162109375,255.31945332765912
1790341577111635700,36.1496357421875,252.30194684771885
1790341577128054300,36.16605419921875,246.98605784822422
1790341577144499500,36.18249951171875,244.52087226898334
1790341577160904200,36.198904296875,241.61685359558612
1790341577177311500,36.2153115234375,240.62840721610658
1790341577193784000,36.2317841796875,239.51752994037795
1790341577210225200,36.24822509765625,237.30355911539652
1790341577226669000,36.2646689453125,237.40639128125247
1790341577243142700,36.281142578125,235.90030680046755
1790341577259590000,36.29758984375,236.0037174284192
1790341577276063500,36.3140634765625,235.36183050603995
1790341577292544300,36.33054418945313,236.41213261817762
1790341577309046500,36.347046630859374,236.11237128837828
1790341577325491200,36.3634912109375,237.42449511978705
1790341577341954300,36.379954345703126,236.86516354605124
1790341577358410200,36.39641015625,237.82425573458664
1790341577374871000,36.41287109375,237.84251416136357
1790341577391313700,36.42931372070313,238.04447771440056
1790341577407787800,36.44578784179687,238.98610345383452
1790341577424252000,36.462251953125,241.69055747858158
1790341577440710100,36.47871020507812,242.344302527055
1790341577457176600,36.49517651367187,243.7008005410641
1790341577473645800,36.511645751953125,244.3251724448043
1790341577490120200,36.5281201171875,245.57330936296353
1790341577506593300,36.54459326171875,247.05348323315826
1790341577523094300,36.56109423828125,248.07365202385694
1790341577539556900,36.57755688476563,249.4126033962733
1790341577556073000,36.594072998046876,250.28672661491873
1790341577572528000,36.610528076171875,251.31960374256528
1790341577589017300,36.62701733398438,251.7800259492955
1790341577605545500,36.64354541015625,253.39286605751505
1790341577621984000,36.65998388671875,252.6413233785267
1790341577638499800,36.676499755859375,253.2895935040976
1790341577655017500,36.693017578125,252.98593743918684
1790341577671505200,36.709505126953125,252.1072589760663
1790341577688006000,36.726005859375,252.42073147655321
1790341577704467000,36.74246704101562,252.3894775854253
1790341577720982300,36.758982177734374,251.78500583402024
1790341577737435000,36.77543481445313,250.8570922826206
1790341577753940000,36.79193994140625,250.27741969940058
1790341577770431200,36.80843115234375,249.80260899318344
1790341577786908400,36.82490844726563,249.14074705454976
1790341577803397400,36.8413974609375,248.254512219145
1790341577819861500,36.85786157226563,248.19035707424996
1790341577836352800,36.87435278320312,250.40840066766182
1790341577852882700,36.89088256835937,247.21777999913317
1790341577869379300,36.90737939453125,247.9487108424409
1790341577885894100,36.92389404296875,246.73752609737727
1790341577902414000,36.9404140625,247.7564755686919
1790341577918905300,36.9569052734375,247.390346903614
1790341577935409400,36.97340942382812,246.93442724212665
1790341577951905000,36.98990502929688,247.3029884728922
1790341577968398300,37.0063984375,247.2521245541896
1790341577984883200,37.02288330078125,247.40305086463155
1790341578001375500,37.03937548828125,246.42029500295956
1790341578017876700,37.05587670898438,247.14400300288338
1790341578034369000,37.072369140625,247.65950660900694
1790341578050847500,37.088847412109374,246.8386952963003
1790341578067197400,37.105197509765624,247.0133260047284
1790341578083634200,37.12163427734375,247.05352559943842
1790341578100124200,37.13812426757813,248.09950712814398
1790341578116629800,37.15462963867188,248.05032456441694
1790341578132129500,37.170129638671874,248.68111288770157
1790341578148611000,37.186611083984374,247.72272664337322
1790341578165097000,37.20309692382813,246.97556728811094
1790341578181595000,37.21959497070313,248.34081455596447
1790341578198055700,37.2360556640625,248.99737552732915
1790341578214567200,37.25256713867188,248.39412640961132
1790341578231050500,37.26905053710937,248.80055114117988
1790341578247538000,37.285537841796874,249.7604190369599
1790341578264032500,37.302032470703125,249.79554616459137
1790341578280523300,37.318523193359376,249.10606370393631
1790341578297035000,37.33503491210938,249.38019531107676
1790341578313485800,37.35148583984375,250.90624873770787
1790341578329971500,37.36797143554688,250.15843200100068
1790341578346493700,37.38449365234375,250.95177631224806
1790341578362955500,37.40095556640625,251.44770937252332
1790341578379471600,37.4174716796875,251.70269862940054
1790341578395993600,37.43399365234375,252.68471177541693
1790341578412480500,37.45048046875,252.95878336623983
1790341578428946000,37.46694580078125,253.35886087211082
1790341578445442000,37.483442138671876,252.80291720731447
1790341578461957400,37.49995727539063,253.1312571130871
1790341578478445800,37.51644580078125,253.38129762258586
1790341578494935600,37.532935546875,253.25409633181516
1790341578511434200,37.54943432617188,253.0944048135986
1790341578527927000,37.56592700195313,254.28850479573362
1790341578544438300,37.58243823242187,253.14654385687214
1790341578560925700,37.59892578125,254.9485484770466
1790341578577412900,37.615412841796875,255.1680401069185
1790341578593940000,37.63193994140625,255.17298470926468
1790341578610432300,37.64843237304687,255.7709977115367
1790341578626908400,37.664908447265624,256.39298555252526
1790341578643427600,37.68142749023438,256.7178202597942
1790341578659915800,37.697915771484375,258.267622293524
1790341578676417500,37.71441748046875,258.74824820923
1790341578692882200,37.730882080078125,259.0161844106575
1790341578709398500,37.7473984375,260.01089452153957
1790341578725892000,37.76389208984375,259.95276322180854
1790341578742389000,37.780388916015625,261.12885019565186
1790341578758897700,37.79689770507812,262.2502091191869
1790341578775436300,37.81343627929687,261.2511377712421
1790341578791949800,37.82994970703125,263.05513747933526
1790341578808434200,37.84643408203125,263.20594574193314
1790341578824920300,37.86292041015625,263.8686462195502
1790341578841414000,37.879413818359374,265.02161732699403
1790341578857904600,37.895904541015625,264.7883213032752
1790341578874391300,37.912391357421875,264.09466920967645
1790341578890909200,37.9289091796875,264.7868678367334
1790341578907396400,37.94539624023437,265.4053570129907
1790341578923896800,37.961896728515626,264.3352749867613
1790341578940356400,37.9783564453125,265.5884526729111
1790341578956837400,37.99483740234375,265.5648312260299
1790341578973381400,38.01138134765625,265.1405381482507
1790341578989836500,38.02783642578125,263.98129931798536
1790341579006292700,38.04429272460938,263.1134655432349
1790341579022753500,38.06075341796875,261.3902349586063
1790341579039268000,38.07726806640625,261.4565098775325
1790341579055723300,38.09372314453125,260.5132455686515
1790341579072151300,38.1101513671875,259.4929453413339
1790341579088646700,38.126646728515624,258.8894820050002
1790341579105107200,38.14310717773437,257.7321091252565
1790341579121623800,38.15962377929687,255.63345580639282
1790341579138109200,38.17610913085937,255.91576218079985
1790341579154574800,38.19257495117188,254.78291369779515
1790341579171044000,38.209044189453124,253.88115183348248
1790341579187540700,38.225540771484376,253.65045981184994
1790341579203999200,38.24199926757812,253.29938685816273
1790341579220488000,38.25848803710937,251.73970486098068
1790341579236964900,38.27496484375,251.65861552885755
1790341579253468700,38.29146875,250.7882347097193
1790341579269964500,38.30796459960938,251.56893320727042
1790341579286480100,38.324480224609374,249.98194660600396
1790341579302936600,38.3409365234375,250.8846824437539
1790341579319372300,38.35737231445312,250.26679906488243
1790341579335899000,38.37389892578125,249.9063875777757
1790341579352342500,38.39034252929687,248.9257216864507
1790341579368788700,38.406788818359374,248.74785416939636
1790341579385264400,38.42326440429687,248.95694670618073
1790341579401709000,38.439708984375,249.04096128627341
1790341579418154800,38.45615478515625,248.77952713546995
1790341579434598400,38.47259838867188,249.5469859742771
1790341579451044600,38.48904467773438,249.53738498777048
1790341579467489300,38.5054892578125,248.22131031273625
1790341579483941600,38.52194165039062,249.30177631850685
1790341579500433200,38.53843310546875,249.90116276881574
1790341579516877800,38.5548779296875,249.84947786871342
1790341579533324300,38.57132421875,248.46675179302366
1790341579549774600,38.587774658203124,249.1573755107769
1790341579566221600,38.6042216796875,249.13262700161056
1790341579582698500,38.62069848632812,250.11050636500948
1790341579599161000,38.6371611328125,249.4449195064867
1790341579615603700,38.65360375976562,249.4927155997368
1790341579632076500,38.67007666015625,250.80153941628964
1790341579648555500,38.68655541992187,248.05418105343466
1790341579664961300,38.702961181640624,249.34137236127737
1790341579681404000,38.71940380859375,249.71496139637526
1790341579697849600,38.735849609375,249.3227622821776
1790341579714320000,38.75231982421875,250.61428020345525
1790341579730769200,38.76876904296875,249.43445900545817
1790341579747241700,38.78524169921875,248.80240771182218
1790341579763689000,38.80168896484375,247.63276337508785
1790341579780201500,38.818201416015626,247.8926777125519
1790341579796675000,38.834675048828124,248.03800025088563
1790341579813120300,38.85112036132813,247.9798211119422
1790341579829527800,38.86752783203125,246.39997591264176
1790341579845969700,38.8839697265625,245.73215984529605
1790341579862413600,38.90041357421875,245.90510082271388
1790341579878912300,38.91691235351563,244.2899873904253
1790341579895356000,38.93335595703125,244.99820280123154
1790341579911847400,38.94984741210938,244.34159891237206
1790341579928293000,38.966293212890626,246.66245965607055
1790341579944739000,38.982739013671875,245.91943541064927
1790341579961182200,38.99918212890625,244.50953880981774
1790341579977628200,39.01562817382813,245.48846820102665
1790341579994013200,39.03201318359375,246.7401236299513
1790341580010456000,39.0484560546875,246.316913363304
1790341580026902500,39.06490258789062,246.56814106694574
1790341580043348200,39.08134814453125,246.19658585209288
1790341580059775700,39.097775634765625,245.71133630493142
1790341580076233000,39.11423291015625,246.17355933533264
1790341580092678100,39.13067822265625,245.80899232858138
1790341580109122000,39.1471220703125,245.89036954901925
1790341580125594000,39.163593994140626,245.92821999954657
1790341580142041000,39.180041015625,246.33395368616425
1790341580158485800,39.19648583984375,245.82878120406377
1790341580174930400,39.212930419921875,245.87871467197655
1790341580191379000,39.22937890625,245.39397301537878
1790341580207828000,39.24582788085937,245.8608047917607
1790341580224281300,39.26228125,245.84389352387495
1790341580240729000,39.27872900390625,245.73957812701866
1790341580257174000,39.295174072265624,245.87349883447496
1790341580273653000,39.31165307617187,246.01018331624522
1790341580290100500,39.3281005859375,245.74246944017034
1790341580306549200,39.34454931640625,245.71701272064664
1790341580323063800,39.36106372070312,245.00852013541407
1790341580339512000,39.37751196289062,244.16065508696542
1790341580355963000,39.393962890625,244.91196810955518
1790341580372441600,39.410441650390624,243.83995305425668
1790341580388891000,39.42689086914063,243.68366747391713
1790341580405338600,39.44333862304688,244.75015787164472
1790341580421784600,39.45978466796875,243.68296401570694
1790341580438227200,39.47622729492188,242.5715797189896
1790341580454666200,39.49266625976563,242.62460769572425
1790341580471108600,39.50910864257813,243.24148327304857
1790341580487548000,39.5255478515625,241.68579656451328
1790341580503984600,39.54198461914063,241.18349289739223
1790341580520420900,39.5584208984375,242.4377113700004
1790341580536856000,39.57485595703125,241.57415025452624
1790341580553292800,39.591292724609374,240.3934056783741
1790341580569754400,39.60775439453125,239.84090890598117
1790341580586192400,39.6241923828125,239.1893890718568
1790341580602632000,39.6406318359375,239.02121712138936
1790341580619100400,39.65710034179688,238.84246920406287
1790341580635541500,39.67354150390625,238.3601053148705
1790341580651983600,39.68998364257813,237.97217627481712
1790341580668466400,39.706466552734376,237.87860263078926
1790341580684907500,39.72290747070313,237.97017972270982
1790341580701345800,39.739345703125,237.06923379729943
1790341580717789200,39.7557890625,237.77721969101788
1790341580734230300,39.77223022460937,237.96473900464022
1790341580750668800,39.78866870117187,238.29255926003253
1790341580767138300,39.80513818359375,238.28096555402135
1790341580783515000,39.82151489257812,238.87486308696776
1790341580799952400,39.837952392578124,239.55257293614062
1790341580816424000,39.854423828125,239.47151777568303
1790341580832868900,39.870868896484374,240.39711069505876
1790341580849312800,39.88731274414062,239.78199096763097
1790341580865786400,39.90378637695313,241.02479399521454
1790341580882230500,39.92023046875,240.85502082809344
1790341580898674700,39.9366748046875,242.00921710692649
1790341580915122000,39.95312182617187,242.80472297264248
1790341580931567400,39.9695673828125,243.73664031810284
1790341580948014300,39.986014404296874,244.00541036084962
1790341580964467500,40.00246752929687,244.50086413477038
1790341580980913700,40.01891357421875,244.43389449088522
1790341580997317000,40.03531713867188,245.1399375457537
1790341581013761800,40.05176171875,245.7380126209461
1790341581030205200,40.068205078125,246.26646439917704
1790341581046648300,40.0846484375,247.0094319877617
1790341581063107300,40.101107421875,247.6561312985495
1790341581079551500,40.11755151367188,247.9046302344343
1790341581095997000,40.133996826171874,247.41511312796666
1790341581112468500,40.15046850585937,248.15121421822522
1790341581128858400,40.1668583984375,248.70732763754842
1790341581145302800,40.183302734375,249.28814759007537
1790341581161746200,40.19974609375,249.93469895070564
1790341581178193000,40.21619287109375,250.9989143892167
1790341581194641200,40.23264111328125,249.9612268649845
1790341581211094300,40.24909423828125,250.8946656826377
1790341581227539700,40.26553979492188,251.9559632162892
1790341581243982000,40.28198217773438,251.35305480767946
1790341581260454700,40.29845458984375,251.6195977259914
1790341581276897000,40.31489697265625,251.74955213068063
1790341581293336600,40.331336669921875,252.7575120835463
1790341581309797000,40.34779711914062,253.04514555992915
1790341581326238500,40.364238525390626,253.12768099892708
1790341581342679800,40.3806796875,254.02184188561796
1790341581359150000,40.39715014648438,253.47760086541348
1790341581375592400,40.41359252929688,252.00410656089883
1790341581392034300,40.430034423828126,253.55344302287187
1790341581408476400,40.44647631835937,253.28766588098154
1790341581424919800,40.462919921875,253.51132897897796
1790341581441361400,40.479361328125,253.92798712085107
1790341581457806600,40.495806640625,253.80140326795296
1790341581474250000,40.51225,253.27735835098812
1790341581490692900,40.52869287109375,253.3186323787981
1790341581507134200,40.54513427734375,253.9541554389059
1790341581523578400,40.561578369140626,253.95512212718268
1790341581540019500,40.57801953125,253.2069918886562
1790341581556486000,40.59448583984375,253.89987261835068
1790341581572923400,40.61092333984375,253.48742400583026
1790341581589359400,40.627359375,253.12390243139163
1790341581605824500,40.64382446289063,252.89061801222317
1790341581622263600,40.660263671875,253.38687311548787
1790341581638705400,40.676705322265626,253.59831770709587
1790341581655148300,40.69314819335938,254.26660548715324
1790341581671590700,40.70959057617188,254.52274554134817
1790341581687975700,40.7259755859375,254.08720141264087
1790341581704423200,40.742423095703124,255.18227329042594
1790341581720863700,40.75886376953125,255.6547503224154
1790341581737303800,40.7753037109375,255.8798383903557
1790341581753775600,40.79177563476563,254.2259155679962
1790341581770216200,40.80821630859375,256.76110547317245
1790341581786654700,40.82465478515625,256.31614295976243
1790341581803114200,40.8411142578125,256.4489072996475
1790341581819553800,40.8575537109375,256.2568793713794
1790341581835994400,40.87399438476562,256.2441673130216
1790341581852464600,40.89046459960937,256.7872255202868
1790341581868906500,40.90690649414063,256.5374202152151
1790341581885348900,40.92334887695313,255.32357671184243
1790341581901792800,40.939792724609376,255.26845147844716
1790341581918237700,40.95623779296875,256.9649404478922
1790341581934680000,40.97268017578125,254.53946212725003
1790341581951128300,40.98912841796875,254.65021728808506
1790341581967571700,41.00557177734375,254.4380667671903
1790341581984013800,41.022013916015624,253.49650325002074
1790341582000461300,41.03846142578125,252.62801890763643
1790341582016841500,41.05484155273437,253.2362061562566
1790341582033288200,41.0712880859375,252.42033897313178
1790341582049749800,41.08774975585938,252.12604396720718
1790341582066236000,41.10423583984375,252.98658612682885
1790341582082678300,41.12067822265625,251.6359205435242
1790341582099146200,41.13714624023437,251.19176353854712
1790341582115531000,41.15353100585938,251.7472948812297
1790341582131974100,41.16997412109375,252.07752767398915
1790341582148415500,41.18641552734375,252.27936370773455
1790341582164855300,41.20285522460937,251.5772532937017
1790341582181297400,41.21929736328125,252.06616227091553
1790341582197743900,41.23574389648437,251.64979770067367
1790341582214185200,41.252185302734375,251.11774655905245
1790341582230627600,41.268627685546875,250.71995853290298
1790341582247102000,41.28510205078125,251.7538258512316
1790341582263543800,41.30154370117187,251.77480659097827
1790341582279985400,41.3179853515625,251.21974803698345
1790341582296453400,41.334453369140626,250.945511282739
1790341582312895200,41.35089526367187,250.68730078113487
1790341582329341200,41.36734106445312,250.45806999909198
1790341582345814800,41.38381469726563,250.75550896464404
1790341582362258400,41.400258544921876,249.79420198371577
1790341582378643500,41.4166435546875,249.11774840375008
1790341582395088600,41.43308862304688,249.36407519408348
1790341582411533800,41.449533935546874,248.93697826749417
1790341582427979500,41.4659794921875,248.9179734735526
1790341582444428500,41.482428466796875,247.8940318579722
1790341582460872200,41.4988720703125,248.6397271557846
1790341582477316600,41.51531665039062,247.0869352518703
1790341582493757000,41.5317568359375,247.90062382413583
1790341582510198000,41.548197998046874,246.09420205873008
1790341582526640000,41.56464013671875,246.84453939558372
1790341582543109600,41.581109619140626,245.49797165947263
1790341582559552500,41.59755249023438,246.0788944513102
1790341582575997400,41.61399755859375,244.9287067814093
1790341582592468700,41.63046875,244.13602225292198
1790341582608912400,41.646912353515624,243.80505105961862
1790341582625354000,41.66335400390625,242.9466195618155
1790341582641793000,41.67979296875,242.3976945138945
1790341582658232800,41.69623291015625,242.54771042087413
1790341582674675500,41.71267553710938,241.11661564286578
1790341582691125500,41.72912548828125,239.7726034754056
1790341582707569400,41.7455693359375,239.66142338889819
1790341582724017000,41.76201684570312,238.1445389110097
1790341582740462000,41.778462158203126,237.74511034337883
1790341582756870400,41.79487036132812,236.33319818185743
1790341582773310700,41.81131079101562,235.38497085373587
1790341582789778700,41.82777880859375,234.35065199786953
1790341582806236200,41.84423608398438,234.3454305064474
1790341582822682400,41.86068237304688,232.89594787286413
1790341582839157000,41.87715698242187,232.94175015273822
1790341582855601400,41.89360131835937,232.70177853484827
1790341582872044500,41.91004443359375,233.07306722803878
1790341582888486100,41.92648608398437,231.70119570827524
1790341582904928300,41.94292822265625,231.58780007242072
1790341582921369300,41.95936938476562,231.40854853724736
1790341582937815600,41.97581567382812,231.3365918376635
1790341582954258200,41.99225805664062,231.01765308776845
1790341582970698200,42.0086982421875,231.42731866289657
1790341582987138000,42.025137939453124,230.29594729838254
1790341583003581200,42.04158129882813,230.43623308571253
1790341583020022500,42.0580224609375,231.43814651360384
1790341583036484900,42.07448486328125,232.5910403226195
1790341583052926000,42.09092602539062,231.25644762228737
1790341583069329400,42.10732934570313,232.36169978419204
1790341583085800000,42.12380004882812,233.17455959660498
1790341583102125300,42.14012524414063,236.05765705892964
1790341583118388200,42.15638818359375,237.1417686129697
1790341583134828500,42.17282861328125,238.60493771290803
1790341583151271200,42.189271240234376,239.53648990608212
1790341583167711700,42.205711669921875,241.7959861071123
1790341583184160000,42.222159912109376,243.04745331550737
1790341583200602400,42.238602294921876,242.70673377062673
1790341583217047300,42.25504736328125,243.39528418802902
1790341583233523200,42.27152319335938,241.46073950217612
1790341583249967000,42.28796704101563,241.61950001134022
1790341583266415900,42.30441577148437,240.37184594693775
1790341583282872600,42.32087255859375,238.02709643665162
1790341583299314700,42.337314697265626,237.6576150478437
1790341583315757600,42.35375756835938,235.0912385100326
1790341583332229400,42.3702294921875,234.2982229100952
1790341583348670700,42.38667065429688,232.96593278137266
1790341583365112300,42.4031123046875,231.83115354323905
1790341583381556500,42.419556396484374,232.3259777782601
1790341583398000600,42.436000732421874,230.99125061312333
1790341583414444000,42.45244409179688,229.1579881310549
1790341583430895900,42.46889575195313,229.62484660661784
1790341583447342800,42.4853427734375,229.50564956651547
1790341583463788300,42.50178833007813,229.26919611796657
1790341583480232700,42.51823266601563,228.35718344458095
1790341583496677400,42.53467749023437,228.3288821145563
1790341583513120800,42.551120849609376,229.11287362596872
1790341583529575400,42.56757543945312,228.13635410664702
1790341583546019300,42.58401928710938,229.54010439733872
1790341583562464000,42.60046411132812,229.6028812016703
1790341583578937000,42.61693701171875,227.7123790096989
1790341583595382300,42.63338232421875,229.65431054429413
1790341583611827700,42.64982763671875,229.7621704903524
1790341583628278000,42.66627807617188,229.16511448718558
1790341583644729300,42.682729248046876,230.5133384357429
1790341583661177000,42.699177001953124,231.32217082846483
1790341583677625900,42.7156259765625,231.78379612279406
1790341583694069000,42.73206909179687,232.86298903479457
1790341583710514000,42.748513916015625,235.0330314086549
1790341583726990000,42.764989990234376,235.30910654369382
1790341583743434000,42.78143408203125,236.75025574820745
1790341583759879700,42.79787963867187,236.15808612293438
1790341583776381400,42.81438134765625,237.5786299791141
1790341583792824000,42.83082397460937,236.56656099289452
1790341583809201000,42.84720092773438,236.56757422181818
1790341583825674000,42.863674072265624,236.29994058334285
1790341583842119700,42.88011962890625,234.20336340380658
1790341583858564600,42.896564697265624,233.89573799994747
1790341583875007000,42.913007080078124,231.57211790723653
1790341583891454000,42.929453857421876,231.52484401975468
1790341583907900400,42.945900390625,227.96218784031123
1790341583924347400,42.962347412109374,225.80837172409775
1790341583940791300,42.97879125976562,224.16290004903732
1790341583957234200,42.99523413085937,222.16141088078206
1790341583973678800,43.011678955078125,219.3488941691566
1790341583990121500,43.02812158203125,218.76860035040235
1790341584006563800,43.044563720703124,215.64989356219132
1790341584023029000,43.061029052734376,213.07361691341552
1790341584039473700,43.0774736328125,211.01729469133593
1790341584055973600,43.0939736328125,209.35330045754705
1790341584072244200,43.110244140625,210.6413086059187
1790341584088652500,43.126652587890625,208.48851961839034
1790341584105096200,43.14309619140625,208.0013891944108
1790341584121438700,43.15943872070312,204.9098686723914
1790341584137847600,43.17584765625,204.2029980815727
1790341584154289700,43.19228955078125,205.77611434757821
1790341584170741800,43.20874169921875,204.80945165866882
1790341584187186400,43.2251865234375,203.27422558449044
1790341584203629300,43.24162939453125,202.1859501019509
1790341584220106200,43.25810620117188,202.67347599996512
1790341584236550100,43.274550048828125,199.87963629304096
1790341584252992300,43.2909921875,200.3578429866701
1790341584269458700,43.307458740234374,199.63339376599677
1790341584285902600,43.32390258789062,198.10855283263467
1790341584302345700,43.340345703125,198.71104960743867
1790341584318816300,43.356816162109375,198.32704735398622
1790341584335254300,43.37325415039062,196.45666192261905
1790341584351696100,43.38969604492188,197.59018246118367
1790341584368139000,43.40613891601563,197.0346866919356
1790341584384583000,43.4225830078125,195.14794206562502
1790341584401023200,43.439023193359375,195.38419043840997
1790341584417470000,43.45546997070313,195.41630842947214
1790341584433915400,43.471915283203124,196.1650869271841
1790341584450364700,43.48836474609375,195.59885440081132
1790341584466789000,43.5047890625,194.76405967591532
1790341584483198700,43.52119873046875,196.00083068932452
1790341584499637800,43.5376376953125,194.16805029593826
1790341584516091600,43.55409155273438,194.79024712433826
1790341584532532500,43.57053247070313,194.84811430477365
1790341584548977400,43.58697729492187,195.29553111966806
1790341584565447200,43.603447265625,194.41717825239587
1790341584581889000,43.619888916015626,194.7070781342736
1790341584598329900,43.63632983398438,194.01261238417055
1790341584614771200,43.65277124023437,192.0603473684144
1790341584631213000,43.66921313476563,192.01577899052492
1790341584647654100,43.68565405273438,193.47553034636118
1790341584664103200,43.702103271484376,192.63394474254727
1790341584680543700,43.718543701171875,192.33512373331556
1790341584696985300,43.7349853515625,191.78284065304376
1790341584713452000,43.7514521484375,192.55412287723598
1790341584729894700,43.76789477539062,192.90241249978976
1790341584746337000,43.7843369140625,193.5182547837725
1790341584762793700,43.80079370117188,191.816779261402
1790341584779237000,43.81723706054687,192.31532151164774
1790341584795678000,43.833677978515624,194.01722736226247
1790341584812191000,43.85019091796875,193.14860920944346
1790341584828636200,43.86663623046875,193.581264895308
1790341584845079600,43.88307958984375,193.04495982172614
1790341584861522700,43.89952270507813,191.5469141520622
1790341584877967000,43.91596704101563,193.01748870998986
1790341584894411800,43.93241186523438,193.26669243868244
1790341584910860500,43.948860595703124,193.2291926924361
1790341584927304200,43.96530419921875,192.80849961944233
1790341584943747000,43.9817470703125,192.36287324200325
1790341584960189700,43.99818969726562,192.26944381889206
1790341584976632300,44.01463232421875,191.78910450023832
1790341584993073700,44.03107373046875,192.21914884896228
1790341585009533700,44.04753369140625,192.68974598630012
1790341585025973800,44.06397387695313,191.28931178076414
1790341585042416600,44.08041674804687,192.5086210813317
1790341585058825700,44.09682568359375,191.37840656290172
1790341585075269400,44.113269287109375,190.2162277706043
1790341585091709700,44.129709716796874,191.18876436256485
1790341585108149200,44.14614916992188,191.6818749607275
1790341585124590600,44.16259057617187,193.82266001342214
1790341585141078000,44.179078125,191.37065394040997
1790341585157523500,44.1955234375,191.59439173380605
1790341585173963800,44.2119638671875,190.29677081832597
1790341585190403600,44.228403564453124,190.9344474216929
1790341585206873300,44.24487329101562,192.02250156075212
1790341585223311400,44.261311279296876,190.48385354062145
1790341585239749600,44.27774951171875,192.74233217549371
1790341585256215000,44.29421508789063,191.5928166502931
1790341585272660000,44.31065991210937,192.08657728898143
1790341585289105700,44.32710571289063,192.07418519792552
1790341585305580500,44.34358056640625,191.58556151980656
1790341585322021400,44.360021484375,192.35780752784382
1790341585338465800,44.3764658203125,190.94473346789914
1790341585354905900,44.39290576171875,190.87161680320753
1790341585371349200,44.40934936523438,190.8202122575474
1790341585387790000,44.4257900390625,190.93675074407756
1790341585404236800,44.44223681640625,190.80047588298154
1790341585420679000,44.45867895507813,189.27616097150937
1790341585437116700,44.47511669921875,188.934564086238
1790341585453556500,44.49155639648438,189.21953177002743
1790341585469995800,44.50799584960937,187.85126200067896
1790341585486437400,44.524437255859375,189.51794925169534
1790341585502898200,44.540898193359375,190.2166941603909
1790341585519339800,44.55733984375,188.6816427578786
1790341585535781600,44.57378173828125,188.4601256620057
1790341585552251100,44.590251220703124,190.22370159708106
1790341585568690400,44.6066904296875,190.23357675089812
1790341585585132500,44.623132568359374,188.40464615549698
1790341585601569800,44.63956982421875,189.99095958895876
1790341585618010000,44.65601000976562,189.02085015397077
1790341585634451500,44.672451416015626,188.92860064689918
1790341585650898700,44.68889868164062,189.26564613563687
1790341585667338800,44.7053388671875,189.36713149387506
1790341585683782000,44.721781982421874,188.52020797271433
1790341585700255000,44.7382548828125,188.8959235632931
1790341585716696000,44.75469604492187,188.6695611632433
1790341585733139500,44.771139404296875,187.5263291318702
1790341585749604900,44.78760498046875,188.2415161732589
1790341585766045200,44.80404516601563,187.3520740966096
1790341585782486500,44.82048657226562,188.17954994830328
1790341585798954200,44.83695434570313,187.44965038482707
1790341585815308300,44.85330834960938,188.49671172529673
1790341585831716900,44.869716796875,188.9057469294369
1790341585848159700,44.88615966796875,186.86567092559278
1790341585864599800,44.902599853515625,188.64457519405155
1790341585881040000,44.91903979492187,187.10854916733715
1790341585897491500,44.93549145507812,187.21276080617145
1790341585913934600,44.9519345703125,186.9943629821227
1790341585930379500,44.96837963867188,186.24934800787858
1790341585946822400,44.98482250976563,188.18567216584907
1790341585963265800,45.001265869140624,187.03824675588345
1790341585979708200,45.017708251953124,188.40171948370934
1790341585996177400,45.03417749023438,186.68705172877898
1790341586012621300,45.050621337890625,187.06061518451548
1790341586029066000,45.06706591796875,185.14305290670669
1790341586045539800,45.083539794921876,186.46233424723613
1790341586061927000,45.09992700195313,188.35740799587253
1790341586078374700,45.116374755859376,186.3763936303188
1790341586094822100,45.132822265625,185.8486064184395
1790341586111270700,45.149270751953125,186.42930405039405
1790341586127719400,45.16571948242188,185.07259480653636
1790341586144170200,45.182170166015624,187.988878590231
1790341586160552000,45.198552001953125,186.12111883382653
1790341586176995800,45.21499584960937,187.2787485239658
1790341586193470500,45.231470458984376,186.65579278155099
1790341586209914400,45.247914306640624,186.733201715172
1790341586226358800,45.26435888671875,183.7925826374058
1790341586242829600,45.28082958984375,186.31893303146595
1790341586259275500,45.297275634765626,186.0915513788771
1790341586275717600,45.31371752929687,185.37309290723462
1790341586292189000,45.33018896484375,185.69867851525152
1790341586308628200,45.34662817382812,185.82457940178713
1790341586325069000,45.36306909179687,185.31027401023937
1790341586341508400,45.37950830078125,184.18660444663826
1790341586357949700,45.39594970703125,185.746338418787
1790341586374392000,45.41239208984375,185.55244578841499
1790341586390843400,45.428843505859376,184.97597048176445
1790341586407288600,45.44528857421875,184.06744746662108
1790341586423731000,45.46173095703125,185.26542343381143
1790341586440171500,45.47817163085937,184.8390303369661
1790341586456611600,45.494611572265626,184.6067002272552
1790341586473055200,45.51105517578125,184.97670031898457
1790341586489497900,45.52749780273437,183.85672917660295
1790341586505907700,45.54390771484375,182.72712418922004
1790341586522352000,45.56035205078125,182.9414651142184
1790341586538824700,45.57682470703125,183.0239886379783
1790341586555268000,45.59326806640625,183.77511082087207
1790341586571711200,45.60971118164063,182.0546023945767
1790341586588156000,45.62615600585937,184.4784233567321
1790341586604601300,45.642601318359375,181.99955010011388
1790341586621047300,45.65904736328125,183.75564640340914
1790341586637500000,45.6755,183.09702206672125
1790341586653945600,45.691945556640626,183.43972122935182
1790341586670389800,45.7083896484375,182.41823317507996
1790341586686864100,45.724864013671876,182.12364418569226
1790341586703306000,45.741305908203124,182.4452935783849
1790341586719746800,45.757746826171875,181.9285963914168
1790341586736216800,45.774216796875,181.13969778058274
1790341586752660500,45.79066040039063,181.55854811737137
1790341586769106000,45.80710595703125,182.24688192582101
1790341586785577500,45.82357739257812,181.82585220103084
1790341586802021400,45.840021484375,181.6460653737606
1790341586818467000,45.85646704101563,182.391036897229
1790341586834749400,45.87274951171875,182.98755689818483
1790341586851191300,45.88919140625,181.32347410411037
1790341586867632000,45.90563208007813,180.66128808973522
1790341586884097800,45.922097900390625,180.35295143533452
1790341586900543500,45.93854345703125,180.5193165397736
1790341586916990000,45.954989990234374,181.57428426434467
1790341586933436700,45.971436767578126,182.0113794315241
1790341586949880000,45.98788012695312,180.41040658242562
1790341586966324000,46.00432397460938,180.38663840290792
1790341586982792400,46.02079248046875,180.385297191448
1790341586999233000,46.03723291015625,181.47681814739127
1790341587015708000,46.0537080078125,180.78196444582903
1790341587032192300,46.07019213867188,178.28054294186606
1790341587048679400,46.08667944335937,178.80320568040588
1790341587065254000,46.10325390625,179.4610654234064
1790341587081754400,46.11975439453125,179.5935274020457
1790341587098268700,46.1362685546875,180.28585985537515
1790341587114651400,46.1526513671875,179.45362439353445
1790341587131144400,46.16914453125,178.80748447891574
1790341587147610000,46.18561010742187,179.20242513329228
1790341587164087300,46.20208740234375,179.06861900445452
1790341587180514300,46.218514404296876,180.49695922610852
1790341587196966400,46.23496630859375,179.46960340482053
1790341587213454600,46.25145458984375,176.44665712329052
1790341587229979400,46.2679794921875,177.36259863016767
1790341587246456600,46.28445654296875,178.9374680154574
1790341587262972200,46.30097216796875,178.54090847560428
1790341587279455700,46.317455810546875,179.3363197377802
1790341587295943200,46.333943115234376,177.4652435873463
1790341587312445200,46.35044506835938,178.2762718145408
1790341587328939800,46.36693969726562,177.7662496186464
1790341587345452500,46.38345263671875,179.4706924296093
1790341587361906000,46.39990600585938,176.74936859212815
1790341587378397700,46.416397705078126,177.87952341462847
1790341587394862300,46.4328623046875,176.72604354929268
1790341587411353300,46.44935327148438,177.72919012457976
1790341587427813600,46.465813720703125,177.61354170036174
1790341587444300500,46.482300537109374,175.94924128203166
1790341587460783600,46.49878369140625,177.72377706407914
1790341587477275100,46.51527514648438,175.95582666095967
1790341587493769200,46.53176928710938,178.25319832463217
1790341587510227200,46.54822729492187,176.71852629574485
1790341587526747600,46.56474755859375,177.21961046233162
1790341587543239000,46.581239013671876,177.76219566074792
1790341587559742500,46.597742431640626,176.85983783681814
1790341587576208600,46.614208740234375,176.74057754616567
1790341587592725800,46.63072583007813,176.68124055555066
1790341587609213400,46.64721337890625,176.01613643307823
1790341587625706200,46.663706298828124,175.5116211788776
1790341587642202600,46.68020263671875,175.7708552660904
1790341587658694000,46.69669384765625,178.02787671524916
1790341587675173000,46.71317309570313,176.87312805762616
1790341587691624700,46.729624755859376,177.2781284012075
1790341587708112100,46.74611206054688,177.73890515002245
1790341587724641500,46.7626416015625,175.9639134596871
1790341587741142500,46.779142578125,174.53527408800392
1790341587757650400,46.795650390625,176.87178767656516
1790341587774172400,46.81217236328125,176.73579565934907
1790341587790644000,46.82864404296875,177.12814778565786
1790341587807136800,46.84513671875,175.9870420990003
1790341587823626500,46.86162646484375,177.13331829981723
1790341587840175400,46.87817529296875,177.73296761051785
1790341587856675300,46.89467529296875,178.02521917139956
1790341587873184000,46.91118408203125,175.96335918922097
1790341587889684000,46.92768408203125,176.60734442433198
1790341587906178800,46.9441787109375,178.03715645351593
1790341587922695700,46.96069580078125,176.35797885303407
1790341587939186700,46.977186767578125,176.36423919398828
1790341587955677200,46.99367724609375,177.88969421497873
1790341587972205000,47.010205078125,175.58704219802522
1790341587988701000,47.026700927734375,176.463400488161
1790341588005215700,47.0432158203125,178.27915161510947
1790341588021698600,47.059698486328124,175.47144444081675
1790341588038187000,47.07618701171875,177.40119846206304
1790341588054679300,47.09267919921875,179.33174595890605
1790341588071124500,47.10912451171875,176.19777422945072
1790341588087641900,47.12564184570312,177.35678568802507
1790341588104098600,47.1420986328125,176.50578417035823
1790341588120527600,47.158527587890624,178.0460484036847
1790341588136970800,47.174970703125,176.63693021217415
1790341588153329200,47.1913291015625,176.4907364269688
1790341588169811700,47.20781176757812,177.23725894129552
1790341588186323500,47.224323486328124,176.72778146068924
1790341588202810000,47.24081005859375,176.50548300685367
1790341588219335400,47.25733544921875,177.09641593250717
1790341588235832000,47.27383203125,177.88785821695618
1790341588252313900,47.29031396484375,177.13331829981723
1790341588268797000,47.306796875,176.23251661801424
1790341588285282000,47.323281982421875,176.23332115948838
1790341588301751000,47.3397509765625,178.9447577035927
1790341588318214400,47.35621435546875,177.45671829738018
1790341588334697500,47.37269750976562,176.17328902178477
1790341588351183000,47.38918310546875,178.6844501751264
1790341588367677200,47.40567724609375,178.53480628871873
1790341588384175900,47.42217578125,179.19927493797613
1790341588400669000,47.4386689453125,177.8639810058823
1790341588417182000,47.45518188476562,177.45229721854668
1790341588433633300,47.47163330078125,178.14791380064568
1790341588450117600,47.48811767578125,176.26288130953765
1790341588466640600,47.504640625,177.59452550621901
1790341588483131400,47.52113134765625,175.86640299979862
1790341588499644000,47.53764379882813,178.27094412364465
1790341588516124400,47.55412451171875,177.0270914301278
1790341588532658700,47.57065869140625,176.4825376394437
1790341588549159400,47.587159423828126,176.35578839878025
1790341588565655000,47.603655029296874,176.750334538929
1790341588582135300,47.62013525390625,176.51368353294131
1790341588598622700,47.63662280273437,176.37717435721768
1790341588615112400,47.653112548828126,177.59139904747352
1790341588631624200,47.66962426757812,175.8331697137053
1790341588648113400,47.686113525390624,175.57956425187754
1790341588664623400,47.70262329101563,177.16875820499254
1790341588681072000,47.71907202148437,175.59964602396664
1790341588697535500,47.735535400390624,174.346647612821
1790341588714025000,47.75202490234375,177.3498087158046
1790341588730481000,47.76848095703125,176.12256844059016
1790341588746985200,47.784985107421875,176.49588528567529
1790341588763498000,47.801498046875,175.98512844864428
1790341588779974100,47.81797412109375,174.33391681909663
1790341588796471000,47.83447094726562,175.6655250829346
1790341588812927700,47.850927734375,175.85113321001683
1790341588829435100,47.86743505859375,175.3394165598534
1790341588845916000,47.883916015625,178.65267029019117
1790341588862433800,47.900433837890624,174.5551116826877
1790341588878927000,47.91692700195313,175.9065772728605
1790341588895414000,47.9334140625,176.03890146248276
1790341588911923700,47.949923828125,175.2560338655325
1790341588928405200,47.9664052734375,173.8415394446422
1790341588944886500,47.98288647460937,174.18000155667323
1790341588961407500,47.999407470703126,175.17735055796268
1790341588977901300,48.0159013671875,174.5706560903873
1790341588994413300,48.03241333007813,174.46322209753728
1790341589010897400,48.0488974609375,175.04252746385166
1790341589027381000,48.06538110351563,174.21556636183365
1790341589043880400,48.08188037109375,175.15026621503102
1790341589060173300,48.09817333984375,175.27361731075834
1790341589076566500,48.11456640625,174.22508476565372
1790341589093020000,48.13102001953125,175.98944990859036
1790341589109511700,48.14751171875,174.4291563241713
1790341589125913900,48.163913818359376,174.02221402290698
1790341589142409700,48.18040966796875,174.8035654706576
1790341589158925300,48.19692529296875,174.4262880106191
1790341589175411200,48.2134111328125,173.3359358585164
1790341589191896600,48.229896484375,174.83698454603567
1790341589208340000,48.24634008789062,174.68614657240985
1790341589224831700,48.26283178710938,175.01331747966955
1790341589241340200,48.279340087890624,174.80493749834042
1790341589257856800,48.295856689453124,174.88619161915324
1790341589274341000,48.31234106445312,174.50631470015958
1790341589290838300,48.32883837890625,175.03260488946825
1790341589307298800,48.345298828125,173.6740014098497
1790341589323804700,48.3618046875,173.38795520100254
1790341589340284700,48.37828466796875,174.87702921637
1790341589356778500,48.39477856445313,173.1730082229357
1790341589373248500,48.41124853515625,174.4277157657423
1790341589389748000,48.427748046875,174.35930632241528
1790341589406263000,48.444262939453125,174.33981226595236
1790341589422746400,48.460746337890626,173.4372403552077
1790341589439232000,48.47723193359375,174.2552141110273
1790341589455754000,48.49375390625,175.36137617712782
1790341589472243500,48.510243408203124,176.38740815366592
1790341589488721200,48.52672119140625,173.50953657506437
1790341589505233000,48.54323291015625,173.09078770845852
1790341589521710300,48.55971044921875,175.743788486868
1790341589538205700,48.576205810546874,173.55912758705594
1790341589554695400,48.5926953125,173.92834294882132
1790341589571204000,48.6092041015625,174.66422132668646
1790341589587650300,48.625650390625,174.09193729781575
1790341589604135200,48.64213525390625,174.70006334916027
1790341589620600600,48.6586005859375,174.6388502540261
1790341589637088800,48.6750888671875,175.27067063586182
1790341589653594400,48.69159448242188,176.25503816980995
1790341589670071600,48.708071533203125,175.28846259336913
1790341589686549500,48.724549560546876,174.8786613838615
1790341589703031000,48.74103100585938,173.41381986781568
1790341589719513000,48.75751318359375,175.00988813389588
1790341589736018400,48.77401831054687,174.5721884130556
1790341589752530400,48.79053051757813,174.13067660484975
1790341589769010000,48.80701000976563,173.88613591406198
1790341589785468000,48.82346801757812,174.14589865583358
1790341589801923300,48.83992333984375,174.72179679236288
1790341589818429400,48.856429443359374,174.39020786752272
1790341589834926600,48.87292651367188,176.01759067618087
1790341589851467800,48.8894677734375,176.16695718098222
1790341589867964400,48.90596435546875,175.76493866195514
1790341589884502000,48.922501953125,175.3939472121882
1790341589901012700,48.9390126953125,172.6210504778833
1790341589917463000,48.95546313476562,174.9965988160534
1790341589933940000,48.97193994140625,174.2762456005283
1790341589950455600,48.98845556640625,173.75924199883852
1790341589966945800,49.00494580078125,173.67346853718942
1790341589983456000,49.0214560546875,172.87093460978903
1790341589999971000,49.03797119140625,175.36284982673683
1790341590016440300,49.0544404296875,174.6882799086976
1790341590032941800,49.07094189453125,173.6449836487104
1790341590049435600,49.087435546875,173.19150670147874
1790341590065894000,49.103893798828125,174.3553423941744
1790341590082379300,49.120379150390626,174.59283207228506
1790341590098871000,49.13687109375,173.56599219231495
1790341590115372000,49.1533720703125,175.3725014046238
1790341590131846400,49.16984643554687,173.42414951698495
1790341590148361200,49.186361328125,172.2295190141299
1790341590164844300,49.20284423828125,173.2068678522579
1790341590181333800,49.219333740234376,173.58177450778126
1790341590197863000,49.23586279296875,172.393631648913
1790341590214289700,49.25228955078125,173.0281175468691
1790341590230802200,49.26880224609375,171.91301392275744
1790341590247318800,49.28531884765625,172.28530114236926
1790341590263804000,49.30180395507813,171.85938682531886
1790341590280273400,49.3182734375,172.74219743118076
1790341590296767700,49.334767822265626,172.42280134671296
1790341590313278200,49.3512783203125,170.33634519634197
1790341590329729300,49.36772924804688,172.47541538731164
1790341590346222600,49.38422265625,172.18788087449883
1790341590362720800,49.400720703125,170.91864189035988
1790341590379182000,49.41718212890625,171.6537552279306
1790341590395666200,49.43366625976562,172.64217879736643
1790341590412150800,49.45015087890625,171.74343215270102
1790341590428624000,49.466623779296874,171.43554766636228
1790341590445103000,49.48310302734375,170.01444163908917
1790341590461597700,49.49959765625,170.49919556483403
1790341590478096000,49.516095947265626,170.46114918008985
1790341590494575600,49.53257568359375,170.77905222466316
1790341590511061000,49.54906103515625,169.30127336014107
1790341590527528200,49.56552807617187,170.91783130539798
1790341590543987500,49.581987548828124,170.65705667709491
1790341590560439800,49.598439697265626,171.65975710853925
1790341590576877800,49.6148779296875,169.144471555367
1790341590593342500,49.63134252929687,167.22175594377185
1790341590609794800,49.647794921875,172.21532201818286
1790341590626283500,49.664283447265625,171.1774762162441
1790341590642751000,49.6807509765625,169.4196396105158
1790341590659236400,49.697236328125,171.49912432699043
1790341590675723500,49.7137236328125,170.5516770230471
1790341590692250600,49.73025073242187,169.7236013560698
1790341590708711700,49.74671166992187,168.7835692699677
1790341590725227500,49.7632275390625,166.81380362123963
1790341590741746000,49.77974584960938,169.1201229384952
1790341590758230500,49.79623046875,169.8997909331087
1790341590774684200,49.81268408203125,168.7539275818296
1790341590791144000,49.82914404296875,168.58012087090233
1790341590807657700,49.84565771484375,169.98553510752657
1790341590824143600,49.8621435546875,168.04572063958418
1790341590840633600,49.878633544921875,167.7455529288982
1790341590857137700,49.8951376953125,167.48796956274242
1790341590873631700,49.9116318359375,166.714698344742
1790341590890104000,49.92810400390625,168.00301110299228
1790341590906590200,49.944590087890624,167.1760714819773
1790341590923074600,49.96107446289062,168.07222382834271
1790341590939597000,49.97759716796875,168.83122213625066
1790341590956088000,49.994088134765626,167.18286428348355
1790341590972597500,50.01059741210938,168.85367127364583
1790341590989111300,50.027111328125,168.20695877670653
1790341591005598700,50.0435986328125,166.8532277053965
1790341591022070800,50.06007080078125,168.0295663985842
1790341591038513700,50.076513671875,166.76415143041527
1790341591055062500,50.0930625,167.43555578643966
1790341591071547000,50.109546875,166.79008070691572
1790341591088032000,50.12603198242188,166.18782231401005
1790341591104570600,50.14257055664063,165.0184170385785
1790341591121064400,50.159064453125,165.62683498237914
1790341591137575400,50.17557543945313,166.66176037207364
1790341591154026200,50.19202612304687,165.40116149025275
1790341591170509800,50.208509765625,164.72731738627814
1790341591186998500,50.22499853515625,167.48783707173146
1790341591203491000,50.241490966796874,167.0032104606257
1790341591219987500,50.257987548828126,165.23559362919897
1790341591236457500,50.27445751953125,163.61983222352535
1790341591252941600,50.29094165039062,164.94591550002608
1790341591269440000,50.30743994140625,164.11347991396545
1790341591285898800,50.32389868164063,165.88376677531298
1790341591302410800,50.34041064453125,162.56238500576768
1790341591318893800,50.356893798828125,163.46857520220422
1790341591335382300,50.37338232421875,165.6573706948109
1790341591351880200,50.38988012695312,163.54806262970988
1790341591368374300,50.40637426757812,161.97937038053203
1790341591384855800,50.42285571289062,162.98511487126046
1790341591401341200,50.439341064453124,163.97168583720284
1790341591417825500,50.45582543945312,163.7198706860783
1790341591434317300,50.4723173828125,164.1121364237685
1790341591450809300,50.488809326171875,162.18357267541865
1790341591467324200,50.50532421875,164.9282859328555
1790341591483840800,50.5218408203125,163.875792892053
1790341591500327400,50.538327392578125,161.58635151693116
1790341591516826400,50.55482641601562,162.42776483477965
1790341591533322000,50.57132202148438,161.60455256743583
1790341591549838000,50.587838134765626,161.93397022874512
1790341591566260700,50.6042607421875,162.17778367066282
1790341591582757400,50.62075732421875,161.56815532901268
1790341591599258400,50.63725830078125,162.63701526742716
1790341591615752000,50.653751953125,163.27604028715294
1790341591632266200,50.67026635742187,160.5338529855687
1790341591648756000,50.686755859375,161.1817606694312
1790341591665244000,50.70324389648437,162.6012733485778
1790341591681770500,50.7197705078125,161.56113509004987
1790341591698265600,50.736265625,160.93043518164166
1790341591714746600,50.75274658203125,161.48742109184334
1790341591731231200,50.76923120117188,159.70061263301022
1790341591747718400,50.78571850585938,160.25916623792818
1790341591764219000,50.802218994140624,160.46616518851746
1790341591780682200,50.81868212890625,159.6660877117665
1790341591797197600,50.83519750976563,161.18212295130158
1790341591813655600,50.85165551757812,161.30335985156538
1790341591830153200,50.8681533203125,160.3568283646835
1790341591846624300,50.884624267578126,160.09877032398555
1790341591863129000,50.901129150390624,161.73233204215578
1790341591879639800,50.91763989257812,160.66002679411548
1790341591896064300,50.934064208984374,160.65457772373176
1790341591912515000,50.95051513671875,160.854488188873
1790341591929003500,50.96700341796875,158.92023909385617
1790341591945491500,50.98349145507812,162.45046599107837
1790341591962002000,51.000001953125,159.63670010632038
1790341591978484500,51.016484375,158.68921191137187
1790341591994972200,51.03297216796875,160.2501709663883
1790341592011471400,51.04947143554688,158.8586885470199
1790341592027966000,51.06596606445312,160.03475284622468
1790341592044480300,51.08248022460938,158.66056162388315
1790341592060921900,51.098921875,160.8877948064323
1790341592077415000,51.115414794921875,161.27921857332245
1790341592093917000,51.1319169921875,157.8572051874226
1790341592110381000,51.148381103515625,158.4984934249255
1790341592126901200,51.1649013671875,161.28705193916332
1790341592143394300,51.18139428710938,160.3407098823207
1790341592159880400,51.19788037109375,159.51685153058787
1790341592176405500,51.21440551757812,160.3825056206866
1790341592192897300,51.230897216796876,161.85178371411723
1790341592209409800,51.247409912109376,160.2198111671449
1790341592225931300,51.26393115234375,160.67748255242623
1790341592242444300,51.2804443359375,160.1811514160641
1790341592258942700,51.296942626953125,162.01968782805076
1790341592275439900,51.31343994140625,160.73925152193632
1790341592291954700,51.32995458984375,161.2879477400447
1790341592308444000,51.34644384765625,159.9893977627562
1790341592324939500,51.362939453125,160.64912970111263
1790341592341440800,51.37944067382813,161.8353713200551
1790341592357935600,51.395935546875,161.99841579660534
1790341592374419200,51.412419189453125,158.75605454460947
1790341592390879000,51.42887890625,159.93133644312346
1790341592407368700,51.44536865234375,161.16305360274384
1790341592423865000,51.461864990234375,162.36882322410528
1790341592440362000,51.47836206054688,162.62609840350703
1790341592456845600,51.49484545898437,160.9326004560273
1790341592473332000,51.51133203125,160.70485265311248
1790341592489820700,51.52782055664063,160.64764506491932
1790341592506321700,51.54432177734375,162.39684600219186
1790341592522816800,51.56081665039063,161.34207010076383
1790341592539334700,51.57733471679688,159.67709597853244
1790341592555821300,51.5938212890625,160.79495394153028
1790341592572382000,51.6103818359375,163.4529843219482
1790341592588883200,51.62688330078125,162.14614236965437
1790341592605376000,51.6433759765625,162.20621372376493
1790341592621859800,51.65985986328125,163.32145320208298
1790341592638353400,51.676353515625,161.09231074642122
1790341592654846000,51.692845947265624,162.76185871090047
1790341592671377400,51.70937744140625,160.57276157263797
1790341592687839000,51.7258388671875,161.55947305639202
1790341592704351200,51.742351318359376,162.89240337224922
1790341592720869000,51.758869140625,161.03449717632554
1790341592737353200,51.77535327148438,161.94901312950384
1790341592753849600,51.791849609375,163.02419938726698
1790341592770342700,51.8083427734375,163.36313629278908
1790341592786855400,51.82485546875,163.17976457280673
1790341592803305700,51.8413056640625,162.15505930264922
1790341592819795200,51.85779516601563,161.11570455638304
1790341592836292900,51.87429296875,163.9924796355263
1790341592852754200,51.89075415039063,162.0381199940746
1790341592869174500,51.90717456054688,162.79999923832497
1790341592885627600,51.923627685546876,163.1499865112097
1790341592902115800,51.94011572265625,163.6446377021624
1790341592918582800,51.956582763671875,163.6620192370485
1790341592935044600,51.97304467773437,161.3379956618543
1790341592951562800,51.98956274414063,163.53092185338235
1790341592968077800,52.00607788085937,162.3666890630045
1790341592984565000,52.02256494140625,163.58359538376453
1790341593001068000,52.03906811523437,162.84690586265086
1790341593017531000,52.05553076171875,162.2794971536402
1790341593034043100,52.07204321289063,162.17687195483379
1790341593050462000,52.0884619140625,161.06259834612587
1790341593066960000,52.1049599609375,162.56175395209664
1790341593083429000,52.12142919921875,162.8428556451942
1790341593099898400,52.1378984375,164.47170247951692
1790341593116380400,52.15438037109375,163.84174361010142
1790341593132840200,52.170840087890625,162.84019021804886
1790341593149297200,52.187297119140624,162.50763504621645
1790341593165828400,52.20382836914062,164.27605770756782
1790341593182325500,52.22032543945313,163.05469094562238
1790341593198808600,52.23680859375,162.55972093299064
1790341593215329800,52.253329833984374,162.17885430290335
1790341593231815400,52.2698154296875,164.39571845916234
1790341593248355300,52.28635522460937,164.0421710519491
1790341593264847400,52.30284741210937,162.56129364217045
1790341593281362400,52.319362548828124,162.78099511697036
1790341593297849600,52.335849609375,163.65516559474887
1790341593314338600,52.352338623046876,163.39548997908304
1790341593330837800,52.36883764648437,161.91763174110642
1790341593347332000,52.38533203125,162.07125644173718
1790341593363813000,52.40181323242187,162.8956083290395
1790341593380300000,52.41830004882812,163.68800360615248
1790341593396787700,52.43478759765625,162.29261909760336
1790341593413284600,52.45128466796875,161.42908349237038
1790341593429782000,52.467781982421876,163.18332090993925
1790341593446284800,52.48428491210937,162.1869304216649
1790341593462800600,52.50080053710938,162.53405814959987
1790341593479289900,52.51728979492187,161.128602504617
1790341593495794700,52.53379467773438,162.45560192697496
1790341593512292600,52.55029272460938,163.06991375274376
1790341593528809200,52.56680932617188,161.88579524538252
1790341593545296400,52.58329638671875,162.18916199518358
1790341593561789400,52.59978955078125,163.69597936513745
1790341593578292500,52.61629248046875,162.72026621273562
1790341593594718200,52.63271826171875,162.1069286484344
1790341593611198000,52.64919799804687,163.3164384001149
1790341593627684400,52.66568432617188,163.16139463993613
1790341593644169200,52.68216918945313,162.15816102168063
1790341593660693200,52.698693359375,161.0317756836247
1790341593677183500,52.71518359375,162.99073844586658
1790341593693699300,52.73169921875,162.2932796077453
1790341593710187000,52.74818701171875,162.72197322252345
1790341593726674700,52.7646748046875,162.3764508270596
1790341593743172000,52.78117211914063,162.72004482668274
1790341593759665000,52.79766479492187,163.5920021966304
1790341593776181200,52.81418115234375,164.34228717424284
1790341593792668000,52.83066796875,161.57052914348745
1790341593809160400,52.84716040039063,163.3970430719334
1790341593825660000,52.86365991210938,162.81407453308412
1790341593842152700,52.88015258789063,162.45740808795728
1790341593858666000,52.896666015625,162.07326964419318
1790341593875153700,52.913153564453125,163.5404685231244
1790341593891628300,52.92962817382813,163.4264073189359
1790341593908122000,52.9461220703125,163.41660038805975
1790341593924650800,52.96265063476562,162.43136766394224
1790341593941162000,52.979161865234374,163.1864419425248
1790341593957646300,52.99564624023437,162.9258137791108
1790341593974121200,53.012121337890626,162.9203699515088
1790341593990622000,53.0286220703125,163.49058395822658
1790341594007111400,53.045111328125,162.91738176070007
1790341594023623000,53.06162280273438,163.8632069652452
1790341594040107800,53.078107666015626,165.40860128934233
1790341594056481000,53.09448095703125,164.02599414819431
1790341594072882400,53.11088232421875,162.71864124534835
1790341594089378300,53.12737841796875,164.0624608443109
1790341594105861400,53.143861328125,164.19592685809033
1790341594122349800,53.160349853515626,164.27066228635
1790341594138840300,53.17684033203125,166.35649544482416
1790341594155366000,53.193365966796875,165.1920624663784
1790341594171862300,53.2098623046875,163.78569955119082
1790341594188365600,53.226365478515625,165.8956925697619
1790341594204888600,53.242888671875,164.94861483333978
1790341594221375200,53.25937524414063,165.23596889730584
1790341594237842000,53.27584204101562,165.12027387133284
1790341594254336000,53.2923359375,165.74209653845384
1790341594270865200,53.308865234375,165.95590501503892
1790341594287357400,53.325357421875,164.35604346867436
1790341594303843000,53.34184301757813,165.11266764992897
1790341594320307500,53.35830737304688,166.1994848583706
1790341594336784400,53.374784423828125,164.76306094882335
1790341594353246700,53.39124682617187,163.7424245234764
1790341594369751300,53.407751220703126,165.43462975739314
1790341594386229800,53.42422973632812,165.60862627252203
1790341594402747100,53.4407470703125,165.0332800001198
1790341594419242200,53.4572421875,166.24095899679233
1790341594435722200,53.47372216796875,165.52255440885835
1790341594452209000,53.490208984375,165.54468418923184
1790341594468695800,53.50669580078125,166.05677521857987
1790341594485196500,53.52319653320313,165.65628324860293
1790341594501658600,53.53965869140625,165.09080800950656
1790341594518167000,53.5561669921875,166.35837084575385
1790341594534654200,53.572654296875,167.74489093444672
1790341594551135500,53.58913549804687,167.83531026558325
1790341594567605500,53.60560546875,166.95830937997053
1790341594584070400,53.6220703125,166.09510028399734
1790341594600522000,53.63852197265625,167.09933070492573
1790341594617008000,53.655008056640625,166.49296331580393
1790341594633493500,53.671493408203126,165.43556501988522
1790341594649993200,53.6879931640625,168.40017460490597
1790341594666467000,53.704467041015626,166.29793613369608
1790341594682982700,53.72098266601562,168.35468807381216
1790341594699503900,53.73750390625,166.14271259623197
1790341594715993300,53.75399340820312,166.80854461017094
1790341594732460000,53.7704599609375,169.05578537579936
1790341594748956000,53.78695581054688,168.59341295477938
1790341594765470500,53.80347045898438,167.85400033100373
1790341594781923600,53.81992358398438,167.25463339197506
1790341594798396200,53.83639624023437,167.49298458419977
1790341594814862000,53.852862060546876,169.67390243029192
1790341594831323400,53.86932348632813,167.5045088851844
1790341594847802000,53.885802001953124,168.62762743695905
1790341594864254200,53.902254150390625,169.6231277639198
1790341594880779300,53.918779296875,168.12480166462382
1790341594897301000,53.93530102539062,167.56472878916242
1790341594913794300,53.951794189453125,168.1768446116413
1790341594930306000,53.96830615234375,168.20355747809384
1790341594946872300,53.98487231445313,167.89287614152008
1790341594963356700,54.001356689453125,168.3304131249304
1790341594979852500,54.0178525390625,167.76407894484416
1790341594996345000,54.034344970703124,168.32496338774146
1790341595012822500,54.050822509765624,169.0720804535129
1790341595029272000,54.06727197265625,168.67057148854926
1790341595045760300,54.08376025390625,169.76333125097477
1790341595062322000,54.100322021484374,168.4442812575375
1790341595078819300,54.1168193359375,168.86062664944427
1790341595095340000,54.13334008789062,168.47581651170196
1790341595111810800,54.149810791015625,168.14663963651014
1790341595128288800,54.16628881835938,170.32817441445746
1790341595144814600,54.18281469726563,168.77792503930067
1790341595161276000,54.19927587890625,169.6985281984707
1790341595177791000,54.215791015625,169.45067048022614
1790341595194275000,54.232275146484376,168.92188366394475
1790341595210761200,54.24876123046875,169.35699138570075
1790341595227258000,54.265258056640626,169.2606133099605
1790341595243720400,54.281720458984374,169.17852279634639
1790341595260233700,54.298233642578126,169.53026129429705
1790341595276627700,54.314627685546874,168.84838759752125
1790341595293121300,54.33112133789062,170.81602351902404
1790341595309625300,54.34762524414062,170.12559499590418
1790341595326119200,54.364119140625,171.15045574577275
1790341595342630700,54.380630615234374,169.34087141597882
1790341595359085800,54.3970859375,170.23470246847657
1790341595375573000,54.413572998046874,171.34176680241896
1790341595392097000,54.430096923828124,170.03811309093885
1790341595408592100,54.44659204101563,170.22795312813295
1790341595425106700,54.46310668945313,170.09668397650515
1790341595441619000,54.479618896484375,170.0761882252724
1790341595458104800,54.49610473632813,169.51503470475626
1790341595474557200,54.51255712890625,170.20985062397193
1790341595491049200,54.52904931640625,170.83246443001659
1790341595507559700,54.5455595703125,172.7146670700157
1790341595524039700,54.56203979492187,170.12054999788876
1790341595540525600,54.578525634765626,170.83863550397075
1790341595556989000,54.59498901367188,171.19064001490085
1790341595573449200,54.61144921875,172.04016436554176
1790341595589962800,54.62796264648438,171.56998774161204
1790341595606411800,54.644411865234375,171.21459583221204
1790341595622911000,54.66091088867187,171.64482706960334
1790341595639434200,54.67743432617188,169.71174750192608
1790341595655929300,54.69392944335937,171.48013109783568
1790341595672413200,54.7104130859375,170.16001468355935
1790341595688933000,54.72693310546875,170.56330582743863
1790341595705421800,54.743421875,170.84632874065653
1790341595721923000,54.75992309570312,170.7702209284132
1790341595738417700,54.776417724609374,171.51962344091953
1790341595754930200,54.79293017578125,171.90149381307054
1790341595771415300,54.80941528320312,170.06654369430498
1790341595787905300,54.8259052734375,171.1743163197434
1790341595804403200,54.8424033203125,171.67387715491938
1790341595820895700,54.85889575195313,169.826742446775
1790341595837376300,54.875376220703124,172.56430494214288
1790341595853829600,54.89182958984375,171.18559482383571
1790341595870298000,54.908298095703124,171.1960423584891
1790341595886803000,54.92480297851562,171.17843243085926
1790341595903300000,54.941300048828126,171.70046437171186
1790341595919748900,54.95774877929688,171.64891278803918
1790341595936259000,54.974259033203126,171.85800072300006
1790341595952739600,54.99073950195312,170.79197383182927
1790341595969209900,55.0072099609375,172.88810333830713
1790341595985654300,55.023654296875,171.2504587243136
1790341596002134300,55.04013427734375,171.32690865789206
1790341596018622200,55.05662231445312,171.0535964240918
1790341596035114800,55.07311474609375,170.41708089185914
1790341596050538500,55.08853857421875,170.888700074964
1790341596067001300,55.10500146484375,170.8230551672222
1790341596083520800,55.12152075195313,169.83067509255244
1790341596100009700,55.138009765625,170.46160164699813
