time,seconds_elapsed,z,y,x
1790341541084665300,0.122665283203125,6.065089225769043,7.293442726135254,-2.488128423690796
1790341541101071000,0.139071044921875,6.0997819900512695,7.278650760650635,-2.4462826251983643
1790341541117539800,0.155539794921875,6.127578258514404,7.2693705558776855,-2.4040441513061523
1790341541134009300,0.17200927734375,6.149764060974121,7.263320446014404,-2.365368127822876
1790341541150503000,0.1885029296875,6.163066864013672,7.25998592376709,-2.340855836868286
1790341541166972200,0.20497216796875,6.162242412567139,7.261710166931152,-2.337672710418701
1790341541183443200,0.221443115234375,6.148166656494141,7.269651889801025,-2.3500187397003174
1790341541199942100,0.237942138671875,6.120896339416504,7.284900665283203,-2.373868227005005
1790341541216413700,0.25441357421875,6.084741592407227,7.306369304656982,-2.400684118270874
1790341541232913400,0.270913330078125,6.046507358551025,7.332357406616211,-2.4179911613464355
1790341541249385000,0.287385009765625,6.0116472244262695,7.360459804534912,-2.4195303916931152
1790341541265780500,0.303780517578125,5.971558094024658,7.394432544708252,-2.4152140617370605
1790341541282278700,0.320278564453125,5.955461502075195,7.41314697265625,-2.397524356842041
1790341541298744300,0.336744384765625,5.954109191894531,7.422024726867676,-2.3732964992523193
1790341541315183400,0.353183349609375,5.963069915771484,7.423120498657227,-2.34722900390625
1790341541331646700,0.369646728515625,5.973062515258789,7.422828197479248,-2.3226137161254883
1790341541348109800,0.38610986328125,5.975466251373291,7.4264397621154785,-2.3048176765441895
1790341541364627700,0.402627685546875,5.972900390625,7.4316277503967285,-2.294726848602295
1790341541381088800,0.4190888671875,5.970894813537598,7.436193943023682,-2.285132884979248
1790341541397578800,0.435578857421875,5.9687724113464355,7.441988468170166,-2.271775007247925
1790341541414012200,0.45201220703125,5.96403694152832,7.450506687164307,-2.2562334537506104
1790341541430441500,0.46844140625,5.959845066070557,7.4612603187561035,-2.231645345687866
1790341541446928000,0.484927978515625,5.958329200744629,7.470063209533691,-2.206099033355713
1790341541463389400,0.501389404296875,5.958709239959717,7.4769673347473145,-2.1815457344055176
1790341541479876600,0.517876708984375,5.963536739349365,7.481837272644043,-2.1514506340026855
1790341541496337400,0.53433740234375,5.968509674072266,7.484375,-2.128713846206665
1790341541512816000,0.550816162109375,5.972622394561768,7.486137866973877,-2.1109046936035156
1790341541529302500,0.567302490234375,5.977274417877197,7.488643646240234,-2.0887322425842285
1790341541545764000,0.58376416015625,5.982274532318115,7.492938995361328,-2.0587990283966064
1790341541562283000,0.600282958984375,5.988042831420898,7.500608921051025,-2.0136053562164307
1790341541578743600,0.61674365234375,5.99487829208374,7.510666370391846,-1.954925298690796
1790341541595207200,0.633207275390625,6.005119800567627,7.52061128616333,-1.883968472480774
1790341541611725800,0.649725830078125,6.016964435577393,7.529659748077393,-1.8085250854492188
1790341541628186400,0.666186279296875,6.032447338104248,7.53566837310791,-1.7302219867706299
1790341541644675800,0.68267578125,6.05506706237793,7.535392761230469,-1.6505815982818604
1790341541661134000,0.699134033203125,6.081146240234375,7.531209468841553,-1.5719244480133057
1790341541677592600,0.715592529296875,6.108826637268066,7.523274898529053,-1.5009794235229492
1790341541694087000,0.7320869140625,6.127042293548584,7.516438007354736,-1.460445761680603
1790341541710547700,0.748547607421875,6.154695987701416,7.5012922286987305,-1.4215184450149536
1790341541727008000,0.765008056640625,6.186546325683594,7.482343673706055,-1.3825916051864624
1790341541743466800,0.781466796875,6.212275981903076,7.467904567718506,-1.344778299331665
1790341541759990300,0.797990234375,6.221006393432617,7.4657673835754395,-1.3159782886505127
1790341541776482600,0.814482666015625,6.207099914550781,7.479766845703125,-1.3020743131637573
1790341541792943000,0.830943115234375,6.178371429443359,7.504157066345215,-1.2983630895614624
1790341541809379800,0.8473798828125,6.14418888092041,7.533034324645996,-1.2933381795883179
1790341541825839600,0.863839599609375,6.107154369354248,7.564913272857666,-1.2826251983642578
1790341541842298600,0.880298583984375,6.0670061111450195,7.599691867828369,-1.2674895524978638
1790341541858811000,0.896810791015625,6.0273308753967285,7.632979869842529,-1.2566940784454346
1790341541875266800,0.913266845703125,5.996926307678223,7.657944679260254,-1.2502578496932983
1790341541891755300,0.92975537109375,5.973775863647461,7.678103923797607,-1.2373831272125244
1790341541908217300,0.94621728515625,5.9629645347595215,7.689969539642334,-1.2156449556350708
1790341541924682500,0.9626826171875,5.960117340087891,7.696642875671387,-1.1870458126068115
1790341541941173500,0.979173583984375,5.947647571563721,7.710116863250732,-1.1618869304656982
1790341541957635300,0.99563525390625,5.908660888671875,7.742473125457764,-1.1455237865447998
1790341541974098700,1.0120986328125,5.858057975769043,7.7801408767700195,-1.1502054929733276
1790341541990559000,1.02855908203125,5.805247783660889,7.817432880401611,-1.1650134325027466
1790341542007041300,1.045041259765625,5.766759872436523,7.843821048736572,-1.1787022352218628
1790341542023531300,1.06153125,5.748228073120117,7.856380939483643,-1.185559868812561
1790341542039994000,1.077994140625,5.745730400085449,7.857702732086182,-1.188897967338562
1790341542056480300,1.094480224609375,5.7489237785339355,7.855055332183838,-1.190958857536316
1790341542072924000,1.110923828125,5.750510215759277,7.853325843811035,-1.1946995258331299
1790341542089391000,1.12739111328125,5.745905876159668,7.855533123016357,-1.2023146152496338
1790341542105922600,1.143922607421875,5.71776008605957,7.873793601989746,-1.2169641256332397
1790341542122426400,1.16042626953125,5.686608791351318,7.895287036895752,-1.2236393690109253
1790341542138876200,1.176876220703125,5.657158374786377,7.915350437164307,-1.2305140495300293
1790341542155383000,1.193383056640625,5.63175106048584,7.930856227874756,-1.2471208572387695
1790341542171842000,1.209842041015625,5.605246543884277,7.945254325866699,-1.274579644203186
1790341542188301800,1.2263017578125,5.569411754608154,7.965104103088379,-1.307355284690857
1790341542204759600,1.242759521484375,5.5223798751831055,7.992744445800781,-1.3378183841705322
1790341542221217500,1.259217529296875,5.465526580810547,8.027320861816406,-1.364019513130188
1790341542237734700,1.275734619140625,5.406474590301514,8.063947677612305,-1.3831729888916016
1790341542254234600,1.292234619140625,5.359446048736572,8.092891693115234,-1.39707612991333
1790341542270690300,1.308690185546875,5.377566337585449,8.081539154052734,-1.3931642770767212
1790341542287147500,1.3251474609375,5.407962799072266,8.062642097473145,-1.3849644660949707
1790341542303626200,1.341626220703125,5.4480438232421875,8.038481712341309,-1.3682178258895874
1790341542320079600,1.35807958984375,5.482175827026367,8.018471717834473,-1.3491722345352173
1790341542336534300,1.3745341796875,5.50405740737915,8.005032539367676,-1.3398447036743164
1790341542353017300,1.391017333984375,5.508840084075928,8.003171920776367,-1.3312866687774658
1790341542369502200,1.407502197265625,5.5061492919921875,8.0061674118042,-1.3243902921676636
1790341542385981200,1.423981201171875,5.508415222167969,8.005489349365234,-1.3190515041351318
1790341542402489600,1.440489501953125,5.517502307891846,7.999624252319336,-1.3166531324386597
1790341542418945000,1.456945068359375,5.531538963317871,7.989791393280029,-1.3174594640731812
1790341542435478800,1.473478759765625,5.545159339904785,7.980135917663574,-1.3187298774719238
1790341542451933000,1.489932861328125,5.554601192474365,7.97376823425293,-1.3175009489059448
1790341542468432400,1.506432373046875,5.559786796569824,7.971933364868164,-1.3066896200180054
1790341542484939500,1.522939453125,5.562560558319092,7.973583221435547,-1.2846415042877197
1790341542501396500,1.539396484375,5.565313816070557,7.976179122924805,-1.256282091140747
1790341542517882400,1.55588232421875,5.567651748657227,7.979154586791992,-1.226683497428894
1790341542534384600,1.572384521484375,5.5702667236328125,7.981418609619141,-1.199778437614441
1790341542550888000,1.588887939453125,5.577978134155273,7.979492664337158,-1.1765440702438354
1790341542567344000,1.60534423828125,5.592896461486816,7.971673011779785,-1.1585866212844849
1790341542583831800,1.621831787109375,5.6059956550598145,7.96381139755249,-1.149314522743225
1790341542600361700,1.63836181640625,5.610604763031006,7.961572647094727,-1.1422990560531616
1790341542616867800,1.654867919921875,5.60373592376709,7.9671311378479,-1.1372554302215576
1790341542633354500,1.6713544921875,5.5892767906188965,7.977733612060547,-1.1340903043746948
1790341542649808100,1.68780810546875,5.575510025024414,7.987501621246338,-1.1330920457839966
1790341542666305500,1.704305419921875,5.564791202545166,7.993489742279053,-1.1435185670852661
1790341542682761200,1.72076123046875,5.554826736450195,7.997511863708496,-1.1636607646942139
1790341542699212300,1.73721240234375,5.542449474334717,8.002551078796387,-1.187778353691101
1790341542715667200,1.753667236328125,5.524157524108887,8.011516571044922,-1.2123074531555176
1790341542732123100,1.770123046875,5.499667644500732,8.024942398071289,-1.2346465587615967
1790341542748580400,1.786580322265625,5.472970485687256,8.039958000183105,-1.2554067373275757
1790341542764977400,1.802977294921875,5.4481730461120605,8.053799629211426,-1.274413824081421
1790341542781461200,1.819461181640625,5.428947448730469,8.063838005065918,-1.292834997177124
1790341542798008000,1.836008056640625,5.4192047119140625,8.067911148071289,-1.3082139492034912
1790341542814494000,1.852493896484375,5.417171955108643,8.067771911621094,-1.3174660205841064
1790341542830952700,1.86895263671875,5.419897556304932,8.065739631652832,-1.3186893463134766
1790341542847467300,1.88546728515625,5.423260688781738,8.064806938171387,-1.3105404376983643
1790341542863924000,1.901924072265625,5.426599025726318,8.064798355102539,-1.2967065572738647
1790341542880414000,1.9184140625,5.4301300048828125,8.065080642700195,-1.2800568342208862
1790341542896872400,1.93487255859375,5.437691688537598,8.063065528869629,-1.26050865650177
1790341542913331700,1.951331787109375,5.452943801879883,8.056326866149902,-1.2374954223632812
1790341542929819600,1.967819580078125,5.475677013397217,8.04477310180664,-1.2120215892791748
1790341542946276600,1.984276611328125,5.52679443359375,8.013437271118164,-1.1873362064361572
1790341542962766300,2.000766357421875,5.583476543426514,7.976137638092041,-1.1732064485549927
1790341542979220200,2.01722021484375,5.638084411621094,7.937375068664551,-1.1749323606491089
1790341542995699700,2.03369970703125,5.690535068511963,7.899498462677002,-1.177341103553772
1790341543012155600,2.05015576171875,5.741845607757568,7.864109039306641,-1.165073037147522
1790341543028612600,2.066612548828125,5.795407772064209,7.8301544189453125,-1.127971887588501
1790341543044967000,2.082966796875,5.854422092437744,7.795940399169922,-1.0580440759658813
1790341543061380900,2.099380859375,5.912505626678467,7.764651775360107,-0.9606576561927795
1790341543077839000,2.115839111328125,5.9531450271606445,7.746252059936523,-0.8520834445953369
1790341543094326800,2.132326904296875,5.963937282562256,7.748812675476074,-0.7468186616897583
1790341543110760200,2.14876025390625,5.947751045227051,7.770005702972412,-0.6493555903434753
1790341543127049700,2.1650498046875,5.925760269165039,7.793370723724365,-0.5649148225784302
1790341543143505700,2.181505615234375,5.916654586791992,7.804727077484131,-0.4998299479484558
1790341543159962600,2.197962646484375,5.929184913635254,7.797117233276367,-0.46918052434921265
1790341543176446500,2.214446533203125,5.969613075256348,7.76601505279541,-0.4723512828350067
1790341543192901600,2.230901611328125,6.043262958526611,7.707271575927734,-0.4973107874393463
1790341543209360400,2.2473603515625,6.146799564361572,7.622191429138184,-0.5380094647407532
1790341543225815600,2.263815673828125,6.25812292098999,7.52687406539917,-0.5936809182167053
1790341543242297600,2.280297607421875,6.352607250213623,7.442213535308838,-0.6543952226638794
1790341543258754600,2.296754638671875,6.42180061340332,7.377620220184326,-0.7082410454750061
1790341543275208200,2.313208251953125,6.474603176116943,7.327963352203369,-0.7421891093254089
1790341543291606300,2.329606201171875,6.524304389953613,7.282905101776123,-0.7504201531410217
1790341543308059400,2.346059326171875,6.581313133239746,7.234450817108154,-0.7207043766975403
1790341543324514800,2.362514892578125,6.631264686584473,7.192758083343506,-0.67891925573349
1790341543340997400,2.378997314453125,6.6424360275268555,7.184378147125244,-0.6581307649612427
1790341543357451500,2.395451416015625,6.60605001449585,7.218667984008789,-0.6491038203239441
1790341543373909000,2.411908935546875,6.544719696044922,7.276714324951172,-0.6216627359390259
1790341543390366000,2.428365966796875,6.495717525482178,7.325562000274658,-0.5587408542633057
1790341543406823700,2.44482373046875,6.485624313354492,7.340723514556885,-0.46995648741722107
1790341543423312000,2.461311767578125,6.526086330413818,7.309652805328369,-0.3867357671260834
1790341543439766800,2.477766845703125,6.613040447235107,7.2332024574279785,-0.3447916507720947
1790341543456190000,2.49418994140625,6.727585792541504,7.126406192779541,-0.35257938504219055
1790341543472610800,2.51061083984375,6.845972537994385,7.010980129241943,-0.38626304268836975
1790341543489087500,2.52708740234375,6.961442947387695,6.893942356109619,-0.4269339144229889
1790341543505621500,2.54362158203125,7.072463035583496,6.7771992683410645,-0.4692758023738861
1790341543522072800,2.56007275390625,7.158627033233643,6.683792591094971,-0.5013602375984192
1790341543538577000,2.576576904296875,7.215072154998779,6.621826648712158,-0.5143371820449829
1790341543555031000,2.593031005859375,7.249334812164307,6.5846076011657715,-0.5103701949119568
1790341543571488500,2.609488525390625,7.274198055267334,6.558566093444824,-0.4915659725666046
1790341543587971000,2.62597119140625,7.299049377441406,6.532668113708496,-0.4674436151981354
1790341543604429000,2.642428955078125,7.3191022872924805,6.511112689971924,-0.45446810126304626
1790341543620888800,2.658888916015625,7.315125942230225,6.515419960021973,-0.4567420482635498
1790341543637346800,2.675346923828125,7.273329257965088,6.555574417114258,-0.5417783260345459
1790341543653806800,2.691806884765625,7.1953301429748535,6.622932434082031,-0.7310190200805664
1790341543670265600,2.708265625,7.096657752990723,6.699702262878418,-0.9601196050643921
1790341543686723800,2.724723876953125,6.98424768447876,6.780935287475586,-1.18726646900177
1790341543703212300,2.74121240234375,6.874503135681152,6.867400646209717,-1.3230268955230713
1790341543719664600,2.75766455078125,6.784440994262695,6.957169055938721,-1.318921446800232
1790341543736050200,2.77405029296875,6.703847408294678,7.053867816925049,-1.213165521621704
1790341543752501800,2.790501708984375,6.627969741821289,7.1549153327941895,-1.0235203504562378
1790341543768953300,2.806953369140625,6.55226469039917,7.255542278289795,-0.7715771198272705
1790341543785365800,2.82336572265625,6.470473289489746,7.352400302886963,-0.49555107951164246
1790341543801818600,2.839818603515625,6.389510631561279,7.435241222381592,-0.24845176935195923
1790341543818272000,2.85627197265625,6.326204299926758,7.492945194244385,-0.0726977214217186
1790341543834784300,2.8727841796875,6.303666114807129,7.512267112731934,0.003404401708394289
1790341543851238400,2.88923828125,6.349177837371826,7.473840236663818,-0.006767156068235636
1790341543867698700,2.90569873046875,6.452914237976074,7.384204864501953,-0.06168927252292633
1790341543884155600,2.92215576171875,6.576888084411621,7.272411823272705,-0.16426044702529907
1790341543900614000,2.93861376953125,6.69904088973999,7.156592845916748,-0.27645620703697205
1790341543917069300,2.9550693359375,6.815885543823242,7.041290283203125,-0.36650019884109497
1790341543933525200,2.971525146484375,6.924679756164551,6.932518005371094,-0.39925652742385864
1790341543949980000,2.98797998046875,7.019583225250244,6.8352155685424805,-0.4191315770149231
1790341543966430000,3.004429931640625,7.08597993850708,6.763750076293945,-0.45929303765296936
1790341543982908700,3.02090869140625,7.1176981925964355,6.72744083404541,-0.5003072023391724
1790341543999362300,3.0373623046875,7.124208927154541,6.7195305824279785,-0.5137526392936707
1790341544015812400,3.053812255859375,7.123398780822754,6.720129013061523,-0.517162024974823
1790341544032318500,3.070318359375,7.127950191497803,6.7138166427612305,-0.5360813736915588
1790341544048770000,3.08677001953125,7.142914772033691,6.69549560546875,-0.5652382373809814
1790341544065186600,3.1031865234375,7.168335914611816,6.666713714599609,-0.5833390951156616
1790341544081698800,3.11969873046875,7.201107025146484,6.632883071899414,-0.5650745630264282
1790341544098150700,3.136150634765625,7.238345623016357,6.599272727966309,-0.4757504165172577
1790341544114603000,3.15260302734375,7.2880659103393555,6.5557732582092285,-0.276283323764801
1790341544131053800,3.1690537109375,7.353592395782471,6.48806619644165,-0.008515607565641403
1790341544147435500,3.185435546875,7.424180030822754,6.40122127532959,0.27624455094337463
1790341544163920400,3.20192041015625,7.487020015716553,6.30898904800415,0.5581954717636108
1790341544180369400,3.218369384765625,7.524613380432129,6.233434677124023,0.8335978388786316
1790341544196852500,3.2348525390625,7.542788505554199,6.174455165863037,1.0737011432647705
1790341544213298700,3.251298583984375,7.556210041046143,6.121800899505615,1.2639769315719604
1790341544229773800,3.26777392578125,7.581423282623291,6.059254169464111,1.4063661098480225
1790341544246256600,3.284256591796875,7.636819362640381,5.9669318199157715,1.4983675479888916
1790341544262709500,3.30070947265625,7.726675033569336,5.837473392486572,1.5468640327453613
1790341544279087400,3.31708740234375,7.842878818511963,5.6735453605651855,1.5717909336090088
1790341544295538000,3.333537841796875,7.9850172996521,5.471499443054199,1.5724431276321411
1790341544311988000,3.349988037109375,8.151748657226562,5.232261657714844,1.5306295156478882
1790341544328501800,3.366501708984375,8.343379020690918,4.95560359954834,1.4143568277359009
1790341544344955100,3.382955078125,8.542974472045898,4.649139404296875,1.2543857097625732
1790341544361443800,3.39944384765625,8.724832534790039,4.348198413848877,1.0681121349334717
1790341544377899500,3.4158994140625,8.886850357055664,4.04736852645874,0.9017192721366882
1790341544394358800,3.43235888671875,9.032257080078125,3.7395083904266357,0.7776927351951599
1790341544410845000,3.448844970703125,9.158327102661133,3.428077220916748,0.7373743653297424
1790341544427296300,3.465296142578125,9.268135070800781,3.117262601852417,0.7448038458824158
1790341544443750000,3.48175,9.367972373962402,2.8076090812683105,0.7271966934204102
1790341544460201500,3.498201416015625,9.457950592041016,2.501357078552246,0.6788030862808228
1790341544476653000,3.514653076171875,9.534591674804688,2.2076528072357178,0.6230672001838684
1790341544493106200,3.531106201171875,9.596641540527344,1.9331477880477905,0.5812099575996399
1790341544509606400,3.5476064453125,9.645421028137207,1.674877405166626,0.5753577947616577
1790341544526121500,3.56412158203125,9.683286666870117,1.4272115230560303,0.6061432957649231
1790341544542572800,3.58057275390625,9.710965156555176,1.1956125497817993,0.6618577241897583
1790341544559024000,3.597024169921875,9.730294227600098,0.9850677251815796,0.7220710515975952
1790341544575537400,3.613537353515625,9.744446754455566,0.798218846321106,0.7609144449234009
1790341544591989200,3.6299892578125,9.754875183105469,0.6378380656242371,0.7784275412559509
1790341544608474000,3.64647412109375,9.763444900512695,0.49622324109077454,0.7741426229476929
1790341544624925700,3.66292578125,9.77126693725586,0.3764759302139282,0.742294430732727
1790341544641378300,3.67937841796875,9.778902053833008,0.2794860005378723,0.682174801826477
1790341544657827600,3.69582763671875,9.786632537841797,0.19907914102077484,0.5937811732292175
1790341544674276600,3.712276611328125,9.793753623962402,0.12700819969177246,0.4864678680896759
1790341544690760000,3.728760009765625,9.799262046813965,0.06222260370850563,0.37547823786735535
1790341544707212500,3.745212646484375,9.803085327148438,0.0011397537309676409,0.26437321305274963
1790341544723689000,3.76168896484375,9.805194854736328,-0.05950552597641945,0.15807312726974487
1790341544740139500,3.778139404296875,9.805256843566895,-0.1323055922985077,0.09905856847763062
1790341544756590000,3.794590087890625,9.804171562194824,-0.20975176990032196,0.06785155087709427
1790341544772980700,3.810980712890625,9.80246353149414,-0.2863883376121521,0.008285501040518284
1790341544789429500,3.827429443359375,9.799522399902344,-0.372919499874115,-0.025967905297875404
1790341544805881900,3.8438818359375,9.795714378356934,-0.4613025188446045,-0.03957125544548035
1790341544822370300,3.860370361328125,9.791657447814941,-0.5411003232002258,-0.03238965943455696
1790341544838786800,3.876786865234375,9.794232368469238,-0.4695751965045929,-0.15130288898944855
1790341544855240200,3.893240234375,9.798394203186035,-0.32394176721572876,-0.2386140376329422
1790341544871693800,3.90969384765625,9.799224853515625,-0.14774024486541748,-0.3517772853374481
1790341544888146700,3.926146728515625,9.795862197875977,0.04236629232764244,-0.4579014778137207
1790341544904597000,3.942596923828125,9.787362098693848,0.24230408668518066,-0.5649876594543457
1790341544921046000,3.9590458984375,9.77352237701416,0.44565778970718384,-0.6708439588546753
1790341544937530600,3.975530517578125,9.755110740661621,0.6491566300392151,-0.7660273313522339
1790341544953981400,3.9919814453125,9.736948013305664,0.8190213441848755,-0.8315190076828003
1790341544970455300,4.008455322265625,9.72177505493164,0.960053026676178,-0.8577728271484375
1790341544986938600,4.024938720703125,9.708940505981445,1.0824687480926514,-0.8573954701423645
1790341545003389000,4.041388916015625,9.70216178894043,1.1548590660095215,-0.8394830226898193
1790341545019902700,4.05790283203125,9.69970703125,1.1951146125793457,-0.8110319972038269
1790341545036349700,4.074349609375,9.69929313659668,1.224774956703186,-0.7707229852676392
1790341545052798500,4.090798583984375,9.700888633728027,1.2435271739959717,-0.7188791036605835
1790341545069274600,4.107274658203125,9.707096099853516,1.2357269525527954,-0.6447111964225769
1790341545085723100,4.12372314453125,9.715094566345215,1.2099006175994873,-0.56874018907547
1790341545102205200,4.140205078125,9.722450256347656,1.1829026937484741,-0.4950750768184662
1790341545118724900,4.156724853515625,9.721549987792969,1.2149631977081299,-0.43094921112060547
1790341545135097300,4.173097412109375,9.708524703979492,1.3235492706298828,-0.40391090512275696
1790341545151543800,4.189543701171875,9.6904935836792,1.4480515718460083,-0.4097188115119934
1790341545168044000,4.2060439453125,9.669846534729004,1.5759737491607666,-0.42516741156578064
1790341545184497000,4.222496826171875,9.647814750671387,1.7078185081481934,-0.41642114520072937
1790341545200948200,4.2389482421875,9.626976013183594,1.8318854570388794,-0.3686821460723877
1790341545217422300,4.25542236328125,9.623987197875977,1.872373104095459,-0.20848523080348969
1790341545233905200,4.2719052734375,9.629413604736328,1.856013298034668,0.002436871873214841
1790341545250353700,4.288353759765625,9.63234806060791,1.8299671411514282,0.19870708882808685
1790341545266765800,4.304765869140625,9.62849235534668,1.8174864053726196,0.399098664522171
1790341545283214600,4.321214599609375,9.61764907836914,1.8225685358047485,0.5911543965339661
1790341545299663000,4.3376630859375,9.59749984741211,1.8539602756500244,0.7881726622581482
1790341545316141300,4.354141357421875,9.569323539733887,1.9021694660186768,0.9900382161140442
1790341545332591600,4.370591552734375,9.538593292236328,1.9450098276138306,1.184298038482666
1790341545349043700,4.387043701171875,9.510942459106445,1.9676313400268555,1.3567577600479126
1790341545365496600,4.40349658203125,9.485954284667969,1.9758362770080566,1.5110061168670654
1790341545381948700,4.41994873046875,9.465520858764648,1.9748207330703735,1.6353532075881958
1790341545398434300,4.436434326171875,9.45202350616455,1.9612531661987305,1.7271736860275269
1790341545414887000,4.452886962890625,9.449371337890625,1.9320430755615234,1.7739733457565308
1790341545431367200,4.4693671875,9.454795837402344,1.8887439966201782,1.791609764099121
1790341545447820000,4.485820068359375,9.460354804992676,1.8713375329971313,1.7804968357086182
1790341545464302000,4.502302001953125,9.460931777954102,1.9051750898361206,1.7411097288131714
1790341545480756000,4.518755859375,9.455663681030273,1.995949149131775,1.6664365530014038
1790341545497207300,4.535207275390625,9.44887924194336,2.1202685832977295,1.5471025705337524
1790341545513627100,4.551627197265625,9.443548202514648,2.2397122383117676,1.4048025608062744
1790341545530078200,4.568078125,9.438015937805176,2.342257022857666,1.2680963277816772
1790341545546531800,4.58453173828125,9.429948806762695,2.427328109741211,1.1638458967208862
1790341545563013000,4.60101318359375,9.420360565185547,2.4977922439575195,1.0900629758834839
1790341545579462000,4.6174619140625,9.412391662597656,2.5503833293914795,1.0357636213302612
1790341545595944000,4.63394384765625,9.408477783203125,2.5810766220092773,0.9944753646850586
1790341545612394500,4.65039453125,9.405757904052734,2.5989410877227783,0.9734484553337097
1790341545628859000,4.66685888671875,9.402851104736328,2.6077144145965576,0.9780609011650085
1790341545645308400,4.683308349609375,9.402026176452637,2.598604917526245,1.00972318649292
1790341545661758000,4.699758056640625,9.407530784606934,2.561122417449951,1.053283929824829
1790341545678207000,4.71620703125,9.415023803710938,2.476539134979248,1.1808730363845825
1790341545694657300,4.7326572265625,9.379185676574707,2.6008875370025635,1.1986029148101807
1790341545711109400,4.749109375,9.353193283081055,2.6664185523986816,1.2563378810882568
1790341545727561200,4.765561279296875,9.289383888244629,2.8349075317382812,1.3568485975265503
1790341545744012000,4.782011962890625,9.2567138671875,2.944837808609009,1.3459440469741821
1790341545760483800,4.79848388671875,9.232791900634766,3.043444871902466,1.2897181510925293
1790341545776932400,4.814932373046875,9.217755317687988,3.1157424449920654,1.2229163646697998
1790341545793379800,4.8313798828125,9.210573196411133,3.158754587173462,1.1653285026550293
1790341545809852200,4.84785205078125,9.212261199951172,3.172192096710205,1.1143707036972046
1790341545826327800,4.864327880859375,9.226807594299316,3.1467278003692627,1.0651317834854126
1790341545842773200,4.880773193359375,9.252557754516602,3.0940794944763184,0.9935948252677917
1790341545859263200,4.89726318359375,9.286189079284668,3.0185160636901855,0.9086507558822632
1790341545875708700,4.913708740234375,9.312310218811035,2.9433867931365967,0.8875474333763123
1790341545892156400,4.930156494140625,9.330177307128906,2.8742470741271973,0.9256830811500549
1790341545908601000,4.94660107421875,9.344265937805176,2.8092830181121826,0.9813323616981506
1790341545925048000,4.963048095703125,9.35896110534668,2.742514133453369,1.0290021896362305
1790341545941493200,4.9794931640625,9.371826171875,2.684394121170044,1.0645601749420166
1790341545957934600,4.9959345703125,9.383304595947266,2.633894920349121,1.0893075466156006
1790341545974377000,5.012376953125,9.391876220703125,2.591830015182495,1.116011142730713
1790341545990824200,5.02882421875,9.396480560302734,2.5508694648742676,1.1703004837036133
1790341546007269600,5.04526953125,9.407979011535645,2.4942800998687744,1.199532151222229
1790341546023718000,5.0617177734375,9.441909790039062,2.395930767059326,1.131480097770691
1790341546040164000,5.0781640625,9.502619743347168,2.2354207038879395,0.9346164464950562
1790341546056636200,5.09463623046875,9.564188003540039,2.067845106124878,0.6486263275146484
1790341546073012500,5.111012451171875,9.599870681762695,1.9313567876815796,0.5317282676696777
1790341546089329200,5.1273291015625,9.626880645751953,1.7853741645812988,0.5531560778617859
1790341546105775600,5.143775634765625,9.644000053405762,1.6750138998031616,0.5983102917671204
1790341546122223900,5.160223876953125,9.664789199829102,1.562752604484558,0.5657308101654053
1790341546138674000,5.176673828125,9.681846618652344,1.4503551721572876,0.5733283162117004
1790341546155123700,5.193123779296875,9.691248893737793,1.3611682653427124,0.6303229331970215
1790341546171575000,5.209574951171875,9.702019691467285,1.275538682937622,0.6435829401016235
1790341546187995400,5.225995361328125,9.71242904663086,1.197929859161377,0.6356728076934814
1790341546204439800,5.242439697265625,9.721294403076172,1.1248162984848022,0.6337363123893738
1790341546220888000,5.25888818359375,9.730703353881836,1.0530904531478882,0.6122058629989624
1790341546237335000,5.2753349609375,9.740452766418457,0.9857839345932007,0.5676313638687134
1790341546253810000,5.291809814453125,9.748468399047852,0.9304055571556091,0.5216365456581116
1790341546270256400,5.30825634765625,9.75157642364502,0.8983616232872009,0.5196950435638428
1790341546286700500,5.324700439453125,9.752534866333008,0.886909008026123,0.5213873982429504
1790341546303169800,5.341169677734375,9.752442359924316,0.8848764300346375,0.526536226272583
1790341546319613700,5.35761376953125,9.750797271728516,0.8946965932846069,0.5402445197105408
1790341546336084500,5.37408447265625,9.749526023864746,0.9059110283851624,0.5444725155830383
1790341546352581400,5.390581298828125,9.748575210571289,0.9178747534751892,0.5414628982543945
1790341546369028000,5.407028076171875,9.747818946838379,0.9239211678504944,0.5447803139686584
1790341546385473300,5.423473388671875,9.746330261230469,0.9336367845535278,0.5547652244567871
1790341546401967000,5.439967041015625,9.743297576904297,0.9637904167175293,0.556458055973053
1790341546418427400,5.456427490234375,9.736656188964844,1.025573968887329,0.5622316002845764
1790341546434874000,5.4728740234375,9.728423118591309,1.0945264101028442,0.5746171474456787
1790341546451320300,5.4893203125,9.722250938415527,1.1508681774139404,0.5689679384231567
1790341546467809000,5.50580908203125,9.719680786132812,1.183407187461853,0.545656144618988
1790341546484255700,5.522255859375,9.720253944396973,1.1919327974319458,0.5160777568817139
1790341546500626000,5.5386259765625,9.72010612487793,1.2060831785202026,0.4850628972053528
1790341546517072400,5.555072265625,9.719293594360352,1.224553108215332,0.4540770351886749
1790341546533560300,5.571560302734375,9.717697143554688,1.2461799383163452,0.4287004768848419
1790341546550036000,5.588035888671875,9.715025901794434,1.268245816230774,0.424522340297699
1790341546566483700,5.604483642578125,9.710305213928223,1.292252779006958,0.4587385654449463
1790341546582934000,5.62093408203125,9.703763961791992,1.3240721225738525,0.5041675567626953
1790341546599382800,5.6373828125,9.695801734924316,1.375590443611145,0.5191948413848877
1790341546615829200,5.653829345703125,9.686464309692383,1.4425958395004272,0.5115809440612793
1790341546632277000,5.670277099609375,9.67651653289795,1.5134055614471436,0.4949914515018463
1790341546648725000,5.68672509765625,9.667519569396973,1.5783637762069702,0.46714165806770325
1790341546665172000,5.703171875,9.660679817199707,1.6271828413009644,0.44037553668022156
1790341546681615000,5.719614990234375,9.654860496520996,1.666043758392334,0.42230281233787537
1790341546698085000,5.736085205078125,9.651823043823242,1.6898709535598755,0.39626502990722656
1790341546714529000,5.752529052734375,9.65352725982666,1.6873139142990112,0.3643677532672882
1790341546730971000,5.768970947265625,9.658473014831543,1.659325122833252,0.36185044050216675
1790341546747383800,5.7853837890625,9.663970947265625,1.6198480129241943,0.39261502027511597
1790341546763827000,5.801826904296875,9.66955852508545,1.5783007144927979,0.42308881878852844
1790341546780272000,5.818272216796875,9.674250602722168,1.550133466720581,0.41994574666023254
1790341546796777000,5.83477685546875,9.676373481750488,1.543166160583496,0.39601632952690125
1790341546813224000,5.851223876953125,9.675302505493164,1.5579853057861328,0.3627375662326813
1790341546829703200,5.867703125,9.670083045959473,1.5958482027053833,0.33637890219688416
1790341546846152700,5.884152587890625,9.663031578063965,1.6454658508300781,0.2977268099784851
1790341546862532600,5.90053271484375,9.655850410461426,1.6934763193130493,0.2589840590953827
1790341546879010300,5.91701025390625,9.64920425415039,1.733765721321106,0.23935218155384064
1790341546895454000,5.933453857421875,9.641348838806152,1.7789056301116943,0.22422395646572113
1790341546911899000,5.94989892578125,9.631103515625,1.8343106508255005,0.21802644431591034
1790341546928343300,5.96634326171875,9.613290786743164,1.9214293956756592,0.25128161907196045
1790341546944811500,5.9828115234375,9.585856437683105,2.0485966205596924,0.29155054688453674
1790341546961255400,5.99925537109375,9.54819107055664,2.2133638858795166,0.3216267228126526
1790341546977700400,6.015700439453125,9.500208854675293,2.4071288108825684,0.3494943678379059
1790341546994064600,6.032064697265625,9.456172943115234,2.566486358642578,0.40537571907043457
1790341547010505200,6.048505126953125,9.417635917663574,2.69851016998291,0.4433515965938568
1790341547026949400,6.064949462890625,9.388652801513672,2.793203115463257,0.4707571268081665
1790341547043453000,6.081452880859375,9.362848281860352,2.8747658729553223,0.49313709139823914
1790341547059879700,6.097879638671875,9.337931632995605,2.949343204498291,0.5242053270339966
1790341547076359200,6.114359130859375,9.316863059997559,3.0152037143707275,0.5244079232215881
1790341547092806100,6.13080615234375,9.295337677001953,3.082001209259033,0.5180243253707886
1790341547109254000,6.14725390625,9.270929336547852,3.1546764373779297,0.517947793006897
1790341547125735400,6.1637353515625,9.240164756774902,3.2415690422058105,0.5310096740722656
1790341547142181400,6.180181396484375,9.212299346923828,3.3196120262145996,0.5330125689506531
1790341547158630100,6.196630126953125,9.1767578125,3.4195175170898438,0.5142018795013428
1790341547175078000,6.213077880859375,9.155987739562988,3.477423906326294,0.49579307436943054
1790341547191549700,6.2295498046875,9.135774612426758,3.527693033218384,0.5132073163986206
1790341547207959800,6.245959716796875,9.125831604003906,3.5509536266326904,0.5294431447982788
1790341547224438500,6.2624384765625,9.125151634216309,3.551645040512085,0.5364718437194824
1790341547240932400,6.278932373046875,9.129812240600586,3.537511110305786,0.5503973364830017
1790341547257377800,6.295377685546875,9.135472297668457,3.5220139026641846,0.5558329820632935
1790341547273850600,6.3118505859375,9.143132209777832,3.501987934112549,0.5564271211624146
1790341547290326800,6.328326904296875,9.149014472961426,3.487546682357788,0.5504026412963867
1790341547306773800,6.344773681640625,9.154170036315918,3.476053476333618,0.5372236967086792
1790341547323222300,6.36122216796875,9.159183502197266,3.465740203857422,0.5180728435516357
1790341547339669500,6.37766943359375,9.16299057006836,3.4589009284973145,0.4959852397441864
1790341547356117500,6.394117431640625,9.163230895996094,3.4604432582855225,0.4805351495742798
1790341547372564200,6.410564208984375,9.161139488220215,3.466212272644043,0.4788394570350647
1790341547389011700,6.42701171875,9.16049575805664,3.4679901599884033,0.4782868027687073
1790341547405458400,6.44345849609375,9.163997650146484,3.4610238075256348,0.4613710343837738
1790341547421904100,6.459904052734375,9.173205375671387,3.440058946609497,0.4343903660774231
1790341547438348300,6.476348388671875,9.18365478515625,3.415940761566162,0.40277883410453796
1790341547454793200,6.492793212890625,9.190125465393066,3.3999319076538086,0.3904426693916321
1790341547471238400,6.50923828125,9.190756797790527,3.3982865810394287,0.389896422624588
1790341547487714300,6.52571435546875,9.190054893493652,3.401027202606201,0.38247737288475037
1790341547504161800,6.542161865234375,9.189046859741211,3.404107093811035,0.37929436564445496
1790341547520690700,6.558690673828125,9.193634986877441,3.3924944400787354,0.37209567427635193
1790341547537038600,6.57503857421875,9.19719409942627,3.3840231895446777,0.36112287640571594
1790341547553517800,6.591517822265625,9.201141357421875,3.3738527297973633,0.3556725084781647
1790341547569962200,6.607962158203125,9.204278945922852,3.36376690864563,0.36972472071647644
1790341547586407000,6.624406982421875,9.202249526977539,3.3679471015930176,0.38200828433036804
1790341547602848800,6.640848876953125,9.201132774353027,3.371015787124634,0.38182929158210754
1790341547619294500,6.65729443359375,9.2018461227417,3.3680579662323,0.39063745737075806
1790341547635686700,6.673686767578125,9.201504707336426,3.3656747341156006,0.4182356595993042
1790341547652181000,6.690180908203125,9.208006858825684,3.348586320877075,0.41227060556411743
1790341547668630500,6.706630615234375,9.217199325561523,3.3228609561920166,0.4150000214576721
1790341547685102600,6.7231025390625,9.227720260620117,3.2907638549804688,0.4364050626754761
1790341547701544200,6.739544189453125,9.240026473999023,3.256800889968872,0.43074163794517517
1790341547717986000,6.755986083984375,9.25188159942627,3.221839189529419,0.4391162395477295
1790341547734431200,6.77243115234375,9.265020370483398,3.1813480854034424,0.4569630026817322
1790341547750873300,6.788873291015625,9.27777099609375,3.144690990447998,0.45197147130966187
1790341547767319300,6.8053193359375,9.293143272399902,3.0992941856384277,0.449718713760376
1790341547783793700,6.821793701171875,9.307385444641113,3.0564258098602295,0.4485867917537689
1790341547800237600,6.838237548828125,9.320995330810547,3.015713930130005,0.44148924946784973
1790341547816679200,6.85467919921875,9.33841609954834,2.9638891220092773,0.423961341381073
1790341547833121000,6.87112109375,9.3546781539917,2.915315628051758,0.40165406465530396
1790341547849564400,6.887564453125,9.368659019470215,2.8709990978240967,0.39495912194252014
1790341547866009300,6.90400927734375,9.384478569030762,2.817877769470215,0.40188226103782654
1790341547882488300,6.92048828125,9.396857261657715,2.7769320011138916,0.3976113796234131
1790341547898933800,6.936933837890625,9.411879539489746,2.729494094848633,0.36981844902038574
1790341547915373800,6.953373779296875,9.424576759338379,2.688554048538208,0.3455531895160675
1790341547931816400,6.96981640625,9.438034057617188,2.644843339920044,0.31418687105178833
1790341547948256500,6.986256591796875,9.45478343963623,2.5883522033691406,0.27907830476760864
1790341547964695600,7.002695556640625,9.473787307739258,2.5214550495147705,0.2449807971715927
1790341547981162200,7.019162353515625,9.490232467651367,2.4625816345214844,0.20389094948768616
1790341547997604400,7.035604248046875,9.503815650939941,2.411325216293335,0.18269868195056915
1790341548014048500,7.052048583984375,9.513875007629395,2.3722121715545654,0.1708068698644638
1790341548030522000,7.068522216796875,9.528741836547852,2.3108510971069336,0.18283647298812866
1790341548046967000,7.084967041015625,9.537015914916992,2.272679567337036,0.22504743933677673
1790341548062449400,7.100449462890625,9.534148216247559,2.2801966667175293,0.2666698396205902
1790341548078891300,7.116891357421875,9.528974533081055,2.2989485263824463,0.2895798087120056
1790341548095337200,7.133337158203125,9.5246000289917,2.311161994934082,0.3330182135105133
1790341548111784200,7.1497841796875,9.524042129516602,2.302818775177002,0.4000359773635864
1790341548127219200,7.16521923828125,9.530196189880371,2.2680511474609375,0.4491105377674103
1790341548143720200,7.18172021484375,9.539448738098145,2.2260854244232178,0.46244341135025024
1790341548160165400,7.198165283203125,9.551826477050781,2.1644773483276367,0.49803924560546875
1790341548176608500,7.2146083984375,9.560179710388184,2.1241533756256104,0.5111920237541199
1790341548193054200,7.23105419921875,9.574398040771484,2.064758777618408,0.4879232943058014
1790341548209538000,7.2475380859375,9.596972465515137,1.9658918380737305,0.45140498876571655
1790341548226002700,7.264002685546875,9.62440013885498,1.8351590633392334,0.41652196645736694
1790341548242452200,7.2804521484375,9.645000457763672,1.734964370727539,0.3663884103298187
1790341548258901500,7.296901611328125,9.656553268432617,1.6717983484268188,0.35561370849609375
1790341548275379200,7.313379150390625,9.66667366027832,1.6057506799697876,0.3838673532009125
1790341548291827700,7.32982763671875,9.681224822998047,1.5131328105926514,0.39332127571105957
1790341548308277000,7.346277099609375,9.694519996643066,1.4198044538497925,0.41330596804618835
1790341548324723700,7.3627236328125,9.705466270446777,1.346333622932434,0.40211746096611023
1790341548341167400,7.37916748046875,9.716325759887695,1.2627699375152588,0.4108666777610779
1790341548357611000,7.395611083984375,9.728611946105957,1.166000247001648,0.4061318039894104
1790341548374058000,7.41205810546875,9.743658065795898,1.0334068536758423,0.40445148944854736
1790341548390506200,7.42850634765625,9.758116722106934,0.8783932328224182,0.42186033725738525
1790341548406951700,7.44495166015625,9.77077865600586,0.7063798308372498,0.4508972465991974
1790341548423398400,7.4613984375,9.78134822845459,0.546122133731842,0.4442542493343353
1790341548439846700,7.4778466796875,9.787423133850098,0.4369521737098694,0.43104737997055054
1790341548456297500,7.49429736328125,9.789417266845703,0.36866745352745056,0.4492053985595703
1790341548472764700,7.5107646484375,9.79113483428955,0.3197285532951355,0.44925570487976074
1790341548489213700,7.527213623046875,9.790619850158691,0.3034992218017578,0.4711954891681671
1790341548505661700,7.54366162109375,9.788719177246094,0.3247724175453186,0.495877206325531
1790341548522135000,7.560135009765625,9.788113594055176,0.37327173352241516,0.4731642007827759
1790341548538518300,7.576518310546875,9.78835678100586,0.410483181476593,0.435842365026474
1790341548554963700,7.592963623046875,9.787699699401855,0.4454341232776642,0.4158223271369934
1790341548571409000,7.609408935546875,9.78817367553711,0.461430162191391,0.3861668109893799
1790341548587888600,7.625888671875,9.788864135742188,0.4546148180961609,0.3766557574272156
1790341548604348400,7.642348388671875,9.78933048248291,0.43606963753700256,0.386301726102829
1790341548620814000,7.65881396484375,9.789690971374512,0.42723387479782104,0.38705217838287354
1790341548637318000,7.67531787109375,9.78920841217041,0.43219006061553955,0.39369815587997437
1790341548653816300,7.69181640625,9.788472175598145,0.4503282308578491,0.39165812730789185
1790341548670263600,7.708263671875,9.787217140197754,0.4765539765357971,0.3920019268989563
1790341548686711300,7.724711181640625,9.784485816955566,0.5198618769645691,0.40490803122520447
1790341548703159600,7.74115966796875,9.781891822814941,0.5760409235954285,0.3913484811782837
1790341548719635700,7.7576357421875,9.777803421020508,0.6483153104782104,0.3803059756755829
1790341548736082000,7.77408203125,9.772061347961426,0.7301858067512512,0.37951961159706116
1790341548752528400,7.7905283203125,9.765214920043945,0.8218338489532471,0.3681807816028595
1790341548769003000,7.8070029296875,9.758926391601562,0.8986349105834961,0.35525020956993103
1790341548785450800,7.82345068359375,9.752167701721191,0.9705083966255188,0.35173723101615906
1790341548801899300,7.839899169921875,9.746478080749512,1.0238152742385864,0.35824763774871826
1790341548818346000,7.856345947265625,9.740949630737305,1.0699306726455688,0.3735552728176117
1790341548834794000,7.8727939453125,9.735222816467285,1.1229020357131958,0.36729881167411804
1790341548851242500,7.889242431640625,9.728986740112305,1.173035740852356,0.3757621645927429
1790341548867690000,7.90568994140625,9.724252700805664,1.2081691026687622,0.3868314325809479
1790341548884183300,7.922183349609375,9.719358444213867,1.2494468688964844,0.3785962462425232
1790341548900630500,7.938630615234375,9.715411186218262,1.2722253799438477,0.40326303243637085
1790341548917077500,7.955077392578125,9.714089393615723,1.280594825744629,0.4085614085197449
1790341548933524000,7.97152392578125,9.714447975158691,1.2766624689102173,0.4123329222202301
1790341548949971500,7.987971435546875,9.715749740600586,1.262762427330017,0.42429399490356445
1790341548966477000,8.00447705078125,9.719487190246582,1.2352747917175293,0.4195822477340698
1790341548982924300,8.02092431640625,9.722695350646973,1.213623046875,0.4082862138748169
1790341548999371800,8.037371826171874,9.724549293518066,1.1972688436508179,0.41240131855010986
1790341549015879000,8.05387890625,9.726672172546387,1.185004711151123,0.3975010812282562
1790341549032326100,8.070326171875,9.727703094482422,1.1720067262649536,0.41056692600250244
1790341549048801300,8.08680126953125,9.727958679199219,1.1699713468551636,0.4103296995162964
1790341549065150200,8.103150146484374,9.728365898132324,1.167508840560913,0.4076620936393738
1790341549081614300,8.1196142578125,9.727420806884766,1.1711870431900024,0.41952255368232727
1790341549098135300,8.13613525390625,9.728530883789062,1.1610753536224365,0.4218650162220001
1790341549114584600,8.15258447265625,9.72968578338623,1.1551034450531006,0.41149741411209106
1790341549131063600,8.1690634765625,9.730463981628418,1.14496910572052,0.4213031828403473
1790341549147513300,8.185513427734374,9.731316566467285,1.1399128437042236,0.415302038192749
1790341549163979500,8.2019794921875,9.73331356048584,1.1259386539459229,0.4065208435058594
1790341549180453600,8.21845361328125,9.734856605529785,1.112660527229309,0.4061146676540375
1790341549196903000,8.23490283203125,9.73658561706543,1.097761631011963,0.40522024035453796
1790341549213318700,8.251318603515625,9.739121437072754,1.0785038471221924,0.3958981931209564
1790341549229722400,8.267722412109375,9.740047454833984,1.0713497400283813,0.3925212025642395
1790341549246241800,8.28424169921875,9.741227149963379,1.0619103908538818,0.38887467980384827
1790341549262764800,8.300764892578124,9.741944313049316,1.0573859214782715,0.3832067549228668
1790341549279254800,8.3172548828125,9.742276191711426,1.0548725128173828,0.3816876709461212
1790341549295765000,8.333764892578126,9.742690086364746,1.0518919229507446,0.3793450593948364
1790341549312266000,8.350265869140625,9.74283218383789,1.0517526865005493,0.37604668736457825
1790341549328746800,8.366746826171875,9.74278450012207,1.0537923574447632,0.371574729681015
1790341549345241600,8.38324169921875,9.743720054626465,1.0454401969909668,0.3706223964691162
1790341549361708800,8.399708740234376,9.744800567626953,1.0351505279541016,0.3710939884185791
1790341549378205700,8.416205810546876,9.745416641235352,1.0264018774032593,0.3791401982307434
1790341549394706400,8.43270654296875,9.746026039123535,1.0233774185180664,0.37157556414604187
1790341549411230000,8.44922998046875,9.745562553405762,1.027569055557251,0.3721589148044586
1790341549427724800,8.465724853515624,9.745441436767578,1.0243422985076904,0.3840258717536926
1790341549444193000,8.482193115234375,9.745363235473633,1.0267084836959839,0.37965670228004456
1790341549460716000,8.498716064453125,9.744997024536133,1.0306302309036255,0.37845250964164734
1790341549477220600,8.515220703125,9.743444442749023,1.0390901565551758,0.3949376046657562
1790341549493673000,8.5316728515625,9.742281913757324,1.0563377141952515,0.3774772882461548
1790341549510151400,8.5481513671875,9.740193367004395,1.0757721662521362,0.37646499276161194
1790341549526602200,8.564602294921874,9.738450050354004,1.093701720237732,0.36985352635383606
1790341549543051000,8.581051025390625,9.736502647399902,1.1131173372268677,0.36315542459487915
1790341549559443500,8.597443359375,9.73453140258789,1.1319324970245361,0.35778605937957764
1790341549575894300,8.613894287109375,9.733492851257324,1.1418371200561523,0.35456013679504395
1790341549592346000,8.63034619140625,9.733081817626953,1.143864631652832,0.35927361249923706
1790341549608793900,8.6467939453125,9.735353469848633,1.1264665126800537,0.352621465921402
1790341549625242400,8.663242431640626,9.738136291503906,1.1022906303405762,0.35221347212791443
1790341549641619000,8.679618896484374,9.740668296813965,1.0779285430908203,0.35755735635757446
1790341549658067500,8.6960673828125,9.743879318237305,1.04554283618927,0.3661164939403534
1790341549674515500,8.712515380859376,9.74743366241455,1.0117164850234985,0.3665580451488495
1790341549690962400,8.72896240234375,9.750260353088379,0.9826064705848694,0.37051987648010254
1790341549707440400,8.7454404296875,9.752581596374512,0.9583290815353394,0.37301576137542725
1790341549723889200,8.76188916015625,9.754056930541992,0.942347526550293,0.37514230608940125
1790341549740408300,8.778408203125,9.755581855773926,0.9288808703422546,0.3690296709537506
1790341549756930600,8.7949306640625,9.757418632507324,0.9117336273193359,0.36321261525154114
1790341549773424400,8.81142431640625,9.757536888122559,0.9095596671104431,0.36546799540519714
1790341549789885700,8.8278857421875,9.757983207702637,0.9122050404548645,0.34646958112716675
1790341549806334700,8.844334716796874,9.756216049194336,0.9274502396583557,0.3556285798549652
1790341549822783000,8.860782958984375,9.753533363342285,0.9529602527618408,0.36172837018966675
1790341549839228000,8.877227783203125,9.750236511230469,0.9858545064926147,0.3624553680419922
1790341549855671300,8.89367138671875,9.748266220092773,1.0044022798538208,0.36450961232185364
1790341549872116200,8.9101162109375,9.748479843139648,1.0036041736602783,0.3609931170940399
1790341549888563200,8.926563232421875,9.75000286102295,0.9917148947715759,0.35261020064353943
1790341549905117000,8.943116943359374,9.752068519592285,0.9737012386322021,0.3456297218799591
1790341549921607000,8.95960693359375,9.753386497497559,0.9597218036651611,0.3475380837917328
1790341549938074000,8.97607421875,9.753433227539062,0.9612480401992798,0.3419504165649414
1790341549954551600,8.992551513671875,9.752612113952637,0.9709498882293701,0.33792898058891296
1790341549971000300,9.009000244140625,9.75113582611084,0.9872248768806458,0.3333691358566284
1790341549987447600,9.025447509765625,9.751099586486816,0.9921361804008484,0.31956249475479126
1790341550003955500,9.04195556640625,9.751815795898438,0.9836897253990173,0.3237616717815399
1790341550020446500,9.058446533203124,9.753134727478027,0.9731455445289612,0.3158005177974701
1790341550036951300,9.074951416015624,9.755233764648438,0.9547892212867737,0.30688396096229553
1790341550053382400,9.09138232421875,9.75710391998291,0.9346408843994141,0.3094284236431122
1790341550069900000,9.107900146484376,9.759112358093262,0.9155610799789429,0.3030771017074585
1790341550086364200,9.1243642578125,9.762290000915527,0.8834405541419983,0.2960105240345001
1790341550102837000,9.1408369140625,9.765668869018555,0.8445909023284912,0.2979266941547394
1790341550119289900,9.157289794921875,9.768683433532715,0.8135265707969666,0.2852895259857178
1790341550135737600,9.173737548828125,9.770550727844238,0.7927316427230835,0.2798387408256531
1790341550152226800,9.190226806640625,9.771807670593262,0.7749797105789185,0.28560078144073486
1790341550168701000,9.206700927734374,9.772660255432129,0.7675321102142334,0.27639347314834595
1790341550185209000,9.223208984375,9.773192405700684,0.7597213983535767,0.2791253924369812
1790341550201747000,9.239746826171874,9.772561073303223,0.7696016430854797,0.27415087819099426
1790341550218199300,9.25619921875,9.772826194763184,0.7704542875289917,0.26201334595680237
1790341550234562600,9.2725625,9.772839546203613,0.7696201205253601,0.26399123668670654
1790341550251086300,9.28908642578125,9.773479461669922,0.7636793255805969,0.25744903087615967
1790341550267579400,9.305579345703125,9.774468421936035,0.7517409920692444,0.25501617789268494
1790341550284086500,9.32208642578125,9.775575637817383,0.7378140687942505,0.2532872259616852
1790341550300568600,9.338568603515625,9.776886940002441,0.7186238169670105,0.2577834129333496
1790341550317018400,9.355018310546875,9.778555870056152,0.6920338273048401,0.2670714557170868
1790341550333497600,9.37149755859375,9.780407905578613,0.6660240292549133,0.2653661370277405
1790341550349948000,9.387947998046876,9.781519889831543,0.6425790786743164,0.2816898822784424
1790341550366415400,9.404415283203125,9.782716751098633,0.6215095520019531,0.2873639464378357
1790341550382861600,9.420861572265625,9.783560752868652,0.6099064946174622,0.2834572494029999
1790341550399328800,9.437328857421875,9.784038543701172,0.5987195372581482,0.2907204329967499
1790341550415801300,9.45380126953125,9.78430461883545,0.5926961898803711,0.2940838932991028
1790341550432252200,9.470252197265625,9.784714698791504,0.5947060585021973,0.27580511569976807
1790341550448776000,9.48677587890625,9.784368515014648,0.5978729724884033,0.28116729855537415
1790341550465222400,9.503222412109375,9.78456974029541,0.5989536046981812,0.27171266078948975
1790341550481739000,9.519739013671876,9.785196304321289,0.5935618877410889,0.26077568531036377
1790341550498262300,9.53626220703125,9.785517692565918,0.5859194993972778,0.2659640908241272
1790341550514725000,9.55272509765625,9.787009239196777,0.5643857717514038,0.25750041007995605
1790341550531169500,9.56916943359375,9.788334846496582,0.5394089818000793,0.26063525676727295
1790341550547611100,9.585611083984375,9.790034294128418,0.5065125823020935,0.26280099153518677
1790341550564093700,9.60209375,9.791696548461914,0.47665101289749146,0.2566390633583069
1790341550580541000,9.618541015625,9.79277515411377,0.4478163421154022,0.2672223746776581
1790341550596920000,9.634920166015625,9.79358196258545,0.429544061422348,0.2676506042480469
1790341550613423400,9.65142333984375,9.79362678527832,0.4262990653514862,0.2711586356163025
1790341550629870300,9.667870361328125,9.792863845825195,0.43881702423095703,0.2786507308483124
1790341550646315300,9.684315185546875,9.79186725616455,0.4582206606864929,0.2824227213859558
1790341550662760400,9.700760498046876,9.790677070617676,0.4798359274864197,0.2877040207386017
1790341550679205600,9.71720556640625,9.789226531982422,0.5073744058609009,0.28984540700912476
1790341550695682600,9.7336826171875,9.788036346435547,0.5323996543884277,0.2851044833660126
1790341550712128500,9.75012841796875,9.78708553314209,0.5490643382072449,0.28614363074302673
1790341550728575700,9.76657568359375,9.786187171936035,0.5613866448402405,0.29285791516304016
1790341550745084400,9.78308447265625,9.786249160766602,0.5612896680831909,0.2909768521785736
1790341550761576000,9.799575927734375,9.786431312561035,0.5529335141181946,0.3007073700428009
1790341550778085400,9.81608544921875,9.786861419677734,0.5446309447288513,0.3018489480018616
1790341550794533600,9.83253369140625,9.787640571594238,0.5317778587341309,0.2994947135448456
1790341550810980600,9.848980712890626,9.788222312927246,0.5159467458724976,0.3080434203147888
1790341550827430700,9.8654306640625,9.789008140563965,0.5028653144836426,0.3047012686729431
1790341550843904000,9.881904052734376,9.789003372192383,0.503973662853241,0.3030092120170593
1790341550860405800,9.89840576171875,9.788673400878906,0.5118449926376343,0.30048149824142456
1790341550876900600,9.914900634765624,9.788146018981934,0.5217762589454651,0.3005453050136566
1790341550893393200,9.93139306640625,9.787710189819336,0.53206866979599,0.29666805267333984
1790341550909858300,9.9478583984375,9.78714370727539,0.5384830832481384,0.3037108778953552
1790341550926389200,9.96438916015625,9.78713321685791,0.5354678630828857,0.30932125449180603
1790341550942927000,9.980927001953125,9.787453651428223,0.5271962881088257,0.3133805990219116
1790341550959377700,9.997377685546875,9.78792953491211,0.5086318850517273,0.3288228213787079
1790341550975828700,10.013828857421874,9.789140701293945,0.48006415367126465,0.33562973141670227
1790341550992308200,10.03030810546875,9.789972305297852,0.46376553177833557,0.33428552746772766
1790341551008759000,10.046759033203125,9.789656639099121,0.4557175934314728,0.3540160059928894
1790341551025209600,10.063209716796875,9.789650917053223,0.4524797201156616,0.3583063781261444
1790341551041659000,10.079658935546876,9.78923225402832,0.4523877203464508,0.3697006106376648
1790341551057967600,10.095967529296875,9.788229942321777,0.4669572412967682,0.377996563911438
1790341551074348000,10.11234814453125,9.787693977355957,0.48332640528678894,0.3712693750858307
1790341551090759400,10.128759521484374,9.786645889282227,0.49515989422798157,0.3831171691417694
1790341551107206400,10.145206298828125,9.786076545715332,0.5084642171859741,0.3802073895931244
1790341551123653400,10.1616533203125,9.785849571228027,0.5172823071479797,0.37410321831703186
1790341551140102700,10.1781025390625,9.78593635559082,0.5112292766571045,0.3800945580005646
1790341551156551400,10.194551513671875,9.787155151367188,0.49483007192611694,0.37029966711997986
1790341551172995800,10.210995849609375,9.788657188415527,0.4702394902706146,0.36256709694862366
1790341551189473500,10.2274736328125,9.790290832519531,0.4336621165275574,0.3640618324279785
1790341551205922800,10.2439228515625,9.791719436645508,0.3961070477962494,0.3683943450450897
1790341551222372000,10.2603720703125,9.792720794677734,0.37464842200279236,0.36421048641204834
1790341551238849300,10.276849365234375,9.793092727661133,0.36844363808631897,0.3605145812034607
1790341551255298000,10.293298095703125,9.792776107788086,0.3740338087081909,0.36335617303848267
1790341551271747300,10.309747314453125,9.792328834533691,0.3938387334346771,0.3543701171875
1790341551288194800,10.32619482421875,9.791561126708984,0.412137508392334,0.35478585958480835
1790341551304656100,10.34265625,9.791069030761719,0.4268963038921356,0.35089361667633057
1790341551321105700,10.359105712890624,9.790816307067871,0.442691445350647,0.3381419777870178
1790341551337553700,10.3755537109375,9.790141105651855,0.46216437220573425,0.3315369486808777
1790341551354010000,10.392010009765626,9.790151596069336,0.4645327925682068,0.3279043734073639
1790341551370507500,10.408507568359376,9.790472030639648,0.46005696058273315,0.3246503174304962
1790341551387026700,10.425026611328125,9.790804862976074,0.4550006091594696,0.32171377539634705
1790341551403482600,10.441482666015625,9.79150676727295,0.4358363449573517,0.3268440067768097
1790341551419928300,10.45792822265625,9.792478561401367,0.4098924994468689,0.3312675654888153
1790341551436409300,10.474409423828124,9.793355941772461,0.3823520243167877,0.3381829559803009
1790341551452860000,10.49085986328125,9.793962478637695,0.36329030990600586,0.3416193723678589
1790341551469310200,10.507310302734375,9.794408798217773,0.3501442074775696,0.34253257513046265
1790341551485787400,10.523787353515624,9.794215202331543,0.347502201795578,0.3506667912006378
1790341551502279200,10.540279052734375,9.794266700744629,0.3491702973842621,0.3475707769393921
1790341551518738700,10.55673876953125,9.793622016906738,0.36442264914512634,0.3500638008117676
1790341551535218000,10.573218017578125,9.792764663696289,0.3853974938392639,0.35159632563591003
1790341551551667500,10.58966748046875,9.791924476623535,0.4141002893447876,0.34223446249961853
1790341551568184300,10.606184326171874,9.790316581726074,0.4470384418964386,0.34675949811935425
1790341551584632600,10.622632568359375,9.789052963256836,0.47264090180397034,0.3484857380390167
1790341551600092700,10.6380927734375,9.788016319274902,0.497907429933548,0.34236058592796326
1790341551616539000,10.654538818359375,9.787263870239258,0.5175507664680481,0.3346693515777588
1790341551633017000,10.67101708984375,9.78653335571289,0.5238499045372009,0.3460284471511841
1790341551649505500,10.687505615234375,9.78724479675293,0.5154746174812317,0.3384115695953369
1790341551665949000,10.703948974609375,9.788077354431152,0.49703043699264526,0.34190109372138977
1790341551682362000,10.720362060546876,9.789376258850098,0.4688345789909363,0.34452691674232483
1790341551698808600,10.73680859375,9.790379524230957,0.44911664724349976,0.34225741028785706
1790341551715330600,10.75333056640625,9.790851593017578,0.4450295567512512,0.33401235938072205
1790341551731821600,10.769821533203125,9.7901029586792,0.4439815580844879,0.35658249258995056
1790341551748274700,10.786274658203125,9.790061950683594,0.4541928172111511,0.34464579820632935
1790341551764723700,10.8027236328125,9.788724899291992,0.47745373845100403,0.351135790348053
1790341551781168600,10.819168701171876,9.787817001342773,0.4945044219493866,0.35281091928482056
1790341551797654300,10.835654296875,9.787796020507812,0.5040161609649658,0.3396865427494049
1790341551814113500,10.852113525390624,9.787542343139648,0.5051838159561157,0.34523677825927734
1790341551830587100,10.868587158203125,9.78752326965332,0.50533527135849,0.3455735146999359
1790341551847060500,10.885060546875,9.787555694580078,0.5119508504867554,0.33472371101379395
1790341551863552800,10.901552734375,9.78756046295166,0.5052295327186584,0.34464946389198303
1790341551879998200,10.917998291015625,9.788107872009277,0.49226418137550354,0.3478570282459259
1790341551896479200,10.934479248046875,9.788646697998047,0.48166605830192566,0.34753939509391785
1790341551912926000,10.950926025390626,9.788883209228516,0.4698541462421417,0.35691699385643005
1790341551929433600,10.96743359375,9.789437294006348,0.4540233612060547,0.36215823888778687
1790341551945916400,10.98391650390625,9.790345191955566,0.43434083461761475,0.3617536723613739
1790341551962365700,11.00036572265625,9.790878295898438,0.4161378741264343,0.36866191029548645
1790341551978870500,11.01687060546875,9.79134750366211,0.40913715958595276,0.3640039265155792
1790341551995342600,11.033342529296876,9.790842056274414,0.42249444127082825,0.3623681664466858
1790341552011818000,11.04981787109375,9.790451049804688,0.439003586769104,0.3531684875488281
1790341552028269300,11.066269287109375,9.789252281188965,0.4638747572898865,0.3546111285686493
1790341552044721700,11.0827216796875,9.788335800170898,0.49019336700439453,0.3443608582019806
1790341552061130200,11.099130126953124,9.787064552307129,0.5194911360740662,0.337468683719635
1790341552077604400,11.115604248046875,9.786468505859375,0.5243739485740662,0.3470640182495117
1790341552094076000,11.132075927734375,9.787796020507812,0.5127980709075928,0.32628604769706726
1790341552110524000,11.14852392578125,9.788923263549805,0.48217877745628357,0.3389303386211395
1790341552126968300,11.16496826171875,9.790678977966309,0.45113763213157654,0.33085769414901733
1790341552143414500,11.18141455078125,9.792027473449707,0.41983112692832947,0.3321705758571625
1790341552159861000,11.197861083984375,9.793127059936523,0.3904932141304016,0.33550211787223816
1790341552176337700,11.214337646484376,9.793570518493652,0.3778470456600189,0.3370141088962555
1790341552192801000,11.230801025390624,9.793981552124023,0.3753088116645813,0.3277982473373413
1790341552209247200,11.247247314453125,9.793253898620605,0.3925655782222748,0.3293357789516449
1790341552225723100,11.26372314453125,9.792573928833008,0.413165807723999,0.3243197798728943
1790341552242172700,11.280172607421875,9.791891098022461,0.4327196478843689,0.3193759024143219
1790341552258622200,11.296622314453124,9.790735244750977,0.4491937458515167,0.33182409405708313
1790341552274908700,11.31290869140625,9.7904634475708,0.4651297330856323,0.3176116943359375
1790341552291358200,11.329358154296875,9.789743423461914,0.476251482963562,0.3232629597187042
1790341552307805000,11.345804931640625,9.789592742919922,0.47814834117889404,0.3250189423561096
1790341552324298500,11.362298583984375,9.789651870727539,0.4835401773452759,0.3151187598705292
1790341552340758300,11.37875830078125,9.789262771606445,0.4879990220069885,0.32028380036354065
1790341552357255400,11.39525537109375,9.789496421813965,0.4835773706436157,0.31983399391174316
1790341552373744000,11.411744140625,9.789896011352539,0.47880029678344727,0.3147612512111664
1790341552390237200,11.4282373046875,9.790492057800293,0.4724642038345337,0.30566835403442383
1790341552406731800,11.444731689453125,9.790717124938965,0.46840113401412964,0.3047126531600952
1790341552423257600,11.461257568359375,9.79151439666748,0.4574119746685028,0.2956567406654358
1790341552439724500,11.477724609375,9.791553497314453,0.4681737720966339,0.2769073247909546
1790341552456202500,11.494202392578124,9.79135799407959,0.4711516201496124,0.27877479791641235
1790341552472692000,11.51069189453125,9.791374206542969,0.4783397614955902,0.26564809679985046
1790341552489144300,11.527144287109374,9.79061222076416,0.4963105022907257,0.2607237696647644
1790341552505621800,11.543621826171876,9.789898872375488,0.5124697089195251,0.25621354579925537
1790341552522068200,11.560068115234374,9.790175437927246,0.5167795419692993,0.23620018362998962
1790341552538516200,11.57651611328125,9.790203094482422,0.5212020874023438,0.22504736483097076
1790341552554991400,11.592991455078124,9.790299415588379,0.5211221575737,0.22104626893997192
1790341552571377000,11.609376953125,9.791165351867676,0.5092926025390625,0.20997367799282074
1790341552587849700,11.625849609375,9.791996002197266,0.4913615882396698,0.21394780278205872
1790341552604264200,11.64226416015625,9.792951583862305,0.4737737774848938,0.20983834564685822
1790341552620692200,11.658692138671874,9.793839454650879,0.45475733280181885,0.2104324847459793
1790341552637165600,11.67516552734375,9.795104026794434,0.42386895418167114,0.21599985659122467
1790341552653612500,11.691612548828125,9.796207427978516,0.3980358839035034,0.2150992602109909
1790341552670032600,11.70803271484375,9.796541213989258,0.3863894045352936,0.22107264399528503
1790341552686530800,11.72453076171875,9.796598434448242,0.3798288404941559,0.2297414392232895
1790341552703050500,11.741050537109375,9.796480178833008,0.3840303122997284,0.22780342400074005
1790341552719572000,11.757572021484375,9.795948028564453,0.3996054232120514,0.22385716438293457
1790341552736021200,11.774021240234376,9.795112609863281,0.42113757133483887,0.22090721130371094
1790341552752499500,11.79049951171875,9.794855117797852,0.4302690625190735,0.2146477997303009
1790341552768948200,11.8069482421875,9.79471206665039,0.4248810410499573,0.2312786877155304
1790341552785395500,11.8233955078125,9.796011924743652,0.399913489818573,0.22045181691646576
1790341552801870300,11.839870361328124,9.79615306854248,0.3948807120323181,0.22328345477581024
1790341552818317300,11.8563173828125,9.79687786102295,0.3741346001625061,0.22713997960090637
1790341552834793700,11.872793701171876,9.79787826538086,0.36289530992507935,0.20069675147533417
1790341552851263000,11.889262939453126,9.798203468322754,0.35962051153182983,0.1904492974281311
1790341552867746300,11.905746337890625,9.798774719238281,0.35301369428634644,0.17257024347782135
1790341552884206300,11.922206298828126,9.798806190490723,0.3559759855270386,0.1644846498966217
1790341552900650000,11.93864990234375,9.798562049865723,0.366984099149704,0.1545894593000412
1790341552917143800,11.955143798828125,9.79970932006836,0.3365260660648346,0.15113715827465057
1790341552933590500,11.971590576171875,9.80029010772705,0.306469589471817,0.17540177702903748
1790341552949979600,11.987979736328125,9.800797462463379,0.3011861741542816,0.15505465865135193
1790341552966482400,12.004482421875,9.801036834716797,0.286363422870636,0.16753742098808289
1790341552982928100,12.02092822265625,9.800926208496094,0.28199508786201477,0.18082013726234436
1790341552999388000,12.037387939453126,9.800719261169434,0.29366716742515564,0.17334583401679993
1790341553015836700,12.053836669921875,9.800126075744629,0.3118036389350891,0.17516402900218964
1790341553032287700,12.070287841796874,9.799787521362305,0.34024113416671753,0.1370607167482376
1790341553048788000,12.0867880859375,9.797403335571289,0.40174248814582825,0.14097681641578674
1790341553065237200,12.1032373046875,9.797006607055664,0.42155200242996216,0.10650856047868729
1790341553081688000,12.11968798828125,9.797391891479492,0.4136190116405487,0.10202597826719284
1790341553098139100,12.13613916015625,9.798745155334473,0.3737550675868988,0.12363932281732559
1790341553114558000,12.152557861328125,9.800667762756348,0.32041090726852417,0.12100762128829956
1790341553130995500,12.168995361328125,9.801763534545898,0.28046196699142456,0.13098275661468506
1790341553147383000,12.185383056640624,9.802460670471191,0.24721266329288483,0.14502942562103271
1790341553163849700,12.201849609375,9.802906036376953,0.21611319482326508,0.16346517205238342
1790341553180299300,12.21829931640625,9.803677558898926,0.19059821963310242,0.14822374284267426
1790341553196750000,12.23475,9.804052352905273,0.16142284870147705,0.1577533334493637
1790341553213232400,12.251232421875,9.805193901062012,0.06853511184453964,0.15448123216629028
1790341553229684000,12.26768408203125,9.80519962310791,0.011317339725792408,0.16831651329994202
1790341553246131500,12.28413134765625,9.805158615112305,-0.033805541694164276,0.16766886413097382
1790341553262583000,12.3005830078125,9.80509090423584,-0.0849359855055809,0.15289852023124695
1790341553278984200,12.316984130859375,9.803983688354492,-0.10633620619773865,0.20243410766124725
1790341553295432000,12.333431884765625,9.80492115020752,-0.11178868263959885,0.14633361995220184
1790341553311878000,12.3498779296875,9.804411888122559,-0.1305517554283142,0.16390016674995422
1790341553328322600,12.366322509765626,9.80405330657959,-0.12605278193950653,0.18718993663787842
1790341553344766700,12.3827666015625,9.80582332611084,-0.017038192600011826,0.12616221606731415
1790341553361215200,12.39921533203125,9.806102752685547,0.06485792994499207,0.08081410080194473
1790341553377664000,12.4156640625,9.80543041229248,0.1064358651638031,0.11221993714570999
1790341553394111200,12.432111328125,9.805669784545898,0.12089630216360092,0.06785957515239716
1790341553410571300,12.4485712890625,9.805747985839844,0.10341854393482208,0.08360620588064194
1790341553427015400,12.465015380859375,9.806233406066895,0.05368185043334961,0.07272571325302124
1790341553443459800,12.4814599609375,9.806483268737793,-0.012288691475987434,0.0558173842728138
1790341553459935700,12.497935791015625,9.80600357055664,-0.08416748046875,0.07477591931819916
1790341553476383200,12.51438330078125,9.805676460266113,-0.12329462170600891,0.06243269145488739
1790341553492830000,12.530829833984376,9.805736541748047,-0.11573933809995651,0.06720727682113647
1790341553509277000,12.54727685546875,9.806172370910645,-0.07110896706581116,0.06577950716018677
1790341553525721900,12.563721923828124,9.806466102600098,0.016628775745630264,0.05773439258337021
1790341553542164500,12.58016455078125,9.80601978302002,0.097264863550663,0.05381903797388077
1790341553558607000,12.596607177734375,9.805089950561523,0.16171224415302277,0.06665641814470291
1790341553575010600,12.613010498046876,9.804437637329102,0.198957622051239,0.061711572110652924
1790341553591454000,12.629453857421876,9.80440902709961,0.2034749984741211,0.05040811374783516
1790341553607902200,12.645902099609375,9.804638862609863,0.19292183220386505,0.04720495268702507
1790341553624361200,12.662361328125,9.804800987243652,0.18572688102722168,0.0421958863735199
1790341553640810000,12.67881005859375,9.804600715637207,0.19785167276859283,0.032415829598903656
1790341553657287000,12.695286865234374,9.803751945495605,0.23722465336322784,0.023887883871793747
1790341553673732400,12.711732421875,9.802037239074707,0.2996964454650879,0.025062181055545807
1790341553690175000,12.728175048828126,9.79955768585205,0.3728261888027191,0.00783642940223217
1790341553706650400,12.744650390625,9.796789169311523,0.4396587312221527,0.0033389534801244736
1790341553723097900,12.761097900390626,9.794434547424316,0.48930904269218445,-0.0034010771196335554
1790341553739545600,12.777545654296874,9.792428970336914,0.5274633765220642,-0.022408377379179
1790341553755993900,12.793993896484375,9.791924476623535,0.535744309425354,-0.03966474160552025
1790341553772441300,12.81044140625,9.792848587036133,0.5185434222221375,-0.04004298150539398
1790341553788891100,12.82689111328125,9.794442176818848,0.4870990514755249,-0.04500751942396164
1790341553805336800,12.8433369140625,9.7962646484375,0.44954144954681396,-0.038729872554540634
1790341553821784000,12.8597841796875,9.798118591308594,0.408368319272995,-0.021944038569927216
1790341553838231000,12.87623095703125,9.799793243408203,0.36648446321487427,-0.011084489524364471
1790341553854680800,12.892680908203126,9.801056861877441,0.33116039633750916,-0.0007039926713332534
1790341553871127000,12.909126953125,9.80179500579834,0.30828577280044556,0.012568033300340176
1790341553887573500,12.925573486328124,9.80190372467041,0.30454009771347046,0.01803852804005146
1790341553904052500,12.942052490234374,9.802360534667969,0.28800448775291443,0.0342804379761219
1790341553920498200,12.958498291015625,9.802458763122559,0.2832867205142975,0.04405956342816353
1790341553936944000,12.974944091796875,9.802106857299805,0.2922961413860321,0.060453008860349655
1790341553953352400,12.9913525390625,9.801729202270508,0.30211400985717773,0.07230490446090698
1790341553969800700,13.00780078125,9.80152416229248,0.30936866998672485,0.06933995336294174
1790341553986250800,13.024250732421875,9.801164627075195,0.31855443120002747,0.07796445488929749
1790341554002698800,13.04069873046875,9.800960540771484,0.3226335942745209,0.08637434244155884
1790341554019146000,13.05714599609375,9.801180839538574,0.3190421462059021,0.07385355979204178
1790341554035592200,13.07359228515625,9.801534652709961,0.30633071064949036,0.08036763966083527
1790341554052039200,13.0900390625,9.802706718444824,0.26669809222221375,0.07875965535640717
1790341554068419300,13.10641943359375,9.804023742675781,0.2157796174287796,0.07037407904863358
1790341554084832500,13.12283251953125,9.804980278015137,0.15896259248256683,0.08653289824724197
1790341554101247500,13.13924755859375,9.805636405944824,0.10007043927907944,0.09935556352138519
1790341554117693700,13.155693603515624,9.8058443069458,0.060240693390369415,0.11033999919891357
1790341554134141700,13.1721416015625,9.805877685546875,0.027497662231326103,0.1199565976858139
1790341554150611000,13.18861083984375,9.805729866027832,-0.007371610961854458,0.1341189444065094
1790341554167057400,13.205057373046875,9.805657386779785,-0.03356285020709038,0.1354387104511261
1790341554183509800,13.221509765625,9.805411338806152,-0.05063951015472412,0.14739908277988434
1790341554200022300,13.238022216796875,9.805404663085938,-0.05892007797956467,0.14473606646060944
1790341554216490500,13.254490478515624,9.805460929870605,-0.05207284539937973,0.1435704082250595
1790341554232937700,13.270937744140625,9.805662155151367,-0.034342553466558456,0.13491007685661316
1790341554249383000,13.2873828125,9.805842399597168,-0.015957064926624298,0.12482505291700363
1790341554265830400,13.303830322265625,9.805922508239746,-0.005728794261813164,0.119316965341568
1790341554282261200,13.32026123046875,9.805929183959961,-0.0007213776698336005,0.11892741173505783
1790341554298658600,13.336658447265625,9.805856704711914,0.013091787695884705,0.12402565777301788
1790341554315104800,13.353104736328126,9.805826187133789,0.025524642318487167,0.12456738203763962
1790341554331548200,13.369548095703125,9.805644035339355,0.03947104513645172,0.1347772777080536
1790341554348051000,13.386051025390625,9.805540084838867,0.046129874885082245,0.14014628529548645
1790341554364505300,13.40250537109375,9.80540943145752,0.07997719198465347,0.13391466438770294
1790341554380966400,13.41896630859375,9.805109977722168,0.11537709832191467,0.13000132143497467
1790341554397436200,13.435436279296875,9.804849624633789,0.13545919954776764,0.13024833798408508
1790341554413875500,13.45187548828125,9.804549217224121,0.1535263955593109,0.13280151784420013
1790341554430320000,13.468320068359375,9.804224014282227,0.174088254570961,0.1313873529434204
1790341554446790700,13.484790771484375,9.80404281616211,0.18925650417804718,0.12370297312736511
1790341554463230500,13.50123046875,9.804107666015625,0.1909761130809784,0.11576414853334427
1790341554479671300,13.51767138671875,9.80435848236084,0.18398064374923706,0.10532227903604507
1790341554496111400,13.534111328125,9.804718971252441,0.17011624574661255,0.094480000436306
1790341554512555300,13.55055517578125,9.805037498474121,0.15913546085357666,0.07938620448112488
1790341554529002500,13.56700244140625,9.805570602416992,0.13470077514648438,0.055040471255779266
1790341554545447700,13.58344775390625,9.806100845336914,0.09233497083187103,0.04742785915732384
1790341554561894700,13.599894775390625,9.806062698364258,0.07270370423793793,0.07892946153879166
1790341554578344000,13.616343994140625,9.80577278137207,0.07254991680383682,0.10932333022356033
1790341554594790400,13.632790283203125,9.805492401123047,0.07643281668424606,0.1298017054796219
1790341554611238700,13.64923876953125,9.805219650268555,0.07776705920696259,0.14838899672031403
1790341554627665400,13.66566552734375,9.805002212524414,0.07154963165521622,0.16495296359062195
1790341554644134700,13.682134765625,9.804774284362793,0.07557207345962524,0.17631658911705017
1790341554660578600,13.69857861328125,9.804628372192383,0.08647201210260391,0.17935623228549957
1790341554677020400,13.7150205078125,9.804204940795898,0.09943221509456635,0.19509071111679077
1790341554693493200,13.7314931640625,9.803520202636719,0.10134170204401016,0.22606763243675232
1790341554709954600,13.74795458984375,9.80294418334961,0.10216044634580612,0.24945694208145142
1790341554726437000,13.76443701171875,9.802008628845215,0.10883991420269012,0.28135648369789124
1790341554742886700,13.78088671875,9.801080703735352,0.11749716103076935,0.3088654577732086
1790341554759333600,13.797333740234375,9.799818992614746,0.11228004097938538,0.34832629561424255
1790341554775811800,13.813811767578125,9.798407554626465,0.11086957156658173,0.38641679286956787
1790341554792264700,13.8302646484375,9.797690391540527,0.11556458473205566,0.40286359190940857
1790341554808745200,13.8467451171875,9.797172546386719,0.1379450559616089,0.40836822986602783
1790341554825193200,13.863193115234376,9.79682445526123,0.17055198550224304,0.40438908338546753
1790341554841667600,13.87966748046875,9.796677589416504,0.21721112728118896,0.38512298464775085
1790341554858119400,13.896119384765624,9.796029090881348,0.28210878372192383,0.3586176335811615
1790341554874567000,13.91256689453125,9.793339729309082,0.36884647607803345,0.35332491993904114
1790341554891036700,13.92903662109375,9.78980827331543,0.466848224401474,0.33480149507522583
1790341554907484400,13.945484375,9.786656379699707,0.5550196766853333,0.289286732673645
1790341554923933000,13.961932861328124,9.782880783081055,0.6174863576889038,0.2904137670993805
1790341554940435700,13.978435791015626,9.781872749328613,0.6178462505340576,0.3219149112701416
1790341554956878000,13.994878173828125,9.784540176391602,0.5728759765625,0.323972225189209
1790341554973268700,14.011268798828125,9.787936210632324,0.512636661529541,0.32232028245925903
1790341554989714700,14.027714599609375,9.789612770080566,0.472314715385437,0.3328397870063782
1790341555006165000,14.0441650390625,9.79123306274414,0.44605281949043274,0.32121461629867554
1790341555022673000,14.0606728515625,9.791037559509277,0.4497024416923523,0.3220938444137573
1790341555039163100,14.0771630859375,9.790616989135742,0.46109551191329956,0.3187428116798401
1790341555055590000,14.09358984375,9.789830207824707,0.47287970781326294,0.32556986808776855
1790341555072057600,14.1100576171875,9.790692329406738,0.46246692538261414,0.31439051032066345
1790341555088534500,14.126534423828126,9.791618347167969,0.4403088688850403,0.31739550828933716
1790341555104980500,14.14298046875,9.792306900024414,0.41137322783470154,0.3344874978065491
1790341555121429800,14.1594296875,9.793496131896973,0.4018274247646332,0.3104034960269928
1790341555137941200,14.175941162109375,9.792342185974121,0.4191302955150604,0.32365041971206665
1790341555154385700,14.1923857421875,9.790446281433105,0.45720940828323364,0.3293844163417816
1790341555170832400,14.208832275390625,9.787195205688477,0.5250943303108215,0.3247763216495514
1790341555187308300,14.225308349609374,9.78139591217041,0.6106003522872925,0.3490813076496124
1790341555203754000,14.24175390625,9.774975776672363,0.7102925777435303,0.3401593267917633
1790341555220198700,14.25819873046875,9.766648292541504,0.8111068606376648,0.3536677956581116
1790341555236641800,14.274641845703124,9.756443977355957,0.9154812693595886,0.3795671761035919
1790341555253090800,14.2910908203125,9.747617721557617,1.0107316970825195,0.36435025930404663
1790341555269539000,14.3075390625,9.738173484802246,1.091659665107727,0.3829334080219269
1790341555285993000,14.323992919921874,9.730264663696289,1.1562457084655762,0.39425042271614075
1790341555302383600,14.340383544921876,9.72480583190918,1.2008157968521118,0.39571377635002136
1790341555318831900,14.356831787109375,9.721590042114258,1.2252211570739746,0.39987310767173767
1790341555335311000,14.37331103515625,9.720212936401367,1.2357121706008911,0.401073694229126
1790341555351801300,14.38980126953125,9.720381736755371,1.2328529357910156,0.40576112270355225
1790341555368263700,14.406263671875,9.722246170043945,1.220225214958191,0.39922034740448
1790341555384734500,14.422734375,9.723701477050781,1.2088217735290527,0.398452490568161
1790341555401210600,14.439210693359374,9.723692893981934,1.2081115245819092,0.4008259177207947
1790341555417725400,14.455725341796875,9.72243881225586,1.213436484336853,0.4149118959903717
1790341555434242000,14.472241943359375,9.722084045410156,1.2212387323379517,0.40005674958229065
1790341555450702600,14.48870263671875,9.720587730407715,1.2265210151672363,0.41976216435432434
1790341555467158000,14.505157958984375,9.719770431518555,1.2302396297454834,0.4277510941028595
1790341555483632000,14.521632080078126,9.72268295288086,1.2101441621780396,0.4187762439250946
1790341555500074800,14.53807470703125,9.727890014648438,1.1618280410766602,0.4343856871128082
1790341555516521500,14.554521484375,9.737751960754395,1.0805972814559937,0.4229492247104645
1790341555532972800,14.570972900390625,9.749149322509766,0.9791845679283142,0.40701261162757874
1790341555549420500,14.587420654296874,9.759474754333496,0.8676396012306213,0.41261014342308044
1790341555565868800,14.603868896484375,9.768613815307617,0.750645637512207,0.4255703091621399
1790341555582339600,14.620339599609375,9.776680946350098,0.6374602913856506,0.4249054193496704
1790341555598858200,14.636858154296876,9.782073974609375,0.5393229126930237,0.43651869893074036
1790341555615301600,14.653301513671876,9.785614967346191,0.46509283781051636,0.4425062835216522
1790341555631714300,14.66971435546875,9.786846160888672,0.417588472366333,0.46222153306007385
1790341555648199200,14.68619921875,9.787158966064453,0.39386680722236633,0.476203054189682
1790341555664686800,14.702686767578125,9.78665542602539,0.38892513513565063,0.4904136061668396
1790341555681203500,14.719203369140626,9.785975456237793,0.39511382579803467,0.4989537298679352
1790341555697666800,14.735666748046874,9.785911560058594,0.40812480449676514,0.489656001329422
1790341555714113500,14.752113525390625,9.785758018493652,0.4262547791004181,0.4771241545677185
1790341555730559500,14.7685595703125,9.787431716918945,0.43204373121261597,0.4357943832874298
1790341555747005400,14.78500537109375,9.78974723815918,0.3888216018676758,0.4243229329586029
1790341555763450600,14.80145068359375,9.791561126708984,0.32552820444107056,0.4356018900871277
1790341555779898600,14.817898681640624,9.792945861816406,0.26156824827194214,0.44740965962409973
1790341555796344000,14.834343994140625,9.794281959533691,0.20053814351558685,0.44969695806503296
1790341555812793600,14.850793701171876,9.795491218566895,0.1474127471446991,0.443839430809021
1790341555829243400,14.867243408203125,9.796600341796875,0.12399417161941528,0.426187127828598
1790341555845693700,14.883693603515624,9.797333717346191,0.10147630423307419,0.41513457894325256
1790341555862139600,14.9001396484375,9.797940254211426,0.08937597274780273,0.40344491600990295
1790341555878611000,14.91661083984375,9.797876358032227,0.09280648827552795,0.40422385931015015
1790341555895057700,14.9330576171875,9.797819137573242,0.11280950158834457,0.4004954695701599
1790341555911502300,14.94950244140625,9.797670364379883,0.14007508754730225,0.3955184519290924
1790341555927975400,14.965975341796875,9.79731273651123,0.16938047111034393,0.3928735852241516
1790341555944420000,14.982420166015626,9.796765327453613,0.20236735045909882,0.39091628789901733
1790341555960864300,14.9988642578125,9.796317100524902,0.2389804869890213,0.3813726305961609
1790341555977147100,15.015147216796874,9.795187950134277,0.2690383791923523,0.39025169610977173
1790341555993595000,15.031594970703125,9.794424057006836,0.29027873277664185,0.3941938877105713
1790341556010042600,15.048042724609376,9.794191360473633,0.300287663936615,0.392448365688324
1790341556026535700,15.06453564453125,9.793951034545898,0.2988356053829193,0.3995104432106018
1790341556043004700,15.081004638671875,9.794135093688965,0.2919960021972656,0.40003204345703125
1790341556059443500,15.097443359375,9.794502258300781,0.2760699391365051,0.4023574888706207
1790341556075927000,15.113927001953124,9.79481029510498,0.2611212432384491,0.4048275947570801
1790341556092382200,15.13038232421875,9.794535636901855,0.2389204204082489,0.4247124493122101
1790341556108857600,15.146857666015626,9.794703483581543,0.2178015410900116,0.4321150481700897
1790341556125262800,15.163262939453125,9.794268608093262,0.21319103240966797,0.4441293179988861
1790341556141708500,15.17970849609375,9.794673919677734,0.16234876215457916,0.45649614930152893
1790341556158159000,15.1961591796875,9.794912338256836,0.16847485303878784,0.4490991234779358
1790341556174667300,15.212667236328125,9.795306205749512,0.13891658186912537,0.4506397843360901
1790341556191114200,15.2291142578125,9.79385757446289,0.1457781195640564,0.479050874710083
1790341556207589600,15.245589599609374,9.795541763305664,0.16690658032894135,0.43576282262802124
1790341556224040400,15.26204052734375,9.793015480041504,0.17012590169906616,0.48814722895622253
1790341556240493600,15.27849365234375,9.793075561523438,0.13961032032966614,0.4965623915195465
1790341556256970800,15.294970703125,9.79505443572998,0.13826486468315125,0.4562665820121765
1790341556273424000,15.311423828125,9.793702125549316,0.13307277858257294,0.4858754873275757
1790341556289898000,15.32789794921875,9.792951583862305,0.13403084874153137,0.5005178451538086
1790341556306345000,15.344344970703125,9.793876647949219,0.12587502598762512,0.48428377509117126
1790341556322806300,15.36080615234375,9.7940034866333,0.11274129897356033,0.4849436283111572
1790341556339253500,15.37725341796875,9.793590545654297,0.08511751145124435,0.4987151324748993
1790341556355701800,15.39370166015625,9.79412841796875,0.06660913676023483,0.4909168481826782
1790341556372167400,15.41016748046875,9.793993949890137,0.059885621070861816,0.49446067214012146
1790341556388617000,15.426616943359376,9.793265342712402,0.052141763269901276,0.509527862071991
1790341556405069000,15.443069091796875,9.794185638427734,0.04742266237735748,0.49200400710105896
1790341556421559300,15.459559326171876,9.7937650680542,0.028681576251983643,0.5017248392105103
1790341556438007800,15.4760078125,9.793248176574707,-0.003603321732953191,0.5125051736831665
1790341556454458400,15.492458251953124,9.793350219726562,-0.047858644276857376,0.5083326101303101
1790341556470901000,15.50890087890625,9.794297218322754,-0.04397988319396973,0.4900950789451599
1790341556487350300,15.525350341796875,9.794881820678711,-0.02899773046374321,0.4794221520423889
1790341556503797800,15.5417978515625,9.794647216796875,-0.012508421204984188,0.4848833978176117
1790341556520252200,15.558252197265626,9.792591094970703,0.017616668716073036,0.5246257781982422
1790341556536751000,15.574751220703124,9.795583724975586,0.002027706475928426,0.465759813785553
1790341556553201400,15.591201416015625,9.797466278076172,-0.05534174665808678,0.42067134380340576
1790341556569680600,15.6076806640625,9.793902397155762,-0.10855729877948761,0.4879376292228699
1790341556586128400,15.62412841796875,9.794530868530273,-0.12947048246860504,0.4698871374130249
1790341556602505000,15.6405048828125,9.79722785949707,-0.11341096460819244,0.41453638672828674
1790341556618969600,15.656969482421875,9.795731544494629,-0.07911962270736694,0.4558139145374298
1790341556635422000,15.673421875,9.795832633972168,-0.044410787522792816,0.45834293961524963
1790341556651805700,15.6898056640625,9.79732608795166,-0.023108946159482002,0.4269094467163086
1790341556668284200,15.7062841796875,9.7965669631958,-0.012981975451111794,0.4444050192832947
1790341556684749800,15.722749755859375,9.796504974365234,-0.02388422191143036,0.44530999660491943
1790341556701222700,15.73922265625,9.796934127807617,-0.028723370283842087,0.43549370765686035
1790341556717719800,15.7557197265625,9.796481132507324,-0.020407449454069138,0.4460112452507019
1790341556734166300,15.772166259765624,9.796926498413086,-0.0009494462283328176,0.4366063177585602
1790341556750611000,15.78861083984375,9.797266960144043,0.025768794119358063,0.4281027019023895
1790341556767059000,15.805058837890625,9.796921730041504,0.04720515012741089,0.4341396987438202
1790341556783548200,15.821548095703125,9.797134399414062,0.05356268212199211,0.42857494950294495
1790341556800043500,15.83804345703125,9.79739761352539,0.056130122393369675,0.4222003221511841
1790341556816525600,15.854525634765626,9.79728889465332,0.05911145731806755,0.42430251836776733
1790341556833013200,15.87101318359375,9.797435760498047,0.06339509040117264,0.42027342319488525
1790341556849489200,15.8874892578125,9.797445297241211,0.07510001212358475,0.4181061089038849
1790341556865967900,15.9039677734375,9.797341346740723,0.08480281382799149,0.4187025725841522
1790341556882463000,15.920462890625,9.797355651855469,0.09102147072553635,0.417044460773468
1790341556898942700,15.936942626953124,9.797481536865234,0.09176891297101974,0.41391122341156006
1790341556915459600,15.95345947265625,9.797325134277344,0.09010344743728638,0.4179491102695465
1790341556931946200,15.9699462890625,9.797502517700195,0.08904075622558594,0.41401413083076477
1790341556948413200,15.9864130859375,9.797374725341797,0.0919395312666893,0.41639262437820435
1790341556964874200,16.002874267578125,9.797256469726562,0.09371393918991089,0.4187803268432617
1790341556981416200,16.019416259765624,9.797673225402832,0.09873577952384949,0.4077097475528717
1790341556997905700,16.03590576171875,9.797612190246582,0.09784676134586334,0.40940484404563904
1790341557014397000,16.05239697265625,9.79786205291748,0.09330503642559052,0.4044578969478607
1790341557030861800,16.06886181640625,9.79798698425293,0.08930981904268265,0.4023243188858032
1790341557047354000,16.08535400390625,9.797883033752441,0.08830197900533676,0.4050670564174652
1790341557063802000,16.101802001953125,9.79782772064209,0.08540432900190353,0.4070390462875366
1790341557080248000,16.118248046875,9.797969818115234,0.08365380018949509,0.4039595127105713
1790341557096762600,16.1347626953125,9.797657012939453,0.07865799963474274,0.4124574065208435
1790341557113244200,16.151244140625,9.797514915466309,0.07315746694803238,0.4168233573436737
1790341557129740300,16.167740234375,9.797831535339355,0.0671134889125824,0.41034847497940063
1790341557146256100,16.184256103515626,9.797473907470703,0.06382907927036285,0.4193151593208313
1790341557162775000,16.200775146484375,9.797558784484863,0.059906572103500366,0.4178944230079651
1790341557179260200,16.21726025390625,9.797423362731934,0.058214034885168076,0.4213043451309204
1790341557195760000,16.233760009765625,9.79732608795166,0.05547277256846428,0.4239131212234497
1790341557212220200,16.25022021484375,9.797545433044434,0.04790060222148895,0.4197606146335602
1790341557228735200,16.2667353515625,9.797489166259766,0.048872388899326324,0.4209563434123993
1790341557245222700,16.28322265625,9.797496795654297,0.04835386201739311,0.420846164226532
1790341557261715500,16.299715576171874,9.797361373901367,0.04709889367222786,0.42412158846855164
1790341557278214000,16.3162138671875,9.79727554321289,0.04340139031410217,0.426488995552063
1790341557294673700,16.332673583984374,9.797574043273926,0.03529023751616478,0.4203348159790039
1790341557311200000,16.349199951171876,9.797367095947266,0.02900596708059311,0.4256190359592438
1790341557327732500,16.365732421875,9.797465324401855,0.031348422169685364,0.4231780469417572
1790341557344214800,16.38221484375,9.798590660095215,0.038149818778038025,0.3956814706325531
1790341557360685600,16.398685546875,9.797477722167969,0.04058890789747238,0.42209509015083313
1790341557377161000,16.415160888671874,9.797986030578613,0.040102943778038025,0.4101763069629669
1790341557393668400,16.43166845703125,9.79839038848877,0.035594433546066284,0.40083786845207214
1790341557410151200,16.448151123046873,9.797347068786621,0.039556533098220825,0.42520731687545776
1790341557426607000,16.464607177734376,9.797869682312012,0.04694818705320358,0.41222134232521057
1790341557443063300,16.481063232421874,9.79743480682373,0.04931056126952171,0.42215582728385925
1790341557459525000,16.497525146484374,9.797082901000977,0.05423451587557793,0.4296506345272064
1790341557476033300,16.514033203125,9.797350883483887,0.051009856164455414,0.42392346262931824
1790341557492521500,16.530521484375,9.79698371887207,0.050500087440013885,0.4323655068874359
1790341557509004500,16.547004638671876,9.796810150146484,0.05340879037976265,0.43595054745674133
1790341557525491200,16.5634912109375,9.79672622680664,0.04953014850616455,0.43828657269477844
1790341557541986000,16.579986083984377,9.79648208618164,0.051532529294490814,0.4434607923030853
1790341557558478000,16.59647802734375,9.796594619750977,0.041478514671325684,0.44203099608421326
1790341557574967800,16.6129677734375,9.79691219329834,0.039977625012397766,0.4350811243057251
1790341557591459000,16.629458984375,9.796575546264648,0.038638241589069366,0.4427160322666168
1790341557608011300,16.64601123046875,9.796676635742188,0.03875809535384178,0.44045594334602356
1790341557624509200,16.66250927734375,9.796865463256836,0.03714361786842346,0.43639713525772095
1790341557641027000,16.679027099609375,9.796765327453613,0.04279732331633568,0.43812209367752075
1790341557657494800,16.695494873046876,9.796660423278809,0.04120505973696709,0.44060489535331726
1790341557673981400,16.7119814453125,9.797049522399902,0.03875909000635147,0.43207916617393494
1790341557690439400,16.728439453125,9.796751022338867,0.03381982445716858,0.4392177164554596
1790341557706935800,16.744935791015624,9.797476768493652,0.03822777047753334,0.4223477840423584
1790341557723438800,16.76143896484375,9.796199798583984,0.04676032438874245,0.4501939117908478
1790341557739927800,16.777927734375,9.796345710754395,0.059193599969148636,0.44551995396614075
1790341557756416300,16.794416259765626,9.795770645141602,0.059491779655218124,0.4579593539237976
1790341557772917800,16.810917724609375,9.795754432678223,0.05779748037457466,0.45851561427116394
1790341557789411600,16.82741162109375,9.795614242553711,0.051019638776779175,0.4622964560985565
1790341557805929000,16.843928955078123,9.795469284057617,0.050420310348272324,0.46544018387794495
1790341557822381300,16.86038134765625,9.79549503326416,0.05458387732505798,0.4644354283809662
1790341557838865400,16.876865478515626,9.795196533203125,0.057822030037641525,0.4702865183353424
1790341557855389700,16.8933896484375,9.795618057250977,0.060351960361003876,0.46109312772750854
1790341557871880700,16.909880615234375,9.795509338378906,0.05795338749885559,0.463695764541626
1790341557888359700,16.926359619140626,9.795369148254395,0.06060132756829262,0.46634042263031006
1790341557904875300,16.942875244140627,9.795384407043457,0.0626373365521431,0.4657478928565979
1790341557921357600,16.959357666015624,9.795307159423828,0.061521533876657486,0.4675102233886719
1790341557937818000,16.975818115234375,9.795400619506836,0.06172824651002884,0.4654986560344696
1790341557954308400,16.992308349609374,9.795506477355957,0.06598982959985733,0.4627014398574829
1790341557970774000,17.00877392578125,9.795394897460938,0.06891241669654846,0.4646178185939789
1790341557987257600,17.025257568359375,9.795372009277344,0.06610415130853653,0.465514600276947
1790341558003750100,17.041750244140626,9.795171737670898,0.06470416486263275,0.469917893409729
1790341558020251000,17.0582509765625,9.795196533203125,0.06387512385845184,0.46949711441993713
1790341558036744400,17.074744384765626,9.795126914978027,0.0610479973256588,0.47132396697998047
1790341558053226500,17.0912265625,9.794859886169434,0.059907056391239166,0.476968914270401
1790341558069710600,17.107710693359376,9.795172691345215,0.05913253873586655,0.4706116318702698
1790341558086167600,17.12416748046875,9.794597625732422,0.05982005223631859,0.4823527932167053
1790341558102698000,17.140697998046875,9.7947998046875,0.05822010710835457,0.4784388542175293
1790341558119190800,17.157190673828126,9.794754981994629,0.055903851985931396,0.4796382784843445
1790341558135704000,17.1737041015625,9.794610977172852,0.057256266474723816,0.48238229751586914
1790341558152224500,17.190224609375,9.794650077819824,0.06019287928938866,0.4812351167201996
1790341558168712200,17.206712158203125,9.79487419128418,0.06195079907774925,0.476442813873291
1790341558185168000,17.22316796875,9.794479370117188,0.06022700294852257,0.48469358682632446
1790341558201661000,17.239660888671875,9.794501304626465,0.05906117334961891,0.4844116270542145
1790341558218140400,17.256140380859375,9.79458236694336,0.05727459117770195,0.4829847514629364
1790341558234591700,17.272591796875,9.794432640075684,0.05565208941698074,0.4861847162246704
1790341558251079700,17.28907958984375,9.79460334777832,0.05345688760280609,0.48297882080078125
1790341558267580000,17.305579833984375,9.794342994689941,0.05870865285396576,0.48763924837112427
1790341558284076000,17.322075927734375,9.794075012207031,0.05940860137343407,0.4929109513759613
1790341558300590600,17.338590576171875,9.794183731079102,0.057232968509197235,0.4909973740577698
1790341558317038800,17.355038818359375,9.794069290161133,0.05608122795820236,0.49341294169425964
1790341558333560300,17.371560302734373,9.794153213500977,0.05479979142546654,0.49188563227653503
1790341558350050000,17.388050048828124,9.793974876403809,0.05800745263695717,0.4950598478317261
1790341558366547200,17.404547119140624,9.793794631958008,0.0592179000377655,0.4984641969203949
1790341558383062300,17.421062255859376,9.79355525970459,0.061010245233774185,0.5029399394989014
1790341558399546000,17.437546142578125,9.793618202209473,0.05890670046210289,0.5019599795341492
1790341558416029200,17.454029296875,9.79335880279541,0.059891629964113235,0.5068798661231995
1790341558432528600,17.470528564453126,9.79332447052002,0.057171422988176346,0.5078566074371338
1790341558449023700,17.487023681640625,9.793553352355957,0.05969614535570145,0.5031326413154602
1790341558465539000,17.5035390625,9.793498992919922,0.06426482647657394,0.5036224722862244
1790341558481992000,17.519991943359376,9.793557167053223,0.06644021719694138,0.5022095441818237
1790341558498482700,17.536482666015626,9.793623924255371,0.06657577306032181,0.5008732676506042
1790341558514997500,17.55299755859375,9.793769836425781,0.06620454043149948,0.4980725049972534
1790341558531457800,17.569457763671874,9.793580055236816,0.06757400929927826,0.5016094446182251
1790341558547939800,17.58593994140625,9.793832778930664,0.06987364590167999,0.49633219838142395
1790341558564395500,17.6023955078125,9.793572425842285,0.07071568816900253,0.5013184547424316
1790341558580880400,17.61888037109375,9.793707847595215,0.07594144344329834,0.4978911280632019
1790341558597404400,17.635404296875,9.793844223022461,0.07714486867189407,0.49501368403434753
1790341558613897500,17.6518974609375,9.79369831085205,0.07857062667608261,0.49768051505088806
1790341558630411300,17.668411376953124,9.793886184692383,0.07479046285152435,0.4945598244667053
1790341558646931700,17.684931640625,9.793893814086914,0.07524767518043518,0.494340717792511
1790341558663421000,17.7014208984375,9.793828010559082,0.07812754064798355,0.4951920211315155
1790341558679849700,17.717849609375,9.793776512145996,0.08291757106781006,0.4954370856285095
1790341558696347100,17.73434716796875,9.79398250579834,0.08617527037858963,0.49078306555747986
1790341558712829700,17.75082958984375,9.79397201538086,0.08209923654794693,0.4916974604129791
1790341558729284600,17.76728466796875,9.794062614440918,0.08169589191675186,0.489949107170105
1790341558745778700,17.78377880859375,9.79395866394043,0.08380813896656036,0.49165967106819153
1790341558762247000,17.800246826171875,9.793658256530762,0.08589699119329453,0.49726325273513794
1790341558778686700,17.816686767578126,9.794357299804688,0.08715098351240158,0.4830678701400757
1790341558795198000,17.833197998046874,9.794219017028809,0.08727459609508514,0.48585325479507446
1790341558811683000,17.84968310546875,9.794124603271484,0.08635669201612473,0.4878944754600525
1790341558828171300,17.866171142578125,9.794364929199219,0.08595876395702362,0.48311764001846313
1790341558844684300,17.882684326171876,9.794351577758789,0.09134088456630707,0.4824252724647522
1790341558861179000,17.899178955078124,9.794502258300781,0.08914297074079514,0.479746013879776
1790341558877697800,17.91569775390625,9.794769287109375,0.08538734912872314,0.4749700129032135
1790341558894188000,17.93218798828125,9.79495906829834,0.0797288790345192,0.4720157980918884
1790341558910679000,17.948678955078126,9.794571876525879,0.08121873438358307,0.4797355830669403
1790341558927184000,17.965183837890624,9.794957160949707,0.07804624736309052,0.4723408818244934
1790341558943649000,17.98164892578125,9.795144081115723,0.07407935708761215,0.46909424662590027
1790341558960151300,17.9981513671875,9.795249938964844,0.07092729955911636,0.4673677384853363
1790341558976604200,18.014604248046876,9.795658111572266,0.06929844617843628,0.45898741483688354
1790341558993098200,18.03109814453125,9.796013832092285,0.0645345076918602,0.45203742384910583
1790341559009540000,18.0475400390625,9.795990943908691,0.061317604035139084,0.4529789686203003
1790341559026037000,18.064037109375,9.79629135131836,0.05862635746598244,0.4467857778072357
1790341559042553300,18.08055322265625,9.79637622833252,0.05660683289170265,0.4451885521411896
1790341559058980600,18.096980712890623,9.796457290649414,0.05710022896528244,0.4433514475822449
1790341559075468000,18.113468017578125,9.797070503234863,0.05768101289868355,0.42950010299682617
1790341559091971300,18.129971435546874,9.797240257263184,0.052036184817552567,0.426321804523468
1790341559108438000,18.14643798828125,9.797209739685059,0.049298543483018875,0.4273582696914673
1790341559124960300,18.162960205078125,9.797663688659668,0.04991990700364113,0.4167627692222595
1790341559141449500,18.179449462890624,9.79761791229248,0.05148167535662651,0.4176318347454071
1790341559157919700,18.195919677734373,9.79776382446289,0.050218451768159866,0.41435420513153076
1790341559174423300,18.21242333984375,9.798006057739258,0.04622829332947731,0.4090596139431
1790341559190919200,18.228919189453126,9.797863006591797,0.04414539039134979,0.4126993417739868
1790341559207437300,18.245437255859375,9.797901153564453,0.046271830797195435,0.41155484318733215
1790341559223923500,18.26192333984375,9.797959327697754,0.04950135201215744,0.4098031520843506
1790341559240422700,18.278422607421874,9.79810905456543,0.04988953843712807,0.40615352988243103
1790341559256928800,18.2949287109375,9.798221588134766,0.044318102300167084,0.4040825068950653
1790341559273427700,18.311427734375,9.798270225524902,0.03740513697266579,0.40360715985298157
1790341559289950000,18.327949951171874,9.798404693603516,0.03816157206892967,0.40026232600212097
1790341559306442200,18.344442138671877,9.798333168029785,0.03671766445040703,0.4021108150482178
1790341559322926300,18.36092626953125,9.798547744750977,0.01529776956886053,0.3982715606689453
1790341559339411500,18.377411376953123,9.798782348632812,-0.027191758155822754,0.39181584119796753
1790341559355890000,18.393889892578127,9.798369407653809,-0.08055447787046432,0.39479589462280273
1790341559372334800,18.4103349609375,9.797958374023438,-0.13594311475753784,0.38976868987083435
1790341559388841700,18.426841796875,9.790081024169922,-0.3672467768192291,0.4356826841831207
1790341559405286400,18.443286376953125,9.775400161743164,-0.6308832764625549,0.46252334117889404
1790341559421734000,18.45973388671875,9.765992164611816,-0.7641630172729492,0.46025389432907104
1790341559438177500,18.476177490234374,9.766064643859863,-0.7629233002662659,0.4607769250869751
1790341559454621000,18.492620849609374,9.771889686584473,-0.6849460005760193,0.45979273319244385
1790341559471066400,18.50906640625,9.778944969177246,-0.5826337933540344,0.45073574781417847
1790341559487515000,18.525514892578126,9.784834861755371,-0.48381564021110535,0.4396645128726959
1790341559503991300,18.5419912109375,9.790385246276855,-0.37884852290153503,0.41859161853790283
1790341559520435700,18.558435791015626,9.793992042541504,-0.2978261113166809,0.399239718914032
1790341559536901600,18.574901611328126,9.795252799987793,-0.2733999490737915,0.38556912541389465
1790341559553377800,18.591377685546874,9.795438766479492,-0.27459609508514404,0.37996476888656616
1790341559569867000,18.607866943359376,9.795040130615234,-0.2866307199001312,0.3813382089138031
1790341559586353700,18.624353759765626,9.794535636901855,-0.31194940209388733,0.37436458468437195
1790341559602800400,18.64080029296875,9.793214797973633,-0.3438091278076172,0.3809645473957062
1790341559619286800,18.657286865234376,9.79184627532959,-0.3828106224536896,0.37893185019493103
1790341559635760000,18.673760009765626,9.789641380310059,-0.4309953451156616,0.38410863280296326
1790341559652207400,18.690207275390627,9.787161827087402,-0.4928874373435974,0.3727181553840637
1790341559668679200,18.70667919921875,9.785290718078613,-0.5338683724403381,0.3652969002723694
1790341559685097500,18.723097412109375,9.785693168640137,-0.5296677350997925,0.3606444299221039
1790341559701545000,18.739544921875,9.787943840026855,-0.4929777979850769,0.35144805908203125
1790341559718018300,18.756018310546875,9.78964614868164,-0.4634573757648468,0.3441363275051117
1790341559734468400,18.77246826171875,9.791586875915527,-0.4298247694969177,0.3323849141597748
1790341559750941200,18.788941162109374,9.792922973632812,-0.40316447615623474,0.32634490728378296
1790341559767385000,18.805385009765626,9.792004585266113,-0.4286881387233734,0.3213224411010742
1790341559783868400,18.821868408203127,9.790963172912598,-0.45211705565452576,0.3209531307220459
1790341559800358400,18.8383583984375,9.790892601013184,-0.45479151606559753,0.31933170557022095
1790341559816846800,18.854846923828124,9.791141510009766,-0.4532362222671509,0.3138740360736847
1790341559833342000,18.871342041015627,9.78965950012207,-0.4811493456363678,0.31849345564842224
1790341559849835800,18.887835693359374,9.789053916931152,-0.49565863609313965,0.3148764669895172
1790341559866351600,18.9043515625,9.7883939743042,-0.5160675048828125,0.3023300766944885
1790341559882837000,18.9208369140625,9.78713321685791,-0.5404410362243652,0.30054283142089844
1790341559899334700,18.937334716796876,9.786280632019043,-0.5617628693580627,0.2890039086341858
1790341559915843300,18.95384326171875,9.785161972045898,-0.586494505405426,0.2775386571884155
1790341559932348200,18.97034814453125,9.784661293029785,-0.6021268367767334,0.2612084150314331
1790341559948835600,18.986835693359374,9.783714294433594,-0.6202072501182556,0.25427553057670593
1790341559965324800,19.00332470703125,9.783087730407715,-0.631914496421814,0.249516099691391
1790341559981797000,19.019797119140627,9.784062385559082,-0.6186954379081726,0.24440227448940277
1790341559998247400,19.036247314453124,9.786471366882324,-0.5805407762527466,0.24154336750507355
1790341560014697000,19.052697021484374,9.788174629211426,-0.5536784529685974,0.23549187183380127
1790341560031167500,19.06916748046875,9.788509368896484,-0.5498618483543396,0.23046526312828064
1790341560047608800,19.08560888671875,9.787179946899414,-0.5735756158828735,0.22915932536125183
1790341560063968800,19.10196875,9.78584098815918,-0.5980680584907532,0.22365443408489227
1790341560080445000,19.11844482421875,9.785272598266602,-0.6084690690040588,0.2204558551311493
1790341560096928000,19.134927978515623,9.785820960998535,-0.6022069454193115,0.2131899893283844
1790341560113376000,19.1513759765625,9.786860466003418,-0.5880498290061951,0.20484210550785065
1790341560129914000,19.1679140625,9.786908149719238,-0.5884220600128174,0.20142053067684174
1790341560146406700,19.18440673828125,9.78618049621582,-0.6046067476272583,0.188459575176239
1790341560162911500,19.200911376953126,9.785238265991211,-0.6195291876792908,0.1888769567012787
1790341560179409000,19.217408935546874,9.784369468688965,-0.6382743716239929,0.17058992385864258
1790341560195926500,19.233926513671875,9.784208297729492,-0.6418923735618591,0.1662396788597107
1790341560212418300,19.250418212890626,9.78399658203125,-0.6455198526382446,0.1646149903535843
1790341560228915500,19.26691552734375,9.783742904663086,-0.6521256566047668,0.1532842218875885
1790341560245420800,19.2834208984375,9.78282356262207,-0.668177604675293,0.14241792261600494
1790341560261918000,19.29991796875,9.782133102416992,-0.6804856657981873,0.13110673427581787
1790341560278435800,19.316435791015625,9.781709671020508,-0.6884700059890747,0.12058772891759872
1790341560294925300,19.33292529296875,9.781135559082031,-0.6987677812576294,0.10721958428621292
1790341560311414500,19.34941455078125,9.780957221984863,-0.7021059393882751,0.10156703740358353
1790341560327943200,19.365943115234376,9.780655860900879,-0.7072615623474121,0.09452255815267563
1790341560344438000,19.38243798828125,9.780289649963379,-0.7133530378341675,0.08626533299684525
1790341560360888600,19.398888671875,9.779991149902344,-0.7180257439613342,0.08120442926883698
1790341560377406500,19.415406494140626,9.779654502868652,-0.723200798034668,0.07566580921411514
1790341560393895000,19.43189501953125,9.779362678527832,-0.7274959087371826,0.07211166620254517
1790341560410396000,19.44839599609375,9.778875350952148,-0.7342930436134338,0.06921973824501038
1790341560426892500,19.464892578125,9.778554916381836,-0.7387747168540955,0.06684479117393494
1790341560443406800,19.48140673828125,9.778311729431152,-0.7425503134727478,0.060181863605976105
1790341560459895000,19.49789501953125,9.77799129486084,-0.7470755577087402,0.05617332085967064
1790341560476390400,19.514390380859375,9.77755069732666,-0.7530433535575867,0.05310995131731033
1790341560492893400,19.5308935546875,9.776924133300781,-0.7615558505058289,0.04658394679427147
1790341560509390800,19.547390869140624,9.776642799377441,-0.7655838131904602,0.03911890834569931
1790341560525875500,19.56387548828125,9.776213645935059,-0.7713204622268677,0.03330189362168312
1790341560542366700,19.58036669921875,9.77596378326416,-0.7745771408081055,0.03089253045618534
1790341560558831400,19.596831298828125,9.775666236877441,-0.7785925269126892,0.022948365658521652
1790341560575361500,19.613361572265624,9.775386810302734,-0.7822660803794861,0.015930961817502975
1790341560591859200,19.629859130859376,9.775103569030762,-0.785943329334259,0.005394662264734507
1790341560608373800,19.646373779296876,9.774430274963379,-0.7942205667495728,-0.010793489404022694
1790341560624909300,19.662909423828125,9.774270057678223,-0.79611736536026,-0.015313048847019672
1790341560641397000,19.67939697265625,9.774030685424805,-0.7986946702003479,-0.028260428458452225
1790341560657898800,19.695898681640625,9.774054527282715,-0.7979333400726318,-0.03924524039030075
1790341560674396000,19.71239599609375,9.774015426635742,-0.7981843948364258,-0.04377937689423561
1790341560690876200,19.728876220703125,9.773802757263184,-0.8002211451530457,-0.053059209138154984
1790341560707315500,19.7453154296875,9.773797035217285,-0.7999268174171448,-0.058258309960365295
1790341560723816700,19.761816650390625,9.773808479309082,-0.7990991473197937,-0.0670439675450325
1790341560740323800,19.77832373046875,9.773274421691895,-0.8048380613327026,-0.07567388564348221
1790341560756826000,19.794826171875,9.773090362548828,-0.8064350485801697,-0.08213759958744049
1790341560773337900,19.811337890625,9.77286148071289,-0.8086816668510437,-0.08720620721578598
1790341560789828000,19.827828125,9.772712707519531,-0.8101656436920166,-0.09010576456785202
1790341560806317300,19.8443173828125,9.772372245788574,-0.8132143616676331,-0.09904029220342636
1790341560822844400,19.860844482421875,9.77231216430664,-0.8137221336364746,-0.10084763914346695
1790341560839338200,19.877338134765626,9.772107124328613,-0.8160416483879089,-0.10193558037281036
1790341560855855000,19.893855224609375,9.772049903869629,-0.8164753913879395,-0.10389292240142822
1790341560872340000,19.910340087890624,9.772229194641113,-0.8140407204627991,-0.10616978257894516
1790341560888803800,19.926803955078125,9.772418975830078,-0.8115716576576233,-0.1075083389878273
1790341560905302800,19.943302734375,9.772235870361328,-0.8135295510292053,-0.1093766912817955
1790341560921764400,19.959764404296877,9.7720947265625,-0.8144674301147461,-0.11480795592069626
1790341560938281000,19.976281005859374,9.772068977355957,-0.8147479295730591,-0.11507705599069595
1790341560954772000,19.99277197265625,9.77208423614502,-0.8144475221633911,-0.11590860784053802
1790341560971268400,20.009268310546876,9.772175788879395,-0.8128963708877563,-0.11901052296161652
1790341560987771100,20.025771240234373,9.772197723388672,-0.8127138614654541,-0.11844316869974136
1790341561004267800,20.042267822265625,9.771738052368164,-0.8173935413360596,-0.12403751909732819
1790341561020752600,20.058752685546875,9.771592140197754,-0.8182466626167297,-0.1298052966594696
1790341561037147600,20.075147705078123,9.771202087402344,-0.8226252794265747,-0.13144725561141968
1790341561053638700,20.091638671875,9.77115249633789,-0.8231897950172424,-0.1316399872303009
1790341561070116900,20.108116943359374,9.770956039428711,-0.8248651623725891,-0.13562814891338348
1790341561086613200,20.12461328125,9.770516395568848,-0.8293376564979553,-0.13997162878513336
1790341561102101200,20.140101318359374,9.770256042480469,-0.831974983215332,-0.14248108863830566
1790341561118523100,20.156523193359376,9.770191192626953,-0.8321915864944458,-0.14561378955841064
1790341561134978600,20.172978515625,9.770051956176758,-0.8325872421264648,-0.1525317132472992
1790341561151478000,20.18947802734375,9.769791603088379,-0.8348255157470703,-0.1569238156080246
1790341561167938300,20.205938232421875,9.769574165344238,-0.8364248871803284,-0.161875382065773
1790341561184452400,20.222452392578123,9.769082069396973,-0.8413749933242798,-0.1658744513988495
1790341561200938500,20.2389384765625,9.768437385559082,-0.8482796549797058,-0.16867497563362122
1790341561217431000,20.25543115234375,9.76811695098877,-0.8516868948936462,-0.1700189709663391
1790341561233934600,20.2719345703125,9.768034934997559,-0.8526927828788757,-0.16969624161720276
1790341561250397200,20.288397216796874,9.767748832702637,-0.8550688624382019,-0.1741516888141632
1790341561266909200,20.3049091796875,9.767524719238281,-0.8565861582756042,-0.17919453978538513
1790341561283400400,20.321400390625,9.767236709594727,-0.8597490191459656,-0.17974235117435455
1790341561299886600,20.337886474609373,9.767077445983887,-0.8606899976730347,-0.18381620943546295
1790341561316376300,20.354376220703124,9.767586708068848,-0.8543937802314758,-0.18612584471702576
1790341561332867300,20.370867431640626,9.768107414245605,-0.8482944965362549,-0.1867167204618454
1790341561349379800,20.3873798828125,9.769562721252441,-0.8306846618652344,-0.1897302120923996
1790341561365831700,20.403831787109375,9.771682739257812,-0.8035624027252197,-0.19719727337360382
1790341561382260500,20.420260498046876,9.774134635925293,-0.7736219167709351,-0.19540996849536896
1790341561398757600,20.436757568359376,9.776934623718262,-0.7372559905052185,-0.1959417760372162
1790341561415229400,20.4532294921875,9.779007911682129,-0.7083625793457031,-0.19904978573322296
1790341561431741400,20.469741455078125,9.781233787536621,-0.674544632434845,-0.2069970816373825
1790341561448226000,20.48622607421875,9.783409118652344,-0.6407557725906372,-0.2114631086587906
1790341561464719600,20.5027197265625,9.785181999206543,-0.6101953983306885,-0.21968981623649597
1790341561481218000,20.519218017578126,9.786829948425293,-0.5800179839134216,-0.2278835028409958
1790341561497710800,20.5357109375,9.788077354431152,-0.5559520125389099,-0.23419947922229767
1790341561514222000,20.55222216796875,9.78903865814209,-0.5349151492118835,-0.24285951256752014
1790341561530703000,20.568703125,9.790407180786133,-0.505415678024292,-0.2507174611091614
1790341561547189500,20.585189453125,9.791385650634766,-0.48397096991539,-0.2548179626464844
1790341561563713800,20.6017138671875,9.792580604553223,-0.45608869194984436,-0.2602468729019165
1790341561580174000,20.618174072265624,9.79336166381836,-0.4355095624923706,-0.2660658657550812
1790341561596685800,20.634685791015624,9.794017791748047,-0.41912025213241577,-0.26820918917655945
1790341561613170700,20.651170654296877,9.795076370239258,-0.39523735642433167,-0.2658204436302185
1790341561629564000,20.66756396484375,9.795708656311035,-0.37423470616340637,-0.2728174924850464
1790341561646028800,20.68402880859375,9.79638671875,-0.3538380563259125,-0.27566125988960266
1790341561662487800,20.70048779296875,9.79686450958252,-0.33960962295532227,-0.27659761905670166
1790341561679001300,20.71700146484375,9.796995162963867,-0.32847002148628235,-0.28525322675704956
1790341561695487000,20.733487060546874,9.797402381896973,-0.30626440048217773,-0.29580947756767273
1790341561710951700,20.74895166015625,9.797639846801758,-0.28961560130119324,-0.30457383394241333
1790341561727449000,20.765448974609374,9.797955513000488,-0.2640330493450165,-0.3173774182796478
1790341561743906300,20.78190625,9.79825496673584,-0.25041258335113525,-0.3191765248775482
1790341561760386800,20.79838671875,9.798189163208008,-0.24006468057632446,-0.32901322841644287
1790341561776836000,20.814836181640626,9.798320770263672,-0.2315836101770401,-0.33115243911743164
1790341561793318700,20.831318603515626,9.79830551147461,-0.22639349102973938,-0.3351713716983795
1790341561809842000,20.847842041015625,9.798343658447266,-0.22151519358158112,-0.337322860956192
1790341561826334000,20.864333984375,9.798511505126953,-0.21749985218048096,-0.33502668142318726
1790341561842810000,20.88081005859375,9.798651695251465,-0.20691069960594177,-0.3376292288303375
1790341561859322600,20.897322509765626,9.799246788024902,-0.19475916028022766,-0.32746052742004395
1790341561875781000,20.913781005859374,9.79941463470459,-0.19641944766044617,-0.32135698199272156
1790341561892225500,20.9302255859375,9.799071311950684,-0.2019747495651245,-0.32833006978034973
1790341561908669700,20.946669677734373,9.799330711364746,-0.21105706691741943,-0.31457504630088806
1790341561925144600,20.96314453125,9.79911994934082,-0.22036069631576538,-0.3147572875022888
1790341561941628200,20.979628173828125,9.799206733703613,-0.21775852143764496,-0.3138812482357025
1790341561958089200,20.996089111328125,9.799114227294922,-0.22542235255241394,-0.3113342523574829
1790341561974557400,21.012557373046874,9.799434661865234,-0.21805620193481445,-0.3064730167388916
1790341561990996700,21.028996826171873,9.799544334411621,-0.21403072774410248,-0.30578747391700745
1790341562007453400,21.045453369140624,9.799264907836914,-0.22000491619110107,-0.3104594647884369
1790341562023919600,21.061919677734377,9.799481391906738,-0.21493467688560486,-0.30715838074684143
1790341562040371500,21.078371337890626,9.799227714538574,-0.2127801775932312,-0.3166233003139496
1790341562056760800,21.0947607421875,9.798731803894043,-0.23050618171691895,-0.31954923272132874
1790341562073104000,21.111103759765626,9.799257278442383,-0.21248070895671844,-0.3158794343471527
1790341562089579000,21.1275791015625,9.799025535583496,-0.18929964303970337,-0.3371301591396332
1790341562106063600,21.144063720703127,9.799504280090332,-0.190395325422287,-0.3222544193267822
1790341562122504400,21.16050439453125,9.799433708190918,-0.1963595747947693,-0.3208419382572174
1790341562138946000,21.176946044921873,9.799538612365723,-0.18323199450969696,-0.3253435790538788
1790341562155408000,21.193407958984373,9.799601554870605,-0.16247428953647614,-0.3343636691570282
1790341562171853000,21.20985302734375,9.800369262695312,-0.15109476447105408,-0.3167332112789154
1790341562188304400,21.226304443359375,9.799362182617188,-0.1474924087524414,-0.34804582595825195
1790341562204749600,21.24274951171875,9.799126625061035,-0.1528887301683426,-0.3523125648498535
1790341562221236200,21.259236328125,9.799408912658691,-0.1409052312374115,-0.3494453430175781
1790341562237676000,21.275676025390624,9.79897689819336,-0.12079310417175293,-0.36855706572532654
1790341562254119400,21.292119384765623,9.799236297607422,-0.10061147063970566,-0.36774083971977234
1790341562270562600,21.3085625,9.800230979919434,-0.06078006699681282,-0.3495148718357086
1790341562287026200,21.325026123046875,9.800506591796875,-0.017789576202630997,-0.3466283679008484
1790341562303494700,21.34149462890625,9.800531387329102,0.01601443812251091,-0.3460069000720978
1790341562319954700,21.35795458984375,9.800500869750977,0.04404584318399429,-0.3444294333457947
1790341562336412400,21.374412353515623,9.799135208129883,0.08431673049926758,-0.37447160482406616
1790341562352915000,21.3909150390625,9.798199653625488,0.1408620923757553,-0.3818713128566742
1790341562369363500,21.407363525390625,9.796947479248047,0.18430106341838837,-0.3952656686306
1790341562385830100,21.423830078125,9.795552253723145,0.2252877950668335,-0.4084036350250244
1790341562402253800,21.44025390625,9.793649673461914,0.2606877386569977,-0.4322720766067505
1790341562418731500,21.4567314453125,9.79207706451416,0.2985092103481293,-0.4432898759841919
1790341562435189000,21.47318896484375,9.792281150817871,0.3276823163032532,-0.41742926836013794
1790341562451637200,21.48963720703125,9.790106773376465,0.33353185653686523,-0.46145957708358765
1790341562468078800,21.506078857421876,9.791290283203125,0.34876689314842224,-0.42352592945098877
1790341562484522200,21.522522216796876,9.789910316467285,0.3604600727558136,-0.4450908601284027
1790341562500964600,21.538964599609375,9.790056228637695,0.364460289478302,-0.4385838806629181
1790341562517415000,21.555414794921877,9.789904594421387,0.3710661828517914,-0.43643319606781006
1790341562533855200,21.571855224609376,9.789649963378906,0.3767135441303253,-0.4372958540916443
1790341562550311200,21.588311279296875,9.789653778076172,0.3707715570926666,-0.44226881861686707
1790341562566752000,21.604751953125,9.789839744567871,0.3705824315547943,-0.4382849633693695
1790341562583192600,21.621192626953125,9.789770126342773,0.37630605697631836,-0.43495428562164307
1790341562599662600,21.63766259765625,9.789650917053223,0.38410037755966187,-0.4307945668697357
1790341562616119000,21.654119140625,9.789854049682617,0.3910667300224304,-0.41978374123573303
1790341562632589600,21.670589599609375,9.790507316589355,0.3859889507293701,-0.40910595655441284
1790341562648973300,21.686973388671873,9.790388107299805,0.3795442581176758,-0.41789546608924866
1790341562665417500,21.70341748046875,9.788921356201172,0.4023910164833069,-0.4306865930557251
1790341562681887500,21.719887451171875,9.788176536560059,0.44026726484298706,-0.41006702184677124
1790341562698351600,21.7363515625,9.784988403320312,0.5023646950721741,-0.41474980115890503
1790341562714818800,21.75281884765625,9.78414535522461,0.5237120389938354,-0.40817952156066895
1790341562731297300,21.76929736328125,9.781625747680664,0.5696879625320435,-0.4069842994213104
1790341562747756000,21.785756103515624,9.779109001159668,0.6087391376495361,-0.4109214246273041
1790341562764224500,21.802224609375,9.776904106140137,0.6326576471328735,-0.4269461929798126
1790341562780663600,21.81866357421875,9.775032997131348,0.6505226492881775,-0.4426594078540802
1790341562797151000,21.83515087890625,9.773326873779297,0.6697443127632141,-0.45155957341194153
1790341562813590300,21.85159033203125,9.770954132080078,0.6909972429275513,-0.4704974293708801
1790341562830029800,21.86802978515625,9.76941967010498,0.7073753476142883,-0.4779653549194336
1790341562846557000,21.884556884765626,9.768473625183105,0.7146598696708679,-0.4863779544830322
1790341562862997500,21.90099755859375,9.76797103881836,0.7117390036582947,-0.5005594491958618
1790341562879452000,21.917451904296875,9.767768859863281,0.7088857293128967,-0.5084863901138306
1790341562895913200,21.933913330078123,9.76679515838623,0.7198278903961182,-0.5118076801300049
1790341562912353500,21.950353515625,9.765871047973633,0.7273507118225098,-0.5187544822692871
1790341562928795100,21.966795166015626,9.765140533447266,0.7325333952903748,-0.5251725316047668
1790341562945279000,21.983279052734375,9.765053749084473,0.7301982045173645,-0.5300188660621643
1790341562961744600,21.99974462890625,9.765030860900879,0.7188717126846313,-0.5456926822662354
1790341562978203600,22.01620361328125,9.764603614807129,0.7090075016021729,-0.5658782124519348
1790341562994676200,22.03267626953125,9.76469612121582,0.6952046155929565,-0.5812020897865295
1790341563011121000,22.049120849609373,9.764954566955566,0.6692596077919006,-0.6067479848861694
1790341563027563800,22.065563720703125,9.764663696289062,0.6544520258903503,-0.6272339224815369
1790341563044019000,22.08201904296875,9.764233589172363,0.6402155756950378,-0.6482818126678467
1790341563060421000,22.098421142578125,9.763147354125977,0.6266543865203857,-0.6772409081459045
1790341563076800000,22.114800048828126,9.762556076049805,0.6161338090896606,-0.6951727867126465
1790341563093269800,22.131269775390624,9.761361122131348,0.6121838092803955,-0.7151524424552917
1790341563109747500,22.14774755859375,9.760050773620605,0.6012937426567078,-0.7417793273925781
1790341563126192600,22.164192626953124,9.761136054992676,0.5794327855110168,-0.7449008226394653
1790341563142640000,22.18064013671875,9.761099815368652,0.5635048151016235,-0.7574849724769592
1790341563159086600,22.197086669921877,9.761062622070312,0.55029296875,-0.7676067352294922
1790341563175535400,22.213535400390626,9.761345863342285,0.5476051568984985,-0.7659218311309814
1790341563191984600,22.229984619140627,9.762131690979004,0.5275089740753174,-0.7700129151344299
1790341563208430800,22.246430908203124,9.763195991516113,0.49893343448638916,-0.7755392789840698
1790341563224874200,22.262874267578123,9.764121055603027,0.49396419525146484,-0.7670183777809143
1790341563241316400,22.27931640625,9.763863563537598,0.4984121024608612,-0.7674290537834167
1790341563257758200,22.29575830078125,9.763541221618652,0.49718764424324036,-0.7723037004470825
1790341563274200000,22.312199951171873,9.76550579071045,0.4851652979850769,-0.7549169063568115
1790341563290656800,22.32865673828125,9.765296936035156,0.47712644934654236,-0.7627018094062805
1790341563307101400,22.345101318359376,9.76621150970459,0.4784812927246094,-0.7500422596931458
1790341563323547600,22.361547607421876,9.767322540283203,0.4811854362487793,-0.7336627840995789
1790341563340021000,22.37802099609375,9.767173767089844,0.4813692271709442,-0.7355160117149353
1790341563356462600,22.394462646484374,9.76857852935791,0.47253304719924927,-0.7224745750427246
1790341563372904700,22.41090478515625,9.769857406616211,0.4581725001335144,-0.7143898010253906
1790341563389347800,22.427347900390625,9.770204544067383,0.45502743124961853,-0.7116394639015198
1790341563405790200,22.443790283203125,9.770648002624512,0.4585314095020294,-0.7032507061958313
1790341563422278100,22.460278076171875,9.771782875061035,0.4577085077762604,-0.6878609657287598
1790341563438727000,22.476726806640624,9.771248817443848,0.4598942995071411,-0.6939594745635986
1790341563455170800,22.4931708984375,9.77198600769043,0.4588008522987366,-0.6842373609542847
1790341563471613700,22.50961376953125,9.772931098937988,0.4531998932361603,-0.6743959188461304
1790341563488088000,22.526088134765626,9.77253532409668,0.45685064792633057,-0.6776539087295532
1790341563504531500,22.542531494140626,9.772473335266113,0.4522029459476471,-0.6816512942314148
1790341563520972800,22.558972900390625,9.77393627166748,0.4429130554199219,-0.6666271090507507
1790341563537436700,22.575436767578125,9.773903846740723,0.4426581859588623,-0.6672601699829102
1790341563553882000,22.591882080078125,9.774393081665039,0.43153220415115356,-0.6673957705497742
1790341563570324200,22.60832421875,9.776104927062988,0.4145786464214325,-0.6528960466384888
1790341563586796300,22.62479638671875,9.776389122009277,0.39361050724983215,-0.6615795493125916
1790341563603236000,22.641236083984374,9.776904106140137,0.37462303042411804,-0.66498202085495
1790341563619677000,22.657677001953125,9.778030395507812,0.35675472021102905,-0.6581939458847046
1790341563636121300,22.674121337890625,9.77807903289795,0.34492138028144836,-0.6637738347053528
1790341563652617700,22.69061767578125,9.777685165405273,0.3067804276943207,-0.6878542900085449
1790341563669061600,22.7070615234375,9.77901840209961,0.2837185561656952,-0.6787344813346863
1790341563685525800,22.72352587890625,9.77983283996582,0.25453540682792664,-0.6785776019096375
1790341563701969200,22.73996923828125,9.779707908630371,0.2359703928232193,-0.6870329976081848
1790341563718413800,22.756413818359373,9.780702590942383,0.217421293258667,-0.6789477467536926
1790341563734856200,22.772856201171876,9.781206130981445,0.19451381266117096,-0.6786469221115112
1790341563751231700,22.789231689453125,9.782155990600586,0.1769603043794632,-0.6697100400924683
1790341563767672000,22.805672119140624,9.784274101257324,0.14158785343170166,-0.6467708349227905
1790341563784135000,22.822135009765624,9.785999298095703,0.11559249460697174,-0.6255035996437073
1790341563800577800,22.838577880859376,9.786897659301758,0.11408247798681259,-0.6115579605102539
1790341563817023200,22.855023193359376,9.788582801818848,0.10906820744276047,-0.5849247574806213
1790341563833496800,22.871496826171875,9.790214538574219,0.0945354551076889,-0.5596002340316772
1790341563849940700,22.887940673828126,9.79049015045166,0.08485842496156693,-0.5563115477561951
1790341563866382300,22.90438232421875,9.791746139526367,0.08047731965780258,-0.5344298481941223
1790341563882823200,22.9208232421875,9.792835235595703,0.07608240842819214,-0.5147518515586853
1790341563899269600,22.93726953125,9.793051719665527,0.07345407456159592,-0.5110096335411072
1790341563915711500,22.95371142578125,9.793709754943848,0.05699487030506134,-0.5003823637962341
1790341563932156400,22.970156494140625,9.794417381286621,0.05318379029631615,-0.48677295446395874
1790341563948597000,22.986596923828124,9.794429779052734,0.05148988589644432,-0.4867066442966461
1790341563965036000,23.0030361328125,9.795036315917969,0.04411786049604416,-0.4750784635543823
1790341563981507800,23.0195078125,9.795784950256348,0.03157937526702881,-0.460411012172699
1790341563997955600,23.03595556640625,9.794833183288574,0.021253125742077827,-0.48081451654434204
1790341564014402000,23.052402099609374,9.795966148376465,0.02100146934390068,-0.45714953541755676
1790341564030870800,23.068870849609375,9.795954704284668,0.025185128673911095,-0.4572000205516815
1790341564047314200,23.085314208984375,9.795480728149414,0.01643281802535057,-0.46763554215431213
1790341564063697200,23.101697265625,9.795653343200684,-0.006978287361562252,-0.4642522931098938
1790341564080171500,23.118171630859376,9.795761108398438,-0.018045280128717422,-0.46165868639945984
1790341564096561200,23.13456103515625,9.795977592468262,-0.022567156702280045,-0.4568426311016083
1790341564113007000,23.151007080078124,9.796161651611328,-0.022103164345026016,-0.4529005289077759
1790341564129448400,23.167448486328126,9.796696662902832,-0.03892116621136665,-0.44002410769462585
1790341564145983500,23.1839833984375,9.796648979187012,-0.06258290261030197,-0.43834495544433594
1790341564162427000,23.200427001953123,9.796454429626465,-0.06938373297452927,-0.44165217876434326
1790341564178872000,23.2168720703125,9.796628952026367,-0.07525855302810669,-0.4367842674255371
1790341564195311400,23.233311279296874,9.797028541564941,-0.0787639394402504,-0.4270971417427063
1790341564211751200,23.249751220703125,9.797260284423828,-0.08062580972909927,-0.4213900566101074
1790341564228194000,23.266194091796876,9.797343254089355,-0.09626133739948273,-0.4161471128463745
1790341564243607600,23.281607666015624,9.79716968536377,-0.10376644879579544,-0.4184406101703644
1790341564260049700,23.298049560546875,9.796926498413086,-0.1291133314371109,-0.4170731008052826
1790341564276504000,23.314504150390626,9.797176361083984,-0.12496421486139297,-0.41242897510528564
1790341564292945700,23.330945556640625,9.79757308959961,-0.11759161949157715,-0.4051181674003601
1790341564309388300,23.34738818359375,9.798042297363281,-0.11591105163097382,-0.3941080868244171
1790341564325859600,23.363859619140626,9.797659873962402,-0.12903369963169098,-0.3994970917701721
1790341564342301200,23.38030126953125,9.79802417755127,-0.139813631772995,-0.38674044609069824
1790341564358745300,23.396745361328126,9.797892570495605,-0.14998960494995117,-0.38624250888824463
1790341564375188500,23.4131884765625,9.798022270202637,-0.14857342839241028,-0.38348618149757385
1790341564391632100,23.429632080078125,9.798337936401367,-0.14608392119407654,-0.37632930278778076
1790341564408073700,23.44607373046875,9.798168182373047,-0.145936518907547,-0.38076329231262207
1790341564424521200,23.462521240234373,9.797865867614746,-0.15395194292068481,-0.38537055253982544
1790341564440896300,23.478896240234373,9.797344207763672,-0.16889704763889313,-0.39229968190193176
1790341564457337900,23.495337890625,9.797264099121094,-0.16597700119018555,-0.3955477476119995
1790341564473809400,23.511809326171875,9.797136306762695,-0.1540173590183258,-0.40347015857696533
1790341564490251000,23.5282509765625,9.796900749206543,-0.13753961026668549,-0.4149818420410156
1790341564506694700,23.544694580078126,9.796606063842773,-0.12507767975330353,-0.4257291555404663
1790341564523164000,23.561163818359375,9.795565605163574,-0.12084689736366272,-0.4502083361148834
1790341564539607600,23.577607666015624,9.793885231018066,-0.12315777689218521,-0.48481515049934387
1790341564556048400,23.59404833984375,9.792226791381836,-0.11499200016260147,-0.5190908908843994
1790341564572517000,23.61051708984375,9.790589332580566,-0.12320456653833389,-0.547337532043457
1790341564588958700,23.626958740234375,9.789172172546387,-0.1981973797082901,-0.5506447553634644
1790341564605401900,23.64340185546875,9.78722095489502,-0.303672194480896,-0.5370915532112122
1790341564621844000,23.659843994140626,9.783543586730957,-0.43290257453918457,-0.5150254368782043
1790341564638285300,23.676285400390626,9.780387878417969,-0.5097618699073792,-0.5045173764228821
1790341564654723300,23.692723388671876,9.78307819366455,-0.46610602736473083,-0.49448055028915405
1790341564671182600,23.7091826171875,9.787860870361328,-0.30568793416023254,-0.5241324305534363
1790341564687619600,23.72561962890625,9.79062557220459,-0.15953710675239563,-0.5372006297111511
1790341564704058400,23.742058349609376,9.790793418884277,-0.07668891549110413,-0.5521531105041504
1790341564720497400,23.758497314453123,9.791644096374512,-0.04647388309240341,-0.5403080582618713
1790341564736934400,23.774934326171874,9.79259967803955,-0.03630738705396652,-0.5235133767127991
1790341564753375000,23.791375,9.791833877563477,-0.04329410195350647,-0.5371373295783997
1790341564769836800,23.8078369140625,9.790064811706543,-0.03253659978508949,-0.5691850781440735
1790341564786274600,23.824274658203127,9.79112720489502,-0.007946913130581379,-0.5514963269233704
1790341564802716200,23.840716064453126,9.790517807006836,-0.006152092944830656,-0.5622460842132568
1790341564819193300,23.857193359375,9.789118766784668,-0.016857720911502838,-0.5858839154243469
1790341564835643600,23.8736435546875,9.79006290435791,-0.0329849012196064,-0.5691769123077393
1790341564852091000,23.8900908203125,9.790166854858398,-0.0333905853331089,-0.5673615336418152
1790341564868533200,23.906533203125,9.789225578308105,0.0024960271548479795,-0.5843309760093689
1790341564884977200,23.92297705078125,9.789741516113281,0.04650089144706726,-0.5737529397010803
1790341564901418500,23.93941845703125,9.790775299072266,0.05406217649579048,-0.5551407933235168
1790341564917860000,23.955860107421874,9.789297103881836,0.04408753663301468,-0.5814711451530457
1790341564934299100,23.972299072265624,9.78933048248291,0.04577602073550224,-0.5807745456695557
1790341564950739200,23.9887392578125,9.789596557617188,0.07860083878040314,-0.5727221965789795
1790341564967210000,24.0052099609375,9.78955078125,0.11101952940225601,-0.5681090950965881
1790341564983650800,24.02165087890625,9.78879451751709,0.12465018033981323,-0.5782350897789001
1790341565000091400,24.03809130859375,9.789104461669922,0.12490742653608322,-0.5729084610939026
1790341565016553200,24.05455322265625,9.78744888305664,0.12988542020320892,-0.5994556546211243
1790341565032994800,24.070994873046875,9.785243034362793,0.13310778141021729,-0.6337964534759521
1790341565049436200,24.087436279296874,9.783106803894043,0.15186449885368347,-0.6619267463684082
1790341565065854500,24.1038544921875,9.7826566696167,0.14372582733631134,-0.6703409552574158
1790341565082292700,24.120292724609374,9.78205394744873,0.144562765955925,-0.6788961291313171
1790341565098733600,24.136733642578125,9.780950546264648,0.12408265471458435,-0.6985670328140259
1790341565115114000,24.153114013671875,9.781543731689453,0.12169667333364487,-0.6906357407569885
1790341565131555000,24.16955517578125,9.782129287719727,0.1122051551938057,-0.6839149594306946
1790341565147994600,24.18599462890625,9.779644012451172,0.11805308610200882,-0.7176381349563599
1790341565164441600,24.202441650390625,9.781009674072266,0.13473238050937653,-0.69576096534729
1790341565180882700,24.218882568359376,9.780231475830078,0.15671172738075256,-0.7020722031593323
1790341565197324300,24.23532421875,9.780354499816895,0.1742154061794281,-0.6962085366249084
1790341565213803300,24.25180322265625,9.780961036682129,0.15470868349075317,-0.69228196144104
1790341565230247000,24.268246826171875,9.780052185058594,0.11012361198663712,-0.7133320569992065
1790341565246689000,24.28468896484375,9.780964851379395,0.08060707896947861,-0.7047111988067627
1790341565263171600,24.301171630859375,9.780402183532715,0.08506865054368973,-0.7119539380073547
1790341565279613400,24.317613525390627,9.781158447265625,0.0983397364616394,-0.6997501850128174
1790341565296055300,24.33405517578125,9.7793550491333,0.07916467636823654,-0.7268657088279724
1790341565312556300,24.350556396484375,9.779031753540039,0.023620164021849632,-0.735094428062439
1790341565328996900,24.366996826171874,9.780488967895508,-0.00509679364040494,-0.7158249616622925
1790341565345467100,24.383467041015624,9.779555320739746,-0.023943185806274414,-0.7280873656272888
1790341565361941200,24.399941162109375,9.778938293457031,-0.015614534728229046,-0.7365564703941345
1790341565378378800,24.416378662109373,9.779756546020508,-0.0237113144248724,-0.725378692150116
1790341565394844700,24.4328447265625,9.779507637023926,-0.04380195215344429,-0.7278112173080444
1790341565411287800,24.449287841796874,9.778533935546875,-0.05988867208361626,-0.7396449446678162
1790341565427758000,24.465758056640624,9.777885437011719,-0.08134027570486069,-0.7461314797401428
1790341565444242400,24.482242431640625,9.778550148010254,-0.09567971527576447,-0.7356575727462769
1790341565460706600,24.49870654296875,9.777765274047852,-0.07740085572004318,-0.748131275177002
1790341565477179400,24.515179443359376,9.777444839477539,-0.03988432139158249,-0.7552275657653809
1790341565493622800,24.531622802734375,9.777325630187988,-0.0085061090067029,-0.7577812671661377
1790341565510025200,24.548025146484374,9.776517868041992,0.020435433834791183,-0.7679076194763184
1790341565526464500,24.564464599609376,9.775555610656738,0.06419723480939865,-0.7776702642440796
1790341565542905600,24.580905517578124,9.774821281433105,0.11340048164129257,-0.7812828421592712
1790341565559400000,24.59739990234375,9.773438453674316,0.15380753576755524,-0.7916061282157898
1790341565575839200,24.613839111328126,9.77182674407959,0.1863665133714676,-0.8044002652168274
1790341565592303400,24.630303466796875,9.77045726776123,0.21762213110923767,-0.8131292462348938
1790341565608747500,24.64674755859375,9.768828392028809,0.2421232908964157,-0.8256810903549194
1790341565625193000,24.66319287109375,9.767670631408691,0.2549499273300171,-0.8354648947715759
1790341565641666000,24.679666015625,9.766409873962402,0.27383729815483093,-0.8441788554191589
1790341565658056400,24.696056396484376,9.765829086303711,0.27902254462242126,-0.8491895198822021
1790341565674527200,24.71252734375,9.764784812927246,0.27908259630203247,-0.8610863089561462
1790341565690967300,24.72896728515625,9.763264656066895,0.284165620803833,-0.8765305280685425
1790341565707425500,24.745425537109377,9.762639999389648,0.2777485251426697,-0.8854896426200867
1790341565723892000,24.76189208984375,9.761221885681152,0.2510209083557129,-0.9088007807731628
1790341565740331300,24.778331298828125,9.760849952697754,0.2195652425289154,-0.9208597540855408
1790341565756824800,24.794824951171876,9.760257720947266,0.19416235387325287,-0.9327704310417175
1790341565773264100,24.81126416015625,9.759596824645996,0.17907419800758362,-0.9426518082618713
1790341565789635800,24.8276357421875,9.759108543395996,0.1733531504869461,-0.9487543106079102
1790341565806129400,24.84412939453125,9.758709907531738,0.17408329248428345,-0.9527090191841125
1790341565822569000,24.86056884765625,9.758758544921875,0.17035114765167236,-0.9528912305831909
1790341565839039500,24.87703955078125,9.758943557739258,0.162863090634346,-0.9523028135299683
1790341565855481900,24.89348193359375,9.758931159973145,0.15668317675590515,-0.9534621238708496
1790341565871926000,24.909926025390625,9.758926391601562,0.16079269349575043,-0.9528345465660095
1790341565888398000,24.926398193359375,9.759159088134766,0.17751729488372803,-0.9474582672119141
1790341565904848400,24.942848388671877,9.759695053100586,0.1918574571609497,-0.9391133189201355
1790341565921320200,24.9593203125,9.759873390197754,0.21325427293777466,-0.9326156973838806
1790341565937766000,24.975765869140623,9.759354591369629,0.2440049797296524,-0.9305106401443481
1790341565954129400,24.99212939453125,9.758149147033691,0.2893473207950592,-0.930158257484436
1790341565970602200,25.008602294921875,9.75646686553955,0.3362589478492737,-0.9320259690284729
1790341565987044000,25.025044189453126,9.754743576049805,0.3743031322956085,-0.9355552196502686
1790341566003444500,25.041444580078124,9.753499984741211,0.39713039994239807,-0.9391098618507385
1790341566019885000,25.057885009765624,9.75240707397461,0.41785404086112976,-0.9414560794830322
1790341566036326000,25.074325927734375,9.75135612487793,0.4376528859138489,-0.9433457851409912
1790341566052826000,25.090826171875,9.750269889831543,0.4507787525653839,-0.9483821988105774
1790341566068342000,25.106342041015626,9.749970436096191,0.452539324760437,-0.9506104588508606
1790341566084811300,25.122811279296876,9.749187469482422,0.46020132303237915,-0.9549601078033447
1790341566101254000,25.13925390625,9.748393058776855,0.4657493531703949,-0.9603663682937622
1790341566117695700,25.15569580078125,9.747199058532715,0.4707203209400177,-0.9700101017951965
1790341566134142200,25.17214208984375,9.745326042175293,0.4718822240829468,-0.9881009459495544
1790341566150589200,25.188589111328124,9.743708610534668,0.47526323795318604,-1.0023256540298462
1790341566166984000,25.20498388671875,9.74193286895752,0.47651275992393494,-1.0188581943511963
1790341566183423200,25.22142333984375,9.740636825561523,0.4694850444793701,-1.0343900918960571
1790341566199882200,25.23788232421875,9.738348960876465,0.4622049629688263,-1.058927059173584
1790341566216351000,25.25435107421875,9.736346244812012,0.45988285541534424,-1.0781723260879517
1790341566232792300,25.270792236328123,9.734710693359375,0.45646053552627563,-1.094271183013916
1790341566249288200,25.2872880859375,9.732677459716797,0.45087704062461853,-1.1144936084747314
1790341566265730300,25.303730224609374,9.730790138244629,0.44207602739334106,-1.1343234777450562
1790341566282177000,25.320177001953127,9.728195190429688,0.43399107456207275,-1.159417986869812
1790341566298675700,25.33667578125,9.726593017578125,0.4215291738510132,-1.1773239374160767
1790341566315116800,25.35311669921875,9.723641395568848,0.41602203249931335,-1.2033777236938477
1790341566331586800,25.3695869140625,9.722489356994629,0.4080825448036194,-1.2153364419937134
1790341566348026400,25.3860263671875,9.719551086425781,0.4034271836280823,-1.240143895149231
1790341566364464400,25.40246435546875,9.716653823852539,0.40365588665008545,-1.262569785118103
1790341566380929500,25.418929443359374,9.714909553527832,0.4061688184738159,-1.2751247882843018
1790341566397372000,25.435371826171874,9.71222972869873,0.4173988401889801,-1.291804552078247
1790341566413835300,25.451835205078126,9.709763526916504,0.43659287691116333,-1.3039460182189941
1790341566430275800,25.46827587890625,9.70770263671875,0.45990046858787537,-1.3112521171569824
1790341566446738000,25.484738037109373,9.705169677734375,0.479339599609375,-1.3229868412017822
1790341566463205600,25.50120556640625,9.702953338623047,0.4982409179210663,-1.3322324752807617
1790341566479662000,25.517662109375,9.700868606567383,0.516252875328064,-1.34052574634552
1790341566496067000,25.534067138671876,9.699758529663086,0.5297134518623352,-1.343309760093689
1790341566512503600,25.550503662109374,9.69908332824707,0.5423082113265991,-1.343163251876831
1790341566528938800,25.566938720703124,9.6986665725708,0.551372230052948,-1.3424795866012573
1790341566545431300,25.583431396484375,9.698983192443848,0.5552573800086975,-1.3385777473449707
1790341566561866500,25.599866455078125,9.699555397033691,0.5555469989776611,-1.3343106508255005
1790341566578329000,25.6163291015625,9.69992733001709,0.5507267713546753,-1.3336008787155151
1790341566594768100,25.63276806640625,9.70028018951416,0.5562950372695923,-1.3287162780761719
1790341566611207200,25.649207275390626,9.701377868652344,0.55064857006073,-1.3230438232421875
1790341566627670500,25.66567041015625,9.70199966430664,0.5470637083053589,-1.3199677467346191
1790341566644112400,25.6821123046875,9.703496932983398,0.5356794595718384,-1.313608169555664
1790341566660576000,25.698575927734375,9.704047203063965,0.5283029079437256,-1.3125370740890503
1790341566677012000,25.715011962890625,9.704848289489746,0.5234326720237732,-1.3085565567016602
1790341566693470000,25.731469970703124,9.705769538879395,0.5232076644897461,-1.3017988204956055
1790341566709933800,25.747933837890624,9.707047462463379,0.5168079733848572,-1.294803261756897
1790341566726370800,25.764370849609374,9.707470893859863,0.5152456164360046,-1.2922533750534058
1790341566742861300,25.780861328125,9.708974838256836,0.5081275701522827,-1.2837445735931396
1790341566759300400,25.79730029296875,9.709426879882812,0.5059300065040588,-1.2811915874481201
1790341566775739100,25.8137392578125,9.709478378295898,0.5125758647918701,-1.2781574726104736
1790341566792237800,25.83023779296875,9.709312438964844,0.5205149054527283,-1.2762068510055542
1790341566808615200,25.846615234375,9.709123611450195,0.5269153118133545,-1.2750109434127808
1790341566825085000,25.8630849609375,9.708076477050781,0.5334234833717346,-1.2802770137786865
1790341566841524500,25.8795244140625,9.70801067352295,0.5391512513160706,-1.2783702611923218
1790341566857964500,25.895964599609375,9.70690631866455,0.5483179092407227,-1.2828480005264282
1790341566874431000,25.912430908203124,9.706053733825684,0.5584712624549866,-1.2849183082580566
1790341566890875600,25.928875732421876,9.705777168273926,0.5645418167114258,-1.284354329109192
1790341566907345200,25.94534521484375,9.705057144165039,0.5686563849449158,-1.2879812717437744
1790341566923784000,25.961783935546876,9.704255104064941,0.5725472569465637,-1.292288899421692
1790341566940254700,25.978254638671874,9.703293800354004,0.5726810693740845,-1.2994292974472046
1790341566956721700,25.9947216796875,9.70252799987793,0.5740361213684082,-1.3045384883880615
1790341566973160700,26.01116064453125,9.701835632324219,0.5767579674720764,-1.3084779977798462
1790341566989563400,26.0275634765625,9.701765060424805,0.5793132185935974,-1.3078747987747192
1790341567006006300,26.04400634765625,9.701480865478516,0.5744022727012634,-1.3121442794799805
1790341567022448600,26.06044873046875,9.701571464538574,0.5743960738182068,-1.311475157737732
1790341567038944500,26.076944580078123,9.701488494873047,0.5708625316619873,-1.3136268854141235
1790341567055384800,26.093384765625,9.701558113098145,0.5712974071502686,-1.3129254579544067
1790341567071800000,26.109800048828124,9.701986312866211,0.567866325378418,-1.3112528324127197
1790341567088139000,26.126138916015623,9.702885627746582,0.5649945735931396,-1.305829644203186
1790341567104578800,26.142578857421874,9.703018188476562,0.5680699944496155,-1.303505778312683
1790341567121091800,26.159091796875,9.7039155960083,0.5675553679466248,-1.2970335483551025
1790341567137537800,26.175537841796874,9.704710960388184,0.5656958818435669,-1.291879653930664
1790341567153938000,26.19193798828125,9.705140113830566,0.5644775032997131,-1.2891861200332642
1790341567170378200,26.208378173828127,9.7053861618042,0.5734032988548279,-1.283380389213562
1790341567186835200,26.224835205078126,9.705343246459961,0.581541121006012,-1.280043363571167
1790341567203301000,26.241301025390626,9.705642700195312,0.5850878953933716,-1.276153326034546
1790341567219739000,26.25773876953125,9.706010818481445,0.5890700221061707,-1.2715134620666504
1790341567236230100,26.274230224609376,9.705875396728516,0.5980423092842102,-1.2683483362197876
1790341567252667600,26.290667724609374,9.705900192260742,0.6059957146644592,-1.2643821239471436
1790341567269113600,26.307113525390626,9.705863952636719,0.6106986999511719,-1.262396216392517
1790341567285614800,26.32361474609375,9.70621109008789,0.6083166599273682,-1.2608731985092163
1790341567302059500,26.3400595703125,9.707465171813965,0.6080318689346313,-1.251325011253357
1790341567318528300,26.3565283203125,9.707685470581055,0.6108344197273254,-1.2482402324676514
1790341567334967800,26.3729677734375,9.708982467651367,0.6048701405525208,-1.2410367727279663
1790341567351411200,26.3894111328125,9.709249496459961,0.6020439863204956,-1.2403258085250854
1790341567367880400,26.40588037109375,9.70933723449707,0.5943677425384521,-1.2433353662490845
1790341567384329500,26.42232958984375,9.710471153259277,0.5847867131233215,-1.2390148639678955
1790341567400802300,26.43880224609375,9.710509300231934,0.5773286819458008,-1.2422131299972534
1790341567417246200,26.45524609375,9.710769653320312,0.5762509107589722,-1.2406738996505737
1790341567433706200,26.471706298828124,9.711503028869629,0.5591556429862976,-1.24275541305542
1790341567450177500,26.488177490234374,9.712346076965332,0.5482174754142761,-1.2410403490066528
1790341567466622000,26.5046220703125,9.712244033813477,0.5449343323707581,-1.2432827949523926
1790341567483007700,26.5210078125,9.712159156799316,0.5427119731903076,-1.2449142932891846
1790341567499451000,26.537450927734376,9.711922645568848,0.5326375365257263,-1.251094937324524
1790341567515894300,26.553894287109376,9.71192741394043,0.5210254788398743,-1.2559391260147095
1790341567532395500,26.5703955078125,9.71168041229248,0.5189547538757324,-1.2587085962295532
1790341567548838700,26.586838623046877,9.712023735046387,0.5188412666320801,-1.2560981512069702
1790341567565311000,26.60331103515625,9.71187973022461,0.5196199417114258,-1.2568947076797485
1790341567581755400,26.61975537109375,9.711947441101074,0.5212389230728149,-1.2556947469711304
1790341567598198500,26.636198486328126,9.71158218383789,0.5240076184272766,-1.2573744058609009
1790341567614667000,26.6526669921875,9.711370468139648,0.5256696939468384,-1.258310317993164
1790341567631112400,26.669112548828124,9.711020469665527,0.5277658700942993,-1.260135293006897
1790341567647582200,26.685582275390626,9.710769653320312,0.5333758592605591,-1.2597078084945679
1790341567664061400,26.7020615234375,9.71023941040039,0.5394651293754578,-1.2611979246139526
1790341567680521700,26.718521728515626,9.709773063659668,0.5439738631248474,-1.262851357460022
1790341567696991500,26.734991455078124,9.7090482711792,0.5474087595939636,-1.266929268836975
1790341567713434600,26.7514345703125,9.708739280700684,0.5476082563400269,-1.269209861755371
1790341567729930200,26.76793017578125,9.70767879486084,0.5461610555648804,-1.2779128551483154
1790341567746373000,26.784373046875,9.707858085632324,0.5419485569000244,-1.27834951877594
1790341567762816300,26.800816162109374,9.707626342773438,0.5393494963645935,-1.2812055349349976
1790341567779313200,26.817313232421874,9.706737518310547,0.5386596322059631,-1.2882094383239746
1790341567795758000,26.833758056640626,9.707226753234863,0.5315799117088318,-1.2874633073806763
1790341567812229600,26.850229736328124,9.70611572265625,0.5337167382240295,-1.2949354648590088
1790341567828671500,26.86667138671875,9.706256866455078,0.5288425087928772,-1.2958728075027466
1790341567845116400,26.883116455078124,9.705249786376953,0.525635838508606,-1.304691195487976
1790341567861590300,26.89959033203125,9.706448554992676,0.517749011516571,-1.298915982246399
1790341567878038500,26.91603857421875,9.705628395080566,0.5246062278747559,-1.3022881746292114
1790341567894514400,26.932514404296874,9.706262588500977,0.5223036408424377,-1.2984791994094849
1790341567910959600,26.948959716796875,9.705781936645508,0.5097294449806213,-1.307044506072998
1790341567927420200,26.965420166015626,9.705615997314453,0.505322277545929,-1.3099877834320068
1790341567943892000,26.98189208984375,9.706336975097656,0.50171959400177,-1.3060237169265747
1790341567960335000,26.998335205078124,9.705890655517578,0.49790099263191223,-1.3107908964157104
1790341567976743000,27.014742919921876,9.705841064453125,0.49440521001815796,-1.3124769926071167
1790341567993185800,27.031185791015623,9.707047462463379,0.47641655802726746,-1.3102121353149414
1790341568009628700,27.047628662109375,9.707047462463379,0.45834779739379883,-1.3166370391845703
1790341568026131200,27.064131103515624,9.707916259765625,0.4384278953075409,-1.3170135021209717
1790341568042577200,27.0805771484375,9.70805549621582,0.42285096645355225,-1.3210715055465698
1790341568059019300,27.097019287109376,9.707198143005371,0.4018155634403229,-1.3338786363601685
1790341568075466800,27.113466796875,9.708166122436523,0.37426599860191345,-1.3348486423492432
1790341568091918000,27.12991796875,9.70860481262207,0.3504708409309387,-1.3381155729293823
1790341568108431000,27.14643115234375,9.70808219909668,0.33796605467796326,-1.3451032638549805
1790341568124883200,27.16288330078125,9.707381248474121,0.3350647985935211,-1.3508747816085815
1790341568141355800,27.179355712890626,9.705918312072754,0.3373619616031647,-1.3607815504074097
1790341568157802800,27.195802734375,9.705756187438965,0.3376757502555847,-1.361863136291504
1790341568174209800,27.212209716796874,9.705316543579102,0.34192806482315063,-1.3639264106750488
1790341568190683400,27.228683349609376,9.70473861694336,0.347717821598053,-1.3665783405303955
1790341568207129300,27.24512939453125,9.705061912536621,0.3475309908390045,-1.3643226623535156
1790341568223626800,27.261626708984377,9.704253196716309,0.35113924741744995,-1.3691462278366089
1790341568240070700,27.278070556640625,9.70403003692627,0.349088191986084,-1.371248483657837
1790341568256514300,27.294514404296876,9.704120635986328,0.34377017617225647,-1.371949315071106
1790341568273017600,27.311017578125,9.704131126403809,0.33281806111335754,-1.3745757341384888
1790341568289466400,27.32746630859375,9.704608917236328,0.3118835985660553,-1.376107931137085
1790341568305940500,27.3439404296875,9.704066276550293,0.2982644736766815,-1.3829379081726074
1790341568322384600,27.360384521484374,9.70394229888916,0.27531543374061584,-1.3885552883148193
1790341568338828500,27.37682861328125,9.704469680786133,0.25529468059539795,-1.3887003660202026
1790341568355300000,27.393300048828124,9.703703880310059,0.23106761276721954,-1.3982603549957275
1790341568371749000,27.4097490234375,9.7046480178833,0.206834614276886,-1.3954981565475464
1790341568388220200,27.42622021484375,9.705365180969238,0.18428762257099152,-1.3936718702316284
1790341568404662800,27.442662841796874,9.705293655395508,0.1686631292104721,-1.3961435556411743
1790341568421023500,27.4590234375,9.705673217773438,0.14312705397605896,-1.3963590860366821
1790341568437494300,27.475494384765625,9.705069541931152,0.13357742130756378,-1.4014872312545776
1790341568453934300,27.491934326171876,9.704806327819824,0.11855155974626541,-1.4046592712402344
1790341568470341400,27.50834130859375,9.70390510559082,0.10219568759202957,-1.4121516942977905
1790341568486778600,27.524778564453126,9.703276634216309,0.09591339528560638,-1.4169032573699951
1790341568503216600,27.541216552734376,9.702704429626465,0.10022293031215668,-1.4205235242843628
1790341568519688200,27.557688232421874,9.701948165893555,0.10422716289758682,-1.4253860712051392
1790341568536131300,27.57413134765625,9.701521873474121,0.10636574029922485,-1.4281318187713623
1790341568552602000,27.59060205078125,9.700408935546875,0.10742156952619553,-1.435586929321289
1790341568569045500,27.60704541015625,9.699728965759277,0.11122038215398788,-1.439883828163147
1790341568585490000,27.623489990234376,9.699674606323242,0.11505787819623947,-1.4399527311325073
1790341568601962800,27.639962646484374,9.698101997375488,0.11666812002658844,-1.450382113456726
1790341568618411300,27.656411376953123,9.699291229248047,0.11754446476697922,-1.4423328638076782
1790341568634881300,27.67288134765625,9.699257850646973,0.11611304432153702,-1.442673683166504
1790341568651320300,27.6893203125,9.699958801269531,0.11595653742551804,-1.4379626512527466
1790341568667778000,27.705778076171875,9.700028419494629,0.11408687382936478,-1.4376420974731445
1790341568684247600,27.72224755859375,9.700949668884277,0.10899905115365982,-1.4318163394927979
1790341568700691500,27.73869140625,9.70151424407959,0.10438640415668488,-1.4283232688903809
1790341568717186600,27.7551865234375,9.701757431030273,0.09354071319103241,-1.4274221658706665
1790341568733627400,27.77162744140625,9.700963020324707,0.09377390146255493,-1.4327967166900635
1790341568750070800,27.78807080078125,9.703361511230469,0.0750664547085762,-1.4175798892974854
1790341568766571800,27.80457177734375,9.70309829711914,0.0642344281077385,-1.4199073314666748
1790341568783015200,27.82101513671875,9.70398998260498,0.05753284692764282,-1.414090633392334
1790341568799487000,27.837487060546874,9.704501152038574,0.05595456436276436,-1.4106413125991821
1790341568815930000,27.85393017578125,9.704567909240723,0.06515515595674515,-1.409787893295288
1790341568832375000,27.870375,9.70523738861084,0.05214505270123482,-1.405716896057129
1790341568848843300,27.88684326171875,9.705373764038086,0.04944934695959091,-1.404868245124817
1790341568865289000,27.9032890625,9.70498275756836,0.046559251844882965,-1.4076642990112305
1790341568881758500,27.919758544921876,9.704976081848145,0.054127056151628494,-1.4074413776397705
1790341568898201300,27.936201416015624,9.704912185668945,0.05877327546477318,-1.4076964855194092
1790341568914664000,27.952663818359376,9.705611228942871,0.06015493720769882,-1.4028116464614868
1790341568931138600,27.969138671875,9.704924583435059,0.061024781316518784,-1.4075167179107666
1790341568947582000,27.98558203125,9.704760551452637,0.05370784550905228,-1.408940315246582
1790341568963966200,28.00196630859375,9.703657150268555,0.06002945080399513,-1.4162745475769043
1790341568980405000,28.018405029296876,9.704113006591797,0.06585296988487244,-1.412880778312683
1790341568996844800,28.0348447265625,9.704814910888672,0.06548640131950378,-1.4080679416656494
1790341569013341200,28.051341064453126,9.704176902770996,0.05784885212779045,-1.4127956628799438
1790341569029782500,28.067782470703126,9.703630447387695,0.05975552648305893,-1.4164657592773438
1790341569046251300,28.084251220703123,9.704498291015625,0.049441199749708176,-1.4109094142913818
1790341569062646800,28.100646728515624,9.703457832336426,0.05593063682317734,-1.4178025722503662
1790341569079090700,28.117090576171876,9.704273223876953,0.057385217398405075,-1.4121533632278442
1790341569095560000,28.133559814453125,9.704265594482422,0.06333528459072113,-1.4119479656219482
1790341569112058000,28.15005810546875,9.703827857971191,0.06496632099151611,-1.4148873090744019
1790341569128527400,28.16652734375,9.70415210723877,0.06561258435249329,-1.4126214981079102
1790341569144970000,28.182969970703127,9.703211784362793,0.07093944400548935,-1.4188151359558105
1790341569161432000,28.19943212890625,9.703291893005371,0.07294990122318268,-1.4181681871414185
1790341569177901600,28.215901611328125,9.703081130981445,0.08242631703615189,-1.4190868139266968
1790341569194340900,28.2323408203125,9.702850341796875,0.08890106528997421,-1.4202691316604614
1790341569210821000,28.248821044921876,9.703055381774902,0.08929181843996048,-1.4188470840454102
1790341569227260000,28.265260009765626,9.701416015625,0.08778323978185654,-1.4301120042800903
1790341569243700500,28.281700439453125,9.70163631439209,0.08983374387025833,-1.4284858703613281
1790341569260196400,28.2981962890625,9.70150375366211,0.08872691541910172,-1.4294500350952148
1790341569276635400,28.314635498046876,9.698802947998047,0.09024547040462494,-1.4475696086883545
1790341569293076200,28.331076171875,9.702034950256348,0.09123162925243378,-1.4256863594055176
1790341569309517800,28.347517822265626,9.703856468200684,0.09798070043325424,-1.4127888679504395
1790341569325960700,28.363960693359374,9.701762199401855,0.10225465148687363,-1.4267942905426025
1790341569342434000,28.38043408203125,9.702068328857422,0.106483593583107,-1.4244059324264526
1790341569358881300,28.39688134765625,9.701681137084961,0.10927801579236984,-1.426824927330017
1790341569375351300,28.413351318359375,9.701033592224121,0.11176212131977081,-1.4310261011123657
1790341569391794000,28.4297939453125,9.701372146606445,0.11829046159982681,-1.4282026290893555
1790341569408256500,28.446256591796875,9.702363014221191,0.11998748034238815,-1.4213147163391113
1790341569424728000,28.46272802734375,9.703207015991211,0.1159927099943161,-1.4158772230148315
1790341569441172700,28.4791728515625,9.702648162841797,0.11008574813604355,-1.4201661348342896
1790341569457572900,28.49557275390625,9.703514099121094,0.09655929356813431,-1.4152305126190186
1790341569474015200,28.51201513671875,9.703072547912598,0.0878598541021347,-1.4188218116760254
1790341569490458000,28.5284580078125,9.703635215759277,0.09195446223020554,-1.4147051572799683
1790341569506958300,28.544958251953126,9.701725006103516,0.10041680932044983,-1.4271804094314575
1790341569523400000,28.56139990234375,9.703120231628418,0.09982388466596603,-1.4176996946334839
1790341569539870500,28.577870361328124,9.7024564743042,0.09574161469936371,-1.4225199222564697
1790341569556311300,28.594311279296875,9.703409194946289,0.09253741800785065,-1.4162144660949707
1790341569572754200,28.610754150390626,9.703638076782227,0.09903912246227264,-1.414208173751831
1790341569589224700,28.627224609375,9.704834938049316,0.09175334870815277,-1.4064671993255615
1790341569605673500,28.643673583984373,9.704667091369629,0.09231511503458023,-1.4075857400894165
1790341569622145800,28.660145751953124,9.70532512664795,0.0937267318367958,-1.4029507637023926
1790341569638590500,28.676590576171876,9.70762825012207,0.09766802191734314,-1.386651635169983
1790341569655050000,28.693050048828123,9.708479881286621,0.10340890288352966,-1.3802584409713745
1790341569671520000,28.70952001953125,9.71074390411377,0.09549801796674728,-1.3648167848587036
1790341569688006700,28.726006591796875,9.71092700958252,0.09479272365570068,-1.3635574579238892
1790341569704493600,28.74249365234375,9.711429595947266,0.09107369929552078,-1.3602341413497925
1790341569720941300,28.75894140625,9.70920181274414,0.10136117786169052,-1.3753257989883423
1790341569737389600,28.7753896484375,9.710243225097656,0.10686071962118149,-1.3675329685211182
1790341569753895700,28.791895751953124,9.709504127502441,0.11310319602489471,-1.3722678422927856
1790341569770344700,28.8083447265625,9.710918426513672,0.11730057746171951,-1.361869215965271
1790341569786820400,28.8248203125,9.710865020751953,0.12049125880002975,-1.361971139907837
1790341569803266000,28.84126611328125,9.710726737976074,0.11867281794548035,-1.3631181716918945
1790341569819709400,28.85770947265625,9.709968566894531,0.11918569356203079,-1.3684616088867188
1790341569836181800,28.874181640625,9.711849212646484,0.1187458410859108,-1.355089783668518
1790341569852608500,28.8906083984375,9.712555885314941,0.11561057716608047,-1.3502858877182007
1790341569869044200,28.907044189453124,9.71170711517334,0.11619455367326736,-1.3563305139541626
1790341569885484800,28.92348486328125,9.712411880493164,0.12171854078769684,-1.3507883548736572
1790341569901946400,28.9399462890625,9.711796760559082,0.12434669584035873,-1.3549638986587524
1790341569918410800,28.95641064453125,9.711113929748535,0.11881726235151291,-1.3603413105010986
1790341569934849300,28.972849365234374,9.712302207946777,0.12144552916288376,-1.351601004600525
1790341569951254300,28.989254150390625,9.712924003601074,0.12397168576717377,-1.3468945026397705
1790341569967697000,29.00569677734375,9.714449882507324,0.12338720262050629,-1.3359005451202393
1790341569984139000,29.022138916015624,9.71533203125,0.12046393752098083,-1.3297377824783325
1790341570000638000,29.038637939453125,9.714156150817871,0.12246197462081909,-1.3381179571151733
1790341570017081900,29.055081787109376,9.716254234313965,0.12142602354288101,-1.3228955268859863
1790341570033553000,29.071552978515626,9.717148780822754,0.11084014922380447,-1.3172430992126465
1790341570049996500,29.08799658203125,9.716877937316895,0.10731953382492065,-1.3195321559906006
1790341570066486500,29.104486572265625,9.718279838562012,0.11003803461790085,-1.3089388608932495
1790341570082959600,29.120959716796875,9.718697547912598,0.11283935606479645,-1.3055936098098755
1790341570099387000,29.137386962890623,9.718996047973633,0.09932783991098404,-1.304465651512146
1790341570115819300,29.1538193359375,9.71897029876709,0.08775138854980469,-1.3054898977279663
1790341570132262700,29.1702626953125,9.71959114074707,0.08666957914829254,-1.3009319305419922
1790341570148722700,29.18672265625,9.719186782836914,0.08753522485494614,-1.303898572921753
1790341570165192700,29.203192626953125,9.719850540161133,0.0892791822552681,-1.2988179922103882
1790341570181633800,29.2196337890625,9.719362258911133,0.07917725294828415,-1.3031150102615356
1790341570198006800,29.2360068359375,9.72002124786377,0.07387808710336685,-1.298508882522583
1790341570214449200,29.25244921875,9.721460342407227,0.06940211355686188,-1.287933349609375
1790341570230890200,29.26889013671875,9.721943855285645,0.06932776421308517,-1.2842893600463867
1790341570247388200,29.28538818359375,9.723426818847656,0.07521773874759674,-1.27267324924469
1790341570263830500,29.30183056640625,9.724486351013184,0.06803739815950394,-1.2649614810943604
1790341570280300300,29.31830029296875,9.724102020263672,0.06686422973871231,-1.267974615097046
1790341570296741000,29.3347412109375,9.725951194763184,0.06328801065683365,-1.2538907527923584
1790341570313180000,29.351179931640626,9.727295875549316,0.058573443442583084,-1.2436562776565552
1790341570329644300,29.367644287109375,9.7268648147583,0.06582126021385193,-1.2466561794281006
1790341570346090500,29.384090576171875,9.728673934936523,0.06569197028875351,-1.232469081878662
1790341570362557000,29.400556884765624,9.730210304260254,0.05834036320447922,-1.2206525802612305
1790341570378999000,29.4169990234375,9.729769706726074,0.05517594516277313,-1.224307894706726
1790341570395456300,29.433456298828126,9.730111122131348,0.056981898844242096,-1.221508264541626
1790341570411924200,29.44992431640625,9.731047630310059,0.060954783111810684,-1.2138264179229736
1790341570428366300,29.466366455078123,9.730981826782227,0.07352390140295029,-1.2136623859405518
1790341570444761000,29.482760986328124,9.731783866882324,0.07687303423881531,-1.2070040702819824
1790341570461205200,29.499205322265624,9.732876777648926,0.07377367466688156,-1.1983554363250732
1790341570477650000,29.51564990234375,9.733095169067383,0.07514668256044388,-1.196492314338684
1790341570494151000,29.53215087890625,9.734193801879883,0.08344386518001556,-1.1869713068008423
1790341570510599000,29.548598876953125,9.732799530029297,0.09130257368087769,-1.1977745294570923
1790341570527074800,29.56507470703125,9.73276424407959,0.09722988307476044,-1.197595477104187
1790341570543463000,29.581462890625,9.733256340026855,0.0992932841181755,-1.1934188604354858
1790341570559912400,29.597912353515625,9.732807159423828,0.09830302745103836,-1.1971617937088013
1790341570576389600,29.6143896484375,9.73259449005127,0.10900705307722092,-1.1979645490646362
1790341570592837400,29.63083740234375,9.731497764587402,0.11591668426990509,-1.2061922550201416
1790341570609308400,29.647308349609375,9.732473373413086,0.11028730124235153,-1.1988284587860107
1790341570625750300,29.663750244140626,9.731722831726074,0.10191073268651962,-1.205641746520996
1790341570642211000,29.680211181640626,9.734763145446777,0.08736030757427216,-1.1820019483566284
1790341570658683100,29.69668310546875,9.734432220458984,0.10351769626140594,-1.1834286451339722
1790341570675125800,29.713125732421876,9.735271453857422,0.11485884338617325,-1.1754518747329712
1790341570691609900,29.72960986328125,9.737044334411621,0.09844017028808594,-1.1621755361557007
1790341570708052700,29.746052734375,9.737378120422363,0.08289645612239838,-1.1605967283248901
1790341570724493300,29.762493408203124,9.736605644226074,0.09146218746900558,-1.1664186716079712
1790341570740992500,29.778992431640624,9.737637519836426,0.09826964139938354,-1.157214879989624
1790341570757437200,29.795437255859376,9.74052906036377,0.10824227333068848,-1.1317051649093628
1790341570773912300,29.811912353515623,9.740020751953125,0.1139197051525116,-1.1355178356170654
1790341570790357500,29.828357421875,9.73774528503418,0.10580741614103317,-1.155638575553894
1790341570806802700,29.844802734375,9.73796558380127,0.11327154189348221,-1.1530771255493164
1790341570823277600,29.861277587890626,9.739215850830078,0.12155907601118088,-1.141616702079773
1790341570839725800,29.877725830078123,9.736784934997559,0.13213081657886505,-1.1610068082809448
1790341570856199000,29.894198974609374,9.7371244430542,0.13987554609775543,-1.1572483777999878
1790341570872642800,29.910642822265626,9.736695289611816,0.14750632643699646,-1.1599140167236328
1790341570889009700,29.927009765625,9.737432479858398,0.1573561429977417,-1.152406096458435
1790341570905483000,29.94348291015625,9.736860275268555,0.16600750386714935,-1.1560171842575073
1790341570921926000,29.95992578125,9.736379623413086,0.17691972851753235,-1.1584495306015015
1790341570938326300,29.976326171875,9.736339569091797,0.19712331891059875,-1.1555153131484985
1790341570954770700,29.992770751953124,9.736109733581543,0.20944230258464813,-1.1552919149398804
1790341570971212800,30.009212890625,9.736160278320312,0.21800537407398224,-1.1532751321792603
1790341570987715800,30.0257158203125,9.733595848083496,0.22932635247707367,-1.1725605726242065
1790341571004162000,30.042162109375,9.73208236694336,0.23880743980407715,-1.1831872463226318
1790341571020637400,30.058637451171876,9.730559349060059,0.26988354325294495,-1.1890196800231934
1790341571037084700,30.075084716796876,9.729598045349121,0.30482038855552673,-1.188443899154663
1790341571053511700,30.09151171875,9.729667663574219,0.2998891770839691,-1.1891307830810547
1790341571069832000,30.10783203125,9.728854179382324,0.28291192650794983,-1.1998909711837769
1790341571086281700,30.12428173828125,9.730734825134277,0.28919166326522827,-1.183030605316162
1790341571102735000,30.140735107421875,9.730027198791504,0.30166295170783997,-1.185732364654541
1790341571119184000,30.157183837890624,9.729286193847656,0.3277508318424225,-1.1848853826522827
1790341571135648300,30.173648193359377,9.730473518371582,0.3380810618400574,-1.1721625328063965
1790341571152120800,30.190120849609375,9.732056617736816,0.33331096172332764,-1.1603349447250366
1790341571168565000,30.20656494140625,9.729172706604004,0.31125593185424805,-1.1902515888214111
1790341571185054200,30.22305419921875,9.728193283081055,0.31339213252067566,-1.1976773738861084
1790341571201460000,30.2394599609375,9.728792190551758,0.31546568870544434,-1.192253828048706
1790341571217867500,30.255867431640624,9.727054595947266,0.33198031783103943,-1.2019108533859253
1790341571234369000,30.272369140625,9.727800369262695,0.3333064913749695,-1.195495367050171
1790341571250811600,30.288811767578125,9.725515365600586,0.3289267420768738,-1.2151342630386353
1790341571267285800,30.30528564453125,9.726092338562012,0.30781280994415283,-1.2160462141036987
1790341571283732500,30.321732421875,9.727327346801758,0.29750746488571167,-1.208713412284851
1790341571300177200,30.33817724609375,9.727410316467285,0.3057231605052948,-1.20599365234375
1790341571316651000,30.354651123046875,9.7273588180542,0.31538915634155273,-1.2039165496826172
1790341571333100800,30.371100830078124,9.72764778137207,0.31868627667427063,-1.200708031654358
1790341571349574100,30.38757421875,9.728370666503906,0.29879507422447205,-1.1999644041061401
1790341571366020600,30.4040205078125,9.730203628540039,0.28002646565437317,-1.189585566520691
1790341571382489000,30.420489013671876,9.728598594665527,0.2682032287120819,-1.2053362131118774
1790341571398968300,30.43696826171875,9.729097366333008,0.2748917043209076,-1.1997860670089722
1790341571415411700,30.45341162109375,9.729965209960938,0.2822647988796234,-1.1910030841827393
1790341571431789300,30.469789306640624,9.730721473693848,0.2894097566604614,-1.1830793619155884
1790341571448231200,30.486231201171876,9.730316162109375,0.2924882471561432,-1.1856555938720703
1790341571464676000,30.502676025390624,9.731369972229004,0.2910405695438385,-1.1773383617401123
1790341571481175800,30.51917578125,9.730670928955078,0.292921245098114,-1.1826350688934326
1790341571497617000,30.535616943359376,9.730977058410645,0.29334908723831177,-1.1800071001052856
1790341571514090200,30.55209033203125,9.728323936462402,0.3059777021408081,-1.1985310316085815
1790341571530533000,30.568533203125,9.729985237121582,0.3133608400821686,-1.183040738105774
1790341571546990600,30.584990478515625,9.729785919189453,0.30821311473846436,-1.1860235929489136
1790341571563461000,30.601461181640627,9.727301597595215,0.2957455515861511,-1.209350347518921
1790341571579905300,30.6179052734375,9.729218482971191,0.2796758711338043,-1.1976932287216187
1790341571596372000,30.6343720703125,9.72852897644043,0.2698969542980194,-1.205512285232544
1790341571612813300,30.650813232421875,9.72792911529541,0.2432219386100769,-1.215986967086792
1790341571629274000,30.667274169921875,9.730630874633789,0.2082367241382599,-1.2007640600204468
1790341571645742800,30.683742919921876,9.732721328735352,0.18688853085041046,-1.187265157699585
1790341571662184400,30.700184326171875,9.732972145080566,0.15817512571811676,-1.1893807649612427
1790341571678672600,30.716672607421874,9.732657432556152,0.12500092387199402,-1.1958818435668945
1790341571695110100,30.733110107421876,9.733918190002441,0.09387703239917755,-1.1884503364562988
1790341571711547400,30.74954736328125,9.733926773071289,0.08192498236894608,-1.1892611980438232
1790341571728044000,30.7660439453125,9.734512329101562,0.07899875938892365,-1.1846574544906616
1790341571744482800,30.78248291015625,9.735784530639648,0.07846234738826752,-1.1741949319839478
1790341571760930800,30.798930908203126,9.738842964172363,0.061681050807237625,-1.149571180343628
1790341571777370000,30.8153701171875,9.738042831420898,0.06106094643473625,-1.1563634872436523
1790341571793813800,30.831813720703124,9.738723754882812,0.06341858208179474,-1.15049147605896
1790341571810285000,30.84828515625,9.740211486816406,0.0664244145154953,-1.137657642364502
1790341571826735000,30.864735107421875,9.739598274230957,0.07544731348752975,-1.1423269510269165
1790341571843209200,30.881209228515626,9.73955249786377,0.07957359403371811,-1.1424391269683838
1790341571859654700,30.897654541015626,9.739118576049805,0.07750855386257172,-1.146274447441101
1790341571876131300,30.91413134765625,9.738056182861328,0.08276607096195221,-1.1549017429351807
1790341571892521000,30.93052099609375,9.737837791442871,0.096192866563797,-1.155701994895935
1790341571908966700,30.946966552734374,9.738250732421875,0.10331717133522034,-1.1516034603118896
1790341571925376300,30.963376220703125,9.738417625427246,0.10004391521215439,-1.1504839658737183
1790341571941819000,30.97981884765625,9.737693786621094,0.10589966177940369,-1.156067967414856
1790341571958263000,30.996262939453125,9.739001274108887,0.10831435769796371,-1.144771933555603
1790341571974760400,31.012760498046877,9.738356590270996,0.1188565343618393,-1.1491996049880981
1790341571991204400,31.029204345703125,9.738260269165039,0.11696308851242065,-1.1502169370651245
1790341572007669200,31.045669189453125,9.738504409790039,0.11487477272748947,-1.1483607292175293
1790341572024111600,31.062111572265625,9.738798141479492,0.11923479288816452,-1.1454209089279175
1790341572040557600,31.0785576171875,9.738423347473145,0.12753280997276306,-1.1477099657058716
1790341572056999200,31.094999267578125,9.737041473388672,0.13970328867435455,-1.1579722166061401
1790341572073411600,31.11141162109375,9.738481521606445,0.15559779107570648,-1.143743872642517
1790341572089880300,31.12788037109375,9.738438606262207,0.17746658623218536,-1.1409220695495605
1790341572106324700,31.14432470703125,9.737634658813477,0.18817919492721558,-1.1460524797439575
1790341572123689500,31.161689453125,9.737716674804688,0.19771121442317963,-1.1437547206878662
1790341572140156000,31.178156005859375,9.738018989562988,0.21357114613056183,-1.138319969177246
1790341572156597200,31.19459716796875,9.736363410949707,0.2355092465877533,-1.1481095552444458
1790341572173001700,31.211001708984377,9.735581398010254,0.2752375304698944,-1.1459050178527832
1790341572189444400,31.2274443359375,9.734310150146484,0.31458818912506104,-1.1465705633163452
1790341572205887500,31.243887451171876,9.733057975769043,0.3410674035549164,-1.1496307849884033
1790341572222383600,31.260383544921876,9.731758117675781,0.36983373761177063,-1.1517338752746582
1790341572238822000,31.27682177734375,9.72996711730957,0.39890390634536743,-1.1571588516235352
1790341572255286800,31.293286865234375,9.729619979858398,0.4081968069076538,-1.156835913658142
1790341572271723800,31.309723876953125,9.729517936706543,0.4194938540458679,-1.1536433696746826
1790341572288163300,31.326163330078124,9.728432655334473,0.4373893737792969,-1.1561460494995117
1790341572304633000,31.342633056640626,9.728439331054688,0.4432312548160553,-1.1538639068603516
1790341572321078500,31.35907861328125,9.728151321411133,0.44345733523368835,-1.1562070846557617
1790341572337547300,31.37554736328125,9.729508399963379,0.4435003995895386,-1.1447089910507202
1790341572353989000,31.391989013671875,9.729555130004883,0.4456216096878052,-1.1434873342514038
1790341572370446600,31.408446533203126,9.73022747039795,0.44067761301994324,-1.1396763324737549
1790341572386914000,31.4249140625,9.730189323425293,0.42853641510009766,-1.1446257829666138
1790341572403355100,31.441355224609374,9.730646133422852,0.41463711857795715,-1.1458537578582764
1790341572419742700,31.45774267578125,9.73185920715332,0.4069407880306244,-1.1382888555526733
1790341572436182000,31.47418212890625,9.732861518859863,0.3937358558177948,-1.1343543529510498
1790341572452621800,31.490621826171875,9.733389854431152,0.3776279389858246,-1.1352981328964233
1790341572469120000,31.5071201171875,9.734761238098145,0.3514402508735657,-1.1319477558135986
1790341572485561300,31.523561279296874,9.73469066619873,0.33626583218574524,-1.1371545791625977
1790341572502035500,31.540035400390625,9.734014511108398,0.32342058420181274,-1.1466273069381714
1790341572518475800,31.556475830078124,9.733445167541504,0.32580530643463135,-1.1507779359817505
1790341572534919000,31.5729189453125,9.734177589416504,0.32165369391441345,-1.1457340717315674
1790341572551389200,31.58938916015625,9.733745574951172,0.324709951877594,-1.1485393047332764
1790341572567838200,31.605838134765627,9.733491897583008,0.3277713358402252,-1.1498197317123413
1790341572584310000,31.62231005859375,9.734282493591309,0.33051797747612,-1.1423178911209106
1790341572600752600,31.638752685546876,9.732529640197754,0.33474084734916687,-1.155947208404541
1790341572617210000,31.655210205078124,9.732961654663086,0.3385310173034668,-1.1511958837509155
1790341572633673500,31.671673583984376,9.731880187988281,0.34361696243286133,-1.1588066816329956
1790341572650112000,31.688112060546874,9.730448722839355,0.3492007851600647,-1.169106364250183
1790341572666601700,31.704601806640625,9.730586051940918,0.3593612611293793,-1.1648756265640259
1790341572683042600,31.72104248046875,9.729307174682617,0.36888402700424194,-1.1725608110427856
1790341572699483600,31.737483642578123,9.728195190429688,0.37061482667922974,-1.1812105178833008
1790341572715981000,31.75398095703125,9.727031707763672,0.37074509263038635,-1.1907118558883667
1790341572732416800,31.770416748046873,9.724076271057129,0.37481728196144104,-1.2133599519729614
1790341572748882700,31.786882568359374,9.722607612609863,0.3750748038291931,-1.2249928712844849
1790341572765320200,31.8033203125,9.718674659729004,0.37888023257255554,-1.2546758651733398
1790341572781758000,31.819758056640627,9.716486930847168,0.37801915407180786,-1.2717574834823608
1790341572798227000,31.83622705078125,9.715603828430176,0.3775678277015686,-1.2786197662353516
1790341572814669600,31.852669677734376,9.712188720703125,0.3813256025314331,-1.3032103776931763
1790341572831138000,31.869137939453125,9.709481239318848,0.3844932019710541,-1.3223230838775635
1790341572847578400,31.885578369140624,9.709063529968262,0.38853907585144043,-1.3242014646530151
1790341572864034300,31.902034423828123,9.706122398376465,0.3865639567375183,-1.3461588621139526
1790341572880503300,31.91850341796875,9.705342292785645,0.37366074323654175,-1.3553932905197144
1790341572896943000,31.934943115234375,9.70560359954834,0.3625907003879547,-1.3565263748168945
1790341572913337000,31.951337158203124,9.704195976257324,0.34643056988716125,-1.3707455396652222
1790341572929775600,31.967775634765626,9.704535484313965,0.3156396448612213,-1.375771403312683
1790341572946217500,31.984217529296874,9.705575942993164,0.28329041600227356,-1.3754699230194092
1790341572962712600,32.000712646484374,9.705282211303711,0.2552736699581146,-1.3830150365829468
1790341572979148300,32.017148193359375,9.70506477355957,0.21950452029705048,-1.3906580209732056
1790341572995617500,32.03361743164062,9.706398963928223,0.19148802757263184,-1.3854726552963257
1790341573012061700,32.05006176757813,9.705655097961426,0.15248481929302216,-1.3954946994781494
1790341573028504300,32.06650439453125,9.705818176269531,0.11337912827730179,-1.3980809450149536
1790341573044968700,32.08296875,9.706210136413574,0.0935007780790329,-1.3968288898468018
1790341573061309400,32.09930932617188,9.707467079162598,0.07882832735776901,-1.388974666595459
1790341573077670700,32.11567065429688,9.70655345916748,0.07599303126335144,-1.3955016136169434
1790341573094106600,32.132106689453124,9.706494331359863,0.08041208982467651,-1.3956652879714966
1790341573110562300,32.148562255859375,9.70706558227539,0.07894662022590637,-1.391768217086792
1790341573127023900,32.16502392578125,9.706326484680176,0.08657573163509369,-1.396461009979248
1790341573143466000,32.181466064453126,9.707558631896973,0.10213468223810196,-1.386814832687378
1790341573159950600,32.19795068359375,9.708711624145508,0.11705891042947769,-1.377535104751587
1790341573176393200,32.214393310546875,9.708091735839844,0.1244032084941864,-1.3812540769577026
1790341573192836600,32.23083666992188,9.70839786529541,0.12903685867786407,-1.3786789178848267
1790341573209335000,32.2473349609375,9.70812702178955,0.1374654471874237,-1.3797703981399536
1790341573225774600,32.263774658203126,9.707762718200684,0.15001294016838074,-1.381019949913025
1790341573242181400,32.28018139648437,9.707348823547363,0.15646788477897644,-1.3832124471664429
1790341573258620400,32.296620361328124,9.70853328704834,0.14128880202770233,-1.3765239715576172
1790341573275059200,32.31305908203125,9.707792282104492,0.1277501881122589,-1.3830546140670776
1790341573291531000,32.32953100585937,9.706995964050293,0.11454436928033829,-1.3897831439971924
1790341573307976200,32.34597607421875,9.707850456237793,0.10964424908161163,-1.3841967582702637
1790341573324452400,32.36245239257813,9.708495140075684,0.08674874901771545,-1.381293773651123
1790341573340891400,32.37889135742188,9.70913314819336,0.06980075687170029,-1.3777695894241333
1790341573357256700,32.39525659179687,9.709577560424805,0.05373707041144371,-1.3753522634506226
1790341573373722600,32.41172265625,9.709209442138672,0.043344635516405106,-1.3783167600631714
1790341573390160600,32.42816064453125,9.710798263549805,0.035248350352048874,-1.3673160076141357
1790341573406567400,32.4445673828125,9.71052360534668,0.03939852863550186,-1.3691506385803223
1790341573423004400,32.46100439453125,9.711607933044434,0.03771437704563141,-1.3614885807037354
1790341573439441700,32.477441650390624,9.712875366210938,0.038893941789865494,-1.352376937866211
1790341573455944200,32.49394409179688,9.7135648727417,0.044153615832328796,-1.3472517728805542
1790341573472381700,32.51038159179687,9.714216232299805,0.05335713177919388,-1.3422168493270874
1790341573488849000,32.526848876953125,9.7144775390625,0.06281871348619461,-1.3399138450622559
1790341573505287400,32.54328735351562,9.71562671661377,0.07104666531085968,-1.331141710281372
1790341573521730000,32.55972998046875,9.715807914733887,0.07603256404399872,-1.329544186592102
1790341573538199600,32.57619946289063,9.716975212097168,0.08080854266881943,-1.3207030296325684
1790341573554644000,32.59264404296875,9.717692375183105,0.08856391161680222,-1.3149162530899048
1790341573571031300,32.60903125,9.717438697814941,0.0927329733967781,-1.3164973258972168
1790341573587469600,32.62546948242188,9.717874526977539,0.09611819684505463,-1.3130406141281128
1790341573603929000,32.64192919921875,9.717817306518555,0.08747205883264542,-1.3140621185302734
1790341573620389600,32.6583896484375,9.718672752380371,0.08074377477169037,-1.3081556558609009
1790341573636828700,32.67482861328125,9.720163345336914,0.07186616212129593,-1.2975553274154663
1790341573653321200,32.6913212890625,9.721980094909668,0.06414163112640381,-1.2842799425125122
1790341573669759000,32.707759033203125,9.722567558288574,0.04385558143258095,-1.2806845903396606
1790341573686197000,32.72419702148437,9.723332405090332,0.03386179357767105,-1.2751656770706177
1790341573702694100,32.740694091796875,9.724452018737793,0.02499576471745968,-1.2668009996414185
1790341573719173400,32.75717333984375,9.724763870239258,0.018948007375001907,-1.2645169496536255
1790341573735644200,32.77364404296875,9.725467681884766,0.020651157945394516,-1.2590645551681519
1790341573752084200,32.790084228515624,9.72618293762207,0.0232883021235466,-1.2534774541854858
1790341573768522500,32.8065224609375,9.727348327636719,0.027092333883047104,-1.244325876235962
1790341573784992000,32.822991943359376,9.727839469909668,0.037901896983385086,-1.2401976585388184
1790341573801439000,32.83943896484375,9.72861385345459,0.04725457727909088,-1.233784556388855
1790341573817915100,32.8559150390625,9.7285795211792,0.06127524748444557,-1.2334411144256592
1790341573834360600,32.87236059570313,9.730283737182617,0.08018829673528671,-1.218827486038208
1790341573850824700,32.88882470703125,9.730239868164062,0.1066538393497467,-1.2171412706375122
1790341573867295000,32.905294921875,9.729218482971191,0.14431144297122955,-1.2214183807373047
1790341573883736600,32.92173657226562,9.728802680969238,0.1875203549861908,-1.2188621759414673
1790341573900140500,32.938140625,9.727538108825684,0.23094317317008972,-1.221495270729065
1790341573916535300,32.954535400390625,9.727075576782227,0.26695752143859863,-1.2178332805633545
1790341573932979500,32.9709794921875,9.726953506469727,0.29888811707496643,-1.2113759517669678
1790341573949472000,32.987471923828124,9.72671127319336,0.32067903876304626,-1.207746982574463
1790341573965913900,33.00391381835937,9.727383613586426,0.33311694860458374,-1.1989264488220215
1790341573982380300,33.02038037109375,9.727066040039062,0.34175506234169006,-1.1990731954574585
1790341573998823700,33.03682373046875,9.7264986038208,0.3507166802883148,-1.2010902166366577
1790341574015267300,33.05326733398437,9.726534843444824,0.36016419529914856,-1.197996973991394
1790341574031738400,33.06973828125,9.72661018371582,0.36640679836273193,-1.1954909563064575
1790341574048185600,33.086185546875,9.727609634399414,0.37391743063926697,-1.1849833726882935
1790341574064586200,33.102586181640625,9.728052139282227,0.37301918864250183,-1.1816315650939941
1790341574081031700,33.11903173828125,9.728846549987793,0.36733877658843994,-1.1768615245819092
1790341574097492200,33.1354921875,9.730283737182617,0.350899338722229,-1.1699724197387695
1790341574113904600,33.151904541015625,9.731657981872559,0.3294219970703125,-1.1647778749465942
1790341574130349800,33.16834985351562,9.7333402633667,0.3003291189670563,-1.1585670709609985
1790341574146848500,33.1848486328125,9.734772682189941,0.2806743085384369,-1.151441216468811
1790341574163291100,33.201291015625,9.73738956451416,0.25682803988456726,-1.1347532272338867
1790341574179733800,33.217733642578125,9.738713264465332,0.23429682850837708,-1.1282544136047363
1790341574196228000,33.23422802734375,9.74025821685791,0.22097083926200867,-1.117560625076294
1790341574212671500,33.25067138671875,9.741832733154297,0.20778128504753113,-1.1063023805618286
1790341574229143000,33.26714306640625,9.743210792541504,0.20258747041225433,-1.0950745344161987
1790341574245510000,33.28351000976563,9.743906021118164,0.20208150148391724,-1.0889604091644287
1790341574261951000,33.29995092773437,9.744940757751465,0.2057258039712906,-1.078978419303894
1790341574278420700,33.31642065429688,9.746406555175781,0.21132509410381317,-1.0645618438720703
1790341574294868200,33.3328681640625,9.747529029846191,0.2177407294511795,-1.0529289245605469
1790341574311336400,33.34933642578125,9.748476028442383,0.22285842895507812,-1.0430463552474976
1790341574327774700,33.36577465820312,9.749361038208008,0.22936883568763733,-1.0333154201507568
1790341574344230000,33.38222998046875,9.750581741333008,0.23743316531181335,-1.019889235496521
1790341574360696300,33.3986962890625,9.751020431518555,0.24703817069530487,-1.0133942365646362
1790341574377136600,33.41513671875,9.75190544128418,0.2547604739665985,-1.0029100179672241
1790341574393543200,33.431543212890624,9.751941680908203,0.26117268204689026,-1.0009067058563232
1790341574409983500,33.4479833984375,9.752578735351562,0.26920562982559204,-0.9925335049629211
1790341574426424600,33.464424560546874,9.753217697143555,0.2825772762298584,-0.9824833273887634
1790341574442923800,33.480923828125,9.754820823669434,0.2910476624965668,-0.963921308517456
1790341574459363800,33.49736376953125,9.754792213439941,0.29951032996177673,-0.961620569229126
1790341574475835400,33.51383544921875,9.755757331848145,0.30893629789352417,-0.9487661123275757
1790341574492275200,33.53027514648438,9.75558853149414,0.32000407576560974,-0.9468318819999695
1790341574508715300,33.54671533203125,9.756513595581055,0.329784631729126,-0.9338440299034119
1790341574525182700,33.5631826171875,9.7564697265625,0.33731934428215027,-0.9316145181655884
1790341574541626600,33.57962670898438,9.756710052490234,0.3419962227344513,-0.9273813962936401
1790341574558098400,33.59609838867188,9.75766658782959,0.3447834551334381,-0.916217029094696
1790341574574539500,33.61253955078125,9.758125305175781,0.3445378839969635,-0.9114076495170593
1790341574591001900,33.629001953125,9.758971214294434,0.34066465497016907,-0.9037749767303467
1790341574607472000,33.64547216796875,9.75968074798584,0.3366500437259674,-0.8975966572761536
1790341574623912200,33.661912109375,9.7608060836792,0.32327327132225037,-0.8902496695518494
1790341574640418300,33.67841821289063,9.762367248535156,0.3019762933254242,-0.8805611729621887
1790341574656863000,33.69486303710938,9.763680458068848,0.28337833285331726,-0.8721344470977783
1790341574673306000,33.71130615234375,9.76539134979248,0.26525256037712097,-0.858582615852356
1790341574689808100,33.72780810546875,9.766454696655273,0.2507796287536621,-0.8508010506629944
1790341574706249700,33.74424975585937,9.768178939819336,0.23249241709709167,-0.8360647559165955
1790341574722721800,33.7607216796875,9.769539833068848,0.21785010397434235,-0.8240244388580322
1790341574739163400,33.777163330078125,9.770021438598633,0.21189993619918823,-0.819862425327301
1790341574755606000,33.79360595703125,9.770844459533691,0.21218177676200867,-0.809916615486145
1790341574772078800,33.81007885742188,9.771291732788086,0.210890531539917,-0.8048439621925354
1790341574788543500,33.82654345703125,9.771994590759277,0.20861808955669403,-0.7968637347221375
1790341574805017600,33.843017578125,9.77270793914795,0.2098531872034073,-0.7877457141876221
1790341574821459700,33.85945971679688,9.774117469787598,0.21192745864391327,-0.769484281539917
1790341574837922000,33.875922119140625,9.774759292602539,0.21652862429618835,-0.759993314743042
1790341574854360000,33.89236010742187,9.775361061096191,0.22084644436836243,-0.7509475350379944
1790341574870798000,33.908798095703126,9.77650260925293,0.2261272519826889,-0.7343412041664124
1790341574887208200,33.92520825195312,9.777442932128906,0.22865080833435059,-0.7209184169769287
1790341574903650300,33.941650390625,9.777734756469727,0.23441745340824127,-0.7150817513465881
1790341574920094700,33.9580947265625,9.778421401977539,0.24133554100990295,-0.7032875418663025
1790341574936596200,33.97459619140625,9.779163360595703,0.24640896916389465,-0.6911090016365051
1790341574953039600,33.99103955078125,9.779430389404297,0.25179052352905273,-0.685363233089447
1790341574969508900,34.0075087890625,9.780054092407227,0.2574780285358429,-0.6742637157440186
1790341574985951200,34.023951171875,9.780671119689941,0.26313331723213196,-0.6630358099937439
1790341575002398200,34.04039819335937,9.781378746032715,0.2654034197330475,-0.6515974402427673
1790341575018872300,34.05687231445312,9.782166481018066,0.26217854022979736,-0.6409883499145508
1790341575035319600,34.07331958007813,9.783291816711426,0.25925567746162415,-0.6248028874397278
1790341575051788800,34.089788818359374,9.784513473510742,0.2509916126728058,-0.6088365316390991
1790341575068159500,34.106159423828124,9.785810470581055,0.23950690031051636,-0.5924018621444702
1790341575084632600,34.12263256835938,9.78743839263916,0.22255392372608185,-0.5717549324035645
1790341575101103000,34.13910302734375,9.788554191589355,0.209874227643013,-0.5572673082351685
1790341575117546500,34.15554638671875,9.789749145507812,0.1969761699438095,-0.5407577753067017
1790341575134044700,34.17204467773438,9.790192604064941,0.19239433109760284,-0.5343217253684998
1790341575150488600,34.188488525390625,9.791340827941895,0.18175874650478363,-0.5167162418365479
1790341575166934000,34.20493408203125,9.791815757751465,0.17864888906478882,-0.508742094039917
1790341575183433000,34.221432861328125,9.792241096496582,0.17948581278324127,-0.5001776218414307
1790341575199873800,34.237873779296876,9.792496681213379,0.1860092282295227,-0.4927392899990082
1790341575216343800,34.25434375,9.792874336242676,0.18916703760623932,-0.4839460551738739
1790341575232782600,34.270782470703125,9.793150901794434,0.18928807973861694,-0.4782816469669342
1790341575249248000,34.287248046875,9.793453216552734,0.1930408626794815,-0.4705195128917694
1790341575265739300,34.3037392578125,9.79366683959961,0.19927002489566803,-0.4634297788143158
1790341575282188300,34.32018823242188,9.793834686279297,0.20575477182865143,-0.4570065438747406
1790341575298662700,34.33666259765625,9.794189453125,0.21135301887989044,-0.44673678278923035
1790341575315124500,34.35312451171875,9.794365882873535,0.21700042486190796,-0.44011759757995605
1790341575331598000,34.36959814453125,9.79476261138916,0.22353367507457733,-0.4278581142425537
1790341575348040700,34.386040771484375,9.795267105102539,0.23396672308444977,-0.41035622358322144
1790341575364484400,34.402484375,9.795680046081543,0.2437189668416977,-0.3945213258266449
1790341575380962000,34.41896215820312,9.796419143676758,0.2529211938381195,-0.36957210302352905
1790341575397438000,34.43543798828125,9.796980857849121,0.25783705711364746,-0.3508194386959076
1790341575413882000,34.45188208007813,9.797395706176758,0.26476502418518066,-0.33365923166275024
1790341575430418200,34.468418212890626,9.79787826538086,0.27012157440185547,-0.314641535282135
1790341575446864600,34.48486474609375,9.798333168029785,0.2742955982685089,-0.2963315546512604
1790341575463334100,34.501334228515624,9.798768043518066,0.27378880977630615,-0.2820984125137329
1790341575479813400,34.5178134765625,9.79930591583252,0.27121877670288086,-0.2654097378253937
1790341575496329500,34.53432958984375,9.799755096435547,0.26545050740242004,-0.2543987035751343
1790341575512783000,34.550783203125,9.80034351348877,0.25699475407600403,-0.2400168627500534
1790341575529279200,34.567279296875,9.800719261169434,0.2553121745586395,-0.2260608822107315
1790341575545781200,34.58378125,9.801060676574707,0.24857203662395477,-0.21863844990730286
1790341575562256600,34.60025659179688,9.801630020141602,0.23781132698059082,-0.20464332401752472
1790341575578757600,34.616757568359375,9.802018165588379,0.23017847537994385,-0.1945353001356125
1790341575595278000,34.63327807617188,9.80214786529541,0.2288798689842224,-0.18945428729057312
1790341575611761200,34.64976123046875,9.802291870117188,0.2281540185213089,-0.18274478614330292
1790341575628283000,34.666282958984375,9.80252742767334,0.22651684284210205,-0.17186184227466583
1790341575644775200,34.682775146484374,9.802619934082031,0.22634580731391907,-0.1667267382144928
1790341575661289200,34.69928930664062,9.80280590057373,0.22548604011535645,-0.15661805868148804
1790341575677771000,34.71577099609375,9.802913665771484,0.22705650329589844,-0.14738406240940094
1790341575694255000,34.73225512695313,9.80296516418457,0.22876308858394623,-0.14120937883853912
1790341575710753000,34.7487529296875,9.803049087524414,0.23218660056591034,-0.1292296200990677
1790341575727244800,34.765244873046875,9.803038597106934,0.23654532432556152,-0.12189307063817978
1790341575743657700,34.78165771484375,9.803092956542969,0.23811011016368866,-0.11420915275812149
1790341575760109800,34.79810986328125,9.80322551727295,0.23701907694339752,-0.10477647930383682
1790341575776615000,34.814614990234375,9.803261756896973,0.23724398016929626,-0.10079336166381836
1790341575793079600,34.83107958984375,9.803319931030273,0.23847754299640656,-0.0919172540307045
1790341575809568800,34.84756884765625,9.803451538085938,0.237618088722229,-0.07915246486663818
1790341575826079700,34.86407983398438,9.803548812866211,0.23620079457759857,-0.0709780901670456
1790341575842563300,34.88056323242188,9.803736686706543,0.230989009141922,-0.06141640618443489
1790341575859047700,34.897047607421875,9.803956031799316,0.22443485260009766,-0.049622077494859695
1790341575875559700,34.9135595703125,9.80417251586914,0.2174319326877594,-0.03634308651089668
1790341575892020000,34.93002001953125,9.804216384887695,0.21533331274986267,-0.03663386031985283
1790341575908496400,34.94649633789062,9.8043851852417,0.21030442416667938,-0.01414390467107296
1790341575924984300,34.962984375,9.804439544677734,0.20818863809108734,-0.004290856420993805
1790341575941419800,34.97941967773438,9.80453109741211,0.20386092364788055,-0.0015152177074924111
1790341575957861600,34.995861572265625,9.804598808288574,0.20045407116413116,0.0072149732150137424
1790341575974320600,35.012320556640624,9.804635047912598,0.19813650846481323,0.016284679993987083
1790341575990796300,35.02879638671875,9.804622650146484,0.19839490950107574,0.02031366154551506
1790341576007283200,35.045283203125,9.804560661315918,0.20108382403850555,0.02333962172269821
1790341576023775700,35.061775634765624,9.804471969604492,0.20485304296016693,0.027429822832345963
1790341576040242700,35.07824267578125,9.804391860961914,0.20829178392887115,0.03008447401225567
1790341576056713000,35.094712890625,9.804283142089844,0.21310429275035858,0.031798355281353
1790341576073176800,35.1111767578125,9.804215431213379,0.21525618433952332,0.03772736340761185
1790341576089630500,35.12763037109375,9.804019927978516,0.22359178960323334,0.03987784683704376
1790341576106114800,35.14411474609375,9.803889274597168,0.22826920449733734,0.045220423489809036
1790341576122639400,35.16063940429687,9.803832054138184,0.229853555560112,0.04936820641160011
1790341576139179800,35.1771796875,9.803793907165527,0.23139724135398865,0.049745216965675354
1790341576155621000,35.19362109375,9.803729057312012,0.2334713190793991,0.052743393927812576
1790341576172127700,35.21012768554687,9.803680419921875,0.2347290962934494,0.055938608944416046
1790341576188604000,35.22660400390625,9.803659439086914,0.23341412842273712,0.06459450721740723
1790341576205105700,35.243105712890625,9.803630828857422,0.23067298531532288,0.07740695029497147
1790341576221603800,35.259603759765625,9.803739547729492,0.22325778007507324,0.08511717617511749
1790341576238088400,35.27608837890625,9.803886413574219,0.2164832502603531,0.08561203628778458
1790341576254579200,35.2925791015625,9.804107666015625,0.20167477428913116,0.09580347687005997
1790341576271107600,35.30910766601563,9.80424690246582,0.19301646947860718,0.09941861778497696
1790341576287611400,35.325611328125,9.804386138916016,0.18373817205429077,0.1031605452299118
1790341576304111400,35.342111328125,9.804500579833984,0.17332936823368073,0.11001871526241302
1790341576320627200,35.358627197265626,9.804645538330078,0.1645820289850235,0.11062054336071014
1790341576337083600,35.37508374023437,9.804760932922363,0.15645629167556763,0.1120813712477684
1790341576353573000,35.391572998046875,9.804814338684082,0.15202195942401886,0.1136002317070961
1790341576370064600,35.40806469726562,9.804876327514648,0.14690114557743073,0.11488968878984451
1790341576386557400,35.42455737304687,9.804926872253418,0.14322355389595032,0.11531075090169907
1790341576403072500,35.441072509765625,9.80500316619873,0.13864263892173767,0.11437854915857315
1790341576419556900,35.45755688476562,9.804952621459961,0.14221970736980438,0.11427614837884903
1790341576436044300,35.474044189453124,9.80490493774414,0.1437581181526184,0.11642072349786758
1790341576452501000,35.4905009765625,9.804795265197754,0.14494746923446655,0.12396818399429321
1790341576468998000,35.506997802734375,9.804798126220703,0.1436675637960434,0.12522216141223907
1790341576485515800,35.523515869140624,9.804677963256836,0.14767004549503326,0.12988251447677612
1790341576502002200,35.54000219726562,9.80455493927002,0.15358498692512512,0.13228565454483032
1790341576518493700,35.55649365234375,9.804487228393555,0.15447008609771729,0.13623027503490448
1790341576534993000,35.57299291992187,9.804502487182617,0.15346257388591766,0.13631784915924072
1790341576551483600,35.589483642578124,9.804521560668945,0.14991050958633423,0.13883452117443085
1790341576567996200,35.60599609375,9.804545402526855,0.1462942510843277,0.141000896692276
1790341576584494600,35.62249462890625,9.80461311340332,0.1421240270137787,0.14055564999580383
1790341576600944400,35.6389443359375,9.804604530334473,0.1384977102279663,0.1446567177772522
1790341576617430300,35.65543017578125,9.804694175720215,0.13029390573501587,0.1462494283914566
1790341576633923300,35.67192333984375,9.804755210876465,0.12106216698884964,0.15003280341625214
1790341576650440000,35.68843994140625,9.804811477661133,0.11147956550121307,0.15373562276363373
1790341576666956300,35.70495629882812,9.804792404174805,0.10234512388706207,0.1611291915178299
1790341576683443200,35.72144311523437,9.804790496826172,0.09109694510698318,0.16785213351249695
1790341576699944200,35.73794409179688,9.804760932922363,0.0858292430639267,0.17228303849697113
1790341576716440000,35.754440185546876,9.804696083068848,0.0792236253619194,0.17901885509490967
1790341576732956400,35.770956298828125,9.804625511169434,0.07719489932060242,0.1837078034877777
1790341576749447000,35.787447021484375,9.804564476013184,0.07144270837306976,0.18919609487056732
1790341576765960200,35.80396020507813,9.804437637329102,0.06873353570699692,0.19666799902915955
1790341576782429000,35.82042895507813,9.80444622039795,0.05377039685845375,0.20083075761795044
1790341576798873000,35.836873046875,9.804314613342285,0.04329067841172218,0.20958049595355988
1790341576815380200,35.85338012695313,9.804192543029785,0.08336023986339569,0.20310229063034058
1790341576831822300,35.869822265625,9.803657531738281,0.07255895435810089,0.23114615678787231
1790341576848264700,35.8862646484375,9.803787231445312,0.05190175399184227,0.23119953274726868
1790341576864721400,35.90272143554687,9.804080963134766,0.028144538402557373,0.22267954051494598
1790341576881184300,35.91918432617187,9.8042631149292,0.023094406351447105,0.21513323485851288
1790341576897640200,35.93564013671875,9.803987503051758,0.02183651365339756,0.22746026515960693
1790341576914171600,35.952171630859375,9.803679466247559,0.017083922401070595,0.24076314270496368
1790341576930612000,35.968612060546874,9.803632736206055,-0.0075971223413944244,0.24312622845172882
1790341576947025200,35.985025146484375,9.803638458251953,-0.00857562106102705,0.24290084838867188
1790341576963501000,36.0015009765625,9.803561210632324,0.004343847278505564,0.2460939884185791
1790341576980004000,36.018004150390624,9.803383827209473,0.014110513962805271,0.25270169973373413
1790341576996457700,36.034457763671874,9.803170204162598,0.019246699288487434,0.2605340778827667
1790341577012902400,36.05090234375,9.803184509277344,0.01448605116456747,0.26029399037361145
1790341577029399600,36.06739965820312,9.80306625366211,0.02269451878964901,0.2641317844390869
1790341577045838800,36.0838388671875,9.803020477294922,0.03481119126081467,0.26452136039733887
1790341577062242000,36.10024194335937,9.802828788757324,0.04012403264641762,0.27075842022895813
1790341577078698200,36.1166982421875,9.802667617797852,0.04679451137781143,0.27552011609077454
1790341577095161600,36.13316162109375,9.80258846282959,0.06498833000659943,0.27461475133895874
1790341577111635700,36.1496357421875,9.8025541305542,0.07656686007976532,0.2728896141052246
1790341577128054300,36.16605419921875,9.802084922790527,0.09951907396316528,0.2821676433086395
1790341577144499500,36.18249951171875,9.80150032043457,0.1329791247844696,0.2885953485965729
1790341577160904200,36.198904296875,9.801403045654297,0.14887870848178864,0.2841005027294159
1790341577177311500,36.2153115234375,9.800139427185059,0.1653391420841217,0.3167484700679779
1790341577193784000,36.2317841796875,9.800660133361816,0.17263638973236084,0.29604247212409973
1790341577210225200,36.24822509765625,9.800213813781738,0.19960758090019226,0.2938723564147949
1790341577226669000,36.2646689453125,9.799908638000488,0.20854270458221436,0.29780998826026917
1790341577243142700,36.281142578125,9.799471855163574,0.2073848694562912,0.31260815262794495
1790341577259590000,36.29758984375,9.800359725952148,0.1814408004283905,0.30070436000823975
1790341577276063500,36.3140634765625,9.800129890441895,0.19430424273014069,0.30016258358955383
1790341577292544300,36.33054418945313,9.800263404846191,0.18840999901294708,0.2995442748069763
1790341577309046500,36.347046630859374,9.799967765808105,0.18538470566272736,0.31088632345199585
1790341577325491200,36.3634912109375,9.800458908081055,0.1743212789297104,0.30167320370674133
1790341577341954300,36.379954345703126,9.800809860229492,0.16467976570129395,0.2956330478191376
1790341577358410200,36.39641015625,9.80114459991455,0.15053899586200714,0.29203182458877563
1790341577374871000,36.41287109375,9.801069259643555,0.14326375722885132,0.29816311597824097
1790341577391313700,36.42931372070313,9.800804138183594,0.13047632575035095,0.31242018938064575
1790341577407787800,36.44578784179687,9.800873756408691,0.11547747254371643,0.31611010432243347
1790341577424252000,36.462251953125,9.800724029541016,0.10727079212665558,0.323578804731369
1790341577440710100,36.47871020507812,9.800698280334473,0.08930607885122299,0.32973888516426086
1790341577457176600,36.49517651367187,9.800867080688477,0.07709530740976334,0.32778292894363403
1790341577473645800,36.511645751953125,9.80129337310791,0.053950030356645584,0.3195611536502838
1790341577490120200,36.5281201171875,9.801482200622559,0.035230740904808044,0.31638768315315247
1790341577506593300,36.54459326171875,9.801688194274902,0.023635298013687134,0.31103214621543884
1790341577523094300,36.56109423828125,9.801876068115234,0.009452412836253643,0.3058244585990906
1790341577539556900,36.57755688476563,9.802081108093262,-0.0025228329468518496,0.29930752515792847
1790341577556073000,36.594072998046876,9.802327156066895,-0.016544252634048462,0.2906644642353058
1790341577572528000,36.610528076171875,9.80243968963623,-0.02460361272096634,0.2862854599952698
1790341577589017300,36.62701733398438,9.802523612976074,-0.026619091629981995,0.2832206189632416
1790341577605545500,36.64354541015625,9.80264949798584,-0.0247032567858696,0.27901625633239746
1790341577621984000,36.65998388671875,9.80265998840332,-0.02148585580289364,0.27887606620788574
1790341577638499800,36.676499755859375,9.802733421325684,-0.02034585550427437,0.2763799726963043
1790341577655017500,36.693017578125,9.802617073059082,-0.018093975260853767,0.28062406182289124
1790341577671505200,36.709505126953125,9.80258560180664,-0.013522795401513577,0.28199678659439087
1790341577688006000,36.726005859375,9.802642822265625,-0.002576828235760331,0.28032734990119934
1790341577704467000,36.74246704101562,9.802634239196777,0.003335090121254325,0.2805885970592499
1790341577720982300,36.758982177734374,9.802614212036133,0.010717053897678852,0.281125009059906
1790341577737435000,36.77543481445313,9.802412033081055,0.01983519271016121,0.28762537240982056
1790341577753940000,36.79193994140625,9.802494049072266,0.028678040951490402,0.28404146432876587
1790341577770431200,36.80843115234375,9.802410125732422,0.03597557917237282,0.28609684109687805
1790341577786908400,36.82490844726563,9.802227973937988,0.04636608436703682,0.29080310463905334
1790341577803397400,36.8413974609375,9.802303314208984,0.05440570041537285,0.28683313727378845
1790341577819861500,36.85786157226563,9.802210807800293,0.06144285202026367,0.28856930136680603
1790341577836352800,36.87435278320312,9.80213737487793,0.0668688490986824,0.2898445725440979
1790341577852882700,36.89088256835937,9.802149772644043,0.07124422490596771,0.2884100377559662
1790341577869379300,36.90737939453125,9.802103042602539,0.07464028894901276,0.28914737701416016
1790341577885894100,36.92389404296875,9.802135467529297,0.07766273617744446,0.28724122047424316
1790341577902414000,36.9404140625,9.802075386047363,0.07890738546848297,0.2889333665370941
1790341577918905300,36.9569052734375,9.801922798156738,0.0770946741104126,0.2945348918437958
1790341577935409400,36.97340942382812,9.801915168762207,0.07607049494981766,0.2950512766838074
1790341577951905000,36.98990502929688,9.801811218261719,0.07735832035541534,0.2981480658054352
1790341577968398300,37.0063984375,9.801645278930664,0.07598169893026352,0.30392301082611084
1790341577984883200,37.02288330078125,9.801563262939453,0.07518559694290161,0.30674171447753906
1790341578001375500,37.03937548828125,9.801597595214844,0.07497671246528625,0.3056947886943817
1790341578017876700,37.05587670898438,9.801594734191895,0.0731746032834053,0.30622339248657227
1790341578034369000,37.072369140625,9.801648139953613,0.06796261668205261,0.30572035908699036
1790341578050847500,37.088847412109374,9.801630973815918,0.0743052065372467,0.3047821819782257
1790341578067197400,37.105197509765624,9.801658630371094,0.0718456581234932,0.3044910728931427
1790341578083634200,37.12163427734375,9.801493644714355,0.07584988325834274,0.30877354741096497
1790341578100124200,37.13812426757813,9.80168628692627,0.07636173069477081,0.30250030755996704
1790341578116629800,37.15462963867188,9.801482200622559,0.07526087760925293,0.30931025743484497
1790341578132129500,37.170129638671874,9.801593780517578,0.0742945596575737,0.30597835779190063
1790341578148611000,37.186611083984374,9.801461219787598,0.07458141446113586,0.3101477324962616
1790341578165097000,37.20309692382813,9.801400184631348,0.07376200705766678,0.31225642561912537
1790341578181595000,37.21959497070313,9.8014554977417,0.07150784879922867,0.31102892756462097
1790341578198055700,37.2360556640625,9.801400184631348,0.06908756494522095,0.31331804394721985
1790341578214567200,37.25256713867188,9.801427841186523,0.06977798789739609,0.31227585673332214
1790341578231050500,37.26905053710937,9.801324844360352,0.07106511294841766,0.315218061208725
1790341578247538000,37.285537841796874,9.801289558410645,0.07015491276979446,0.31652945280075073
1790341578264032500,37.302032470703125,9.80127239227295,0.06894823908805847,0.3173227906227112
1790341578280523300,37.318523193359376,9.80128002166748,0.07129313796758652,0.3165498673915863
1790341578297035000,37.33503491210938,9.801323890686035,0.07460839301347733,0.31442323327064514
1790341578313485800,37.35148583984375,9.801218032836914,0.07695862650871277,0.31715893745422363
1790341578329971500,37.36797143554688,9.801234245300293,0.08102846145629883,0.3156284987926483
1790341578346493700,37.38449365234375,9.801054954528809,0.08915054798126221,0.319012314081192
1790341578362955500,37.40095556640625,9.800936698913574,0.09494561702013016,0.3209577202796936
1790341578379471600,37.4174716796875,9.800808906555176,0.10221926122903824,0.32264161109924316
1790341578395993600,37.43399365234375,9.800843238830566,0.11250961571931839,0.3181156814098358
1790341578412480500,37.45048046875,9.800622940063477,0.12206626683473587,0.3213612735271454
1790341578428946000,37.46694580078125,9.800514221191406,0.1291479915380478,0.32192525267601013
1790341578445442000,37.483442138671876,9.800485610961914,0.1372811645269394,0.31942516565322876
1790341578461957400,37.49995727539063,9.800426483154297,0.14698922634124756,0.3169027268886566
1790341578478445800,37.51644580078125,9.800314903259277,0.1577293872833252,0.31517308950424194
1790341578494935600,37.532935546875,9.800139427185059,0.16364817321300507,0.3175981938838959
1790341578511434200,37.54943432617188,9.800130844116211,0.17469024658203125,0.3119308650493622
1790341578527927000,37.56592700195313,9.800056457519531,0.18128661811351776,0.3105253279209137
1790341578544438300,37.58243823242187,9.799864768981934,0.19112269580364227,0.31065165996551514
1790341578560925700,37.59892578125,9.799724578857422,0.19488374888896942,0.31272992491722107
1790341578577412900,37.615412841796875,9.799590110778809,0.20333489775657654,0.3115819990634918
1790341578593940000,37.63193994140625,9.799604415893555,0.2094302475452423,0.30706700682640076
1790341578610432300,37.64843237304687,9.799603462219238,0.20881475508213043,0.30749890208244324
1790341578626908400,37.664908447265624,9.799837112426758,0.21019506454467773,0.2989956736564636
1790341578643427600,37.68142749023438,9.799692153930664,0.21261708438396454,0.30201858282089233
1790341578659915800,37.697915771484375,9.799619674682617,0.21563786268234253,0.30222707986831665
1790341578676417500,37.71441748046875,9.799752235412598,0.21991531550884247,0.29476043581962585
1790341578692882200,37.730882080078125,9.79986572265625,0.21884185075759888,0.29176822304725647
1790341578709398500,37.7473984375,9.800032615661621,0.21816344559192657,0.2866259515285492
1790341578725892000,37.76389208984375,9.800063133239746,0.22462426126003265,0.28052863478660583
1790341578742389000,37.780388916015625,9.79999828338623,0.23174861073493958,0.27696993947029114
1790341578758897700,37.79689770507812,9.800086975097656,0.23597237467765808,0.27019283175468445
1790341578775436300,37.81343627929687,9.800097465515137,0.23780544102191925,0.26821714639663696
1790341578791949800,37.82994970703125,9.800275802612305,0.2396288514137268,0.25992679595947266
1790341578808434200,37.84643408203125,9.800349235534668,0.24616751074790955,0.25088781118392944
1790341578824920300,37.86292041015625,9.80047607421875,0.25004246830940247,0.2419232279062271
1790341578841414000,37.879413818359374,9.800419807434082,0.258036732673645,0.23575393855571747
1790341578857904600,37.895904541015625,9.800553321838379,0.26244252920150757,0.22507067024707794
1790341578874391300,37.912391357421875,9.800503730773926,0.2684031128883362,0.220183327794075
1790341578890909200,37.9289091796875,9.800553321838379,0.27544552087783813,0.20899376273155212
1790341578907396400,37.94539624023437,9.800538063049316,0.28214117884635925,0.20060257613658905
1790341578923896800,37.961896728515626,9.800572395324707,0.2855903208255768,0.19392795860767365
1790341578940356400,37.9783564453125,9.800518989562988,0.2918335497379303,0.1872110813856125
1790341578956837400,37.99483740234375,9.800621032714844,0.29523664712905884,0.17620451748371124
1790341578973381400,38.01138134765625,9.800508499145508,0.3042610287666321,0.16688168048858643
1790341578989836500,38.02783642578125,9.80057144165039,0.30470433831214905,0.16231216490268707
1790341579006292700,38.04429272460938,9.80079174041748,0.303261935710907,0.15135137736797333
1790341579022753500,38.06075341796875,9.800935745239258,0.303276002407074,0.14164087176322937
1790341579039268000,38.07726806640625,9.800993919372559,0.3058319091796875,0.13181278109550476
1790341579055723300,38.09372314453125,9.801032066345215,0.3077529966831207,0.12425418198108673
1790341579072151300,38.1101513671875,9.8010892868042,0.3098938465118408,0.11406265199184418
1790341579088646700,38.126646728515624,9.801197052001953,0.3089626431465149,0.10705161839723587
1790341579105107200,38.14310717773437,9.801411628723145,0.3050978481769562,0.09814126044511795
1790341579121623800,38.15962377929687,9.801457405090332,0.3064923882484436,0.08878037333488464
1790341579138109200,38.17610913085937,9.801623344421387,0.3034975826740265,0.08038347959518433
1790341579154574800,38.19257495117188,9.80196762084961,0.296294629573822,0.06344740092754364
1790341579171044000,38.209044189453124,9.802497863769531,0.2819124162197113,0.0441913902759552
1790341579187540700,38.225540771484376,9.80295467376709,0.2668860852718353,0.03522990271449089
1790341579203999200,38.24199926757812,9.80360221862793,0.24389027059078217,0.016618605703115463
1790341579220488000,38.25848803710937,9.804094314575195,0.22383572161197662,0.002597861923277378
1790341579236964900,38.27496484375,9.80455493927002,0.20266567170619965,-0.0015519512817263603
1790341579253468700,38.29146875,9.805002212524414,0.1785985231399536,-0.02064182050526142
1790341579269964500,38.30796459960938,9.805329322814941,0.15820735692977905,-0.029514867812395096
1790341579286480100,38.324480224609374,9.805585861206055,0.1394856572151184,-0.037733230739831924
1790341579302936600,38.3409365234375,9.80569076538086,0.1275601089000702,-0.05040911212563515
1790341579319372300,38.35737231445312,9.805763244628906,0.11982233822345734,-0.05507441237568855
1790341579335899000,38.37389892578125,9.805732727050781,0.1192147359251976,-0.061495304107666016
1790341579352342500,38.39034252929687,9.805697441101074,0.12035062909126282,-0.06489527970552444
1790341579368788700,38.406788818359374,9.805655479431152,0.11914416402578354,-0.07292627543210983
1790341579385264400,38.42326440429687,9.80561637878418,0.12139932811260223,-0.07434269040822983
1790341579401709000,38.439708984375,9.805517196655273,0.12533414363861084,-0.08075552433729172
1790341579418154800,38.45615478515625,9.805408477783203,0.13194328546524048,-0.08328481763601303
1790341579434598400,38.47259838867188,9.805253982543945,0.13745538890361786,-0.09209632128477097
1790341579451044600,38.48904467773438,9.805100440979004,0.1381784975528717,-0.10630843043327332
1790341579467489300,38.5054892578125,9.805072784423828,0.13704144954681396,-0.1102103441953659
1790341579483941600,38.52194165039062,9.805048942565918,0.1253821700811386,-0.12519633769989014
1790341579500433200,38.53843310546875,9.80500602722168,0.12196022272109985,-0.13178616762161255
1790341579516877800,38.5548779296875,9.80489730834961,0.12124945968389511,-0.1402963548898697
1790341579533324300,38.57132421875,9.804893493652344,0.09480413794517517,-0.15958046913146973
1790341579549774600,38.587774658203124,9.804983139038086,0.07059240341186523,-0.1664523035287857
1790341579566221600,38.6042216796875,9.805131912231445,0.05117455869913101,-0.16477292776107788
1790341579582698500,38.62069848632812,9.804929733276367,0.029325906187295914,-0.18133407831192017
1790341579599161000,38.6371611328125,9.80471134185791,0.004448083695024252,-0.19494864344596863
1790341579615603700,38.65360375976562,9.804778099060059,-0.019507139921188354,-0.19061055779457092
1790341579632076500,38.67007666015625,9.804303169250488,-0.05014272779226303,-0.20859356224536896
1790341579648555500,38.68655541992187,9.804130554199219,-0.06862209737300873,-0.21142791211605072
1790341579664961300,38.702961181640624,9.803892135620117,-0.09282626211643219,-0.21327418088912964
1790341579681404000,38.71940380859375,9.803574562072754,-0.10652457922697067,-0.22127045691013336
1790341579697849600,38.735849609375,9.803397178649902,-0.11695893853902817,-0.22384673357009888
1790341579714320000,38.75231982421875,9.80321979522705,-0.12754981219768524,-0.22583147883415222
1790341579730769200,38.76876904296875,9.802872657775879,-0.13602158427238464,-0.23574906587600708
1790341579747241700,38.78524169921875,9.802618980407715,-0.14563129842281342,-0.24050378799438477
1790341579763689000,38.80168896484375,9.802510261535645,-0.14903366565704346,-0.2428351789712906
1790341579780201500,38.818201416015626,9.802436828613281,-0.14710040390491486,-0.24694682657718658
1790341579796675000,38.834675048828124,9.802277565002441,-0.15194661915302277,-0.250296413898468
1790341579813120300,38.85112036132813,9.801963806152344,-0.1588507443666458,-0.25820592045783997
1790341579829527800,38.86752783203125,9.80158805847168,-0.15884555876255035,-0.2720975875854492
1790341579845969700,38.8839697265625,9.801199913024902,-0.17190228402614594,-0.27805209159851074
1790341579862413600,38.90041357421875,9.801200866699219,-0.17406366765499115,-0.27666372060775757
1790341579878912300,38.91691235351563,9.800200462341309,-0.177432119846344,-0.3081725537776947
1790341579895356000,38.93335595703125,9.799899101257324,-0.18990576267242432,-0.3103211522102356
1790341579911847400,38.94984741210938,9.799681663513184,-0.19298110902309418,-0.31523850560188293
1790341579928293000,38.966293212890626,9.79931354522705,-0.1982572078704834,-0.3233138918876648
1790341579944739000,38.982739013671875,9.799397468566895,-0.1976015716791153,-0.3211711347103119
1790341579961182200,38.99918212890625,9.799018859863281,-0.2021961659193039,-0.32973796129226685
1790341579977628200,39.01562817382813,9.798943519592285,-0.20371569693088531,-0.3310408294200897
1790341579994013200,39.03201318359375,9.798713684082031,-0.206890270113945,-0.3358493745326996
1790341580010456000,39.0484560546875,9.79854679107666,-0.20828813314437866,-0.3398473262786865
1790341580026902500,39.06490258789062,9.798580169677734,-0.2095177173614502,-0.3381034731864929
1790341580043348200,39.08134814453125,9.798591613769531,-0.20955251157283783,-0.33774641156196594
1790341580059775700,39.097775634765625,9.798513412475586,-0.20821872353553772,-0.3408217132091522
1790341580076233000,39.11423291015625,9.798538208007812,-0.20788653194904327,-0.3403293192386627
1790341580092678100,39.13067822265625,9.79846477508545,-0.2075842320919037,-0.3426183760166168
1790341580109122000,39.1471220703125,9.798482894897461,-0.20835497975349426,-0.34162160754203796
1790341580125594000,39.163593994140626,9.798297882080078,-0.20691731572151184,-0.3477531969547272
1790341580142041000,39.180041015625,9.798262596130371,-0.2059832513332367,-0.34930625557899475
1790341580158485800,39.19648583984375,9.798251152038574,-0.20472806692123413,-0.3503403961658478
1790341580174930400,39.212930419921875,9.798286437988281,-0.2025091052055359,-0.3506597578525543
1790341580191379000,39.22937890625,9.79817008972168,-0.20493100583553314,-0.3525027632713318
1790341580207828000,39.24582788085937,9.798197746276855,-0.2005092203617096,-0.354288250207901
1790341580224281300,39.26228125,9.7982759475708,-0.19456589221954346,-0.3553934097290039
1790341580240729000,39.27872900390625,9.798498153686523,-0.1809483915567398,-0.35648536682128906
1790341580257174000,39.295174072265624,9.798666954040527,-0.16092096269130707,-0.36139237880706787
1790341580273653000,39.31165307617187,9.798937797546387,-0.14965564012527466,-0.3588859736919403
1790341580290100500,39.3281005859375,9.799132347106934,-0.1274312287569046,-0.36214113235473633
1790341580306549200,39.34454931640625,9.799593925476074,-0.09933768957853317,-0.35843944549560547
1790341580323063800,39.36106372070312,9.800064086914062,-0.07072889059782028,-0.3523000180721283
1790341580339512000,39.37751196289062,9.799914360046387,-0.05295759439468384,-0.359518826007843
1790341580355963000,39.393962890625,9.800003051757812,-0.032807935029268265,-0.3595161437988281
1790341580372441600,39.410441650390624,9.800033569335938,-0.001280011609196663,-0.36017465591430664
1790341580388891000,39.42689086914063,9.799623489379883,0.03273835778236389,-0.3697250187397003
1790341580405338600,39.44333862304688,9.799221992492676,0.05849559232592583,-0.37711310386657715
1790341580421784600,39.45978466796875,9.798913955688477,0.08263634145259857,-0.380577027797699
1790341580438227200,39.47622729492188,9.7981538772583,0.10629227757453918,-0.394035279750824
1790341580454666200,39.49266625976563,9.797734260559082,0.12777966260910034,-0.39809778332710266
1790341580471108600,39.50910864257813,9.796967506408691,0.1497456133365631,-0.40912821888923645
1790341580487548000,39.5255478515625,9.796353340148926,0.1631874442100525,-0.41857439279556274
1790341580503984600,39.54198461914063,9.79580307006836,0.1779797524213791,-0.42537543177604675
1790341580520420900,39.5584208984375,9.795273780822754,0.1918509304523468,-0.43148496747016907
1790341580536856000,39.57485595703125,9.794978141784668,0.20159325003623962,-0.4337769150733948
1790341580553292800,39.591292724609374,9.794407844543457,0.21552056074142456,-0.4398997724056244
1790341580569754400,39.60775439453125,9.794188499450684,0.22357331216335297,-0.4407661259174347
1790341580586192400,39.6241923828125,9.793891906738281,0.23238445818424225,-0.4427962005138397
1790341580602632000,39.6406318359375,9.793533325195312,0.2377137988805771,-0.4478641152381897
1790341580619100400,39.65710034179688,9.793492317199707,0.23897337913513184,-0.4481087327003479
1790341580635541500,39.67354150390625,9.793318748474121,0.24087505042552948,-0.45085400342941284
1790341580651983600,39.68998364257813,9.793241500854492,0.24110281467437744,-0.45240408182144165
1790341580668466400,39.706466552734376,9.793235778808594,0.23356427252292633,-0.45647096633911133
1790341580684907500,39.72290747070313,9.793142318725586,0.22609874606132507,-0.4621937870979309
1790341580701345800,39.739345703125,9.793415069580078,0.20568136870861053,-0.465938925743103
1790341580717789200,39.7557890625,9.793256759643555,0.19051207602024078,-0.4756281077861786
1790341580734230300,39.77223022460937,9.792814254760742,0.17722809314727783,-0.48966699838638306
1790341580750668800,39.78866870117187,9.792633056640625,0.1718817949295044,-0.4951508343219757
1790341580767138300,39.80513818359375,9.79237174987793,0.1693798005580902,-0.5011583566665649
1790341580783515000,39.82151489257812,9.792399406433105,0.16817760467529297,-0.5010114908218384
1790341580799952400,39.837952392578124,9.792168617248535,0.16364701092243195,-0.5069910883903503
1790341580816424000,39.854423828125,9.791894912719727,0.16342522203922272,-0.512315571308136
1790341580832868900,39.870868896484374,9.791582107543945,0.16726064682006836,-0.5170441269874573
1790341580849312800,39.88731274414062,9.791130065917969,0.16949571669101715,-0.5248252749443054
1790341580865786400,39.90378637695313,9.790772438049316,0.1714884340763092,-0.5307930707931519
1790341580882230500,39.92023046875,9.790549278259277,0.17567844688892365,-0.533554196357727
1790341580898674700,39.9366748046875,9.790212631225586,0.1803581267595291,-0.5381532311439514
1790341580915122000,39.95312182617187,9.789878845214844,0.18702168762683868,-0.5419235229492188
1790341580931567400,39.9695673828125,9.789381980895996,0.1913057416677475,-0.5493465662002563
1790341580948014300,39.986014404296874,9.78915786743164,0.1943078637123108,-0.5522912740707397
1790341580964467500,40.00246752929687,9.78841495513916,0.19736431539058685,-0.5642400979995728
1790341580980913700,40.01891357421875,9.788212776184082,0.19727973639965057,-0.5677561163902283
1790341580997317000,40.03531713867188,9.787381172180176,0.19235552847385406,-0.5835697650909424
1790341581013761800,40.05176171875,9.787342071533203,0.18224301934242249,-0.5874588489532471
1790341581030205200,40.068205078125,9.787156105041504,0.1684044450521469,-0.5946553349494934
1790341581046648300,40.0846484375,9.786191940307617,0.14980801939964294,-0.6151363849639893
1790341581063107300,40.101107421875,9.785727500915527,0.1282576620578766,-0.6272785663604736
1790341581079551500,40.11755151367188,9.78510570526123,0.10337788611650467,-0.6414175629615784
1790341581095997000,40.133996826171874,9.784815788269043,0.07287987321615219,-0.649960458278656
1790341581112468500,40.15046850585937,9.78418254852295,0.050152234733104706,-0.6615472435951233
1790341581128858400,40.1668583984375,9.784012794494629,0.0270244013518095,-0.6653865575790405
1790341581145302800,40.183302734375,9.783286094665527,0.01648079603910446,-0.6763337850570679
1790341581161746200,40.19974609375,9.78274154663086,-0.004145301412791014,-0.6843570470809937
1790341581178193000,40.21619287109375,9.782675743103027,-0.01258185226470232,-0.6851968765258789
1790341581194641200,40.23264111328125,9.781859397888184,-0.024829411879181862,-0.6964161992073059
1790341581211094300,40.24909423828125,9.781414985656738,-0.026251865550875664,-0.7025750279426575
1790341581227539700,40.26553979492188,9.781307220458984,-0.023809950798749924,-0.7041562795639038
1790341581243982000,40.28198217773438,9.780402183532715,-0.029790012165904045,-0.716403603553772
1790341581260454700,40.29845458984375,9.779823303222656,-0.04112677648663521,-0.723710298538208
1790341581276897000,40.31489697265625,9.779424667358398,-0.05629599839448929,-0.7280579805374146
1790341581293336600,40.331336669921875,9.778711318969727,-0.06175125017762184,-0.737140953540802
1790341581309797000,40.34779711914062,9.778748512268066,-0.070122629404068,-0.7359008193016052
1790341581326238500,40.364238525390626,9.777942657470703,-0.08507409691810608,-0.7449804544448853
1790341581342679800,40.3806796875,9.77702522277832,-0.10779319703578949,-0.754018247127533
1790341581359150000,40.39715014648438,9.776366233825684,-0.13356876373291016,-0.7584295868873596
1790341581375592400,40.41359252929688,9.774962425231934,-0.1536862850189209,-0.772582471370697
1790341581392034300,40.430034423828126,9.774862289428711,-0.16410797834396362,-0.7717073559761047
1790341581408476400,40.44647631835937,9.774885177612305,-0.16753631830215454,-0.7706755995750427
1790341581424919800,40.462919921875,9.77415657043457,-0.18095636367797852,-0.7768581509590149
1790341581441361400,40.479361328125,9.774349212646484,-0.18219654262065887,-0.7741438150405884
1790341581457806600,40.495806640625,9.7742280960083,-0.18768759071826935,-0.7743510007858276
1790341581474250000,40.51225,9.77485179901123,-0.19359277188777924,-0.7649660706520081
1790341581490692900,40.52869287109375,9.77502727508545,-0.1937062293291092,-0.7626897096633911
1790341581507134200,40.54513427734375,9.775459289550781,-0.1926400363445282,-0.7574154138565063
1790341581523578400,40.561578369140626,9.7754545211792,-0.18884846568107605,-0.7584272623062134
1790341581540019500,40.57801953125,9.775534629821777,-0.19020378589630127,-0.7570568323135376
1790341581556486000,40.59448583984375,9.775593757629395,-0.19531218707561493,-0.7549924254417419
1790341581572923400,40.61092333984375,9.775106430053711,-0.19586488604545593,-0.761130690574646
1790341581589359400,40.627359375,9.775788307189941,-0.19152790307998657,-0.7534422874450684
1790341581605824500,40.64382446289063,9.775283813476562,-0.18625125288963318,-0.7612712383270264
1790341581622263600,40.660263671875,9.775343894958496,-0.19275504350662231,-0.7588751316070557
1790341581638705400,40.676705322265626,9.775238990783691,-0.19893190264701843,-0.7586249113082886
1790341581655148300,40.69314819335938,9.77479076385498,-0.20166432857513428,-0.7636632323265076
1790341581671590700,40.70959057617188,9.774419784545898,-0.20893269777297974,-0.7664506435394287
1790341581687975700,40.7259755859375,9.77403450012207,-0.21301424503326416,-0.7702338695526123
1790341581704423200,40.742423095703124,9.773411750793457,-0.21439197659492493,-0.7777158617973328
1790341581720863700,40.75886376953125,9.773540496826172,-0.20709042251110077,-0.7780793309211731
1790341581737303800,40.7753037109375,9.772724151611328,-0.20672576129436493,-0.788368821144104
1790341581753775600,40.79177563476563,9.772391319274902,-0.21304965019226074,-0.7907983064651489
1790341581770216200,40.80821630859375,9.77289867401123,-0.2153884470462799,-0.7838659286499023
1790341581786654700,40.82465478515625,9.772089958190918,-0.20552736520767212,-0.7964980602264404
1790341581803114200,40.8411142578125,9.77208137512207,-0.19817158579826355,-0.7984628081321716
1790341581819553800,40.8575537109375,9.77229118347168,-0.18874171376228333,-0.7981860041618347
1790341581835994400,40.87399438476562,9.771862030029297,-0.17734041810035706,-0.8060131669044495
1790341581852464600,40.89046459960937,9.772041320800781,-0.17009475827217102,-0.8053946495056152
1790341581868906500,40.90690649414063,9.771514892578125,-0.16630199551582336,-0.8125528693199158
1790341581885348900,40.92334887695313,9.77125358581543,-0.16210420429706573,-0.8165165185928345
1790341581901792800,40.939792724609376,9.770419120788574,-0.15356110036373138,-0.8280766606330872
1790341581918237700,40.95623779296875,9.7695894241333,-0.14243559539318085,-0.8397785425186157
1790341581934680000,40.97268017578125,9.769214630126953,-0.1456453800201416,-0.8435779213905334
1790341581951128300,40.98912841796875,9.767830848693848,-0.1437353789806366,-0.8597779870033264
1790341581967571700,41.00557177734375,9.768320083618164,-0.1435229778289795,-0.8542346358299255
1790341581984013800,41.022013916015624,9.767645835876465,-0.13507425785064697,-0.8632742762565613
1790341582000461300,41.03846142578125,9.766871452331543,-0.1321292370557785,-0.8724470138549805
1790341582016841500,41.05484155273437,9.766157150268555,-0.13382333517074585,-0.8801355957984924
1790341582033288200,41.0712880859375,9.76581859588623,-0.14167580008506775,-0.8826649188995361
1790341582049749800,41.08774975585938,9.765929222106934,-0.14128075540065765,-0.8815015554428101
1790341582066236000,41.10423583984375,9.766879081726074,-0.1416679471731186,-0.8708598017692566
1790341582082678300,41.12067822265625,9.765899658203125,-0.14973975718021393,-0.8804401755332947
1790341582099146200,41.13714624023437,9.765952110290527,-0.15076260268688202,-0.8796793222427368
1790341582115531000,41.15353100585938,9.765713691711426,-0.15711484849452972,-0.8812131881713867
1790341582131974100,41.16997412109375,9.765517234802246,-0.160745769739151,-0.8827414512634277
1790341582148415500,41.18641552734375,9.765447616577148,-0.16158916056156158,-0.8833587765693665
1790341582164855300,41.20285522460937,9.765130043029785,-0.15387852489948273,-0.8882315754890442
1790341582181297400,41.21929736328125,9.765130996704102,-0.15255887806415558,-0.8884456753730774
1790341582197743900,41.23574389648437,9.765403747558594,-0.15905489027500153,-0.8842973113059998
1790341582214185200,41.252185302734375,9.76517105102539,-0.16627664864063263,-0.885535478591919
1790341582230627600,41.268627685546875,9.76533031463623,-0.16401666402816772,-0.8842030167579651
1790341582247102000,41.28510205078125,9.764910697937012,-0.15643702447414398,-0.8901892304420471
1790341582263543800,41.30154370117187,9.764214515686035,-0.15755420923233032,-0.8975977301597595
1790341582279985400,41.3179853515625,9.761978149414062,-0.16930708289146423,-0.919517457485199
1790341582296453400,41.334453369140626,9.760764122009277,-0.17660899460315704,-0.9309554696083069
1790341582312895200,41.35089526367187,9.759777069091797,-0.17612390220165253,-0.9413377642631531
1790341582329341200,41.36734106445312,9.758685111999512,-0.1724056452512741,-0.9532665014266968
1790341582345814800,41.38381469726563,9.756078720092773,-0.17457714676856995,-0.9791966676712036
1790341582362258400,41.400258544921876,9.75400447845459,-0.18270090222358704,-0.9981963038444519
1790341582378643500,41.4166435546875,9.752662658691406,-0.18499504029750824,-1.0108106136322021
1790341582395088600,41.43308862304688,9.751287460327148,-0.1848796010017395,-1.0240039825439453
1790341582411533800,41.449533935546874,9.750810623168945,-0.1849582940340042,-1.0285300016403198
1790341582427979500,41.4659794921875,9.750377655029297,-0.18442444503307343,-1.0327199697494507
1790341582444428500,41.482428466796875,9.75088882446289,-0.19034217298030853,-1.0268027782440186
1790341582460872200,41.4988720703125,9.751395225524902,-0.193098783493042,-1.021464467048645
1790341582477316600,41.51531665039062,9.751264572143555,-0.1933360993862152,-1.02266526222229
1790341582493757000,41.5317568359375,9.752216339111328,-0.19542932510375977,-1.0131524801254272
1790341582510198000,41.548197998046874,9.753400802612305,-0.20298506319522858,-1.0001775026321411
1790341582526640000,41.56464013671875,9.753358840942383,-0.2034119814634323,-1.0004929304122925
1790341582543109600,41.581109619140626,9.753938674926758,-0.20249807834625244,-0.9950158596038818
1790341582559552500,41.59755249023438,9.754250526428223,-0.20183053612709045,-0.992091715335846
1790341582575997400,41.61399755859375,9.754658699035645,-0.19964583218097687,-0.9885165691375732
1790341582592468700,41.63046875,9.754955291748047,-0.1957109123468399,-0.9863694310188293
1790341582608912400,41.646912353515624,9.75499153137207,-0.19991877675056458,-0.9851688742637634
1790341582625354000,41.66335400390625,9.75496768951416,-0.19896230101585388,-0.9856002330780029
1790341582641793000,41.67979296875,9.754826545715332,-0.19822898507118225,-0.9871407151222229
1790341582658232800,41.69623291015625,9.754584312438965,-0.19753119349479675,-0.9896727204322815
1790341582674675500,41.71267553710938,9.75436019897461,-0.1968144029378891,-0.9920212030410767
1790341582691125500,41.72912548828125,9.754493713378906,-0.19660988450050354,-0.9907553195953369
1790341582707569400,41.7455693359375,9.75492000579834,-0.19811438024044037,-0.9862440228462219
1790341582724017000,41.76201684570312,9.7546968460083,-0.19580569863319397,-0.9889058470726013
1790341582740462000,41.778462158203126,9.754668235778809,-0.1926533281803131,-0.9898081421852112
1790341582756870400,41.79487036132812,9.75466251373291,-0.18929843604564667,-0.9905118346214294
1790341582773310700,41.81131079101562,9.754288673400879,-0.19208498299121857,-0.9936543703079224
1790341582789778700,41.82777880859375,9.754284858703613,-0.19419294595718384,-0.9932806491851807
1790341582806236200,41.84423608398438,9.754372596740723,-0.19118912518024445,-0.9929987192153931
1790341582822682400,41.86068237304688,9.754467010498047,-0.18321765959262848,-0.9935788512229919
1790341582839157000,41.87715698242187,9.754403114318848,-0.1811484545469284,-0.9945758581161499
1790341582855601400,41.89360131835937,9.75261402130127,-0.19073079526424408,-1.0102099180221558
1790341582872044500,41.91004443359375,9.75177001953125,-0.21436965465545654,-1.0136178731918335
1790341582888486100,41.92648608398437,9.751850128173828,-0.18910665810108185,-1.0178636312484741
1790341582904928300,41.94292822265625,9.753851890563965,-0.16311544179916382,-1.0030722618103027
1790341582921369300,41.95936938476562,9.750877380371094,-0.178204745054245,-1.0290882587432861
1790341582937815600,41.97581567382812,9.750535011291504,-0.2120155245065689,-1.0259180068969727
1790341582954258200,41.99225805664062,9.750560760498047,-0.21544532477855682,-1.0249594449996948
1790341582970698200,42.0086982421875,9.749946594238281,-0.20988062024116516,-1.03192937374115
1790341582987138000,42.025137939453124,9.750715255737305,-0.21059589087963104,-1.024499535560608
1790341583003581200,42.04158129882813,9.7495698928833,-0.2234719842672348,-1.0326344966888428
1790341583020022500,42.0580224609375,9.747719764709473,-0.2450718879699707,-1.0451289415359497
1790341583036484900,42.07448486328125,9.745668411254883,-0.27010905742645264,-1.0580030679702759
1790341583052926000,42.09092602539062,9.746965408325195,-0.2728157639503479,-1.0452840328216553
1790341583069329400,42.10732934570313,9.74734878540039,-0.26133596897125244,-1.044639229774475
1790341583085800000,42.12380004882812,9.748373031616211,-0.25412505865097046,-1.0368393659591675
1790341583102125300,42.14012524414063,9.745914459228516,-0.2672296464443207,-1.0564641952514648
1790341583118388200,42.15638818359375,9.744139671325684,-0.2748697102069855,-1.0707837343215942
1790341583134828500,42.17282861328125,9.743958473205566,-0.2656511664390564,-1.0747562646865845
1790341583151271200,42.189271240234376,9.743181228637695,-0.25254905223846436,-1.0849041938781738
1790341583167711700,42.205711669921875,9.741661071777344,-0.23922406136989594,-1.1014587879180908
1790341583184160000,42.222159912109376,9.741755485534668,-0.2538440525531769,-1.0973339080810547
1790341583200602400,42.238602294921876,9.741348266601562,-0.28344932198524475,-1.0936973094940186
1790341583217047300,42.25504736328125,9.740043640136719,-0.29781439900398254,-1.1014750003814697
1790341583233523200,42.27152319335938,9.740403175354004,-0.2843356728553772,-1.1018620729446411
1790341583249967000,42.28796704101563,9.742298126220703,-0.25991496443748474,-1.0910862684249878
1790341583266415900,42.30441577148437,9.739113807678223,-0.25487300753593445,-1.1203134059906006
1790341583282872600,42.32087255859375,9.7404146194458,-0.257529079914093,-1.1083301305770874
1790341583299314700,42.337314697265626,9.73983383178711,-0.2573884129524231,-1.1134577989578247
1790341583315757600,42.35375756835938,9.739155769348145,-0.22915177047252655,-1.1254929304122925
1790341583332229400,42.3702294921875,9.740949630737305,-0.21670223772525787,-1.1123532056808472
1790341583348670700,42.38667065429688,9.738167762756348,-0.20890232920646667,-1.137911081314087
1790341583365112300,42.4031123046875,9.739960670471191,-0.21767140924930573,-1.1207911968231201
1790341583381556500,42.419556396484374,9.738910675048828,-0.2090197652578354,-1.1315072774887085
1790341583398000600,42.436000732421874,9.737981796264648,-0.2074713408946991,-1.1397593021392822
1790341583414444000,42.45244409179688,9.73880386352539,-0.20168359577655792,-1.1337661743164062
1790341583430895900,42.46889575195313,9.738808631896973,-0.1875593066215515,-1.136146068572998
1790341583447342800,42.4853427734375,9.737367630004883,-0.1934484839439392,-1.1474483013153076
1790341583463788300,42.50178833007813,9.738584518432617,-0.2033080756664276,-1.1353474855422974
1790341583480232700,42.51823266601563,9.738959312438965,-0.20820900797843933,-1.1312366724014282
1790341583496677400,42.53467749023437,9.739676475524902,-0.20923568308353424,-1.1248555183410645
1790341583513120800,42.551120849609376,9.741491317749023,-0.20857973396778107,-1.109157681465149
1790341583529575400,42.56757543945312,9.74219036102295,-0.22328156232833862,-1.1001216173171997
1790341583546019300,42.58401928710938,9.742652893066406,-0.2569585144519806,-1.0886149406433105
1790341583562464000,42.60046411132812,9.742400169372559,-0.2716914117336273,-1.0872931480407715
1790341583578937000,42.61693701171875,9.744097709655762,-0.27790316939353943,-1.070375919342041
1790341583595382300,42.63338232421875,9.745593070983887,-0.3003067374229431,-1.0505298376083374
1790341583611827700,42.64982763671875,9.746336936950684,-0.32029959559440613,-1.0376471281051636
1790341583628278000,42.66627807617188,9.744094848632812,-0.3447447717189789,-1.0507895946502686
1790341583644729300,42.682729248046876,9.743256568908691,-0.3775618076324463,-1.0472767353057861
1790341583661177000,42.699177001953124,9.740524291992188,-0.39751920104026794,-1.0651499032974243
1790341583677625900,42.7156259765625,9.738205909729004,-0.4140639007091522,-1.0799410343170166
1790341583694069000,42.73206909179687,9.73650074005127,-0.44071242213249207,-1.084766149520874
1790341583710514000,42.748513916015625,9.735071182250977,-0.45410045981407166,-1.092052936553955
1790341583726990000,42.764989990234376,9.731505393981934,-0.47422561049461365,-1.115032434463501
1790341583743434000,42.78143408203125,9.730734825134277,-0.48170894384384155,-1.1185426712036133
1790341583759879700,42.79787963867187,9.728662490844727,-0.49535906314849854,-1.130541205406189
1790341583776381400,42.81438134765625,9.727381706237793,-0.500666081905365,-1.139197826385498
1790341583792824000,42.83082397460937,9.72777271270752,-0.4960314929485321,-1.137886643409729
1790341583809201000,42.84720092773438,9.727182388305664,-0.5016041994094849,-1.14048433303833
1790341583825674000,42.863674072265624,9.72852611541748,-0.4881574511528015,-1.1348425149917603
1790341583842119700,42.88011962890625,9.729532241821289,-0.47827818989753723,-1.1304168701171875
1790341583858564600,42.896564697265624,9.730467796325684,-0.46711257100105286,-1.127028465270996
1790341583875007000,42.913007080078124,9.731258392333984,-0.4581183195114136,-1.1238878965377808
1790341583891454000,42.929453857421876,9.732185363769531,-0.45495468378067017,-1.1171265840530396
1790341583907900400,42.945900390625,9.732796669006348,-0.44630444049835205,-1.1152938604354858
1790341583924347400,42.962347412109374,9.733879089355469,-0.4381152093410492,-1.1090751886367798
1790341583940791300,42.97879125976562,9.733975410461426,-0.4301149845123291,-1.1113561391830444
1790341583957234200,42.99523413085937,9.734755516052246,-0.42388400435447693,-1.1069116592407227
1790341583973678800,43.011678955078125,9.73536491394043,-0.42739254236221313,-1.100181221961975
1790341583990121500,43.02812158203125,9.736522674560547,-0.4308311939239502,-1.0885307788848877
1790341584006563800,43.044563720703124,9.737686157226562,-0.4282163679599762,-1.0791122913360596
1790341584023029000,43.061029052734376,9.73930835723877,-0.42272645235061646,-1.0665644407272339
1790341584039473700,43.0774736328125,9.741621971130371,-0.42090898752212524,-1.0459611415863037
1790341584055973600,43.0939736328125,9.742810249328613,-0.4268634617328644,-1.0323870182037354
1790341584072244200,43.110244140625,9.741881370544434,-0.4261869788169861,-1.041392207145691
1790341584088652500,43.126652587890625,9.742977142333984,-0.4213338792324066,-1.033078670501709
1790341584105096200,43.14309619140625,9.7427978515625,-0.41017070412635803,-1.039245843887329
1790341584121438700,43.15943872070312,9.74364185333252,-0.40763524174690247,-1.03230619430542
1790341584137847600,43.17584765625,9.743437767028809,-0.404048353433609,-1.0356385707855225
1790341584154289700,43.19228955078125,9.743608474731445,-0.4043157398700714,-1.0339280366897583
1790341584170741800,43.20874169921875,9.743767738342285,-0.4011220932006836,-1.0336735248565674
1790341584187186400,43.2251865234375,9.74447250366211,-0.40584561228752136,-1.0251539945602417
1790341584203629300,43.24162939453125,9.744592666625977,-0.4068073630332947,-1.0236221551895142
1790341584220106200,43.25810620117188,9.7451753616333,-0.4099406898021698,-1.016806721687317
1790341584236550100,43.274550048828125,9.746455192565918,-0.41659045219421387,-1.0017286539077759
1790341584252992300,43.2909921875,9.74744701385498,-0.4294826090335846,-0.986510694026947
1790341584269458700,43.307458740234374,9.748160362243652,-0.42965659499168396,-0.9793627262115479
1790341584285902600,43.32390258789062,9.748045921325684,-0.4280458390712738,-0.9812034964561462
1790341584302345700,43.340345703125,9.748252868652344,-0.4275617003440857,-0.979363739490509
1790341584318816300,43.356816162109375,9.749346733093262,-0.42523983120918274,-0.9694294333457947
1790341584335254300,43.37325415039062,9.749263763427734,-0.4293636679649353,-0.968445897102356
1790341584351696100,43.38969604492188,9.749748229980469,-0.4315948486328125,-0.962562084197998
1790341584368139000,43.40613891601563,9.74986457824707,-0.45183929800987244,-0.9520255923271179
1790341584384583000,43.4225830078125,9.751476287841797,-0.47360581159591675,-0.9245530366897583
1790341584401023200,43.439023193359375,9.752033233642578,-0.4902710020542145,-0.9098747372627258
1790341584417470000,43.45546997070313,9.7523775100708,-0.5101063251495361,-0.8951664566993713
1790341584433915400,43.471915283203124,9.752218246459961,-0.5314704775810242,-0.8843976259231567
1790341584450364700,43.48836474609375,9.753071784973145,-0.5449148416519165,-0.8666242957115173
1790341584466789000,43.5047890625,9.754875183105469,-0.5589829683303833,-0.8368635773658752
1790341584483198700,43.52119873046875,9.755757331848145,-0.5687810778617859,-0.8198052644729614
1790341584499637800,43.5376376953125,9.756681442260742,-0.5834437608718872,-0.7982093095779419
1790341584516091600,43.55409155273438,9.758103370666504,-0.5957325100898743,-0.7713029384613037
1790341584532532500,43.57053247070313,9.758630752563477,-0.6069996953010559,-0.7556902766227722
1790341584548977400,43.58697729492187,9.759003639221191,-0.6187170147895813,-0.7412296533584595
1790341584565447200,43.603447265625,9.759101867675781,-0.6267616152763367,-0.7331361770629883
1790341584581889000,43.619888916015626,9.75927734375,-0.6355171799659729,-0.7232000827789307
1790341584598329900,43.63632983398438,9.759733200073242,-0.639457106590271,-0.7135002613067627
1790341584614771200,43.65277124023437,9.759695053100586,-0.6377324461936951,-0.7155728340148926
1790341584631213000,43.66921313476563,9.759665489196777,-0.6444730758666992,-0.7099087238311768
1790341584647654100,43.68565405273438,9.759681701660156,-0.6457679867744446,-0.7085117697715759
1790341584664103200,43.702103271484376,9.760180473327637,-0.6439045071601868,-0.7033193111419678
1790341584680543700,43.718543701171875,9.76087474822998,-0.6371796727180481,-0.6997994780540466
1790341584696985300,43.7349853515625,9.760947227478027,-0.633056640625,-0.7025294303894043
1790341584713452000,43.7514521484375,9.7615385055542,-0.6296541690826416,-0.6973469853401184
1790341584729894700,43.76789477539062,9.761701583862305,-0.6274078488349915,-0.6970868110656738
1790341584746337000,43.7843369140625,9.76164436340332,-0.6270287036895752,-0.6982272863388062
1790341584762793700,43.80079370117188,9.761876106262207,-0.6238858103752136,-0.6977983117103577
1790341584779237000,43.81723706054687,9.76252555847168,-0.6192101240158081,-0.692868709564209
1790341584795678000,43.833677978515624,9.762738227844238,-0.6205211281776428,-0.6886758208274841
1790341584812191000,43.85019091796875,9.763312339782715,-0.6194433569908142,-0.6814754009246826
1790341584828636200,43.86663623046875,9.763627052307129,-0.621890664100647,-0.6747080683708191
1790341584845079600,43.88307958984375,9.764081954956055,-0.6216805577278137,-0.6682798862457275
1790341584861522700,43.89952270507813,9.76452350616455,-0.6254404783248901,-0.658247709274292
1790341584877967000,43.91596704101563,9.7648286819458,-0.6309889554977417,-0.6483553647994995
1790341584894411800,43.93241186523438,9.765551567077637,-0.6331154108047485,-0.6352493166923523
1790341584910860500,43.948860595703124,9.766524314880371,-0.634990394115448,-0.6181954741477966
1790341584927304200,43.96530419921875,9.766885757446289,-0.6386836767196655,-0.6086165904998779
1790341584943747000,43.9817470703125,9.767731666564941,-0.6377763748168945,-0.5958568453788757
1790341584960189700,43.99818969726562,9.76842212677002,-0.6333444118499756,-0.589238166809082
1790341584976632300,44.01463232421875,9.769328117370605,-0.6254122257232666,-0.5826359987258911
1790341584993073700,44.03107373046875,9.771024703979492,-0.6052269339561462,-0.5754712224006653
1790341585009533700,44.04753369140625,9.7731294631958,-0.5821536183357239,-0.5634129047393799
1790341585025973800,44.06397387695313,9.774931907653809,-0.5646105408668518,-0.5498378872871399
1790341585042416600,44.08041674804687,9.777901649475098,-0.5328022241592407,-0.5283547639846802
1790341585058825700,44.09682568359375,9.781009674072266,-0.500076413154602,-0.5021545886993408
1790341585075269400,44.113269287109375,9.784171104431152,-0.4577328562736511,-0.480471670627594
1790341585091709700,44.129709716796874,9.787013053894043,-0.41441580653190613,-0.4615382254123688
1790341585108149200,44.14614916992188,9.788864135742188,-0.39156362414360046,-0.44183236360549927
1790341585124590600,44.16259057617187,9.789754867553711,-0.3736877739429474,-0.43753933906555176
1790341585141078000,44.179078125,9.791471481323242,-0.34698405861854553,-0.42080023884773254
1790341585157523500,44.1955234375,9.793654441833496,-0.31638258695602417,-0.393217533826828
1790341585173963800,44.2119638671875,9.794739723205566,-0.2941354513168335,-0.38333600759506226
1790341585190403600,44.228403564453124,9.796137809753418,-0.274299681186676,-0.3616935908794403
1790341585206873300,44.24487329101562,9.797033309936523,-0.2684972584247589,-0.3412182331085205
1790341585223311400,44.261311279296876,9.797779083251953,-0.2565552890300751,-0.328761488199234
1790341585239749600,44.27774951171875,9.798394203186035,-0.2454890012741089,-0.3187476098537445
1790341585256215000,44.29421508789063,9.79894733428955,-0.23021413385868073,-0.31307440996170044
1790341585272660000,44.31065991210937,9.799242973327637,-0.2198803722858429,-0.31123605370521545
1790341585289105700,44.32710571289063,9.799293518066406,-0.2206995189189911,-0.3090735077857971
1790341585305580500,44.34358056640625,9.799126625061035,-0.22443081438541412,-0.3116527497768402
1790341585322021400,44.360021484375,9.799156188964844,-0.22589527070522308,-0.3096655309200287
1790341585338465800,44.3764658203125,9.79930305480957,-0.21826429665088654,-0.31050023436546326
1790341585354905900,44.39290576171875,9.79934024810791,-0.21016262471675873,-0.31485864520072937
1790341585371349200,44.40934936523438,9.799293518066406,-0.20499297976493835,-0.31970080733299255
1790341585387790000,44.4257900390625,9.799287796020508,-0.20426034927368164,-0.3203510642051697
1790341585404236800,44.44223681640625,9.799243927001953,-0.20213578641414642,-0.3230242133140564
1790341585420679000,44.45867895507813,9.799209594726562,-0.19666340947151184,-0.32740873098373413
1790341585437116700,44.47511669921875,9.799274444580078,-0.18900097906589508,-0.32995983958244324
1790341585453556500,44.49155639648438,9.799383163452148,-0.17575238645076752,-0.3340415060520172
1790341585469995800,44.50799584960937,9.799527168273926,-0.17374810576438904,-0.3308534622192383
1790341585486437400,44.524437255859375,9.79951286315918,-0.17298904061317444,-0.33169034123420715
1790341585502898200,44.540898193359375,9.799554824829102,-0.16340947151184082,-0.3352838158607483
1790341585519339800,44.55733984375,9.800416946411133,-0.1453254669904709,-0.31795284152030945
1790341585535781600,44.57378173828125,9.800853729248047,-0.12529513239860535,-0.31298696994781494
1790341585552251100,44.590251220703124,9.8012056350708,-0.118141308426857,-0.3046078383922577
1790341585568690400,44.6066904296875,9.80139446258545,-0.11852963268756866,-0.29833558201789856
1790341585585132500,44.623132568359374,9.801292419433594,-0.12108618021011353,-0.30065828561782837
1790341585601569800,44.63956982421875,9.801657676696777,-0.11579980701208115,-0.2906516194343567
1790341585618010000,44.65601000976562,9.801841735839844,-0.10324858874082565,-0.28917407989501953
1790341585634451500,44.672451416015626,9.801986694335938,-0.08892324566841125,-0.28903746604919434
1790341585650898700,44.68889868164062,9.802239418029785,-0.0807836502790451,-0.28279247879981995
1790341585667338800,44.7053388671875,9.80213451385498,-0.07892552763223648,-0.28690484166145325
1790341585683782000,44.721781982421874,9.802177429199219,-0.07484861463308334,-0.2865488827228546
1790341585700255000,44.7382548828125,9.802292823791504,-0.06555615365505219,-0.2848452925682068
1790341585716696000,44.75469604492187,9.80229663848877,-0.05441252887248993,-0.28707176446914673
1790341585733139500,44.771139404296875,9.802519798278809,-0.045170318335294724,-0.28097620606422424
1790341585749604900,44.78760498046875,9.802399635314941,-0.043127600103616714,-0.28545457124710083
1790341585766045200,44.80404516601563,9.802170753479004,-0.03745871037244797,-0.29397839307785034
1790341585782486500,44.82048657226562,9.802042007446289,-0.029044395312666893,-0.2992122173309326
1790341585798954200,44.83695434570313,9.801742553710938,-0.01932825706899166,-0.3096151351928711
1790341585815308300,44.85330834960938,9.801614761352539,-0.01445844117552042,-0.3138902187347412
1790341585831716900,44.869716796875,9.801444053649902,-0.015127073042094707,-0.3191327750682831
1790341585848159700,44.88615966796875,9.801229476928711,-0.01564187742769718,-0.3256301283836365
1790341585864599800,44.902599853515625,9.801105499267578,-0.01261318102478981,-0.32946714758872986
1790341585881040000,44.91903979492187,9.800874710083008,-0.007789258845150471,-0.3364154100418091
1790341585897491500,44.93549145507812,9.800786018371582,-0.003620213596150279,-0.3390735685825348
1790341585913934600,44.9519345703125,9.800667762756348,0.0032547207083553076,-0.34245800971984863
1790341585930379500,44.96837963867188,9.800519943237305,0.011413376778364182,-0.34651583433151245
1790341585946822400,44.98482250976563,9.800497055053711,0.022907670587301254,-0.34656664729118347
1790341585963265800,45.001265869140624,9.800248146057129,0.03753063827753067,-0.3522961437702179
1790341585979708200,45.017708251953124,9.80001449584961,0.054646216332912445,-0.3565270006656647
1790341585996177400,45.03417749023438,9.799574851989746,0.08558174222707748,-0.36250045895576477
1790341586012621300,45.050621337890625,9.798813819885254,0.12593552470207214,-0.3711910545825958
1790341586029066000,45.06706591796875,9.797375679016113,0.17355993390083313,-0.38946428894996643
1790341586045539800,45.083539794921876,9.795951843261719,0.22177666425704956,-0.400666743516922
1790341586061927000,45.09992700195313,9.793949127197266,0.2739858627319336,-0.416993647813797
1790341586078374700,45.116374755859376,9.792001724243164,0.32531479001045227,-0.42574548721313477
1790341586094822100,45.132822265625,9.78952407836914,0.3826776146888733,-0.43493571877479553
1790341586111270700,45.149270751953125,9.787226676940918,0.4332108795642853,-0.4392295181751251
1790341586127719400,45.16571948242188,9.785043716430664,0.4821142554283142,-0.4368937015533447
1790341586144170200,45.182170166015624,9.783035278320312,0.5240717530250549,-0.4335377514362335
1790341586160552000,45.198552001953125,9.781058311462402,0.5589157342910767,-0.434629887342453
1790341586176995800,45.21499584960937,9.779889106750488,0.5862012505531311,-0.4248862564563751
1790341586193470500,45.231470458984376,9.778610229492188,0.6067178249359131,-0.4255121350288391
1790341586209914400,45.247914306640624,9.777942657470703,0.6188324689865112,-0.4233902096748352
1790341586226358800,45.26435888671875,9.777547836303711,0.6258047819137573,-0.4222777485847473
1790341586242829600,45.28082958984375,9.777235984802246,0.6337194442749023,-0.4176730513572693
1790341586259275500,45.297275634765626,9.777091026306152,0.6359575390815735,-0.4176575839519501
1790341586275717600,45.31371752929687,9.776949882507324,0.6414021849632263,-0.4125975966453552
1790341586292189000,45.33018896484375,9.776911735534668,0.6436895728111267,-0.40993115305900574
1790341586308628200,45.34662817382812,9.776579856872559,0.6479957103729248,-0.4110809564590454
1790341586325069000,45.36306909179687,9.776577949523926,0.6506898403167725,-0.40682661533355713
1790341586341508400,45.37950830078125,9.77643871307373,0.6555790901184082,-0.40229442715644836
1790341586357949700,45.39594970703125,9.776063919067383,0.6597892642021179,-0.40453070402145386
1790341586374392000,45.41239208984375,9.775860786437988,0.6638649106025696,-0.4027661383152008
1790341586390843400,45.428843505859376,9.775723457336426,0.6693339943885803,-0.39699915051460266
1790341586407288600,45.44528857421875,9.77524471282959,0.6779464483261108,-0.39416584372520447
1790341586423731000,45.46173095703125,9.77489185333252,0.6868077516555786,-0.3875233829021454
1790341586440171500,45.47817163085937,9.774731636047363,0.6914812922477722,-0.3832213580608368
1790341586456611600,45.494611572265626,9.774534225463867,0.6931658387184143,-0.38521838188171387
1790341586473055200,45.51105517578125,9.774601936340332,0.6932594776153564,-0.3833148181438446
1790341586489497900,45.52749780273437,9.774612426757812,0.6911500692367554,-0.386846125125885
1790341586505907700,45.54390771484375,9.774744033813477,0.6886168718338013,-0.38803938031196594
1790341586522352000,45.56035205078125,9.774794578552246,0.6877719759941101,-0.3882529139518738
1790341586538824700,45.57682470703125,9.775005340576172,0.6841709613800049,-0.38931572437286377
1790341586555268000,45.59326806640625,9.775206565856934,0.6790990233421326,-0.3931286036968231
1790341586571711200,45.60971118164063,9.775259017944336,0.6737937331199646,-0.4008738100528717
1790341586588156000,45.62615600585937,9.77591323852539,0.6636684536933899,-0.40180903673171997
1790341586604601300,45.642601318359375,9.776198387145996,0.6550571918487549,-0.408943235874176
1790341586621047300,45.65904736328125,9.777217864990234,0.6429774761199951,-0.4037095606327057
1790341586637500000,45.6755,9.777801513671875,0.6350443363189697,-0.4021357297897339
1790341586653945600,45.691945556640626,9.778602600097656,0.6247009038925171,-0.39881622791290283
1790341586670389800,45.7083896484375,9.779568672180176,0.6111418008804321,-0.3961472511291504
1790341586686864100,45.724864013671876,9.780553817749023,0.5949419736862183,-0.39648348093032837
1790341586703306000,45.741305908203124,9.78102970123291,0.58542799949646,-0.3988937437534332
1790341586719746800,45.757746826171875,9.781845092773438,0.5727456212043762,-0.39731594920158386
1790341586736216800,45.774216796875,9.782733917236328,0.5566165447235107,-0.3983485996723175
1790341586752660500,45.79066040039063,9.783123970031738,0.5463137626647949,-0.40299171209335327
1790341586769106000,45.80710595703125,9.783799171447754,0.5328490138053894,-0.40464138984680176
1790341586785577500,45.82357739257812,9.78419303894043,0.525575578212738,-0.404629111289978
1790341586802021400,45.840021484375,9.784524917602539,0.5182433724403381,-0.4060656428337097
1790341586818467000,45.85646704101563,9.785207748413086,0.5087777972221375,-0.4015483558177948
1790341586834749400,45.87274951171875,9.78564453125,0.5022828578948975,-0.3990710377693176
1790341586851191300,45.88919140625,9.786589622497559,0.49361783266067505,-0.3865251839160919
1790341586867632000,45.90563208007813,9.787422180175781,0.48484840989112854,-0.37640321254730225
1790341586884097800,45.922097900390625,9.788610458374023,0.479305624961853,-0.3518017828464508
1790341586900543500,45.93854345703125,9.789339065551758,0.47715502977371216,-0.3339943289756775
1790341586916990000,45.954989990234374,9.790573120117188,0.4733467102050781,-0.301674485206604
1790341586933436700,45.971436767578126,9.791667938232422,0.46962666511535645,-0.27032896876335144
1790341586949880000,45.98788012695312,9.792330741882324,0.46684983372688293,-0.2503640651702881
1790341586966324000,46.00432397460938,9.793203353881836,0.46472832560539246,-0.21815569698810577
1790341586982792400,46.02079248046875,9.794158935546875,0.45650407671928406,-0.19090358912944794
1790341586999233000,46.03723291015625,9.795217514038086,0.4446365237236023,-0.16246215999126434
1790341587015708000,46.0537080078125,9.796515464782715,0.42814573645591736,-0.12393815815448761
1790341587032192300,46.07019213867188,9.797798156738281,0.4075653851032257,-0.08619203418493271
1790341587048679400,46.08667944335937,9.79918384552002,0.38007834553718567,-0.04384912550449371
1790341587065254000,46.10325390625,9.800576210021973,0.3450375497341156,-0.006410039961338043
1790341587081754400,46.11975439453125,9.801801681518555,0.3064587712287903,0.03394518420100212
1790341587098268700,46.1362685546875,9.802576065063477,0.27410826086997986,0.06900306046009064
1790341587114651400,46.1526513671875,9.802999496459961,0.2439158409833908,0.11001483350992203
1790341587131144400,46.16914453125,9.803142547607422,0.21916736662387848,0.14404213428497314
1790341587147610000,46.18561010742187,9.803115844726562,0.19665159285068512,0.17500954866409302
1790341587164087300,46.20208740234375,9.802889823913574,0.185309037566185,0.19849520921707153
1790341587180514300,46.218514404296876,9.8025541305542,0.1825593262910843,0.21680951118469238
1790341587196966400,46.23496630859375,9.80221176147461,0.18539638817310333,0.22951585054397583
1790341587213454600,46.25145458984375,9.80189323425293,0.18664933741092682,0.2417491376399994
1790341587229979400,46.2679794921875,9.801575660705566,0.19007566571235657,0.25174790620803833
1790341587246456600,46.28445654296875,9.80127239227295,0.196522057056427,0.25853490829467773
1790341587262972200,46.30097216796875,9.800470352172852,0.21791544556617737,0.27146121859550476
1790341587279455700,46.317455810546875,9.799355506896973,0.24770477414131165,0.28577473759651184
1790341587295943200,46.333943115234376,9.797954559326172,0.28210505843162537,0.30149492621421814
1790341587312445200,46.35044506835938,9.7963285446167,0.3254918158054352,0.3104604482650757
1790341587328939800,46.36693969726562,9.794182777404785,0.3781279921531677,0.3184221088886261
1790341587345452500,46.38345263671875,9.791289329528809,0.4377690851688385,0.33074185252189636
1790341587361906000,46.39990600585938,9.787779808044434,0.5042373538017273,0.3398441970348358
1790341587378397700,46.416397705078126,9.783949851989746,0.5692296028137207,0.34742122888565063
1790341587394862300,46.4328623046875,9.780234336853027,0.6260913610458374,0.35412201285362244
1790341587411353300,46.44935327148438,9.776684761047363,0.6778618693351746,0.35681575536727905
1790341587427813600,46.465813720703125,9.773358345031738,0.7220953106880188,0.36113840341567993
1790341587444300500,46.482300537109374,9.770590782165527,0.757618248462677,0.36327818036079407
1790341587460783600,46.49878369140625,9.768051147460938,0.7870424389839172,0.3689635097980499
1790341587477275100,46.51527514648438,9.76632308959961,0.8064495921134949,0.3727737367153168
1790341587493769200,46.53176928710938,9.764922142028809,0.8208828568458557,0.3779417872428894
1790341587510227200,46.54822729492187,9.763304710388184,0.837172269821167,0.3839608430862427
1790341587526747600,46.56474755859375,9.761617660522461,0.853057324886322,0.39180535078048706
1790341587543239000,46.581239013671876,9.759923934936523,0.8679000735282898,0.4012952446937561
1790341587559742500,46.597742431640626,9.75809383392334,0.8844966888427734,0.4094597399234772
1790341587576208600,46.614208740234375,9.755987167358398,0.9063762426376343,0.41180720925331116
1790341587592725800,46.63072583007813,9.753087997436523,0.9335467219352722,0.41969984769821167
1790341587609213400,46.64721337890625,9.749534606933594,0.9647106528282166,0.43162602186203003
1790341587625706200,46.663706298828124,9.745993614196777,0.9977395534515381,0.4364728629589081
1790341587642202600,46.68020263671875,9.74142837524414,1.0345674753189087,0.4523540139198303
1790341587658694000,46.69669384765625,9.736680030822754,1.0754889249801636,0.4591045677661896
1790341587675173000,46.71317309570313,9.731597900390625,1.1162240505218506,0.46949902176856995
1790341587691624700,46.729624755859376,9.726664543151855,1.15540611743927,0.476881742477417
1790341587708112100,46.74611206054688,9.721821784973145,1.1933194398880005,0.48223379254341125
1790341587724641500,46.7626416015625,9.717179298400879,1.2261707782745361,0.49327871203422546
1790341587741142500,46.779142578125,9.713295936584473,1.2547502517700195,0.4978620111942291
1790341587757650400,46.795650390625,9.709983825683594,1.2771788835525513,0.5053907632827759
1790341587774172400,46.81217236328125,9.708077430725098,1.2899571657180786,0.5095402002334595
1790341587790644000,46.82864404296875,9.706671714782715,1.3007820844650269,0.5088049173355103
1790341587807136800,46.84513671875,9.706009864807129,1.3053364753723145,0.5097566843032837
1790341587823626500,46.86162646484375,9.705626487731934,1.3095910549163818,0.5061427354812622
1790341587840175400,46.87817529296875,9.70541000366211,1.3102492094039917,0.508569061756134
1790341587856675300,46.89467529296875,9.705543518066406,1.3092060089111328,0.5087217092514038
1790341587873184000,46.91118408203125,9.705486297607422,1.3090823888778687,0.5101298689842224
1790341587889684000,46.92768408203125,9.704923629760742,1.313502550125122,0.5094721913337708
1790341587906178800,46.9441787109375,9.704611778259277,1.3151406049728394,0.5111843943595886
1790341587922695700,46.96069580078125,9.704620361328125,1.3162986040115356,0.5080326199531555
1790341587939186700,46.977186767578125,9.704546928405762,1.3180761337280273,0.5048176050186157
1790341587955677200,46.99367724609375,9.703962326049805,1.3225680589675903,0.5043143630027771
1790341587972205000,47.010205078125,9.702857971191406,1.3315553665161133,0.5018914341926575
1790341587988701000,47.026700927734375,9.70088005065918,1.3420499563217163,0.5120794773101807
1790341588005215700,47.0432158203125,9.698827743530273,1.3531723022460938,0.5215843915939331
1790341588021698600,47.059698486328124,9.696562767028809,1.3666045665740967,0.5286310315132141
1790341588038187000,47.07618701171875,9.692893028259277,1.3885579109191895,0.538628876209259
1790341588054679300,47.09267919921875,9.690047264099121,1.4045372009277344,0.5483112335205078
1790341588071124500,47.10912451171875,9.685998916625977,1.4236449003219604,0.5701293349266052
1790341588087641900,47.12564184570312,9.68431282043457,1.4328136444091797,0.575781524181366
1790341588104098600,47.1420986328125,9.68138313293457,1.4459376335144043,0.5920037627220154
1790341588120527600,47.158527587890624,9.68012809753418,1.4513190984725952,0.599325954914093
1790341588136970800,47.174970703125,9.678875923156738,1.4545844793319702,0.6114912629127502
1790341588153329200,47.1913291015625,9.678482055664062,1.4561591148376465,0.6139853596687317
1790341588169811700,47.20781176757812,9.678693771362305,1.4534564018249512,0.617044985294342
1790341588186323500,47.224323486328124,9.67885684967041,1.451600193977356,0.6188528537750244
1790341588202810000,47.24081005859375,9.678722381591797,1.4514445066452026,0.6213170289993286
1790341588219335400,47.25733544921875,9.678418159484863,1.4534088373184204,0.6214715838432312
1790341588235832000,47.27383203125,9.678437232971191,1.452168345451355,0.6240485906600952
1790341588252313900,47.29031396484375,9.679068565368652,1.4499932527542114,0.6193098425865173
1790341588268797000,47.306796875,9.680131912231445,1.4441765546798706,0.6162732839584351
1790341588285282000,47.323281982421875,9.680002212524414,1.445212721824646,0.6158835887908936
1790341588301751000,47.3397509765625,9.67910099029541,1.4500449895858765,0.61867755651474
1790341588318214400,47.35621435546875,9.67844295501709,1.4532133340835571,0.6215302348136902
1790341588334697500,47.37269750976562,9.67841911315918,1.4515165090560913,0.6258399486541748
1790341588351183000,47.38918310546875,9.67853832244873,1.4508552551269531,0.625534176826477
1790341588367677200,47.40567724609375,9.67786979675293,1.454698920249939,0.6269481182098389
1790341588384175900,47.42217578125,9.677145004272461,1.4602606296539307,0.625205397605896
1790341588400669000,47.4386689453125,9.676237106323242,1.463921308517456,0.6306882500648499
1790341588417182000,47.45518188476562,9.67586898803711,1.4642360210418701,0.6355797648429871
1790341588433633300,47.47163330078125,9.675853729248047,1.4637463092803955,0.6369274258613586
1790341588450117600,47.48811767578125,9.67557144165039,1.4640955924987793,0.6404065489768982
1790341588466640600,47.504640625,9.675960540771484,1.4631316661834717,0.6367235779762268
1790341588483131400,47.52113134765625,9.675822257995605,1.4626855850219727,0.63984614610672
1790341588499644000,47.53764379882813,9.676122665405273,1.4613354206085205,0.638375461101532
1790341588516124400,47.55412451171875,9.676619529724121,1.4572070837020874,0.6402954459190369
1790341588532658700,47.57065869140625,9.677603721618652,1.4513832330703735,0.6386457085609436
1790341588549159400,47.587159423828126,9.67882251739502,1.4414377212524414,0.6426827907562256
1790341588565655000,47.603655029296874,9.68049430847168,1.435409426689148,0.6308905482292175
1790341588582135300,47.62013525390625,9.683090209960938,1.4189547300338745,0.6282762885093689
1790341588598622700,47.63662280273437,9.684268951416016,1.411700963973999,0.6264308094978333
1790341588615112400,47.653112548828126,9.686870574951172,1.394831657409668,0.6239947080612183
1790341588631624200,47.66962426757812,9.68889045715332,1.3791720867156982,0.6274425983428955
1790341588648113400,47.686113525390624,9.691937446594238,1.3568369150161743,0.6290708184242249
1790341588664623400,47.70262329101563,9.693800926208496,1.3440535068511963,0.6278078556060791
1790341588681072000,47.71907202148437,9.696100234985352,1.3258541822433472,0.6309865713119507
1790341588697535500,47.735535400390624,9.699114799499512,1.3058490753173828,0.6263488531112671
1790341588714025000,47.75202490234375,9.701695442199707,1.279784083366394,0.6400327086448669
1790341588730481000,47.76848095703125,9.704581260681152,1.2586075067520142,0.6382778286933899
1790341588746985200,47.784985107421875,9.706835746765137,1.2359943389892578,0.64811110496521
1790341588763498000,47.801498046875,9.708919525146484,1.21737539768219,0.6521285176277161
1790341588779974100,47.81797412109375,9.711618423461914,1.1971735954284668,0.6493331789970398
1790341588796471000,47.83447094726562,9.713258743286133,1.1827154159545898,0.6512916088104248
1790341588812927700,47.850927734375,9.715804100036621,1.162717342376709,0.6493321061134338
1790341588829435100,47.86743505859375,9.717933654785156,1.1472301483154297,0.6450000405311584
1790341588845916000,47.883916015625,9.719709396362305,1.1347588300704956,0.6402913331985474
1790341588862433800,47.900433837890624,9.720401763916016,1.1267694234848022,0.6438634991645813
1790341588878927000,47.91692700195313,9.722358703613281,1.1187201738357544,0.6281705498695374
1790341588895414000,47.9334140625,9.72375774383545,1.1091967821121216,0.6233901977539062
1790341588911923700,47.949923828125,9.725031852722168,1.100064992904663,0.619673490524292
1790341588928405200,47.9664052734375,9.726731300354004,1.092729091644287,0.6058257222175598
1790341588944886500,47.98288647460937,9.727221488952637,1.0890092849731445,0.6046603322029114
1790341588961407500,47.999407470703126,9.728029251098633,1.084333896636963,0.600045382976532
1790341588977901300,48.0159013671875,9.729159355163574,1.0799640417099,0.589509129524231
1790341588994413300,48.03241333007813,9.72958755493164,1.078511118888855,0.585090696811676
1790341589010897400,48.0488974609375,9.730286598205566,1.0751591920852661,0.5795987844467163
1790341589027381000,48.06538110351563,9.73093032836914,1.0748887062072754,0.5692088603973389
1790341589043880400,48.08188037109375,9.730374336242676,1.0773738622665405,0.5739909410476685
1790341589060173300,48.09817333984375,9.730301856994629,1.078932285308838,0.5722827315330505
1790341589076566500,48.11456640625,9.73043441772461,1.0805366039276123,0.5669817328453064
1790341589093020000,48.13102001953125,9.730401992797852,1.08006751537323,0.5684318542480469
1790341589109511700,48.14751171875,9.730696678161621,1.0804458856582642,0.5626471638679504
1790341589125913900,48.163913818359376,9.730446815490723,1.0833103656768799,0.561455249786377
1790341589142409700,48.18040966796875,9.729990005493164,1.0857328176498413,0.5646818280220032
1790341589158925300,48.19692529296875,9.730110168457031,1.0879018306732178,0.5583966374397278
1790341589175411200,48.2134111328125,9.729819297790527,1.0905381441116333,0.558337926864624
1790341589191896600,48.229896484375,9.730233192443848,1.089363932609558,0.553380012512207
1790341589208340000,48.24634008789062,9.73011302947998,1.0901660919189453,0.5539119839668274
1790341589224831700,48.26283178710938,9.730094909667969,1.0905214548110962,0.5535388588905334
1790341589241340200,48.279340087890624,9.730262756347656,1.0898576974868774,0.5518880486488342
1790341589257856800,48.295856689453124,9.730401992797852,1.08725905418396,0.5545538067817688
1790341589274341000,48.31234106445312,9.73111629486084,1.0822769403457642,0.5517580509185791
1790341589290838300,48.32883837890625,9.731735229492188,1.078126311302185,0.5489578247070312
1790341589307298800,48.345298828125,9.731810569763184,1.0773869752883911,0.5490758419036865
1790341589323804700,48.3618046875,9.732050895690918,1.076750636100769,0.5460717082023621
1790341589340284700,48.37828466796875,9.732610702514648,1.0717518329620361,0.5459075570106506
1790341589356778500,48.39477856445313,9.733306884765625,1.0660487413406372,0.5446743965148926
1790341589373248500,48.41124853515625,9.734180450439453,1.0609369277954102,0.539008617401123
1790341589389748000,48.427748046875,9.734217643737793,1.0587118864059448,0.5427025556564331
1790341589406263000,48.444262939453125,9.734416007995605,1.0577088594436646,0.5410946011543274
1790341589422746400,48.460746337890626,9.735176086425781,1.0519893169403076,0.5385653972625732
1790341589439232000,48.47723193359375,9.735600471496582,1.046437382698059,0.5416935682296753
1790341589455754000,48.49375390625,9.736434936523438,1.0403127670288086,0.5384960770606995
1790341589472243500,48.510243408203124,9.736163139343262,1.0406028032302856,0.5428241491317749
1790341589488721200,48.52672119140625,9.73598861694336,1.0385282039642334,0.5498710870742798
1790341589505233000,48.54323291015625,9.73620891571045,1.0351834297180176,0.5522862076759338
1790341589521710300,48.55971044921875,9.73661994934082,1.027873158454895,0.5586456656455994
1790341589538205700,48.576205810546874,9.736701965332031,1.023449182510376,0.5653045177459717
1790341589554695400,48.5926953125,9.736376762390137,1.021170973777771,0.5749437212944031
1790341589571204000,48.6092041015625,9.736270904541016,1.0200583934783936,0.5787065625190735
1790341589587650300,48.625650390625,9.736230850219727,1.0170689821243286,0.5846222043037415
1790341589604135200,48.64213525390625,9.736663818359375,1.01266610622406,0.5850447416305542
1790341589620600600,48.6586005859375,9.737439155578613,1.0038002729415894,0.5874075889587402
1790341589637088800,48.6750888671875,9.73699951171875,1.0044885873794556,0.5934831500053406
1790341589653594400,48.69159448242188,9.736790657043457,0.9990894794464111,0.605894148349762
1790341589670071600,48.708071533203125,9.736489295959473,1.00030517578125,0.6087349653244019
1790341589686549500,48.724549560546876,9.736587524414062,0.9955247640609741,0.6149613261222839
1790341589703031000,48.74103100585938,9.737151145935059,0.9922439455986023,0.6113362312316895
1790341589719513000,48.75751318359375,9.736616134643555,0.9944341778755188,0.6162729859352112
1790341589736018400,48.77401831054687,9.736434936523438,0.9956316351890564,0.6172170639038086
1790341589752530400,48.79053051757813,9.736337661743164,0.9971201419830322,0.6163291931152344
1790341589769010000,48.80701000976563,9.736288070678711,0.9971228241920471,0.6171197295188904
1790341589785468000,48.82346801757812,9.736942291259766,0.9904597997665405,0.6175136566162109
1790341589801923300,48.83992333984375,9.737372398376465,0.9902764558792114,0.6110023260116577
1790341589818429400,48.856429443359374,9.736891746520996,0.9930616617202759,0.6141287088394165
1790341589834926600,48.87292651367188,9.736543655395508,0.9975065588951111,0.6124533414840698
1790341589851467800,48.8894677734375,9.736459732055664,0.9983021020889282,0.6124721169471741
1790341589867964400,48.90596435546875,9.736452102661133,0.9957955479621887,0.6166638135910034
1790341589884502000,48.922501953125,9.736271858215332,0.9984226822853088,0.6152725219726562
1790341589901012700,48.9390126953125,9.735532760620117,1.0039076805114746,0.6180148720741272
1790341589917463000,48.95546313476562,9.735161781311035,1.0042123794555664,0.6233588457107544
1790341589933940000,48.97193994140625,9.735079765319824,1.0060648918151855,0.6216431260108948
1790341589950455600,48.98845556640625,9.735010147094727,1.0037789344787598,0.6264116168022156
1790341589966945800,49.00494580078125,9.735434532165527,1.000313401222229,0.6253573298454285
1790341589983456000,49.0214560546875,9.73514175415039,1.003584623336792,0.6246730089187622
1790341589999971000,49.03797119140625,9.73449993133545,1.009547472000122,0.6250745058059692
1790341590016440300,49.0544404296875,9.734389305114746,1.010066270828247,0.6259587407112122
1790341590032941800,49.07094189453125,9.735077857971191,1.0042632818222046,0.624576210975647
1790341590049435600,49.087435546875,9.735207557678223,0.9999701976776123,0.629435122013092
1790341590065894000,49.103893798828125,9.734895706176758,1.0029371976852417,0.6295307278633118
1790341590082379300,49.120379150390626,9.733924865722656,1.009789228439331,0.6335816979408264
1790341590098871000,49.13687109375,9.733596801757812,1.011183261871338,0.636395275592804
1790341590115372000,49.1533720703125,9.733675003051758,1.009692668914795,0.6375541687011719
1790341590131846400,49.16984643554687,9.733603477478027,1.0052063465118408,0.6456974744796753
1790341590148361200,49.186361328125,9.733232498168945,1.0104036331176758,0.6431635022163391
1790341590164844300,49.20284423828125,9.73228931427002,1.0149366855621338,0.6502625942230225
1790341590181333800,49.219333740234376,9.732144355773926,1.0144349336624146,0.6532136797904968
1790341590197863000,49.23586279296875,9.732405662536621,1.009803056716919,0.6564710736274719
1790341590214289700,49.25228955078125,9.732512474060059,1.009455919265747,0.6554374098777771
1790341590230802200,49.26880224609375,9.731788635253906,1.011069416999817,0.6636331677436829
1790341590247318800,49.28531884765625,9.73228645324707,1.0114775896072388,0.6556702256202698
1790341590263804000,49.30180395507813,9.732702255249023,1.0067451000213623,0.6567752361297607
1790341590280273400,49.3182734375,9.73315143585205,1.0023685693740845,0.6568174958229065
1790341590296767700,49.334767822265626,9.733192443847656,1.0026637315750122,0.6557570695877075
1790341590313278200,49.3512783203125,9.733036994934082,1.0043970346450806,0.6554177403450012
1790341590329729300,49.36772924804688,9.732983589172363,1.0048213005065918,0.6555589437484741
1790341590346222600,49.38422265625,9.733353614807129,1.0028437376022339,0.6530869603157043
1790341590362720800,49.400720703125,9.733471870422363,0.999194324016571,0.656910240650177
1790341590379182000,49.41718212890625,9.733978271484375,0.9937237501144409,0.6577033400535583
1790341590395666200,49.43366625976562,9.733792304992676,0.9920066595077515,0.6630207300186157
1790341590412150800,49.45015087890625,9.733235359191895,0.993205189704895,0.6693724393844604
1790341590428624000,49.466623779296874,9.73303508758545,0.9951401352882385,0.6694079041481018
1790341590445103000,49.48310302734375,9.733665466308594,0.9867207407951355,0.6727105975151062
1790341590461597700,49.49959765625,9.734527587890625,0.9795052409172058,0.6707693338394165
1790341590478096000,49.516095947265626,9.735175132751465,0.9749311804771423,0.6680331230163574
1790341590494575600,49.53257568359375,9.735007286071777,0.9725692272186279,0.6738874912261963
1790341590511061000,49.54906103515625,9.735081672668457,0.9746578931808472,0.6697943806648254
1790341590527528200,49.56552807617187,9.736479759216309,0.9593876004219055,0.6715149283409119
1790341590543987500,49.581987548828124,9.737799644470215,0.9471971392631531,0.6696754693984985
1790341590560439800,49.598439697265626,9.738665580749512,0.9360265731811523,0.672777533531189
1790341590576877800,49.6148779296875,9.740561485290527,0.9207417368888855,0.6664024591445923
1790341590593342500,49.63134252929687,9.742703437805176,0.8975389003753662,0.6667389273643494
1790341590609794800,49.647794921875,9.745576858520508,0.8688298463821411,0.662764847278595
1790341590626283500,49.664283447265625,9.747544288635254,0.8446637392044067,0.6650717854499817
1790341590642751000,49.6807509765625,9.749812126159668,0.8175935745239258,0.6656538844108582
1790341590659236400,49.697236328125,9.75287914276123,0.789893388748169,0.6540747880935669
1790341590675723500,49.7137236328125,9.755107879638672,0.763395369052887,0.6522811651229858
1790341590692250600,49.73025073242187,9.757186889648438,0.7335068583488464,0.6554826498031616
1790341590708711700,49.74671166992187,9.759745597839355,0.7043768763542175,0.6493205428123474
1790341590725227500,49.7632275390625,9.760787963867188,0.6856921911239624,0.6536296606063843
1790341590741746000,49.77974584960938,9.762184143066406,0.6711581349372864,0.647848904132843
1790341590758230500,49.79623046875,9.764093399047852,0.644183337688446,0.6464494466781616
1790341590774684200,49.81268408203125,9.766064643859863,0.6236519813537598,0.6367275714874268
1790341590791144000,49.82914404296875,9.767866134643555,0.6030929684638977,0.628847062587738
1790341590807657700,49.84565771484375,9.769078254699707,0.5886986255645752,0.6236465573310852
1790341590824143600,49.8621435546875,9.770057678222656,0.5783682465553284,0.6179476976394653
1790341590840633600,49.878633544921875,9.770877838134766,0.572974681854248,0.6099360585212708
1790341590857137700,49.8951376953125,9.771794319152832,0.5630946755409241,0.6044387221336365
1790341590873631700,49.9116318359375,9.772017478942871,0.5603636503219604,0.6033713221549988
1790341590890104000,49.92810400390625,9.773262023925781,0.5564707517623901,0.5865770578384399
1790341590906590200,49.944590087890624,9.773232460021973,0.5578984022140503,0.5857207775115967
1790341590923074600,49.96107446289062,9.773282051086426,0.5629786849021912,0.5799996256828308
1790341590939597000,49.97759716796875,9.773205757141113,0.5658977031707764,0.5784358382225037
1790341590956088000,49.994088134765626,9.773510932922363,0.5661782026290894,0.5729866027832031
1790341590972597500,50.01059741210938,9.77373218536377,0.5651098489761353,0.5702570676803589
1790341590989111300,50.027111328125,9.774025917053223,0.5630006790161133,0.5673125982284546
1790341591005598700,50.0435986328125,9.774371147155762,0.5644599199295044,0.5598642230033875
1790341591022070800,50.06007080078125,9.77419376373291,0.5665425062179565,0.5608626008033752
1790341591038513700,50.076513671875,9.77454948425293,0.5651293396949768,0.5560647249221802
1790341591055062500,50.0930625,9.775053024291992,0.5579777359962463,0.554417610168457
1790341591071547000,50.109546875,9.77571964263916,0.5547283291816711,0.5458652973175049
1790341591088032000,50.12603198242188,9.776046752929688,0.5519216656684875,0.5428541898727417
1790341591104570600,50.14257055664063,9.77662181854248,0.5484280586242676,0.5359794497489929
1790341591121064400,50.159064453125,9.777244567871094,0.5427876710891724,0.5303409099578857
1790341591137575400,50.17557543945313,9.777947425842285,0.5363621711730957,0.523870587348938
1790341591154026200,50.19202612304687,9.778566360473633,0.5321493148803711,0.5165720582008362
1790341591170509800,50.208509765625,9.779004096984863,0.5291005373001099,0.5113975405693054
1790341591186998500,50.22499853515625,9.77941608428955,0.5254351496696472,0.5072770118713379
1790341591203491000,50.241490966796874,9.780038833618164,0.5229393839836121,0.4977659583091736
1790341591219987500,50.257987548828126,9.780288696289062,0.5206296443939209,0.4952765703201294
1790341591236457500,50.27445751953125,9.78067684173584,0.5211952328681946,0.4869306683540344
1790341591252941600,50.29094165039062,9.780872344970703,0.5202916860580444,0.4839710593223572
1790341591269440000,50.30743994140625,9.780981063842773,0.5212579965591431,0.4807049036026001
1790341591285898800,50.32389868164063,9.781070709228516,0.5231295824050903,0.47684112191200256
1790341591302410800,50.34041064453125,9.780975341796875,0.5259787440299988,0.47565579414367676
1790341591318893800,50.356893798828125,9.78100872039795,0.5292572975158691,0.4713211953639984
1790341591335382300,50.37338232421875,9.781094551086426,0.5288518071174622,0.46999892592430115
1790341591351880200,50.38988012695312,9.781350135803223,0.5289592742919922,0.464529424905777
1790341591368374300,50.40637426757812,9.78156566619873,0.5304073691368103,0.45828455686569214
1790341591384855800,50.42285571289062,9.78158950805664,0.5312328934669495,0.4568144679069519
1790341591401341200,50.439341064453124,9.782176971435547,0.530234158039093,0.4452371299266815
1790341591417825500,50.45582543945312,9.782577514648438,0.527142345905304,0.4401099681854248
1790341591434317300,50.4723173828125,9.783093452453613,0.5241757035255432,0.43210750818252563
1790341591450809300,50.488809326171875,9.783403396606445,0.5211721062660217,0.42869406938552856
1790341591467324200,50.50532421875,9.783679962158203,0.5182217359542847,0.42597660422325134
1790341591483840800,50.5218408203125,9.783918380737305,0.5189874768257141,0.41949883103370667
1790341591500327400,50.538327392578125,9.783799171447754,0.5195063948631287,0.4216385781764984
1790341591516826400,50.55482641601562,9.783970832824707,0.517143189907074,0.42056021094322205
1790341591533322000,50.57132202148438,9.784226417541504,0.5151624083518982,0.4170069098472595
1790341591549838000,50.587838134765626,9.78432846069336,0.5155558586120605,0.414139986038208
1790341591566260700,50.6042607421875,9.784276962280273,0.517434298992157,0.41300293803215027
1790341591582757400,50.62075732421875,9.784029006958008,0.5219383239746094,0.41321098804473877
1790341591599258400,50.63725830078125,9.783968925476074,0.5237131118774414,0.41238945722579956
1790341591615752000,50.653751953125,9.784000396728516,0.5258909463882446,0.40886878967285156
1790341591632266200,50.67026635742187,9.78396987915039,0.5281439423561096,0.40668487548828125
1790341591648756000,50.686755859375,9.78385066986084,0.5304325222969055,0.40655437111854553
1790341591665244000,50.70324389648437,9.783672332763672,0.5357054471969604,0.40393418073654175
1790341591681770500,50.7197705078125,9.783625602722168,0.5375549793243408,0.4026171565055847
1790341591698265600,50.736265625,9.783537864685059,0.540662944316864,0.40058109164237976
1790341591714746600,50.75274658203125,9.783570289611816,0.5422026515007019,0.39768871665000916
1790341591731231200,50.76923120117188,9.783367156982422,0.545992910861969,0.39750948548316956
1790341591747718400,50.78571850585938,9.783318519592285,0.5499876737594604,0.39316990971565247
1790341591764219000,50.802218994140624,9.783042907714844,0.5576693415641785,0.38918671011924744
1790341591780682200,50.81868212890625,9.782990455627441,0.5580449104309082,0.3899654150009155
1790341591797197600,50.83519750976563,9.7830228805542,0.5601762533187866,0.3860783278942108
1790341591813655600,50.85165551757812,9.782942771911621,0.5631711483001709,0.3837372362613678
1790341591830153200,50.8681533203125,9.782604217529297,0.5694920420646667,0.383032888174057
1790341591846624300,50.884624267578126,9.782360076904297,0.5740948915481567,0.382392555475235
1790341591863129000,50.901129150390624,9.782075881958008,0.5778811573982239,0.38398563861846924
1790341591879639800,50.91763989257812,9.78210163116455,0.5801549553871155,0.3798445761203766
1790341591896064300,50.934064208984374,9.781832695007324,0.5848663449287415,0.3795450031757355
1790341591912515000,50.95051513671875,9.781407356262207,0.5914911031723022,0.3802550733089447
1790341591929003500,50.96700341796875,9.78113079071045,0.5968947410583496,0.3789251744747162
1790341591945491500,50.98349145507812,9.780935287475586,0.6017391085624695,0.37629592418670654
1790341591962002000,51.000001953125,9.780804634094238,0.6022288799285889,0.3788962960243225
1790341591978484500,51.016484375,9.780715942382812,0.605358362197876,0.3761936128139496
1790341591994972200,51.03297216796875,9.780328750610352,0.6103838682174683,0.3781338334083557
1790341592011471400,51.04947143554688,9.780040740966797,0.6168809533119202,0.3750365674495697
1790341592027966000,51.06596606445312,9.779813766479492,0.6201109290122986,0.3756307363510132
1790341592044480300,51.08248022460938,9.779874801635742,0.6210871934890747,0.37239769101142883
1790341592060921900,51.098921875,9.77989673614502,0.6210527420043945,0.3718714714050293
1790341592077415000,51.115414794921875,9.779756546020508,0.624724268913269,0.369422048330307
1790341592093917000,51.1319169921875,9.77930736541748,0.6314284205436707,0.3699171245098114
1790341592110381000,51.148381103515625,9.779060363769531,0.6354273557662964,0.3695843815803528
1790341592126901200,51.1649013671875,9.779074668884277,0.637053906917572,0.3664071559906006
1790341592143394300,51.18139428710938,9.778783798217773,0.6420895457267761,0.3653624355792999
1790341592159880400,51.19788037109375,9.778733253479004,0.6447117924690247,0.3621079623699188
1790341592176405500,51.21440551757812,9.778498649597168,0.6469338536262512,0.3644666075706482
1790341592192897300,51.230897216796876,9.778223037719727,0.6511513590812683,0.36433616280555725
1790341592209409800,51.247409912109376,9.778097152709961,0.6552320122718811,0.360365092754364
1790341592225931300,51.26393115234375,9.777664184570312,0.6596676111221313,0.364022433757782
1790341592242444300,51.2804443359375,9.777581214904785,0.6603742837905884,0.36495137214660645
1790341592258942700,51.296942626953125,9.777443885803223,0.6636736989021301,0.3626500368118286
1790341592275439900,51.31343994140625,9.777095794677734,0.6696717143058777,0.3610132336616516
1790341592291954700,51.32995458984375,9.777009963989258,0.6725578308105469,0.3579575717449188
1790341592308444000,51.34644384765625,9.776759147644043,0.6785921454429626,0.35338038206100464
1790341592324939500,51.362939453125,9.776612281799316,0.6796348094940186,0.35542386770248413
1790341592341440800,51.37944067382813,9.776883125305176,0.6796166896820068,0.3479434549808502
1790341592357935600,51.395935546875,9.776833534240723,0.6798658967018127,0.34886911511421204
1790341592374419200,51.412419189453125,9.776832580566406,0.6810412406921387,0.3465730845928192
1790341592390879000,51.42887890625,9.776906967163086,0.6822733879089355,0.3420434296131134
1790341592407368700,51.44536865234375,9.776898384094238,0.6807984113693237,0.34519675374031067
1790341592423865000,51.461864990234375,9.776877403259277,0.6809629201889038,0.3454798758029938
1790341592440362000,51.47836206054688,9.776988983154297,0.6803185343742371,0.3435650169849396
1790341592456845600,51.49484545898437,9.776917457580566,0.6800227761268616,0.3461965322494507
1790341592473332000,51.51133203125,9.77710247039795,0.6799203157424927,0.3411265015602112
1790341592489820700,51.52782055664063,9.777115821838379,0.6799063086509705,0.34077441692352295
1790341592506321700,51.54432177734375,9.777298927307129,0.6778780221939087,0.3395521342754364
1790341592522816800,51.56081665039063,9.77749252319336,0.6771573424339294,0.33540064096450806
1790341592539334700,51.57733471679688,9.777440071105957,0.6769807934761047,0.33724844455718994
1790341592555821300,51.5938212890625,9.777437210083008,0.6782189607620239,0.3348551392555237
1790341592572382000,51.6103818359375,9.777764320373535,0.6762799024581909,0.32918548583984375
1790341592588883200,51.62688330078125,9.777992248535156,0.6749568581581116,0.3251032531261444
1790341592605376000,51.6433759765625,9.778255462646484,0.6718661785125732,0.32356926798820496
1790341592621859800,51.65985986328125,9.778453826904297,0.6691832542419434,0.3231430947780609
1790341592638353400,51.676353515625,9.778702735900879,0.6662556529045105,0.32163572311401367
1790341592654846000,51.692845947265624,9.778883934020996,0.6644134521484375,0.31997036933898926
1790341592671377400,51.70937744140625,9.779062271118164,0.6613128185272217,0.3209448754787445
1790341592687839000,51.7258388671875,9.779790878295898,0.6541791558265686,0.3132476210594177
1790341592704351200,51.742351318359376,9.780556678771973,0.6451408267021179,0.30803778767585754
1790341592720869000,51.758869140625,9.780988693237305,0.6392229795455933,0.3066527247428894
1790341592737353200,51.77535327148438,9.78162670135498,0.6320288181304932,0.30116748809814453
1790341592753849600,51.791849609375,9.782398223876953,0.6225282549858093,0.2958512604236603
1790341592770342700,51.8083427734375,9.78280258178711,0.6165739297866821,0.2949705719947815
1790341592786855400,51.82485546875,9.783405303955078,0.6088632345199585,0.2909558415412903
1790341592803305700,51.8413056640625,9.78398323059082,0.599780797958374,0.2904023826122284
1790341592819795200,51.85779516601563,9.784436225891113,0.5931310057640076,0.2887660264968872
1790341592836292900,51.87429296875,9.784955978393555,0.5849900245666504,0.28777751326560974
1790341592852754200,51.89075415039063,9.785727500915527,0.5750600695610046,0.2814885377883911
1790341592869174500,51.90717456054688,9.786056518554688,0.5679231286048889,0.2845195531845093
1790341592885627600,51.923627685546876,9.786802291870117,0.5588647723197937,0.27669912576675415
1790341592902115800,51.94011572265625,9.787299156188965,0.5503545999526978,0.27616241574287415
1790341592918582800,51.956582763671875,9.787872314453125,0.5416821837425232,0.272991806268692
1790341592935044600,51.97304467773437,9.788219451904297,0.5351639986038208,0.2734037935733795
1790341592951562800,51.98956274414063,9.788676261901855,0.5266700387001038,0.27352362871170044
1790341592968077800,52.00607788085937,9.789137840270996,0.518609344959259,0.27242520451545715
1790341592984565000,52.02256494140625,9.78940486907959,0.5141502022743225,0.2712681293487549
1790341593001068000,52.03906811523437,9.789495468139648,0.512722373008728,0.2707345485687256
1790341593017531000,52.05553076171875,9.789961814880371,0.5064907670021057,0.2655493915081024
1790341593034043100,52.07204321289063,9.790236473083496,0.49951279163360596,0.2686079442501068
1790341593050462000,52.0884619140625,9.79069709777832,0.49119797348976135,0.26714059710502625
1790341593066960000,52.1049599609375,9.790938377380371,0.48681017756462097,0.26632851362228394
1790341593083429000,52.12142919921875,9.790987014770508,0.48444363474845886,0.2688451409339905
1790341593099898400,52.1378984375,9.791141510009766,0.48154038190841675,0.2684500515460968
1790341593116380400,52.15438037109375,9.791322708129883,0.47753551602363586,0.268966406583786
1790341593132840200,52.170840087890625,9.79161548614502,0.47142794728279114,0.2690978944301605
1790341593149297200,52.187297119140624,9.791744232177734,0.46684232354164124,0.2723710834980011
1790341593165828400,52.20382836914062,9.791788101196289,0.4647229015827179,0.2744106948375702
1790341593182325500,52.22032543945313,9.791786193847656,0.46087270975112915,0.2809043228626251
1790341593198808600,52.23680859375,9.792101860046387,0.45487919449806213,0.2796633243560791
1790341593215329800,52.253329833984374,9.792402267456055,0.4417913556098938,0.2899302840232849
1790341593231815400,52.2698154296875,9.792784690856934,0.43230947852134705,0.29129841923713684
1790341593248355300,52.28635522460937,9.793378829956055,0.41644248366355896,0.29443690180778503
1790341593264847400,52.30284741210937,9.793992042541504,0.3995944857597351,0.2973634898662567
1790341593281362400,52.319362548828124,9.794921875,0.3732888400554657,0.30089840292930603
1790341593297849600,52.335849609375,9.795866012573242,0.34757575392723083,0.30097317695617676
1790341593314338600,52.352338623046876,9.796539306640625,0.32642441987991333,0.30273643136024475
1790341593330837800,52.36883764648437,9.79758358001709,0.2988561689853668,0.29737424850463867
1790341593347332000,52.38533203125,9.798286437988281,0.2702259421348572,0.3015953302383423
1790341593363813000,52.40181323242187,9.798657417297363,0.25534844398498535,0.30247700214385986
1790341593380300000,52.41830004882812,9.799080848693848,0.23868513107299805,0.30236244201660156
1790341593396787700,52.43478759765625,9.799184799194336,0.22762411832809448,0.3074880838394165
1790341593413284600,52.45128466796875,9.799484252929688,0.21311767399311066,0.3083547353744507
1790341593429782000,52.467781982421876,9.799890518188477,0.201448455452919,0.30322983860969543
1790341593446284800,52.48428491210937,9.799771308898926,0.19382014870643616,0.3119328022003174
1790341593462800600,52.50080053710938,9.799760818481445,0.18566595017910004,0.3171955943107605
1790341593479289900,52.51728979492187,9.799728393554688,0.17828048765659332,0.32237938046455383
1790341593495794700,52.53379467773438,9.799673080444336,0.16622678935527802,0.3304069936275482
1790341593512292600,52.55029272460938,9.799668312072754,0.16029775142669678,0.3334594666957855
1790341593528809200,52.56680932617188,9.799627304077148,0.1503787338733673,0.339214950799942
1790341593545296400,52.58329638671875,9.799617767333984,0.14707283675670624,0.3409459590911865
1790341593561789400,52.59978955078125,9.799494743347168,0.1420191079378128,0.34658318758010864
1790341593578292500,52.61629248046875,9.79951000213623,0.13432438671588898,0.3492119014263153
1790341593594718200,52.63271826171875,9.799537658691406,0.13051024079322815,0.3498786687850952
1790341593611198000,52.64919799804687,9.799514770507812,0.1293381303548813,0.3509635329246521
1790341593627684400,52.66568432617188,9.799399375915527,0.12444113194942474,0.35592520236968994
1790341593644169200,52.68216918945313,9.799633026123047,0.12138033658266068,0.35050496459007263
1790341593660693200,52.698693359375,9.79974365234375,0.11360087990760803,0.3500205874443054
1790341593677183500,52.71518359375,9.799898147583008,0.10716383159160614,0.34770697355270386
1790341593693699300,52.73169921875,9.799773216247559,0.10457313805818558,0.35198715329170227
1790341593710187000,52.74818701171875,9.799948692321777,0.10419198125600815,0.347199946641922
1790341593726674700,52.7646748046875,9.799878120422363,0.10261491686105728,0.3496200740337372
1790341593743172000,52.78117211914063,9.800015449523926,0.09699273854494095,0.3473985493183136
1790341593759665000,52.79766479492187,9.799954414367676,0.0920209288597107,0.35044777393341064
1790341593776181200,52.81418115234375,9.799921989440918,0.08940212428569794,0.35201340913772583
1790341593792668000,52.83066796875,9.799951553344727,0.09063543379306793,0.35089004039764404
1790341593809160400,52.84716040039063,9.799781799316406,0.09285826236009598,0.3550221025943756
1790341593825660000,52.86365991210938,9.799777030944824,0.0930715948343277,0.3550962209701538
1790341593842152700,52.88015258789063,9.799784660339355,0.08635710924863815,0.3565889000892639
1790341593858666000,52.896666015625,9.799623489379883,0.07979968190193176,0.36250001192092896
1790341593875153700,52.913153564453125,9.799585342407227,0.07934398949146271,0.36362263560295105
1790341593891628300,52.92962817382813,9.799481391906738,0.08079878985881805,0.3661024272441864
1790341593908122000,52.9461220703125,9.79930305480957,0.07620926946401596,0.37180185317993164
1790341593924650800,52.96265063476562,9.79931354522705,0.07225794345140457,0.3723224699497223
1790341593941162000,52.979161865234374,9.799251556396484,0.07481985539197922,0.37343013286590576
1790341593957646300,52.99564624023437,9.799192428588867,0.06783216446638107,0.37631961703300476
1790341593974121200,53.012121337890626,9.79918384552002,0.05328688398003578,0.37888145446777344
1790341593990622000,53.0286220703125,9.799039840698242,0.055224817246198654,0.38229241967201233
1790341594007111400,53.045111328125,9.79886245727539,0.06221538782119751,0.3857627809047699
1790341594023623000,53.06162280273438,9.798720359802246,0.05877651646733284,0.3898905813694
1790341594040107800,53.078107666015626,9.798778533935547,0.05228574573993683,0.3893336355686188
1790341594056481000,53.09448095703125,9.798933029174805,0.04917667806148529,0.38585299253463745
1790341594072882400,53.11088232421875,9.798898696899414,0.05434131249785423,0.3860331177711487
1790341594089378300,53.12737841796875,9.798851013183594,0.05942561849951744,0.3864825963973999
1790341594105861400,53.143861328125,9.79857349395752,0.056132130324840546,0.39394935965538025
1790341594122349800,53.160349853515626,9.798470497131348,0.05498319864273071,0.396671861410141
1790341594138840300,53.17684033203125,9.79833984375,0.05101343244314194,0.40040963888168335
1790341594155366000,53.193365966796875,9.79831600189209,0.052150558680295944,0.40084171295166016
1790341594171862300,53.2098623046875,9.798408508300781,0.06356016546487808,0.39691126346588135
1790341594188365600,53.226365478515625,9.797606468200684,0.07845315337181091,0.41368573904037476
1790341594204888600,53.242888671875,9.797820091247559,0.08868112415075302,0.40649735927581787
1790341594221375200,53.25937524414063,9.797497749328613,0.08789601922035217,0.41436541080474854
1790341594237842000,53.27584204101562,9.797380447387695,0.09475626051425934,0.4156244099140167
1790341594254336000,53.2923359375,9.797432899475098,0.10926743596792221,0.41079628467559814
1790341594270865200,53.308865234375,9.79694938659668,0.1303453892469406,0.4161454737186432
1790341594287357400,53.325357421875,9.796923637390137,0.15325985848903656,0.4088805615901947
1790341594303843000,53.34184301757813,9.797061920166016,0.1618720442056656,0.4021974503993988
1790341594320307500,53.35830737304688,9.796549797058105,0.17591044306755066,0.40872159600257874
1790341594336784400,53.374784423828125,9.796359062194824,0.22526797652244568,0.3885844349861145
1790341594353246700,53.39124682617187,9.795440673828125,0.27264586091041565,0.38131213188171387
1790341594369751300,53.407751220703126,9.79421329498291,0.3063461184501648,0.38720235228538513
1790341594386229800,53.42422973632812,9.793099403381348,0.33488231897354126,0.3917165696620941
1790341594402747100,53.4407470703125,9.791651725769043,0.3624778389930725,0.4031788110733032
1790341594419242200,53.4572421875,9.79069709777832,0.3850902318954468,0.4054035544395447
1790341594435722200,53.47372216796875,9.789583206176758,0.39969077706336975,0.4179641008377075
1790341594452209000,53.490208984375,9.78945255279541,0.40438032150268555,0.41651609539985657
1790341594468695800,53.50669580078125,9.789146423339844,0.41194072365760803,0.4163130819797516
1790341594485196500,53.52319653320313,9.78819751739502,0.4208109378814697,0.42952224612236023
1790341594501658600,53.53965869140625,9.788018226623535,0.4181438386440277,0.43615883588790894
1790341594518167000,53.5561669921875,9.788070678710938,0.41290685534477234,0.43997135758399963
1790341594534654200,53.572654296875,9.787968635559082,0.41699638962745667,0.4383653402328491
1790341594551135500,53.58913549804687,9.788058280944824,0.41055557131767273,0.4424365758895874
1790341594567605500,53.60560546875,9.788599014282227,0.39733633399009705,0.4425448775291443
1790341594584070400,53.6220703125,9.789759635925293,0.38074493408203125,0.43131381273269653
1790341594600522000,53.63852197265625,9.790526390075684,0.3571711480617523,0.4340572953224182
1790341594617008000,53.655008056640625,9.791501998901367,0.3458108603954315,0.4210546016693115
1790341594633493500,53.671493408203126,9.792648315429688,0.32591500878334045,0.4101332128047943
1790341594649993200,53.6879931640625,9.793634414672852,0.30200719833374023,0.4048698842525482
1790341594666467000,53.704467041015626,9.794500350952148,0.28795909881591797,0.39399290084838867
1790341594682982700,53.72098266601562,9.795402526855469,0.2742886543273926,0.3811095654964447
1790341594699503900,53.73750390625,9.795607566833496,0.2666032612323761,0.3812914490699768
1790341594715993300,53.75399340820312,9.795785903930664,0.2604314684867859,0.3809851408004761
1790341594732460000,53.7704599609375,9.795815467834473,0.2676127851009369,0.37519949674606323
1790341594748956000,53.78695581054688,9.795534133911133,0.2749083340167999,0.3772733807563782
1790341594765470500,53.80347045898438,9.795426368713379,0.273258239030838,0.38123956322669983
1790341594781923600,53.81992358398438,9.795592308044434,0.2658989727497101,0.3821786046028137
1790341594798396200,53.83639624023437,9.795422554016113,0.26016950607299805,0.39038389921188354
1790341594814862000,53.852862060546876,9.795226097106934,0.26684799790382385,0.3908001482486725
1790341594831323400,53.86932348632813,9.794458389282227,0.28037145733833313,0.4004533290863037
1790341594847802000,53.885802001953124,9.793976783752441,0.2912199795246124,0.40448427200317383
1790341594864254200,53.902254150390625,9.793902397155762,0.2890680730342865,0.40780049562454224
1790341594880779300,53.918779296875,9.793004035949707,0.3030034005641937,0.4191020429134369
1790341594897301000,53.93530102539062,9.792048454284668,0.32701292634010315,0.42335963249206543
1790341594913794300,53.951794189453125,9.790613174438477,0.35289233922958374,0.43559929728507996
1790341594930306000,53.96830615234375,9.789389610290527,0.36992791295051575,0.4487813413143158
1790341594946872300,53.98487231445313,9.788565635681152,0.38205212354660034,0.45651066303253174
1790341594963356700,54.001356689453125,9.787971496582031,0.3928680419921875,0.4600607752799988
1790341594979852500,54.0178525390625,9.78766918182373,0.39981579780578613,0.4605148136615753
1790341594996345000,54.034344970703124,9.787444114685059,0.40432876348495483,0.46135616302490234
1790341595012822500,54.050822509765624,9.787175178527832,0.41027018427848816,0.4618096649646759
1790341595029272000,54.06727197265625,9.787086486816406,0.4136420488357544,0.46067383885383606
1790341595045760300,54.08376025390625,9.787190437316895,0.413331001996994,0.45873820781707764
1790341595062322000,54.100322021484374,9.786935806274414,0.41659262776374817,0.46121782064437866
1790341595078819300,54.1168193359375,9.78707218170166,0.4203876852989197,0.45483681559562683
1790341595095340000,54.13334008789062,9.787059783935547,0.4219025671482086,0.45371732115745544
1790341595111810800,54.149810791015625,9.787147521972656,0.41752704977989197,0.4558505415916443
1790341595128288800,54.16628881835938,9.787376403808594,0.4120922386646271,0.4558700621128082
1790341595144814600,54.18281469726563,9.787671089172363,0.4186975657939911,0.44338294863700867
1790341595161276000,54.19927587890625,9.787084579467773,0.42932748794555664,0.44614577293395996
1790341595177791000,54.215791015625,9.786733627319336,0.4374437928199768,0.4459587037563324
1790341595194275000,54.232275146484376,9.786467552185059,0.44585099816322327,0.4434487223625183
1790341595210761200,54.24876123046875,9.785594940185547,0.46031084656715393,0.447910875082016
1790341595227258000,54.265258056640626,9.784696578979492,0.48276931047439575,0.44387203454971313
1790341595243720400,54.281720458984374,9.782546043395996,0.5156717300415039,0.45416682958602905
1790341595260233700,54.298233642578126,9.78032112121582,0.5484537482261658,0.4635751247406006
1790341595276627700,54.314627685546874,9.778085708618164,0.5790408253669739,0.47343209385871887
1790341595293121300,54.33112133789062,9.7757568359375,0.6064345836639404,0.48702874779701233
1790341595309625300,54.34762524414062,9.773869514465332,0.6311545968055725,0.4934566020965576
1790341595326119200,54.364119140625,9.771567344665527,0.6533929705619812,0.50984126329422
1790341595342630700,54.380630615234374,9.77000617980957,0.6695482134819031,0.5187239646911621
1790341595359085800,54.3970859375,9.769163131713867,0.6795191168785095,0.5216108560562134
1790341595375573000,54.413572998046874,9.768817901611328,0.6835035085678101,0.5228825807571411
1790341595392097000,54.430096923828124,9.768689155578613,0.6851040124893188,0.5231904983520508
1790341595408592100,54.44659204101563,9.768739700317383,0.6859326362609863,0.5211670398712158
1790341595425106700,54.46310668945313,9.769054412841797,0.6838344931602478,0.518009603023529
1790341595441619000,54.479618896484375,9.769377708435059,0.6822412610054016,0.5139925479888916
1790341595458104800,54.49610473632813,9.768935203552246,0.6919091939926147,0.5094683170318604
1790341595474557200,54.51255712890625,9.768289566040039,0.7036588788032532,0.5057299733161926
1790341595491049200,54.52904931640625,9.767627716064453,0.7143283486366272,0.5035551190376282
1790341595507559700,54.5455595703125,9.767596244812012,0.7216549515724182,0.4936116933822632
1790341595524039700,54.56203979492187,9.76795768737793,0.7211557030677795,0.4871651828289032
1790341595540525600,54.578525634765626,9.768025398254395,0.7239862084388733,0.48156604170799255
1790341595556989000,54.59498901367188,9.767847061157227,0.731770932674408,0.473341703414917
1790341595573449200,54.61144921875,9.767328262329102,0.7439311146736145,0.46503305435180664
1790341595589962800,54.62796264648438,9.767332077026367,0.7487773299217224,0.45710498094558716
1790341595606411800,54.644411865234375,9.767361640930176,0.7491520047187805,0.45585474371910095
1790341595622911000,54.66091088867187,9.76750373840332,0.7508339881896973,0.450014591217041
1790341595639434200,54.67743432617188,9.767003059387207,0.7575438022613525,0.44961798191070557
1790341595655929300,54.69392944335937,9.76659107208252,0.763603687286377,0.4483189582824707
1790341595672413200,54.7104130859375,9.766036033630371,0.7685149312019348,0.45202112197875977
1790341595688933000,54.72693310546875,9.76574420928955,0.7707470059394836,0.45451194047927856
1790341595705421800,54.743421875,9.765303611755371,0.7743266820907593,0.4578799605369568
1790341595721923000,54.75992309570312,9.76474380493164,0.7798461318016052,0.4604434370994568
1790341595738417700,54.776417724609374,9.764296531677246,0.7849293351173401,0.46128591895103455
1790341595754930200,54.79293017578125,9.76402473449707,0.7889575362205505,0.4601532518863678
1790341595771415300,54.80941528320312,9.76396369934082,0.7897019982337952,0.4601828455924988
1790341595787905300,54.8259052734375,9.763823509216309,0.7916262149810791,0.45984920859336853
1790341595804403200,54.8424033203125,9.763212203979492,0.7990978360176086,0.45990803837776184
1790341595820895700,54.85889575195313,9.762226104736328,0.8098243474960327,0.4620586335659027
1790341595837376300,54.875376220703124,9.761550903320312,0.8184875249862671,0.46106231212615967
1790341595853829600,54.89182958984375,9.760420799255371,0.8319114446640015,0.4609658420085907
1790341595870298000,54.908298095703124,9.759352684020996,0.84514319896698,0.45951172709465027
1790341595886803000,54.92480297851562,9.758042335510254,0.8603715300559998,0.45907413959503174
1790341595903300000,54.941300048828126,9.75539779663086,0.8913032412528992,0.4562773108482361
1790341595919748900,54.95774877929688,9.752076148986816,0.9255627393722534,0.4590533673763275
1790341595936259000,54.974259033203126,9.74992561340332,0.9478788375854492,0.4592055082321167
1790341595952739600,54.99073950195312,9.750218391418457,0.9455143809318542,0.4578440189361572
1790341595969209900,55.0072099609375,9.752713203430176,0.9199708104133606,0.4567585587501526
1790341595985654300,55.023654296875,9.755602836608887,0.8916124105453491,0.45123571157455444
1790341596002134300,55.04013427734375,9.75642204284668,0.8809419870376587,0.45448002219200134
1790341596018622200,55.05662231445312,9.756204605102539,0.8847768902778625,0.4517041742801666
1790341596035114800,55.07311474609375,9.755289077758789,0.8927975296974182,0.4556698799133301
1790341596050538500,55.08853857421875,9.755239486694336,0.8926640152931213,0.45698291063308716
1790341596067001300,55.10500146484375,9.755852699279785,0.8866567611694336,0.4555874764919281
1790341596083520800,55.12152075195313,9.75638198852539,0.8798837661743164,0.4573795199394226
1790341596100009700,55.138009765625,9.756579399108887,0.8782177567481995,0.45637574791908264
