time,seconds_elapsed,z,y,x
1790341541088748800,0.126748779296875,0.20341812074184418,-0.17776179313659668,-0.24434609711170197
1790341541105217300,0.14321728515625,0.1869247704744339,-0.19792033731937408,-0.18020524084568024
1790341541121658000,0.159658203125,0.18325957655906677,-0.1820378452539444,-0.13561208546161652
1790341541138126000,0.1761259765625,0.1569923609495163,-0.10323622822761536,-0.10201449692249298
1790341541154620000,0.192619873046875,0.1264491081237793,0.06536258012056351,-0.045204028487205505
1790341541171089700,0.209089599609375,0.09162978827953339,0.20952677726745605,0.025045474991202354
1790341541187587600,0.225587646484375,0.03176499158143997,0.26450464129447937,0.11789698898792267
1790341541204061000,0.24206103515625,-0.019547687843441963,0.27550023794174194,0.2028072625398636
1790341541220532000,0.258531982421875,-0.013439035043120384,0.2064724564552307,0.24862214922904968
1790341541237031400,0.275031494140625,0.04459316283464432,0.10812314599752426,0.25961771607398987
1790341541253503200,0.291503173828125,0.09712757170200348,0.05009094998240471,0.2217440903186798
1790341541269927000,0.307927001953125,0.14049901068210602,-0.004886921960860491,0.12767083942890167
1790341541286395100,0.32439501953125,0.14538592100143433,-0.0757472887635231,0.01771509274840355
1790341541302860800,0.34086083984375,0.10873401165008545,-0.15393804013729095,-0.05742133408784866
1790341541319298800,0.357298828125,0.07391469180583954,-0.18081611394882202,-0.05925392732024193
1790341541335762400,0.373762451171875,0.07147123664617538,-0.13866640627384186,-0.00427605677396059
1790341541352251600,0.390251708984375,0.10934487730264664,-0.07513642311096191,0.05192354694008827
1790341541368743200,0.4067431640625,0.1771509200334549,-0.05497787147760391,0.07696902006864548
1790341541385204700,0.423204833984375,0.26083946228027344,-0.018936822190880775,0.07757988572120667
1790341541401695200,0.4396953125,0.3182607889175415,0.04459316283464432,0.06719517707824707
1790341541418093600,0.456093505859375,0.32498031854629517,0.024434609338641167,0.031154127791523933
1790341541434583300,0.472583251953125,0.2669481039047241,-0.03176499158143997,-0.015882495790719986
1790341541451042800,0.489042724609375,0.2070833146572113,-0.045204028487205505,-0.04398229718208313
1790341541467505000,0.5055048828125,0.15393804013729095,-0.1411098688840866,-0.04948008432984352
1790341541483991800,0.52199169921875,0.11423180252313614,-0.1062905490398407,-0.048258353024721146
1790341541500452600,0.53845263671875,0.10201449692249298,-0.014049900695681572,-0.05803219974040985
1790341541516957000,0.55495703125,0.13561208546161652,-0.00733038317412138,-0.06108652427792549
1790341541533417700,0.571417724609375,0.1973094791173935,-0.02382374368607998,-0.0555887371301651
1790341541549879300,0.58787939453125,0.2919935882091522,-0.0757472887635231,-0.04703662544488907
1790341541566398200,0.604398193359375,0.3995058834552765,-0.07635815441608429,-0.03787364438176155
1790341541582860000,0.620860107421875,0.46303585171699524,-0.12950342893600464,-0.048258353024721146
1790341541599354000,0.63735400390625,0.47830748558044434,-0.1563815027475357,-0.051312681287527084
1790341541615841500,0.653841552734375,0.46181413531303406,-0.21502456068992615,-0.05925392732024193
1790341541632302000,0.670302001953125,0.44776421785354614,-0.20586158335208893,-0.04092797264456749
1790341541648791000,0.686791015625,0.46242499351501465,-0.09957103431224823,-0.02015855349600315
1790341541665249000,0.7032490234375,0.45265114307403564,0.02871066704392433,-0.04459316283464432
1790341541681741000,0.719740966796875,0.40072759985923767,0.12461651116609573,-0.11789698898792267
1790341541698203000,0.736202880859375,0.384845107793808,0.12400564551353455,-0.21930062770843506
1790341541714663000,0.752662841796875,0.4001167416572571,0.12095131725072861,-0.2773328125476837
1790341541731123200,0.769123291015625,0.4300491213798523,0.15454891324043274,-0.2583959996700287
1790341541747581200,0.785581298828125,0.4355469346046448,0.27000242471694946,-0.14782938361167908
1790341541764138500,0.802138427734375,0.4343251883983612,0.4043927788734436,0.018936822190880775
1790341541780598000,0.818597900390625,0.38728857040405273,0.4538728892803192,0.13500121235847473
1790341541797058600,0.83505859375,0.29565876722335815,0.3634648323059082,0.19792033731937408
1790341541813494800,0.851494873046875,0.2064724564552307,0.23090706765651703,0.23518311977386475
1790341541829956000,0.8679560546875,0.1258382350206375,0.07941248267889023,0.2822197377681732
1790341541846440700,0.884440673828125,0.08002334833145142,0.05192354694008827,0.2919935882091522
1790341541862925000,0.900925048828125,0.08552113175392151,0.09162978827953339,0.2278527319431305
1790341541879381500,0.917381591796875,0.13561208546161652,0.11484266817569733,0.10445795953273773
1790341541895871700,0.933871826171875,0.19120082259178162,0.08185594528913498,-0.005497787147760391
1790341541912333800,0.950333740234375,0.2223549485206604,0,-0.03176499158143997
1790341541928825900,0.966825927734375,0.23090706765651703,0.012828170321881771,0.02687807008624077
1790341541945289700,0.983289794921875,0.2278527319431305,0.13561208546161652,0.1612684279680252
1790341541961750800,0.999750732421875,0.17043140530586243,0.2571742534637451,0.32559117674827576
1790341541978213600,1.016213623046875,0.07513642311096191,0.2932153046131134,0.37262779474258423
1790341541994675000,1.032675048828125,0.003054326167330146,0.20036379992961884,0.28588494658470154
1790341542011184600,1.0491845703125,-0.048258353024721146,0.04764748737215996,0.1411098688840866
1790341542027647700,1.065647705078125,-0.08002334833145142,-0.06169738993048668,0.00855211354792118
1790341542044110300,1.0821103515625,-0.060475658625364304,-0.07391469180583954,-0.06108652427792549
1790341542060561200,1.09856103515625,-0.030543262138962746,-0.0403171069920063,-0.0659734457731247
1790341542077067300,1.1150673828125,-0.0024434609804302454,0.04214970022439957,-0.021991148591041565
1790341542093517000,1.13151708984375,0.039706241339445114,0.07269296050071716,0.021991148591041565
1790341542110055400,1.148055419921875,0.06841690838336945,0.05619960278272629,0.04337143152952194
1790341542126553000,1.164552978515625,0.02626720629632473,0.048258353024721146,0.024434609338641167
1790341542143022000,1.18102197265625,-0.04886921867728233,0.03787364438176155,0.001832595793530345
1790341542159498000,1.197498046875,-0.10262536257505417,0.08307767659425735,0.009162978269159794
1790341542175957200,1.213957275390625,-0.1007927656173706,0.1215621829032898,0.0555887371301651
1790341542192417000,1.2304169921875,-0.045204028487205505,0.13744467496871948,0.10873401165008545
1790341542208873500,1.24687353515625,0.007941247895359993,0.12828169763088226,0.12278391420841217
1790341542225372400,1.263372314453125,0.013439035043120384,0.05375614017248154,0.06658431142568588
1790341542241879000,1.279879150390625,-0.027488935738801956,-0.05864306539297104,-0.04703662544488907
1790341542258349000,1.29634912109375,-0.06352998316287994,-0.15943582355976105,-0.1618792861700058
1790341542274805200,1.31280517578125,-0.05009094998240471,-0.19303341209888458,-0.24190263450145721
1790341542291261700,1.32926171875,0.00427605677396059,-0.20952677726745605,-0.3017674386501312
1790341542307740200,1.345740234375,0.07513642311096191,-0.13439035415649414,-0.2669481039047241
1790341542324193800,1.36219384765625,0.13316862285137177,-0.01160643994808197,-0.15393804013729095
1790341542340648400,1.3786484375,0.13805554807186127,0.059864792972803116,-0.036041051149368286
1790341542357130200,1.395130126953125,0.09529497474431992,0.05864306539297104,0.019547687843441963
1790341542373629200,1.411629150390625,0.04398229718208313,0.0006108652451075613,-0.001832595793530345
1790341542390127600,1.428127685546875,0.01710422709584236,-0.016493361443281174,-0.05314527451992035
1790341542406603800,1.444603759765625,0.02076941914856434,0.039706241339445114,-0.10690141469240189
1790341542423095600,1.461095458984375,0.060475658625364304,0.09712757170200348,-0.1264491081237793
1790341542439593000,1.477593017578125,0.0757472887635231,0.12034045159816742,-0.09957103431224823
1790341542456046600,1.494046630859375,0.06475171446800232,0.03298672288656235,-0.059864792972803116
1790341542472579000,1.5105791015625,0.04398229718208313,-0.06902777403593063,-0.03420845419168472
1790341542489053700,1.5270537109375,0.028099801391363144,-0.11423180252313614,-0.029932396486401558
1790341542505510100,1.54351025390625,0.016493361443281174,-0.07757988572120667,-0.04337143152952194
1790341542522015000,1.560014892578125,-0.004886921960860491,-0.0354301854968071,-0.06108652427792549
1790341542538512000,1.576511962890625,-0.039095375686883926,-0.03176499158143997,-0.10201449692249298
1790341542555002600,1.593002685546875,-0.0555887371301651,-0.08124507963657379,-0.12767083942890167
1790341542571457800,1.609457763671875,-0.04703662544488907,-0.07147123664617538,-0.09285151958465576
1790341542587958500,1.62595849609375,-0.01466076634824276,-0.03848451003432274,-0.02382374368607998
1790341542604495400,1.642495361328125,0.00427605677396059,-0.02871066704392433,0.0659734457731247
1790341542620982500,1.658982421875,-0.00366519158706069,-0.027488935738801956,0.12522737681865692
1790341542637468200,1.67546826171875,-0.012828170321881771,-0.05314527451992035,0.12095131725072861
1790341542653951000,1.691950927734375,-0.04703662544488907,0.010995574295520782,0.08246681094169617
1790341542670420200,1.708420166015625,-0.08124507963657379,0.08368854224681854,0.05619960278272629
1790341542686874600,1.72487451171875,-0.1014036312699318,0.1014036312699318,0.056810468435287476
1790341542703325000,1.741324951171875,-0.11056660860776901,0.1007927656173706,0.09773843735456467
1790341542719781600,1.75778173828125,-0.10323622822761536,0.07269296050071716,0.152105450630188
1790341542736236800,1.77423681640625,-0.08735372871160507,0.036041051149368286,0.16859880089759827
1790341542752695000,1.790695068359375,-0.06841690838336945,-0.0012217304902151227,0.14294247329235077
1790341542769091600,1.807091552734375,-0.029932396486401558,-0.042760565876960754,0.07513642311096191
1790341542785588000,1.823587890625,0.016493361443281174,-0.051312681287527084,-0.00855211354792118
1790341542802153200,1.8401533203125,0.06352998316287994,-0.056810468435287476,-0.06169738993048668
1790341542818608400,1.8566083984375,0.0861319974064827,-0.021380282938480377,-0.0757472887635231
1790341542835094800,1.8730947265625,0.0910189226269722,-0.024434609338641167,-0.05925392732024193
1790341542851582000,1.88958203125,0.0910189226269722,-0.054367005825042725,-0.04398229718208313
1790341542868039000,1.906038818359375,0.09712757170200348,-0.06658431142568588,-0.04703662544488907
1790341542884529000,1.92252880859375,0.12339477986097336,-0.060475658625364304,-0.09468411654233932
1790341542900987100,1.938987060546875,0.1466076523065567,-0.060475658625364304,-0.18631389737129211
1790341542917474000,1.95547412109375,0.15515977144241333,-0.04092797264456749,-0.2718350291252136
1790341542933934300,1.971934326171875,0.16004669666290283,-0.036651913076639175,-0.38240164518356323
1790341542950390800,1.988390869140625,0.16004669666290283,0.04337143152952194,-0.45326200127601624
1790341542966880000,2.0048798828125,0.1319468915462494,0.192422553896904,-0.4550946056842804
1790341542983334400,2.02133447265625,0.15577064454555511,0.2816088795661926,-0.4453207552433014
1790341542999813600,2.037813720703125,0.25106561183929443,0.2669481039047241,-0.43737950921058655
1790341543016270300,2.054270263671875,0.38179078698158264,0.20463985204696655,-0.43249258399009705
1790341543032726300,2.070726318359375,0.5436700582504272,0.06841690838336945,-0.45265114307403564
1790341543049081600,2.08708154296875,0.6835582256317139,-0.0861319974064827,-0.4495968222618103
1790341543065495800,2.103495849609375,0.750142514705658,-0.17470745742321014,-0.3017674386501312
1790341543081955300,2.119955322265625,0.7379252314567566,-0.17837265133857727,-0.07147123664617538
1790341543098441500,2.13644140625,0.6493497490882874,-0.17898350954055786,0.17348572611808777
1790341543114830300,2.152830322265625,0.5253441333770752,-0.21319197118282318,0.24495697021484375
1790341543131164000,2.169163818359375,0.394008070230484,-0.19486601650714874,0.1362229436635971
1790341543147620600,2.18562060546875,0.22846360504627228,-0.06780604273080826,-0.04764748737215996
1790341543164106000,2.20210595703125,0.036651913076639175,0.07635815441608429,-0.3090978264808655
1790341543180560100,2.21856005859375,-0.12950342893600464,0.10567969083786011,-0.5791002511978149
1790341543197016000,2.23501611328125,-0.30970868468284607,0.048258353024721146,-0.8735373020172119
1790341543213474800,2.251474853515625,-0.4502076804637909,0.045204028487205505,-0.9877691268920898
1790341543229928700,2.2679287109375,-0.5522221922874451,0.01160643994808197,-0.8552113175392151
1790341543246413000,2.2844130859375,-0.6041457056999207,-0.0861319974064827,-0.6047565937042236
1790341543262868000,2.300867919921875,-0.5797111392021179,-0.20463985204696655,-0.3988949954509735
1790341543279321300,2.3173212890625,-0.49357911944389343,-0.3628539443016052,-0.3274237811565399
1790341543295720400,2.333720458984375,-0.3194825351238251,-0.5540547966957092,-0.3683517575263977
1790341543312173600,2.350173583984375,-0.10201449692249298,-0.5455026626586914,-0.35674530267715454
1790341543328629200,2.366629150390625,0.04214970022439957,-0.23518311977386475,-0.06841690838336945
1790341543345110800,2.38311083984375,0.07696902006864548,-0.006108652334660292,0.33047810196876526
1790341543361565000,2.39956494140625,0.09040805697441101,-0.07880161702632904,0.5393940210342407
1790341543378023400,2.4160234375,0.10384709388017654,-0.40256020426750183,0.48747047781944275
1790341543394480600,2.432480712890625,0.09834930300712585,-0.6805039048194885,0.2370157092809677
1790341543410970400,2.448970458984375,0.014049900695681572,-0.8295549750328064,-0.1814269721508026
1790341543427425500,2.465425537109375,-0.1258382350206375,-0.6481280326843262,-0.607200026512146
1790341543443880400,2.48188037109375,-0.23273965716362,-0.2773328125476837,-0.9248499870300293
1790341543460269600,2.49826953125,-0.2718350291252136,-0.009773843921720982,-1.0140362977981567
1790341543476723700,2.5147236328125,-0.29138273000717163,0.03237585723400116,-0.950506329536438
1790341543493234200,2.531234130859375,-0.2779437005519867,0.039095375686883926,-0.8772025108337402
1790341543509734700,2.547734619140625,-0.21563543379306793,0.05619960278272629,-0.7489207983016968
1790341543526186500,2.5641865234375,-0.09407325088977814,0.04886921867728233,-0.5577199459075928
1790341543542690300,2.580690185546875,0.06291911751031876,0.059864792972803116,-0.35674530267715454
1790341543559145200,2.597145263671875,0.2223549485206604,0.06658431142568588,-0.242513507604599
1790341543575602400,2.6136025390625,0.34025195240974426,0.08002334833145142,-0.2217440903186798
1790341543592085500,2.63008544921875,0.39767327904701233,0.20402899384498596,-0.19425514340400696
1790341543608544500,2.64654443359375,0.4801400899887085,0.2840523421764374,-0.07513642311096191
1790341543625003000,2.6630029296875,0.28099802136421204,0.646906316280365,0.2321287989616394
1790341543641462300,2.679462158203125,-0.35063666105270386,1.207069754600525,0.5626068711280823
1790341543657922000,2.695922119140625,-0.778853178024292,1.1062769889831543,0.7195992469787598
1790341543674380800,2.712380859375,-1.103833556175232,1.027475357055664,0.8533787727355957
1790341543690837800,2.728837646484375,-1.1062769889831543,0.39156460762023926,0.9334021210670471
1790341543707326200,2.745326171875,-0.7177666425704956,-0.47280970215797424,0.9724974632263184
1790341543723777500,2.761777587890625,-0.24984388053417206,-1.0965031385421753,0.9572258591651917
1790341543740163000,2.7781630859375,0.25473082065582275,-1.4233160018920898,0.9046914577484131
1790341543756615000,2.794614990234375,0.6768386960029602,-1.4526375532150269,0.8552113175392151
1790341543773066800,2.811066650390625,0.8930850028991699,-1.587027907371521,0.8161159753799438
1790341543789479200,2.827479248046875,0.9480628371238708,-1.3585642576217651,0.7684684991836548
1790341543805932300,2.843932373046875,0.8289441466331482,-0.9456194043159485,0.598647952079773
1790341543822419000,2.8604189453125,0.637132465839386,-0.252287358045578,0.31520646810531616
1790341543838897400,2.8768974609375,0.39645153284072876,0.4349360466003418,-0.23457226157188416
1790341543855353600,2.893353515625,0.08918632566928864,0.5229006409645081,-0.7654141783714294
1790341543871814000,2.90981396484375,-0.1569923609495163,0.7006624341011047,-1.0231993198394775
1790341543888270800,2.926270751953125,-0.13927727937698364,0.8967501521110535,-1.0598511695861816
1790341543904728800,2.942728759765625,0.039706241339445114,0.9529497623443604,-1.0506882667541504
1790341543921183500,2.95918359375,0.09834930300712585,0.5119050741195679,-0.9804387092590332
1790341543937638700,2.975638671875,0.08124507963657379,0.3072652220726013,-0.8686503767967224
1790341543954092300,2.99209228515625,0.027488935738801956,0.43249258399009705,-0.6401867866516113
1790341543970543000,3.008543212890625,-0.025656340643763542,0.46670106053352356,-0.30604347586631775
1790341543987024000,3.02502392578125,-0.025045474991202354,0.21563543379306793,-0.021380282938480377
1790341544003475000,3.041474853515625,0.003054326167330146,0.051312681287527084,0.09896016865968704
1790341544019925200,3.05792529296875,0.02382374368607998,0.182648703455925,0.05009094998240471
1790341544036431600,3.074431640625,-0.03420845419168472,0.27061331272125244,-0.06291911751031876
1790341544052883200,3.09088330078125,-0.11056660860776901,0.17043140530586243,-0.15882496535778046
1790341544069330400,3.107330322265625,-0.16065755486488342,-0.14355333149433136,-0.22846360504627228
1790341544085813000,3.12381298828125,-0.09346238523721695,-0.6505714654922485,-0.2480112910270691
1790341544102262800,3.1402626953125,0.06536258012056351,-1.4227051734924316,-0.304210901260376
1790341544118716200,3.156716064453125,0.30115658044815063,-1.9541579484939575,-0.5094616413116455
1790341544135166500,3.17316650390625,0.4813618063926697,-2.0036380290985107,-0.6786713004112244
1790341544151583000,3.1895830078125,0.5100724697113037,-1.9223929643630981,-0.7367035150527954
1790341544168033000,3.206032958984375,0.4355469346046448,-1.9144517183303833,-0.617584764957428
1790341544184482000,3.22248193359375,0.4147774875164032,-1.7299703359603882,-0.4386012554168701
1790341544200964600,3.238964599609375,0.423329621553421,-1.3054190874099731,-0.3433062732219696
1790341544217411000,3.2554111328125,0.4105014503002167,-0.9162978529930115,-0.384845107793808
1790341544233919700,3.271919677734375,0.40622538328170776,-0.5009095072746277,-0.5949827432632446
1790341544250370300,3.288370361328125,0.3781255781650543,-0.14294247329235077,-0.8949176073074341
1790341544266822400,3.304822509765625,0.32620203495025635,0.01160643994808197,-1.151481032371521
1790341544283200800,3.32120068359375,0.3066543638706207,0.15454891324043274,-1.4245377779006958
1790341544299650800,3.33765087890625,0.2883284091949463,0.39645153284072876,-1.690264105796814
1790341544316134000,3.3541337890625,0.21502456068992615,0.8729264140129089,-1.9150625467300415
1790341544332616000,3.370615966796875,0.1007927656173706,1.1527026891708374,-2.191173553466797
1790341544349069300,3.3870693359375,-0.03420845419168472,1.281595230102539,-2.1429152488708496
1790341544365557800,3.403557861328125,-0.09896016865968704,1.186300277709961,-2.0873265266418457
1790341544382014700,3.4200146484375,-0.05253441259264946,0.901637077331543,-2.085494041442871
1790341544398505700,3.436505615234375,0.0708603709936142,0.4593706727027893,-2.0787744522094727
1790341544414958300,3.452958251953125,0.16554448008537292,-0.006719517521560192,-2.051896333694458
1790341544431409700,3.46940966796875,0.15760323405265808,0.09346238523721695,-2.0250182151794434
1790341544447863600,3.485863525390625,0.12400564551353455,0.31581732630729675,-2.0030272006988525
1790341544464314000,3.502314208984375,0.12522737681865692,0.40194934606552124,-1.919338583946228
1790341544480766500,3.518766357421875,0.15332718193531036,0.34574973583221436,-1.7898352146148682
1790341544497220000,3.53522021484375,0.17348572611808777,0.13561208546161652,-1.665218710899353
1790341544513720600,3.551720458984375,0.2021963894367218,-0.10690141469240189,-1.5754214525222778
1790341544530234400,3.568234375,0.242513507604599,-0.2840523421764374,-1.4703526496887207
1790341544546686000,3.58468603515625,0.22418753802776337,-0.3701843321323395,-1.3353514671325684
1790341544563170000,3.601170166015625,0.15454891324043274,-0.26511552929878235,-1.1966849565505981
1790341544579650800,3.61765087890625,0.11239920556545258,-0.1258382350206375,-1.0183123350143433
1790341544596103400,3.634103515625,0.11056660860776901,-0.00855211354792118,-0.9034696817398071
1790341544612586500,3.65058642578125,0.11239920556545258,0.15882496535778046,-0.7782423496246338
1790341544629039000,3.6670390625,0.10934487730264664,0.33292156457901,-0.6236934065818787
1790341544645491200,3.6834912109375,0.11972958594560623,0.513737678527832,-0.513126790523529
1790341544661940200,3.699940185546875,0.11667526513338089,0.6524040699005127,-0.4502076804637909
1790341544678388500,3.716388427734375,0.09346238523721695,0.6884451508522034,-0.41172316670417786
1790341544694873300,3.732873291015625,0.0757472887635231,0.7012733221054077,-0.3732386529445648
1790341544711326200,3.749326171875,0.056810468435287476,0.6994407176971436,-0.3597996234893799
1790341544727801300,3.76580126953125,-0.006719517521560192,0.6493497490882874,-0.3805690407752991
1790341544744252000,3.782251953125,-0.11728613078594208,0.6096435189247131,-0.44165557622909546
1790341544760702700,3.79870263671875,-0.2480112910270691,0.5076290369033813,-0.4691445231437683
1790341544777093000,3.815093017578125,-0.3543018400669098,0.3646865487098694,-0.5241223573684692
1790341544793543200,3.831543212890625,-0.37262779474258423,0.2070833146572113,-0.5613851547241211
1790341544810027500,3.848027587890625,-0.31093040108680725,0.0555887371301651,-0.5051855444908142
1790341544826448100,3.8644482421875,-0.24556782841682434,-0.036041051149368286,-0.45326200127601624
1790341544842900200,3.880900146484375,0.2119702398777008,0.5247332453727722,0.9896016716957092
1790341544859354000,3.89735400390625,0.32498031854629517,0.7586946487426758,1.0879509449005127
1790341544875807000,3.913806884765625,0.36651915311813354,0.6572909951210022,1.1630873680114746
1790341544892259600,3.930259521484375,0.34636059403419495,0.646906316280365,1.1722503900527954
1790341544908709600,3.946709716796875,0.32681289315223694,0.6817256212234497,1.2553280591964722
1790341544925158400,3.963158447265625,0.2767219543457031,0.6401867866516113,1.2651019096374512
1790341544941643300,3.979643310546875,0.22479841113090515,0.5558874011039734,1.2290608882904053
1790341544958094000,3.996093994140625,0.1514945775270462,0.36163222789764404,1.1136072874069214
1790341544974601500,4.0126015625,0.042760565876960754,0.08796459436416626,0.9150761365890503
1790341544991051300,4.02905126953125,0.005497787147760391,-0.03726277872920036,0.5797111392021179
1790341545007502000,4.045502197265625,0.02015855349600315,-0.13255776464939117,0.3323107063770294
1790341545024015000,4.06201513671875,0.06108652427792549,-0.21380282938480377,0.2125810980796814
1790341545040462300,4.07846240234375,0.14355333149433136,-0.2767219543457031,0.1820378452539444
1790341545056909800,4.094909912109375,0.08002334833145142,-0.43188172578811646,0.029932396486401558
1790341545073386800,4.11138671875,-0.03176499158143997,-0.48258355259895325,-0.11484266817569733
1790341545089835000,4.1278349609375,-0.0861319974064827,-0.46547931432724,-0.19120082259178162
1790341545106318300,4.144318359375,-0.2064724564552307,-0.4697553813457489,0.08246681094169617
1790341545122837000,4.1608369140625,-0.27611109614372253,-0.26022860407829285,0.5925393104553223
1790341545139209500,4.17720947265625,-0.31581732630729675,-0.042760565876960754,0.8148942589759827
1790341545155656000,4.193656005859375,-0.3488040566444397,0.042760565876960754,0.817948579788208
1790341545172157400,4.210157470703125,-0.3854559659957886,0.006719517521560192,0.8460483551025391
1790341545188610000,4.226610107421875,-0.5754350423812866,-0.4184426963329315,0.7941248416900635
1790341545205061600,4.2430615234375,-0.503963828086853,-0.3701843321323395,0.8717046976089478
1790341545221568000,4.259568115234375,0.42760565876960754,-1.3377948999404907,-0.13561208546161652
1790341545238017500,4.276017578125,0.37201693654060364,-0.9957103729248047,-0.02076941914856434
1790341545254467000,4.292467041015625,0.45753806829452515,-1.1478158235549927,-0.0659734457731247
1790341545270877700,4.308877685546875,0.5076290369033813,-1.084285855293274,0.05253441259264946
1790341545287326500,4.325326416015625,0.617584764957428,-1.1539244651794434,0.21563543379306793
1790341545303776000,4.34177587890625,0.6407976150512695,-1.1911872625350952,0.35613444447517395
1790341545320253200,4.358253173828125,0.6163630485534668,-1.207069754600525,0.38667771220207214
1790341545336704500,4.37470458984375,0.5925393104553223,-1.0702359676361084,0.23396138846874237
1790341545353157000,4.3911572265625,0.5229006409645081,-0.9834930300712585,0.13377949595451355
1790341545369609700,4.407609619140625,0.3634648323059082,-0.8753699064254761,0.0757472887635231
1790341545386095600,4.424095703125,0.28099802136421204,-0.656680166721344,-0.0403171069920063
1790341545402547700,4.440547607421875,0.15454891324043274,-0.4129449129104614,-0.1313360333442688
1790341545419000000,4.457,0.06230825558304787,-0.14477506279945374,-0.2767219543457031
1790341545435481300,4.4734814453125,-0.17592918872833252,-0.004886921960860491,-0.21930062770843506
1790341545451933700,4.48993359375,-0.4447098970413208,0.12400564551353455,0.05925392732024193
1790341545468418000,4.50641796875,-0.5448917746543884,0.2968805134296417,0.3854559659957886
1790341545484869400,4.522869384765625,-0.5082398653030396,0.5998696684837341,0.7049384713172913
1790341545501320200,4.5393203125,-0.3084869384765625,0.8313875794410706,0.7342600226402283
1790341545517740300,4.555740234375,-0.20586158335208893,0.8655960559844971,0.6731734871864319
1790341545534191900,4.57219189453125,-0.17837265133857727,0.675616979598999,0.5522221922874451
1790341545550646500,4.588646484375,-0.15515977144241333,0.4801400899887085,0.4691445231437683
1790341545567125200,4.605125244140625,-0.11362093687057495,0.34208452701568604,0.3597996234893799
1790341545583574500,4.621574462890625,-0.04092797264456749,0.27550023794174194,0.20830504596233368
1790341545600056300,4.638056396484375,0.00366519158706069,0.1765400618314743,0.10934487730264664
1790341545616507400,4.65450732421875,0.05375614017248154,0.027488935738801956,0.07452555745840073
1790341545632971500,4.670971435546875,0.13439035415649414,-0.13805554807186127,-0.009773843921720982
1790341545649420500,4.687420654296875,0.3182607889175415,-0.16065755486488342,-0.14966198801994324
1790341545665869800,4.703869873046875,0.49296826124191284,-0.4288274049758911,-0.39156460762023926
1790341545682319600,4.720319580078125,0.15515977144241333,-0.14782938361167908,0.48319441080093384
1790341545698771000,4.73677099609375,0.2278527319431305,-0.6499606370925903,0.8961393237113953
1790341545715222800,4.753222900390625,0.1215621829032898,-0.3121521472930908,0.8032878041267395
1790341545731674600,4.769674560546875,0.19547687470912933,0.1258382350206375,0.8350527882575989
1790341545748125400,4.78612548828125,0.1973094791173935,0.4337143301963806,0.7354817390441895
1790341545764597200,4.80259716796875,0.20341812074184418,0.49724429845809937,0.5314527750015259
1790341545781045000,4.819044921875,0.21930062770843506,0.4764748811721802,0.3732386529445648
1790341545797492200,4.8354921875,0.11911872029304504,0.41233405470848083,0.15332718193531036
1790341545813963300,4.85196337890625,0.06230825558304787,0.3139847218990326,-0.1111774742603302
1790341545830439400,4.868439453125,0.03481931984424591,0.4642575979232788,-0.304210901260376
1790341545846884600,4.884884521484375,-0.0806342139840126,0.5900958180427551,-0.5338962078094482
1790341545863374600,4.90137451171875,-0.08307767659425735,0.29565876722335815,-0.49296826124191284
1790341545879819800,4.91781982421875,0.05925392732024193,-0.16249015927314758,-0.4502076804637909
1790341545896269000,4.93426904296875,0.24190263450145721,-0.2840523421764374,-0.394008070230484
1790341545912713200,4.950713134765625,0.4056145250797272,-0.1820378452539444,-0.36590829491615295
1790341545929159400,4.967159423828125,0.4343251883983612,-0.10262536257505417,-0.3549126982688904
1790341545945604000,4.98360400390625,0.375071257352829,-0.05253441259264946,-0.3188716471195221
1790341545962045200,5.000045166015625,0.26511552929878235,0.051312681287527084,-0.29138273000717163
1790341545978488600,5.016488525390625,0.09162978827953339,-0.2480112910270691,-0.3182607889175415
1790341545994935800,5.032935791015625,-0.11423180252313614,-0.2535090744495392,-0.4129449129104614
1790341546011381200,5.04938134765625,-0.5283984541893005,0.22479841113090515,-0.7183775305747986
1790341546027830800,5.065830810546875,-1.0476338863372803,0.9749409556388855,-1.1282681226730347
1790341546044274400,5.0822744140625,-1.433700680732727,1.607797384262085,-1.3628404140472412
1790341546060747800,5.098747802734375,-1.6181820631027222,0.8057312369346619,-1.0574077367782593
1790341546077794300,5.115794189453125,-1.7055357694625854,-0.2070833146572113,-1.1136072874069214
1790341546093440500,5.1314404296875,-1.5632041692733765,-0.7513642311096191,-0.8387179970741272
1790341546109887500,5.147887451171875,-1.2009611129760742,-0.0354301854968071,-0.7287622094154358
1790341546126336800,5.164336669921875,-0.6921103000640869,-0.04092797264456749,-0.7226535677909851
1790341546142786600,5.18078662109375,-0.25534167885780334,-0.4648684561252594,-0.5894849896430969
1790341546159236600,5.197236572265625,0.08674286305904388,-0.18875735998153687,-0.45814892649650574
1790341546175687200,5.213687255859375,0.27000242471694946,0.09651670604944229,-0.3646865487098694
1790341546192103700,5.230103759765625,0.36529740691185,0.02871066704392433,-0.3384193480014801
1790341546208552000,5.246552001953125,0.4080579876899719,0.14477506279945374,-0.3433062732219696
1790341546225000000,5.263,0.43127086758613586,0.27488934993743896,-0.3481931984424591
1790341546241446700,5.27944677734375,0.5534439086914062,0.4098905920982361,-0.3017674386501312
1790341546257921500,5.295921630859375,0.5296201705932617,0.08796459436416626,-0.1722639948129654
1790341546274367500,5.312367431640625,0.48258355259895325,0.03787364438176155,-0.048258353024721146
1790341546290812000,5.32881201171875,0.33536502718925476,-0.006108652334660292,-0.013439035043120384
1790341546307280100,5.345280029296875,0.12034045159816742,-0.06230825558304787,0.054367005825042725
1790341546323741000,5.361740966796875,0.00855211354792118,-0.05619960278272629,0.05314527451992035
1790341546340228900,5.378228759765625,-0.0555887371301651,0.021991148591041565,-0.004886921960860491
1790341546356693500,5.394693603515625,-0.15271630883216858,-0.006108652334660292,-0.025656340643763542
1790341546373139700,5.4111396484375,-0.09896016865968704,-0.08491026610136032,0.00427605677396059
1790341546389606400,5.4276064453125,-0.060475658625364304,-0.01038470957428217,0.015882495790719986
1790341546406091500,5.444091552734375,-0.0806342139840126,0.02687807008624077,0.06902777403593063
1790341546422538200,5.460538330078125,-0.1062905490398407,-0.02076941914856434,0.08491026610136032
1790341546438986800,5.47698681640625,-0.08124507963657379,0.04398229718208313,0.06780604273080826
1790341546455445500,5.493445556640625,0.036651913076639175,0.08552113175392151,0.030543262138962746
1790341546471921000,5.5099208984375,0.22907446324825287,0.1215621829032898,0.03787364438176155
1790341546488367600,5.52636767578125,0.45204028487205505,0.20525072515010834,0.13927727937698364
1790341546504738300,5.54273828125,0.5925393104553223,0.22846360504627228,0.22540926933288574
1790341546521183500,5.55918359375,0.598647952079773,0.24495697021484375,0.2480112910270691
1790341546537673200,5.575673095703125,0.46853363513946533,0.14294247329235077,0.22968533635139465
1790341546554148000,5.592148193359375,0.3878994286060333,-0.11728613078594208,0.21807889640331268
1790341546570596000,5.60859619140625,0.46853363513946533,-0.25961771607398987,0.2431243658065796
1790341546587046000,5.6250458984375,0.5827654600143433,-0.09957103431224823,0.3781255781650543
1790341546603494400,5.641494384765625,0.6340781450271606,0.10262536257505417,0.5027421116828918
1790341546619942700,5.657942626953125,0.6328563690185547,0.15577064454555511,0.5338962078094482
1790341546636389000,5.67438916015625,0.5723807215690613,0.25595253705978394,0.5009095072746277
1790341546652837000,5.690837158203125,0.4593706727027893,0.2535090744495392,0.40744712948799133
1790341546669282300,5.7072822265625,0.3897320330142975,0.21624629199504852,0.30604347586631775
1790341546685726000,5.723725830078125,0.40072759985923767,0.26450464129447937,0.21441370248794556
1790341546702196500,5.740196533203125,0.29626965522766113,0.29626965522766113,0.05009094998240471
1790341546718639600,5.7566396484375,0.05803219974040985,0.09468411654233932,-0.14966198801994324
1790341546735081500,5.77308154296875,-0.12767083942890167,-0.08918632566928864,-0.2791654169559479
1790341546751494100,5.789494140625,-0.30115658044815063,-0.252287358045578,-0.29016098380088806
1790341546767938000,5.80593798828125,-0.4129449129104614,-0.0910189226269722,-0.19975294172763824
1790341546784415200,5.822415283203125,-0.4813618063926697,0.11545353382825851,-0.08491026610136032
1790341546800889300,5.838889404296875,-0.43615779280662537,0.20586158335208893,0.07147123664617538
1790341546817335600,5.85533544921875,-0.3500257730484009,0.09773843735456467,0.2687807083129883
1790341546833814500,5.871814453125,-0.3237585723400116,0.17837265133857727,0.3543018400669098
1790341546850264300,5.888264404296875,-0.22540926933288574,0.18387043476104736,0.43127086758613586
1790341546866677000,5.904677001953125,-0.07147123664617538,0.09834930300712585,0.3952298164367676
1790341546883121200,5.92112109375,0.12339477986097336,0.04886921867728233,0.4080579876899719
1790341546899565800,5.93756591796875,0.37751471996307373,0.08429940044879913,0.48747047781944275
1790341546916010500,5.954010498046875,0.5839871764183044,-0.10934487730264664,0.6059783101081848
1790341546932454400,5.970454345703125,0.7544185519218445,-0.16859880089759827,0.8833111524581909
1790341546948922400,5.98692236328125,0.7379252314567566,-0.07208210229873657,1.0714576244354248
1790341546965367800,6.003367919921875,0.6090326309204102,-0.0507018156349659,1.3463469743728638
1790341546981811000,6.01981103515625,0.4245513379573822,-0.27977627515792847,1.215621829032898
1790341546998175700,6.03617578125,0.38667771220207214,-0.1618792861700058,1.0042624473571777
1790341547014616800,6.052616943359375,0.21563543379306793,-0.1667662113904953,0.7397578358650208
1790341547031093000,6.069093017578125,0.19058994948863983,-0.09162978827953339,0.6023131608963013
1790341547047564500,6.085564453125,0.06108652427792549,-0.18875735998153687,0.5503895878791809
1790341547063990800,6.10199072265625,-0.10384709388017654,-0.07330382615327835,0.48808133602142334
1790341547080471300,6.11847119140625,-0.10873401165008545,0.033597588539123535,0.4764748811721802
1790341547096917800,6.134917724609375,-0.1111774742603302,-0.03848451003432274,0.5161811113357544
1790341547113399600,6.151399658203125,-0.10567969083786011,-0.1007927656173706,0.5650503635406494
1790341547129847600,6.16784765625,-0.12950342893600464,-0.15760323405265808,0.7422012686729431
1790341547146293200,6.184293212890625,-0.1111774742603302,0.0757472887635231,0.7104362845420837
1790341547162742500,6.200742431640625,-0.05619960278272629,0.006719517521560192,0.6157521605491638
1790341547179190500,6.2171904296875,0.016493361443281174,-0.18081611394882202,0.43615779280662537
1790341547195659500,6.233659423828125,0.019547687843441963,-0.14844025671482086,0.20952677726745605
1790341547212072200,6.250072265625,0,-0.05925392732024193,0.04581489413976669
1790341547228563700,6.266563720703125,-0.021991148591041565,-0.09834930300712585,-0.09529497474431992
1790341547245044200,6.283044189453125,-0.13072516024112701,-0.11239920556545258,-0.1007927656173706
1790341547261514800,6.2995146484375,-0.23396138846874237,-0.09468411654233932,-0.1459967941045761
1790341547277962800,6.315962646484375,-0.41111230850219727,-0.09834930300712585,-0.12522737681865692
1790341547294439000,6.33243896484375,-0.5369505286216736,-0.15393804013729095,-0.11972958594560623
1790341547310886100,6.34888623046875,-0.5455026626586914,-0.08246681094169617,-0.0959058403968811
1790341547327334000,6.365333984375,-0.4202753007411957,-0.001832595793530345,-0.08307767659425735
1790341547343780900,6.38178076171875,-0.252287358045578,0.027488935738801956,-0.006108652334660292
1790341547360229400,6.3982294921875,-0.11423180252313614,-0.016493361443281174,0.045204028487205505
1790341547376676900,6.4146767578125,-0.12034045159816742,-0.05009094998240471,0.02687807008624077
1790341547393123300,6.431123291015625,-0.1973094791173935,-0.014049900695681572,-0.03481931984424591
1790341547409570000,6.447570068359375,-0.33292156457901,0.0659734457731247,-0.1258382350206375
1790341547426016000,6.46401611328125,-0.46853363513946533,0.04459316283464432,-0.18020524084568024
1790341547442459100,6.480459228515625,-0.4856378734111786,-0.051312681287527084,-0.13744467496871948
1790341547458904000,6.496904052734375,-0.3787364661693573,-0.1313360333442688,-0.018325956538319588
1790341547475350300,6.513350341796875,-0.24373523890972137,-0.05192354694008827,0.03420845419168472
1790341547491826400,6.529826416015625,-0.09285151958465576,-0.019547687843441963,0.05925392732024193
1790341547508303400,6.546303466796875,-0.016493361443281174,0.004886921960860491,-0.030543262138962746
1790341547524816100,6.562816162109375,0.10995574295520782,0.08918632566928864,-0.0354301854968071
1790341547541151700,6.57915185546875,0.15027284622192383,0.06719517707824707,-0.02626720629632473
1790341547557629000,6.59562890625,0.21563543379306793,-0.001832595793530345,-0.0659734457731247
1790341547574073600,6.612073486328125,0.1618792861700058,-0.06414084881544113,0.027488935738801956
1790341547590517800,6.628517822265625,0.07147123664617538,-0.012217304669320583,0.08307767659425735
1790341547606959600,6.644959716796875,0.09773843735456467,-0.010995574295520782,0.0659734457731247
1790341547623407600,6.66140771484375,0.1264491081237793,-0.1661553531885147,0.03237585723400116
1790341547639799300,6.67779931640625,-0.007941247895359993,0.015271631069481373,-0.07941248267889023
1790341547656294100,6.694294189453125,-0.006719517521560192,0.036651913076639175,-0.1459967941045761
1790341547672767700,6.710767822265625,-0.02076941914856434,-0.1459967941045761,-0.21074850857257843
1790341547689213200,6.727213134765625,-0.0507018156349659,-0.006719517521560192,-0.22052235901355743
1790341547705655000,6.743655029296875,0.005497787147760391,-0.018325956538319588,-0.251676470041275
1790341547722097000,6.760096923828125,-0.012828170321881771,-0.10690141469240189,-0.2681698501110077
1790341547738541600,6.77654150390625,-0.056810468435287476,-0.025656340643763542,-0.29504790902137756
1790341547754984700,6.792984619140625,-0.056810468435287476,0.045204028487205505,-0.294437050819397
1790341547771431400,6.809431396484375,-0.09651670604944229,0.0006108652451075613,-0.342695415019989
1790341547787903700,6.82590380859375,-0.1661553531885147,0.06291911751031876,-0.31642818450927734
1790341547804348200,6.84234814453125,-0.21991148591041565,0.05742133408784866,-0.3530801236629486
1790341547820790300,6.858790283203125,-0.15027284622192383,0.12217304855585098,-0.36163222789764404
1790341547837232600,6.875232666015625,-0.12522737681865692,0.048258353024721146,-0.2871066629886627
1790341547853676000,6.891676025390625,-0.11789698898792267,-0.025045474991202354,-0.35613444447517395
1790341547870155800,6.90815576171875,-0.21013765037059784,0.048258353024721146,-0.30543261766433716
1790341547886600400,6.924600341796875,-0.26083946228027344,0.10690141469240189,-0.31581732630729675
1790341547903043800,6.9410439453125,-0.24495697021484375,0.19303341209888458,-0.2919935882091522
1790341547919484700,6.957484619140625,-0.33169981837272644,0.16432274878025055,-0.30604347586631775
1790341547935927300,6.97392724609375,-0.3445279896259308,0.17959438264369965,-0.3805690407752991
1790341547952366600,6.99036669921875,-0.3017674386501312,0.13316862285137177,-0.4795292317867279
1790341547968806100,7.00680615234375,-0.21074850857257843,0.0659734457731247,-0.33292156457901
1790341547985273300,7.0232734375,-0.09896016865968704,0.027488935738801956,-0.2822197377681732
1790341548001715200,7.039715087890625,-0.06108652427792549,0.0507018156349659,-0.24556782841682434
1790341548018160000,7.05616015625,0.039706241339445114,-0.03420845419168472,-0.32070425152778625
1790341548034633700,7.0726337890625,0.1973094791173935,-0.242513507604599,-0.3732386529445648
1790341548051078700,7.08907861328125,0.4355469346046448,-0.23335053026676178,0.08735372871160507
1790341548066559700,7.104559814453125,0.5681046843528748,-0.01710422709584236,0.13744467496871948
1790341548083002400,7.12100244140625,0.6401867866516113,-0.1869247704744339,0.16859880089759827
1790341548099449600,7.13744970703125,0.6731734871864319,-0.2883284091949463,-0.02626720629632473
1790341548115896000,7.15389599609375,0.39767327904701233,-0.2571742534637451,-0.1514945775270462
1790341548131347500,7.169347412109375,0.2736676335334778,-0.10873401165008545,-0.28588494658470154
1790341548147831800,7.185831787109375,0.26572638750076294,-0.05864306539297104,-0.37629300355911255
1790341548164277000,7.202277099609375,-0.12950342893600464,-0.12950342893600464,-0.2926044464111328
1790341548180720600,7.218720703125,-0.32498031854629517,0.01160643994808197,-0.3378084897994995
1790341548197166600,7.23516650390625,-0.1270599663257599,0.25534167885780334,-0.5290092825889587
1790341548213650700,7.251650634765625,0.06475171446800232,0.15760323405265808,-0.8759807348251343
1790341548230115000,7.268114990234375,0.0024434609804302454,0.3335324227809906,-0.6316346526145935
1790341548246565000,7.284565185546875,0.08002334833145142,0.1667662113904953,-0.4917465150356293
1790341548263014400,7.301014404296875,0.17837265133857727,-0.18570303916931152,-0.37568211555480957
1790341548279492400,7.317492431640625,0.02626720629632473,-0.004886921960860491,-0.6352998614311218
1790341548295940000,7.333940185546875,0.03726277872920036,-0.10445795953273773,-0.7141014933586121
1790341548312389400,7.350389404296875,-0.021991148591041565,0.02076941914856434,-0.48808133602142334
1790341548328834600,7.36683447265625,-0.03848451003432274,-0.06658431142568588,-0.4807509481906891
1790341548345278200,7.3832783203125,-0.18509216606616974,-0.05742133408784866,-0.4508185386657715
1790341548361722400,7.399722412109375,-0.24678955972194672,0.07147123664617538,-0.9205739498138428
1790341548378170000,7.416170166015625,-0.10201449692249298,-0.09346238523721695,-0.8857545852661133
1790341548394619000,7.432618896484375,-0.12828169763088226,-0.2064724564552307,-1.1325441598892212
1790341548411063300,7.449063232421875,-0.2828305959701538,-0.013439035043120384,-1.1380419731140137
1790341548427510300,7.46551025390625,-0.2064724564552307,0.0757472887635231,-0.6890559792518616
1790341548443960300,7.481960205078125,-0.02321287989616394,-0.11239920556545258,-0.5546656250953674
1790341548460410400,7.498410400390625,0.02382374368607998,-0.0403171069920063,-0.3090978264808655
1790341548476877300,7.514877197265625,-0.025656340643763542,-0.14049901068210602,-0.17409659922122955
1790341548493326000,7.531326171875,-0.21074850857257843,-0.20586158335208893,0.03420845419168472
1790341548509773800,7.54777392578125,-0.3500257730484009,0.10934487730264664,0.1618792861700058
1790341548526245600,7.56424560546875,-0.16859880089759827,0.2718350291252136,0.19303341209888458
1790341548542630100,7.580630126953125,0.007941247895359993,0.10812314599752426,0.2278527319431305
1790341548559075600,7.59707568359375,0.024434609338641167,0.23579397797584534,0.0659734457731247
1790341548575520500,7.6135205078125,0.01466076634824276,0.14477506279945374,-0.03237585723400116
1790341548592012000,7.630011962890625,-0.036651913076639175,-0.07452555745840073,-0.1007927656173706
1790341548608460500,7.64646044921875,0,-0.025656340643763542,-0.07513642311096191
1790341548624939000,7.66293896484375,0.07391469180583954,-0.006719517521560192,0.00855211354792118
1790341548641462500,7.679462646484375,-0.009773843921720982,0.01771509274840355,0.051312681287527084
1790341548657928200,7.69592822265625,0.09346238523721695,0.006719517521560192,0.17409659922122955
1790341548674375200,7.712375244140625,0.11728613078594208,-0.08674286305904388,0.24678955972194672
1790341548690824000,7.728823974609375,0.0806342139840126,0.07880161702632904,0.3286454975605011
1790341548707271700,7.745271728515625,0.2638937830924988,0.09834930300712585,0.4489859640598297
1790341548723748000,7.761748046875,0.3787364661693573,0.01466076634824276,0.5253441333770752
1790341548740194000,7.778194091796875,0.39217549562454224,0.08857546001672745,0.5723807215690613
1790341548756640000,7.794639892578125,0.34086281061172485,0.1215621829032898,0.5277875661849976
1790341548773115100,7.811115234375,0.2883284091949463,0.04703662544488907,0.49724429845809937
1790341548789563000,7.82756298828125,0.22602014243602753,0.03726277872920036,0.32620203495025635
1790341548806011400,7.844011474609375,0.1918116807937622,-0.11789698898792267,0.30543261766433716
1790341548822458400,7.860458251953125,0.26633724570274353,-0.004886921960860491,0.42699480056762695
1790341548838906400,7.87690625,0.22113321721553802,-0.031154127791523933,0.303600013256073
1790341548855355000,7.89335498046875,0.05497787147760391,-0.13744467496871948,0.2638937830924988
1790341548871800800,7.90980078125,0.028099801391363144,-0.018325956538319588,0.2565633952617645
1790341548888294700,7.926294677734375,0.04398229718208313,-0.16249015927314758,0.16065755486488342
1790341548904742400,7.942742431640625,-0.10384709388017654,-0.08796459436416626,0.05497787147760391
1790341548921190000,7.95918994140625,-0.09224065393209457,-0.02382374368607998,-0.00366519158706069
1790341548937636000,7.975635986328125,-0.07147123664617538,-0.09529497474431992,-0.0910189226269722
1790341548954083600,7.99208349609375,-0.18570303916931152,-0.015271631069481373,-0.1820378452539444
1790341548970589200,8.008589111328124,-0.1918116807937622,0.06475171446800232,-0.15454891324043274
1790341548987035400,8.025035400390625,-0.182648703455925,-0.042760565876960754,-0.1508837193250656
1790341549003513900,8.041513916015624,-0.2223549485206604,0.03787364438176155,-0.13988813757896423
1790341549019990800,8.05799072265625,-0.09651670604944229,-0.0708603709936142,-0.1264491081237793
1790341549036437800,8.074437744140624,-0.1563815027475357,-0.04459316283464432,-0.0555887371301651
1790341549052913200,8.0909130859375,-0.16737708449363708,0.00855211354792118,-0.00366519158706069
1790341549069277200,8.107277099609375,-0.11178833991289139,-0.05742133408784866,-0.05192354694008827
1790341549085754600,8.123754638671874,-0.2168571650981903,-0.06414084881544113,-0.07269296050071716
1790341549102248200,8.140248291015626,-0.21441370248794556,0.04153883829712868,-0.04153883829712868
1790341549118697700,8.15669775390625,-0.13255776464939117,-0.04398229718208313,-0.13439035415649414
1790341549135176200,8.17317626953125,-0.23151792585849762,0.04214970022439957,-0.08918632566928864
1790341549151626200,8.189626220703126,-0.18570303916931152,0.05253441259264946,-0.07880161702632904
1790341549168118500,8.206118408203125,-0.09834930300712585,-0.02382374368607998,-0.07513642311096191
1790341549184566000,8.22256591796875,-0.08429940044879913,0.001832595793530345,-0.11728613078594208
1790341549201015000,8.23901513671875,-0.07635815441608429,0.05009094998240471,-0.11362093687057495
1790341549217403100,8.255403076171875,0.010995574295520782,0.031154127791523933,-0.07696902006864548
1790341549233860400,8.2718603515625,-0.01710422709584236,0.01466076634824276,-0.07391469180583954
1790341549250366500,8.288366455078124,0.00366519158706069,0.05619960278272629,-0.04092797264456749
1790341549266896400,8.304896484375,-0.006108652334660292,0.009162978269159794,-0.01710422709584236
1790341549283381800,8.3213818359375,-0.021991148591041565,0.006719517521560192,-0.028099801391363144
1790341549299910400,8.337910400390625,-0.005497787147760391,0.01466076634824276,-0.0024434609804302454
1790341549316398300,8.3543984375,0.004886921960860491,0.015271631069481373,0.025045474991202354
1790341549332871700,8.37087158203125,0.02871066704392433,0.012828170321881771,-0.02687807008624077
1790341549349372400,8.387372314453126,0.08857546001672745,0.03726277872920036,-0.05619960278272629
1790341549365822200,8.403822265625,0.051312681287527084,-0.027488935738801956,-0.06108652427792549
1790341549382351000,8.42035107421875,0.001832595793530345,0.036651913076639175,0.00366519158706069
1790341549398844200,8.43684423828125,0.0806342139840126,0.0403171069920063,0.031154127791523933
1790341549415355400,8.45335546875,0.0507018156349659,-0.006719517521560192,0.019547687843441963
1790341549431857000,8.46985693359375,0.021991148591041565,0.051312681287527084,0.0507018156349659
1790341549448306000,8.486305908203125,0.031154127791523933,0.06658431142568588,0.048258353024721146
1790341549464861700,8.50286181640625,-0.02626720629632473,-0.03481931984424591,0.07635815441608429
1790341549481333800,8.519333740234375,-0.10384709388017654,0.12950342893600464,0.13988813757896423
1790341549497785600,8.53578564453125,-0.06169738993048668,0.060475658625364304,0.16493362188339233
1790341549514263800,8.552263916015624,-0.0555887371301651,0.05192354694008827,0.15760323405265808
1790341549530714400,8.56871435546875,-0.02626720629632473,0.08429940044879913,0.16310101747512817
1790341549547164000,8.585163818359375,-0.006719517521560192,0.039706241339445114,0.14782938361167908
1790341549563556400,8.601556396484375,0.10262536257505417,0.04153883829712868,0.1319468915462494
1790341549580007200,8.618007080078126,0.10323622822761536,-0.03726277872920036,0.05314527451992035
1790341549596459000,8.634458984375,0.1459967941045761,0.09224065393209457,-0.0659734457731247
1790341549612905500,8.650905517578124,0.16554448008537292,-0.013439035043120384,-0.10262536257505417
1790341549629355000,8.66735498046875,0.23029619455337524,-0.00366519158706069,-0.13805554807186127
1790341549645731800,8.68373193359375,0.16798794269561768,-0.012217304669320583,-0.19975294172763824
1790341549662179800,8.700179931640625,0.09346238523721695,-0.00855211354792118,-0.19058994948863983
1790341549678626600,8.71662646484375,0.10934487730264664,-0.03420845419168472,-0.16065755486488342
1790341549695075000,8.733074951171876,0.09712757170200348,-0.04703662544488907,-0.11728613078594208
1790341549711552800,8.749552734375,0.039095375686883926,0.01160643994808197,-0.10690141469240189
1790341549728026600,8.766026611328124,-0.01160643994808197,0.02321287989616394,-0.06841690838336945
1790341549744532700,8.78253271484375,-0.021380282938480377,0.01771509274840355,-0.04337143152952194
1790341549761062700,8.799062744140626,0.005497787147760391,-0.04092797264456749,0.010995574295520782
1790341549777550300,8.81555029296875,-0.00427605677396059,0.10812314599752426,0.08307767659425735
1790341549793997800,8.831997802734374,0.08429940044879913,-0.0354301854968071,0.15271630883216858
1790341549810447000,8.848447021484375,-0.0006108652451075613,-0.04764748737215996,0.18936823308467865
1790341549826894600,8.86489453125,-0.04642575979232788,0.010995574295520782,0.23151792585849762
1790341549843339300,8.88133935546875,-0.03176499158143997,-0.02382374368607998,0.19914206862449646
1790341549859782700,8.89778271484375,-0.03420845419168472,0.02015855349600315,0.14782938361167908
1790341549876227600,8.9142275390625,-0.04214970022439957,-0.007941247895359993,0.09773843735456467
1790341549892701000,8.930700927734375,0.015271631069481373,0.001832595793530345,0.08124507963657379
1790341549909239800,8.94723974609375,0.019547687843441963,-0.02932153269648552,0.07941248267889023
1790341549925738800,8.96373876953125,-0.004886921960860491,0.018936822190880775,0.08429940044879913
1790341549942186000,8.98018603515625,0.029932396486401558,0.0403171069920063,0.13561208546161652
1790341549958664200,8.996664306640625,0.01038470957428217,0.006108652334660292,0.12339477986097336
1790341549975111700,9.013111572265625,0.06414084881544113,0.11911872029304504,0.12400564551353455
1790341549991559200,9.02955908203125,0.04886921867728233,-0.021991148591041565,0.039095375686883926
1790341550008086500,9.04608642578125,0.02687807008624077,0.06108652427792549,-0.012217304669320583
1790341550024570600,9.062570556640624,0.0403171069920063,0.06841690838336945,-0.04398229718208313
1790341550041096200,9.07909619140625,0.048258353024721146,0.006108652334660292,-0.02321287989616394
1790341550057518600,9.0955185546875,-0.03848451003432274,0.02015855349600315,-0.06780604273080826
1790341550074025000,9.11202490234375,-0.03298672288656235,0.09529497474431992,-0.08796459436416626
1790341550090496500,9.12849658203125,-0.05803219974040985,-0.009162978269159794,-0.06108652427792549
1790341550106951200,9.144951171875,-0.09162978827953339,0.03237585723400116,-0.036041051149368286
1790341550123402500,9.161402587890626,-0.025045474991202354,0.07330382615327835,-0.06780604273080826
1790341550139875000,9.177875,-0.06108652427792549,-0.042760565876960754,-0.0708603709936142
1790341550156365300,9.194365234375,-0.09407325088977814,0.05253441259264946,-0.030543262138962746
1790341550172845600,9.210845458984375,-0.03848451003432274,0.013439035043120384,-0.00855211354792118
1790341550189334000,9.227333984375,-0.05864306539297104,0.02015855349600315,0.051312681287527084
1790341550205860600,9.243860595703126,-0.03237585723400116,0.060475658625364304,0.09224065393209457
1790341550222338600,9.260338623046875,0.025656340643763542,-0.05864306539297104,0.04948008432984352
1790341550238686500,9.2766865234375,0.015882495790719986,0.02321287989616394,0.02871066704392433
1790341550255217700,9.2932177734375,0.036651913076639175,0.03420845419168472,-0.05864306539297104
1790341550271705000,9.309705078125,0.04764748737215996,0.033597588539123535,-0.07024950534105301
1790341550288231400,9.3262314453125,0.012217304669320583,-0.01771509274840355,-0.09773843735456467
1790341550304682000,9.342681884765625,-0.048258353024721146,-0.025656340643763542,-0.1716531366109848
1790341550321158000,9.359157958984374,-0.06963863968849182,-0.04337143152952194,-0.15332718193531036
1790341550337610500,9.375610595703124,-0.04459316283464432,-0.08002334833145142,-0.16065755486488342
1790341550354059800,9.392059814453125,-0.1771509200334549,-0.03726277872920036,-0.16432274878025055
1790341550370527700,9.40852783203125,-0.21991148591041565,0.0354301854968071,-0.09468411654233932
1790341550386974200,9.42497412109375,-0.18814650177955627,-0.033597588539123535,-0.0708603709936142
1790341550403464200,9.441464111328125,-0.2376265823841095,0.00427605677396059,-0.08979719132184982
1790341550419913500,9.45791357421875,-0.20952677726745605,0.08307767659425735,0.02382374368607998
1790341550436364800,9.47436474609375,-0.07269296050071716,-0.019547687843441963,0.03298672288656235
1790341550452888800,9.490888916015624,-0.09651670604944229,0.03298672288656235,-0.009162978269159794
1790341550469359900,9.50735986328125,-0.02382374368607998,0.0354301854968071,0.03237585723400116
1790341550485864700,9.52386474609375,0.016493361443281174,-0.029932396486401558,-0.02932153269648552
1790341550502393300,9.540393310546875,-0.01160643994808197,0.012828170321881771,-0.10995574295520782
1790341550518836700,9.556836669921875,0.0403171069920063,-0.013439035043120384,-0.13377949595451355
1790341550535280600,9.57328076171875,0.01038470957428217,-0.03726277872920036,-0.2021963894367218
1790341550551760000,9.589759765625,0.04214970022439957,-0.001832595793530345,-0.18020524084568024
1790341550568205800,9.606205810546875,0.06108652427792549,-0.0507018156349659,-0.18631389737129211
1790341550584652800,9.62265283203125,0.007941247895359993,-0.04703662544488907,-0.13927727937698364
1790341550601043200,9.639043212890625,0.05314527451992035,-0.030543262138962746,-0.04459316283464432
1790341550617536500,9.65553662109375,0.07208210229873657,-0.07391469180583954,0.056810468435287476
1790341550633981400,9.6719814453125,0.06902777403593063,-0.022602014243602753,0.11850785464048386
1790341550650426000,9.688426025390624,0.09773843735456467,-0.031154127791523933,0.13744467496871948
1790341550666872600,9.70487255859375,0.13011430203914642,-0.006108652334660292,0.15393804013729095
1790341550683317200,9.721317138671875,0.17287486791610718,0.02932153269648552,0.19425514340400696
1790341550699794200,9.737794189453124,0.17837265133857727,-0.03176499158143997,0.1472185254096985
1790341550716240600,9.75424072265625,0.13927727937698364,-0.01710422709584236,0.13255776464939117
1790341550732687600,9.7706875,0.08491026610136032,0.021380282938480377,0.013439035043120384
1790341550749215700,9.7872158203125,0.060475658625364304,-0.021991148591041565,-0.014049900695681572
1790341550765702100,9.8037021484375,-0.04764748737215996,-0.001832595793530345,-0.0507018156349659
1790341550782198000,9.820197998046876,-0.048258353024721146,0.05619960278272629,-0.07513642311096191
1790341550798644700,9.836644775390624,-0.04764748737215996,-0.03726277872920036,-0.08979719132184982
1790341550815093000,9.853093017578125,-0.1062905490398407,0.04459316283464432,-0.10323622822761536
1790341550831544000,9.8695439453125,-0.08857546001672745,0.001832595793530345,-0.007941247895359993
1790341550848028700,9.886028564453126,-0.08307767659425735,0.018325956538319588,0.031154127791523933
1790341550864548900,9.902548828125,-0.0659734457731247,0.00427605677396059,0.060475658625364304
1790341550881012000,9.919011962890625,-0.013439035043120384,-0.0024434609804302454,0.08674286305904388
1790341550897518800,9.935518798828125,0.05619960278272629,-0.04886921867728233,0.08368854224681854
1790341550913991000,9.951990966796876,0.024434609338641167,-0.02687807008624077,-0.02932153269648552
1790341550930514700,9.9685146484375,0.04886921867728233,-0.009162978269159794,-0.051312681287527084
1790341550947039500,9.98503955078125,0.029932396486401558,-0.11178833991289139,-0.1014036312699318
1790341550963490800,10.00149072265625,-0.07024950534105301,-0.006719517521560192,-0.23579397797584534
1790341550979942000,10.01794189453125,-0.04092797264456749,-0.02321287989616394,-0.1563815027475357
1790341550996421400,10.03442138671875,-0.04948008432984352,-0.07269296050071716,-0.14416420459747314
1790341551012871700,10.05087158203125,-0.18814650177955627,-0.02015855349600315,-0.1007927656173706
1790341551029322200,10.067322265625,-0.20463985204696655,-0.01038470957428217,-0.08429940044879913
1790341551045772000,10.08377197265625,-0.27000242471694946,-0.045204028487205505,0.01466076634824276
1790341551062080800,10.100080810546874,-0.2816088795661926,0.04581489413976669,0.0861319974064827
1790341551078424300,10.11642431640625,-0.1918116807937622,-0.05864306539297104,0.054367005825042725
1790341551094871300,10.132871337890625,-0.21380282938480377,-0.01466076634824276,0.05864306539297104
1790341551111317800,10.14931787109375,-0.16982053220272064,0.029932396486401558,0.07819075137376785
1790341551127766000,10.16576611328125,-0.09224065393209457,-0.051312681287527084,-0.01160643994808197
1790341551144215300,10.18221533203125,-0.15027284622192383,0.02015855349600315,-0.10201449692249298
1790341551160663000,10.1986630859375,-0.1111774742603302,0.029932396486401558,-0.15271630883216858
1790341551177107700,10.215107666015625,-0.08857546001672745,-0.012217304669320583,-0.22602014243602753
1790341551193586200,10.231586181640624,-0.12400564551353455,-0.04581489413976669,-0.2370157092809677
1790341551210035200,10.24803515625,-0.20097467303276062,0.01710422709584236,-0.22540926933288574
1790341551226485200,10.2644853515625,-0.10995574295520782,0.03726277872920036,-0.08674286305904388
1790341551242961700,10.280961669921876,-0.10445795953273773,-0.04642575979232788,0.009773843921720982
1790341551259410200,10.29741015625,-0.1264491081237793,0.056810468435287476,0.08735372871160507
1790341551275859500,10.313859375,0.001832595793530345,0.0354301854968071,0.10506882518529892
1790341551292307200,10.33030712890625,-0.022602014243602753,0.009773843921720982,0.08674286305904388
1790341551308769000,10.34676904296875,0.01466076634824276,0.08002334833145142,0.08246681094169617
1790341551325218300,10.36321826171875,0.07696902006864548,0.03848451003432274,0.12400564551353455
1790341551341665500,10.37966552734375,0.03726277872920036,0.0555887371301651,0.02321287989616394
1790341551358153700,10.39615380859375,0.04153883829712868,0.03787364438176155,-0.031154127791523933
1790341551374644700,10.412644775390625,0.05803219974040985,0.006719517521560192,-0.03481931984424591
1790341551391150800,10.42915087890625,0.05864306539297104,0.00427605677396059,-0.09285151958465576
1790341551407594800,10.4455947265625,0.033597588539123535,-0.0354301854968071,-0.17470745742321014
1790341551424041000,10.462041015625,-0.02076941914856434,-0.03481931984424591,-0.16920967400074005
1790341551440522000,10.47852197265625,-0.04153883829712868,-0.06658431142568588,-0.18020524084568024
1790341551456972800,10.494972900390625,-0.02626720629632473,0.012828170321881771,-0.09957103431224823
1790341551473422300,10.51142236328125,-0.056810468435287476,-0.06902777403593063,-0.06169738993048668
1790341551489919000,10.5279189453125,-0.036651913076639175,0.04214970022439957,-0.04764748737215996
1790341551506403600,10.544403564453125,0.02871066704392433,-0.051312681287527084,0.09651670604944229
1790341551522883600,10.560883544921875,-0.021380282938480377,-0.018325956538319588,0.1111774742603302
1790341551539330600,10.57733056640625,-0.02321287989616394,0.01710422709584236,0.18570303916931152
1790341551555808800,10.593808837890625,0.08124507963657379,-0.03176499158143997,0.21441370248794556
1790341551572297000,10.610296875,0.06780604273080826,-0.00733038317412138,0.16432274878025055
1790341551588744700,10.62674462890625,0.024434609338641167,0.003054326167330146,0.1820378452539444
1790341551604204000,10.6422041015625,0.1264491081237793,0.048258353024721146,0.14049901068210602
1790341551620650500,10.658650390625,0.14233160018920898,-0.027488935738801956,0.0708603709936142
1790341551637140200,10.67514013671875,0.01160643994808197,0.03237585723400116,-0.04153883829712868
1790341551653616600,10.69161669921875,0.039706241339445114,0.03298672288656235,-0.11178833991289139
1790341551670060000,10.70806005859375,-0.04153883829712868,-0.03787364438176155,-0.17104226350784302
1790341551686474000,10.724473876953125,-0.09162978827953339,0.00366519158706069,-0.16065755486488342
1790341551702946000,10.740946044921875,0.00366519158706069,0.04581489413976669,-0.03726277872920036
1790341551719455000,10.757455078125,-0.006108652334660292,-0.09407325088977814,-0.036651913076639175
1790341551735934700,10.773934814453124,-0.07941248267889023,0.036041051149368286,0.0403171069920063
1790341551752388000,10.79038818359375,0.07757988572120667,-0.01038470957428217,0.13439035415649414
1790341551768835300,10.80683544921875,-0.01771509274840355,-0.0507018156349659,0.15821409225463867
1790341551785306400,10.823306396484375,-0.021991148591041565,0.03176499158143997,0.07696902006864548
1790341551801778700,10.83977880859375,0.11911872029304504,0.0012217304902151227,0.001832595793530345
1790341551818225200,10.85622509765625,0.02015855349600315,-0.0708603709936142,-0.003054326167330146
1790341551834712600,10.872712646484375,0.02932153269648552,0.06230825558304787,0.04214970022439957
1790341551851203800,10.889203857421874,0.056810468435287476,-0.02321287989616394,-0.04764748737215996
1790341551867663600,10.90566357421875,-0.01710422709584236,-0.05253441259264946,-0.10567969083786011
1790341551884110600,10.922110595703124,-0.04337143152952194,-0.01771509274840355,-0.0507018156349659
1790341551900591000,10.938591064453124,-0.005497787147760391,-0.03481931984424591,-0.10934487730264664
1790341551917038000,10.9550380859375,-0.07819075137376785,-0.031154127791523933,-0.14294247329235077
1790341551933580300,10.971580322265625,-0.06902777403593063,0.03481931984424591,-0.13255776464939117
1790341551950028800,10.98802880859375,-0.031154127791523933,-0.001832595793530345,-0.17043140530586243
1790341551966505700,11.004505615234375,-0.09529497474431992,0.03298672288656235,-0.08674286305904388
1790341551982981600,11.020981689453125,-0.07147123664617538,0.01466076634824276,0.04337143152952194
1790341551999454500,11.037454345703125,-0.0861319974064827,0.04092797264456749,0.1215621829032898
1790341552015930400,11.053930419921874,-0.036041051149368286,-0.0012217304902151227,0.11850785464048386
1790341552032382500,11.070382568359374,-0.06841690838336945,0.045204028487205505,0.14416420459747314
1790341552048828700,11.08682861328125,-0.00366519158706069,0.0555887371301651,0.22540926933288574
1790341552065243000,11.103242919921875,-0.031154127791523933,-0.0659734457731247,0.04886921867728233
1790341552081728800,11.119728759765625,-0.05009094998240471,0.08185594528913498,-0.012828170321881771
1790341552098188300,11.136188232421874,0.0806342139840126,-0.05253441259264946,-0.18081611394882202
1790341552114635500,11.152635498046875,-0.04948008432984352,-0.0354301854968071,-0.17959438264369965
1790341552131080400,11.16908056640625,0.04153883829712868,0.04703662544488907,-0.22968533635139465
1790341552147526400,11.1855263671875,0.05192354694008827,-0.05803219974040985,-0.18081611394882202
1790341552163973000,11.20197314453125,0.00427605677396059,0.0012217304902151227,-0.13500121235847473
1790341552180448800,11.21844873046875,0.033597588539123535,0.05925392732024193,-0.05864306539297104
1790341552196912000,11.234912109375,0.08491026610136032,-0.013439035043120384,0.09162978827953339
1790341552213359000,11.251359130859376,0.06352998316287994,0.0403171069920063,0.12095131725072861
1790341552229836000,11.2678359375,0.15271630883216858,0.05009094998240471,0.14538592100143433
1790341552246285000,11.28428515625,0.2278527319431305,-0.06658431142568588,0.10323622822761536
1790341552262734600,11.300734619140625,0.10934487730264664,0.03420845419168472,0.14294247329235077
1790341552279020500,11.3170205078125,0.16920967400074005,-0.03176499158143997,0.07391469180583954
1790341552295470600,11.333470703125,0.09285151958465576,-0.06414084881544113,0.016493361443281174
1790341552311936000,11.34993603515625,0.03848451003432274,0.02382374368607998,0.04581489413976669
1790341552328423200,11.366423095703125,0.08429940044879913,-0.05253441259264946,0.013439035043120384
1790341552344902100,11.382902099609375,0.02932153269648552,0.003054326167330146,0.00427605677396059
1790341552361393400,11.399393310546875,0.021991148591041565,0.030543262138962746,-0.09162978827953339
1790341552377867500,11.415867431640624,0.05803219974040985,0.019547687843441963,-0.025045474991202354
1790341552394369300,11.432369384765625,0.06291911751031876,0.012217304669320583,-0.06902777403593063
1790341552410858000,11.44885791015625,-0.018936822190880775,0.031154127791523933,-0.05192354694008827
1790341552427370200,11.465370361328125,0.01771509274840355,0.042760565876960754,0.04214970022439957
1790341552443836200,11.481836181640626,0.09346238523721695,0.042760565876960754,-0.015271631069481373
1790341552460326100,11.498326171875,-0.009162978269159794,0.02687807008624077,0.021380282938480377
1790341552476805400,11.514805419921874,0.04764748737215996,0.036041051149368286,0.11423180252313614
1790341552493257000,11.531257080078126,0.0861319974064827,-0.02382374368607998,0.09468411654233932
1790341552509734400,11.547734375,0.08185594528913498,-0.045204028487205505,0.07452555745840073
1790341552526180000,11.56418017578125,0.15821409225463867,-0.07269296050071716,0.07147123664617538
1790341552542656300,11.58065625,0.16554448008537292,-0.08124507963657379,0.005497787147760391
1790341552559103700,11.597103759765625,0.16371189057826996,-0.05192354694008827,-0.03787364438176155
1790341552575489500,11.613489501953126,0.192422553896904,-0.09407325088977814,-0.10995574295520782
1790341552591961600,11.629961669921874,0.1472185254096985,-0.02932153269648552,-0.11911872029304504
1790341552608341200,11.64634130859375,0.12278391420841217,-0.018325956538319588,-0.13439035415649414
1790341552624832000,11.66283203125,0.0806342139840126,-0.05619960278272629,-0.21502456068992615
1790341552641277200,11.679277099609376,0.009162978269159794,-0.009773843921720982,-0.17592918872833252
1790341552657725200,11.69572509765625,0.013439035043120384,-0.01038470957428217,-0.14782938361167908
1790341552674176800,11.7121767578125,-0.03848451003432274,-0.025656340643763542,-0.07819075137376785
1790341552690669600,11.728669677734375,-0.06719517707824707,0.025656340643763542,-0.012828170321881771
1790341552707175200,11.745175048828125,-0.025656340643763542,0.0659734457731247,0.03176499158143997
1790341552723684900,11.761684814453124,-0.09162978827953339,-0.009773843921720982,0.12217304855585098
1790341552740134000,11.7781337890625,-0.13500121235847473,0.09040805697441101,0.16859880089759827
1790341552756611800,11.79461181640625,-0.17348572611808777,-0.05314527451992035,-0.1618792861700058
1790341552773060600,11.811060546875,-0.2675589919090271,0.0403171069920063,-0.11362093687057495
1790341552789535700,11.82753564453125,-0.1368338167667389,-0.0012217304902151227,-0.0555887371301651
1790341552805982000,11.84398193359375,-0.15332718193531036,-0.05619960278272629,-0.14844025671482086
1790341552822429000,11.860428955078126,-0.19364428520202637,0.0959058403968811,-0.07452555745840073
1790341552838905900,11.87690576171875,-0.01771509274840355,-0.051312681287527084,-0.022602014243602753
1790341552855395300,11.893395263671875,0.018325956538319588,-0.04214970022439957,0.01710422709584236
1790341552871871500,11.90987158203125,0.07208210229873657,0.01038470957428217,-0.021991148591041565
1790341552888317400,11.9263173828125,0.14233160018920898,0.02932153269648552,0.10018189996480942
1790341552904762400,11.942762451171875,0.16554448008537292,0.03848451003432274,-0.07880161702632904
1790341552921256000,11.959255859375,0.2932153046131134,-0.18020524084568024,-0.24923302233219147
1790341552937702400,11.975702392578125,0.1362229436635971,0.11484266817569733,-0.10934487730264664
1790341552954119000,11.992118896484374,0.14966198801994324,0.01466076634824276,-0.01771509274840355
1790341552970594800,12.0085947265625,0.04581489413976669,-0.1661553531885147,-0.10995574295520782
1790341552987053000,12.025052978515625,-0.015271631069481373,0.16798794269561768,0.04337143152952194
1790341553003499800,12.041499755859375,-0.2376265823841095,0.03237585723400116,0.09346238523721695
1790341553019949000,12.057948974609374,-0.394008070230484,0.23884831368923187,0.16798794269561768
1790341553036401000,12.07440087890625,-0.14538592100143433,-0.015271631069481373,0.33047810196876526
1790341553052900600,12.090900634765624,-0.2217440903186798,0.24495697021484375,0.16798794269561768
1790341553069350400,12.107350341796876,-0.14294247329235077,-0.13805554807186127,0.11056660860776901
1790341553085800700,12.12380078125,-0.09285151958465576,-0.02382374368607998,-0.304210901260376
1790341553102252800,12.140252685546875,-0.11484266817569733,-0.08674286305904388,-0.3078760802745819
1790341553118658600,12.156658447265626,-0.04764748737215996,-0.0659734457731247,-0.3139847218990326
1790341553135080700,12.173080810546875,0.05192354694008827,-0.0861319974064827,-0.18875735998153687
1790341553151496200,12.18949609375,-0.003054326167330146,-0.22418753802776337,-0.21930062770843506
1790341553167961600,12.205961669921875,0.10995574295520782,0.04214970022439957,-0.14905111491680145
1790341553184411600,12.22241162109375,0.3439171314239502,-0.07452555745840073,-0.1508837193250656
1790341553200863700,12.23886376953125,0.34574973583221436,0.039095375686883926,-0.43737950921058655
1790341553217346000,12.255345947265624,0.4056145250797272,-0.1667662113904953,-0.4331034719944
1790341553233795300,12.27179541015625,0.4337143301963806,0.033597588539123535,-0.3017674386501312
1790341553250244000,12.288244140625,0.2981022298336029,0.021991148591041565,-0.16859880089759827
1790341553266696000,12.304696044921876,0.19547687470912933,-0.23518311977386475,-0.2742784917354584
1790341553283095800,12.321095703125,-0.242513507604599,0.3885102868080139,-0.12828169763088226
1790341553299544000,12.3375439453125,0.00855211354792118,0.15393804013729095,-0.10751228034496307
1790341553315989500,12.353989501953125,-0.3738495409488678,-0.4043927788734436,0.018936822190880775
1790341553332434400,12.370434326171875,-0.8069530129432678,0.3188716471195221,0.4349360466003418
1790341553348878600,12.386878662109375,-0.3903428912162781,0.5894849896430969,0.5687155723571777
1790341553365327600,12.40332763671875,-0.403781920671463,-0.23457226157188416,0.3072652220726013
1790341553381775000,12.419775146484374,-0.455705463886261,0.34208452701568604,0.0959058403968811
1790341553398222300,12.436222412109375,-0.10873401165008545,-0.16371189057826996,0.04337143152952194
1790341553414682400,12.452682373046875,-0.10873401165008545,-0.06108652427792549,-0.27061331272125244
1790341553431127000,12.469126953125,0.11056660860776901,0.16798794269561768,-0.3695734739303589
1790341553447571500,12.485571533203125,0.09468411654233932,-0.048258353024721146,-0.5265658497810364
1790341553464048000,12.502048095703126,0.1973094791173935,0.0354301854968071,-0.251676470041275
1790341553480494800,12.518494873046874,0.33719760179519653,-0.039095375686883926,0.0012217304902151227
1790341553496942600,12.534942626953125,0.39767327904701233,-0.0024434609804302454,0.22540926933288574
1790341553513388800,12.551388916015625,0.4703662395477295,0.031154127791523933,0.4954117238521576
1790341553529832200,12.567832275390625,0.5002986192703247,0.07269296050071716,0.5393940210342407
1790341553546275000,12.584275146484375,0.4141666293144226,-0.08307767659425735,0.4349360466003418
1790341553562718000,12.600718017578124,0.26022860407829285,0.05864306539297104,0.2474004179239273
1790341553579121400,12.617121337890625,0.22846360504627228,0.10018189996480942,0.1160643994808197
1790341553595566600,12.633566650390625,0.10506882518529892,0.01160643994808197,-0.03298672288656235
1790341553612025600,12.650025634765624,-0.07208210229873657,0.07880161702632904,-0.08246681094169617
1790341553628473300,12.666473388671875,-0.12889257073402405,0.07208210229873657,0.04703662544488907
1790341553644921600,12.682921630859376,-0.17959438264369965,0.03726277872920036,0.2174680233001709
1790341553661398800,12.699398681640625,-0.22052235901355743,-0.013439035043120384,0.35613444447517395
1790341553677843000,12.715843017578125,-0.3640756905078888,0.09529497474431992,0.4593706727027893
1790341553694287000,12.732287109375,-0.2370157092809677,0.06169738993048668,0.4153883755207062
1790341553710762800,12.7487626953125,-0.08552113175392151,0.02076941914856434,0.3439171314239502
1790341553727210000,12.7652099609375,0.06230825558304787,0.1270599663257599,0.2687807083129883
1790341553743658000,12.781657958984376,0.1466076523065567,0.13316862285137177,0.12095131725072861
1790341553760106200,12.798106201171874,0.18875735998153687,-0.06780604273080826,-0.04948008432984352
1790341553776554200,12.81455419921875,0.21013765037059784,0.048258353024721146,-0.19853121042251587
1790341553793003800,12.831003662109374,0.2993239760398865,-0.0354301854968071,-0.2119702398777008
1790341553809448200,12.8474482421875,0.3323107063770294,-0.09957103431224823,-0.2779437005519867
1790341553825896400,12.863896484375,0.23457226157188416,-0.054367005825042725,-0.2834414839744568
1790341553842343200,12.88034326171875,0.21380282938480377,-0.06780604273080826,-0.27977627515792847
1790341553858793000,12.89679296875,0.12828169763088226,-0.11667526513338089,-0.20830504596233368
1790341553875239000,12.913239013671875,0.05009094998240471,-0.0354301854968071,-0.08857546001672745
1790341553891686700,12.929686767578126,-0.012828170321881771,-0.11484266817569733,-0.10445795953273773
1790341553908163800,12.946163818359375,-0.12034045159816742,-0.11789698898792267,-0.0354301854968071
1790341553924610300,12.9626103515625,-0.1417207419872284,-0.05314527451992035,0.009773843921720982
1790341553941056300,12.97905615234375,-0.3023782968521118,-0.08918632566928864,0.04948008432984352
1790341553957464800,12.99546484375,-0.3683517575263977,0.00427605677396059,0.019547687843441963
1790341553973913900,13.011913818359375,-0.2577851414680481,-0.02932153269648552,0.02932153269648552
1790341553990363100,13.028363037109376,-0.3072652220726013,-0.04337143152952194,-0.02015855349600315
1790341554006811000,13.044810791015625,-0.33108896017074585,0.11301007121801376,-0.027488935738801956
1790341554023257900,13.0612578125,-0.20891591906547546,0.01466076634824276,-0.1459967941045761
1790341554039704300,13.077704345703125,-0.22846360504627228,0.004886921960860491,-0.2571742534637451
1790341554056116500,13.094116455078124,-0.1820378452539444,0.06841690838336945,-0.3090978264808655
1790341554072532500,13.110532470703125,-0.08429940044879913,-0.0757472887635231,-0.36224308609962463
1790341554088910000,13.12691015625,-0.14844025671482086,-0.08857546001672745,-0.4050036668777466
1790341554105359000,13.143359130859375,-0.1569923609495163,-0.06658431142568588,-0.32986724376678467
1790341554121805800,13.159805908203126,-0.0861319974064827,-0.07880161702632904,-0.25595253705978394
1790341554138252800,13.176252685546874,-0.056810468435287476,-0.1362229436635971,-0.26022860407829285
1790341554154722600,13.19272265625,0.015882495790719986,-0.045204028487205505,-0.19547687470912933
1790341554171170600,13.209170654296875,0.060475658625364304,-0.08979719132184982,-0.16004669666290283
1790341554187623000,13.225622802734375,0.01038470957428217,-0.04886921867728233,-0.0757472887635231
1790341554204155100,13.242155029296875,0.11911872029304504,-0.02626720629632473,0.00427605677396059
1790341554220602000,13.25860205078125,0.19792033731937408,0.0024434609804302454,0.07757988572120667
1790341554237049900,13.2750498046875,0.32070425152778625,0.07757988572120667,0.12034045159816742
1790341554253495300,13.291495361328124,0.37201693654060364,-0.003054326167330146,0.07819075137376785
1790341554269942000,13.30794189453125,0.2669481039047241,0.01710422709584236,0.015271631069481373
1790341554286324500,13.324324462890624,0.21807889640331268,-0.02626720629632473,-0.006719517521560192
1790341554302770400,13.3407705078125,0.14905111491680145,0.00733038317412138,0.021991148591041565
1790341554319216400,13.35721630859375,0.10445795953273773,-0.08368854224681854,-0.036041051149368286
1790341554335685000,13.37368505859375,0.09529497474431992,-0.010995574295520782,-0.051312681287527084
1790341554352173600,13.390173583984375,0.0354301854968071,-0.0024434609804302454,0.09529497474431992
1790341554368634600,13.406634521484374,0.05009094998240471,-0.02687807008624077,0.09773843735456467
1790341554385077200,13.4230771484375,0.08246681094169617,-0.02871066704392433,0.056810468435287476
1790341554401545200,13.439545166015625,0.11362093687057495,-0.06414084881544113,0.0959058403968811
1790341554417986300,13.455986328125,0.17531833052635193,-0.05803219974040985,0.09896016865968704
1790341554434431200,13.47243115234375,0.19608774781227112,-0.012828170321881771,0.04092797264456749
1790341554450900500,13.488900390625,0.21319197118282318,-0.006719517521560192,-0.018325956538319588
1790341554467341000,13.505341064453125,0.21991148591041565,-0.10384709388017654,-0.09040805697441101
1790341554483780900,13.52178076171875,0.26083946228027344,-0.07269296050071716,-0.13011430203914642
1790341554500222200,13.53822216796875,0.2889392673969269,-0.056810468435287476,-0.02932153269648552
1790341554516667600,13.554667724609375,0.32131510972976685,-0.03848451003432274,-0.021380282938480377
1790341554533114000,13.571114013671876,0.39584067463874817,-0.11239920556545258,-0.09407325088977814
1790341554549559000,13.58755908203125,0.5754350423812866,-0.2021963894367218,-0.11178833991289139
1790341554566007000,13.604007080078125,0.8539896011352539,-0.24007004499435425,0.039095375686883926
1790341554582455600,13.62045556640625,1.017701506614685,-0.14416420459747314,0.09346238523721695
1790341554598902500,13.636902587890624,1.0018190145492554,-0.12339477986097336,0.08735372871160507
1790341554615351300,13.653351318359375,0.7922922372817993,-0.05375614017248154,0.02382374368607998
1790341554631777000,13.669777099609375,0.4746423065662384,-0.036041051149368286,0.03298672288656235
1790341554648246300,13.686246337890625,0.17287486791610718,0.10812314599752426,0.08368854224681854
1790341554664689400,13.702689453125,-0.06536258012056351,-0.021991148591041565,0.1062905490398407
1790341554681131300,13.71913134765625,-0.07208210229873657,-0.04703662544488907,0.06475171446800232
1790341554697604600,13.7356044921875,-0.06230825558304787,-0.11239920556545258,-0.0006108652451075613
1790341554714067000,13.75206689453125,-0.04764748737215996,-0.14233160018920898,0.05497787147760391
1790341554730549200,13.76854931640625,-0.08246681094169617,-0.04337143152952194,0.10201449692249298
1790341554746998800,13.784998779296876,-0.13011430203914642,-0.039095375686883926,0.05009094998240471
1790341554763476500,13.8014765625,-0.15454891324043274,-0.03420845419168472,0.028099801391363144
1790341554779924000,13.817924072265624,-0.17531833052635193,0.0403171069920063,0.054367005825042725
1790341554796378400,13.83437841796875,-0.14782938361167908,0.00855211354792118,0.1111774742603302
1790341554812857600,13.850857666015624,-0.09896016865968704,0.027488935738801956,0.18814650177955627
1790341554829305300,13.867305419921875,-0.048258353024721146,0.10018189996480942,0.2785545587539673
1790341554845783000,13.883782958984375,-0.04092797264456749,0.20097467303276062,0.37201693654060364
1790341554862232300,13.900232421875,-0.05803219974040985,0.0659734457731247,0.5155702829360962
1790341554878678500,13.916678466796874,-0.033597588539123535,0.05925392732024193,0.5962044596672058
1790341554895148800,13.933148681640626,0.02932153269648552,0.32498031854629517,0.5833762884140015
1790341554911596800,13.9495966796875,0.04398229718208313,0.0959058403968811,0.4349360466003418
1790341554928072700,13.96607275390625,-0.0354301854968071,-0.22418753802776337,0.0708603709936142
1790341554944546800,13.982546875,-0.005497787147760391,-0.04886921867728233,-0.252287358045578
1790341554960970800,13.998970703125,0.03481931984424591,0.030543262138962746,-0.4043927788734436
1790341554977380400,14.01538037109375,0.0555887371301651,-0.06780604273080826,-0.3433062732219696
1790341554993827300,14.031827392578125,0.01710422709584236,0.04337143152952194,-0.21074850857257843
1790341555010305500,14.048305419921874,-0.02076941914856434,0.039095375686883926,-0.051312681287527084
1790341555026803000,14.064802978515624,-0.009773843921720982,0.003054326167330146,0.04764748737215996
1790341555043288600,14.08128857421875,0.02382374368607998,0,0.08429940044879913
1790341555059701800,14.09770166015625,-0.036651913076639175,0.03237585723400116,-0.08246681094169617
1790341555076169700,14.114169677734376,-0.015882495790719986,0.024434609338641167,-0.11362093687057495
1790341555092646700,14.130646728515625,-0.04153883829712868,-0.1111774742603302,-0.2535090744495392
1790341555109092900,14.1470927734375,-0.02321287989616394,0.08307767659425735,-0.08002334833145142
1790341555125542400,14.16354248046875,-0.009162978269159794,0.0659734457731247,-0.001832595793530345
1790341555142052600,14.180052490234376,-0.01160643994808197,-0.13439035415649414,0.20525072515010834
1790341555158497800,14.196497802734376,0.02626720629632473,0.08307767659425735,0.3640756905078888
1790341555174944500,14.212944580078124,0.05009094998240471,-0.14477506279945374,0.5180137157440186
1790341555191419600,14.229419677734375,-0.02321287989616394,-0.01466076634824276,0.5943718552589417
1790341555207865000,14.245864990234375,-0.04214970022439957,0.0354301854968071,0.6316346526145935
1790341555224309800,14.262309814453126,0.0024434609804302454,-0.21807889640331268,0.6572909951210022
1790341555240754000,14.27875390625,0.022602014243602753,0.054367005825042725,0.6230825781822205
1790341555257203000,14.295202880859375,0.04153883829712868,-0.02382374368607998,0.5387831330299377
1790341555273652000,14.31165185546875,0.019547687843441963,-0.12400564551353455,0.44165557622909546
1790341555290105300,14.328105224609375,-0.01160643994808197,0.015271631069481373,0.32070425152778625
1790341555306495500,14.34449560546875,-0.02321287989616394,-0.0354301854968071,0.16920967400074005
1790341555322944000,14.360944091796876,-0.014049900695681572,0.04764748737215996,0.08857546001672745
1790341555339435000,14.37743505859375,0.012217304669320583,-0.03726277872920036,-0.013439035043120384
1790341555355931600,14.393931640625,0.015882495790719986,0.051312681287527084,-0.08735372871160507
1790341555372375300,14.410375244140624,-0.018936822190880775,0.03787364438176155,-0.10323622822761536
1790341555388877800,14.4268779296875,-0.029932396486401558,-0.0024434609804302454,-0.0959058403968811
1790341555405347600,14.44334765625,-0.0024434609804302454,-0.05253441259264946,-0.05619960278272629
1790341555421848300,14.459848388671874,-0.007941247895359993,0.08979719132184982,-0.036041051149368286
1790341555438372000,14.4763720703125,-0.0012217304902151227,-0.06414084881544113,-0.004886921960860491
1790341555454814000,14.49281396484375,-0.01038470957428217,-0.09712757170200348,-0.01160643994808197
1790341555471301600,14.509301513671875,0.007941247895359993,0.0861319974064827,-0.10323622822761536
1790341555487743000,14.525742919921875,0.06902777403593063,-0.09162978827953339,-0.2981022298336029
1790341555504186400,14.542186279296875,0.07757988572120667,0.07941248267889023,-0.4795292317867279
1790341555520633000,14.558633056640625,0.06719517707824707,0.13011430203914642,-0.6120869517326355
1790341555537085000,14.5750849609375,0.048258353024721146,0.010995574295520782,-0.7061602473258972
1790341555553532700,14.59153271484375,0.018325956538319588,-0.06352998316287994,-0.7232644557952881
1790341555569981200,14.607981201171874,0.010995574295520782,-0.02015855349600315,-0.7312057018280029
1790341555586484200,14.624484130859376,0.013439035043120384,-0.022602014243602753,-0.645684540271759
1790341555602969300,14.64096923828125,0.012217304669320583,-0.02382374368607998,-0.49235737323760986
1790341555619413000,14.6574130859375,0.02015855349600315,-0.0959058403968811,-0.3494149148464203
1790341555635867100,14.6738671875,0.012217304669320583,-0.08002334833145142,-0.17776179313659668
1790341555652309500,14.6903095703125,0.01710422709584236,-0.08124507963657379,-0.0507018156349659
1790341555668809200,14.706809326171875,0.04153883829712868,-0.08185594528913498,0.02687807008624077
1790341555685332000,14.72333203125,0.07024950534105301,0.018325956538319588,0.06414084881544113
1790341555701778700,14.73977880859375,0.08552113175392151,0.04642575979232788,0.09224065393209457
1790341555718225700,14.7562255859375,0.07513642311096191,0.11911872029304504,-0.00427605677396059
1790341555734670600,14.772670654296874,0.11423180252313614,0.08735372871160507,-0.25534167885780334
1790341555751116800,14.78911669921875,0.1362229436635971,-0.07635815441608429,-0.403781920671463
1790341555767561500,14.8055615234375,0.192422553896904,-0.11911872029304504,-0.43249258399009705
1790341555784010500,14.822010498046875,0.22846360504627228,-0.08796459436416626,-0.42577308416366577
1790341555800456700,14.838456787109376,0.19058994948863983,0.01038470957428217,-0.37140607833862305
1790341555816906800,14.85490673828125,0.10751228034496307,0.09773843735456467,-0.33047810196876526
1790341555833356800,14.871356689453124,-0.029932396486401558,0.13561208546161652,-0.2583959996700287
1790341555849806000,14.88780615234375,-0.2724458873271942,0.10995574295520782,-0.1215621829032898
1790341555866251000,14.9042509765625,-0.4660901725292206,0.04459316283464432,-0.021991148591041565
1790341555882722300,14.920722412109376,-0.5760459303855896,0.08002334833145142,0.11362093687057495
1790341555899169000,14.9371689453125,-0.616973876953125,0.06658431142568588,0.17959438264369965
1790341555915613400,14.953613525390624,-0.6139195561408997,0.07452555745840073,0.21319197118282318
1790341555932087000,14.970087158203125,-0.494189977645874,0.01771509274840355,0.24862214922904968
1790341555948530700,14.98653076171875,-0.22052235901355743,0.06658431142568588,0.2919935882091522
1790341555964976400,15.002976318359375,0.07757988572120667,-0.05864306539297104,0.27122417092323303
1790341555981259300,15.01925927734375,-0.001832595793530345,-0.015882495790719986,0.21013765037059784
1790341555997707500,15.03570751953125,-0.0006108652451075613,0.00733038317412138,0.13561208546161652
1790341556014176800,15.0521767578125,-0.0024434609804302454,-0.05497787147760391,0.05619960278272629
1790341556030661400,15.068661376953125,0.01160643994808197,-0.009162978269159794,-0.02687807008624077
1790341556047149300,15.0851494140625,0.019547687843441963,-0.02076941914856434,0.03298672288656235
1790341556063580000,15.101579833984376,-0.014049900695681572,0.03420845419168472,0.003054326167330146
1790341556080050000,15.1180498046875,-0.00427605677396059,-0.10751228034496307,0.01038470957428217
1790341556096494600,15.13449462890625,-0.02382374368607998,0.007941247895359993,-0.03237585723400116
1790341556113514200,15.15151416015625,-0.00733038317412138,-0.022602014243602753,-0.0354301854968071
1790341556129374000,15.1673740234375,0.04948008432984352,0.09834930300712585,-0.02015855349600315
1790341556145821400,15.183821533203124,-0.06291911751031876,0.1612684279680252,-0.03420845419168472
1790341556162302000,15.200302001953125,0.07269296050071716,0.06719517707824707,0.04642575979232788
1790341556178779600,15.216779541015624,-0.06475171446800232,-0.13011430203914642,0.03787364438176155
1790341556195227000,15.233226806640625,0.018325956538319588,0.3139847218990326,0.12095131725072861
1790341556211702800,15.249702880859376,-0.014049900695681572,-0.5406157374382019,0.060475658625364304
1790341556228154000,15.266154052734375,0.08246681094169617,0.009162978269159794,-0.17531833052635193
1790341556244634400,15.28263427734375,-0.04948008432984352,0.2583959996700287,-0.06841690838336945
1790341556261083000,15.299082763671874,-0.04642575979232788,-0.3090978264808655,-0.06352998316287994
1790341556277536800,15.315536865234375,0.02626720629632473,-0.0959058403968811,0.016493361443281174
1790341556294010600,15.3320107421875,-0.016493361443281174,0.10323622822761536,-0.11911872029304504
1790341556310456800,15.348456787109376,-0.0024434609804302454,0.08674286305904388,-0.04214970022439957
1790341556326918100,15.364918212890625,-0.07452555745840073,-0.3072652220726013,-0.2217440903186798
1790341556343365600,15.38136572265625,0.048258353024721146,0.036041051149368286,-0.10995574295520782
1790341556359814400,15.397814453125,-0.059864792972803116,0.08246681094169617,-0.054367005825042725
1790341556376280300,15.4142802734375,0.022602014243602753,-0.1111774742603302,-0.05375614017248154
1790341556392730000,15.430730224609375,-0.039706241339445114,0.2015855312347412,-0.00855211354792118
1790341556409194500,15.447194580078126,-0.025045474991202354,-0.1569923609495163,-0.08491026610136032
1790341556425671400,15.46367138671875,0.021991148591041565,-0.01710422709584236,-0.20341812074184418
1790341556442120400,15.480120361328124,0.00733038317412138,0.1472185254096985,-0.22479841113090515
1790341556458569500,15.496569580078125,-0.009773843921720982,0.19853121042251587,-0.07330382615327835
1790341556475012600,15.5130126953125,-0.03420845419168472,0.0555887371301651,0.11178833991289139
1790341556491462100,15.529462158203126,-0.007941247895359993,-0.3078760802745819,0.11850785464048386
1790341556507909400,15.545909423828125,0.0659734457731247,-0.10506882518529892,0.21441370248794556
1790341556524365300,15.562365234375,0.036651913076639175,-0.03848451003432274,-0.004886921960860491
1790341556540863500,15.578863525390625,-0.07391469180583954,0.4331034719944,-0.34758231043815613
1790341556557313500,15.5953134765625,-0.1814269721508026,-0.6695083379745483,-0.48197266459465027
1790341556573792300,15.611792236328125,0.1160643994808197,0.47769662737846375,-0.1014036312699318
1790341556590206200,15.628206298828125,-0.08124507963657379,0.3897320330142975,0.03237585723400116
1790341556606617000,15.6446171875,0.02321287989616394,-0.5277875661849976,0.2773328125476837
1790341556623083000,15.6610830078125,0.024434609338641167,-0.025045474991202354,0.26939156651496887
1790341556639535000,15.67753515625,-0.03787364438176155,0.3396410644054413,0.16920967400074005
1790341556655918000,15.69391796875,0.02382374368607998,-0.17898350954055786,0.11056660860776901
1790341556672396300,15.710396240234376,0.018325956538319588,-0.07635815441608429,-0.042760565876960754
1790341556688861400,15.726861328125,0,0.1472185254096985,-0.04092797264456749
1790341556705366500,15.743366455078124,-0.012828170321881771,-0.04398229718208313,0.02321287989616394
1790341556721831400,15.75983154296875,0.007941247895359993,-0.036041051149368286,0.1215621829032898
1790341556738277600,15.776277587890625,-0.007941247895359993,-0.00427605677396059,0.15393804013729095
1790341556754722000,15.79272216796875,0.009773843921720982,-0.04764748737215996,0.12767083942890167
1790341556771170600,15.809170654296874,0.007941247895359993,0.05314527451992035,0.0555887371301651
1790341556787691000,15.82569091796875,-0.015882495790719986,0.03481931984424591,-0.006719517521560192
1790341556804179700,15.8421796875,0.00733038317412138,-0.056810468435287476,-0.009773843921720982
1790341556820649000,15.85864892578125,0.006108652334660292,-0.0024434609804302454,0.027488935738801956
1790341556837143300,15.875143310546875,-0.01771509274840355,0.012828170321881771,0.05009094998240471
1790341556853612500,15.891612548828125,0.014049900695681572,-0.028099801391363144,0.0659734457731247
1790341556870111000,15.908111083984375,0.001832595793530345,0.004886921960860491,0.04459316283464432
1790341556886599200,15.92459912109375,-0.007941247895359993,0.024434609338641167,0.0024434609804302454
1790341556903065300,15.9410654296875,0.01466076634824276,-0.025045474991202354,-0.00855211354792118
1790341556919590000,15.95758984375,-0.005497787147760391,0.024434609338641167,-0.009162978269159794
1790341556936069600,15.974069580078124,-0.003054326167330146,-0.028099801391363144,-0.00366519158706069
1790341556952523300,15.990523193359374,0.009162978269159794,0.02076941914856434,0.012828170321881771
1790341556969011200,16.00701123046875,-0.013439035043120384,0.07024950534105301,-0.014049900695681572
1790341556985539600,16.02353955078125,0.00855211354792118,-0.04092797264456749,-0.015882495790719986
1790341557002036000,16.040035888671873,-0.01466076634824276,0.012828170321881771,-0.03726277872920036
1790341557018520000,16.05652001953125,-0.012217304669320583,-0.06719517707824707,-0.04459316283464432
1790341557035003600,16.073003662109375,0.005497787147760391,-0.056810468435287476,-0.013439035043120384
1790341557051490800,16.08949072265625,-0.005497787147760391,-0.05192354694008827,-0.009773843921720982
1790341557067925000,16.105925048828126,-0.007941247895359993,-0.039706241339445114,-0.019547687843441963
1790341557084344000,16.122343994140625,0.018936822190880775,-0.029932396486401558,-0.02687807008624077
1790341557100874200,16.138874267578124,0.00855211354792118,0.013439035043120384,-0.029932396486401558
1790341557117388300,16.15538818359375,-0.0012217304902151227,0.05742133408784866,-0.03420845419168472
1790341557133877500,16.17187744140625,0.007941247895359993,-0.06291911751031876,-0.005497787147760391
1790341557150379000,16.18837890625,-0.00366519158706069,0.033597588539123535,-0.036041051149368286
1790341557166905000,16.204905029296874,0.018325956538319588,-0.018936822190880775,-0.005497787147760391
1790341557183383800,16.2213837890625,-0.004886921960860491,0.05253441259264946,-0.02076941914856434
1790341557199870700,16.23787060546875,0.009773843921720982,0.04459316283464432,-0.033597588539123535
1790341557216358100,16.254358154296874,-0.009162978269159794,-0.006719517521560192,-0.03176499158143997
1790341557232858600,16.270858642578126,0.007941247895359993,-0.0012217304902151227,0.009162978269159794
1790341557249353000,16.28735302734375,-0.009162978269159794,-0.07757988572120667,-0.02321287989616394
1790341557265838800,16.3038388671875,0.01038470957428217,-0.005497787147760391,-0.031154127791523933
1790341557282323500,16.320323486328125,0.009162978269159794,0.01038470957428217,0.005497787147760391
1790341557298809000,16.33680908203125,-0.019547687843441963,-0.05009094998240471,-0.05009094998240471
1790341557315323400,16.353323486328126,0.015271631069481373,0.0006108652451075613,0.04886921867728233
1790341557331863000,16.369863037109376,-0.02015855349600315,-0.009773843921720982,0.031154127791523933
1790341557348339500,16.38633935546875,0.04398229718208313,-0.19853121042251587,0.027488935738801956
1790341557364829000,16.402828857421873,-0.025045474991202354,0.10262536257505417,-0.004886921960860491
1790341557381291500,16.41929150390625,-0.0006108652451075613,-0.015271631069481373,-0.07024950534105301
1790341557397793300,16.435793212890626,0.009773843921720982,-0.13561208546161652,-0.001832595793530345
1790341557414278700,16.452278564453124,-0.03176499158143997,0.09224065393209457,-0.009162978269159794
1790341557430729500,16.4687294921875,0.024434609338641167,-0.14355333149433136,0.02321287989616394
1790341557447174700,16.485174560546874,-0.012828170321881771,0.021991148591041565,-0.0024434609804302454
1790341557463654700,16.501654541015625,0.012217304669320583,0.05742133408784866,-0.042760565876960754
1790341557480156700,16.51815673828125,0,-0.00366519158706069,0.001832595793530345
1790341557496651300,16.5346513671875,-0.024434609338641167,-0.06536258012056351,-0.033597588539123535
1790341557513115100,16.551115234375,0.027488935738801956,-0.022602014243602753,-0.00733038317412138
1790341557529634000,16.567634033203124,-0.01466076634824276,-0.01038470957428217,-0.018936822190880775
1790341557546097700,16.58409765625,0.007941247895359993,0.007941247895359993,-0.012217304669320583
1790341557562602000,16.60060205078125,-0.015271631069481373,0.01160643994808197,-0.012217304669320583
1790341557579099100,16.61709912109375,0.015271631069481373,-0.16004669666290283,-0.006108652334660292
1790341557595584300,16.633584228515623,0.006108652334660292,0.015882495790719986,0.014049900695681572
1790341557612156200,16.65015625,-0.005497787147760391,0.039095375686883926,-0.012828170321881771
1790341557628646000,16.66664599609375,0.0006108652451075613,-0.03848451003432274,0.025656340643763542
1790341557645150700,16.683150634765624,0.005497787147760391,-0.05009094998240471,-0.00427605677396059
1790341557661626000,16.699626220703124,-0.001832595793530345,0.06963863968849182,-0.022602014243602753
1790341557678092800,16.7160927734375,0.007941247895359993,0.02932153269648552,-0.04398229718208313
1790341557694583800,16.732583740234375,-0.018325956538319588,0.08246681094169617,-0.015882495790719986
1790341557711072500,16.749072509765625,0.01710422709584236,-0.16798794269561768,0.03481931984424591
1790341557727563000,16.76556298828125,-0.02015855349600315,0.06719517707824707,0.06841690838336945
1790341557744058400,16.782058349609375,0.013439035043120384,-0.10445795953273773,0.019547687843441963
1790341557760540400,16.79854052734375,0.006108652334660292,-0.006108652334660292,-0.00427605677396059
1790341557777061400,16.815061279296874,-0.01038470957428217,-0.018936822190880775,-0.0659734457731247
1790341557793548800,16.831548828125,0.025656340643763542,-0.015882495790719986,0.0006108652451075613
1790341557810051300,16.84805126953125,-0.012217304669320583,0.05497787147760391,-0.00366519158706069
1790341557826509600,16.864509521484376,0.022602014243602753,0,0.0507018156349659
1790341557842988500,16.880988525390624,-0.022602014243602753,0.029932396486401558,-0.010995574295520782
1790341557859532300,16.8975322265625,0.025045474991202354,-0.06169738993048668,0.015271631069481373
1790341557876015900,16.914015869140623,-0.004886921960860491,-0.018936822190880775,-0.01771509274840355
1790341557892482300,16.930482421875,0.009773843921720982,0.03848451003432274,0.01160643994808197
1790341557909004000,16.947004150390626,0.00855211354792118,0.003054326167330146,0.00733038317412138
1790341557925479400,16.9634794921875,-0.019547687843441963,0.05253441259264946,-0.01771509274840355
1790341557941961000,16.9799609375,0,-0.0403171069920063,0.01466076634824276
1790341557958443300,16.996443359375,-0.009162978269159794,-0.09529497474431992,0.031154127791523933
1790341557974895900,17.012895751953124,-0.003054326167330146,-0.08307767659425735,-0.02382374368607998
1790341557991387400,17.029387451171875,0.015882495790719986,-0.018936822190880775,-0.007941247895359993
1790341558007873800,17.045873779296876,-0.005497787147760391,0.03420845419168472,-0.013439035043120384
1790341558024394800,17.062394775390626,0.00366519158706069,0.0012217304902151227,-0.01038470957428217
1790341558040881700,17.078881591796875,-0.001832595793530345,-0.03726277872920036,-0.007941247895359993
1790341558057348000,17.09534814453125,-0.015882495790719986,0.02626720629632473,0.0006108652451075613
1790341558073839600,17.111839599609375,0.010995574295520782,-0.07452555745840073,-0.004886921960860491
1790341558090257400,17.12825732421875,0.001832595793530345,0.04337143152952194,-0.0024434609804302454
1790341558106840800,17.1448408203125,-0.00366519158706069,-0.005497787147760391,-0.016493361443281174
1790341558123326700,17.16132666015625,0.001832595793530345,0.012217304669320583,-0.0012217304902151227
1790341558139827500,17.177827392578124,0.0006108652451075613,0.01771509274840355,0.024434609338641167
1790341558156354300,17.194354248046874,-0.02076941914856434,-0.033597588539123535,0.01038470957428217
1790341558172835800,17.2108359375,0.012217304669320583,-0.12889257073402405,-0.005497787147760391
1790341558189312000,17.22731201171875,-0.003054326167330146,-0.00427605677396059,-0.010995574295520782
1790341558205797600,17.243797607421875,0.00366519158706069,0.02687807008624077,0.006719517521560192
1790341558222262800,17.2602626953125,-0.0024434609804302454,-0.021380282938480377,0.00427605677396059
1790341558238719500,17.276719482421875,0.0012217304902151227,-0.012828170321881771,-0.009162978269159794
1790341558255202800,17.293202880859376,-0.0012217304902151227,-0.019547687843441963,0.03481931984424591
1790341558271723500,17.3097236328125,-0.0006108652451075613,-0.00427605677396059,0.014049900695681572
1790341558288212700,17.326212646484375,0.0024434609804302454,0.0555887371301651,-0.003054326167330146
1790341558304712700,17.342712646484376,-0.009162978269159794,0.0024434609804302454,-0.016493361443281174
1790341558321167600,17.359167724609375,-0.0012217304902151227,-0.018325956538319588,0.003054326167330146
1790341558337683200,17.37568310546875,-0.0006108652451075613,-0.059864792972803116,-0.0006108652451075613
1790341558354193400,17.392193359375,0.01038470957428217,-0.02382374368607998,0.013439035043120384
1790341558370684200,17.40868408203125,0.0012217304902151227,0.01466076634824276,0.01466076634824276
1790341558387186000,17.42518603515625,-0.00366519158706069,0.02076941914856434,-0.013439035043120384
1790341558403674600,17.441674560546875,0.009162978269159794,0.0024434609804302454,0.015882495790719986
1790341558420153000,17.458153076171875,-0.009773843921720982,0.045204028487205505,-0.019547687843441963
1790341558436672500,17.474672607421876,0.004886921960860491,0.07880161702632904,0.02687807008624077
1790341558453160700,17.49116064453125,-0.00855211354792118,-0.02932153269648552,0.02687807008624077
1790341558469661200,17.5076611328125,-0.00366519158706069,0.04948008432984352,0.018325956538319588
1790341558486121700,17.524121826171875,0.004886921960860491,-0.016493361443281174,0.012828170321881771
1790341558502605300,17.540605224609376,-0.01160643994808197,0.00366519158706069,-0.00855211354792118
1790341558519108000,17.557108154296873,0.004886921960860491,-0.07696902006864548,0.02871066704392433
1790341558535594500,17.573594482421875,-0.018936822190880775,0.01710422709584236,-0.001832595793530345
1790341558552063500,17.5900634765625,0.027488935738801956,-0.003054326167330146,0.015271631069481373
1790341558568524800,17.60652490234375,-0.018936822190880775,0.059864792972803116,0.024434609338641167
1790341558585004800,17.6230048828125,-0.014049900695681572,0.06108652427792549,0.01466076634824276
1790341558601547300,17.63954736328125,0.013439035043120384,-0.021380282938480377,0.00855211354792118
1790341558618033700,17.65603369140625,0.004886921960860491,0.025045474991202354,-0.016493361443281174
1790341558634535000,17.672534912109374,-0.005497787147760391,0.012217304669320583,0.00855211354792118
1790341558651061500,17.6890615234375,-0.0006108652451075613,-0.014049900695681572,0.003054326167330146
1790341558667529500,17.705529541015625,0.021380282938480377,0.04214970022439957,0.036651913076639175
1790341558683993900,17.721993896484374,-0.015271631069481373,0.054367005825042725,0.018325956538319588
1790341558700483800,17.73848388671875,0.001832595793530345,-0.02321287989616394,0.0024434609804302454
1790341558716952600,17.75495263671875,-0.009162978269159794,-0.006719517521560192,-0.02626720629632473
1790341558733415400,17.77141552734375,0.018325956538319588,0.018936822190880775,0.0006108652451075613
1790341558749902000,17.787902099609376,0.019547687843441963,0.05619960278272629,0.02626720629632473
1790341558766357800,17.804357666015626,-0.025045474991202354,0.10201449692249298,-0.00855211354792118
1790341558782822000,17.82082177734375,0.015882495790719986,-0.06475171446800232,0.005497787147760391
1790341558799320600,17.837320556640623,0.009162978269159794,-0.018936822190880775,-0.013439035043120384
1790341558815813600,17.853813720703126,-0.00366519158706069,0.04703662544488907,-0.00366519158706069
1790341558832295400,17.87029541015625,-0.005497787147760391,-0.015271631069481373,-0.005497787147760391
1790341558848828000,17.886827880859375,0.010995574295520782,-0.00733038317412138,-0.004886921960860491
1790341558865316400,17.90331640625,-0.0024434609804302454,-0.006108652334660292,-0.015882495790719986
1790341558881823200,17.9198232421875,-0.00427605677396059,-0.036651913076639175,-0.045204028487205505
1790341558898319600,17.936319580078123,0.02015855349600315,-0.03237585723400116,0.00733038317412138
1790341558914804200,17.95280419921875,0.0024434609804302454,0.08429940044879913,-0.018325956538319588
1790341558931295000,17.969294921875,0.018325956538319588,0.07635815441608429,-0.02076941914856434
1790341558947773700,17.985773681640627,-0.001832595793530345,0.04398229718208313,-0.0403171069920063
1790341558964274700,18.002274658203124,0.010995574295520782,0.029932396486401558,0.0024434609804302454
1790341558980734500,18.018734375,0,-0.03726277872920036,-0.018936822190880775
1790341558997221600,18.0352216796875,0.0024434609804302454,-0.06169738993048668,-0.024434609338641167
1790341559013683700,18.05168359375,0.013439035043120384,0.028099801391363144,-0.014049900695681572
1790341559030173400,18.06817333984375,0.004886921960860491,-0.00366519158706069,-0.010995574295520782
1790341559046677200,18.08467724609375,0.0024434609804302454,-0.01771509274840355,0.0012217304902151227
1790341559063110000,18.10110986328125,0.0024434609804302454,-0.001832595793530345,0.001832595793530345
1790341559079592200,18.11759228515625,0.022602014243602753,-0.06108652427792549,-0.009162978269159794
1790341559096081700,18.13408154296875,0.01038470957428217,-0.0012217304902151227,-0.031154127791523933
1790341559112577000,18.150576904296877,0.00366519158706069,0.06536258012056351,0
1790341559129085000,18.1670849609375,0.024434609338641167,0.001832595793530345,0.014049900695681572
1790341559145561300,18.183561279296875,0.006108652334660292,0.031154127791523933,-0.00366519158706069
1790341559162045000,18.200044921875,0.00427605677396059,0.025656340643763542,-0.019547687843441963
1790341559178567400,18.2165673828125,0.02015855349600315,0.018936822190880775,-0.01466076634824276
1790341559195056400,18.233056396484375,0.010995574295520782,0.05619960278272629,-0.0012217304902151227
1790341559211560200,18.249560302734373,0.021991148591041565,0.05497787147760391,0.030543262138962746
1790341559228057000,18.26605712890625,-0.003054326167330146,0.08857546001672745,0.025656340643763542
1790341559244547300,18.28254736328125,0.00427605677396059,0.06352998316287994,-0.015271631069481373
1790341559261073700,18.29907373046875,0.012828170321881771,0.021380282938480377,-0.01710422709584236
1790341559277565200,18.315565185546873,0.001832595793530345,0.060475658625364304,0.02015855349600315
1790341559294073900,18.332073974609376,0.013439035043120384,0.003054326167330146,0.007941247895359993
1790341559310574000,18.348573974609376,0.02015855349600315,0.03726277872920036,-0.00855211354792118
1790341559327037400,18.365037353515625,-0.021380282938480377,0.028099801391363144,-0.22113321721553802
1790341559343557400,18.381557373046874,0.02382374368607998,-0.05375614017248154,-0.3396410644054413
1790341559360001300,18.398001220703126,-0.00427605677396059,0.05253441259264946,-0.2217440903186798
1790341559376479200,18.414479248046874,0.01771509274840355,-0.28466320037841797,-1.301142930984497
1790341559392953900,18.430953857421876,0.09651670604944229,-0.2675589919090271,-1.7739527225494385
1790341559409398500,18.4473984375,-0.01710422709584236,-0.015882495790719986,-1.0653489828109741
1790341559425844700,18.4638447265625,0.06291911751031876,0.0012217304902151227,-0.15393804013729095
1790341559442288000,18.4802880859375,-0.03848451003432274,0.0012217304902151227,0.4196644127368927
1790341559458732800,18.49673291015625,0.02626720629632473,0.0959058403968811,0.6389650702476501
1790341559475177700,18.513177734375,-0.030543262138962746,0.07208210229873657,0.6487388610839844
1790341559491625700,18.529625732421874,0.007941247895359993,0.08429940044879913,0.6829473376274109
1790341559508102400,18.546102294921877,0.004886921960860491,0.09468411654233932,0.6157521605491638
1790341559524547000,18.562547119140625,0.00855211354792118,0.07452555745840073,0.31520646810531616
1790341559541043000,18.57904296875,0.006108652334660292,0.07024950534105301,0.09162978827953339
1790341559557508600,18.595508544921874,0.004886921960860491,-0.006719517521560192,0.001832595793530345
1790341559573992700,18.61199267578125,0.021991148591041565,0.02871066704392433,-0.1014036312699318
1790341559590464800,18.62846484375,-0.021380282938480377,-0.08979719132184982,-0.14355333149433136
1790341559606912800,18.644912841796874,-0.02871066704392433,0.005497787147760391,-0.18325957655906677
1790341559623398100,18.661398193359375,0.0006108652451075613,-0.004886921960860491,-0.16554448008537292
1790341559639871700,18.677871826171874,-0.03420845419168472,0.030543262138962746,-0.10934487730264664
1790341559656331800,18.694331787109373,-0.006108652334660292,-0.06841690838336945,-0.07147123664617538
1790341559672823600,18.710823486328124,0.0012217304902151227,-0.030543262138962746,0.12950342893600464
1790341559689209300,18.727209228515626,0.02626720629632473,0.02626720629632473,0.252287358045578
1790341559705684500,18.7436845703125,0.007941247895359993,0.05925392732024193,0.2626720666885376
1790341559722129400,18.76012939453125,-0.004886921960860491,0.018325956538319588,0.23640485107898712
1790341559738579200,18.7765791015625,0.006108652334660292,0.0708603709936142,0.2431243658065796
1790341559755052500,18.793052490234373,-0.01038470957428217,0.016493361443281174,0.1270599663257599
1790341559771521500,18.809521484375,0.005497787147760391,-0.04153883829712868,-0.009773843921720982
1790341559787992000,18.825991943359377,0.009162978269159794,-0.02015855349600315,0.007941247895359993
1790341559804489000,18.842489013671877,0.00855211354792118,0.006108652334660292,0.04214970022439957
1790341559820971000,18.858970947265625,0.028099801391363144,0.009162978269159794,0.02932153269648552
1790341559837485000,18.875485107421873,0.00733038317412138,0.059864792972803116,0.025045474991202354
1790341559853973200,18.89197314453125,0.018936822190880775,0.08735372871160507,0.03787364438176155
1790341559870475000,18.90847509765625,0.00366519158706069,-0.01466076634824276,0.025045474991202354
1790341559886970000,18.92497021484375,0.014049900695681572,0.031154127791523933,-0.01710422709584236
1790341559903460000,18.941460205078126,0.02687807008624077,0.03787364438176155,0.02687807008624077
1790341559919989000,18.957989013671874,-0.00427605677396059,0.027488935738801956,-0.028099801391363144
1790341559936487400,18.9744873046875,0.02382374368607998,-0.006719517521560192,0.007941247895359993
1790341559952959000,18.990958984375,0.0012217304902151227,0.031154127791523933,-0.013439035043120384
1790341559969456600,19.00745654296875,0.048258353024721146,0.05864306539297104,0.09957103431224823
1790341559985909500,19.023909423828126,-0.0006108652451075613,0.02687807008624077,0.2687807083129883
1790341560002360300,19.0403603515625,0.02076941914856434,0.03848451003432274,0.22907446324825287
1790341560018774500,19.0567744140625,-0.005497787147760391,-0.05314527451992035,0.07330382615327835
1790341560035280100,19.073280029296875,0.036651913076639175,-0.08246681094169617,-0.09651670604944229
1790341560051666700,19.089666748046874,0,0.07330382615327835,-0.15332718193531036
1790341560068081700,19.10608154296875,0.025656340643763542,0.0757472887635231,-0.09285151958465576
1790341560084591400,19.12259130859375,0.0354301854968071,0.09896016865968704,0.029932396486401558
1790341560101039900,19.139039794921874,0.00733038317412138,0.12400564551353455,0.10262536257505417
1790341560117517600,19.155517578125,0.02932153269648552,0.04459316283464432,0.07147123664617538
1790341560134045200,19.172045166015625,0.013439035043120384,0.056810468435287476,-0.015882495790719986
1790341560150531300,19.18853125,0.01710422709584236,-0.015271631069481373,-0.08735372871160507
1790341560167056000,19.205055908203125,0.04092797264456749,0.08307767659425735,-0.02687807008624077
1790341560183545300,19.22154541015625,0.0006108652451075613,-0.07635815441608429,-0.009162978269159794
1790341560200051500,19.238051513671873,0.04398229718208313,-0.006108652334660292,0.051312681287527084
1790341560216549400,19.25454931640625,0.012217304669320583,0.09712757170200348,0.00733038317412138
1790341560233041000,19.271041015625,0.02871066704392433,0.039706241339445114,-0.04153883829712868
1790341560249565400,19.2875654296875,0.01160643994808197,0.01038470957428217,-0.022602014243602753
1790341560266056000,19.304055908203125,-0.0006108652451075613,0.01038470957428217,-0.030543262138962746
1790341560282559200,19.320559326171875,0.039706241339445114,0.021380282938480377,0.01710422709584236
1790341560299055400,19.337055419921874,0.012217304669320583,-0.02076941914856434,0.01160643994808197
1790341560315538400,19.353538330078123,0.022602014243602753,-0.01160643994808197,0.009162978269159794
1790341560332087600,19.370087646484375,0.01038470957428217,0.001832595793530345,0
1790341560348574700,19.38657470703125,0.02626720629632473,-0.003054326167330146,-0.009162978269159794
1790341560365011200,19.40301123046875,0.018936822190880775,-0.01710422709584236,0.0006108652451075613
1790341560381536500,19.41953662109375,0.02076941914856434,-0.014049900695681572,-0.01466076634824276
1790341560398019600,19.43601953125,0.0403171069920063,-0.014049900695681572,-0.012217304669320583
1790341560414540800,19.452540771484376,0.031154127791523933,0.006719517521560192,-0.005497787147760391
1790341560431028700,19.46902880859375,0.031154127791523933,0.05314527451992035,-0.00855211354792118
1790341560447529700,19.48552978515625,0.036651913076639175,0.039095375686883926,-0.0024434609804302454
1790341560464025900,19.50202587890625,0.04337143152952194,0.03726277872920036,-0.018936822190880775
1790341560480514000,19.51851416015625,0.03237585723400116,0.059864792972803116,0.004886921960860491
1790341560497037300,19.535037353515627,0.048258353024721146,0.031154127791523933,-0.031154127791523933
1790341560513527800,19.55152783203125,0.06291911751031876,-0.02871066704392433,0.00366519158706069
1790341560529998300,19.567998291015623,0.039095375686883926,-0.00366519158706069,0.0024434609804302454
1790341560546497500,19.58449755859375,0.04337143152952194,0.0507018156349659,0.00733038317412138
1790341560562955300,19.600955322265627,0.04642575979232788,0.051312681287527084,0.014049900695681572
1790341560579506200,19.617506103515623,0.04764748737215996,0.030543262138962746,0.00855211354792118
1790341560595995400,19.633995361328125,0.056810468435287476,0.012217304669320583,0.006719517521560192
1790341560612496100,19.65049609375,0.06658431142568588,-0.01038470957428217,-0.006719517521560192
1790341560629039600,19.66703955078125,0.029932396486401558,0.04153883829712868,0.01038470957428217
1790341560645520600,19.683520751953125,0.05497787147760391,0.013439035043120384,0.02626720629632473
1790341560662042000,19.7000419921875,0.048258353024721146,-0.00427605677396059,0.006108652334660292
1790341560678532000,19.716531982421873,0.02626720629632473,0.03176499158143997,-0.00366519158706069
1790341560694979800,19.732979736328126,0.056810468435287476,0.00733038317412138,0.01038470957428217
1790341560711447800,19.74944775390625,0.04214970022439957,-0.009162978269159794,0.004886921960860491
1790341560727942400,19.7659423828125,0.054367005825042725,-0.03420845419168472,0.006719517521560192
1790341560744469200,19.78246923828125,0.03481931984424591,-0.027488935738801956,0.0024434609804302454
1790341560760958500,19.79895849609375,0.05864306539297104,-0.0403171069920063,0.006108652334660292
1790341560777460700,19.815460693359373,0.05009094998240471,-0.03176499158143997,0.02687807008624077
1790341560793957600,19.83195751953125,0.04764748737215996,-0.01160643994808197,0.004886921960860491
1790341560810441200,19.848441162109374,0.0757472887635231,-0.05864306539297104,0.016493361443281174
1790341560826988300,19.86498828125,0.03848451003432274,-0.03787364438176155,0.001832595793530345
1790341560843475000,19.881474853515623,0.04153883829712868,-0.018936822190880775,-0.00366519158706069
1790341560859978000,19.89797802734375,0.054367005825042725,0.0024434609804302454,0.02626720629632473
1790341560876470800,19.914470703125,0.04886921867728233,-0.00733038317412138,0.03176499158143997
1790341560892927000,19.930927001953126,0.05375614017248154,-0.007941247895359993,0.0024434609804302454
1790341560909412000,19.947412109375,0.0403171069920063,0.03726277872920036,0.001832595793530345
1790341560925902300,19.96390234375,0.07757988572120667,-0.0024434609804302454,-0.0024434609804302454
1790341560942405000,19.980405029296875,0.06108652427792549,-0.012217304669320583,0.018325956538319588
1790341560958902000,19.996902099609375,0.04703662544488907,0.02015855349600315,0.003054326167330146
1790341560975392000,20.01339208984375,0.07024950534105301,0.01771509274840355,0.015882495790719986
1790341560991916000,20.029916015625,0.04703662544488907,0.0555887371301651,-0.009162978269159794
1790341561008405200,20.0464052734375,0.06169738993048668,0.012217304669320583,-0.015882495790719986
1790341561024876000,20.0628759765625,0.06475171446800232,-0.030543262138962746,0.019547687843441963
1790341561041277400,20.07927734375,0.06169738993048668,-0.024434609338641167,-0.012217304669320583
1790341561057746400,20.095746337890624,0.05619960278272629,0.016493361443281174,0.010995574295520782
1790341561074261000,20.112260986328124,0.05192354694008827,0.0012217304902151227,0.01160643994808197
1790341561090750200,20.128750244140626,0.05619960278272629,0.01710422709584236,-0.019547687843441963
1790341561106224400,20.144224365234376,0.0555887371301651,0.06230825558304787,0.019547687843441963
1790341561122618600,20.16061865234375,0.0354301854968071,0.07024950534105301,-0.001832595793530345
1790341561139101400,20.177101318359377,0.09529497474431992,0.01466076634824276,0.006108652334660292
1790341561155588600,20.193588623046875,0.0403171069920063,0.01710422709584236,-0.005497787147760391
1790341561172075500,20.210075439453124,0.07269296050071716,-0.003054326167330146,-0.025656340643763542
1790341561188575000,20.226574951171877,0.06719517707824707,-0.019547687843441963,-0.015271631069481373
1790341561205068000,20.243068115234376,0.04886921867728233,-0.018325956538319588,-0.036651913076639175
1790341561221555500,20.259555419921874,0.06475171446800232,0.010995574295520782,0.022602014243602753
1790341561238045200,20.276045166015624,0.039095375686883926,0.048258353024721146,-0.02076941914856434
1790341561254529800,20.29252978515625,0.06230825558304787,0.04092797264456749,0
1790341561271032800,20.30903271484375,0.07024950534105301,-0.00366519158706069,-0.02382374368607998
1790341561287530000,20.325530029296875,0.04948008432984352,0.03237585723400116,-0.009162978269159794
1790341561304009000,20.342009033203126,0.06414084881544113,0.007941247895359993,0.012217304669320583
1790341561320519200,20.358519287109374,0.06169738993048668,0.007941247895359993,0.010995574295520782
1790341561337003300,20.375003173828127,0.05925392732024193,0.03726277872920036,0.02015855349600315
1790341561353501400,20.39150146484375,0.051312681287527084,0.03726277872920036,0.03481931984424591
1790341561369906200,20.40790625,0.08246681094169617,0.016493361443281174,0.05192354694008827
1790341561386382800,20.4243828125,0.04337143152952194,0.06291911751031876,0.01771509274840355
1790341561402899500,20.4408994140625,0.07208210229873657,0.07269296050071716,0.019547687843441963
1790341561419366000,20.457365966796875,0.05314527451992035,0.06414084881544113,0.025045474991202354
1790341561435863800,20.47386376953125,0.05803219974040985,0.018936822190880775,0.025656340643763542
1790341561452356000,20.490356201171874,0.07024950534105301,0.0006108652451075613,0.033597588539123535
1790341561468842800,20.5068427734375,0.0507018156349659,-0.0024434609804302454,0.006108652334660292
1790341561485361700,20.523361572265625,0.07757988572120667,0.021380282938480377,0.009162978269159794
1790341561501847000,20.539846923828126,0.05803219974040985,0.027488935738801956,0.01038470957428217
1790341561518342700,20.5563427734375,0.06291911751031876,0.009773843921720982,0.02015855349600315
1790341561534831600,20.57283154296875,0.07696902006864548,-0.004886921960860491,0.036041051149368286
1790341561551314700,20.589314697265625,0.05009094998240471,-0.019547687843441963,0.0024434609804302454
1790341561567825200,20.6058251953125,0.07269296050071716,-0.009162978269159794,0.00427605677396059
1790341561584309500,20.6223095703125,0.07269296050071716,0,0.01710422709584236
1790341561600809000,20.63880908203125,0.0659734457731247,0.045204028487205505,0.014049900695681572
1790341561617299700,20.6552998046875,0.07269296050071716,0.12278391420841217,0.06352998316287994
1790341561633686800,20.671686767578127,0.06230825558304787,0.03420845419168472,0.033597588539123535
1790341561650139000,20.688138916015625,0.07208210229873657,0.03237585723400116,0.018936822190880775
1790341561666624300,20.704624267578126,0.06719517707824707,0.027488935738801956,0.009162978269159794
1790341561683123000,20.721123046875,0.06291911751031876,-0.04459316283464432,0.003054326167330146
1790341561699616000,20.737615966796874,0.0910189226269722,-0.039095375686883926,0.036651913076639175
1790341561715074300,20.75307421875,0.06230825558304787,-0.03726277872920036,0.012217304669320583
1790341561731559200,20.76955908203125,0.09468411654233932,-0.021991148591041565,0
1790341561748043300,20.786043212890625,0.05925392732024193,0.015271631069481373,-0.01771509274840355
1790341561764508400,20.80250830078125,0.06780604273080826,-0.01038470957428217,-0.0555887371301651
1790341561780965000,20.818965087890625,0.07696902006864548,0.05803219974040985,-0.016493361443281174
1790341561797441300,20.835441162109376,0.05864306539297104,0.04337143152952194,-0.03237585723400116
1790341561813985800,20.85198583984375,0.07757988572120667,0.02015855349600315,-0.02015855349600315
1790341561830469400,20.868469482421876,0.05803219974040985,0.025656340643763542,-0.00366519158706069
1790341561846930400,20.884930419921876,0.07880161702632904,-0.04337143152952194,-0.02871066704392433
1790341561863451100,20.901451171875,0.08185594528913498,-0.00427605677396059,-0.021380282938480377
1790341561879892200,20.917892333984376,0.04764748737215996,0.02076941914856434,-0.10995574295520782
1790341561896337200,20.934337158203125,0.08918632566928864,-0.09224065393209457,-0.05192354694008827
1790341561912780300,20.9507802734375,0.06963863968849182,-0.029932396486401558,-0.09651670604944229
1790341561929266400,20.967266357421874,0.0861319974064827,-0.03726277872920036,-0.00855211354792118
1790341561945739300,20.9837392578125,0.07269296050071716,-0.14905111491680145,-0.04092797264456749
1790341561962199800,21.00019970703125,0.06902777403593063,-0.11789698898792267,-0.08246681094169617
1790341561978667300,21.016667236328125,0.08307767659425735,0.22907446324825287,0.014049900695681572
1790341561995106600,21.0331064453125,0.10873401165008545,-0.00427605677396059,-0.09285151958465576
1790341562011591000,21.0495908203125,0.07513642311096191,0.08368854224681854,0.051312681287527084
1790341562028030000,21.066030029296876,0.048258353024721146,0.2828305959701538,-0.0555887371301651
1790341562044480800,21.082480712890625,0.1472185254096985,-0.03787364438176155,-0.02321287989616394
1790341562060894500,21.09889453125,0.0403171069920063,-0.01466076634824276,0.015271631069481373
1790341562077214200,21.115214111328125,0.1007927656173706,0.23090706765651703,0.1508837193250656
1790341562093701400,21.131701416015623,0.09773843735456467,-0.2828305959701538,0.024434609338641167
1790341562110174200,21.14817431640625,0.10873401165008545,-0.08429940044879913,-0.12828169763088226
1790341562126614800,21.16461474609375,0.11911872029304504,0.14416420459747314,0.06841690838336945
1790341562143056400,21.181056396484376,0.0354301854968071,0.03237585723400116,0.016493361443281174
1790341562159519000,21.19751904296875,0.1258382350206375,-0.20097467303276062,0.08491026610136032
1790341562175974700,21.213974609375,0.015271631069481373,0.24678955972194672,-0.029932396486401558
1790341562192415000,21.2304150390625,0.09834930300712585,0.05864306539297104,-0.04398229718208313
1790341562208860200,21.246860107421874,0.08429940044879913,0.036041051149368286,-0.01710422709584236
1790341562225347000,21.26334716796875,0.08796459436416626,0.17409659922122955,0.036651913076639175
1790341562241785900,21.279785888671874,0.09651670604944229,0.001832595793530345,0.07696902006864548
1790341562258231300,21.296231201171874,0.07208210229873657,-0.02932153269648552,-0.004886921960860491
1790341562274673000,21.3126728515625,0.06902777403593063,0.06291911751031876,-0.07513642311096191
1790341562291151000,21.329151123046874,0.09773843735456467,0.009162978269159794,-0.02321287989616394
1790341562307604200,21.345604248046875,0.07819075137376785,0.0507018156349659,0.012217304669320583
1790341562324078000,21.362078125,0.06414084881544113,0.1820378452539444,0.03848451003432274
1790341562340550100,21.378550048828124,0.09529497474431992,-0.06902777403593063,0.09346238523721695
1790341562357026800,21.39502685546875,0.06230825558304787,-0.01160643994808197,0.12034045159816742
1790341562373476000,21.41147607421875,0.05742133408784866,-0.025045474991202354,-0.00733038317412138
1790341562389919000,21.4279189453125,0.09529497474431992,-0.0507018156349659,0.08368854224681854
1790341562406365000,21.444364990234376,0.015882495790719986,-0.12339477986097336,-0.11728613078594208
1790341562422855200,21.460855224609375,0.15882496535778046,-0.1160643994808197,0.059864792972803116
1790341562439299800,21.4772998046875,0.08246681094169617,0.2632829248905182,-0.022602014243602753
1790341562455746800,21.493746826171876,0.1313360333442688,-0.23518311977386475,0.06963863968849182
1790341562472190500,21.5101904296875,0.08429940044879913,0.10995574295520782,0.009773843921720982
1790341562488633000,21.526633056640627,0.10567969083786011,-0.07269296050071716,0.0403171069920063
1790341562505086700,21.543086669921873,0.0403171069920063,0.23029619455337524,-0.0403171069920063
1790341562521524700,21.559524658203124,0.17776179313659668,-0.09957103431224823,0.036041051149368286
1790341562537966600,21.575966552734375,0.04886921867728233,-0.03237585723400116,-0.08368854224681854
1790341562554421800,21.592421875,0.07269296050071716,-0.07269296050071716,-0.12522737681865692
1790341562570861800,21.60886181640625,0.06780604273080826,-0.16737708449363708,0.00733038317412138
1790341562587303200,21.62530322265625,0.07452555745840073,-0.07513642311096191,-0.0403171069920063
1790341562603773200,21.641773193359374,0.08491026610136032,-0.02871066704392433,0.016493361443281174
1790341562620230100,21.658230224609376,0.07819075137376785,0.08185594528913498,-0.11301007121801376
1790341562636676600,21.674676513671876,0.1270599663257599,0.12278391420841217,-0.09162978827953339
1790341562653084400,21.69108447265625,0.0659734457731247,0.1270599663257599,0.060475658625364304
1790341562669554700,21.7075546875,0.1270599663257599,-0.0861319974064827,0.04214970022439957
1790341562685999600,21.72399951171875,0.08735372871160507,0.08491026610136032,0.15943582355976105
1790341562702462200,21.740462158203126,0.11484266817569733,0.007941247895359993,0.10751228034496307
1790341562718929000,21.756928955078124,0.11056660860776901,0.07696902006864548,0.04459316283464432
1790341562735407900,21.773407958984375,0.1215621829032898,0.16065755486488342,-0.00733038317412138
1790341562751893500,21.7898935546875,0.10995574295520782,0.17531833052635193,-0.04703662544488907
1790341562768334800,21.8063349609375,0.10384709388017654,0.08796459436416626,-0.1508837193250656
1790341562784774100,21.822774169921875,0.11850785464048386,0.05375614017248154,-0.08124507963657379
1790341562801261000,21.839260986328124,0.08674286305904388,0.04642575979232788,-0.0555887371301651
1790341562817699600,21.855699462890627,0.1215621829032898,-0.04092797264456749,0.01160643994808197
1790341562834166500,21.87216650390625,0.08674286305904388,0.02687807008624077,0.027488935738801956
1790341562850666800,21.888666748046877,0.10445795953273773,0.06780604273080826,-0.0659734457731247
1790341562867120400,21.905120361328127,0.12950342893600464,0.007941247895359993,0.004886921960860491
1790341562883563300,21.921563232421875,0.07696902006864548,0.004886921960860491,0.031154127791523933
1790341562900023000,21.93802294921875,0.11239920556545258,0.02626720629632473,0.06169738993048668
1790341562916464000,21.954464111328125,0.09834930300712585,0.08979719132184982,0.08979719132184982
1790341562932924700,21.970924560546877,0.06291911751031876,0.04948008432984352,0.0006108652451075613
1790341562949388500,21.987388427734373,0.1258382350206375,0.09773843735456467,0.015271631069481373
1790341562965854200,22.003854248046874,0.07696902006864548,0.036651913076639175,-0.036651913076639175
1790341562982313500,22.0203134765625,0.13316862285137177,0.007941247895359993,-0.02871066704392433
1790341562998787800,22.036787841796876,0.13439035415649414,-0.0012217304902151227,-0.054367005825042725
1790341563015231500,22.0532314453125,0.1319468915462494,0.00427605677396059,-0.06230825558304787
1790341563031675000,22.0696748046875,0.13439035415649414,0.05192354694008827,-0.01466076634824276
1790341563048130800,22.086130859375,0.11789698898792267,0.030543262138962746,0.003054326167330146
1790341563064532000,22.102531982421876,0.13011430203914642,-0.0659734457731247,-0.019547687843441963
1790341563080910800,22.118910888671873,0.13927727937698364,-0.01038470957428217,0.06108652427792549
1790341563097380000,22.135380126953127,0.11423180252313614,-0.016493361443281174,-0.003054326167330146
1790341563113858800,22.15185888671875,0.14844025671482086,-0.059864792972803116,-0.02626720629632473
1790341563130305000,22.168304931640623,0.1014036312699318,0.03481931984424591,-0.07452555745840073
1790341563146751700,22.184751708984376,0.14538592100143433,-0.013439035043120384,0.009773843921720982
1790341563163198700,22.20119873046875,0.11850785464048386,-0.02687807008624077,0.02626720629632473
1790341563179646200,22.217646240234377,0.13072516024112701,0.005497787147760391,-0.0012217304902151227
1790341563196096300,22.23409619140625,0.1258382350206375,-0.05192354694008827,-0.02015855349600315
1790341563212543000,22.25054296875,0.12522737681865692,-0.08491026610136032,0.00366519158706069
1790341563228985000,22.266985107421874,0.14782938361167908,0.0024434609804302454,0.07208210229873657
1790341563245426400,22.283426513671873,0.15454891324043274,-0.048258353024721146,0.07452555745840073
1790341563261868800,22.299868896484377,0.13744467496871948,-0.11362093687057495,-0.01160643994808197
1790341563278311400,22.3163115234375,0.1264491081237793,0.05314527451992035,-0.03420845419168472
1790341563294768000,22.33276806640625,0.14477506279945374,-0.14782938361167908,0.022602014243602753
1790341563311213300,22.34921337890625,0.12767083942890167,-0.09773843735456467,0.0403171069920063
1790341563327659300,22.3656591796875,0.1270599663257599,0.01710422709584236,0.00733038317412138
1790341563344131000,22.382131103515626,0.16493362188339233,-0.07757988572120667,-0.02932153269648552
1790341563360573200,22.3985732421875,0.14538592100143433,0.036651913076639175,-0.051312681287527084
1790341563377015600,22.415015625,0.14538592100143433,0.0555887371301651,-0.04398229718208313
1790341563393459000,22.431458984375,0.16371189057826996,0.03481931984424591,0.039095375686883926
1790341563409901300,22.4479013671875,0.14355333149433136,0.0006108652451075613,0.01038470957428217
1790341563426389800,22.4643896484375,0.14355333149433136,0.048258353024721146,0.02626720629632473
1790341563442837800,22.480837646484375,0.13927727937698364,-0.11728613078594208,0.001832595793530345
1790341563459281200,22.49728125,0.1514945775270462,-0.12217304855585098,-0.01771509274840355
1790341563475724500,22.513724609375,0.12950342893600464,-0.04581489413976669,0.00427605677396059
1790341563492199700,22.53019970703125,0.13988813757896423,-0.1007927656173706,0.02871066704392433
1790341563508642000,22.54664208984375,0.16004669666290283,-0.09040805697441101,-0.021991148591041565
1790341563525084200,22.563084228515624,0.13866640627384186,0.027488935738801956,0.012217304669320583
1790341563541548500,22.579548583984376,0.13988813757896423,-0.03787364438176155,0.033597588539123535
1790341563557992700,22.59599267578125,0.1472185254096985,-0.05864306539297104,-0.04459316283464432
1790341563574435600,22.612435546875,0.15027284622192383,0.04581489413976669,-0.013439035043120384
1790341563590906000,22.628906005859374,0.1368338167667389,-0.01710422709584236,-0.03726277872920036
1790341563607346400,22.645346435546877,0.16065755486488342,-0.07941248267889023,-0.015882495790719986
1790341563623787800,22.661787841796876,0.13561208546161652,-0.0555887371301651,-0.03481931984424591
1790341563640232000,22.67823193359375,0.16249015927314758,-0.07819075137376785,-0.04214970022439957
1790341563656728800,22.694728759765624,0.1319468915462494,-0.14782938361167908,-0.10506882518529892
1790341563673173000,22.711173095703124,0.15577064454555511,-0.06169738993048668,-0.039095375686883926
1790341563689636600,22.72763671875,0.13011430203914642,-0.025656340643763542,-0.006719517521560192
1790341563706080500,22.74408056640625,0.14294247329235077,-0.08735372871160507,-0.015882495790719986
1790341563722525000,22.76052490234375,0.14294247329235077,-0.07880161702632904,-0.014049900695681572
1790341563738967000,22.776967041015624,0.1362229436635971,-0.10262536257505417,-0.029932396486401558
1790341563755342000,22.793342041015624,0.15332718193531036,-0.1007927656173706,-0.02626720629632473
1790341563771782100,22.8097822265625,0.1368338167667389,-0.04642575979232788,-0.04703662544488907
1790341563788246000,22.82624609375,0.15454891324043274,-0.02076941914856434,0.014049900695681572
1790341563804689400,22.842689453125,0.15515977144241333,-0.0659734457731247,0.07330382615327835
1790341563821134000,22.859134033203127,0.14355333149433136,-0.00366519158706069,-0.003054326167330146
1790341563837608200,22.875608154296874,0.1563815027475357,0.08857546001672745,-0.03726277872920036
1790341563854051000,22.892051025390625,0.15760323405265808,-0.025045474991202354,-0.007941247895359993
1790341563870492700,22.90849267578125,0.15454891324043274,0.08307767659425735,0.02626720629632473
1790341563886934000,22.92493408203125,0.14538592100143433,0.1014036312699318,0.012217304669320583
1790341563903380200,22.941380126953124,0.1508837193250656,0.04642575979232788,-0.01771509274840355
1790341563919821600,22.957821533203123,0.12950342893600464,-0.021991148591041565,-0.02076941914856434
1790341563936266500,22.9742666015625,0.14416420459747314,-0.06230825558304787,0.030543262138962746
1790341563952707600,22.99070751953125,0.1466076523065567,-0.14905111491680145,0.018325956538319588
1790341563969146000,23.00714599609375,0.13805554807186127,-0.07330382615327835,-0.05009094998240471
1790341563985619700,23.02361962890625,0.1417207419872284,0.0708603709936142,-0.00366519158706069
1790341564002067200,23.040067138671876,0.14782938361167908,-0.1062905490398407,-0.0024434609804302454
1790341564018513000,23.056512939453125,0.14782938361167908,0.0806342139840126,0.03726277872920036
1790341564034981600,23.072981689453126,0.12950342893600464,-0.0006108652451075613,0.0012217304902151227
1790341564051425300,23.08942529296875,0.1411098688840866,-0.09468411654233932,-0.07391469180583954
1790341564067808300,23.105808349609376,0.12400564551353455,-0.012217304669320583,-0.05009094998240471
1790341564084283100,23.122283203125,0.14905111491680145,-0.0012217304902151227,0.027488935738801956
1790341564100673300,23.13867333984375,0.13439035415649414,0,0.06963863968849182
1790341564117118200,23.1551181640625,0.13927727937698364,0.0012217304902151227,-0.006108652334660292
1790341564133559000,23.17155908203125,0.1459967941045761,0.06658431142568588,-0.06963863968849182
1790341564150094800,23.1880947265625,0.1215621829032898,0.025045474991202354,-0.03787364438176155
1790341564166537000,23.204536865234374,0.11850785464048386,-0.13866640627384186,0.00733038317412138
1790341564182981600,23.220981689453126,0.1368338167667389,-0.14966198801994324,0.014049900695681572
1790341564199422000,23.237421875,0.14477506279945374,-0.05925392732024193,-0.019547687843441963
1790341564215862000,23.253862060546876,0.15393804013729095,-0.00855211354792118,0.021380282938480377
1790341564232304600,23.2703046875,0.1062905490398407,0.04398229718208313,-0.06108652427792549
1790341564247718400,23.285718505859375,0.1514945775270462,0.025656340643763542,-0.021991148591041565
1790341564264160300,23.30216015625,0.12278391420841217,-0.04459316283464432,-0.00366519158706069
1790341564280614400,23.318614501953125,0.13805554807186127,-0.031154127791523933,0.11667526513338089
1790341564297056500,23.335056396484376,0.13011430203914642,-0.025656340643763542,0.06230825558304787
1790341564313499400,23.35149951171875,0.1417207419872284,0.03237585723400116,-0.01466076634824276
1790341564329970700,23.367970703125,0.14416420459747314,-0.11362093687057495,-0.03481931984424591
1790341564346412500,23.38441259765625,0.12522737681865692,0.0012217304902151227,-0.022602014243602753
1790341564362856000,23.40085595703125,0.1508837193250656,-0.024434609338641167,0.03176499158143997
1790341564379299600,23.417299560546876,0.13561208546161652,-0.029932396486401558,0.04764748737215996
1790341564395743200,23.4337431640625,0.13866640627384186,0.0507018156349659,0.027488935738801956
1790341564412184600,23.4501845703125,0.1472185254096985,0.00733038317412138,0.018325956538319588
1790341564428632300,23.46663232421875,0.14294247329235077,0.00733038317412138,-0.03176499158143997
1790341564445006800,23.4830068359375,0.1618792861700058,0.024434609338641167,0.0354301854968071
1790341564461448400,23.499448486328124,0.1661553531885147,0.07269296050071716,0.06963863968849182
1790341564477920000,23.515919921875,0.16249015927314758,0.02321287989616394,0.07696902006864548
1790341564494362600,23.532362548828125,0.16065755486488342,0.012828170321881771,0.022602014243602753
1790341564510805500,23.548805419921877,0.15577064454555511,0.025045474991202354,-0.04764748737215996
1790341564527275800,23.56527587890625,0.17104226350784302,0.009773843921720982,-0.12400564551353455
1790341564543717400,23.58171728515625,0.17592918872833252,-0.02626720629632473,-0.10995574295520782
1790341564560158700,23.59815869140625,0.17592918872833252,0.0354301854968071,-0.18387043476104736
1790341564576627000,23.614626953125,0.15271630883216858,0.13805554807186127,-0.4153883755207062
1790341564593069800,23.63106982421875,0.05497787147760391,-0.1459967941045761,-0.6597344875335693
1790341564609512400,23.647512451171874,0.10201449692249298,-0.2528982162475586,-0.8558222055435181
1790341564625954300,23.663954345703125,0.20097467303276062,-0.1270599663257599,-0.6768386960029602
1790341564642395400,23.6803955078125,0.17348572611808777,-0.14844025671482086,0.02871066704392433
1790341564658833000,23.6968330078125,0.27122417092323303,0.14782938361167908,0.9340129494667053
1790341564675292400,23.71329248046875,0.3066543638706207,0.06841690838336945,0.9663888216018677
1790341564691729400,23.7297294921875,0.23640485107898712,0.07513642311096191,0.6102544069290161
1790341564708168400,23.74616845703125,0.21930062770843506,-0.16554448008537292,0.18325957655906677
1790341564724606500,23.7626064453125,0.251676470041275,-0.14844025671482086,0.10751228034496307
1790341564741045200,23.779045166015624,0.21074850857257843,0.23579397797584534,-0.08002334833145142
1790341564757486000,23.795486083984375,0.20097467303276062,0.1466076523065567,0.03420845419168472
1790341564773947000,23.81194677734375,0.19364428520202637,-0.2168571650981903,0.12767083942890167
1790341564790384600,23.828384521484374,0.2064724564552307,0.18570303916931152,0.025045474991202354
1790341564806828300,23.844828369140625,0.18325957655906677,-0.04764748737215996,-0.051312681287527084
1790341564823306200,23.86130615234375,0.20402899384498596,-0.40256020426750183,-0.12339477986097336
1790341564839755500,23.877755615234374,0.25045475363731384,0.2382374405860901,-0.06902777403593063
1790341564856202200,23.8942021484375,0.182648703455925,0.14905111491680145,0.16798794269561768
1790341564872644400,23.910644287109374,0.18325957655906677,-0.26450464129447937,0.28527405858039856
1790341564889087700,23.927087646484374,0.2070833146572113,-0.028099801391363144,0.11728613078594208
1790341564905528000,23.943528076171877,0.1875356286764145,0.11301007121801376,-0.09896016865968704
1790341564921969200,23.95996923828125,0.1466076523065567,0.02687807008624077,0.007941247895359993
1790341564938410000,23.976409912109375,0.22907446324825287,-0.09346238523721695,0.10506882518529892
1790341564954849800,23.992849853515626,0.23457226157188416,-0.1319468915462494,0.24495697021484375
1790341564971320000,24.009320068359376,0.15821409225463867,0.036041051149368286,0.09773843735456467
1790341564987761200,24.02576123046875,0.23029619455337524,-0.00855211354792118,0
1790341565004202000,24.042201904296874,0.20036379992961884,0.060475658625364304,0.07330382615327835
1790341565020663800,24.058663818359374,0.18875735998153687,0.054367005825042725,0.08368854224681854
1790341565037106000,24.07510595703125,0.22418753802776337,0.013439035043120384,0.10384709388017654
1790341565053546800,24.091546630859376,0.23151792585849762,-0.021380282938480377,0.13377949595451355
1790341565069963800,24.1079638671875,0.22052235901355743,0.08979719132184982,0.028099801391363144
1790341565086403000,24.124403076171873,0.22479841113090515,0.03298672288656235,0.12217304855585098
1790341565102844200,24.14084423828125,0.1722639948129654,0.0006108652451075613,0.05619960278272629
1790341565119225000,24.15722509765625,0.27611109614372253,-0.08429940044879913,-0.00733038317412138
1790341565135665000,24.173664794921876,0.15882496535778046,0.303600013256073,0.056810468435287476
1790341565152105500,24.19010546875,0.16554448008537292,-0.18020524084568024,0.13255776464939117
1790341565168551700,24.2065517578125,0.3066543638706207,-0.08857546001672745,0.10751228034496307
1790341565184993500,24.22299365234375,0.08307767659425735,0.09957103431224823,0.17959438264369965
1790341565201447400,24.239447509765625,0.059864792972803116,0.2840523421764374,-0.0507018156349659
1790341565217916700,24.255916748046875,0.2730567753314972,0.07330382615327835,-0.2321287989616394
1790341565234357800,24.272357666015626,0.14233160018920898,-0.1215621829032898,-0.16371189057826996
1790341565250800000,24.288800048828126,0.17348572611808777,0.11178833991289139,-0.12278391420841217
1790341565267282000,24.305281982421874,0.24862214922904968,-0.028099801391363144,0.2021963894367218
1790341565283724500,24.321724609375,0.16371189057826996,0.05314527451992035,-0.10995574295520782
1790341565300195000,24.338195068359376,0.16004669666290283,-0.01160643994808197,-0.2278527319431305
1790341565316667400,24.35466748046875,0.23090706765651703,-0.17776179313659668,-0.22296582162380219
1790341565333107500,24.371107421875,0.192422553896904,0.1973094791173935,-0.11423180252313614
1790341565349610500,24.387610595703126,0.15882496535778046,0.16310101747512817,0.0354301854968071
1790341565366050800,24.40405078125,0.23396138846874237,-0.1368338167667389,0.03176499158143997
1790341565382516500,24.4205166015625,0.21502456068992615,0.036041051149368286,-0.07452555745840073
1790341565398954500,24.43695458984375,0.1563815027475357,0.12767083942890167,-0.10262536257505417
1790341565415398400,24.4533984375,0.24678955972194672,-0.03298672288656235,-0.0354301854968071
1790341565431869700,24.46986962890625,0.24617868661880493,-0.014049900695681572,-0.04886921867728233
1790341565448353300,24.486353271484376,0.16432274878025055,0.06963863968849182,0.031154127791523933
1790341565464847600,24.50284765625,0.2480112910270691,0.019547687843441963,0.09285151958465576
1790341565481290500,24.51929052734375,0.2431243658065796,0.05314527451992035,0.06108652427792549
1790341565497734100,24.535734130859375,0.20830504596233368,0.07513642311096191,0.001832595793530345
1790341565514135000,24.552135009765625,0.22540926933288574,0.04337143152952194,0.012217304669320583
1790341565530574300,24.56857421875,0.2382374405860901,0.039706241339445114,0.021991148591041565
1790341565547042600,24.58504248046875,0.23945917189121246,0.06230825558304787,0.04092797264456749
1790341565563509800,24.601509765625,0.22846360504627228,0.04581489413976669,-0.00733038317412138
1790341565579949800,24.61794970703125,0.24373523890972137,0.039706241339445114,0.012828170321881771
1790341565596414500,24.63441455078125,0.23029619455337524,0.05253441259264946,0.0006108652451075613
1790341565612858000,24.650858154296873,0.24129177629947662,0.04459316283464432,0.014049900695681572
1790341565629332200,24.667332275390624,0.2174680233001709,0.02871066704392433,0.00427605677396059
1790341565645777700,24.683777587890624,0.23396138846874237,0.04337143152952194,0.025045474991202354
1790341565662167800,24.700167724609376,0.22846360504627228,0.028099801391363144,0.004886921960860491
1790341565678638000,24.71663818359375,0.21441370248794556,-0.02015855349600315,0.06963863968849182
1790341565695077600,24.73307763671875,0.24617868661880493,-0.07513642311096191,0.09162978827953339
1790341565711562200,24.749562255859374,0.2217440903186798,-0.007941247895359993,0.022602014243602753
1790341565728002800,24.7660029296875,0.22846360504627228,-0.016493361443281174,-0.04948008432984352
1790341565744441900,24.78244189453125,0.22602014243602753,0.0507018156349659,-0.012217304669320583
1790341565760934700,24.7989345703125,0.2174680233001709,0.04581489413976669,-0.004886921960860491
1790341565777342500,24.815342529296874,0.2223549485206604,0.03176499158143997,0.00733038317412138
1790341565793772800,24.831772705078127,0.21135938167572021,0.010995574295520782,-0.015271631069481373
1790341565810239200,24.8482392578125,0.22663100063800812,-0.005497787147760391,-0.02932153269648552
1790341565826679300,24.86467919921875,0.21380282938480377,0.04337143152952194,-0.05864306539297104
1790341565843149300,24.8811494140625,0.22846360504627228,0.05619960278272629,-0.07941248267889023
1790341565859593700,24.89759375,0.24129177629947662,0.0354301854968071,-0.001832595793530345
1790341565876063500,24.9140634765625,0.21074850857257843,-0.0024434609804302454,0.015882495790719986
1790341565892510200,24.93051025390625,0.24617868661880493,-0.02015855349600315,0.024434609338641167
1790341565908959500,24.94695947265625,0.23884831368923187,0.015271631069481373,-0.016493361443281174
1790341565925432000,24.96343212890625,0.23579397797584534,0.01038470957428217,0.00366519158706069
1790341565941877500,24.97987744140625,0.22663100063800812,-0.05253441259264946,0.03787364438176155
1790341565958269200,24.996269287109374,0.24495697021484375,-0.0757472887635231,0.045204028487205505
1790341565974713300,25.01271337890625,0.24678955972194672,-0.0507018156349659,-0.00427605677396059
1790341565991155200,25.0291552734375,0.2431243658065796,-0.02076941914856434,-0.02321287989616394
1790341566007555000,25.04555517578125,0.23884831368923187,-0.016493361443281174,0.0006108652451075613
1790341566023994600,25.06199462890625,0.24495697021484375,-0.006719517521560192,0.059864792972803116
1790341566040464100,25.078464111328124,0.25534167885780334,0.0024434609804302454,0.04764748737215996
1790341566056945000,25.09494482421875,0.26083946228027344,-0.006719517521560192,-0.006719517521560192
1790341566072452900,25.110452880859373,0.25534167885780334,0.06352998316287994,0.00733038317412138
1790341566088921900,25.126921875,0.25595253705978394,0.08857546001672745,0.02932153269648552
1790341566105364700,25.14336474609375,0.24556782841682434,0.05925392732024193,0.009162978269159794
1790341566121834500,25.15983447265625,0.24862214922904968,0.024434609338641167,0.0012217304902151227
1790341566138253600,25.176253662109374,0.24984388053417206,-0.025656340643763542,0.00855211354792118
1790341566155307300,25.193307373046874,0.2541199326515198,0.01038470957428217,-0.00427605677396059
1790341566171093800,25.20909375,0.2687807083129883,0.03298672288656235,0.003054326167330146
1790341566187533600,25.225533447265626,0.24495697021484375,0.0507018156349659,-0.028099801391363144
1790341566204020500,25.2420205078125,0.26633724570274353,-0.01038470957428217,0.0006108652451075613
1790341566220461600,25.258461669921875,0.2638937830924988,-0.02687807008624077,-0.01038470957428217
1790341566236902400,25.27490234375,0.2742784917354584,-0.06963863968849182,-0.024434609338641167
1790341566253399300,25.2913994140625,0.27611109614372253,-0.04642575979232788,-0.022602014243602753
1790341566269841700,25.307841552734374,0.2773328125476837,-0.0012217304902151227,-0.02932153269648552
1790341566286316000,25.32431591796875,0.29565876722335815,-0.018936822190880775,-0.02015855349600315
1790341566302785500,25.34078564453125,0.26939156651496887,0.08429940044879913,-0.010995574295520782
1790341566319228200,25.357228271484374,0.30543261766433716,0.025656340643763542,-0.0024434609804302454
1790341566335696600,25.373696533203123,0.2773328125476837,0.07696902006864548,0.0006108652451075613
1790341566352135400,25.390135498046874,0.2736676335334778,0.01038470957428217,-0.01710422709584236
1790341566368601300,25.406601318359375,0.30604347586631775,-0.015882495790719986,0.00855211354792118
1790341566385039000,25.4230390625,0.2773328125476837,0,-0.0024434609804302454
1790341566401481000,25.43948095703125,0.2883284091949463,-0.03237585723400116,0.02687807008624077
1790341566417946400,25.4559462890625,0.2974913716316223,0.012828170321881771,0.048258353024721146
1790341566434386400,25.472386474609376,0.2877175211906433,0.045204028487205505,0.009162978269159794
1790341566450875600,25.488875732421874,0.30115658044815063,0.028099801391363144,-0.00366519158706069
1790341566467330000,25.505330078125,0.2919935882091522,0.06169738993048668,-0.004886921960860491
1790341566483772700,25.521772705078124,0.2919935882091522,0.03481931984424591,0.0024434609804302454
1790341566500176600,25.5381767578125,0.29565876722335815,0.0024434609804302454,0.01160643994808197
1790341566516612600,25.554612548828125,0.29077184200286865,-0.01466076634824276,0.006719517521560192
1790341566533075700,25.57107568359375,0.2938261926174164,-0.01771509274840355,-0.006719517521560192
1790341566549540400,25.587540283203126,0.28955012559890747,-0.02382374368607998,-0.02871066704392433
1790341566565976300,25.603976318359376,0.30054569244384766,-0.0012217304902151227,-0.02871066704392433
1790341566582439200,25.620439208984376,0.28466320037841797,-0.03298672288656235,-0.004886921960860491
1790341566598878200,25.636878173828126,0.3029891550540924,-0.021380282938480377,0.01466076634824276
1790341566615345000,25.653344970703124,0.2871066629886627,0.00366519158706069,-0.018325956538319588
1790341566631779800,25.66977978515625,0.30482175946235657,-0.025045474991202354,-0.03481931984424591
1790341566648221700,25.6862216796875,0.29138273000717163,-0.003054326167330146,-0.03176499158143997
1790341566664684800,25.702684814453125,0.28955012559890747,-0.018936822190880775,-0.0024434609804302454
1790341566681122600,25.71912255859375,0.2932153046131134,-0.06414084881544113,0.025656340643763542
1790341566697606100,25.735606201171876,0.29138273000717163,-0.03726277872920036,-0.00733038317412138
1790341566714043400,25.75204345703125,0.2883284091949463,-0.025656340643763542,0.003054326167330146
1790341566730480600,25.768480712890625,0.29565876722335815,-0.012217304669320583,-0.01771509274840355
1790341566746971100,25.78497119140625,0.30482175946235657,0.025045474991202354,-0.003054326167330146
1790341566763410700,25.80141064453125,0.2926044464111328,0.003054326167330146,0.01771509274840355
1790341566779878700,25.817878662109376,0.3023782968521118,0,0.028099801391363144
1790341566796349000,25.834348876953126,0.3017674386501312,0.012828170321881771,0.02687807008624077
1790341566812726300,25.850726318359374,0.2773328125476837,0.015271631069481373,0.001832595793530345
1790341566829195300,25.8671953125,0.31031954288482666,-0.06963863968849182,0.00855211354792118
1790341566845635000,25.883635009765626,0.2822197377681732,-0.03237585723400116,0.010995574295520782
1790341566862101800,25.900101806640624,0.2981022298336029,-0.05192354694008827,0.036651913076639175
1790341566878541300,25.916541259765626,0.304210901260376,-0.045204028487205505,0.03787364438176155
1790341566894986800,25.93298681640625,0.28099802136421204,0.018325956538319588,0.009773843921720982
1790341566911454500,25.949454345703124,0.3023782968521118,-0.001832595793530345,0.02687807008624077
1790341566927894000,25.96589404296875,0.2889392673969269,-0.02076941914856434,0.03848451003432274
1790341566944391400,25.982391357421875,0.28588494658470154,-0.018325956538319588,0.022602014243602753
1790341566960832300,25.998832275390626,0.2981022298336029,-0.05009094998240471,0.04886921867728233
1790341566977270500,26.0152705078125,0.28588494658470154,-0.03298672288656235,0.025656340643763542
1790341566993673700,26.031673828125,0.28466320037841797,0.001832595793530345,0.01710422709584236
1790341567010116600,26.04811669921875,0.28038713335990906,-0.02871066704392433,0.016493361443281174
1790341567026586400,26.06458642578125,0.28099802136421204,0.01466076634824276,0.02687807008624077
1790341567043054800,26.081054931640626,0.27488934993743896,0.005497787147760391,0.022602014243602753
1790341567059531000,26.097531005859373,0.2828305959701538,0.006719517521560192,0.03298672288656235
1790341567075910000,26.113909912109374,0.2785545587539673,-0.018325956538319588,0.009162978269159794
1790341567092248600,26.13024853515625,0.27488934993743896,-0.010995574295520782,0.010995574295520782
1790341567108717000,26.146717041015624,0.27550023794174194,-0.07880161702632904,0.031154127791523933
1790341567125202400,26.163202392578125,0.27550023794174194,-0.059864792972803116,-0.0012217304902151227
1790341567141616000,26.1796162109375,0.2834414839744568,-0.051312681287527084,0.00427605677396059
1790341567158048500,26.196048583984375,0.2620611786842346,-0.06169738993048668,0.025045474991202354
1790341567174487600,26.212487548828125,0.27550023794174194,-0.04214970022439957,0.03176499158143997
1790341567190972200,26.22897216796875,0.2785545587539673,-0.04153883829712868,0.0006108652451075613
1790341567207411200,26.2454111328125,0.2718350291252136,-0.031154127791523933,-0.0012217304902151227
1790341567223849700,26.261849609375,0.25473082065582275,-0.024434609338641167,0.02076941914856434
1790341567240339700,26.278339599609374,0.2742784917354584,-0.01160643994808197,0.04337143152952194
1790341567256778800,26.29477880859375,0.2632829248905182,-0.029932396486401558,0.022602014243602753
1790341567273251800,26.311251953125,0.26511552929878235,-0.0507018156349659,-0.01710422709584236
1790341567289726200,26.327726318359375,0.28527405858039856,-0.06352998316287994,-0.02076941914856434
1790341567306170000,26.344170166015626,0.27611109614372253,0.04764748737215996,-0.0006108652451075613
1790341567322638600,26.360638671875,0.2822197377681732,0.019547687843441963,0.02321287989616394
1790341567339079200,26.3770791015625,0.2541199326515198,0.05925392732024193,-0.00366519158706069
1790341567355549200,26.393549072265625,0.27611109614372253,0.00733038317412138,0.001832595793530345
1790341567371991300,26.4099912109375,0.2687807083129883,-0.0861319974064827,-0.018325956538319588
1790341567388440300,26.4264404296875,0.2571742534637451,-0.02871066704392433,-0.00427605677396059
1790341567404913400,26.442913330078124,0.2681698501110077,-0.039095375686883926,0.015882495790719986
1790341567421357300,26.459357421875,0.28649580478668213,-0.01710422709584236,0.00855211354792118
1790341567437845200,26.47584521484375,0.2590068578720093,0.003054326167330146,-0.025656340643763542
1790341567454289200,26.4922890625,0.2724458873271942,0.05619960278272629,0.006108652334660292
1790341567470733300,26.5087333984375,0.28466320037841797,0.04398229718208313,0.051312681287527084
1790341567487118300,26.525118408203124,0.25595253705978394,0.04337143152952194,0.0024434609804302454
1790341567503562200,26.541562255859375,0.27122417092323303,-0.018936822190880775,-0.003054326167330146
1790341567520033500,26.558033447265625,0.2638937830924988,-0.051312681287527084,0.02321287989616394
1790341567536506400,26.57450634765625,0.2779437005519867,-0.0806342139840126,0.027488935738801956
1790341567552949800,26.59094970703125,0.2767219543457031,-0.025045474991202354,0.031154127791523933
1790341567569421300,26.60742138671875,0.2730567753314972,0.022602014243602753,0.01710422709584236
1790341567585866500,26.623866455078126,0.2779437005519867,0.014049900695681572,0.005497787147760391
1790341567602336300,26.640336181640624,0.27550023794174194,-0.00366519158706069,0.01038470957428217
1790341567618777300,26.65677734375,0.2779437005519867,-0.007941247895359993,0.01038470957428217
1790341567635223800,26.673223876953124,0.27550023794174194,-0.010995574295520782,0.007941247895359993
1790341567651692500,26.689692626953125,0.27550023794174194,0.00427605677396059,0.03298672288656235
1790341567668172500,26.706172607421873,0.26511552929878235,-0.04703662544488907,0.00855211354792118
1790341567684659500,26.722659423828127,0.26572638750076294,-0.045204028487205505,0.014049900695681572
1790341567701102600,26.7391025390625,0.26939156651496887,-0.08124507963657379,0.005497787147760391
1790341567717545500,26.75554541015625,0.2577851414680481,-0.08429940044879913,0.005497787147760391
1790341567734040800,26.772040771484374,0.2736676335334778,-0.11423180252313614,0
1790341567750484000,26.78848388671875,0.2687807083129883,-0.05375614017248154,0.02321287989616394
1790341567766953200,26.804953125,0.26511552929878235,-0.00733038317412138,0.007941247895359993
1790341567783425000,26.821425048828125,0.2919935882091522,-0.01710422709584236,0.033597588539123535
1790341567799869700,26.83786962890625,0.24617868661880493,0.03481931984424591,-0.015882495790719986
1790341567816340000,26.854340087890623,0.29138273000717163,-0.03787364438176155,0.045204028487205505
1790341567832782300,26.8707822265625,0.24129177629947662,-0.021991148591041565,0.003054326167330146
1790341567849255400,26.88725537109375,0.28649580478668213,-0.06352998316287994,-0.006719517521560192
1790341567865702000,26.903701904296874,0.2736676335334778,0.08796459436416626,0.051312681287527084
1790341567882150000,26.92014990234375,0.2785545587539673,0.04642575979232788,0.03848451003432274
1790341567898626300,26.936626220703126,0.2681698501110077,0.08552113175392151,0.02076941914856434
1790341567915070200,26.9530703125,0.2577851414680481,0.0354301854968071,-0.025045474991202354
1790341567931559700,26.9695595703125,0.29565876722335815,0.006108652334660292,0.029932396486401558
1790341567948003000,26.986003173828124,0.26145032048225403,0.05864306539297104,0.0354301854968071
1790341567964446500,27.002446533203123,0.2724458873271942,-0.018325956538319588,0.004886921960860491
1790341567980854000,27.01885400390625,0.29565876722335815,-0.05253441259264946,0.0012217304902151227
1790341567997296600,27.035296630859374,0.25595253705978394,0.004886921960860491,-0.02871066704392433
1790341568013769000,27.05176904296875,0.29016098380088806,-0.009773843921720982,-0.012828170321881771
1790341568030242600,27.06824267578125,0.2724458873271942,0.006719517521560192,0.015882495790719986
1790341568046688800,27.084688720703124,0.26939156651496887,0.00366519158706069,0.01771509274840355
1790341568063131400,27.10113134765625,0.27611109614372253,-0.051312681287527084,-0.012828170321881771
1790341568079579600,27.11757958984375,0.2938261926174164,0.05864306539297104,-0.02932153269648552
1790341568096059000,27.134058837890624,0.3029891550540924,0.1618792861700058,0.01038470957428217
1790341568112543500,27.15054345703125,0.2779437005519867,0.1869247704744339,0.012217304669320583
1790341568128994000,27.166994140625,0.2718350291252136,0.14844025671482086,0.014049900695681572
1790341568145468000,27.183468017578125,0.25534167885780334,0.014049900695681572,-0.01710422709584236
1790341568161892900,27.199892822265625,0.28038713335990906,-0.030543262138962746,-0.0012217304902151227
1790341568178348800,27.216348876953123,0.2626720666885376,-0.01710422709584236,0.013439035043120384
1790341568194796000,27.232796142578124,0.27488934993743896,-0.010995574295520782,-0.00855211354792118
1790341568211240200,27.249240234375,0.2638937830924988,-0.012217304669320583,0.019547687843441963
1790341568227737600,27.265737548828124,0.26572638750076294,-0.042760565876960754,0.022602014243602753
1790341568244181500,27.282181396484376,0.29016098380088806,-0.019547687843441963,0.0012217304902151227
1790341568260653300,27.2986533203125,0.2785545587539673,0.02932153269648552,-0.009773843921720982
1790341568277130500,27.315130615234374,0.2785545587539673,0.036651913076639175,-0.003054326167330146
1790341568293578000,27.331577880859374,0.2620611786842346,0.03726277872920036,-0.02321287989616394
1790341568310052000,27.348052001953125,0.2773328125476837,-0.036651913076639175,0.018325956538319588
1790341568326496000,27.36449609375,0.26450464129447937,-0.030543262138962746,-0.010995574295520782
1790341568342968300,27.38096826171875,0.2718350291252136,-0.039706241339445114,-0.013439035043120384
1790341568359411500,27.397411376953126,0.2687807083129883,-0.09773843735456467,-0.015882495790719986
1790341568375860000,27.41385986328125,0.26633724570274353,-0.00427605677396059,-0.00855211354792118
1790341568392330500,27.43033056640625,0.27122417092323303,0.06108652427792549,0.004886921960860491
1790341568408774000,27.44677392578125,0.26511552929878235,0.045204028487205505,-0.0024434609804302454
1790341568425163000,27.4631630859375,0.25473082065582275,0.05314527451992035,-0.014049900695681572
1790341568441604400,27.479604248046876,0.29077184200286865,0.04214970022439957,0.016493361443281174
1790341568458044400,27.49604443359375,0.2687807083129883,0.1007927656173706,0.007941247895359993
1790341568474450700,27.51245068359375,0.2779437005519867,0.10384709388017654,-0.012217304669320583
1790341568490888000,27.528887939453124,0.27488934993743896,0.10445795953273773,0.036041051149368286
1790341568507327500,27.545327392578123,0.27550023794174194,0.08002334833145142,0.039095375686883926
1790341568523799300,27.56179931640625,0.27061331272125244,0.06658431142568588,0.019547687843441963
1790341568540242700,27.57824267578125,0.2669481039047241,0.06963863968849182,-0.006719517521560192
1790341568556712400,27.59471240234375,0.26572638750076294,0,0.00427605677396059
1790341568573157000,27.6111572265625,0.2590068578720093,-0.07024950534105301,0.02015855349600315
1790341568589629200,27.627629150390625,0.24923302233219147,-0.08674286305904388,0.02626720629632473
1790341568606074000,27.64407421875,0.2767219543457031,-0.1966986060142517,0.0006108652451075613
1790341568622523000,27.66052294921875,0.2730567753314972,-0.04092797264456749,0.01710422709584236
1790341568638991600,27.67699169921875,0.2571742534637451,-0.060475658625364304,-0.01466076634824276
1790341568655429400,27.693429443359374,0.2822197377681732,0.03848451003432274,-0.007941247895359993
1790341568671916800,27.709916748046876,0.2773328125476837,0.021991148591041565,-0.0012217304902151227
1790341568688359400,27.726359375,0.2571742534637451,0.09162978827953339,-0.01038470957428217
1790341568704802600,27.742802490234375,0.2718350291252136,0.10506882518529892,0.02626720629632473
1790341568721297200,27.759297119140626,0.23273965716362,0.036041051149368286,-0.00427605677396059
1790341568737737500,27.775737548828126,0.2889392673969269,-0.051312681287527084,0.004886921960860491
1790341568754210600,27.79221044921875,0.2583959996700287,0.14538592100143433,-0.02871066704392433
1790341568770683400,27.808683349609375,0.2620611786842346,0.1258382350206375,-0.025656340643763542
1790341568787125800,27.825125732421874,0.26939156651496887,0.15027284622192383,0.0403171069920063
1790341568803598300,27.841598388671876,0.24984388053417206,0.025656340643763542,0.01160643994808197
1790341568820041000,27.858041015625,0.2871066629886627,0.04398229718208313,0.03848451003432274
1790341568836513800,27.874513671875,0.242513507604599,0.06230825558304787,-0.03726277872920036
1790341568852953600,27.89095361328125,0.26083946228027344,0.031154127791523933,-0.033597588539123535
1790341568869399300,27.9073994140625,0.27000242471694946,-0.02687807008624077,0.04398229718208313
1790341568885869300,27.923869384765624,0.252287358045578,-0.036651913076639175,-0.0012217304902151227
1790341568902313000,27.94031298828125,0.2834414839744568,-0.04703662544488907,0.04703662544488907
1790341568918804700,27.9568046875,0.2382374405860901,0.15577064454555511,-0.024434609338641167
1790341568935250400,27.97325048828125,0.2736676335334778,0.059864792972803116,-0.00427605677396059
1790341568951692000,27.989692138671874,0.21319197118282318,0.036651913076639175,0.025656340643763542
1790341568968076000,28.006075927734376,0.25595253705978394,-0.04581489413976669,0.027488935738801956
1790341568984515800,28.022515869140626,0.2840523421764374,-0.00366519158706069,0.01160643994808197
1790341569000982000,28.03898193359375,0.24068090319633484,0.04459316283464432,-0.01466076634824276
1790341569017451500,28.055451416015625,0.23090706765651703,-0.027488935738801956,-0.03298672288656235
1790341569033892600,28.071892578125,0.27550023794174194,-0.04764748737215996,0.0354301854968071
1790341569050362600,28.088362548828126,0.22418753802776337,-0.02382374368607998,0.05375614017248154
1790341569066758700,28.104758544921875,0.2681698501110077,-0.01466076634824276,0.03298672288656235
1790341569083229200,28.121229248046873,0.2736676335334778,0.004886921960860491,0.06780604273080826
1790341569099670500,28.13767041015625,0.24556782841682434,-0.005497787147760391,-0.012217304669320583
1790341569116169000,28.1541689453125,0.2883284091949463,0.036041051149368286,0.016493361443281174
1790341569132638000,28.170637939453126,0.23579397797584534,0.036041051149368286,-0.006108652334660292
1790341569149080600,28.18708056640625,0.2834414839744568,0.028099801391363144,0.009162978269159794
1790341569165571300,28.2035712890625,0.25595253705978394,0.030543262138962746,0.042760565876960754
1790341569182012700,28.2200126953125,0.2541199326515198,-0.06414084881544113,0.006719517521560192
1790341569198451000,28.236450927734374,0.27977627515792847,0.005497787147760391,0.001832595793530345
1790341569214930700,28.2529306640625,0.23884831368923187,-0.016493361443281174,-0.022602014243602753
1790341569231370500,28.26937060546875,0.23335053026676178,-0.10201449692249298,-0.004886921960860491
1790341569247838700,28.285838623046875,0.25961771607398987,-0.06719517707824707,0.004886921960860491
1790341569264307200,28.30230712890625,0.22418753802776337,-0.07941248267889023,0.03298672288656235
1790341569280745700,28.318745849609375,0.2431243658065796,-0.28466320037841797,-0.013439035043120384
1790341569297186000,28.33518603515625,0.2736676335334778,0.15577064454555511,0.03726277872920036
1790341569313629200,28.351629150390625,0.2376265823841095,0.22602014243602753,-0.03298672288656235
1790341569330101000,28.36810107421875,0.2767219543457031,0.054367005825042725,0.03420845419168472
1790341569346545700,28.384545654296875,0.23579397797584534,0.03726277872920036,-0.029932396486401558
1790341569362992600,28.40099267578125,0.2724458873271942,0.02321287989616394,-0.01038470957428217
1790341569379461400,28.41746142578125,0.2632829248905182,0.021380282938480377,0.02871066704392433
1790341569395905500,28.433905517578125,0.2480112910270691,-0.1368338167667389,-0.009162978269159794
1790341569412394500,28.45039453125,0.2828305959701538,0.05619960278272629,0.029932396486401558
1790341569428839700,28.466839599609376,0.2571742534637451,0.11667526513338089,-0.0006108652451075613
1790341569445284000,28.4832841796875,0.27000242471694946,0.01160643994808197,-0.04642575979232788
1790341569461684000,28.49968408203125,0.2577851414680481,0.1258382350206375,0.019547687843441963
1790341569478125800,28.516125732421877,0.24434609711170197,0.1014036312699318,-0.012217304669320583
1790341569494596900,28.532596923828127,0.2541199326515198,0.0806342139840126,0.03481931984424591
1790341569511069000,28.54906884765625,0.2217440903186798,-0.06719517707824707,0.009773843921720982
1790341569527511300,28.56551123046875,0.2321287989616394,-0.04642575979232788,0.006108652334660292
1790341569543980800,28.581980712890626,0.2577851414680481,-0.13927727937698364,0.012828170321881771
1790341569560422000,28.598421875,0.22540926933288574,-0.06658431142568588,0.029932396486401558
1790341569576892400,28.614892333984375,0.2773328125476837,0.005497787147760391,0.0024434609804302454
1790341569593335800,28.631335693359375,0.2370157092809677,0.07208210229873657,0.015271631069481373
1790341569609784000,28.6477841796875,0.22968533635139465,-0.04153883829712868,-0.015271631069481373
1790341569626257200,28.664257080078126,0.27611109614372253,-0.060475658625364304,0.0555887371301651
1790341569642701300,28.680701416015626,0.2217440903186798,0.012828170321881771,0.015271631069481373
1790341569659187200,28.697187255859376,0.2883284091949463,0.08429940044879913,0.021380282938480377
1790341569675631400,28.71363134765625,0.22418753802776337,0.16920967400074005,-0.03176499158143997
1790341569692118500,28.730118408203126,0.2724458873271942,0.10567969083786011,0.01160643994808197
1790341569708605400,28.74660546875,0.23396138846874237,0.0959058403968811,0.04764748737215996
1790341569725053200,28.76305322265625,0.24556782841682434,-0.1722639948129654,0.018936822190880775
1790341569741528600,28.779528564453123,0.242513507604599,-0.028099801391363144,0.012217304669320583
1790341569758008300,28.79600830078125,0.23884831368923187,-0.07330382615327835,0.006108652334660292
1790341569774457000,28.81245703125,0.23884831368923187,-0.012217304669320583,0.036041051149368286
1790341569790932000,28.828931884765623,0.23884831368923187,-0.029932396486401558,0.0024434609804302454
1790341569807377400,28.84537744140625,0.24556782841682434,-0.08368854224681854,0.036651913076639175
1790341569823850000,28.86185009765625,0.23579397797584534,-0.17043140530586243,0.006719517521560192
1790341569840292600,28.878292724609373,0.2669481039047241,0.015271631069481373,-0.003054326167330146
1790341569856683800,28.894683837890625,0.24190263450145721,0.042760565876960754,-0.00855211354792118
1790341569873154600,28.911154541015627,0.24129177629947662,-0.029932396486401558,0.04581489413976669
1790341569889596000,28.927595947265626,0.24617868661880493,0.05864306539297104,-0.003054326167330146
1790341569906083000,28.9440830078125,0.25045475363731384,-0.0861319974064827,-0.012217304669320583
1790341569922520600,28.9605205078125,0.2168571650981903,-0.14844025671482086,-0.0012217304902151227
1790341569938959600,28.976959716796873,0.2583959996700287,-0.05742133408784866,0.015882495790719986
1790341569955364600,28.993364501953124,0.24862214922904968,-0.02932153269648552,0.012828170321881771
1790341569971807500,29.009807373046876,0.25595253705978394,0.06841690838336945,-0.001832595793530345
1790341569988276500,29.0262763671875,0.23640485107898712,0.02382374368607998,0.0024434609804302454
1790341570004749300,29.042749267578124,0.24923302233219147,-0.1618792861700058,-0.006719517521560192
1790341570021193000,29.05919287109375,0.26511552929878235,0.007941247895359993,-0.010995574295520782
1790341570037663700,29.075663818359374,0.23396138846874237,-0.012828170321881771,-0.029932396486401558
1790341570054107400,29.092107421875,0.2577851414680481,-0.09224065393209457,0.02015855349600315
1790341570070626000,29.1086259765625,0.23640485107898712,0.004886921960860491,0.0006108652451075613
1790341570087071200,29.1250712890625,0.2620611786842346,-0.006719517521560192,-0.021380282938480377
1790341570103462700,29.141462646484374,0.2278527319431305,-0.003054326167330146,-0.018936822190880775
1790341570119930000,29.15793017578125,0.2431243658065796,-0.02321287989616394,-0.04764748737215996
1790341570136373500,29.17437353515625,0.25961771607398987,0.01160643994808197,0.04581489413976669
1790341570152861700,29.19086181640625,0.20463985204696655,-0.1160643994808197,-0.01771509274840355
1790341570169303800,29.2073037109375,0.2577851414680481,-0.07269296050071716,0.01160643994808197
1790341570185744400,29.223744384765624,0.2321287989616394,-0.10995574295520782,-0.04886921867728233
1790341570202117000,29.2401171875,0.26633724570274353,-0.08307767659425735,-0.022602014243602753
1790341570218559500,29.2565595703125,0.24862214922904968,0.051312681287527084,0.04092797264456749
1790341570235027700,29.27302783203125,0.23273965716362,0.02626720629632473,0.0012217304902151227
1790341570251498800,29.289498779296874,0.2736676335334778,0.033597588539123535,0.04459316283464432
1790341570267941000,29.305941162109374,0.19364428520202637,-0.022602014243602753,0.018936822190880775
1790341570284411400,29.322411376953124,0.2626720666885376,-0.13561208546161652,-0.013439035043120384
1790341570300851000,29.338850830078126,0.2632829248905182,-0.009773843921720982,0.07024950534105301
1790341570317316400,29.35531640625,0.20036379992961884,-0.02382374368607998,0.02076941914856434
1790341570333755100,29.371755126953126,0.2816088795661926,-0.10812314599752426,0.056810468435287476
1790341570350199800,29.38819970703125,0.2382374405860901,0.03176499158143997,0.01038470957428217
1790341570366667800,29.404667724609375,0.23457226157188416,0.0354301854968071,-0.019547687843441963
1790341570383109400,29.421109375,0.2583959996700287,-0.05864306539297104,0.029932396486401558
1790341570399594800,29.4375947265625,0.21930062770843506,-0.05864306539297104,0.056810468435287476
1790341570416035000,29.45403515625,0.24068090319633484,-0.05375614017248154,0.036651913076639175
1790341570432478000,29.47047802734375,0.2669481039047241,-0.1160643994808197,0.06536258012056351
1790341570448872000,29.486871826171875,0.24007004499435425,-0.06841690838336945,-0.018325956538319588
1790341570465316600,29.503316650390627,0.2779437005519867,0.10262536257505417,-0.024434609338641167
1790341570481789000,29.519788818359373,0.24984388053417206,0.10445795953273773,0.048258353024721146
1790341570498263300,29.53626318359375,0.21563543379306793,0.07391469180583954,0.02382374368607998
1790341570514711300,29.552711181640625,0.24190263450145721,-0.10018189996480942,0.033597588539123535
1790341570531162600,29.56916259765625,0.2480112910270691,-0.07635815441608429,0.012828170321881771
1790341570547576000,29.585576171875,0.23396138846874237,0.0006108652451075613,-0.010995574295520782
1790341570564053800,29.6020537109375,0.22663100063800812,-0.01038470957428217,0.04092797264456749
1790341570580500200,29.618500244140623,0.23090706765651703,-0.02015855349600315,0.04398229718208313
1790341570596948000,29.634947998046876,0.24007004499435425,-0.10995574295520782,-0.02321287989616394
1790341570613419800,29.651419677734374,0.23335053026676178,-0.04581489413976669,-0.036041051149368286
1790341570629862000,29.66786181640625,0.24862214922904968,-0.012828170321881771,-0.045204028487205505
1790341570646351400,29.684351318359376,0.24129177629947662,0.13744467496871948,0.03848451003432274
1790341570662794500,29.70079443359375,0.20891591906547546,0.0555887371301651,0.11239920556545258
1790341570679236900,29.71723681640625,0.25473082065582275,0.05314527451992035,-0.018325956538319588
1790341570695720200,29.73372021484375,0.24007004499435425,0.04337143152952194,-0.17898350954055786
1790341570712163000,29.7501630859375,0.19914206862449646,0.23396138846874237,0.06963863968849182
1790341570728632000,29.766632080078125,0.24495697021484375,-0.12828169763088226,-0.021991148591041565
1790341570745104400,29.7831044921875,0.3121521472930908,-0.35124751925468445,0.09896016865968704
1790341570761549800,29.7995498046875,0.12217304855585098,0.26633724570274353,-0.00855211354792118
1790341570778024400,29.8160244140625,0.2919935882091522,0.13500121235847473,-0.019547687843441963
1790341570794468600,29.832468505859374,0.25045475363731384,-0.32681289315223694,-0.00855211354792118
1790341570810946000,29.848946044921874,0.25106561183929443,-0.033597588539123535,0.02382374368607998
1790341570827388200,29.86538818359375,0.2321287989616394,0.3927863538265228,0.056810468435287476
1790341570843836700,29.881836669921874,0.2675589919090271,-0.11911872029304504,0.0354301854968071
1790341570860310000,29.89831005859375,0.23579397797584534,-0.03481931984424591,0.007941247895359993
1790341570876754200,29.914754150390625,0.26633724570274353,0.02076941914856434,0.025656340643763542
1790341570893149200,29.931149169921873,0.24190263450145721,0.025656340643763542,0.03176499158143997
1790341570909595000,29.947594970703125,0.23273965716362,-0.0757472887635231,0.02321287989616394
1790341570926038300,29.964038330078125,0.24617868661880493,-0.01466076634824276,0.025045474991202354
1790341570942438000,29.98043798828125,0.26633724570274353,0.039095375686883926,0.02932153269648552
1790341570958881500,29.996881591796875,0.22113321721553802,0.08246681094169617,0
1790341570975352800,30.013352783203125,0.2571742534637451,0.12950342893600464,0.021380282938480377
1790341570991827500,30.029827392578124,0.21013765037059784,0.1667662113904953,0.02076941914856434
1790341571008275000,30.04627490234375,0.23090706765651703,0.09285151958465576,0.0959058403968811
1790341571024749600,30.06274951171875,0.26939156651496887,-0.05742133408784866,0.13866640627384186
1790341571041197000,30.079197021484376,0.1869247704744339,-0.10018189996480942,-0.04642575979232788
1790341571057522700,30.095522705078125,0.2742784917354584,-0.09651670604944229,-0.20402899384498596
1790341571073943600,30.111943603515623,0.27611109614372253,-0.2767219543457031,0.012828170321881771
1790341571090393300,30.128393310546876,0.21563543379306793,-0.03481931984424591,0.007941247895359993
1790341571106847200,30.14484716796875,0.23273965716362,-0.015271631069481373,0.12400564551353455
1790341571123296000,30.1612958984375,0.24678955972194672,-0.33169981837272644,0.04459316283464432
1790341571139788300,30.177788330078126,0.2565633952617645,0.001832595793530345,-0.009773843921720982
1790341571156232200,30.194232177734374,0.21013765037059784,0.3237585723400116,-0.20463985204696655
1790341571172675800,30.21067578125,0.24678955972194672,-0.192422553896904,-0.027488935738801956
1790341571189164800,30.227164794921876,0.24007004499435425,-0.2174680233001709,-0.04153883829712868
1790341571205536000,30.243535888671875,0.20097467303276062,0.24373523890972137,0.10506882518529892
1790341571222006500,30.260006591796873,0.2681698501110077,-0.01038470957428217,-0.02687807008624077
1790341571238480100,30.276480224609376,0.23579397797584534,0.22663100063800812,0.00366519158706069
1790341571254922500,30.292922607421875,0.20341812074184418,-0.15332718193531036,-0.16920967400074005
1790341571271398400,30.3093984375,0.26511552929878235,-0.14538592100143433,-0.04948008432984352
1790341571287843800,30.32584375,0.19853121042251587,0.04214970022439957,0.0006108652451075613
1790341571304317700,30.342317626953125,0.251676470041275,-0.07269296050071716,0.08002334833145142
1790341571320762600,30.3587626953125,0.21441370248794556,-0.06719517707824707,0.0403171069920063
1790341571337211600,30.375211669921875,0.22052235901355743,-0.006719517521560192,-0.018936822190880775
1790341571353686000,30.39168603515625,0.252287358045578,0.02687807008624077,-0.025656340643763542
1790341571370133800,30.4081337890625,0.21380282938480377,0.2076941877603531,0.01038470957428217
1790341571386631000,30.424630859375,0.20402899384498596,0.13377949595451355,0.015882495790719986
1790341571403080000,30.441079833984375,0.23273965716362,-0.018936822190880775,0.0507018156349659
1790341571419521800,30.457521728515626,0.2278527319431305,0.06841690838336945,0.03848451003432274
1790341571435900000,30.47389990234375,0.21502456068992615,0.07513642311096191,-0.012217304669320583
1790341571452342000,30.490342041015627,0.2382374405860901,0.025656340643763542,-0.004886921960860491
1790341571468817200,30.506817138671874,0.19792033731937408,0.08429940044879913,-0.02015855349600315
1790341571485286100,30.5232861328125,0.2541199326515198,0.02382374368607998,-0.0012217304902151227
1790341571501728500,30.539728515625,0.2125810980796814,0.10323622822761536,0.07880161702632904
1790341571518201300,30.556201416015625,0.24862214922904968,-0.14416420459747314,0.04092797264456749
1790341571534643700,30.572643798828125,0.24129177629947662,0.07269296050071716,0.05009094998240471
1790341571551130600,30.589130615234374,0.19425514340400696,0.05864306539297104,-0.0507018156349659
1790341571567571700,30.60557177734375,0.2742784917354584,-0.11301007121801376,-0.01771509274840355
1790341571584015000,30.62201513671875,0.19608774781227112,0.059864792972803116,0.02687807008624077
1790341571600482000,30.63848193359375,0.2223549485206604,-0.08368854224681854,-0.007941247895359993
1790341571616924200,30.654924072265626,0.2535090744495392,-0.09162978827953339,-0.018936822190880775
1790341571633414000,30.671413818359376,0.2168571650981903,0.10690141469240189,-0.059864792972803116
1790341571649853400,30.687853515625,0.23640485107898712,0.14905111491680145,-0.005497787147760391
1790341571666295600,30.704295654296875,0.2223549485206604,0.06841690838336945,-0.02626720629632473
1790341571682782500,30.720782470703124,0.21380282938480377,0.02932153269648552,-0.05497787147760391
1790341571699219200,30.73721923828125,0.21013765037059784,-0.012828170321881771,-0.05864306539297104
1790341571715686100,30.75368603515625,0.23335053026676178,-0.0659734457731247,0.016493361443281174
1790341571732153900,30.77015380859375,0.21441370248794556,-0.018325956538319588,-0.01038470957428217
1790341571748593000,30.786593017578124,0.24923302233219147,0.04703662544488907,-0.015271631069481373
1790341571765041200,30.803041259765624,0.20036379992961884,0.07208210229873657,-0.042760565876960754
1790341571781481000,30.81948095703125,0.22602014243602753,-0.02626720629632473,-0.00855211354792118
1790341571797954000,30.8359541015625,0.251676470041275,-0.01160643994808197,0.00366519158706069
1790341571814396400,30.852396484375,0.21074850857257843,0.12339477986097336,0.016493361443281174
1790341571830846500,30.868846435546875,0.23457226157188416,0.05497787147760391,0.015271631069481373
1790341571847321300,30.8853212890625,0.22540926933288574,-0.08674286305904388,-0.006108652334660292
1790341571863766000,30.90176611328125,0.18448130786418915,-0.08857546001672745,0.001832595793530345
1790341571880220400,30.918220458984376,0.22968533635139465,-0.2021963894367218,0.07391469180583954
1790341571896632800,30.9346328125,0.2076941877603531,-0.15454891324043274,0.04214970022439957
1790341571913078800,30.951078857421876,0.22479841113090515,-0.07941248267889023,-0.015882495790719986
1790341571929487600,30.967487548828124,0.19975294172763824,0.031154127791523933,0.015271631069481373
1790341571945930000,30.983929931640624,0.24678955972194672,-0.039706241339445114,0.021380282938480377
1790341571962401300,31.0004013671875,0.21380282938480377,0.12095131725072861,0.060475658625364304
1790341571978872000,31.0168720703125,0.21502456068992615,-0.006108652334660292,0.02382374368607998
1790341571995315500,31.0333154296875,0.23945917189121246,-0.012828170321881771,0.059864792972803116
1790341572011780000,31.049780029296876,0.21319197118282318,0.01710422709584236,-0.021991148591041565
1790341572028223500,31.066223388671876,0.2577851414680481,0.09834930300712585,0.05925392732024193
1790341572044695600,31.082695556640626,0.19608774781227112,0.048258353024721146,0.04398229718208313
1790341572061075700,31.09907568359375,0.22968533635139465,-0.17287486791610718,0.033597588539123535
1790341572077522000,31.11552197265625,0.21502456068992615,-0.08002334833145142,0.10262536257505417
1790341572093991700,31.13199169921875,0.1973094791173935,-0.09224065393209457,0.031154127791523933
1790341572110434800,31.148434814453125,0.24434609711170197,-0.1258382350206375,0.012828170321881771
1790341572127827000,31.165826904296875,0.2217440903186798,-0.07941248267889023,0.04764748737215996
1790341572144266500,31.1822666015625,0.18936823308467865,0.02687807008624077,0.0757472887635231
1790341572160708400,31.198708251953125,0.25045475363731384,-0.08796459436416626,0.054367005825042725
1790341572177112600,31.215112548828124,0.22357667982578278,0.00733038317412138,0.07819075137376785
1790341572193555200,31.23155517578125,0.22968533635139465,0.00427605677396059,-0.006108652334660292
1790341572210025500,31.248025390625,0.2321287989616394,-0.015271631069481373,0.059864792972803116
1790341572226493700,31.26449365234375,0.21013765037059784,-0.019547687843441963,0.021380282938480377
1790341572242931000,31.280930908203125,0.25961771607398987,-0.04886921867728233,0.04764748737215996
1790341572259396600,31.297396728515626,0.19364428520202637,0.012828170321881771,-0.00366519158706069
1790341572275832600,31.31383251953125,0.20830504596233368,0.03848451003432274,0.06536258012056351
1790341572292302300,31.33030224609375,0.22479841113090515,-0.09040805697441101,0.0403171069920063
1790341572308743200,31.3467431640625,0.18997909128665924,-0.04092797264456749,-0.02321287989616394
1790341572325188900,31.36318896484375,0.2541199326515198,-0.12278391420841217,-0.04214970022439957
1790341572341658400,31.379658447265626,0.23029619455337524,0.036651913076639175,0.028099801391363144
1790341572358099200,31.39609912109375,0.20097467303276062,0.018325956538319588,-0.05253441259264946
1790341572374584600,31.41258447265625,0.23151792585849762,0.004886921960860491,-0.021991148591041565
1790341572391024600,31.429024658203126,0.19303341209888458,-0.09468411654233932,-0.028099801391363144
1790341572407466200,31.44546630859375,0.21380282938480377,-0.11911872029304504,-0.012828170321881771
1790341572423852800,31.461852783203124,0.23335053026676178,-0.01771509274840355,0.02015855349600315
1790341572440292000,31.4782919921875,0.21502456068992615,0.07208210229873657,-0.02382374368607998
1790341572456759300,31.49475927734375,0.24923302233219147,0.09040805697441101,-0.04703662544488907
1790341572473230600,31.511230712890626,0.22113321721553802,0.11362093687057495,-0.048258353024721146
1790341572489672000,31.527671875,0.22113321721553802,0.03787364438176155,0.006108652334660292
1790341572506146000,31.54414599609375,0.2076941877603531,-0.0659734457731247,0.02626720629632473
1790341572522586400,31.56058642578125,0.22540926933288574,-0.1820378452539444,0.02076941914856434
1790341572539058700,31.57705859375,0.21013765037059784,-0.05864306539297104,-0.006108652334660292
1790341572555500500,31.59350048828125,0.2076941877603531,-0.04337143152952194,-0.0024434609804302454
1790341572571949800,31.60994970703125,0.24495697021484375,-0.027488935738801956,0.04153883829712868
1790341572588421400,31.62642138671875,0.2064724564552307,0.12522737681865692,0.014049900695681572
1790341572604862500,31.642862548828123,0.25045475363731384,0.005497787147760391,0.012828170321881771
1790341572621343000,31.659343017578124,0.24190263450145721,0.11178833991289139,0.03237585723400116
1790341572637783000,31.675782958984374,0.22479841113090515,0.05619960278272629,0.012828170321881771
1790341572654221800,31.692221923828125,0.2669481039047241,0.033597588539123535,0.0403171069920063
1790341572670712300,31.70871240234375,0.23945917189121246,0.08491026610136032,0.03237585723400116
1790341572687153400,31.7251533203125,0.23884831368923187,0.08491026610136032,-0.009162978269159794
1790341572703622100,31.7416220703125,0.2626720666885376,0.06719517707824707,-0.01710422709584236
1790341572720090000,31.758090087890626,0.23945917189121246,0.09712757170200348,0.009773843921720982
1790341572736525800,31.77452587890625,0.2541199326515198,-0.03420845419168472,0.024434609338641167
1790341572752992500,31.790992431640625,0.23884831368923187,-0.005497787147760391,0.024434609338641167
1790341572769429800,31.8074296875,0.26022860407829285,-0.07880161702632904,0.006719517521560192
1790341572785896400,31.823896484375,0.2632829248905182,-0.031154127791523933,-0.018325956538319588
1790341572802337000,31.8403369140625,0.24495697021484375,0.09285151958465576,-0.014049900695681572
1790341572818779400,31.856779296875,0.252287358045578,-0.003054326167330146,-0.00733038317412138
1790341572835249000,31.873248779296876,0.25534167885780334,-0.0757472887635231,-0.0006108652451075613
1790341572851688400,31.8896884765625,0.23579397797584534,0.02321287989616394,0.00427605677396059
1790341572868173600,31.906173583984376,0.2620611786842346,-0.09162978827953339,-0.019547687843441963
1790341572884613600,31.922613525390624,0.2620611786842346,-0.09407325088977814,-0.006719517521560192
1790341572901053400,31.939053466796874,0.24678955972194672,0.015271631069481373,0.001832595793530345
1790341572917446700,31.95544677734375,0.26939156651496887,-0.08124507963657379,-0.03481931984424591
1790341572933886500,31.971886474609374,0.25045475363731384,-0.009162978269159794,-0.04214970022439957
1790341572950355700,31.988355712890623,0.2535090744495392,-0.006108652334660292,-0.039095375686883926
1790341572966821600,32.00482153320313,0.2638937830924988,-0.00366519158706069,-0.00733038317412138
1790341572983257900,32.0212578125,0.2480112910270691,-0.021380282938480377,-0.04337143152952194
1790341572999728600,32.03772875976563,0.26939156651496887,0.08185594528913498,-0.030543262138962746
1790341573016173000,32.05417309570313,0.2565633952617645,-0.01038470957428217,-0.027488935738801956
1790341573032642300,32.070642333984374,0.2382374405860901,0.018325956538319588,-0.0354301854968071
1790341573049077800,32.087077880859376,0.26939156651496887,0.02932153269648552,0.006719517521560192
1790341573065995500,32.10399560546875,0.24434609711170197,0.04581489413976669,0.00855211354792118
1790341573081779700,32.11977978515625,0.22968533635139465,-0.08307767659425735,0.005497787147760391
1790341573098215700,32.13621557617188,0.26083946228027344,-0.056810468435287476,-0.019547687843441963
1790341573114692400,32.1526923828125,0.23273965716362,-0.01038470957428217,0.024434609338641167
1790341573131135200,32.16913525390625,0.2431243658065796,-0.06780604273080826,0.045204028487205505
1790341573147576000,32.185576171875,0.29138273000717163,0.06108652427792549,0.07513642311096191
1790341573164061700,32.20206176757812,0.23579397797584534,0.1319468915462494,0.02076941914856434
1790341573180504800,32.2185048828125,0.252287358045578,0.10018189996480942,-0.01466076634824276
1790341573196974800,32.234974853515624,0.2577851414680481,0.06719517707824707,0.024434609338641167
1790341573213446000,32.25144580078125,0.22540926933288574,0.039095375686883926,0.054367005825042725
1790341573229857000,32.26785693359375,0.24129177629947662,-0.009162978269159794,0.04214970022439957
1790341573246291700,32.284291748046876,0.2724458873271942,-0.033597588539123535,0.025656340643763542
1790341573262730500,32.30073046875,0.22663100063800812,0.042760565876960754,-0.030543262138962746
1790341573279200800,32.31720068359375,0.25045475363731384,-0.01710422709584236,0.028099801391363144
1790341573295640800,32.33364086914062,0.25961771607398987,-0.09162978827953339,0.02626720629632473
1790341573312087300,32.35008740234375,0.2577851414680481,0.019547687843441963,0.036651913076639175
1790341573328562700,32.36656274414062,0.23518311977386475,0.03176499158143997,-0.027488935738801956
1790341573345001700,32.383001708984374,0.25106561183929443,0.0555887371301651,-0.012828170321881771
1790341573361393200,32.39939306640625,0.21991148591041565,-0.01160643994808197,0.00733038317412138
1790341573377832700,32.41583276367187,0.23640485107898712,-0.06902777403593063,0.00733038317412138
1790341573394269700,32.43226977539062,0.2278527319431305,-0.007941247895359993,0.009162978269159794
1790341573410676500,32.44867651367188,0.2376265823841095,-0.06169738993048668,0.015882495790719986
1790341573427113500,32.46511352539063,0.23273965716362,-0.06719517707824707,-0.012217304669320583
1790341573443584300,32.48158422851562,0.23457226157188416,0.0024434609804302454,0.01710422709584236
1790341573460053800,32.4980537109375,0.21807889640331268,-0.07819075137376785,0.02687807008624077
1790341573476491500,32.51449145507812,0.23518311977386475,-0.11911872029304504,0.015882495790719986
1790341573492958500,32.53095849609375,0.25473082065582275,-0.11484266817569733,0.04337143152952194
1790341573509398000,32.54739794921875,0.21930062770843506,-0.039095375686883926,-0.02687807008624077
1790341573525869300,32.563869384765624,0.2724458873271942,-0.0403171069920063,0.003054326167330146
1790341573542309600,32.5803095703125,0.24678955972194672,0.036041051149368286,0.021380282938480377
1790341573558753800,32.59675390625,0.22052235901355743,0.06414084881544113,0.015882495790719986
1790341573575141000,32.61314111328125,0.22907446324825287,-0.001832595793530345,0.005497787147760391
1790341573591580200,32.629580078125,0.2174680233001709,-0.04642575979232788,-0.001832595793530345
1790341573608059000,32.64605883789063,0.21991148591041565,-0.13072516024112701,-0.02321287989616394
1790341573624499200,32.66249926757813,0.24984388053417206,-0.030543262138962746,0.0024434609804302454
1790341573640938500,32.6789384765625,0.24495697021484375,0.07208210229873657,0.0024434609804302454
1790341573657430800,32.6954306640625,0.2370157092809677,0.13500121235847473,-0.02321287989616394
1790341573673868500,32.71186865234375,0.21502456068992615,0.05009094998240471,-0.01771509274840355
1790341573690334700,32.72833471679687,0.22113321721553802,0.018936822190880775,-0.014049900695681572
1790341573706804200,32.74480419921875,0.2272418737411499,-0.04764748737215996,0.0006108652451075613
1790341573723283500,32.761283447265626,0.20036379992961884,-0.05009094998240471,-0.003054326167330146
1790341573739754800,32.77775463867187,0.23396138846874237,-0.0708603709936142,-0.025045474991202354
1790341573756194000,32.794194091796875,0.21807889640331268,-0.09529497474431992,0.015882495790719986
1790341573772661200,32.8106611328125,0.21319197118282318,-0.11728613078594208,-0.004886921960860491
1790341573789102600,32.8271025390625,0.25595253705978394,-0.0659734457731247,0.02076941914856434
1790341573805550600,32.84355053710937,0.2028072625398636,-0.031154127791523933,0.01771509274840355
1790341573822026200,32.86002612304687,0.23518311977386475,-0.07330382615327835,0.024434609338641167
1790341573838472700,32.87647265625,0.23396138846874237,0.04948008432984352,0.021991148591041565
1790341573854964700,32.89296484375,0.21563543379306793,-0.036651913076639175,0.02871066704392433
1790341573871405800,32.90940576171875,0.23457226157188416,-0.09529497474431992,0.04764748737215996
1790341573887847400,32.92584741210938,0.22479841113090515,-0.14844025671482086,0.028099801391363144
1790341573904240000,32.942240234375,0.23518311977386475,-0.13377949595451355,0.0354301854968071
1790341573920647000,32.95864697265625,0.21868975460529327,-0.08002334833145142,0.03481931984424591
1790341573937113900,32.97511376953125,0.22907446324825287,-0.051312681287527084,0.04214970022439957
1790341573953582000,32.99158203125,0.24190263450145721,-0.018936822190880775,0.048258353024721146
1790341573970025200,33.00802514648438,0.22357667982578278,0.10323622822761536,0.003054326167330146
1790341573986491000,33.024490966796876,0.2272418737411499,0.06963863968849182,0.010995574295520782
1790341574002934800,33.040934814453124,0.22602014243602753,-0.060475658625364304,0.025656340643763542
1790341574019406000,33.05740600585938,0.21991148591041565,-0.05253441259264946,0.013439035043120384
1790341574035849200,33.07384912109375,0.23945917189121246,-0.04581489413976669,0.018325956538319588
1790341574052297200,33.09029711914062,0.23029619455337524,0.03237585723400116,0.009773843921720982
1790341574068697600,33.106697509765624,0.2174680233001709,-0.01771509274840355,-0.03481931984424591
1790341574085142500,33.123142578125,0.23884831368923187,-0.02076941914856434,-0.015271631069481373
1790341574101631700,33.1396318359375,0.20891591906547546,0.00427605677396059,-0.031154127791523933
1790341574118016300,33.156016357421876,0.23090706765651703,-0.02015855349600315,-0.03420845419168472
1790341574134461000,33.1724609375,0.21807889640331268,-0.05009094998240471,-0.00366519158706069
1790341574150959900,33.1889599609375,0.22357667982578278,-0.05864306539297104,-0.02932153269648552
1790341574167402000,33.20540209960937,0.22418753802776337,0.02687807008624077,-0.01771509274840355
1790341574183866600,33.22186669921875,0.21441370248794556,-0.04764748737215996,-0.0403171069920063
1790341574200338700,33.23833862304687,0.22663100063800812,0.01038470957428217,-0.01710422709584236
1790341574216782000,33.254781982421875,0.20097467303276062,0.036041051149368286,-0.014049900695681572
1790341574233254400,33.27125439453125,0.2015855312347412,0.006719517521560192,-0.005497787147760391
1790341574249620000,33.28761987304687,0.1973094791173935,-0.05253441259264946,0.010995574295520782
1790341574266090200,33.30409033203125,0.19364428520202637,-0.0354301854968071,0.01038470957428217
1790341574282531600,33.320531494140624,0.20891591906547546,-0.001832595793530345,0.03237585723400116
1790341574298978000,33.33697802734375,0.19547687470912933,0.0006108652451075613,0.012217304669320583
1790341574315446300,33.3534462890625,0.20341812074184418,0.02015855349600315,0.019547687843441963
1790341574331884800,33.369884765625,0.20463985204696655,-0.02076941914856434,0.02076941914856434
1790341574348367400,33.38636743164062,0.19608774781227112,0.004886921960860491,0.03176499158143997
1790341574364806400,33.40280639648437,0.19425514340400696,-0.06230825558304787,0.021380282938480377
1790341574381246700,33.41924682617187,0.182648703455925,-0.04398229718208313,0.01160643994808197
1790341574397653000,33.435653076171874,0.1973094791173935,-0.11911872029304504,0.029932396486401558
1790341574414093800,33.45209375,0.1875356286764145,-0.06291911751031876,0.04214970022439957
1790341574430566400,33.46856640625,0.2125810980796814,0.00427605677396059,0.03420845419168472
1790341574447033900,33.48503393554687,0.18814650177955627,0.06291911751031876,0.009773843921720982
1790341574463474200,33.50147412109375,0.1973094791173935,0.01038470957428217,0.004886921960860491
1790341574479945700,33.51794580078125,0.19120082259178162,0.07269296050071716,0.04459316283464432
1790341574496385500,33.53438549804687,0.1765400618314743,-0.014049900695681572,-0.00366519158706069
1790341574512855800,33.55085571289062,0.192422553896904,0.007941247895359993,0.021380282938480377
1790341574529292300,33.56729223632812,0.1765400618314743,-0.05803219974040985,-0.00427605677396059
1790341574545736700,33.58373681640625,0.18875735998153687,-0.045204028487205505,0.00366519158706069
1790341574562209000,33.600208984375,0.182648703455925,0.02321287989616394,-0.005497787147760391
1790341574578649300,33.6166494140625,0.1869247704744339,0.02382374368607998,-0.00427605677396059
1790341574595144200,33.633144287109374,0.18814650177955627,0.01771509274840355,0.0024434609804302454
1790341574611582200,33.64958227539063,0.17470745742321014,0.016493361443281174,-0.006719517521560192
1790341574628024600,33.66602465820313,0.18325957655906677,0.006108652334660292,-0.02321287989616394
1790341574644529700,33.68252978515625,0.16554448008537292,0.02871066704392433,-0.025656340643763542
1790341574660974600,33.698974609375,0.17104226350784302,0.0006108652451075613,-0.006719517521560192
1790341574677448000,33.715447998046876,0.1667662113904953,0.010995574295520782,-0.006108652334660292
1790341574693918700,33.73191870117188,0.16798794269561768,-0.01038470957428217,-0.006719517521560192
1790341574710359300,33.748359375,0.15882496535778046,0.02321287989616394,-0.03481931984424591
1790341574726833400,33.76483349609375,0.16493362188339233,0.059864792972803116,-0.007941247895359993
1790341574743274000,33.78127392578125,0.16310101747512817,0.01160643994808197,0.012217304669320583
1790341574759747000,33.7977470703125,0.15882496535778046,0.019547687843441963,0.0006108652451075613
1790341574776190200,33.81419018554688,0.16310101747512817,-0.028099801391363144,-0.02015855349600315
1790341574792653800,33.83065380859375,0.15271630883216858,0.007941247895359993,-0.02321287989616394
1790341574809128000,33.8471279296875,0.1612684279680252,-0.018325956538319588,0.014049900695681572
1790341574825570300,33.8635703125,0.1411098688840866,0.01038470957428217,0.009162978269159794
1790341574842031600,33.880031494140624,0.15454891324043274,-0.021991148591041565,0.015882495790719986
1790341574858469400,33.89646948242188,0.1569923609495163,-0.00733038317412138,0.00855211354792118
1790341574874908700,33.91290869140625,0.15577064454555511,0.007941247895359993,0.00733038317412138
1790341574891318800,33.92931884765625,0.1508837193250656,0.042760565876960754,0.014049900695681572
1790341574907762000,33.94576196289062,0.14782938361167908,0.025045474991202354,0.02015855349600315
1790341574924235500,33.96223559570313,0.14782938361167908,0.021380282938480377,0.005497787147760391
1790341574940707600,33.97870751953125,0.1417207419872284,-0.003054326167330146,0.01160643994808197
1790341574957150500,33.995150390625,0.13744467496871948,-0.009162978269159794,0.00366519158706069
1790341574973619500,34.01161938476562,0.1411098688840866,0.006108652334660292,0.018325956538319588
1790341574990063400,34.0280634765625,0.13072516024112701,-0.014049900695681572,0.01160643994808197
1790341575006538500,34.04453857421875,0.13744467496871948,0.0024434609804302454,0.006108652334660292
1790341575022983700,34.06098364257812,0.13988813757896423,-0.018325956538319588,-0.004886921960860491
1790341575039430700,34.0774306640625,0.1362229436635971,0.030543262138962746,-0.001832595793530345
1790341575055865000,34.09386499023437,0.12461651116609573,0.02687807008624077,-0.012217304669320583
1790341575072270300,34.11027026367187,0.12950342893600464,0.01710422709584236,-0.015882495790719986
1790341575088771600,34.126771484375,0.11850785464048386,0.0507018156349659,-0.01466076634824276
1790341575105214000,34.1432138671875,0.12889257073402405,0.0354301854968071,0.004886921960860491
1790341575121658000,34.159658203125,0.1160643994808197,0.05192354694008827,0.0012217304902151227
1790341575138155800,34.17615576171875,0.12767083942890167,0.00366519158706069,-0.009162978269159794
1790341575154600200,34.19260009765625,0.10995574295520782,0.04886921867728233,-0.01038470957428217
1790341575171073300,34.2090732421875,0.11301007121801376,0.007941247895359993,0.0006108652451075613
1790341575187543600,34.22554345703125,0.11667526513338089,-0.015271631069481373,0.027488935738801956
1790341575203984600,34.241984619140624,0.1062905490398407,-0.03420845419168472,0.015882495790719986
1790341575220454000,34.25845385742188,0.11301007121801376,-0.01466076634824276,0
1790341575236917800,34.274917724609374,0.10751228034496307,-0.01710422709584236,0.009773843921720982
1790341575253359900,34.29135986328125,0.10934487730264664,0.015882495790719986,0.02871066704392433
1790341575269850000,34.30785009765625,0.11301007121801376,-0.00427605677396059,0.03237585723400116
1790341575286300700,34.32430078125,0.10018189996480942,-0.018325956538319588,0.022602014243602753
1790341575302773500,34.3407734375,0.09529497474431992,-0.005497787147760391,0.019547687843441963
1790341575319235600,34.35723559570312,0.09712757170200348,-0.036651913076639175,0.01771509274840355
1790341575335709200,34.37370922851562,0.09407325088977814,-0.02626720629632473,0.03420845419168472
1790341575352151800,34.39015185546875,0.09773843735456467,-0.007941247895359993,0.02932153269648552
1790341575368607500,34.406607421875,0.10751228034496307,-0.0006108652451075613,0.016493361443281174
1790341575385106000,34.42310595703125,0.09529497474431992,0.07513642311096191,0.01160643994808197
1790341575401548300,34.43954833984375,0.09407325088977814,0.045204028487205505,-0.0012217304902151227
1790341575418023000,34.45602294921875,0.09651670604944229,0.015882495790719986,0.01710422709584236
1790341575434529300,34.472529296875,0.10567969083786011,0.03787364438176155,0.012217304669320583
1790341575450988800,34.48898876953125,0.08368854224681854,-0.009773843921720982,0.0006108652451075613
1790341575467478500,34.505478515625,0.09040805697441101,-0.04764748737215996,-0.00366519158706069
1790341575483950800,34.52195092773437,0.07452555745840073,-0.01771509274840355,-0.016493361443281174
1790341575500451600,34.53845166015625,0.09712757170200348,-0.04764748737215996,-0.006108652334660292
1790341575516913200,34.5549130859375,0.0659734457731247,-0.0507018156349659,-0.00733038317412138
1790341575533404400,34.571404296875,0.07024950534105301,0.02626720629632473,0.01466076634824276
1790341575549924900,34.5879248046875,0.09712757170200348,0,-0.036651913076639175
1790341575566380500,34.604380615234376,0.05925392732024193,0.01771509274840355,-0.027488935738801956
1790341575582878700,34.62087866210938,0.07208210229873657,0.016493361443281174,0.01710422709584236
1790341575599406800,34.63740673828125,0.08796459436416626,-0.03298672288656235,0
1790341575615884500,34.65388452148437,0.06352998316287994,-0.05742133408784866,0.012828170321881771
1790341575632426000,34.670426025390626,0.07330382615327835,-0.022602014243602753,-0.00427605677396059
1790341575648910000,34.68691015625,0.08246681094169617,-0.04886921867728233,0.0006108652451075613
1790341575665411000,34.7034111328125,0.054367005825042725,-0.015882495790719986,0.003054326167330146
1790341575681900500,34.71990063476562,0.06902777403593063,0.00427605677396059,0.012217304669320583
1790341575698378800,34.736378662109374,0.08185594528913498,-0.024434609338641167,0.015882495790719986
1790341575714896400,34.752896484375,0.05864306539297104,-0.004886921960860491,0.015882495790719986
1790341575731350800,34.769350830078125,0.07880161702632904,0.003054326167330146,-0.001832595793530345
1790341575747780900,34.78578076171875,0.07391469180583954,0.001832595793530345,-0.005497787147760391
1790341575764237600,34.802237548828124,0.05314527451992035,0.042760565876960754,-0.01038470957428217
1790341575780737500,34.818737548828125,0.08368854224681854,0.016493361443281174,0.01771509274840355
1790341575797221600,34.8352216796875,0.06902777403593063,0.00855211354792118,0.018936822190880775
1790341575813704400,34.851704345703126,0.05314527451992035,0.02382374368607998,0.007941247895359993
1790341575830201600,34.86820166015625,0.08491026610136032,0.021991148591041565,-0.00855211354792118
1790341575846691600,34.88469165039062,0.06475171446800232,-0.02626720629632473,-0.012828170321881771
1790341575863171600,34.90117163085937,0.06169738993048668,-0.02871066704392433,-0.00366519158706069
1790341575879669800,34.917669677734374,0.04764748737215996,0.018936822190880775,0.016493361443281174
1790341575896131800,34.9341318359375,0.10506882518529892,-0.08735372871160507,-0.018936822190880775
1790341575912618200,34.9506181640625,0.04398229718208313,-0.01466076634824276,0.016493361443281174
1790341575929091600,34.967091552734374,0.09407325088977814,-0.08918632566928864,-0.006108652334660292
1790341575945530600,34.983530517578124,0.06169738993048668,-0.15760323405265808,-0.01771509274840355
1790341575961972200,34.99997216796875,0.039095375686883926,-0.07330382615327835,-0.014049900695681572
1790341575978452200,35.0164521484375,0.054367005825042725,0.00366519158706069,-0.0012217304902151227
1790341575994918400,35.03291845703125,0.03848451003432274,0.014049900695681572,0.01771509274840355
1790341576011412500,35.04941259765625,0.06475171446800232,-0.01710422709584236,0.015882495790719986
1790341576027898400,35.0658984375,0.07391469180583954,-0.028099801391363144,0.014049900695681572
1790341576044386600,35.08238647460937,0.05314527451992035,-0.04581489413976669,0.02076941914856434
1790341576060798000,35.0987978515625,0.05375614017248154,-0.03420845419168472,0.014049900695681572
1790341576077299700,35.1152998046875,0.04214970022439957,0.015882495790719986,0.01710422709584236
1790341576093759700,35.131759765625,0.07391469180583954,-0.029932396486401558,0.030543262138962746
1790341576110237200,35.1482373046875,0.013439035043120384,0.015271631069481373,0.0012217304902151227
1790341576126782500,35.16478247070312,0.07330382615327835,0.02382374368607998,-0.00855211354792118
1790341576143290400,35.181290283203126,0.09040805697441101,-0.06719517707824707,0.013439035043120384
1790341576159732500,35.197732421875,0.03298672288656235,-0.08796459436416626,0.005497787147760391
1790341576176258000,35.214258056640624,0.0757472887635231,-0.03726277872920036,0.004886921960860491
1790341576192728300,35.230728271484374,0.05803219974040985,-0.03420845419168472,-0.00366519158706069
1790341576209250000,35.24725,0.015271631069481373,0.009162978269159794,0.01466076634824276
1790341576225740500,35.26374047851562,0.05925392732024193,0.025045474991202354,-0.015271631069481373
1790341576242211600,35.280211669921876,0.06780604273080826,-0.04459316283464432,-0.001832595793530345
1790341576258709200,35.296709228515624,0.02871066704392433,-0.009773843921720982,0.018936822190880775
1790341576275232000,35.31323193359375,0.0659734457731247,-0.01466076634824276,-0.01710422709584236
1790341576291756000,35.32975610351563,0.05375614017248154,-0.006108652334660292,0.00733038317412138
1790341576308248300,35.34624829101563,0.018936822190880775,0.03726277872920036,-0.024434609338641167
1790341576324750000,35.36275,0.06536258012056351,-0.003054326167330146,-0.003054326167330146
1790341576341214500,35.37921435546875,0.03237585723400116,-0.009162978269159794,0
1790341576357696300,35.3956962890625,0.04581489413976669,0.02687807008624077,0.01038470957428217
1790341576374207000,35.41220703125,0.05803219974040985,0.03237585723400116,-0.00366519158706069
1790341576390694100,35.42869409179688,0.04398229718208313,0.019547687843441963,0.007941247895359993
1790341576407196000,35.44519580078125,0.0403171069920063,-0.01466076634824276,0.007941247895359993
1790341576423686400,35.46168627929688,0.06352998316287994,-0.07147123664617538,0.02626720629632473
1790341576440167700,35.47816772460938,0.030543262138962746,-0.09773843735456467,0.006108652334660292
1790341576456646100,35.494646240234374,0.05192354694008827,0.01710422709584236,-0.018325956538319588
1790341576473135900,35.51113598632813,0.06841690838336945,-0.02382374368607998,0.02382374368607998
1790341576489637000,35.52763720703125,0.024434609338641167,-0.021380282938480377,0.021380282938480377
1790341576506131200,35.544131103515625,0.054367005825042725,-0.04948008432984352,0.02321287989616394
1790341576522617900,35.560617919921874,0.04214970022439957,-0.06658431142568588,-0.018325956538319588
1790341576539135200,35.57713525390625,0.05619960278272629,-0.07941248267889023,-0.02015855349600315
1790341576555620000,35.5936201171875,0.039095375686883926,-0.03726277872920036,-0.012217304669320583
1790341576572132900,35.6101328125,0.030543262138962746,-0.02321287989616394,-0.027488935738801956
1790341576588624100,35.6266240234375,0.054367005825042725,-0.03481931984424591,-0.0024434609804302454
1790341576605045500,35.64304541015625,0.0354301854968071,-0.048258353024721146,-0.03176499158143997
1790341576621573000,35.659572998046876,0.04398229718208313,-0.04764748737215996,-0.05619960278272629
1790341576638059800,35.676059814453126,0.056810468435287476,-0.025045474991202354,-0.03787364438176155
1790341576654563000,35.69256298828125,0.039095375686883926,-0.0507018156349659,-0.05009094998240471
1790341576671086000,35.70908618164062,0.039706241339445114,0.012828170321881771,-0.025656340643763542
1790341576687566300,35.72556640625,0.04459316283464432,0.02015855349600315,-0.0403171069920063
1790341576704087600,35.74208764648437,0.05619960278272629,0.006108652334660292,-0.018936822190880775
1790341576720577000,35.75857690429687,0.028099801391363144,0.006719517521560192,-0.029932396486401558
1790341576737081000,35.7750810546875,0.05192354694008827,-0.01466076634824276,-0.04398229718208313
1790341576753578000,35.79157788085938,0.048258353024721146,-0.045204028487205505,-0.03298672288656235
1790341576770084400,35.80808447265625,0.039706241339445114,-0.02871066704392433,-0.07635815441608429
1790341576786540800,35.82454077148437,0.045204028487205505,-0.039095375686883926,-0.12034045159816742
1790341576803002600,35.841002685546876,0.01710422709584236,-0.03726277872920036,0.01710422709584236
1790341576819491600,35.85749169921875,0.0959058403968811,-0.11728613078594208,0.03787364438176155
1790341576835933700,35.87393359375,-0.031154127791523933,0.22296582162380219,-0.1466076523065567
1790341576852375300,35.89037524414063,0.05803219974040985,0.1612684279680252,-0.16982053220272064
1790341576868832000,35.90683203125,0.029932396486401558,-0.06169738993048668,-0.009162978269159794
1790341576885307600,35.9233076171875,0.04153883829712868,-0.24129177629947662,-0.03298672288656235
1790341576901779700,35.93977978515625,0.04153883829712868,0.05742133408784866,0.06414084881544113
1790341576918282200,35.9562822265625,0.06902777403593063,0.07452555745840073,-0.11789698898792267
1790341576934722800,35.97272290039062,0.02015855349600315,-0.012217304669320583,-0.04764748737215996
1790341576951168500,35.98916845703125,0.08185594528913498,-0.03298672288656235,0.10751228034496307
1790341576967624700,36.00562475585937,0.01466076634824276,-0.04153883829712868,0.08552113175392151
1790341576984127500,36.02212744140625,-0.00733038317412138,0.10384709388017654,0.07757988572120667
1790341577000567800,36.03856787109375,0.048258353024721146,0.0861319974064827,0.10690141469240189
1790341577017025800,36.05502587890625,0.010995574295520782,-0.03420845419168472,0.06108652427792549
1790341577033510100,36.07151025390625,0.00855211354792118,0.05619960278272629,0.12767083942890167
1790341577049949400,36.08794946289063,0.03420845419168472,0.015882495790719986,0.08735372871160507
1790341577066365000,36.10436499023437,-0.01710422709584236,0.018936822190880775,0.08979719132184982
1790341577082828800,36.12082885742188,0.02321287989616394,0.02871066704392433,0.11056660860776901
1790341577099273700,36.13727368164062,0.02626720629632473,0.02626720629632473,0.09957103431224823
1790341577115781000,36.15378100585937,0.009773843921720982,-0.0024434609804302454,0.12400564551353455
1790341577132164900,36.170164794921874,-0.004886921960860491,0.04581489413976669,0.19303341209888458
1790341577148640000,36.18663989257813,0.048258353024721146,-0.10262536257505417,0.08552113175392151
1790341577164980700,36.20298071289063,-0.00733038317412138,-0.03787364438176155,0.13988813757896423
1790341577181422000,36.219422119140624,0.05253441259264946,0.2565633952617645,0.021380282938480377
1790341577197895200,36.23589526367188,0.012828170321881771,-0.02626720629632473,0.22846360504627228
1790341577214336300,36.25233618164062,0.02321287989616394,-0.17592918872833252,-0.012217304669320583
1790341577230810400,36.26881030273437,0.048258353024721146,-0.1508837193250656,0.10995574295520782
1790341577247253500,36.28525341796875,0.001832595793530345,0.192422553896904,-0.18325957655906677
1790341577263701200,36.301701171875,0.05009094998240471,-0.0910189226269722,0.0507018156349659
1790341577280213800,36.3182138671875,0.02076941914856434,-0.19792033731937408,-0.022602014243602753
1790341577296669400,36.33466943359375,0.02076941914856434,-0.06230825558304787,0.014049900695681572
1790341577313157600,36.35115771484375,-0.01771509274840355,0.17409659922122955,-0.12828169763088226
1790341577329622500,36.36762255859375,0.08429940044879913,0.06841690838336945,-0.00427605677396059
1790341577346065400,36.3840654296875,-0.04581489413976669,-0.02932153269648552,-0.1514945775270462
1790341577362521000,36.40052099609375,0.054367005825042725,-0.018936822190880775,-0.02626720629632473
1790341577378982000,36.41698193359375,0.013439035043120384,0.039706241339445114,-0.15332718193531036
1790341577395425000,36.43342504882813,0.04092797264456749,0.001832595793530345,-0.10323622822761536
1790341577411900000,36.44989990234375,0.009162978269159794,-0.018936822190880775,-0.09224065393209457
1790341577428376800,36.466376953125,0.059864792972803116,0.04092797264456749,-0.0806342139840126
1790341577444821800,36.48282177734375,0.006108652334660292,0.059864792972803116,-0.07757988572120667
1790341577461313800,36.49931372070313,0.030543262138962746,0.02015855349600315,-0.10751228034496307
1790341577477787100,36.515787109375,0.012828170321881771,-0.05192354694008827,-0.0959058403968811
1790341577494231300,36.532231201171875,0.027488935738801956,0.005497787147760391,-0.0757472887635231
1790341577510716700,36.548716552734376,0.03298672288656235,0.00733038317412138,-0.02015855349600315
1790341577527204900,36.565204833984374,0.0012217304902151227,0.01466076634824276,-0.05619960278272629
1790341577543693000,36.58169311523437,0.009773843921720982,-0.001832595793530345,-0.03237585723400116
1790341577560197000,36.598197021484374,0.02076941914856434,-0.03481931984424591,-0.029932396486401558
1790341577576659200,36.6146591796875,0.014049900695681572,-0.007941247895359993,0.004886921960860491
1790341577593141500,36.6311416015625,0.009773843921720982,0.02382374368607998,0.028099801391363144
1790341577609689900,36.64768994140625,0.02626720629632473,-0.02382374368607998,0.027488935738801956
1790341577626121000,36.664120849609375,0.025656340643763542,-0.006719517521560192,0.02321287989616394
1790341577642623200,36.68062329101563,0.02076941914856434,-0.02626720629632473,0.018936822190880775
1790341577659147000,36.69714697265625,0.021380282938480377,0.014049900695681572,0.02932153269648552
1790341577675629600,36.713629638671875,0.027488935738801956,-0.003054326167330146,0.07208210229873657
1790341577692116000,36.73011596679687,0.015271631069481373,-0.012217304669320583,0.0507018156349659
1790341577708603400,36.746603271484375,0.03787364438176155,-0.036041051149368286,0.0354301854968071
1790341577725105200,36.763105224609376,0.0354301854968071,-0.024434609338641167,0.06841690838336945
1790341577741565400,36.7795654296875,0.02015855349600315,0.10873401165008545,0.02932153269648552
1790341577758051600,36.79605151367188,0.048258353024721146,0.00366519158706069,0.05497787147760391
1790341577774575000,36.8125751953125,0.01466076634824276,0.027488935738801956,0.054367005825042725
1790341577791045000,36.829045166015625,0.03237585723400116,0.10995574295520782,0.018936822190880775
1790341577807528700,36.84552880859375,0.0507018156349659,-0.001832595793530345,0.048258353024721146
1790341577823992300,36.86199243164062,0.003054326167330146,0.03176499158143997,0.025656340643763542
1790341577840477700,36.878477783203124,0.04214970022439957,0.03176499158143997,0.024434609338641167
1790341577857027000,36.89502709960937,0.02687807008624077,0.006108652334660292,0.01710422709584236
1790341577873515500,36.911515625,0.024434609338641167,-0.018325956538319588,0.01160643994808197
1790341577890018600,36.9280185546875,0.02932153269648552,-0.05009094998240471,0.005497787147760391
1790341577906544400,36.94454443359375,0.0403171069920063,-0.054367005825042725,-0.01710422709584236
1790341577923029200,36.961029296875,0.02871066704392433,-0.015882495790719986,-0.01466076634824276
1790341577939554800,36.977554931640626,0.033597588539123535,-0.06414084881544113,0
1790341577956021000,36.99402099609375,0.0354301854968071,-0.06230825558304787,-0.007941247895359993
1790341577972520700,37.01052075195312,0.036651913076639175,0.003054326167330146,-0.015271631069481373
1790341577989013000,37.02701293945312,0.03481931984424591,0.02626720629632473,-0.007941247895359993
1790341578005499600,37.04349975585937,0.036041051149368286,-0.004886921960860491,-0.016493361443281174
1790341578022019800,37.06001977539062,0.039706241339445114,0.00855211354792118,-0.031154127791523933
1790341578038505000,37.0765048828125,0.016493361443281174,0.02321287989616394,-0.01038470957428217
1790341578054969900,37.09296997070312,0.04703662544488907,-0.009773843921720982,-0.0006108652451075613
1790341578071291400,37.10929150390625,0.015882495790719986,-0.004886921960860491,-0.0006108652451075613
1790341578087756000,37.12575610351563,0.02687807008624077,0.05803219974040985,-0.015882495790719986
1790341578104268000,37.14226806640625,0.05497787147760391,-0.06536258012056351,0.01038470957428217
1790341578120714200,37.15871435546875,0.001832595793530345,0.028099801391363144,-0.033597588539123535
1790341578136252200,37.17425219726562,0.048258353024721146,-0.02076941914856434,0.007941247895359993
1790341578152740000,37.19073999023438,0.04214970022439957,-0.01771509274840355,-0.01038470957428217
1790341578169220000,37.20722021484375,0.02626720629632473,0.03481931984424591,-0.015882495790719986
1790341578185705200,37.22370532226562,0.025045474991202354,-0.00733038317412138,-0.01710422709584236
1790341578202192100,37.24019213867187,0.029932396486401558,-0.009162978269159794,-0.005497787147760391
1790341578218688500,37.2566884765625,0.0403171069920063,-0.06719517707824707,0.007941247895359993
1790341578235179500,37.273179443359375,0.03237585723400116,-0.02321287989616394,-0.005497787147760391
1790341578251659800,37.28965966796875,0.03298672288656235,-0.01466076634824276,-0.009162978269159794
1790341578268175000,37.30617504882812,0.03481931984424591,-0.024434609338641167,0.009162978269159794
1790341578284658700,37.32265869140625,0.02687807008624077,-0.04092797264456749,0.01466076634824276
1790341578301156900,37.339156982421876,0.03237585723400116,-0.06414084881544113,0.005497787147760391
1790341578317615400,37.355615478515624,0.027488935738801956,-0.02871066704392433,0.012828170321881771
1790341578334094300,37.37209423828125,0.03848451003432274,-0.05497787147760391,0.025656340643763542
1790341578350604500,37.3886044921875,0.04092797264456749,-0.009162978269159794,0.007941247895359993
1790341578367092700,37.4050927734375,0.03298672288656235,-0.006719517521560192,0.01038470957428217
1790341578383595300,37.42159521484375,0.02382374368607998,-0.0403171069920063,0.009773843921720982
1790341578400123400,37.43812329101563,0.04337143152952194,-0.08857546001672745,0.01771509274840355
1790341578416604200,37.45460424804688,0.03848451003432274,-0.036651913076639175,0.018325956538319588
1790341578433089800,37.47108984375,0.02076941914856434,-0.04642575979232788,-0.00366519158706069
1790341578449579300,37.487579345703125,0.039706241339445114,-0.059864792972803116,0.02015855349600315
1790341578466081000,37.5040810546875,0.03237585723400116,-0.06475171446800232,0.025045474991202354
1790341578482575400,37.520575439453125,0.03787364438176155,-0.0354301854968071,0.02015855349600315
1790341578499059200,37.53705908203125,0.03176499158143997,0.0006108652451075613,0.001832595793530345
1790341578515577300,37.55357739257813,0.039095375686883926,-0.05619960278272629,0.01466076634824276
1790341578532062500,37.5700625,0.0354301854968071,-0.07635815441608429,0.012217304669320583
1790341578548561000,37.58656079101563,0.05253441259264946,-0.03237585723400116,0.0012217304902151227
1790341578565055700,37.6030556640625,0.04642575979232788,0.05009094998240471,0.01466076634824276
1790341578581535700,37.61953564453125,0.03787364438176155,0.05375614017248154,-0.006108652334660292
1790341578598083300,37.636083251953124,0.060475658625364304,0.00855211354792118,-0.0006108652451075613
1790341578614568200,37.652568115234374,0.03237585723400116,0.05803219974040985,-0.028099801391363144
1790341578631035000,37.669034912109375,0.06719517707824707,-0.02321287989616394,0.01160643994808197
1790341578647556600,37.685556640625,0.04948008432984352,0.014049900695681572,0.004886921960860491
1790341578664040000,37.7020400390625,0.04459316283464432,0.048258353024721146,-0.0012217304902151227
1790341578680529200,37.718529052734375,0.06169738993048668,-0.015882495790719986,-0.01710422709584236
1790341578697018400,37.73501831054688,0.0555887371301651,-0.006719517521560192,-0.021380282938480377
1790341578713522400,37.7515224609375,0.05192354694008827,-0.01771509274840355,0.00855211354792118
1790341578730022000,37.76802197265625,0.05925392732024193,-0.039095375686883926,0.027488935738801956
1790341578746514000,37.78451391601563,0.05192354694008827,-0.025045474991202354,0.01771509274840355
1790341578763085800,37.8010859375,0.0555887371301651,-0.04092797264456749,-0.009162978269159794
1790341578779572700,37.81757275390625,0.059864792972803116,0.001832595793530345,-0.00855211354792118
1790341578796070400,37.8340703125,0.05864306539297104,0.00366519158706069,0
1790341578812563500,37.8505634765625,0.06414084881544113,0,0.00855211354792118
1790341578829045000,37.867044921875,0.06536258012056351,0.012828170321881771,0.007941247895359993
1790341578845556200,37.88355615234375,0.06475171446800232,0.045204028487205505,-0.0006108652451075613
1790341578862015500,37.90001538085937,0.05803219974040985,-0.048258353024721146,0.004886921960860491
1790341578878513200,37.91651318359375,0.0507018156349659,-0.021991148591041565,-0.0006108652451075613
1790341578895038500,37.93303857421875,0.07819075137376785,-0.06169738993048668,0.01710422709584236
1790341578911520300,37.94952026367187,0.07757988572120667,0,0.012217304669320583
1790341578928006700,37.96600659179688,0.06536258012056351,0.05742133408784866,0.006719517521560192
1790341578944492300,37.9824921875,0.08246681094169617,0.04642575979232788,0.01038470957428217
1790341578960960300,37.99896020507813,0.07024950534105301,0.01710422709584236,0.022602014243602753
1790341578977492500,38.015492431640624,0.07330382615327835,-0.0024434609804302454,-0.01038470957428217
1790341578993961000,38.0319609375,0.08979719132184982,0.04398229718208313,0.006719517521560192
1790341579010402600,38.04840258789063,0.06780604273080826,0.009162978269159794,-0.025045474991202354
1790341579026890200,38.06489013671875,0.08796459436416626,0.006719517521560192,0.015271631069481373
1790341579043391700,38.08139184570312,0.07941248267889023,-0.021380282938480377,0.013439035043120384
1790341579059853800,38.09785375976563,0.07941248267889023,-0.00733038317412138,0.00733038317412138
1790341579076276000,38.11427587890625,0.08735372871160507,-0.028099801391363144,-0.00366519158706069
1790341579092757000,38.130757080078126,0.08674286305904388,-0.015882495790719986,-0.0024434609804302454
1790341579109244000,38.147243896484376,0.08124507963657379,-0.012828170321881771,-0.007941247895359993
1790341579125747500,38.16374755859375,0.10384709388017654,0.003054326167330146,0.04764748737215996
1790341579142240300,38.180240234375,0.08002334833145142,0.03420845419168472,0.003054326167330146
1790341579158699800,38.19669970703125,0.09407325088977814,0.009162978269159794,0.00366519158706069
1790341579175188000,38.21318798828125,0.0861319974064827,-0.045204028487205505,-0.009162978269159794
1790341579191652000,38.229652099609375,0.08979719132184982,-0.0006108652451075613,-0.022602014243602753
1790341579208121900,38.24612182617187,0.08857546001672745,-0.03848451003432274,0.00733038317412138
1790341579224598300,38.262598388671876,0.08796459436416626,-0.04459316283464432,0.0012217304902151227
1790341579241089300,38.27908935546875,0.08552113175392151,0.021380282938480377,-0.009162978269159794
1790341579257612800,38.29561279296875,0.09346238523721695,-0.018325956538319588,-0.027488935738801956
1790341579274101200,38.312101318359375,0.09346238523721695,-0.015882495790719986,-0.005497787147760391
1790341579290591200,38.32859130859375,0.07269296050071716,-0.0012217304902151227,-0.004886921960860491
1790341579307013400,38.34501342773437,0.10323622822761536,-0.028099801391363144,-0.00366519158706069
1790341579323495700,38.36149560546875,0.0910189226269722,-0.02626720629632473,0.01160643994808197
1790341579340010200,38.37801025390625,0.0910189226269722,-0.04214970022439957,0.01466076634824276
1790341579356454100,38.3944541015625,0.1014036312699318,0.009773843921720982,0.010995574295520782
1790341579372900900,38.41090087890625,0.1007927656173706,-0.01160643994808197,-0.0024434609804302454
1790341579389375700,38.42737573242187,0.10445795953273773,0.04214970022439957,0.028099801391363144
1790341579405821000,38.443821044921876,0.0959058403968811,0.016493361443281174,0.025045474991202354
1790341579422266000,38.46026611328125,0.10201449692249298,0.018936822190880775,0.015271631069481373
1790341579438709500,38.47670947265625,0.10567969083786011,-0.02687807008624077,0.033597588539123535
1790341579455155500,38.493155517578124,0.09651670604944229,-0.06536258012056351,-0.02871066704392433
1790341579471600600,38.5096005859375,0.1160643994808197,-0.006719517521560192,0.006108652334660292
1790341579488053200,38.52605322265625,0.09040805697441101,-0.03420845419168472,-0.012828170321881771
1790341579504545000,38.542544921875,0.1007927656173706,-0.042760565876960754,0.04337143152952194
1790341579520988200,38.55898828125,0.08552113175392151,-0.12339477986097336,0.0006108652451075613
1790341579537436700,38.575436767578125,0.10201449692249298,-0.1215621829032898,-0.045204028487205505
1790341579553886500,38.591886474609375,0.12522737681865692,0.01466076634824276,-0.03420845419168472
1790341579570347500,38.608347412109374,0.09773843735456467,0.06352998316287994,0.012217304669320583
1790341579586808800,38.624808837890626,0.0861319974064827,-0.03787364438176155,0.007941247895359993
1790341579603272200,38.64127221679688,0.1062905490398407,-0.0659734457731247,-0.01771509274840355
1790341579619714800,38.65771484375,0.09529497474431992,0.04214970022439957,-0.03726277872920036
1790341579636187000,38.67418676757813,0.09834930300712585,-0.0910189226269722,-0.004886921960860491
1790341579652631000,38.69063110351563,0.10323622822761536,-0.02076941914856434,-0.00855211354792118
1790341579669071000,38.707071044921875,0.10567969083786011,0.02015855349600315,-0.005497787147760391
1790341579685516300,38.72351635742187,0.11178833991289139,-0.00366519158706069,0.0006108652451075613
1790341579701989000,38.739989013671874,0.11667526513338089,0.05497787147760391,-0.00427605677396059
1790341579718430200,38.75643017578125,0.11178833991289139,0.056810468435287476,-0.01466076634824276
1790341579734879700,38.772879638671874,0.11362093687057495,-0.019547687843441963,0.00733038317412138
1790341579751353300,38.78935327148437,0.11239920556545258,0.0012217304902151227,0.0012217304902151227
1790341579767800800,38.80580078125,0.1264491081237793,0.012828170321881771,0.02687807008624077
1790341579784340500,38.822340576171875,0.12217304855585098,0.009162978269159794,0.036041051149368286
1790341579800787000,38.838786865234376,0.11362093687057495,0.05192354694008827,-0.009162978269159794
1790341579817231600,38.85523168945313,0.11667526513338089,0.02871066704392433,0.01160643994808197
1790341579833638400,38.871638427734375,0.13316862285137177,-0.04703662544488907,0.00733038317412138
1790341579850080300,38.88808032226562,0.11301007121801376,0.015882495790719986,0.01771509274840355
1790341579866551600,38.904551513671876,0.09773843735456467,0.14477506279945374,0.01038470957428217
1790341579883022800,38.92102294921875,0.13988813757896423,-0.09468411654233932,0.04886921867728233
1790341579899468300,38.93746826171875,0.08979719132184982,-0.012828170321881771,-0.03420845419168472
1790341579915959000,38.953958984375,0.14355333149433136,0.016493361443281174,0.028099801391363144
1790341579932405200,38.9704052734375,0.12889257073402405,0.0024434609804302454,0.007941247895359993
1790341579948850200,38.98685009765625,0.12461651116609573,0.07024950534105301,0.006719517521560192
1790341579965293000,39.00329296875,0.11850785464048386,0.036041051149368286,0.004886921960860491
1790341579981739000,39.019739013671874,0.1264491081237793,0.021380282938480377,-0.003054326167330146
1790341579998124300,39.036124267578124,0.1215621829032898,-0.0024434609804302454,0.010995574295520782
1790341580014567000,39.05256689453125,0.12522737681865692,-0.030543262138962746,-0.00366519158706069
1790341580031014100,39.06901416015625,0.13866640627384186,0.025045474991202354,0
1790341580047460400,39.08546044921875,0.12400564551353455,0.04948008432984352,0.014049900695681572
1790341580063873800,39.101873779296874,0.12217304855585098,-0.00733038317412138,0.01160643994808197
1790341580080344600,39.118344482421875,0.13011430203914642,0.05253441259264946,0.0012217304902151227
1790341580096789000,39.1347890625,0.1313360333442688,0.0708603709936142,0.01771509274840355
1790341580113232400,39.151232421875,0.11362093687057495,0.07757988572120667,0.009162978269159794
1790341580129706000,39.1677060546875,0.12339477986097336,-0.0024434609804302454,0.014049900695681572
1790341580146152200,39.18415209960938,0.12950342893600464,0.009162978269159794,0.024434609338641167
1790341580162598000,39.200597900390626,0.12461651116609573,-0.0006108652451075613,0.013439035043120384
1790341580179042800,39.21704272460938,0.13500121235847473,0.04642575979232788,-0.0006108652451075613
1790341580195491300,39.2334912109375,0.11301007121801376,0.029932396486401558,0.01038470957428217
1790341580211939800,39.24993994140625,0.11545353382825851,0.014049900695681572,0.015882495790719986
1790341580228394800,39.26639477539062,0.12950342893600464,0.015271631069481373,0.036651913076639175
1790341580244840400,39.28284033203125,0.10812314599752426,0.005497787147760391,0.022602014243602753
1790341580261286000,39.299285888671875,0.1264491081237793,-0.021380282938480377,0.024434609338641167
1790341580277765400,39.315765380859375,0.11178833991289139,0.010995574295520782,-0.001832595793530345
1790341580294212600,39.33221264648437,0.13927727937698364,-0.05864306539297104,0.054367005825042725
1790341580310662400,39.34866235351563,0.1215621829032898,0.012217304669320583,0.054367005825042725
1790341580327176000,39.365176025390625,0.11545353382825851,0.06658431142568588,0.018325956538319588
1790341580343623700,39.38162377929687,0.13439035415649414,-0.005497787147760391,0.018936822190880775
1790341580360076000,39.398075927734375,0.12278391420841217,0.02626720629632473,0.042760565876960754
1790341580376554000,39.41455395507813,0.12950342893600464,0.030543262138962746,0.05925392732024193
1790341580393003800,39.431003662109376,0.13500121235847473,-0.009773843921720982,0.02382374368607998
1790341580409450800,39.44745068359375,0.13744467496871948,0.0012217304902151227,0.010995574295520782
1790341580425896000,39.46389599609375,0.13255776464939117,0.012828170321881771,0.03848451003432274
1790341580442337800,39.480337890625,0.13316862285137177,-0.025045474991202354,0.03298672288656235
1790341580458776000,39.49677612304688,0.13072516024112701,0.02382374368607998,0.04703662544488907
1790341580475218700,39.51321875,0.1368338167667389,-0.009162978269159794,0.027488935738801956
1790341580491657500,39.52965747070313,0.1417207419872284,-0.007941247895359993,0.025656340643763542
1790341580508094200,39.54609423828125,0.1417207419872284,0.00427605677396059,0.02382374368607998
1790341580524530400,39.562530517578125,0.1514945775270462,0.004886921960860491,0.039706241339445114
1790341580540965600,39.578965576171875,0.13255776464939117,0.045204028487205505,0.012828170321881771
1790341580557403000,39.59540283203125,0.1569923609495163,0.029932396486401558,0.028099801391363144
1790341580573863000,39.61186279296875,0.13866640627384186,0.06230825558304787,0.02076941914856434
1790341580590302500,39.628302490234375,0.1417207419872284,0.039706241339445114,0.01710422709584236
1790341580606742300,39.6447421875,0.15760323405265808,-0.03481931984424591,0.014049900695681572
1790341580623211300,39.661211181640624,0.12950342893600464,0.014049900695681572,0.001832595793530345
1790341580639652000,39.677652099609375,0.15027284622192383,0.00733038317412138,0.00855211354792118
1790341580656095000,39.69409497070313,0.15577064454555511,0.00427605677396059,0.019547687843441963
1790341580672577500,39.71057763671875,0.12828169763088226,-0.006719517521560192,-0.02626720629632473
1790341580689017300,39.72701733398438,0.16371189057826996,-0.02382374368607998,0.01771509274840355
1790341580705455600,39.74345556640625,0.13927727937698364,0.06230825558304787,-0.03237585723400116
1790341580721900000,39.75990014648438,0.15821409225463867,0.04459316283464432,-0.012217304669320583
1790341580738340600,39.776340576171876,0.14233160018920898,-0.0006108652451075613,0.0024434609804302454
1790341580754778400,39.7927783203125,0.13500121235847473,0.027488935738801956,-0.00427605677396059
1790341580771247600,39.80924755859375,0.16310101747512817,0.005497787147760391,-0.0012217304902151227
1790341580787624700,39.82562475585937,0.14355333149433136,0.0659734457731247,-0.021991148591041565
1790341580804063200,39.84206323242187,0.13866640627384186,0.018936822190880775,-0.03176499158143997
1790341580820535600,39.85853564453125,0.1563815027475357,-0.021991148591041565,0.01038470957428217
1790341580836979200,39.87497924804688,0.15271630883216858,0.024434609338641167,0.001832595793530345
1790341580853424600,39.891424560546874,0.16493362188339233,0,-0.01160643994808197
1790341580869897500,39.9078974609375,0.1618792861700058,0.00366519158706069,0.0006108652451075613
1790341580886342000,39.924341796875,0.15577064454555511,0.02871066704392433,0.00855211354792118
1790341580902786800,39.94078686523437,0.17104226350784302,0.018936822190880775,0
1790341580919233500,39.957233642578124,0.17470745742321014,0.07819075137376785,0.013439035043120384
1790341580935679500,39.97367944335937,0.152105450630188,0.04153883829712868,-0.010995574295520782
1790341580952126500,39.99012646484375,0.16004669666290283,0.07147123664617538,-0.0006108652451075613
1790341580968579000,40.0065791015625,0.17531833052635193,-0.00366519158706069,0.0012217304902151227
1790341580985025500,40.023025634765624,0.15882496535778046,0.025045474991202354,-0.01038470957428217
1790341581001428700,40.0394287109375,0.17043140530586243,-0.03237585723400116,-0.021380282938480377
1790341581017872600,40.05587255859375,0.17348572611808777,0.059864792972803116,-0.024434609338641167
1790341581034316000,40.07231591796875,0.16310101747512817,0.09285151958465576,-0.022602014243602753
1790341581050760200,40.08876025390625,0.15882496535778046,0.03298672288656235,-0.00733038317412138
1790341581067218400,40.105218505859376,0.15882496535778046,0.036041051149368286,-0.02321287989616394
1790341581083662800,40.121662841796876,0.1661553531885147,0.030543262138962746,-0.024434609338641167
1790341581100107500,40.138107421875,0.16004669666290283,0.04764748737215996,-0.04092797264456749
1790341581116579800,40.15457983398438,0.16798794269561768,-0.016493361443281174,0.012828170321881771
1790341581132969500,40.170969482421874,0.15515977144241333,0.009162978269159794,-0.015271631069481373
1790341581149413600,40.18741357421875,0.1875356286764145,0.02015855349600315,0.01771509274840355
1790341581165858000,40.203858154296874,0.1569923609495163,0.0659734457731247,-0.025656340643763542
1790341581182304800,40.2203046875,0.1771509200334549,0.1313360333442688,-0.028099801391363144
1790341581198753500,40.23675341796875,0.17043140530586243,0.04642575979232788,0.015882495790719986
1790341581215206100,40.2532060546875,0.15454891324043274,0.05864306539297104,0.018325956538319588
1790341581231650600,40.269650634765625,0.16859880089759827,0.025656340643763542,0.029932396486401558
1790341581248093000,40.286093017578125,0.1612684279680252,-0.05253441259264946,-0.021380282938480377
1790341581264565800,40.30256567382813,0.16798794269561768,-0.03848451003432274,-0.004886921960860491
1790341581281007000,40.31900708007812,0.15821409225463867,-0.028099801391363144,0.02321287989616394
1790341581297446700,40.33544677734375,0.17592918872833252,-0.0910189226269722,0.036041051149368286
1790341581313907700,40.35190771484375,0.1569923609495163,-0.02076941914856434,0.02871066704392433
1790341581330348500,40.3683486328125,0.1661553531885147,-0.03848451003432274,-0.021991148591041565
1790341581346790000,40.38478979492187,0.1765400618314743,-0.025045474991202354,-0.005497787147760391
1790341581363261400,40.40126147460938,0.15821409225463867,0.018936822190880775,-0.01466076634824276
1790341581379703600,40.41770361328125,0.17776179313659668,-0.04153883829712868,0.0403171069920063
1790341581396145200,40.43414526367187,0.15760323405265808,0.04092797264456749,0.02626720629632473
1790341581412587500,40.45058740234375,0.16920967400074005,0.04214970022439957,0.0012217304902151227
1790341581429030100,40.46703002929687,0.1569923609495163,-0.01771509274840355,-0.029932396486401558
1790341581445471500,40.483471435546875,0.17959438264369965,-0.030543262138962746,-0.001832595793530345
1790341581461917700,40.499917724609375,0.1667662113904953,-0.009162978269159794,-0.006108652334660292
1790341581478361600,40.51636157226562,0.16493362188339233,0.07941248267889023,-0.0354301854968071
1790341581494802700,40.532802734375,0.19792033731937408,0.056810468435287476,0.02871066704392433
1790341581511244800,40.549244873046874,0.1459967941045761,0.042760565876960754,0.00366519158706069
1790341581527689000,40.56568896484375,0.17043140530586243,0.036041051149368286,0.006719517521560192
1790341581544130600,40.58213061523438,0.17470745742321014,0.04398229718208313,-0.003054326167330146
1790341581560596000,40.59859594726562,0.15332718193531036,0.04703662544488907,-0.025045474991202354
1790341581577032400,40.61503247070313,0.17592918872833252,-0.01038470957428217,0.0354301854968071
1790341581593468700,40.63146875,0.14966198801994324,0.059864792972803116,0.03726277872920036
1790341581609933800,40.647933837890626,0.17409659922122955,-0.0507018156349659,0
1790341581626374400,40.66437451171875,0.16432274878025055,-0.009162978269159794,-0.001832595793530345
1790341581642816500,40.68081640625,0.14049901068210602,0.015882495790719986,0.003054326167330146
1790341581659259400,40.69725927734375,0.17959438264369965,0.015882495790719986,0.04764748737215996
1790341581675679500,40.713679443359375,0.15332718193531036,0.029932396486401558,0.02932153269648552
1790341581692086800,40.730086669921874,0.16554448008537292,0.04459316283464432,0.04642575979232788
1790341581708533800,40.74653369140625,0.16371189057826996,-0.006719517521560192,0.08002334833145142
1790341581724974300,40.76297436523438,0.14538592100143433,0.05314527451992035,0.07330382615327835
1790341581741414100,40.7794140625,0.1814269721508026,-0.036651913076639175,0.0708603709936142
1790341581757886200,40.79588623046875,0.15882496535778046,0.015882495790719986,0.04764748737215996
1790341581774326000,40.81232592773438,0.15760323405265808,0.12400564551353455,0.07635815441608429
1790341581790764300,40.82876440429688,0.17592918872833252,0.00366519158706069,0.09162978827953339
1790341581807223800,40.84522387695313,0.1618792861700058,0.014049900695681572,0.06352998316287994
1790341581823664000,40.8616640625,0.16310101747512817,0.05314527451992035,0.05619960278272629
1790341581840105500,40.87810546875,0.19853121042251587,-0.02076941914856434,0.0507018156349659
1790341581856575500,40.89457543945313,0.15821409225463867,0.036651913076639175,0.018325956538319588
1790341581873017300,40.911017333984375,0.17898350954055786,-0.014049900695681572,0.01038470957428217
1790341581889460200,40.92746020507813,0.18570303916931152,0.018936822190880775,0.08552113175392151
1790341581905903400,40.9439033203125,0.17104226350784302,-0.04581489413976669,0.059864792972803116
1790341581922349000,40.96034912109375,0.21930062770843506,-0.07330382615327835,0.06536258012056351
1790341581938791700,40.97679174804688,0.16493362188339233,0.04398229718208313,0
1790341581955239400,40.99323950195313,0.2064724564552307,-0.06230825558304787,0.0354301854968071
1790341581971682300,41.00968237304688,0.19120082259178162,0.07330382615327835,0.05375614017248154
1790341581988126000,41.0261259765625,0.18570303916931152,0.036041051149368286,0.04153883829712868
1790341582004573400,41.04257348632812,0.2021963894367218,0.010995574295520782,0.014049900695681572
1790341582020954000,41.0589541015625,0.19303341209888458,-0.02015855349600315,-0.04214970022439957
1790341582037398500,41.0753984375,0.18020524084568024,-0.00855211354792118,-0.01466076634824276
1790341582053859800,41.09185986328125,0.21319197118282318,-0.15454891324043274,0.005497787147760391
1790341582070346800,41.1083466796875,0.20036379992961884,0.036651913076639175,-0.015271631069481373
1790341582086789400,41.12478930664062,0.18081611394882202,0.02015855349600315,-0.03420845419168472
1790341582103257300,41.14125732421875,0.21013765037059784,0.033597588539123535,0.02382374368607998
1790341582119642000,41.15764208984375,0.18631389737129211,0.07635815441608429,0.003054326167330146
1790341582136084700,41.17408471679688,0.18997909128665924,0.07880161702632904,0.006108652334660292
1790341582152525600,41.19052563476563,0.1966986060142517,0.07391469180583954,0.05742133408784866
1790341582168965600,41.206965576171875,0.19425514340400696,-0.07391469180583954,0.03481931984424591
1790341582185408500,41.223408447265626,0.20463985204696655,-0.036041051149368286,0.010995574295520782
1790341582201854500,41.2398544921875,0.2015855312347412,0.03298672288656235,-0.04214970022439957
1790341582218296000,41.25629614257812,0.22052235901355743,0.03848451003432274,0.019547687843441963
1790341582234738200,41.27273828125,0.18509216606616974,0.12461651116609573,0.05375614017248154
1790341582251213000,41.289213134765625,0.2070833146572113,0.08491026610136032,0.04459316283464432
1790341582267654400,41.305654296875,0.19914206862449646,0.07696902006864548,-0.0012217304902151227
1790341582284097500,41.32209765625,0.2015855312347412,-0.04214970022439957,-0.00427605677396059
1790341582300564000,41.33856396484375,0.20402899384498596,-0.04153883829712868,0.02382374368607998
1790341582317006300,41.35500634765625,0.2076941877603531,-0.05314527451992035,0.04703662544488907
1790341582333452000,41.3714521484375,0.18814650177955627,-0.018325956538319588,0.015882495790719986
1790341582349926000,41.38792578125,0.1918116807937622,-0.05192354694008827,-0.02382374368607998
1790341582366369800,41.404369873046875,0.21135938167572021,-0.0006108652451075613,-0.00366519158706069
1790341582382755600,41.42075561523438,0.19303341209888458,-0.00733038317412138,0.018325956538319588
1790341582399199200,41.43719921875,0.20341812074184418,0.01466076634824276,0.03726277872920036
1790341582415645200,41.45364526367187,0.18631389737129211,0.027488935738801956,-0.010995574295520782
1790341582432091000,41.4700908203125,0.20891591906547546,-0.027488935738801956,0.0006108652451075613
1790341582448539400,41.48653930664062,0.18081611394882202,-0.006719517521560192,-0.025045474991202354
1790341582464984600,41.502984619140626,0.2076941877603531,0.015271631069481373,-0.009162978269159794
1790341582481426700,41.5194267578125,0.21319197118282318,-0.06352998316287994,0.021380282938480377
1790341582497867800,41.53586767578125,0.19058994948863983,-0.03420845419168472,-0.00427605677396059
1790341582514308600,41.55230859375,0.21319197118282318,0.056810468435287476,0.0024434609804302454
1790341582530751000,41.5687509765625,0.2125810980796814,-0.036651913076639175,0.03420845419168472
1790341582547220500,41.585220458984374,0.17592918872833252,-0.060475658625364304,-0.00855211354792118
1790341582563664000,41.60166381835938,0.2174680233001709,-0.02687807008624077,0.02321287989616394
1790341582580108500,41.61810864257812,0.20830504596233368,0.006719517521560192,0.01771509274840355
1790341582596580000,41.634580078125,0.2015855312347412,0.012217304669320583,0.001832595793530345
1790341582613023500,41.6510234375,0.1966986060142517,0.00855211354792118,-0.009162978269159794
1790341582629463800,41.6674638671875,0.20097467303276062,0.03237585723400116,0.007941247895359993
1790341582645904000,41.68390380859375,0.20036379992961884,0.02687807008624077,0.01160643994808197
1790341582662343200,41.70034326171875,0.18936823308467865,0.029932396486401558,0.021991148591041565
1790341582678786800,41.716786865234376,0.19058994948863983,0.01710422709584236,0.006719517521560192
1790341582695236600,41.733236572265625,0.2021963894367218,0.05314527451992035,0.00427605677396059
1790341582711681300,41.74968139648438,0.18570303916931152,0.07269296050071716,0.00855211354792118
1790341582728128800,41.766128662109374,0.19914206862449646,0.031154127791523933,0.02076941914856434
1790341582744538000,41.7825380859375,0.19914206862449646,0.01038470957428217,0.02321287989616394
1790341582760980700,41.798980712890625,0.18997909128665924,0.0012217304902151227,0.010995574295520782
1790341582777421800,41.815421875,0.19792033731937408,-0.03237585723400116,-0.027488935738801956
1790341582793902800,41.83190283203125,0.2015855312347412,-0.05314527451992035,0.0012217304902151227
1790341582810347800,41.84834765625,0.19364428520202637,-0.018936822190880775,0.039706241339445114
1790341582826793500,41.86479345703125,0.19853121042251587,0.0006108652451075613,0.010995574295520782
1790341582843268900,41.881268798828124,0.19792033731937408,0,-0.03420845419168472
1790341582859711700,41.897711669921875,0.20952677726745605,-0.1062905490398407,-0.07391469180583954
1790341582876155100,41.91415502929687,0.18325957655906677,-0.07269296050071716,-0.010995574295520782
1790341582892596200,41.93059619140625,0.23151792585849762,-0.059864792972803116,0.13377949595451355
1790341582909039000,41.9470390625,0.16982053220272064,0.02382374368607998,-0.06780604273080826
1790341582925480400,41.96348046875,0.20830504596233368,-0.1661553531885147,-0.21074850857257843
1790341582941926000,41.97992578125,0.1722639948129654,0.021380282938480377,-0.0959058403968811
1790341582958368500,41.996368408203125,0.22357667982578278,0.16310101747512817,-0.00427605677396059
1790341582974807800,42.01280786132813,0.22540926933288574,-0.022602014243602753,0.016493361443281174
1790341582991248600,42.02924853515625,0.17104226350784302,0.19547687470912933,-0.07024950534105301
1790341583007692300,42.0456923828125,0.23335053026676178,0.1215621829032898,-0.16432274878025055
1790341583024132900,42.0621328125,0.2076941877603531,0.08674286305904388,-0.02321287989616394
1790341583040594700,42.0785947265625,0.1814269721508026,-0.3225368559360504,-0.05192354694008827
1790341583056978400,42.094978515625,0.23884831368923187,0.13500121235847473,0.0354301854968071
1790341583073440000,42.11143994140625,0.22907446324825287,0.03237585723400116,0.07757988572120667
1790341583089910000,42.127909912109374,0.16798794269561768,0.06963863968849182,-0.0861319974064827
1790341583106815000,42.14481494140625,0.2076941877603531,0.17959438264369965,-0.059864792972803116
1790341583122498600,42.16049853515625,0.1918116807937622,0.08124507963657379,0.007941247895359993
1790341583138939000,42.17693896484375,0.18509216606616974,0.018936822190880775,0.07208210229873657
1790341583155381200,42.19338134765625,0.1918116807937622,0.2070833146572113,0.08124507963657379
1790341583171823600,42.20982373046875,0.2168571650981903,0.10690141469240189,0.009773843921720982
1790341583188271400,42.226271240234375,0.17776179313659668,0.16432274878025055,-0.07452555745840073
1790341583204713500,42.24271337890625,0.18997909128665924,0.15882496535778046,-0.024434609338641167
1790341583221159000,42.25915893554688,0.2021963894367218,0.04459316283464432,0.1014036312699318
1790341583237634600,42.27563452148438,0.20586158335208893,0.04153883829712868,0.15577064454555511
1790341583254078500,42.292078369140626,0.17043140530586243,0.16737708449363708,0.09040805697441101
1790341583270528500,42.30852856445313,0.17959438264369965,-0.09162978827953339,-0.033597588539123535
1790341583286983700,42.324983642578125,0.20463985204696655,-0.01160643994808197,0.018325956538319588
1790341583303425800,42.34142578125,0.15271630883216858,0.04886921867728233,0.19547687470912933
1790341583319867400,42.35786743164063,0.20463985204696655,-0.18020524084568024,0.10018189996480942
1790341583336340500,42.374340576171875,0.17470745742321014,0.0507018156349659,0.05742133408784866
1790341583352780800,42.39078076171875,0.19364428520202637,-0.19425514340400696,-0.06658431142568588
1790341583369224200,42.40722412109375,0.16798794269561768,0.19547687470912933,0.036651913076639175
1790341583385667600,42.42366748046875,0.16737708449363708,-0.006719517521560192,-0.027488935738801956
1790341583402111700,42.44011181640625,0.22602014243602753,-0.1368338167667389,0.014049900695681572
1790341583418555400,42.45655541992188,0.17531833052635193,-0.003054326167330146,0.02932153269648552
1790341583435008000,42.47300805664062,0.21563543379306793,0.08246681094169617,0.0012217304902151227
1790341583451454000,42.48945385742188,0.18936823308467865,-0.04459316283464432,-0.13255776464939117
1790341583467900200,42.50590014648437,0.192422553896904,0.00855211354792118,-0.07696902006864548
1790341583484344300,42.52234423828125,0.1814269721508026,-0.04214970022439957,-0.012828170321881771
1790341583500787700,42.53878759765625,0.20830504596233368,0.00855211354792118,-0.036651913076639175
1790341583517231400,42.5552314453125,0.2028072625398636,0.12889257073402405,-0.009162978269159794
1790341583533686800,42.57168676757812,0.1771509200334549,0.04948008432984352,-0.11728613078594208
1790341583550130400,42.58813037109375,0.19486601650714874,-0.021380282938480377,-0.06536258012056351
1790341583566575600,42.60457568359375,0.21563543379306793,-0.060475658625364304,0.01710422709584236
1790341583583048400,42.62104833984375,0.21502456068992615,0.04948008432984352,0.015271631069481373
1790341583599493400,42.63749340820313,0.19486601650714874,0.06780604273080826,-0.03787364438176155
1790341583615940000,42.65394018554687,0.18448130786418915,0.12400564551353455,-0.03420845419168472
1790341583632391700,42.6703916015625,0.19425514340400696,-0.018325956538319588,-0.08246681094169617
1790341583648842000,42.68684204101562,0.1771509200334549,0.00366519158706069,-0.01710422709584236
1790341583665289500,42.70328955078125,0.18570303916931152,-0.0806342139840126,0.013439035043120384
1790341583681736700,42.71973681640625,0.2168571650981903,0,0.016493361443281174
1790341583698180400,42.73618041992187,0.17287486791610718,0.14538592100143433,-0.01038470957428217
1790341583714625500,42.75262548828125,0.19303341209888458,0.15271630883216858,0.018325956538319588
1790341583731102200,42.76910229492187,0.1771509200334549,-0.03237585723400116,0.02932153269648552
1790341583747545300,42.78554541015625,0.16859880089759827,0.009773843921720982,0.03420845419168472
1790341583763991600,42.801991455078124,0.16798794269561768,-0.11301007121801376,0.06230825558304787
1790341583780492300,42.8184921875,0.1765400618314743,-0.152105450630188,0.05314527451992035
1790341583796935700,42.834935791015624,0.1918116807937622,-0.10201449692249298,0.08552113175392151
1790341583813313000,42.85131298828125,0.16493362188339233,-0.09651670604944229,0.04948008432984352
1790341583829786000,42.8677861328125,0.20830504596233368,-0.0024434609804302454,0.09651670604944229
1790341583846231800,42.884231689453124,0.1765400618314743,0.04214970022439957,0.08796459436416626
1790341583862675500,42.90067553710937,0.18509216606616974,0.024434609338641167,0.059864792972803116
1790341583879118800,42.917118896484375,0.2168571650981903,0.06230825558304787,0.08796459436416626
1790341583895566800,42.93356689453125,0.17043140530586243,0.12095131725072861,0.0507018156349659
1790341583912012000,42.95001196289063,0.2076941877603531,0.07696902006864548,0.08002334833145142
1790341583928458800,42.96645874023437,0.18814650177955627,0.05742133408784866,0.08674286305904388
1790341583944902400,42.98290234375,0.1771509200334549,-0.06536258012056351,0.04948008432984352
1790341583961345000,42.99934497070313,0.19486601650714874,-0.024434609338641167,0.04214970022439957
1790341583977789700,43.01578979492187,0.16371189057826996,-0.09712757170200348,0.024434609338641167
1790341583994231800,43.03223168945313,0.18081611394882202,-0.12339477986097336,0.03176499158143997
1790341584010675700,43.04867578125,0.1973094791173935,-0.05742133408784866,0.0910189226269722
1790341584027140900,43.06514086914063,0.18509216606616974,-0.03787364438176155,-0.0012217304902151227
1790341584043585000,43.0815849609375,0.2028072625398636,0.1264491081237793,0.04092797264456749
1790341584060016600,43.0980166015625,0.13805554807186127,0.06780604273080826,-0.03237585723400116
1790341584076319700,43.11431982421875,0.19914206862449646,-0.2015855312347412,0.042760565876960754
1790341584092763600,43.130763671875,0.15760323405265808,-0.1264491081237793,0.04642575979232788
1790341584109206800,43.147206787109376,0.18631389737129211,-0.12339477986097336,0.016493361443281174
1790341584125514000,43.163513916015624,0.18387043476104736,0.04459316283464432,-0.0006108652451075613
1790341584141958400,43.17995849609375,0.18020524084568024,0.013439035043120384,-0.01710422709584236
1790341584158401300,43.1964013671875,0.1875356286764145,0.05253441259264946,-0.006719517521560192
1790341584174852900,43.212852783203125,0.182648703455925,0.0910189226269722,0.021380282938480377
1790341584191297300,43.22929736328125,0.1508837193250656,0.022602014243602753,-0.01160643994808197
1790341584207740700,43.24574072265625,0.1814269721508026,-0.02321287989616394,0.00855211354792118
1790341584224218400,43.26221826171875,0.17470745742321014,-0.04642575979232788,0.015271631069481373
1790341584240660700,43.27866064453125,0.18997909128665924,0.06658431142568588,-0.03726277872920036
1790341584257103600,43.295103515625,0.18631389737129211,0.1820378452539444,0.014049900695681572
1790341584273570300,43.3115703125,0.15882496535778046,0.11545353382825851,-0.0012217304902151227
1790341584290013700,43.328013671875,0.18081611394882202,0.06658431142568588,0.02871066704392433
1790341584306456800,43.34445678710937,0.15882496535778046,-0.022602014243602753,0.00855211354792118
1790341584322926800,43.3609267578125,0.17470745742321014,0.060475658625364304,-0.0024434609804302454
1790341584339364600,43.377364501953124,0.1722639948129654,-0.00733038317412138,-0.003054326167330146
1790341584355807000,43.393806884765624,0.16065755486488342,-0.007941247895359993,0.0006108652451075613
1790341584372249600,43.41024951171875,0.21074850857257843,0.003054326167330146,0.025656340643763542
1790341584388694300,43.4266943359375,0.16859880089759827,0.12828169763088226,0.0354301854968071
1790341584405133300,43.44313330078125,0.17287486791610718,0.06536258012056351,0.02015855349600315
1790341584421581000,43.4595810546875,0.16920967400074005,0.012217304669320583,0.006108652334660292
1790341584438027000,43.476027099609375,0.16554448008537292,-0.06658431142568588,0.01038470957428217
1790341584454476000,43.49247607421875,0.18814650177955627,-0.03481931984424591,0.05925392732024193
1790341584470866000,43.508865966796876,0.16493362188339233,0.08246681094169617,0.045204028487205505
1790341584487309000,43.52530908203125,0.17409659922122955,0.06963863968849182,0.039706241339445114
1790341584503747800,43.54174780273438,0.1508837193250656,0.04337143152952194,0.030543262138962746
1790341584520201500,43.55820141601563,0.16493362188339233,0.02871066704392433,0.033597588539123535
1790341584536643600,43.5746435546875,0.17043140530586243,-0.0354301854968071,0.05009094998240471
1790341584553088000,43.591087890625,0.15271630883216858,-0.06475171446800232,0.025656340643763542
1790341584569558300,43.60755834960938,0.1875356286764145,-0.036651913076639175,0.04459316283464432
1790341584585998800,43.623998779296876,0.17348572611808777,-0.01038470957428217,0.03176499158143997
1790341584602440000,43.64043994140625,0.16310101747512817,0.01466076634824276,0.039095375686883926
1790341584618881500,43.656881591796875,0.17776179313659668,-0.054367005825042725,0.030543262138962746
1790341584635324000,43.673323974609374,0.1411098688840866,-0.05375614017248154,0.02076941914856434
1790341584651764700,43.6897646484375,0.1716531366109848,-0.0403171069920063,0.030543262138962746
1790341584668213500,43.70621362304688,0.16493362188339233,0.01038470957428217,0.04886921867728233
1790341584684653800,43.72265380859375,0.14416420459747314,-0.003054326167330146,0.03176499158143997
1790341584701096000,43.739095947265625,0.1667662113904953,-0.05619960278272629,0.018936822190880775
1790341584717562600,43.755562744140626,0.14966198801994324,-0.03176499158143997,0.010995574295520782
1790341584734005800,43.772005859375,0.14844025671482086,-0.04581489413976669,0.015271631069481373
1790341584750448400,43.78844848632812,0.14049901068210602,-0.13011430203914642,0.02015855349600315
1790341584766905000,43.804905029296876,0.16310101747512817,-0.10751228034496307,0.04337143152952194
1790341584783347200,43.82134716796875,0.1612684279680252,-0.04459316283464432,0.02871066704392433
1790341584799787800,43.837787841796874,0.16249015927314758,0.009162978269159794,0.013439035043120384
1790341584816302300,43.85430224609375,0.16371189057826996,0.036041051149368286,0.0354301854968071
1790341584832747300,43.870747314453126,0.13866640627384186,0.003054326167330146,0.009773843921720982
1790341584849191000,43.88719091796875,0.16310101747512817,-0.042760565876960754,0.02382374368607998
1790341584865633800,43.9036337890625,0.1569923609495163,-0.05619960278272629,0.02015855349600315
1790341584882078500,43.920078369140626,0.15393804013729095,-0.05742133408784866,0.006108652334660292
1790341584898523100,43.93652319335938,0.17409659922122955,-0.028099801391363144,0.03787364438176155
1790341584914972000,43.95297192382812,0.15577064454555511,0.021991148591041565,0.02871066704392433
1790341584931415600,43.96941552734375,0.16493362188339233,-0.007941247895359993,0.02626720629632473
1790341584947857700,43.985857666015626,0.15515977144241333,0.04337143152952194,0.07024950534105301
1790341584964300800,44.00230078125,0.14844025671482086,-0.07024950534105301,0.031154127791523933
1790341584980742400,44.018742431640625,0.1612684279680252,-0.10567969083786011,0.09773843735456467
1790341584997184000,44.03518408203125,0.1417207419872284,-0.17287486791610718,0.0757472887635231
1790341585013643800,44.051643798828124,0.17043140530586243,-0.1771509200334549,0.009162978269159794
1790341585030085000,44.06808520507813,0.16432274878025055,-0.13377949595451355,0.02015855349600315
1790341585046527000,44.08452685546875,0.1569923609495163,-0.04459316283464432,0.01771509274840355
1790341585062937000,44.10093701171875,0.16982053220272064,0.08552113175392151,0.05375614017248154
1790341585079380200,44.11738012695312,0.15332718193531036,0.04886921867728233,0.060475658625364304
1790341585095819800,44.13381982421875,0.16493362188339233,0.04642575979232788,0.016493361443281174
1790341585112259600,44.15025952148437,0.14416420459747314,0.06414084881544113,-0.0403171069920063
1790341585128701200,44.166701171875,0.15577064454555511,-0.04459316283464432,-0.027488935738801956
1790341585145188000,44.18318798828125,0.1667662113904953,-0.001832595793530345,-0.001832595793530345
1790341585161633800,44.1996337890625,0.15577064454555511,0.10018189996480942,0.03237585723400116
1790341585178073900,44.21607397460937,0.14233160018920898,0.02076941914856434,-0.03176499158143997
1790341585194513700,44.232513671875,0.16310101747512817,0.07452555745840073,-0.00366519158706069
1790341585210983200,44.24898315429687,0.11911872029304504,0.11178833991289139,-0.015882495790719986
1790341585227421700,44.26542163085937,0.15882496535778046,0.06414084881544113,0.022602014243602753
1790341585243858400,44.2818583984375,0.16859880089759827,0.06352998316287994,0.06352998316287994
1790341585260327000,44.29832690429687,0.13072516024112701,0.05925392732024193,0.02015855349600315
1790341585276771000,44.31477099609375,0.1612684279680252,0.033597588539123535,0.009773843921720982
1790341585293217000,44.33121704101563,0.13561208546161652,0.03726277872920036,-0.05497787147760391
1790341585309691100,44.34769116210938,0.15271630883216858,-0.045204028487205505,-0.021991148591041565
1790341585326132000,44.36413208007812,0.13439035415649414,-0.05742133408784866,0.016493361443281174
1790341585342575600,44.38057568359375,0.13439035415649414,-0.05192354694008827,0.03176499158143997
1790341585359016200,44.39701611328125,0.14905111491680145,-0.05925392732024193,0.02015855349600315
1790341585375459300,44.41345922851563,0.1472185254096985,-0.029932396486401558,-0.01160643994808197
1790341585391901400,44.4299013671875,0.14477506279945374,0.048258353024721146,-0.0024434609804302454
1790341585408347100,44.44634716796875,0.13561208546161652,0.0659734457731247,0.007941247895359993
1790341585424789500,44.46278955078125,0.1466076523065567,-0.001832595793530345,0.029932396486401558
1790341585441226200,44.47922631835937,0.13988813757896423,-0.0354301854968071,0.04092797264456749
1790341585457666600,44.49566650390625,0.14905111491680145,-0.059864792972803116,0.0006108652451075613
1790341585474106400,44.5121064453125,0.16432274878025055,-0.02321287989616394,-0.0006108652451075613
1790341585490548200,44.52854833984375,0.13439035415649414,-0.031154127791523933,0.018936822190880775
1790341585507009000,44.54500903320312,0.16920967400074005,-0.1319468915462494,0.1007927656173706
1790341585523451000,44.56145092773438,0.1612684279680252,0.01466076634824276,0.09040805697441101
1790341585539891200,44.57789111328125,0.17348572611808777,-0.018936822190880775,0.05253441259264946
1790341585556361200,44.594361328125,0.16310101747512817,-0.01710422709584236,-0.013439035043120384
1790341585572801000,44.61080102539062,0.15577064454555511,0.012828170321881771,-0.028099801391363144
1790341585589242600,44.62724267578125,0.18325957655906677,-0.08552113175392151,0.01038470957428217
1790341585605679900,44.64367993164063,0.17287486791610718,-0.00366519158706069,0.06108652427792549
1790341585622120700,44.66012060546875,0.1716531366109848,0.03481931984424591,0.07269296050071716
1790341585638562300,44.67656225585937,0.182648703455925,0.02321287989616394,0.03848451003432274
1790341585655009300,44.69300927734375,0.16982053220272064,0.09468411654233932,-0.01038470957428217
1790341585671450400,44.70945043945313,0.18875735998153687,0.03848451003432274,-0.00366519158706069
1790341585687892200,44.725892333984376,0.1765400618314743,0.01038470957428217,0.02871066704392433
1790341585704365600,44.74236547851562,0.18509216606616974,0.02687807008624077,0.013439035043120384
1790341585720806400,44.758806396484374,0.20525072515010834,-0.00855211354792118,0.01710422709584236
1790341585737249300,44.775249267578126,0.16737708449363708,0.05375614017248154,-0.025045474991202354
1790341585753715200,44.79171508789062,0.17898350954055786,0.03298672288656235,-0.025045474991202354
1790341585770155800,44.80815576171875,0.17287486791610718,-0.03848451003432274,0.014049900695681572
1790341585786596900,44.824596923828125,0.16432274878025055,-0.03176499158143997,0.03237585723400116
1790341585803063800,44.841063720703126,0.18081611394882202,-0.05497787147760391,0.006719517521560192
1790341585819384300,44.85738427734375,0.182648703455925,0.006719517521560192,-0.005497787147760391
1790341585835828200,44.873828125,0.1661553531885147,0.03176499158143997,-0.02382374368607998
1790341585852269800,44.89026977539063,0.16982053220272064,0.015882495790719986,0.007941247895359993
1790341585868710100,44.90671020507813,0.16859880089759827,0.006719517521560192,0.021991148591041565
1790341585885151000,44.92315087890625,0.17898350954055786,-0.02076941914856434,0.00366519158706069
1790341585901603000,44.93960302734375,0.18325957655906677,0.013439035043120384,0.005497787147760391
1790341585918045400,44.95604541015625,0.18631389737129211,0.0507018156349659,-0.0006108652451075613
1790341585934490400,44.972490478515624,0.19364428520202637,0.039706241339445114,0.015882495790719986
1790341585950934000,44.98893408203125,0.17959438264369965,0.051312681287527084,0.01710422709584236
1790341585967376400,45.00537646484375,0.19058994948863983,0.006719517521560192,0.02626720629632473
1790341585983819500,45.02181958007812,0.182648703455925,-0.02687807008624077,0.01466076634824276
1790341586000288300,45.038288330078124,0.20097467303276062,-0.022602014243602753,0.03237585723400116
1790341586016733000,45.05473291015625,0.18997909128665924,0.016493361443281174,0.024434609338641167
1790341586033177300,45.07117724609375,0.20341812074184418,-0.00427605677396059,0.0354301854968071
1790341586049651200,45.087651123046875,0.1918116807937622,0.019547687843441963,0.045204028487205505
1790341586066038800,45.10403881835938,0.192422553896904,-0.025656340643763542,0.04764748737215996
1790341586082487000,45.12048706054688,0.18631389737129211,-0.013439035043120384,0.04948008432984352
1790341586098934500,45.1369345703125,0.18875735998153687,-0.03420845419168472,0.05619960278272629
1790341586115383800,45.1533837890625,0.19486601650714874,-0.016493361443281174,0.04214970022439957
1790341586131831300,45.16983129882812,0.19975294172763824,0.018325956538319588,0.042760565876960754
1790341586148281600,45.18628149414062,0.19914206862449646,0.03298672288656235,0.031154127791523933
1790341586164662500,45.20266259765625,0.2076941877603531,0.014049900695681572,0.03420845419168472
1790341586181107000,45.21910693359375,0.18936823308467865,0.0507018156349659,0.03726277872920036
1790341586197581800,45.235581787109375,0.20463985204696655,-0.02687807008624077,0.036651913076639175
1790341586214026800,45.25202685546875,0.1814269721508026,-0.05803219974040985,0.02076941914856434
1790341586230470400,45.268470458984375,0.192422553896904,-0.07208210229873657,0.021380282938480377
1790341586246940000,45.28493994140625,0.19608774781227112,-0.048258353024721146,0.02871066704392433
1790341586263385900,45.3013857421875,0.18509216606616974,-0.04092797264456749,0.01160643994808197
1790341586279828700,45.31782885742187,0.19975294172763824,-0.007941247895359993,0.014049900695681572
1790341586296299300,45.33429931640625,0.19547687470912933,0.00733038317412138,0.02015855349600315
1790341586312738800,45.35073876953125,0.2015855312347412,-0.006108652334660292,0.0012217304902151227
1790341586329179400,45.367179443359376,0.20586158335208893,0.042760565876960754,0.018936822190880775
1790341586345618400,45.38361840820313,0.18387043476104736,0.08246681094169617,0.004886921960860491
1790341586362059800,45.40005981445312,0.19120082259178162,0.007941247895359993,-0.0024434609804302454
1790341586378503400,45.41650341796875,0.18875735998153687,-0.013439035043120384,-0.007941247895359993
1790341586394955300,45.43295532226563,0.1918116807937622,-0.028099801391363144,-0.005497787147760391
1790341586411400200,45.44940014648437,0.20586158335208893,-0.02871066704392433,0.02015855349600315
1790341586427841000,45.46584106445312,0.20463985204696655,0.009162978269159794,-0.004886921960860491
1790341586444282000,45.4822822265625,0.19975294172763824,0.06536258012056351,-0.009162978269159794
1790341586460722200,45.49872216796875,0.19303341209888458,0.00733038317412138,-0.01038470957428217
1790341586477166800,45.51516674804687,0.1869247704744339,0.013439035043120384,-0.025045474991202354
1790341586493574700,45.53157470703125,0.20402899384498596,-0.0403171069920063,-0.02321287989616394
1790341586510018800,45.548018798828124,0.19853121042251587,-0.033597588539123535,0.0006108652451075613
1790341586526463500,45.56446337890625,0.2028072625398636,0.05375614017248154,-0.015271631069481373
1790341586542936300,45.58093627929688,0.20525072515010834,0.08552113175392151,-0.010995574295520782
1790341586559379000,45.59737890625,0.1771509200334549,0.05803219974040985,-0.009162978269159794
1790341586575822300,45.613822265625,0.1869247704744339,0.01710422709584236,-0.00855211354792118
1790341586592267800,45.63026782226562,0.1869247704744339,0.0403171069920063,-0.021380282938480377
1790341586608713000,45.646712890625,0.20341812074184418,-0.00855211354792118,-0.025656340643763542
1790341586625159200,45.6631591796875,0.19975294172763824,0.06108652427792549,-0.022602014243602753
1790341586641611000,45.679611083984376,0.2064724564552307,0.07757988572120667,-0.014049900695681572
1790341586658056700,45.696056640625,0.19792033731937408,0.06719517707824707,-0.031154127791523933
1790341586674500900,45.7125009765625,0.19486601650714874,0.07391469180583954,-0.016493361443281174
1790341586690975500,45.7289755859375,0.1814269721508026,0.042760565876960754,-0.015271631069481373
1790341586707416000,45.745416015625,0.19792033731937408,-0.03420845419168472,-0.004886921960860491
1790341586723858000,45.76185791015625,0.18814650177955627,-0.02932153269648552,-0.009773843921720982
1790341586740327700,45.77832763671875,0.18020524084568024,0.021380282938480377,-0.025656340643763542
1790341586756772400,45.7947724609375,0.19914206862449646,-0.005497787147760391,0.009773843921720982
1790341586773216800,45.811216796875,0.1716531366109848,0.009162978269159794,0.0024434609804302454
1790341586789688600,45.8276884765625,0.17409659922122955,0.04337143152952194,0.0024434609804302454
1790341586806132200,45.84413232421875,0.17959438264369965,-0.001832595793530345,0.021991148591041565
1790341586822578700,45.86057861328125,0.1508837193250656,0.01160643994808197,-0.003054326167330146
1790341586838860000,45.87686010742188,0.17531833052635193,-0.01771509274840355,0.028099801391363144
1790341586855301600,45.89330151367187,0.15454891324043274,-0.01466076634824276,0.009773843921720982
1790341586871743200,45.9097431640625,0.16493362188339233,-0.036651913076639175,0.02076941914856434
1790341586888208600,45.92620874023437,0.14844025671482086,0.006108652334660292,0.051312681287527084
1790341586904654600,45.94265454101563,0.14782938361167908,-0.04153883829712868,0.024434609338641167
1790341586921101600,45.9591015625,0.14477506279945374,0.031154127791523933,0.025656340643763542
1790341586937548800,45.975548828125,0.12767083942890167,0.02321287989616394,0.015882495790719986
1790341586953991200,45.9919912109375,0.12828169763088226,-0.0659734457731247,0.021380282938480377
1790341586970435000,46.00843505859375,0.1160643994808197,-0.03481931984424591,0.02626720629632473
1790341586986902500,46.02490258789062,0.10690141469240189,-0.06963863968849182,0.012217304669320583
1790341587003343400,46.04134326171875,0.11301007121801376,-0.05619960278272629,0.00366519158706069
1790341587019830800,46.057830810546875,0.09896016865968704,0.01466076634824276,0.01710422709584236
1790341587036322000,46.07432202148438,0.08735372871160507,0.00427605677396059,0.01160643994808197
1790341587052804400,46.090804443359374,0.08185594528913498,0.025656340643763542,0.003054326167330146
1790341587069398800,46.107398681640625,0.07024950534105301,-0.022602014243602753,-0.012828170321881771
1790341587085891800,46.12389184570313,0.07208210229873657,-0.024434609338641167,-0.012217304669320583
1790341587102391000,46.14039111328125,0.08857546001672745,-0.039095375686883926,0.01038470957428217
1790341587118781200,46.15678125,0.07024950534105301,0.03481931984424591,-0.018325956538319588
1790341587135267600,46.173267578125,0.07941248267889023,0.04642575979232788,0.0024434609804302454
1790341587151753700,46.189753662109375,0.05497787147760391,0.0861319974064827,-0.0024434609804302454
1790341587168170800,46.206170654296876,0.06352998316287994,0.031154127791523933,0.012217304669320583
1790341587184635600,46.2226357421875,0.05375614017248154,0.01771509274840355,0.02382374368607998
1790341587201097500,46.23909741210937,0.05497787147760391,-0.009162978269159794,-0.0024434609804302454
1790341587217577500,46.255577392578125,0.06414084881544113,0.03237585723400116,0.001832595793530345
1790341587234123800,46.27212377929688,0.056810468435287476,0.08246681094169617,0.015271631069481373
1790341587250594600,46.28859448242188,0.0555887371301651,0.07147123664617538,0.029932396486401558
1790341587267095300,46.30509521484375,0.054367005825042725,0.06719517707824707,0.05253441259264946
1790341587283585300,46.32158520507812,0.04642575979232788,0.006719517521560192,0.02871066704392433
1790341587300066800,46.33806689453125,0.054367005825042725,0.018325956538319588,0.03237585723400116
1790341587316589000,46.354589111328124,0.05009094998240471,-0.01466076634824276,0.05314527451992035
1790341587333077200,46.3710771484375,0.05192354694008827,-0.02687807008624077,0.06719517707824707
1790341587349575200,46.3875751953125,0.04948008432984352,0.003054326167330146,0.05497787147760391
1790341587366034400,46.40403442382812,0.0555887371301651,0.010995574295520782,0.06475171446800232
1790341587382521600,46.420521484375,0.04581489413976669,0.007941247895359993,0.05742133408784866
1790341587399005200,46.437005126953125,0.04153883829712868,0.04703662544488907,0.06536258012056351
1790341587415469300,46.45346923828125,0.03298672288656235,0.02076941914856434,0.05375614017248154
1790341587431936500,46.4699365234375,0.039095375686883926,0.012217304669320583,0.04092797264456749
1790341587448428800,46.4864287109375,0.03481931984424591,-0.029932396486401558,0.02687807008624077
1790341587464907000,46.50290698242188,0.02687807008624077,-0.03176499158143997,0.024434609338641167
1790341587481418500,46.51941845703125,0.02626720629632473,-0.054367005825042725,0.025045474991202354
1790341587497906000,46.535906005859374,0.02626720629632473,-0.04092797264456749,0.012217304669320583
1790341587514350800,46.552350830078126,0.02382374368607998,-0.04642575979232788,0.025045474991202354
1790341587530877700,46.56887768554687,0.010995574295520782,-0.006719517521560192,-0.001832595793530345
1790341587547363600,46.585363525390626,0.030543262138962746,0.00366519158706069,0.01038470957428217
1790341587563854300,46.60185424804688,0.013439035043120384,0.012828170321881771,0.009162978269159794
1790341587580346600,46.6183466796875,0.018325956538319588,-0.05253441259264946,0.022602014243602753
1790341587596849200,46.63484912109375,0.03420845419168472,-0.045204028487205505,0.019547687843441963
1790341587613343700,46.65134375,0.02382374368607998,0.012217304669320583,0.01710422709584236
1790341587629828400,46.66782836914062,0.021380282938480377,-0.03237585723400116,0.010995574295520782
1790341587646344700,46.6843447265625,0.019547687843441963,0.02687807008624077,0.036651913076639175
1790341587662830300,46.700830322265624,0.015271631069481373,-0.02626720629632473,0.015882495790719986
1790341587679295700,46.717295654296876,0.02932153269648552,-0.031154127791523933,0.024434609338641167
1790341587695753200,46.73375317382813,0.021380282938480377,-0.030543262138962746,0.048258353024721146
1790341587712237000,46.75023706054687,0.025656340643763542,-0.05253441259264946,0.02321287989616394
1790341587728786700,46.76678662109375,0.04153883829712868,0.016493361443281174,0.033597588539123535
1790341587745267700,46.78326782226563,0.02932153269648552,0.01466076634824276,0.00733038317412138
1790341587761774600,46.79977465820313,0.039095375686883926,0.05009094998240471,0.005497787147760391
1790341587778302500,46.81630249023438,0.027488935738801956,0.06536258012056351,0.021991148591041565
1790341587794766000,46.83276611328125,0.03787364438176155,0.019547687843441963,0.019547687843441963
1790341587811278800,46.84927880859375,0.028099801391363144,0.031154127791523933,0.015882495790719986
1790341587827762200,46.86576220703125,0.02871066704392433,-0.042760565876960754,-0.005497787147760391
1790341587844344600,46.88234448242188,0.036651913076639175,-0.003054326167330146,0.0006108652451075613
1790341587860804900,46.898804931640626,0.03481931984424591,0.02076941914856434,-0.016493361443281174
1790341587877307100,46.91530712890625,0.03298672288656235,0.02871066704392433,0.03237585723400116
1790341587893828900,46.93182885742188,0.024434609338641167,0.0024434609804302454,0.007941247895359993
1790341587910315800,46.94831567382813,0.039095375686883926,0.04153883829712868,-0.003054326167330146
1790341587926819000,46.964819091796876,0.02932153269648552,0.039706241339445114,-0.006719517521560192
1790341587943317800,46.98131787109375,0.01038470957428217,0.0012217304902151227,0.001832595793530345
1790341587959801300,46.99780126953125,0.02687807008624077,-0.036651913076639175,0.018936822190880775
1790341587976349200,47.01434912109375,0.02382374368607998,-0.09162978827953339,0.014049900695681572
1790341587992837600,47.03083764648437,0.02321287989616394,-0.01771509274840355,-0.006719517521560192
1790341588009337900,47.047337890625,0.024434609338641167,-0.018936822190880775,0.02321287989616394
1790341588025827000,47.0638271484375,0.016493361443281174,-0.030543262138962746,0.00366519158706069
1790341588042309000,47.08030908203125,0.02871066704392433,0.022602014243602753,0.030543262138962746
1790341588058772000,47.09677197265625,0.00855211354792118,-0.012828170321881771,-0.02626720629632473
1790341588075262500,47.11326245117188,0.028099801391363144,0.04886921867728233,0.010995574295520782
1790341588091765500,47.129765625,0.0006108652451075613,-0.021380282938480377,0.007941247895359993
1790341588108228600,47.146228515625,0.01710422709584236,0.013439035043120384,0.01160643994808197
1790341588124651300,47.1626513671875,0.018936822190880775,-0.013439035043120384,0.010995574295520782
1790341588141082400,47.17908227539063,0.006719517521560192,0.03176499158143997,-0.00427605677396059
1790341588157467100,47.195467041015625,0.025045474991202354,0.03787364438176155,-0.004886921960860491
1790341588173933000,47.21193310546875,-0.003054326167330146,0.022602014243602753,-0.01771509274840355
1790341588190453800,47.228453857421876,0.00855211354792118,0.027488935738801956,-0.00855211354792118
1790341588206934500,47.2449345703125,0.013439035043120384,0.03298672288656235,0.02015855349600315
1790341588223479800,47.26147973632813,0.001832595793530345,0.00366519158706069,-0.00855211354792118
1790341588239968800,47.27796875,0.01038470957428217,0.05803219974040985,-0.01038470957428217
1790341588256435200,47.29443530273438,0.005497787147760391,0.006719517521560192,-0.03787364438176155
1790341588272926200,47.31092626953125,-0.0024434609804302454,-0.05803219974040985,-0.018936822190880775
1790341588289406200,47.32740625,0.009162978269159794,-0.07452555745840073,0.015271631069481373
1790341588305862000,47.34386181640625,0.006719517521560192,-0.08735372871160507,0.018936822190880775
1790341588322351400,47.36035131835938,-0.004886921960860491,-0.07208210229873657,-0.022602014243602753
1790341588338818800,47.37681884765625,0.00427605677396059,-0.02932153269648552,-0.013439035043120384
1790341588355314200,47.39331420898438,0.001832595793530345,-0.02687807008624077,0
1790341588371801000,47.40980102539063,0.0024434609804302454,-0.012828170321881771,0.03420845419168472
1790341588388319000,47.42631909179688,0.001832595793530345,-0.06902777403593063,-0.0024434609804302454
1790341588404805400,47.442805419921875,0.02321287989616394,-0.03237585723400116,-0.00733038317412138
1790341588421303300,47.45930322265625,-0.006719517521560192,0.01771509274840355,-0.010995574295520782
1790341588437762300,47.47576220703125,0.0006108652451075613,-0.039706241339445114,-0.013439035043120384
1790341588454240300,47.492240234375,0.006719517521560192,-0.013439035043120384,-0.00366519158706069
1790341588470783500,47.50878344726563,0.00366519158706069,-0.07819075137376785,-0.0024434609804302454
1790341588487267800,47.525267822265626,0.003054326167330146,-0.03237585723400116,-0.009773843921720982
1790341588503766000,47.54176611328125,0.014049900695681572,-0.019547687843441963,-0.006719517521560192
1790341588520253400,47.55825341796875,-0.006108652334660292,-0.02626720629632473,-0.04337143152952194
1790341588536782300,47.5747822265625,0.015271631069481373,-0.00427605677396059,-0.009162978269159794
1790341588553303600,47.59130346679687,-0.013439035043120384,0.03176499158143997,-0.012217304669320583
1790341588569792800,47.607792724609375,0.00855211354792118,-0.0806342139840126,-0.0012217304902151227
1790341588586257400,47.62425732421875,-0.004886921960860491,-0.039706241339445114,-0.013439035043120384
1790341588602751200,47.64075122070312,0.007941247895359993,-0.0024434609804302454,-0.025656340643763542
1790341588619250200,47.65725024414063,-0.007941247895359993,-0.016493361443281174,-0.01771509274840355
1790341588635767000,47.67376708984375,-0.01771509274840355,0.016493361443281174,-0.02015855349600315
1790341588652249300,47.690249267578125,0.003054326167330146,0.01160643994808197,-0.009773843921720982
1790341588668745000,47.70674487304687,0.006108652334660292,-0.0659734457731247,0.00733038317412138
1790341588685181400,47.72318139648438,-0.009773843921720982,-0.04092797264456749,0.006719517521560192
1790341588701658400,47.739658447265626,0.018936822190880775,-0.06658431142568588,-0.02687807008624077
1790341588718133500,47.75613354492187,0.00427605677396059,0.054367005825042725,-0.012828170321881771
1790341588734612000,47.77261206054688,0,0.006108652334660292,-0.01038470957428217
1790341588751105500,47.78910546875,0.00366519158706069,0.05375614017248154,0.00427605677396059
1790341588767625500,47.80562548828125,-0.004886921960860491,0.00427605677396059,0.001832595793530345
1790341588784096000,47.82209594726562,0.007941247895359993,-0.036041051149368286,-0.00366519158706069
1790341588800580400,47.83858032226563,0.012828170321881771,0.0507018156349659,-0.01160643994808197
1790341588817063200,47.85506323242188,-0.0012217304902151227,0.03237585723400116,-0.012828170321881771
1790341588833555700,47.8715556640625,-0.0012217304902151227,0.05009094998240471,-0.007941247895359993
1790341588850043100,47.88804321289062,0.005497787147760391,0.0024434609804302454,0.021991148591041565
1790341588866555000,47.904554931640625,-0.016493361443281174,0.04948008432984352,0.01160643994808197
1790341588883069200,47.92106909179687,0.003054326167330146,-0.042760565876960754,0.005497787147760391
1790341588899549400,47.93754956054688,0.001832595793530345,-0.009162978269159794,-0.00366519158706069
1790341588916045600,47.95404565429688,-0.00733038317412138,0.045204028487205505,0.01160643994808197
1790341588932533000,47.97053295898438,-0.0024434609804302454,-0.02871066704392433,0.024434609338641167
1790341588949008600,47.98700854492188,-0.004886921960860491,0.036651913076639175,0.02321287989616394
1790341588965550300,48.00355029296875,-0.004886921960860491,0.03237585723400116,0.021991148591041565
1790341588982037200,48.020037353515626,-0.0024434609804302454,0.009773843921720982,0.021380282938480377
1790341588998536000,48.03653588867188,0.001832595793530345,0.021991148591041565,0.02321287989616394
1790341589015026200,48.05302612304688,0.001832595793530345,0.019547687843441963,0.01710422709584236
1790341589031504000,48.06950390625,0.014049900695681572,-0.036651913076639175,0.025656340643763542
1790341589047991300,48.0859912109375,0.016493361443281174,0.05192354694008827,0.02871066704392433
1790341589064309500,48.1023095703125,-0.00366519158706069,0.05803219974040985,0.018325956538319588
1790341589080688400,48.1186884765625,0.01710422709584236,0.0024434609804302454,0.014049900695681572
1790341589097150000,48.13514990234375,0.0006108652451075613,0.02687807008624077,0.00733038317412138
1790341589113635300,48.15163525390625,0.0012217304902151227,-0.02687807008624077,0.01160643994808197
1790341589130057700,48.1680576171875,0.015271631069481373,-0.02871066704392433,0.02932153269648552
1790341589146546200,48.18454614257813,-0.01038470957428217,0.00733038317412138,0.007941247895359993
1790341589163047700,48.20104760742188,0.0024434609804302454,-0.02871066704392433,0.01710422709584236
1790341589179539200,48.217539306640624,0.00427605677396059,-0.02382374368607998,0.009773843921720982
1790341589196021500,48.234021484375,-0.006108652334660292,-0.04214970022439957,-0.004886921960860491
1790341589212482800,48.25048291015625,0.009773843921720982,-0.03726277872920036,0.012217304669320583
1790341589228967000,48.266966796875,0.0012217304902151227,-0.014049900695681572,0.00733038317412138
1790341589245461500,48.28346142578125,0.0024434609804302454,-0.0403171069920063,-0.009162978269159794
1790341589261985300,48.2999853515625,0.001832595793530345,0.05192354694008827,-0.025045474991202354
1790341589278463500,48.31646337890625,0.006719517521560192,0.00733038317412138,-0.018936822190880775
1790341589294949600,48.33294970703125,-0.0006108652451075613,-0.01038470957428217,-0.006108652334660292
1790341589311433000,48.349432861328125,0.014049900695681572,0.02076941914856434,0.00733038317412138
1790341589327924700,48.3659248046875,0.004886921960860491,0.02932153269648552,-0.02321287989616394
1790341589344414000,48.3824140625,0.00427605677396059,0.00427605677396059,-0.02932153269648552
1790341589360902100,48.39890209960937,0.0012217304902151227,0.009773843921720982,-0.024434609338641167
1790341589377393400,48.415393310546875,0.009162978269159794,-0.036651913076639175,-0.00733038317412138
1790341589393885700,48.4318857421875,0.00366519158706069,0.004886921960860491,-0.00733038317412138
1790341589410385200,48.44838525390625,0.006108652334660292,0.009162978269159794,-0.004886921960860491
1790341589426875100,48.46487524414062,-0.009162978269159794,-0.018936822190880775,-0.0354301854968071
1790341589443355400,48.48135546875,-0.010995574295520782,-0.006108652334660292,-0.016493361443281174
1790341589459897000,48.49789697265625,-0.018936822190880775,-0.06352998316287994,-0.004886921960860491
1790341589476380000,48.5143798828125,0.00427605677396059,-0.07391469180583954,0.012828170321881771
1790341589492842800,48.5308427734375,-0.01710422709584236,-0.005497787147760391,-0.009773843921720982
1790341589509361000,48.54736083984375,-0.001832595793530345,-0.07024950534105301,-0.03726277872920036
1790341589525833000,48.5638330078125,-0.00366519158706069,-0.02382374368607998,-0.025656340643763542
1790341589542347500,48.580347412109376,-0.009162978269159794,0.00427605677396059,-0.0006108652451075613
1790341589558830300,48.596830322265625,-0.006108652334660292,0.0708603709936142,-0.009773843921720982
1790341589575324200,48.61332421875,-0.00427605677396059,0.02871066704392433,0.00427605677396059
1790341589591777300,48.62977734375,-0.02076941914856434,0.03420845419168472,-0.030543262138962746
1790341589608257800,48.6462578125,0.001832595793530345,-0.025045474991202354,-0.016493361443281174
1790341589624742400,48.66274243164062,-0.02015855349600315,-0.06719517707824707,0.009162978269159794
1790341589641224000,48.679223876953124,-0.007941247895359993,-0.06658431142568588,0.004886921960860491
1790341589657714000,48.6957138671875,0.009162978269159794,-0.0024434609804302454,0.01466076634824276
1790341589674198800,48.71219873046875,-0.01038470957428217,-0.0012217304902151227,-0.007941247895359993
1790341589690669300,48.72866943359375,-0.01160643994808197,0.036041051149368286,-0.00427605677396059
1790341589707171000,48.74517114257812,0.00733038317412138,-0.01466076634824276,0.003054326167330146
1790341589723646700,48.76164672851562,0.009773843921720982,0.018936822190880775,0.028099801391363144
1790341589740139800,48.778139892578125,-0.01160643994808197,0.03726277872920036,0.01710422709584236
1790341589756658000,48.794657958984374,-0.00855211354792118,0.018325956538319588,-0.00855211354792118
1790341589773131500,48.81113159179687,0.014049900695681572,-0.006108652334660292,-0.015882495790719986
1790341589789576400,48.827576416015624,-0.029932396486401558,0.01038470957428217,-0.013439035043120384
1790341589806058500,48.84405859375,-0.005497787147760391,-0.06536258012056351,0.01160643994808197
1790341589822566000,48.86056591796875,0,-0.01771509274840355,0.04153883829712868
1790341589839054300,48.87705444335938,-0.019547687843441963,-0.027488935738801956,0.010995574295520782
1790341589855590100,48.89359008789062,-0.01466076634824276,-0.059864792972803116,-0.004886921960860491
1790341589872106500,48.9101064453125,-0.00366519158706069,0.022602014243602753,0.01771509274840355
1790341589888638200,48.92663818359375,0.00855211354792118,0.00427605677396059,0.033597588539123535
1790341589905134300,48.94313427734375,0.01038470957428217,-0.03420845419168472,0.0354301854968071
1790341589921592000,48.959592041015625,-0.01466076634824276,0.03298672288656235,0.003054326167330146
1790341589938061000,48.97606103515625,0.024434609338641167,-0.02871066704392433,0.006108652334660292
1790341589954598000,48.99259790039063,-0.009162978269159794,0.01710422709584236,0.0024434609804302454
1790341589971080700,49.00908081054688,-0.01771509274840355,0.009162978269159794,0.01038470957428217
1790341589987576600,49.02557666015625,0.01038470957428217,-0.03176499158143997,0.06108652427792549
1790341590004082200,49.04208227539063,-0.015882495790719986,-0.022602014243602753,0.018936822190880775
1790341590020563700,49.05856372070313,-0.004886921960860491,-0.01771509274840355,-0.02076941914856434
1790341590037085200,49.075085205078125,0.00427605677396059,-0.021991148591041565,-0.0354301854968071
1790341590053572900,49.09157275390625,0.00427605677396059,0.012217304669320583,0.02687807008624077
1790341590070016300,49.108016357421874,-0.00733038317412138,0.009162978269159794,0.039095375686883926
1790341590086508500,49.12450854492187,-0.0012217304902151227,0.01160643994808197,0.02871066704392433
1790341590102994000,49.140993896484375,-0.01466076634824276,0.005497787147760391,-0.01466076634824276
1790341590119495000,49.15749487304687,0.00427605677396059,-0.036651913076639175,-0.007941247895359993
1790341590135983000,49.17398315429688,-0.01771509274840355,0.03848451003432274,0.02321287989616394
1790341590152482300,49.190482421875,0.0006108652451075613,-0.030543262138962746,0.03726277872920036
1790341590168974000,49.20697412109375,0.006108652334660292,0.021991148591041565,0.01771509274840355
1790341590185458000,49.2234580078125,0.00366519158706069,0.010995574295520782,-0.02687807008624077
1790341590202008000,49.240008056640626,0.001832595793530345,0.021380282938480377,-0.0024434609804302454
1790341590218425600,49.25642553710937,0.006719517521560192,-0.0403171069920063,0.012217304669320583
1790341590234924000,49.272924072265624,-0.009773843921720982,0.04092797264456749,0.010995574295520782
1790341590251447300,49.289447265625,0.0024434609804302454,-0.07208210229873657,-0.022602014243602753
1790341590267928000,49.305927978515626,-0.0006108652451075613,-0.018325956538319588,-0.025656340643763542
1790341590284417000,49.3224169921875,-0.01160643994808197,0.024434609338641167,-0.014049900695681572
1790341590300903400,49.3389033203125,0.00733038317412138,-0.006108652334660292,0.02076941914856434
1790341590317400000,49.35540014648438,-0.013439035043120384,0.00733038317412138,-0.0012217304902151227
1790341590333858800,49.37185888671875,-0.001832595793530345,-0.02382374368607998,-0.01466076634824276
1790341590350345700,49.388345703125,0.005497787147760391,-0.04642575979232788,-0.014049900695681572
1790341590366831400,49.40483129882813,-0.012828170321881771,-0.01038470957428217,-0.03848451003432274
1790341590383319000,49.421319091796875,0.009773843921720982,-0.013439035043120384,0.0024434609804302454
1790341590399788000,49.4377880859375,-0.001832595793530345,0.05253441259264946,0.018325956538319588
1790341590416279300,49.454279296875,0.0012217304902151227,0.11789698898792267,0.025045474991202354
1790341590432735000,49.47073486328125,0.00366519158706069,0.09285151958465576,-0.01038470957428217
1790341590449246500,49.48724658203125,0.001832595793530345,0.08124507963657379,-0.039095375686883926
1790341590465720600,49.503720458984375,0.0024434609804302454,0.03481931984424591,-0.018325956538319588
1790341590482216200,49.52021630859375,0.001832595793530345,-0.021380282938480377,0.005497787147760391
1790341590498704400,49.53670434570312,-0.022602014243602753,0.0806342139840126,0.01466076634824276
1790341590515185400,49.55318530273438,0.001832595793530345,-0.08185594528913498,-0.012828170321881771
1790341590531638500,49.569638427734375,-0.003054326167330146,0.005497787147760391,-0.021380282938480377
1790341590548097300,49.58609716796875,0.02076941914856434,0.07880161702632904,-0.029932396486401558
1790341590564550000,49.6025498046875,0.018936822190880775,0.16982053220272064,0.018325956538319588
1790341590580988000,49.61898779296875,-0.018325956538319588,0.08002334833145142,-0.01038470957428217
1790341590597464800,49.63546484375,0.01038470957428217,0.11056660860776901,-0.019547687843441963
1790341590613937400,49.6519375,0.014049900695681572,0.07635815441608429,-0.018936822190880775
1790341590630406000,49.668406005859374,-0.019547687843441963,0.06658431142568588,0.004886921960860491
1790341590646872600,49.68487255859375,-0.014049900695681572,0.03298672288656235,-0.013439035043120384
1790341590663367000,49.701366943359375,0,-0.04581489413976669,-0.03298672288656235
1790341590679847400,49.71784741210938,0.0012217304902151227,-0.05009094998240471,-0.01710422709584236
1790341590696362000,49.73436206054687,-0.00366519158706069,0.0354301854968071,-0.019547687843441963
1790341590712849200,49.75084912109375,0.013439035043120384,0.00427605677396059,0.009162978269159794
1790341590729351000,49.76735083007812,-0.006108652334660292,0.07819075137376785,0.0006108652451075613
1790341590745875000,49.783875,0.015882495790719986,0.03848451003432274,-0.009773843921720982
1790341590762353200,49.800353271484376,-0.01160643994808197,0.08979719132184982,-0.06352998316287994
1790341590778794500,49.81679443359375,0.02076941914856434,0.03176499158143997,-0.021380282938480377
1790341590795280600,49.83328076171875,-0.0024434609804302454,0.019547687843441963,0.0024434609804302454
1790341590811780900,49.84978076171875,0.005497787147760391,0.05314527451992035,0.014049900695681572
1790341590828272000,49.86627221679687,0.01771509274840355,0.022602014243602753,0.01466076634824276
1790341590844757000,49.88275708007812,0.003054326167330146,-0.0012217304902151227,0.027488935738801956
1790341590861280800,49.89928076171875,-0.013439035043120384,0.02687807008624077,-0.014049900695681572
1790341590877768200,49.91576831054687,0.00855211354792118,0.06475171446800232,-0.0012217304902151227
1790341590894226200,49.93222607421875,0,-0.030543262138962746,0.012828170321881771
1790341590910719200,49.94871923828125,-0.021380282938480377,0.016493361443281174,0.029932396486401558
1790341590927197700,49.96519775390625,0.007941247895359993,0.03787364438176155,0.02932153269648552
1790341590943740000,49.981739990234374,0.009773843921720982,0.01466076634824276,0.01771509274840355
1790341590960222200,49.99822216796875,-0.01771509274840355,0.014049900695681572,-0.001832595793530345
1790341590976719000,50.01471899414062,0.003054326167330146,-0.00733038317412138,-0.00366519158706069
1790341590993239800,50.03123974609375,0.00427605677396059,0.0507018156349659,-0.0006108652451075613
1790341591009722400,50.04772241210937,0.009162978269159794,0.01160643994808197,0.025656340643763542
1790341591026182100,50.06418212890625,-0.004886921960860491,0.08246681094169617,-0.0024434609804302454
1790341591042649000,50.08064916992188,0.010995574295520782,0.036651913076639175,-0.013439035043120384
1790341591059184400,50.09718432617188,0.0024434609804302454,0.05803219974040985,0.00855211354792118
1790341591075674000,50.113674072265624,-0.003054326167330146,0.00733038317412138,0.006108652334660292
1790341591092153300,50.1301533203125,0.006719517521560192,0.02687807008624077,0.009773843921720982
1790341591108715300,50.14671533203125,-0.00427605677396059,-0.0024434609804302454,-0.007941247895359993
1790341591125200400,50.16320043945313,0.0024434609804302454,0,-0.018936822190880775
1790341591141697500,50.179697509765624,0.01038470957428217,0.02015855349600315,0.003054326167330146
1790341591158155300,50.1961552734375,0,0.015882495790719986,-0.006108652334660292
1790341591174632400,50.212632568359375,0.015882495790719986,0.01038470957428217,-0.0024434609804302454
1790341591191141400,50.229141357421874,-0.006719517521560192,0.04398229718208313,-0.021380282938480377
1790341591207627300,50.24562719726563,0.012828170321881771,-0.013439035043120384,0.00366519158706069
1790341591224095700,50.262095703125,-0.012828170321881771,0.015882495790719986,-0.00855211354792118
1790341591240587000,50.2785869140625,0.01160643994808197,-0.00733038317412138,0.0006108652451075613
1790341591257065200,50.295065185546875,0.0012217304902151227,-0.022602014243602753,-0.0012217304902151227
1790341591273549600,50.31154956054687,0.0012217304902151227,-0.009162978269159794,-0.005497787147760391
1790341591290034700,50.32803466796875,0.02382374368607998,-0.02321287989616394,0.016493361443281174
1790341591306532000,50.34453198242188,0.006108652334660292,-0.007941247895359993,0.001832595793530345
1790341591323022300,50.361022216796876,0.019547687843441963,-0.012217304669320583,-0.00427605677396059
1790341591339504600,50.37750463867187,0.012828170321881771,0.01710422709584236,-0.010995574295520782
1790341591356023300,50.394023193359374,0.01038470957428217,0.005497787147760391,-0.00855211354792118
1790341591372510500,50.410510498046875,0.015271631069481373,-0.014049900695681572,0.00855211354792118
1790341591388978000,50.42697802734375,0.003054326167330146,0.02932153269648552,-0.01038470957428217
1790341591405469400,50.443469482421875,0.018936822190880775,-0.025656340643763542,-0.009773843921720982
1790341591421949700,50.45994970703125,0.01038470957428217,0.0024434609804302454,-0.015271631069481373
1790341591438461000,50.4764609375,0.018936822190880775,-0.01466076634824276,-0.01160643994808197
1790341591454946600,50.492946533203124,0.010995574295520782,-0.0006108652451075613,-0.019547687843441963
1790341591471446500,50.509446533203125,0.00855211354792118,0.01038470957428217,0.00366519158706069
1790341591487969800,50.5259697265625,0.01160643994808197,-0.019547687843441963,0.006108652334660292
1790341591504450300,50.5424501953125,0.014049900695681572,0.04214970022439957,-0.009162978269159794
1790341591520970800,50.558970703125,0.006719517521560192,0.05803219974040985,-0.015271631069481373
1790341591537458400,50.57545849609375,0.006108652334660292,-0.00855211354792118,0.00366519158706069
1790341591553960000,50.5919599609375,0.01160643994808197,-0.039706241339445114,0.009162978269159794
1790341591570391800,50.608391845703125,0.012828170321881771,-0.02626720629632473,0.018325956538319588
1790341591586881300,50.62488134765625,0.012828170321881771,-0.003054326167330146,0.0024434609804302454
1790341591603401700,50.64140161132813,0.00733038317412138,0.03237585723400116,-0.0012217304902151227
1790341591619888000,50.65788818359375,0.010995574295520782,-0.01466076634824276,-0.009773843921720982
1790341591636388600,50.674388671875,0.01771509274840355,0.004886921960860491,0
1790341591652885200,50.69088525390625,0.013439035043120384,0.028099801391363144,0
1790341591669367800,50.70736791992187,0.021991148591041565,-0.0006108652451075613,0.012217304669320583
1790341591685914000,50.7239140625,0.005497787147760391,-0.02382374368607998,-0.018936822190880775
1790341591702401800,50.74040185546875,0.01710422709584236,0,-0.00733038317412138
1790341591718869500,50.75686938476562,0.015271631069481373,-0.013439035043120384,-0.0024434609804302454
1790341591735360300,50.7733603515625,0.006719517521560192,0.012828170321881771,-0.0024434609804302454
1790341591751841800,50.789841796875,0.012828170321881771,0.009773843921720982,0.01160643994808197
1790341591768329500,50.80632958984375,0.012217304669320583,-0.010995574295520782,-0.005497787147760391
1790341591784819700,50.82281982421875,0,0.013439035043120384,-0.013439035043120384
1790341591801321000,50.839321044921874,0.006719517521560192,-0.03420845419168472,0.01160643994808197
1790341591817785300,50.85578540039062,0.009162978269159794,-0.05925392732024193,0.00733038317412138
1790341591834277400,50.87227734375,0.009162978269159794,-0.03726277872920036,0.009773843921720982
1790341591850767000,50.88876708984375,0.01038470957428217,-0.02626720629632473,-0.0012217304902151227
1790341591867264300,50.90526416015625,0.009773843921720982,0.027488935738801956,-0.01466076634824276
1790341591883762000,50.92176196289063,0.013439035043120384,-0.014049900695681572,0.009773843921720982
1790341591900160000,50.93815991210938,0.00366519158706069,-0.033597588539123535,0.01038470957428217
1790341591916637400,50.95463745117188,0.01771509274840355,-0.018325956538319588,0.01771509274840355
1790341591933145600,50.9711455078125,0.012217304669320583,-0.018936822190880775,-0.0006108652451075613
1790341591949627400,50.98762744140625,0.018936822190880775,-0.07024950534105301,-0.007941247895359993
1790341591966123500,51.00412353515625,0.013439035043120384,0.005497787147760391,-0.007941247895359993
1790341591982614800,51.02061474609375,0.018325956538319588,0.00855211354792118,0.02015855349600315
1790341591999095300,51.03709521484375,0.014049900695681572,0.019547687843441963,0.021380282938480377
1790341592015615200,51.053615234375,0.02076941914856434,0.029932396486401558,0.01160643994808197
1790341592032103000,51.07010302734375,0.013439035043120384,0.030543262138962746,-0.01466076634824276
1790341592048603000,51.086602783203126,0.014049900695681572,0.018936822190880775,-0.02626720629632473
1790341592065051000,51.10305078125,0.013439035043120384,0.022602014243602753,-0.00366519158706069
1790341592081538800,51.11953881835937,0.01160643994808197,0.01710422709584236,0.02015855349600315
1790341592098027500,51.136027587890624,0.014049900695681572,0.03420845419168472,0.010995574295520782
1790341592114518300,51.152518310546874,0.01771509274840355,0.05009094998240471,0.001832595793530345
1790341592131024000,51.16902392578125,0.01038470957428217,0.021991148591041565,0.01160643994808197
1790341592147524000,51.18552416992188,0.01160643994808197,-0.00427605677396059,0.00855211354792118
1790341592164004000,51.20200415039063,0.021380282938480377,-0.00427605677396059,0.012217304669320583
1790341592180550000,51.2185498046875,0.007941247895359993,0.03176499158143997,0.0012217304902151227
1790341592197032400,51.235032470703125,0.022602014243602753,0.03176499158143997,0.02076941914856434
1790341592213532700,51.25153271484375,0.014049900695681572,-0.03176499158143997,0.00855211354792118
1790341592230062300,51.26806225585938,0.025656340643763542,0.03726277872920036,0.00366519158706069
1790341592246568200,51.28456811523437,0.02932153269648552,0.018936822190880775,0.003054326167330146
1790341592263087400,51.30108740234375,0.003054326167330146,0.01710422709584236,-0.00855211354792118
1790341592279576600,51.31757666015625,0.01771509274840355,-0.006108652334660292,0.01160643994808197
1790341592296077800,51.334077880859375,0.010995574295520782,-0.0024434609804302454,-0.00855211354792118
1790341592312573700,51.35057373046875,0.01710422709584236,-0.00855211354792118,0.0006108652451075613
1790341592329063000,51.36706298828125,0.004886921960860491,0.025656340643763542,-0.015882495790719986
1790341592345585000,51.3835849609375,0.018936822190880775,-0.033597588539123535,-0.00855211354792118
1790341592362072600,51.40007250976562,0.005497787147760391,0.00733038317412138,0.00366519158706069
1790341592378543000,51.41654321289062,0.00855211354792118,-0.025045474991202354,-0.00855211354792118
1790341592395009000,51.43300903320313,0.02382374368607998,-0.05314527451992035,-0.01038470957428217
1790341592411492900,51.44949291992187,0.012217304669320583,0.0006108652451075613,-0.00855211354792118
1790341592428010000,51.466010009765625,0.01466076634824276,0.05314527451992035,-0.006719517521560192
1790341592444499000,51.4824990234375,0.02687807008624077,0.00855211354792118,0.0024434609804302454
1790341592460969500,51.49896948242188,0.00855211354792118,0.04398229718208313,-0.01160643994808197
1790341592477462000,51.5154619140625,0.02932153269648552,0.006719517521560192,0.0006108652451075613
1790341592493945300,51.5319453125,0.01710422709584236,-0.004886921960860491,-0.009773843921720982
1790341592510465300,51.54846533203125,0.009162978269159794,0.02871066704392433,-0.02015855349600315
1790341592526955000,51.564955078125,0.03481931984424591,0.01038470957428217,-0.0006108652451075613
1790341592543457000,51.58145703125,0.02382374368607998,0.030543262138962746,-0.0006108652451075613
1790341592559951600,51.59795166015625,0.013439035043120384,0.03848451003432274,-0.01771509274840355
1790341592576505600,51.61450561523438,0.018936822190880775,-0.028099801391363144,-0.025656340643763542
1790341592593027000,51.631027099609376,0.025656340643763542,-0.0555887371301651,-0.03420845419168472
1790341592609513500,51.647513427734374,0.022602014243602753,-0.018325956538319588,-0.02015855349600315
1790341592625984800,51.66398486328125,0.013439035043120384,-0.012217304669320583,-0.02321287989616394
1790341592642484200,51.68048413085938,0.027488935738801956,0.0006108652451075613,-0.00733038317412138
1790341592658970600,51.696970703125,0.03176499158143997,0.0006108652451075613,-0.005497787147760391
1790341592675487700,51.71348779296875,0.022602014243602753,0.04153883829712868,-0.01038470957428217
1790341592691975000,51.72997485351563,0.025656340643763542,0.00427605677396059,-0.03298672288656235
1790341592708473900,51.746473876953125,0.0354301854968071,-0.007941247895359993,-0.02015855349600315
1790341592724998700,51.76299853515625,0.02626720629632473,0.01038470957428217,-0.00855211354792118
1790341592741475600,51.7794755859375,0.029932396486401558,0.015882495790719986,-0.012217304669320583
1790341592757992700,51.79599267578125,0.04092797264456749,-0.0006108652451075613,-0.012828170321881771
1790341592774478800,51.812478759765625,0.025045474991202354,-0.013439035043120384,-0.018936822190880775
1790341592790977500,51.8289775390625,0.03298672288656235,-0.009773843921720982,-0.02932153269648552
1790341592807434800,51.84543481445313,0.03481931984424591,0.021380282938480377,-0.014049900695681572
1790341592823917800,51.86191772460938,0.03298672288656235,0.01466076634824276,-0.015882495790719986
1790341592840403200,51.8784033203125,0.02321287989616394,0.051312681287527084,-0.012828170321881771
1790341592856891100,51.89489111328125,0.03420845419168472,0.033597588539123535,-0.014049900695681572
1790341592873297000,51.911296875,0.025045474991202354,0.07024950534105301,-0.005497787147760391
1790341592889757400,51.92775732421875,0.02015855349600315,-0.024434609338641167,-0.009773843921720982
1790341592906217200,51.94421728515625,0.029932396486401558,-0.015882495790719986,-0.003054326167330146
1790341592922693400,51.960693359375,0.029932396486401558,-0.03726277872920036,-0.00733038317412138
1790341592939181600,51.977181640625,0.0354301854968071,-0.02626720629632473,-0.0006108652451075613
1790341592955685400,51.99368530273438,0.03176499158143997,-0.001832595793530345,-0.004886921960860491
1790341592972207600,52.01020751953125,0.027488935738801956,0.015882495790719986,0.0024434609804302454
1790341592988689000,52.02668896484375,0.02871066704392433,-0.012217304669320583,0.01710422709584236
1790341593005179000,52.043178955078126,0.02076941914856434,-0.01160643994808197,0.01160643994808197
1790341593021667600,52.05966748046875,0.02932153269648552,-0.05009094998240471,-0.01466076634824276
1790341593038166300,52.07616625976563,0.033597588539123535,0.01466076634824276,-0.014049900695681572
1790341593054593000,52.092593017578125,0.022602014243602753,0.001832595793530345,-0.003054326167330146
1790341593071083800,52.109083740234375,0.03176499158143997,-0.013439035043120384,0.01160643994808197
1790341593087573800,52.12557373046875,0.02871066704392433,0.025045474991202354,0.003054326167330146
1790341593104000800,52.14200073242188,0.025045474991202354,-0.00855211354792118,-0.012828170321881771
1790341593120503800,52.15850390625,0.018936822190880775,-0.003054326167330146,-0.01466076634824276
1790341593136936000,52.17493603515625,0.02321287989616394,-0.018325956538319588,-0.01771509274840355
1790341593153422000,52.191422119140626,0.031154127791523933,0.028099801391363144,0.003054326167330146
1790341593169972700,52.20797265625,0.027488935738801956,0.00733038317412138,0.007941247895359993
1790341593186462700,52.224462646484376,0.012828170321881771,0.05925392732024193,-0.015882495790719986
1790341593202931500,52.24093139648438,0.02626720629632473,-0.031154127791523933,-0.016493361443281174
1790341593219459000,52.257458984375,0.01771509274840355,0.04092797264456749,-0.025656340643763542
1790341593235938300,52.27393823242188,0.02871066704392433,-0.0024434609804302454,0.0024434609804302454
1790341593252498400,52.29049853515625,0.016493361443281174,0.028099801391363144,-0.01466076634824276
1790341593268983300,52.3069833984375,0.030543262138962746,0.03420845419168472,-0.015882495790719986
1790341593285485000,52.323485107421874,0.02382374368607998,0.036041051149368286,-0.015882495790719986
1790341593301978000,52.33997802734375,0.014049900695681572,0,-0.00427605677396059
1790341593318461400,52.35646142578125,0.01038470957428217,0.003054326167330146,-0.006108652334660292
1790341593334981600,52.37298168945313,0.013439035043120384,-0.08918632566928864,-0.02382374368607998
1790341593351468800,52.38946875,0.00366519158706069,-0.04398229718208313,-0.02076941914856434
1790341593367935500,52.405935546875,0.02626720629632473,-0.036651913076639175,0.021380282938480377
1790341593384429600,52.4224296875,0.006108652334660292,-0.05009094998240471,-0.0012217304902151227
1790341593400911400,52.43891137695312,0.010995574295520782,0.01160643994808197,-0.009773843921720982
1790341593417429200,52.45542919921875,0.005497787147760391,-0.01710422709584236,-0.01038470957428217
1790341593433918200,52.47191821289063,0.006108652334660292,-0.11362093687057495,-0.009773843921720982
1790341593450407200,52.4884072265625,0.013439035043120384,-0.0006108652451075613,0.019547687843441963
1790341593466930200,52.50493017578125,0.00733038317412138,-0.03176499158143997,0.00366519158706069
1790341593483416000,52.521416015625,0.024434609338641167,-0.00427605677396059,0.006719517521560192
1790341593499938800,52.537938720703124,0.009162978269159794,0.0354301854968071,0.012828170321881771
1790341593516431400,52.554431396484375,0.01771509274840355,0.02687807008624077,0.009773843921720982
1790341593532931800,52.57093188476563,0.018936822190880775,0.029932396486401558,0.025656340643763542
1790341593549425400,52.58742529296875,0.018325956538319588,0.01710422709584236,0.005497787147760391
1790341593565915100,52.6039150390625,0.018325956538319588,0.060475658625364304,0.001832595793530345
1790341593582405400,52.6204052734375,0.009162978269159794,0.024434609338641167,-0.003054326167330146
1790341593598854400,52.6368544921875,0.01038470957428217,0.015271631069481373,0.016493361443281174
1790341593615320300,52.6533203125,0.021380282938480377,0.02076941914856434,-0.0024434609804302454
1790341593631813000,52.66981323242187,0.003054326167330146,0.04581489413976669,-0.00733038317412138
1790341593648292900,52.68629296875,0.009773843921720982,-0.0659734457731247,-0.02076941914856434
1790341593664836000,52.70283618164063,0.009773843921720982,0,-0.01771509274840355
1790341593681320400,52.719320556640625,0.010995574295520782,-0.04337143152952194,-0.02076941914856434
1790341593697823000,52.73582299804688,0.005497787147760391,-0.0006108652451075613,0.01771509274840355
1790341593714316500,52.752316650390625,0.005497787147760391,-0.02321287989616394,-0.0024434609804302454
1790341593730797600,52.768797607421874,0.014049900695681572,-0.01160643994808197,-0.010995574295520782
1790341593747315700,52.78531567382812,0.005497787147760391,-0.021991148591041565,-0.03298672288656235
1790341593763802400,52.80180224609375,0.00855211354792118,-0.00855211354792118,-0.009162978269159794
1790341593780304600,52.8183046875,0.007941247895359993,-0.00427605677396059,0.01466076634824276
1790341593796796700,52.83479663085937,0.0024434609804302454,-0.029932396486401558,0.021380282938480377
1790341593813283300,52.85128344726562,0.012217304669320583,-0.00855211354792118,0.007941247895359993
1790341593829803300,52.86780322265625,0.02015855349600315,-0.018325956538319588,-0.00733038317412138
1790341593846289000,52.88428881835937,0.009773843921720982,0.00366519158706069,-0.03420845419168472
1790341593862790000,52.90078979492188,0.025656340643763542,0.0403171069920063,0.00366519158706069
1790341593879283500,52.917283447265625,0.018936822190880775,0.01771509274840355,0.036041051149368286
1790341593895753000,52.9337529296875,0.009773843921720982,-0.00733038317412138,0.00855211354792118
1790341593912265500,52.95026538085938,0.005497787147760391,0.018325956538319588,-0.00427605677396059
1790341593928786200,52.9667861328125,0.00366519158706069,-0.04398229718208313,0.009162978269159794
1790341593945284600,52.98328466796875,0.013439035043120384,-0.06414084881544113,0.012828170321881771
1790341593961776400,52.9997763671875,0.006108652334660292,-0.07757988572120667,-0.06475171446800232
1790341593978245400,53.016245361328124,0.013439035043120384,-0.07635815441608429,0.015882495790719986
1790341593994764800,53.03276489257812,0.0024434609804302454,-0.0403171069920063,0.04214970022439957
1790341594011247400,53.049247314453126,0.030543262138962746,0.00855211354792118,0.01466076634824276
1790341594027743700,53.06574365234375,0.00366519158706069,0.05925392732024193,-0.02871066704392433
1790341594044237600,53.082237548828125,0.001832595793530345,0.02015855349600315,-0.00855211354792118
1790341594060536600,53.09853662109375,0.009162978269159794,-0.019547687843441963,0.02932153269648552
1790341594077026800,53.11502685546875,0.01466076634824276,-0.02626720629632473,0.04459316283464432
1790341594093515300,53.131515380859376,0.02076941914856434,-0.0354301854968071,0.02626720629632473
1790341594109983700,53.147983642578126,-0.0012217304902151227,0.02382374368607998,0.01466076634824276
1790341594126480600,53.16448071289062,0.00855211354792118,0.03237585723400116,-0.001832595793530345
1790341594142964200,53.18096411132812,0.009162978269159794,0.01160643994808197,0.03298672288656235
1790341594159510000,53.19751000976562,-0.005497787147760391,0.01710422709584236,0.042760565876960754
1790341594175998700,53.21399877929687,0.02687807008624077,-0.01160643994808197,0.10201449692249298
1790341594192488400,53.230488525390626,-0.010995574295520782,0.09529497474431992,0.007941247895359993
1790341594209018000,53.24701806640625,0.025656340643763542,-0.048258353024721146,-0.019547687843441963
1790341594225498000,53.263498046875,-0.01771509274840355,-0.00733038317412138,-0.01771509274840355
1790341594241985500,53.279985595703124,0.01160643994808197,-0.00855211354792118,0.010995574295520782
1790341594258474000,53.29647387695312,0.025045474991202354,-0.05803219974040985,0.05497787147760391
1790341594274989600,53.312989501953126,-0.012217304669320583,0.029932396486401558,0.015271631069481373
1790341594291488500,53.32948852539062,0.01160643994808197,-0.003054326167330146,-0.005497787147760391
1790341594307966200,53.34596630859375,0.006719517521560192,-0.05314527451992035,-0.025045474991202354
1790341594324451800,53.362451904296876,-0.012217304669320583,0.08674286305904388,0.0555887371301651
1790341594340895500,53.3788955078125,0.02687807008624077,-0.02871066704392433,0.13072516024112701
1790341594357385700,53.3953857421875,0,-0.04337143152952194,0.01160643994808197
1790341594373880800,53.411880859375,0.00427605677396059,-0.03481931984424591,-0.006719517521560192
1790341594390352600,53.4283525390625,0.01160643994808197,0.02015855349600315,-0.003054326167330146
1790341594406891000,53.44489111328125,0.02626720629632473,0.07941248267889023,0.03176499158143997
1790341594423374600,53.46137451171875,-0.0024434609804302454,0.025656340643763542,0.039706241339445114
1790341594439846000,53.47784594726563,0.0012217304902151227,0.10384709388017654,0.009162978269159794
1790341594456338400,53.49433837890625,0.030543262138962746,0.06902777403593063,0.024434609338641167
1790341594472820000,53.51082006835937,0.013439035043120384,0.00427605677396059,0.03726277872920036
1790341594489306600,53.527306640625,-0.006108652334660292,0.039706241339445114,-0.007941247895359993
1790341594505790200,53.54379028320312,0.01771509274840355,0.00427605677396059,-0.03787364438176155
1790341594522288600,53.56028857421875,0.005497787147760391,0.04642575979232788,0.015271631069481373
1790341594538783700,53.57678369140625,0.00733038317412138,-0.00427605677396059,0.0012217304902151227
1790341594555259000,53.5932587890625,0.00427605677396059,0.006719517521560192,-0.03420845419168472
1790341594571716600,53.609716552734376,-0.004886921960860491,0.04459316283464432,-0.05925392732024193
1790341594588207000,53.62620703125,0.030543262138962746,-0.05619960278272629,0.012217304669320583
1790341594604645400,53.642645263671874,-0.021991148591041565,0.04948008432984352,0.00366519158706069
1790341594621137000,53.65913696289063,0.009773843921720982,-0.024434609338641167,0.03237585723400116
1790341594637618700,53.67561865234375,0.0012217304902151227,0.0012217304902151227,-0.03848451003432274
1790341594654116400,53.69211645507813,0,0.06414084881544113,-0.04948008432984352
1790341594670603500,53.708603515625,-0.007941247895359993,0.030543262138962746,-0.018325956538319588
1790341594687106000,53.72510595703125,-0.0012217304902151227,-0.03481931984424591,0.0012217304902151227
1790341594703634400,53.74163452148437,0.013439035043120384,0.02076941914856434,-0.01466076634824276
1790341594720117000,53.758116943359376,0.003054326167330146,0.03237585723400116,0.042760565876960754
1790341594736604000,53.77460400390625,-0.00427605677396059,-0.02932153269648552,0.045204028487205505
1790341594753093600,53.79109375,0.019547687843441963,-0.04153883829712868,0.01038470957428217
1790341594769592000,53.807592041015624,-0.005497787147760391,0.021380282938480377,-0.060475658625364304
1790341594786034200,53.8240341796875,0.01160643994808197,-0.045204028487205505,-0.04459316283464432
1790341594802520000,53.84052001953125,0.003054326167330146,-0.006719517521560192,0
1790341594818972700,53.85697265625,0.009162978269159794,-0.05619960278272629,0.05864306539297104
1790341594835459600,53.87345947265625,-0.0024434609804302454,0.00366519158706069,0.025656340643763542
1790341594851925500,53.88992553710938,0.012217304669320583,0.012217304669320583,-0.04642575979232788
1790341594868383500,53.90638354492187,0.003054326167330146,-0.009773843921720982,-0.03176499158143997
1790341594884901400,53.9229013671875,-0.01038470957428217,0.012828170321881771,0.05192354694008827
1790341594901443800,53.93944384765625,0,-0.006108652334660292,0.06230825558304787
1790341594917929700,53.9559296875,0.01038470957428217,-0.018936822190880775,0.018936822190880775
1790341594934479400,53.972479248046874,-0.015882495790719986,-0.013439035043120384,0.010995574295520782
1790341594951001900,53.989001953125,-0.012828170321881771,0.02076941914856434,0.019547687843441963
1790341594967480300,54.00548022460937,0.007941247895359993,0.02626720629632473,0.030543262138962746
1790341594983995000,54.02199487304687,-0.0012217304902151227,0.01466076634824276,0.022602014243602753
1790341595000480300,54.03848022460937,-0.014049900695681572,0.042760565876960754,0.014049900695681572
1790341595016944000,54.05494409179688,0.0024434609804302454,0.028099801391363144,0.02015855349600315
1790341595033401000,54.071401123046876,-0.009773843921720982,0.03420845419168472,0.003054326167330146
1790341595049883100,54.08788305664063,-0.012828170321881771,0.0012217304902151227,0.003054326167330146
1790341595066466600,54.10446655273437,-0.013439035043120384,0.05619960278272629,0.021380282938480377
1790341595082958000,54.1209580078125,-0.00733038317412138,-0.02382374368607998,0.0024434609804302454
1790341595099464200,54.13746411132813,-0.012217304669320583,-0.030543262138962746,-0.02382374368607998
1790341595115941400,54.15394140625,-0.01466076634824276,-0.03787364438176155,-0.04398229718208313
1790341595132412200,54.170412109375,-0.010995574295520782,-0.04214970022439957,-0.009773843921720982
1790341595148925200,54.18692529296875,-0.001832595793530345,-0.05864306539297104,0.04459316283464432
1790341595165412900,54.203412841796876,-0.01771509274840355,0.001832595793530345,0.019547687843441963
1790341595181913300,54.21991333007813,-0.007941247895359993,0.02015855349600315,-0.006719517521560192
1790341595198403800,54.23640380859375,-0.01038470957428217,-0.006108652334660292,-0.009162978269159794
1790341595214884400,54.25288427734375,-0.007941247895359993,0.05253441259264946,0.01466076634824276
1790341595231368700,54.26936865234375,0.001832595793530345,-0.021991148591041565,0.04948008432984352
1790341595247856000,54.285856201171875,-0.009162978269159794,-0.00427605677396059,0.0403171069920063
1790341595264355800,54.30235595703125,-0.003054326167330146,0.00366519158706069,0.025656340643763542
1790341595280757000,54.31875708007812,0.001832595793530345,-0.02626720629632473,0.009773843921720982
1790341595297246700,54.335246826171876,0,-0.014049900695681572,0.03481931984424591
1790341595313769700,54.35176977539062,0.0024434609804302454,-0.03176499158143997,0.028099801391363144
1790341595330254000,54.36825415039063,0.009162978269159794,0.0555887371301651,0.018325956538319588
1790341595346753300,54.38475317382812,0.0024434609804302454,0.03726277872920036,0.00733038317412138
1790341595363216000,54.4012158203125,-0.004886921960860491,0.03787364438176155,0.00855211354792118
1790341595379695600,54.41769555664062,0.004886921960860491,0.02932153269648552,-0.01038470957428217
1790341595396241400,54.43424145507812,0.0012217304902151227,0.0354301854968071,0.005497787147760391
1790341595412728800,54.450728759765624,-0.01466076634824276,0.024434609338641167,-0.012828170321881771
1790341595429227500,54.4672275390625,0.00427605677396059,0.009162978269159794,-0.012828170321881771
1790341595445748500,54.48374853515625,-0.009162978269159794,-0.021991148591041565,0.045204028487205505
1790341595462215000,54.50021484375,-0.006108652334660292,0.01160643994808197,0.0708603709936142
1790341595478700300,54.5167001953125,0.00427605677396059,0.0354301854968071,0.060475658625364304
1790341595495184600,54.5331845703125,-0.019547687843441963,0.04642575979232788,0.01710422709584236
1790341595511680000,54.549679931640625,0.0006108652451075613,-0.025045474991202354,-0.027488935738801956
1790341595528168000,54.56616796875,-0.00366519158706069,-0.042760565876960754,-0.05375614017248154
1790341595544648700,54.58264868164063,0.0012217304902151227,0.0006108652451075613,-0.031154127791523933
1790341595561098800,54.5990986328125,0.003054326167330146,0.018936822190880775,-0.01160643994808197
1790341595577586000,54.6155859375,0.003054326167330146,0.02871066704392433,-0.01771509274840355
1790341595594084000,54.632083984375,0,-0.007941247895359993,-0.03848451003432274
1790341595610555100,54.64855517578125,-0.006108652334660292,0.02015855349600315,-0.02626720629632473
1790341595627034400,54.665034423828125,0.001832595793530345,-0.025045474991202354,0
1790341595643578400,54.681578369140624,0.003054326167330146,-0.029932396486401558,0.01771509274840355
1790341595660066300,54.69806640625,0.00427605677396059,-0.05375614017248154,0.02626720629632473
1790341595676535300,54.71453540039062,0.00366519158706069,-0.012217304669320583,0.006719517521560192
1790341595693064000,54.73106396484375,0.006108652334660292,-0.001832595793530345,0.012217304669320583
1790341595709545500,54.74754541015625,0.007941247895359993,-0.013439035043120384,0.033597588539123535
1790341595726066400,54.76406640625,-0.004886921960860491,0.013439035043120384,0.02687807008624077
1790341595742555000,54.78055493164062,0.0012217304902151227,0.007941247895359993,0.028099801391363144
1790341595759050800,54.79705078125,0.006108652334660292,-0.02626720629632473,0.013439035043120384
1790341595775543800,54.813543701171874,-0.0012217304902151227,-0.0006108652451075613,0.00366519158706069
1790341595792028400,54.8300283203125,0.003054326167330146,0.007941247895359993,0.033597588539123535
1790341595808546800,54.846546875,0.0012217304902151227,-0.02382374368607998,0.04764748737215996
1790341595825032000,54.86303198242187,-0.0006108652451075613,-0.01038470957428217,0.02687807008624077
1790341595841499000,54.879498779296874,0.003054326167330146,-0.025045474991202354,0.00366519158706069
1790341595857940500,54.8959404296875,0.006719517521560192,-0.010995574295520782,0.0024434609804302454
1790341595874421000,54.9124208984375,0.00427605677396059,0.003054326167330146,0.015271631069481373
1790341595890947800,54.92894775390625,-0.0024434609804302454,0.031154127791523933,0.0757472887635231
1790341595907412000,54.94541186523438,0.012217304669320583,0.001832595793530345,0.12950342893600464
1790341595923861500,54.961861572265626,-0.001832595793530345,0.006719517521560192,0.09224065393209457
1790341595940388400,54.97838842773437,0.0006108652451075613,0.007941247895359993,-0.03298672288656235
1790341595956849700,54.994849609375,0.01038470957428217,-0.010995574295520782,-0.17470745742321014
1790341595973320700,55.01132080078125,-0.007941247895359993,0.02076941914856434,-0.2028072625398636
1790341595989767200,55.02776708984375,-0.00427605677396059,-0.03176499158143997,-0.1014036312699318
1790341596006257200,55.044257080078125,0,0.024434609338641167,0.013439035043120384
1790341596022751000,55.0607509765625,0.00366519158706069,-0.031154127791523933,0.05497787147760391
1790341596039239000,55.07723901367188,0.00855211354792118,-0.00855211354792118,0.016493361443281174
1790341596054648300,55.0926484375,0.005497787147760391,0.04214970022439957,-0.033597588539123535
1790341596071139300,55.109139404296876,0.01160643994808197,-0.024434609338641167,-0.05253441259264946
1790341596087643400,55.12564331054688,0.0006108652451075613,-0.00733038317412138,-0.025656340643763542
