time,seconds_elapsed,z,y,x
1790341541101071000,0.139071044921875,0.19058994948863983,-0.1918116807937622,-0.21563543379306793
1790341541117539800,0.155539794921875,0.18448130786418915,-0.2015855312347412,-0.15454891324043274
1790341541134009300,0.17200927734375,0.1716531366109848,-0.16249015927314758,-0.12461651116609573
1790341541150503000,0.1885029296875,0.13988813757896423,-0.030543262138962746,-0.08002334833145142
1790341541166972200,0.20497216796875,0.1014036312699318,0.182648703455925,0.004886921960860491
1790341541183443200,0.221443115234375,0.06414084881544113,0.23457226157188416,0.06719517707824707
1790341541199942100,0.237942138671875,-0.0012217304902151227,0.2785545587539673,0.16310101747512817
1790341541216413700,0.25441357421875,-0.025656340643763542,0.24617868661880493,0.22846360504627228
1790341541232913400,0.270913330078125,0.010995574295520782,0.15577064454555511,0.2583959996700287
1790341541249385000,0.287385009765625,0.08002334833145142,0.054367005825042725,0.23640485107898712
1790341541265780500,0.303780517578125,0.12095131725072861,0.022602014243602753,0.17959438264369965
1790341541282278700,0.320278564453125,0.1466076523065567,-0.0403171069920063,0.06963863968849182
1790341541298744300,0.336744384765625,0.12889257073402405,-0.12095131725072861,-0.030543262138962746
1790341541315183400,0.353183349609375,0.08552113175392151,-0.17348572611808777,-0.07330382615327835
1790341541331646700,0.369646728515625,0.06719517707824707,-0.15760323405265808,-0.024434609338641167
1790341541348109800,0.38610986328125,0.08185594528913498,-0.10384709388017654,0.021991148591041565
1790341541364627700,0.402627685546875,0.13439035415649414,-0.06719517707824707,0.06352998316287994
1790341541381088800,0.4190888671875,0.22113321721553802,-0.04337143152952194,0.0757472887635231
1790341541397578800,0.435578857421875,0.29138273000717163,0.009162978269159794,0.06780604273080826
1790341541414012200,0.45201220703125,0.32986724376678467,0.03848451003432274,0.039095375686883926
1790341541430441500,0.46844140625,0.2974913716316223,-0.012828170321881771,0.0012217304902151227
1790341541446928000,0.484927978515625,0.23457226157188416,-0.036651913076639175,-0.03420845419168472
1790341541463389400,0.501389404296875,0.17898350954055786,-0.09651670604944229,-0.05497787147760391
1790341541479876600,0.517876708984375,0.13377949595451355,-0.14844025671482086,-0.051312681287527084
1790341541496337400,0.53433740234375,0.09773843735456467,-0.03298672288656235,-0.05619960278272629
1790341541512816000,0.550816162109375,0.11239920556545258,-0.006108652334660292,-0.06414084881544113
1790341541529302500,0.567302490234375,0.16065755486488342,-0.02076941914856434,-0.06352998316287994
1790341541545764000,0.58376416015625,0.2370157092809677,-0.04764748737215996,-0.05497787147760391
1790341541562283000,0.600282958984375,0.34758231043815613,-0.0806342139840126,-0.04092797264456749
1790341541578743600,0.61674365234375,0.4508185386657715,-0.1160643994808197,-0.04764748737215996
1790341541595207200,0.633207275390625,0.47342056035995483,-0.1466076523065567,-0.05314527451992035
1790341541611725800,0.649725830078125,0.4715879559516907,-0.18570303916931152,-0.05925392732024193
1790341541628186400,0.666186279296875,0.44837507605552673,-0.22907446324825287,-0.05619960278272629
1790341541644675800,0.68267578125,0.455705463886261,-0.16371189057826996,-0.02626720629632473
1790341541661134000,0.699134033203125,0.45814892649650574,-0.00733038317412138,-0.04337143152952194
1790341541677592600,0.715592529296875,0.42699480056762695,0.08674286305904388,-0.0708603709936142
1790341541694087000,0.7320869140625,0.384845107793808,0.13072516024112701,-0.17898350954055786
1790341541710547700,0.748547607421875,0.38728857040405273,0.11301007121801376,-0.25473082065582275
1790341541727008000,0.765008056640625,0.4153883755207062,0.12461651116609573,-0.2840523421764374
1790341541743466800,0.781466796875,0.4337143301963806,0.23396138846874237,-0.17837265133857727
1790341541759990300,0.797990234375,0.43799036741256714,0.33169981837272644,-0.06780604273080826
1790341541776482600,0.814482666015625,0.4141666293144226,0.44837507605552673,0.07819075137376785
1790341541792943000,0.830943115234375,0.34147366881370544,0.41661009192466736,0.17409659922122955
1790341541809379800,0.8473798828125,0.24495697021484375,0.2926044464111328,0.21868975460529327
1790341541825839600,0.863839599609375,0.1411098688840866,0.10445795953273773,0.27000242471694946
1790341541842298600,0.880298583984375,0.09651670604944229,0.05192354694008827,0.28955012559890747
1790341541858811000,0.896810791015625,0.07391469180583954,0.06658431142568588,0.26633724570274353
1790341541875266800,0.913266845703125,0.10690141469240189,0.1062905490398407,0.16432274878025055
1790341541891755300,0.92975537109375,0.16493362188339233,0.10690141469240189,0.04092797264456749
1790341541908217300,0.94621728515625,0.21502456068992615,0.012828170321881771,-0.042760565876960754
1790341541924682500,0.9626826171875,0.2272418737411499,-0.009162978269159794,-0.00366519158706069
1790341541941173500,0.979173583984375,0.2321287989616394,0.06536258012056351,0.08002334833145142
1790341541957635300,0.99563525390625,0.2064724564552307,0.1973094791173935,0.24617868661880493
1790341541974098700,1.0120986328125,0.11911872029304504,0.28955012559890747,0.3677408695220947
1790341541990559000,1.02855908203125,0.01771509274840355,0.22479841113090515,0.31459560990333557
1790341542007041300,1.045041259765625,-0.02321287989616394,0.12828169763088226,0.21319197118282318
1790341542023531300,1.06153125,-0.0708603709936142,-0.025045474991202354,0.06963863968849182
1790341542039994000,1.077994140625,-0.0757472887635231,-0.07635815441608429,-0.04337143152952194
1790341542056480300,1.094480224609375,-0.045204028487205505,-0.06230825558304787,-0.07391469180583954
1790341542072924000,1.110923828125,-0.009773843921720982,0.015882495790719986,-0.036041051149368286
1790341542089391000,1.12739111328125,0.01466076634824276,0.06902777403593063,0
1790341542105922600,1.143922607421875,0.059864792972803116,0.06169738993048668,0.036651913076639175
1790341542122426400,1.16042626953125,0.05253441259264946,0.056810468435287476,0.036041051149368286
1790341542138876200,1.176876220703125,-0.01160643994808197,0.028099801391363144,0.007941247895359993
1790341542155383000,1.193383056640625,-0.09957103431224823,0.07635815441608429,0.004886921960860491
1790341542171842000,1.209842041015625,-0.11178833991289139,0.0959058403968811,0.024434609338641167
1790341542188301800,1.2263017578125,-0.07757988572120667,0.1368338167667389,0.08491026610136032
1790341542204759600,1.242759521484375,-0.015882495790719986,0.13011430203914642,0.11850785464048386
1790341542221217500,1.259217529296875,0.015271631069481373,0.09712757170200348,0.10201449692249298
1790341542237734700,1.275734619140625,-0.015882495790719986,-0.031154127791523933,-0.02015855349600315
1790341542254234600,1.292234619140625,-0.05253441259264946,-0.11239920556545258,-0.10934487730264664
1790341542270690300,1.308690185546875,-0.06108652427792549,-0.1918116807937622,-0.21074850857257843
1790341542287147500,1.3251474609375,-0.02932153269648552,-0.19914206862449646,-0.2791654169559479
1790341542303626200,1.341626220703125,0.039095375686883926,-0.1875356286764145,-0.30115658044815063
1790341542320079600,1.35807958984375,0.1215621829032898,-0.04459316283464432,-0.18875735998153687
1790341542336534300,1.3745341796875,0.1411098688840866,0.030543262138962746,-0.09224065393209457
1790341542353017300,1.391017333984375,0.11972958594560623,0.06963863968849182,0.0006108652451075613
1790341542369502200,1.407502197265625,0.06841690838336945,0.02382374368607998,0.01466076634824276
1790341542385981200,1.423981201171875,0.024434609338641167,-0.019547687843441963,-0.030543262138962746
1790341542402489600,1.440489501953125,0.01466076634824276,0.019547687843441963,-0.09957103431224823
1790341542418945000,1.456945068359375,0.04153883829712868,0.0659734457731247,-0.1270599663257599
1790341542435478800,1.473478759765625,0.0708603709936142,0.11972958594560623,-0.11850785464048386
1790341542451933000,1.489932861328125,0.0708603709936142,0.07880161702632904,-0.08429940044879913
1790341542468432400,1.506432373046875,0.05253441259264946,-0.02321287989616394,-0.04764748737215996
1790341542484939500,1.522939453125,0.031154127791523933,-0.11728613078594208,-0.03237585723400116
1790341542501396500,1.539396484375,0.021380282938480377,-0.09957103431224823,-0.04214970022439957
1790341542517882400,1.55588232421875,0.00733038317412138,-0.054367005825042725,-0.05375614017248154
1790341542534384600,1.572384521484375,-0.025045474991202354,-0.027488935738801956,-0.08368854224681854
1790341542550888000,1.588887939453125,-0.05009094998240471,-0.05619960278272629,-0.12339477986097336
1790341542567344000,1.60534423828125,-0.054367005825042725,-0.08491026610136032,-0.11301007121801376
1790341542583831800,1.621831787109375,-0.03298672288656235,-0.05253441259264946,-0.06414084881544113
1790341542600361700,1.63836181640625,-0.0012217304902151227,-0.0354301854968071,0.019547687843441963
1790341542616867800,1.654867919921875,-0.0012217304902151227,-0.025045474991202354,0.10323622822761536
1790341542633354500,1.6713544921875,-0.00733038317412138,-0.04886921867728233,0.12400564551353455
1790341542649808100,1.68780810546875,-0.03787364438176155,-0.010995574295520782,0.08857546001672745
1790341542666305500,1.704305419921875,-0.06719517707824707,0.05009094998240471,0.06475171446800232
1790341542682761200,1.72076123046875,-0.09346238523721695,0.09651670604944229,0.04703662544488907
1790341542699212300,1.73721240234375,-0.10873401165008545,0.10567969083786011,0.07208210229873657
1790341542715667200,1.753667236328125,-0.11056660860776901,0.0861319974064827,0.1270599663257599
1790341542732123100,1.770123046875,-0.09224065393209457,0.04459316283464432,0.16737708449363708
1790341542748580400,1.786580322265625,-0.08429940044879913,0.022602014243602753,0.16004669666290283
1790341542764977400,1.802977294921875,-0.05314527451992035,-0.028099801391363144,0.10934487730264664
1790341542781461200,1.819461181640625,-0.00733038317412138,-0.05192354694008827,0.02871066704392433
1790341542798008000,1.836008056640625,0.03848451003432274,-0.05803219974040985,-0.04459316283464432
1790341542814494000,1.852493896484375,0.08124507963657379,-0.03298672288656235,-0.08002334833145142
1790341542830952700,1.86895263671875,0.08796459436416626,-0.019547687843441963,-0.0757472887635231
1790341542847467300,1.88546728515625,0.09040805697441101,-0.04092797264456749,-0.04886921867728233
1790341542863924000,1.901924072265625,0.0910189226269722,-0.06291911751031876,-0.04581489413976669
1790341542880414000,1.9184140625,0.10873401165008545,-0.06902777403593063,-0.06658431142568588
1790341542896872400,1.93487255859375,0.14049901068210602,-0.06230825558304787,-0.16493362188339233
1790341542913331700,1.951331787109375,0.15027284622192383,-0.05314527451992035,-0.2321287989616394
1790341542929819600,1.967819580078125,0.1569923609495163,-0.04153883829712868,-0.32559117674827576
1790341542946276600,1.984276611328125,0.1618792861700058,-0.01710422709584236,-0.43249258399009705
1790341542962766300,2.000766357421875,0.14538592100143433,0.1264491081237793,-0.45814892649650574
1790341542979220200,2.01722021484375,0.13866640627384186,0.2724458873271942,-0.45204028487205505
1790341542995699700,2.03369970703125,0.19608774781227112,0.27611109614372253,-0.4453207552433014
1790341543012155600,2.05015576171875,0.30970868468284607,0.24617868661880493,-0.4288274049758911
1790341543028612600,2.066612548828125,0.45814892649650574,0.14233160018920898,-0.44226643443107605
1790341543044967000,2.082966796875,0.6188064813613892,-0.01466076634824276,-0.46547931432724
1790341543061380900,2.099380859375,0.740368664264679,-0.16371189057826996,-0.35552358627319336
1790341543077839000,2.115839111328125,0.7525860071182251,-0.18509216606616974,-0.21441370248794556
1790341543094326800,2.132326904296875,0.7006624341011047,-0.17104226350784302,0.06352998316287994
1790341543110760200,2.14876025390625,0.588263213634491,-0.2021963894367218,0.22846360504627228
1790341543127049700,2.1650498046875,0.4599815309047699,-0.21502456068992615,0.20463985204696655
1790341543143505700,2.181505615234375,0.2724458873271942,-0.10873401165008545,0.0012217304902151227
1790341543159962600,2.197962646484375,0.1313360333442688,0.007941247895359993,-0.17348572611808777
1790341543176446500,2.214446533203125,-0.03787364438176155,0.10323622822761536,-0.42149701714515686
1790341543192901600,2.230901611328125,-0.22418753802776337,0.07757988572120667,-0.740368664264679
1790341543209360400,2.2473603515625,-0.38606682419776917,0.04886921867728233,-0.9663888216018677
1790341543225815600,2.263815673828125,-0.5296201705932617,0.025656340643763542,-0.9101892113685608
1790341543242297600,2.280297607421875,-0.5876523852348328,-0.04459316283464432,-0.7336491346359253
1790341543258754600,2.296754638671875,-0.6029239892959595,-0.1319468915462494,-0.48808133602142334
1790341543275208200,2.313208251953125,-0.5406157374382019,-0.2932153046131134,-0.3396410644054413
1790341543291606300,2.329606201171875,-0.4178318381309509,-0.46242499351501465,-0.3390302062034607
1790341543308059400,2.346059326171875,-0.1569923609495163,-0.5864306092262268,-0.38240164518356323
1790341543324514800,2.362514892578125,-0.01466076634824276,-0.4086688458919525,-0.24923302233219147
1790341543340997400,2.378997314453125,0.0659734457731247,-0.0861319974064827,0.13866640627384186
1790341543357451500,2.395451416015625,0.0806342139840126,-0.01038470957428217,0.46547931432724
1790341543373909000,2.411908935546875,0.09712757170200348,-0.22479841113090515,0.5442809462547302
1790341543390366000,2.428365966796875,0.10323622822761536,-0.6120869517326355,0.32559117674827576
1790341543406823700,2.44482373046875,0.06658431142568588,-0.7971791625022888,0.031154127791523933
1790341543423312000,2.461311767578125,-0.05497787147760391,-0.769690215587616,-0.3982841372489929
1790341543439766800,2.477766845703125,-0.19058994948863983,-0.4801400899887085,-0.7922922372817993
1790341543456190000,2.49418994140625,-0.2565633952617645,-0.10934487730264664,-0.998153805732727
1790341543472610800,2.51061083984375,-0.2889392673969269,0.027488935738801956,-0.9761626720428467
1790341543489087500,2.52708740234375,-0.2871066629886627,0.03298672288656235,-0.9077457785606384
1790341543505621500,2.54362158203125,-0.25534167885780334,0.04703662544488907,-0.826500654220581
1790341543522072800,2.56007275390625,-0.16371189057826996,0.051312681287527084,-0.6646214127540588
1790341543538577000,2.576576904296875,-0.019547687843441963,0.04886921867728233,-0.45692721009254456
1790341543555031000,2.593031005859375,0.18448130786418915,0.059864792972803116,-0.26145032048225403
1790341543571488500,2.609488525390625,0.2877175211906433,0.07696902006864548,-0.22846360504627228
1790341543587971000,2.62597119140625,0.3695734739303589,0.1215621829032898,-0.2168571650981903
1790341543604429000,2.642428955078125,0.43737950921058655,0.2681698501110077,-0.14538592100143433
1790341543620888800,2.658888916015625,0.45204028487205505,0.5815436840057373,0.08674286305904388
1790341543637346800,2.675346923828125,-0.18570303916931152,1.2162326574325562,0.5076290369033813
1790341543653806800,2.691806884765625,-0.5992587804794312,1.103833556175232,0.6511823534965515
1790341543670265600,2.708265625,-0.9669997096061707,1.160033106803894,0.7904596328735352
1790341543686723800,2.724723876953125,-1.149037480354309,0.7336491346359253,0.8912523984909058
1790341543703212300,2.74121240234375,-0.9566149711608887,-0.028099801391363144,0.9651671051979065
1790341543719664600,2.75766455078125,-0.38117989897727966,-0.9553932547569275,0.9578366875648499
1790341543736050200,2.77405029296875,-0.00366519158706069,-1.3066407442092896,0.9431759119033813
1790341543752501800,2.790501708984375,0.4911356568336487,-1.3964380025863647,0.8686503767967224
1790341543768953300,2.806953369140625,0.8087855577468872,-1.5717562437057495,0.7965682744979858
1790341543785365800,2.82336572265625,0.9437867999076843,-1.5125023126602173,0.8136724829673767
1790341543801818600,2.839818603515625,0.8704829812049866,-1.0848966836929321,0.646906316280365
1790341543818272000,2.85627197265625,0.7232644557952881,-0.5925393104553223,0.46364670991897583
1790341543834784300,2.8727841796875,0.5186246037483215,0.16432274878025055,0.04764748737215996
1790341543851238400,2.88923828125,0.252287358045578,0.5290092825889587,-0.5051855444908142
1790341543867698700,2.90569873046875,-0.059864792972803116,0.5534439086914062,-0.9382890462875366
1790341543884155600,2.92215576171875,-0.16920967400074005,0.8637634515762329,-1.064738154411316
1790341543900614000,2.93861376953125,-0.05375614017248154,0.9456194043159485,-1.056796908378601
1790341543917069300,2.9550693359375,0.09468411654233932,0.8100073337554932,-1.0317513942718506
1790341543933525200,2.971525146484375,0.08857546001672745,0.34758231043815613,-0.9376781582832336
1790341543949980000,2.98797998046875,0.06169738993048668,0.35735616087913513,-0.7745771408081055
1790341543966430000,3.004429931640625,-0.02015855349600315,0.485027015209198,-0.39156460762023926
1790341543982908700,3.02090869140625,-0.029932396486401558,0.35674530267715454,-0.15454891324043274
1790341543999362300,3.0373623046875,-0.019547687843441963,0.08491026610136032,0.06291911751031876
1790341544015812400,3.053812255859375,0.02076941914856434,0.10262536257505417,0.08307767659425735
1790341544032318500,3.070318359375,0.0006108652451075613,0.24373523890972137,-0.00427605677396059
1790341544048770000,3.08677001953125,-0.09040805697441101,0.2174680233001709,-0.1362229436635971
1790341544065186600,3.1031865234375,-0.1466076523065567,0.03481931984424591,-0.20402899384498596
1790341544081698800,3.11969873046875,-0.14416420459747314,-0.37201693654060364,-0.24556782841682434
1790341544098150700,3.136150634765625,-0.015882495790719986,-0.9633345007896423,-0.25961771607398987
1790341544114603000,3.15260302734375,0.1667662113904953,-1.803274154663086,-0.4001167416572571
1790341544131053800,3.1690537109375,0.45265114307403564,-2.006692409515381,-0.6475171446800232
1790341544147435500,3.185435546875,0.503963828086853,-1.9645426273345947,-0.7299839854240417
1790341544163920400,3.20192041015625,0.4758640229701996,-1.8979582786560059,-0.7067710757255554
1790341544180369400,3.218369384765625,0.4141666293144226,-1.8881844282150269,-0.5216789245605469
1790341544196852500,3.2348525390625,0.42149701714515686,-1.5045610666275024,-0.3836233615875244
1790341544213298700,3.251298583984375,0.4129449129104614,-1.0225883722305298,-0.36102136969566345
1790341544229773800,3.26777392578125,0.40683624148368835,-0.7122688889503479,-0.47769662737846375
1790341544246256600,3.284256591796875,0.3982841372489929,-0.30482175946235657,-0.7434229850769043
1790341544262709500,3.30070947265625,0.3543018400669098,-0.06230825558304787,-1.0115928649902344
1790341544279087400,3.31708740234375,0.31031954288482666,0.06719517707824707,-1.2919800281524658
1790341544295538000,3.333537841796875,0.2932153046131134,0.3219259977340698,-1.6297885179519653
1790341544311988000,3.349988037109375,0.26145032048225403,0.5962044596672058,-1.8112154006958008
1790341544328501800,3.366501708984375,0.16004669666290283,1.0677924156188965,-2.0897700786590576
1790341544344955100,3.382955078125,0.03237585723400116,1.2205088138580322,-2.193617105484009
1790341544361443800,3.39944384765625,-0.08429940044879913,1.2718214988708496,-2.102598190307617
1790341544377899500,3.4158994140625,-0.07635815441608429,0.9529497623443604,-2.085494041442871
1790341544394358800,3.43235888671875,0.005497787147760391,0.7580837607383728,-2.096489429473877
1790341544410845000,3.448844970703125,0.12950342893600464,0.14844025671482086,-2.065335512161255
1790341544427296300,3.465296142578125,0.16982053220272064,-0.004886921960860491,-2.040900707244873
1790341544443750000,3.48175,0.13866640627384186,0.21135938167572021,-2.015244483947754
1790341544460201500,3.498201416015625,0.11850785464048386,0.39217549562454224,-1.9523253440856934
1790341544476653000,3.514653076171875,0.13439035415649414,0.38179078698158264,-1.8698585033416748
1790341544493106200,3.531106201171875,0.16554448008537292,0.26022860407829285,-1.7214182615280151
1790341544509606400,3.5476064453125,0.1814269721508026,0.009162978269159794,-1.6187928915023804
1790341544526121500,3.56412158203125,0.22357667982578278,-0.20952677726745605,-1.5308283567428589
1790341544542572800,3.58057275390625,0.23640485107898712,-0.3695734739303589,-1.3732250928878784
1790341544559024000,3.597024169921875,0.1918116807937622,-0.3384193480014801,-1.2705997228622437
1790341544575537400,3.613537353515625,0.12400564551353455,-0.19547687470912933,-1.112385630607605
1790341544591989200,3.6299892578125,0.10812314599752426,-0.07819075137376785,-0.9627236127853394
1790341544608474000,3.64647412109375,0.11056660860776901,0.07208210229873657,-0.8417723178863525
1790341544624925700,3.66292578125,0.10690141469240189,0.28649580478668213,-0.6627888083457947
1790341544641378300,3.67937841796875,0.1111774742603302,0.4196644127368927,-0.5687155723571777
1790341544657827600,3.69582763671875,0.12095131725072861,0.588263213634491,-0.47280970215797424
1790341544674276600,3.712276611328125,0.10567969083786011,0.6817256212234497,-0.4349360466003418
1790341544690760000,3.728760009765625,0.08185594528913498,0.6921103000640869,-0.38179078698158264
1790341544707212500,3.745212646484375,0.06352998316287994,0.7012733221054077,-0.3597996234893799
1790341544723689000,3.76168896484375,0.029932396486401558,0.6762278079986572,-0.37140607833862305
1790341544740139500,3.778139404296875,-0.05925392732024193,0.6279694437980652,-0.41233405470848083
1790341544756590000,3.794590087890625,-0.182648703455925,0.5638286471366882,-0.46364670991897583
1790341544772980700,3.810980712890625,-0.3139847218990326,0.43737950921058655,-0.49296826124191284
1790341544789429500,3.827429443359375,-0.3793473243713379,0.24373523890972137,-0.5711590051651001
1790341544805881900,3.8438818359375,-0.35246923565864563,0.1459967941045761,-0.543059229850769
1790341544822370300,3.860370361328125,-0.27550023794174194,-0.015882495790719986,-0.4807509481906891
1790341544838786800,3.876786865234375,0.5962044596672058,1.4917329549789429,1.3322970867156982
1790341544855240200,3.893240234375,0.004886921960860491,0.5467243790626526,0.8112290501594543
1790341544871693800,3.90969384765625,0.4098905920982361,0.6120869517326355,1.0971139669418335
1790341544888146700,3.926146728515625,0.3597996234893799,0.6530149579048157,1.1630873680114746
1790341544904597000,3.942596923828125,0.32620203495025635,0.6896668672561646,1.2724323272705078
1790341544921046000,3.9590458984375,0.31459560990333557,0.6719517707824707,1.2596040964126587
1790341544937530600,3.975530517578125,0.2577851414680481,0.607200026512146,1.2870930433273315
1790341544953981400,3.9919814453125,0.15027284622192383,0.4184426963329315,1.1349875926971436
1790341544970455300,4.008455322265625,0.14782938361167908,0.21868975460529327,1.026253581047058
1790341544986938600,4.024938720703125,0.006108652334660292,0.02015855349600315,0.7513642311096191
1790341545003389000,4.041388916015625,0.01038470957428217,-0.10384709388017654,0.44287729263305664
1790341545019902700,4.05790283203125,0.059864792972803116,-0.15943582355976105,0.2730567753314972
1790341545036349700,4.074349609375,0.09957103431224823,-0.2785545587539673,0.1966986060142517
1790341545052798500,4.090798583984375,0.11911872029304504,-0.35246923565864563,0.0910189226269722
1790341545069274600,4.107274658203125,0.0012217304902151227,-0.49357911944389343,-0.09773843735456467
1790341545085723100,4.12372314453125,-0.08429940044879913,-0.48808133602142334,-0.18631389737129211
1790341545102205200,4.140205078125,-0.11972958594560623,-0.484416127204895,-0.13255776464939117
1790341545118724900,4.156724853515625,-0.26450464129447937,-0.3274237811565399,0.46670106053352356
1790341545135097300,4.173097412109375,-0.3176499307155609,-0.1508837193250656,0.7452555894851685
1790341545151543800,4.189543701171875,-0.33292156457901,0.02076941914856434,0.8234463334083557
1790341545168044000,4.2060439453125,-0.38179078698158264,0.03481931984424591,0.817948579788208
1790341545184497000,4.222496826171875,-0.4447098970413208,-0.25534167885780334,0.8387179970741272
1790341545200948200,4.2389482421875,-0.5534439086914062,-0.37690386176109314,0.8393288254737854
1790341545217422300,4.25542236328125,0.6346889734268188,-1.6297885179519653,-0.36224308609962463
1790341545233905200,4.2719052734375,0.39767327904701233,-1.158811330795288,-0.08124507963657379
1790341545250353700,4.288353759765625,0.47280970215797424,-1.3225232362747192,-0.3017674386501312
1790341545266765800,4.304765869140625,0.47219884395599365,-1.2113457918167114,-0.06536258012056351
1790341545283214600,4.321214599609375,0.5858197808265686,-1.1282681226730347,0.16065755486488342
1790341545299663000,4.3376630859375,0.6279694437980652,-1.1539244651794434,0.2974913716316223
1790341545316141300,4.354141357421875,0.6414085030555725,-1.207680583000183,0.4147774875164032
1790341545332591600,4.370591552734375,0.6090326309204102,-1.103833556175232,0.33475416898727417
1790341545349043700,4.387043701171875,0.5442809462547302,-0.9877691268920898,0.23579397797584534
1790341545365496600,4.40349658203125,0.40072759985923767,-0.8991936445236206,0.12950342893600464
1790341545381948700,4.41994873046875,0.31154128909111023,-0.7073819637298584,0.06230825558304787
1790341545398434300,4.436434326171875,0.20952677726745605,-0.5479460954666138,-0.027488935738801956
1790341545414887000,4.452886962890625,0.08307767659425735,-0.2376265823841095,-0.1918116807937622
1790341545431367200,4.4693671875,-0.06414084881544113,-0.10934487730264664,-0.2840523421764374
1790341545447820000,4.485820068359375,-0.3677408695220947,0.08002334833145142,-0.036651913076639175
1790341545464302000,4.502302001953125,-0.5198463201522827,0.1875356286764145,0.19364428520202637
1790341545480756000,4.518755859375,-0.5534439086914062,0.4331034719944,0.5791002511978149
1790341545497207300,4.535207275390625,-0.4080579876899719,0.7336491346359253,0.7354817390441895
1790341545513627100,4.551627197265625,-0.23884831368923187,0.8790351152420044,0.720820963382721
1790341545530078200,4.568078125,-0.18631389737129211,0.7305948138237,0.5723807215690613
1790341545546531800,4.58453173828125,-0.17104226350784302,0.5644394755363464,0.513737678527832
1790341545563013000,4.60101318359375,-0.13377949595451355,0.3878994286060333,0.4050036668777466
1790341545579462000,4.6174619140625,-0.08002334833145142,0.29504790902137756,0.2779437005519867
1790341545595944000,4.63394384765625,-0.015882495790719986,0.23273965716362,0.14416420459747314
1790341545612394500,4.65039453125,0.04092797264456749,0.060475658625364304,0.07880161702632904
1790341545628859000,4.66685888671875,0.0806342139840126,-0.05497787147760391,0.03176499158143997
1790341545645308400,4.683308349609375,0.21563543379306793,-0.1765400618314743,-0.07330382615327835
1790341545661758000,4.699758056640625,0.41722095012664795,-0.2028072625398636,-0.2565633952617645
1790341545678207000,4.71620703125,0.49846604466438293,-0.940121591091156,-0.5619960427284241
1790341545694657300,4.7326572265625,0.23273965716362,-0.3084869384765625,1.0757336616516113
1790341545711109400,4.749109375,0.20525072515010834,-0.99876469373703,0.4996877610683441
1790341545727561200,4.765561279296875,0.2223549485206604,0.16982053220272064,1.0024298429489136
1790341545744012000,4.782011962890625,0.18325957655906677,0.17043140530586243,0.6921103000640869
1790341545760483800,4.79848388671875,0.2028072625398636,0.4758640229701996,0.6401867866516113
1790341545776932400,4.814932373046875,0.2321287989616394,0.5021312236785889,0.4147774875164032
1790341545793379800,4.8313798828125,0.17837265133857727,0.4392121136188507,0.24617868661880493
1790341545809852200,4.84785205078125,0.08246681094169617,0.35124751925468445,0.036041051149368286
1790341545826327800,4.864327880859375,0.04764748737215996,0.38667771220207214,-0.22296582162380219
1790341545842773200,4.880773193359375,-0.01710422709584236,0.5393940210342407,-0.43127086758613586
1790341545859263200,4.89726318359375,-0.10812314599752426,0.394618958234787,-0.5326744914054871
1790341545875708700,4.913708740234375,-0.03176499158143997,-0.006719517521560192,-0.513126790523529
1790341545892156400,4.930156494140625,0.1362229436635971,-0.24923302233219147,-0.42699480056762695
1790341545908601000,4.94660107421875,0.3335324227809906,-0.2626720666885376,-0.39156460762023926
1790341545925048000,4.963048095703125,0.43188172578811646,-0.18570303916931152,-0.42088615894317627
1790341545941493200,4.9794931640625,0.3988949954509735,-0.09407325088977814,-0.342695415019989
1790341545957934600,4.9959345703125,0.2932153046131134,-0.0354301854968071,-0.34574973583221436
1790341545974377000,5.012376953125,0.16920967400074005,-0.1820378452539444,-0.3396410644054413
1790341545990824200,5.02882421875,-0.00733038317412138,-0.2987131178379059,-0.36651915311813354
1790341546007269600,5.04526953125,-0.3017674386501312,-0.06780604273080826,-0.5485569834709167
1790341546023718000,5.0617177734375,-0.9248499870300293,0.759916365146637,-1.0348057746887207
1790341546040164000,5.0781640625,-1.3060299158096313,1.2150110006332397,-1.3897184133529663
1790341546056636200,5.09463623046875,-1.5143349170684814,1.49906325340271,-1.1050552129745483
1790341546073012500,5.111012451171875,-1.6627751588821411,0.13866640627384186,-0.979216992855072
1790341546089329200,5.1273291015625,-1.6572774648666382,-0.7238753437995911,-0.9621127843856812
1790341546105775600,5.143775634765625,-1.2974777221679688,-0.15943582355976105,-0.7012733221054077
1790341546122223900,5.160223876953125,-0.9718865752220154,0.02321287989616394,-0.7941248416900635
1790341546138674000,5.176673828125,-0.4642575979232788,-0.2938261926174164,-0.7202101349830627
1790341546155123700,5.193123779296875,-0.07880161702632904,-0.4129449129104614,-0.45631635189056396
1790341546171575000,5.209574951171875,0.19425514340400696,-0.0555887371301651,-0.46853363513946533
1790341546187995400,5.225995361328125,0.34574973583221436,-0.02382374368607998,-0.38606682419776917
1790341546204439800,5.242439697265625,0.40622538328170776,0.013439035043120384,-0.37751471996307373
1790341546220888000,5.25888818359375,0.3732386529445648,0.17043140530586243,-0.39217549562454224
1790341546237335000,5.2753349609375,0.50335294008255,0.3384193480014801,-0.3579670190811157
1790341546253810000,5.291809814453125,0.5424483418464661,0.26022860407829285,-0.28527405858039856
1790341546270256400,5.30825634765625,0.4715879559516907,0.02687807008624077,-0.12400564551353455
1790341546286700500,5.324700439453125,0.43615779280662537,0.01710422709584236,-0.054367005825042725
1790341546303169800,5.341169677734375,0.24434609711170197,-0.004886921960860491,-0.01160643994808197
1790341546319613700,5.35761376953125,0.03237585723400116,-0.08368854224681854,0.01710422709584236
1790341546336084500,5.37408447265625,-0.01771509274840355,0.003054326167330146,0.01160643994808197
1790341546352581400,5.390581298828125,-0.13866640627384186,0.001832595793530345,0.030543262138962746
1790341546369028000,5.407028076171875,-0.1417207419872284,-0.05925392732024193,-0.01038470957428217
1790341546385473300,5.423473388671875,-0.07269296050071716,-0.056810468435287476,0.006719517521560192
1790341546401967000,5.439967041015625,-0.06352998316287994,0.007941247895359993,0.04642575979232788
1790341546418427400,5.456427490234375,-0.09957103431224823,0.010995574295520782,0.10506882518529892
1790341546434874000,5.4728740234375,-0.09407325088977814,0.009773843921720982,0.08918632566928864
1790341546451320300,5.4893203125,-0.03481931984424591,0.0659734457731247,0.04764748737215996
1790341546467809000,5.50580908203125,0.12217304855585098,0.09040805697441101,0.02626720629632473
1790341546484255700,5.522255859375,0.34574973583221436,0.16920967400074005,0.07513642311096191
1790341546500626000,5.5386259765625,0.5406157374382019,0.25106561183929443,0.16310101747512817
1790341546517072400,5.555072265625,0.607810914516449,0.23579397797584534,0.24434609711170197
1790341546533560300,5.571560302734375,0.543059229850769,0.2168571650981903,0.24068090319633484
1790341546550036000,5.588035888671875,0.4050036668777466,0.03848451003432274,0.20402899384498596
1790341546566483700,5.604483642578125,0.4129449129104614,-0.2070833146572113,0.19914206862449646
1790341546582934000,5.62093408203125,0.5302310585975647,-0.21624629199504852,0.3023782968521118
1790341546599382800,5.6373828125,0.6249151229858398,0.05925392732024193,0.48319441080093384
1790341546615829200,5.653829345703125,0.637132465839386,0.12278391420841217,0.5143485069274902
1790341546632277000,5.670277099609375,0.6102544069290161,0.20097467303276062,0.5143485069274902
1790341546648725000,5.68672509765625,0.5100724697113037,0.26450464129447937,0.4538728892803192
1790341546665172000,5.703171875,0.4129449129104614,0.2626720666885376,0.32498031854629517
1790341546681615000,5.719614990234375,0.3982841372489929,0.2223549485206604,0.252287358045578
1790341546698085000,5.736085205078125,0.3585779070854187,0.26511552929878235,0.15332718193531036
1790341546714529000,5.752529052734375,0.192422553896904,0.27122417092323303,-0.07024950534105301
1790341546730971000,5.768970947265625,-0.021991148591041565,0.014049900695681572,-0.22663100063800812
1790341546747383800,5.7853837890625,-0.23457226157188416,-0.29138273000717163,-0.26145032048225403
1790341546763827000,5.801826904296875,-0.3885102868080139,-0.11301007121801376,-0.25473082065582275
1790341546780272000,5.818272216796875,-0.45204028487205505,0.07941248267889023,-0.18570303916931152
1790341546796777000,5.83477685546875,-0.4813618063926697,0.10751228034496307,0.016493361443281174
1790341546813224000,5.851223876953125,-0.39156460762023926,0.12034045159816742,0.18570303916931152
1790341546829703200,5.867703125,-0.33108896017074585,0.1466076523065567,0.3121521472930908
1790341546846152700,5.884152587890625,-0.2620611786842346,0.21013765037059784,0.4098905920982361
1790341546862532600,5.90053271484375,-0.14049901068210602,0.2028072625398636,0.39095374941825867
1790341546879010300,5.91701025390625,0.012217304669320583,0.06902777403593063,0.38179078698158264
1790341546895454000,5.933453857421875,0.252287358045578,0.10506882518529892,0.42760565876960754
1790341546911899000,5.94989892578125,0.485027015209198,0.01771509274840355,0.5186246037483215
1790341546928343300,5.96634326171875,0.7293730974197388,-0.19058994948863983,0.8234463334083557
1790341546944811500,5.9828115234375,0.7586946487426758,-0.1258382350206375,0.959669291973114
1790341546961255400,5.99925537109375,0.694553792476654,-0.051312681287527084,1.2131783962249756
1790341546977700400,6.015700439453125,0.49357911944389343,-0.0910189226269722,1.350012183189392
1790341546994064600,6.032064697265625,0.4129449129104614,-0.28649580478668213,1.0952813625335693
1790341547010505200,6.048505126953125,0.2687807083129883,-0.1667662113904953,0.827111542224884
1790341547026949400,6.064949462890625,0.1869247704744339,-0.08857546001672745,0.616973876953125
1790341547043453000,6.081452880859375,0.15882496535778046,-0.09651670604944229,0.5760459303855896
1790341547059879700,6.097879638671875,-0.04948008432984352,-0.17592918872833252,0.5125159621238708
1790341547076359200,6.114359130859375,-0.11972958594560623,0.019547687843441963,0.4740314185619354
1790341547092806100,6.13080615234375,-0.11423180252313614,-0.033597588539123535,0.5143485069274902
1790341547109254000,6.14725390625,-0.11301007121801376,-0.039706241339445114,0.5229006409645081
1790341547125735400,6.1637353515625,-0.1160643994808197,-0.15943582355976105,0.656069278717041
1790341547142181400,6.180181396484375,-0.1270599663257599,-0.05253441259264946,0.7452555894851685
1790341547158630100,6.196630126953125,-0.0910189226269722,0.06352998316287994,0.6743952035903931
1790341547175078000,6.213077880859375,0.012828170321881771,-0.1417207419872284,0.4789183437824249
1790341547191549700,6.2295498046875,0.02321287989616394,-0.1765400618314743,0.32986724376678467
1790341547207959800,6.245959716796875,0.009773843921720982,-0.08857546001672745,0.11178833991289139
1790341547224438500,6.2624384765625,-0.0024434609804302454,-0.06230825558304787,-0.03726277872920036
1790341547240932400,6.278932373046875,-0.07208210229873657,-0.1319468915462494,-0.10201449692249298
1790341547257377800,6.295377685546875,-0.20036379992961884,-0.08918632566928864,-0.13316862285137177
1790341547273850600,6.3118505859375,-0.33597588539123535,-0.13072516024112701,-0.1563815027475357
1790341547290326800,6.328326904296875,-0.4801400899887085,-0.1508837193250656,-0.11972958594560623
1790341547306773800,6.344773681640625,-0.5473352670669556,-0.07819075137376785,-0.09346238523721695
1790341547323222300,6.36122216796875,-0.5100724697113037,-0.06475171446800232,-0.09712757170200348
1790341547339669500,6.37766943359375,-0.3090978264808655,0.01038470957428217,-0.021380282938480377
1790341547356117500,6.394117431640625,-0.17409659922122955,-0.004886921960860491,0.02076941914856434
1790341547372564200,6.410564208984375,-0.10262536257505417,-0.0659734457731247,0.03787364438176155
1790341547389011700,6.42701171875,-0.1508837193250656,-0.054367005825042725,-0.004886921960860491
1790341547405458400,6.44345849609375,-0.27977627515792847,0.05803219974040985,-0.0757472887635231
1790341547421904100,6.459904052734375,-0.4404338300228119,0.03848451003432274,-0.1814269721508026
1790341547438348300,6.476348388671875,-0.494189977645874,0.02626720629632473,-0.17104226350784302
1790341547454793200,6.492793212890625,-0.4495968222618103,-0.13011430203914642,-0.0910189226269722
1790341547471238400,6.50923828125,-0.3323107063770294,-0.14538592100143433,0.007941247895359993
1790341547487714300,6.52571435546875,-0.1417207419872284,-0.036651913076639175,0.03787364438176155
1790341547504161800,6.542161865234375,-0.05253441259264946,-0.025045474991202354,0.001832595793530345
1790341547520690700,6.558690673828125,0.0555887371301651,0.04092797264456749,-0.06414084881544113
1790341547537038600,6.57503857421875,0.13744467496871948,0.09834930300712585,-0.02687807008624077
1790341547553517800,6.591517822265625,0.17470745742321014,0.06475171446800232,-0.05375614017248154
1790341547569962200,6.607962158203125,0.2125810980796814,-0.05192354694008827,-0.015882495790719986
1790341547586407000,6.624406982421875,0.08674286305904388,-0.01160643994808197,0.06841690838336945
1790341547602848800,6.640848876953125,0.07513642311096191,0.015882495790719986,0.06902777403593063
1790341547619294500,6.65729443359375,0.13500121235847473,-0.1014036312699318,0.05619960278272629
1790341547635686700,6.673686767578125,0.05375614017248154,-0.09346238523721695,-0.010995574295520782
1790341547652181000,6.690180908203125,-0.00733038317412138,0.051312681287527084,-0.12278391420841217
1790341547668630500,6.706630615234375,-0.02382374368607998,-0.1319468915462494,-0.20097467303276062
1790341547685102600,6.7231025390625,-0.036041051149368286,-0.1569923609495163,-0.2174680233001709
1790341547701544200,6.739544189453125,-0.05314527451992035,0.03848451003432274,-0.23518311977386475
1790341547717986000,6.755986083984375,0.025656340643763542,-0.08124507963657379,-0.24495697021484375
1790341547734431200,6.77243115234375,-0.06230825558304787,-0.10384709388017654,-0.30543261766433716
1790341547750873300,6.788873291015625,-0.054367005825042725,0.059864792972803116,-0.27061331272125244
1790341547767319300,6.8053193359375,-0.07819075137376785,-0.04581489413976669,-0.36163222789764404
1790341547783793700,6.821793701171875,-0.13988813757896423,0.04337143152952194,-0.31642818450927734
1790341547800237600,6.838237548828125,-0.18875735998153687,0.0659734457731247,-0.34086281061172485
1790341547816679200,6.85467919921875,-0.2064724564552307,0.08796459436416626,-0.3830125033855438
1790341547833121000,6.87112109375,-0.12400564551353455,0.0959058403968811,-0.2840523421764374
1790341547849564400,6.887564453125,-0.11728613078594208,-0.01160643994808197,-0.3243694305419922
1790341547866009300,6.90400927734375,-0.16554448008537292,0.016493361443281174,-0.3384193480014801
1790341547882488300,6.92048828125,-0.22968533635139465,0.05375614017248154,-0.31642818450927734
1790341547898933800,6.936933837890625,-0.23945917189121246,0.182648703455925,-0.32131510972976685
1790341547915373800,6.953373779296875,-0.31154128909111023,0.16004669666290283,-0.2871066629886627
1790341547931816400,6.96981640625,-0.3237585723400116,0.21624629199504852,-0.3549126982688904
1790341547948256500,6.986256591796875,-0.34574973583221436,0.1508837193250656,-0.4349360466003418
1790341547964695600,7.002695556640625,-0.24862214922904968,0.11362093687057495,-0.4001167416572571
1790341547981162200,7.019162353515625,-0.13561208546161652,0.07635815441608429,-0.30115658044815063
1790341547997604400,7.035604248046875,-0.10751228034496307,-0.001832595793530345,-0.24862214922904968
1790341548014048500,7.052048583984375,-0.013439035043120384,0.00855211354792118,-0.24862214922904968
1790341548030522000,7.068522216796875,0.11178833991289139,-0.15271630883216858,-0.44165557622909546
1790341548046967000,7.084967041015625,0.3286454975605011,-0.24556782841682434,-0.054367005825042725
1790341548062449400,7.100449462890625,0.5027421116828918,-0.14233160018920898,0.06414084881544113
1790341548078891300,7.116891357421875,0.6695083379745483,-0.1618792861700058,0.16432274878025055
1790341548095337200,7.133337158203125,0.6670648455619812,-0.17531833052635193,0.07147123664617538
1790341548111784200,7.1497841796875,0.5186246037483215,-0.2919935882091522,-0.04092797264456749
1790341548127219200,7.16521923828125,0.3029891550540924,-0.1918116807937622,-0.2736676335334778
1790341548143720200,7.18172021484375,0.22357667982578278,0.03237585723400116,-0.27488934993743896
1790341548160165400,7.198165283203125,-0.015882495790719986,-0.23884831368923187,-0.36529740691185
1790341548176608500,7.2146083984375,-0.33719760179519653,-0.048258353024721146,-0.27977627515792847
1790341548193054200,7.23105419921875,-0.252287358045578,0.16065755486488342,-0.44715335965156555
1790341548209538000,7.2475380859375,0.00427605677396059,0.17959438264369965,-0.7336491346359253
1790341548226002700,7.264002685546875,0.04581489413976669,0.3029891550540924,-0.769690215587616
1790341548242452200,7.2804521484375,0.02871066704392433,0.2565633952617645,-0.5681046843528748
1790341548258901500,7.296901611328125,0.1875356286764145,-0.06414084881544113,-0.3597996234893799
1790341548275379200,7.313379150390625,0.07696902006864548,-0.13255776464939117,-0.5027421116828918
1790341548291827700,7.32982763671875,0.012217304669320583,-0.0959058403968811,-0.5949827432632446
1790341548308277000,7.346277099609375,0.018325956538319588,-0.12522737681865692,-0.5760459303855896
1790341548324723700,7.3627236328125,0.009773843921720982,0.018936822190880775,-0.5002986192703247
1790341548341167400,7.37916748046875,-0.10812314599752426,-0.04398229718208313,-0.6548475623130798
1790341548357611000,7.395611083984375,-0.28466320037841797,0.09162978827953339,-0.8161159753799438
1790341548374058000,7.41205810546875,-0.18509216606616974,-0.08185594528913498,-0.7898487448692322
1790341548390506200,7.42850634765625,-0.08246681094169617,-0.14416420459747314,-1.0574077367782593
1790341548406951700,7.44495166015625,-0.27000242471694946,-0.10323622822761536,-1.0775662660598755
1790341548423398400,7.4613984375,-0.2724458873271942,0.056810468435287476,-0.8930850028991699
1790341548439846700,7.4778466796875,-0.09285151958465576,0.01160643994808197,-0.6976081132888794
1790341548456297500,7.49429736328125,0.012217304669320583,-0.18387043476104736,-0.33475416898727417
1790341548472764700,7.5107646484375,0.02382374368607998,0.00427605677396059,-0.3799581825733185
1790341548489213700,7.527213623046875,-0.11423180252313614,-0.15271630883216858,-0.10384709388017654
1790341548505661700,7.54366162109375,-0.3194825351238251,-0.015271631069481373,0.05192354694008827
1790341548522135000,7.560135009765625,-0.252287358045578,0.20830504596233368,0.31093040108680725
1790341548538518300,7.576518310546875,-0.05497787147760391,0.18997909128665924,0.21380282938480377
1790341548554963700,7.592963623046875,0.028099801391363144,0.19058994948863983,0.1215621829032898
1790341548571409000,7.609408935546875,0.025656340643763542,0.16493362188339233,0.02076941914856434
1790341548587888600,7.625888671875,-0.018325956538319588,0.014049900695681572,-0.09529497474431992
1790341548604348400,7.642348388671875,-0.045204028487205505,-0.024434609338641167,-0.14538592100143433
1790341548620814000,7.65881396484375,0.07880161702632904,0.018325956538319588,-0.025045474991202354
1790341548637318000,7.67531787109375,-0.016493361443281174,-0.059864792972803116,0.0659734457731247
1790341548653816300,7.69181640625,0.08002334833145142,0.016493361443281174,0.17592918872833252
1790341548670263600,7.708263671875,0.1215621829032898,-0.028099801391363144,0.17959438264369965
1790341548686711300,7.724711181640625,0.05619960278272629,-0.06414084881544113,0.2993239760398865
1790341548703159600,7.74115966796875,0.14477506279945374,0.0959058403968811,0.39095374941825867
1790341548719635700,7.7576357421875,0.35124751925468445,0.056810468435287476,0.485027015209198
1790341548736082000,7.77408203125,0.37262779474258423,0.07269296050071716,0.5222898125648499
1790341548752528400,7.7905283203125,0.40133845806121826,0.11178833991289139,0.5968153476715088
1790341548769003000,7.8070029296875,0.28038713335990906,0.09651670604944229,0.44654250144958496
1790341548785450800,7.82345068359375,0.24129177629947662,0.06719517707824707,0.40622538328170776
1790341548801899300,7.839899169921875,0.24373523890972137,-0.07269296050071716,0.3628539443016052
1790341548818346000,7.856345947265625,0.242513507604599,-0.025656340643763542,0.3787364661693573
1790341548834794000,7.8727939453125,0.21380282938480377,-0.03787364438176155,0.3384193480014801
1790341548851242500,7.889242431640625,0.17531833052635193,-0.0959058403968811,0.34025195240974426
1790341548867690000,7.90568994140625,0.0006108652451075613,-0.022602014243602753,0.18448130786418915
1790341548884183300,7.922183349609375,0.07452555745840073,-0.05864306539297104,0.22418753802776337
1790341548900630500,7.938630615234375,-0.08368854224681854,-0.1417207419872284,0.09224065393209457
1790341548917077500,7.955077392578125,-0.1111774742603302,-0.01160643994808197,0.03176499158143997
1790341548933524000,7.97152392578125,-0.05619960278272629,-0.06108652427792549,-0.07024950534105301
1790341548949971500,7.987971435546875,-0.1270599663257599,-0.08246681094169617,-0.10751228034496307
1790341548966477000,8.00447705078125,-0.2070833146572113,0.02382374368607998,-0.19425514340400696
1790341548982924300,8.02092431640625,-0.16982053220272064,-0.015882495790719986,-0.16065755486488342
1790341548999371800,8.037371826171874,-0.22540926933288574,-0.05192354694008827,-0.12461651116609573
1790341549015879000,8.05387890625,-0.1466076523065567,0.022602014243602753,-0.11789698898792267
1790341549032326100,8.070326171875,-0.11972958594560623,-0.13561208546161652,-0.08002334833145142
1790341549048801300,8.08680126953125,-0.18448130786418915,0.016493361443281174,-0.06352998316287994
1790341549065150200,8.103150146484374,-0.12950342893600464,-0.0659734457731247,-0.06414084881544113
1790341549081614300,8.1196142578125,-0.1508837193250656,-0.10873401165008545,0.02382374368607998
1790341549098135300,8.13613525390625,-0.24007004499435425,-0.0012217304902151227,-0.12278391420841217
1790341549114584600,8.15258447265625,-0.16065755486488342,0.00366519158706069,-0.09834930300712585
1790341549131063600,8.1690634765625,-0.19303341209888458,-0.06169738993048668,-0.0659734457731247
1790341549147513300,8.185513427734374,-0.21380282938480377,0.0757472887635231,-0.07391469180583954
1790341549163979500,8.2019794921875,-0.12828169763088226,0.01771509274840355,-0.12767083942890167
1790341549180453600,8.21845361328125,-0.07635815441608429,0.007941247895359993,-0.12400564551353455
1790341549196903000,8.23490283203125,-0.10873401165008545,0.009773843921720982,-0.11667526513338089
1790341549213318700,8.251318603515625,-0.06108652427792549,0.03848451003432274,-0.13866640627384186
1790341549229722400,8.267722412109375,-0.00427605677396059,0.012217304669320583,-0.054367005825042725
1790341549246241800,8.28424169921875,-0.027488935738801956,0.02626720629632473,-0.04642575979232788
1790341549262764800,8.300764892578124,0.01771509274840355,0.015882495790719986,-0.01771509274840355
1790341549279254800,8.3172548828125,-0.018325956538319588,0.018936822190880775,-0.04703662544488907
1790341549295765000,8.333764892578126,-0.0012217304902151227,0.018325956538319588,-0.012828170321881771
1790341549312266000,8.350265869140625,-0.001832595793530345,-0.0024434609804302454,0.027488935738801956
1790341549328746800,8.366746826171875,0.02626720629632473,0.045204028487205505,-0.00366519158706069
1790341549345241600,8.38324169921875,0.04092797264456749,0.0024434609804302454,-0.05314527451992035
1790341549361708800,8.399708740234376,0.09346238523721695,-0.01466076634824276,-0.04642575979232788
1790341549378205700,8.416205810546876,0.030543262138962746,-0.001832595793530345,-0.027488935738801956
1790341549394706400,8.43270654296875,0.06658431142568588,0.05253441259264946,0.018936822190880775
1790341549411230000,8.44922998046875,0.06780604273080826,-0.007941247895359993,0.04398229718208313
1790341549427724800,8.465724853515624,0.03848451003432274,-0.00855211354792118,0.02626720629632473
1790341549444193000,8.482193115234375,0.02626720629632473,0.08735372871160507,0.06841690838336945
1790341549460716000,8.498716064453125,0.02871066704392433,0.01038470957428217,0.04886921867728233
1790341549477220600,8.515220703125,-0.12461651116609573,0.08124507963657379,0.11789698898792267
1790341549493673000,8.5316728515625,-0.08185594528913498,0.1417207419872284,0.1417207419872284
1790341549510151400,8.5481513671875,-0.07757988572120667,0.02015855349600315,0.14477506279945374
1790341549526602200,8.564602294921874,-0.07147123664617538,0.10262536257505417,0.1618792861700058
1790341549543051000,8.581051025390625,-0.014049900695681572,0.04337143152952194,0.1612684279680252
1790341549559443500,8.597443359375,0.08307767659425735,0.01466076634824276,0.17043140530586243
1790341549575894300,8.613894287109375,0.0861319974064827,0.03481931984424591,0.04886921867728233
1790341549592346000,8.63034619140625,0.13927727937698364,0.014049900695681572,0.033597588539123535
1790341549608793900,8.6467939453125,0.1722639948129654,0.039706241339445114,-0.09285151958465576
1790341549625242400,8.663242431640626,0.17348572611808777,0.051312681287527084,-0.17531833052635193
1790341549641619000,8.679618896484374,0.2015855312347412,-0.009162978269159794,-0.17043140530586243
1790341549658067500,8.6960673828125,0.11362093687057495,-0.059864792972803116,-0.192422553896904
1790341549674515500,8.712515380859376,0.09529497474431992,0.03420845419168472,-0.20891591906547546
1790341549690962400,8.72896240234375,0.1270599663257599,0.00366519158706069,-0.16859880089759827
1790341549707440400,8.7454404296875,0.04764748737215996,0.04581489413976669,-0.14477506279945374
1790341549723889200,8.76188916015625,0.0024434609804302454,0.006719517521560192,-0.07208210229873657
1790341549740408300,8.778408203125,-0.01038470957428217,0.054367005825042725,-0.05925392732024193
1790341549756930600,8.7949306640625,0.007941247895359993,0.030543262138962746,-0.07452555745840073
1790341549773424400,8.81142431640625,-0.02321287989616394,0.019547687843441963,0.07269296050071716
1790341549789885700,8.8278857421875,0.06963863968849182,0.04886921867728233,0.1319468915462494
1790341549806334700,8.844334716796874,0.03237585723400116,-0.06658431142568588,0.1722639948129654
1790341549822783000,8.860782958984375,-0.039706241339445114,0.03298672288656235,0.19425514340400696
1790341549839228000,8.877227783203125,-0.025045474991202354,-0.02382374368607998,0.22663100063800812
1790341549855671300,8.89367138671875,-0.028099801391363144,-0.01771509274840355,0.192422553896904
1790341549872116200,8.9101162109375,-0.04642575979232788,0.027488935738801956,0.10201449692249298
1790341549888563200,8.926563232421875,0.014049900695681572,0.001832595793530345,0.09529497474431992
1790341549905117000,8.943116943359374,0.015271631069481373,-0.015271631069481373,0.06291911751031876
1790341549921607000,8.95960693359375,-0.0006108652451075613,-0.007941247895359993,0.059864792972803116
1790341549938074000,8.97607421875,0.012217304669320583,0.025656340643763542,0.13377949595451355
1790341549954551600,8.992551513671875,0.01160643994808197,0.030543262138962746,0.0959058403968811
1790341549971000300,9.009000244140625,0.05253441259264946,0.05742133408784866,0.18020524084568024
1790341549987447600,9.025447509765625,0.06719517707824707,0.03848451003432274,0.07024950534105301
1790341550003955500,9.04195556640625,0.02321287989616394,0.009162978269159794,-0.01160643994808197
1790341550020446500,9.058446533203124,0.04581489413976669,0.05925392732024193,0
1790341550036951300,9.074951416015624,0.0507018156349659,0.03298672288656235,-0.04703662544488907
1790341550053382400,9.09138232421875,-0.03298672288656235,0.007941247895359993,-0.08368854224681854
1790341550069900000,9.107900146484376,-0.030543262138962746,0.0708603709936142,-0.015271631069481373
1790341550086364200,9.1243642578125,-0.0403171069920063,-0.02687807008624077,-0.0757472887635231
1790341550102837000,9.1408369140625,-0.08246681094169617,0.039706241339445114,-0.08674286305904388
1790341550119289900,9.157289794921875,-0.06719517707824707,0.08735372871160507,-0.04092797264456749
1790341550135737600,9.173737548828125,-0.02871066704392433,-0.05619960278272629,-0.06108652427792549
1790341550152226800,9.190226806640625,-0.11789698898792267,0.0024434609804302454,-0.06352998316287994
1790341550168701000,9.206700927734374,-0.06902777403593063,0.04092797264456749,-0.021991148591041565
1790341550185209000,9.223208984375,-0.07147123664617538,-0.04581489413976669,0.00855211354792118
1790341550201747000,9.239746826171874,-0.03298672288656235,0.030543262138962746,0.11362093687057495
1790341550218199300,9.25619921875,0.010995574295520782,0.007941247895359993,0.018325956538319588
1790341550234562600,9.2725625,0.018325956538319588,-0.0006108652451075613,0.030543262138962746
1790341550251086300,9.28908642578125,-0.003054326167330146,0.04764748737215996,-0.025656340643763542
1790341550267579400,9.305579345703125,0,-0.05803219974040985,-0.0403171069920063
1790341550284086500,9.32208642578125,0,-0.02321287989616394,-0.08307767659425735
1790341550300568600,9.338568603515625,-0.05497787147760391,-0.029932396486401558,-0.16065755486488342
1790341550317018400,9.355018310546875,-0.07147123664617538,-0.09896016865968704,-0.16493362188339233
1790341550333497600,9.37149755859375,-0.05864306539297104,0.02015855349600315,-0.1918116807937622
1790341550349948000,9.387947998046876,-0.10384709388017654,-0.10690141469240189,-0.1569923609495163
1790341550366415400,9.404415283203125,-0.23090706765651703,0.019547687843441963,-0.13316862285137177
1790341550382861600,9.420861572265625,-0.19486601650714874,-0.01038470957428217,-0.08124507963657379
1790341550399328800,9.437328857421875,-0.2278527319431305,-0.05009094998240471,-0.08979719132184982
1790341550415801300,9.45380126953125,-0.24434609711170197,-0.01771509274840355,-0.006719517521560192
1790341550432252200,9.470252197265625,-0.15821409225463867,0.08735372871160507,-0.0006108652451075613
1790341550448776000,9.48677587890625,-0.08246681094169617,-0.06414084881544113,0.01710422709584236
1790341550465222400,9.503222412109375,-0.03848451003432274,0.05497787147760391,0.03726277872920036
1790341550481739000,9.519739013671876,-0.012217304669320583,0.012217304669320583,-0.021991148591041565
1790341550498262300,9.53626220703125,-0.005497787147760391,-0.05497787147760391,-0.04703662544488907
1790341550514725000,9.55272509765625,0.003054326167330146,0.021991148591041565,-0.11545353382825851
1790341550531169500,9.56916943359375,0.02321287989616394,-0.06414084881544113,-0.16920967400074005
1790341550547611100,9.585611083984375,0.02076941914856434,-0.0024434609804302454,-0.19853121042251587
1790341550564093700,9.60209375,0.0555887371301651,-0.019547687843441963,-0.17837265133857727
1790341550580541000,9.618541015625,0.02382374368607998,-0.0959058403968811,-0.1716531366109848
1790341550596920000,9.634920166015625,0.015271631069481373,0.001832595793530345,-0.08674286305904388
1790341550613423400,9.65142333984375,0.0708603709936142,-0.09285151958465576,0.02932153269648552
1790341550629870300,9.667870361328125,0.06841690838336945,-0.004886921960860491,0.09834930300712585
1790341550646315300,9.684315185546875,0.08674286305904388,-0.02932153269648552,0.13011430203914642
1790341550662760400,9.700760498046876,0.09162978827953339,-0.036651913076639175,0.14416420459747314
1790341550679205600,9.71720556640625,0.1215621829032898,-0.02076941914856434,0.2028072625398636
1790341550695682600,9.7336826171875,0.16493362188339233,-0.02382374368607998,0.22418753802776337
1790341550712128500,9.75012841796875,0.15332718193531036,-0.02382374368607998,0.1417207419872284
1790341550728575700,9.76657568359375,0.0861319974064827,-0.03237585723400116,0.06902777403593063
1790341550745084400,9.78308447265625,0.0757472887635231,0.004886921960860491,0.01771509274840355
1790341550761576000,9.799575927734375,-0.004886921960860491,-0.05864306539297104,-0.06352998316287994
1790341550778085400,9.81608544921875,-0.09162978827953339,0.03726277872920036,-0.0403171069920063
1790341550794533600,9.83253369140625,-0.036041051149368286,-0.04214970022439957,-0.09285151958465576
1790341550810980600,9.848980712890626,-0.10201449692249298,-0.022602014243602753,-0.11850785464048386
1790341550827430700,9.8654306640625,-0.11056660860776901,0.021991148591041565,-0.07452555745840073
1790341550843904000,9.881904052734376,-0.08307767659425735,0.007941247895359993,0.015271631069481373
1790341550860405800,9.89840576171875,-0.07513642311096191,0.0024434609804302454,0.05925392732024193
1790341550876900600,9.914900634765624,-0.02932153269648552,-0.021991148591041565,0.09773843735456467
1790341550893393200,9.93139306640625,0.03787364438176155,0.012828170321881771,0.04581489413976669
1790341550909858300,9.9478583984375,0.03420845419168472,-0.0507018156349659,0.01160643994808197
1790341550926389200,9.96438916015625,0.02687807008624077,-0.06414084881544113,-0.00733038317412138
1790341550942927000,9.980927001953125,0.05497787147760391,-0.07330382615327835,-0.10812314599752426
1790341550959377700,9.997377685546875,-0.07024950534105301,-0.04886921867728233,-0.19914206862449646
1790341550975828700,10.013828857421874,-0.07147123664617538,-0.06108652427792549,-0.192422553896904
1790341550992308200,10.03030810546875,-0.02076941914856434,-0.018936822190880775,-0.17104226350784302
1790341551008759000,10.046759033203125,-0.10812314599752426,-0.0757472887635231,-0.1472185254096985
1790341551025209600,10.063209716796875,-0.22296582162380219,0.031154127791523933,-0.10873401165008545
1790341551041659000,10.079658935546876,-0.24434609711170197,-0.06230825558304787,-0.018936822190880775
1790341551057967600,10.095967529296875,-0.30115658044815063,0.010995574295520782,0.04459316283464432
1790341551074348000,10.11234814453125,-0.22602014243602753,0.009773843921720982,0.07024950534105301
1790341551090759400,10.128759521484374,-0.20341812074184418,-0.08857546001672745,0.054367005825042725
1790341551107206400,10.145206298828125,-0.2119702398777008,0.04764748737215996,0.07269296050071716
1790341551123653400,10.1616533203125,-0.0959058403968811,-0.036041051149368286,0.01038470957428217
1790341551140102700,10.1781025390625,-0.12767083942890167,-0.03237585723400116,-0.07696902006864548
1790341551156551400,10.194551513671875,-0.13377949595451355,0.08674286305904388,-0.11850785464048386
1790341551172995800,10.210995849609375,-0.06963863968849182,0.024434609338641167,-0.1722639948129654
1790341551189473500,10.2274736328125,-0.09529497474431992,-0.02015855349600315,-0.24617868661880493
1790341551205922800,10.2439228515625,-0.2070833146572113,0.012217304669320583,-0.2571742534637451
1790341551222372000,10.2603720703125,-0.1667662113904953,-0.01160643994808197,-0.10873401165008545
1790341551238849300,10.276849365234375,-0.08552113175392151,-0.04459316283464432,-0.04764748737215996
1790341551255298000,10.293298095703125,-0.14416420459747314,0.010995574295520782,0.025045474991202354
1790341551271747300,10.309747314453125,-0.0555887371301651,0.0354301854968071,0.1459967941045761
1790341551288194800,10.32619482421875,-0.016493361443281174,-0.04153883829712868,0.11056660860776901
1790341551304656100,10.34265625,-0.02687807008624077,0.03298672288656235,0.0910189226269722
1790341551321105700,10.359105712890624,0.054367005825042725,0.03298672288656235,0.12339477986097336
1790341551337553700,10.3755537109375,0.05009094998240471,0.039095375686883926,0.11362093687057495
1790341551354010000,10.392010009765626,0.029932396486401558,-0.009162978269159794,0.005497787147760391
1790341551370507500,10.408507568359376,0.0507018156349659,0.025656340643763542,-0.054367005825042725
1790341551387026700,10.425026611328125,0.0555887371301651,0.004886921960860491,-0.05314527451992035
1790341551403482600,10.441482666015625,0.031154127791523933,-0.06963863968849182,-0.1459967941045761
1790341551419928300,10.45792822265625,0.019547687843441963,-0.01466076634824276,-0.17592918872833252
1790341551436409300,10.474409423828124,-0.039706241339445114,-0.03481931984424591,-0.21930062770843506
1790341551452860000,10.49085986328125,-0.019547687843441963,0.00733038317412138,-0.10323622822761536
1790341551469310200,10.507310302734375,-0.04337143152952194,-0.02626720629632473,-0.11972958594560623
1790341551485787400,10.523787353515624,-0.07513642311096191,-0.014049900695681572,-0.045204028487205505
1790341551502279200,10.540279052734375,0.01038470957428217,-0.04886921867728233,0.01771509274840355
1790341551518738700,10.55673876953125,0.00366519158706069,0.00427605677396059,0.0708603709936142
1790341551535218000,10.573218017578125,-0.027488935738801956,-0.0006108652451075613,0.15882496535778046
1790341551551667500,10.58966748046875,0.05253441259264946,0.09040805697441101,0.17043140530586243
1790341551568184300,10.606184326171874,0.08491026610136032,-0.0354301854968071,0.2015855312347412
1790341551584632600,10.622632568359375,0.03237585723400116,-0.01160643994808197,0.16432274878025055
1790341551600092700,10.6380927734375,0.06719517707824707,0.0354301854968071,0.15943582355976105
1790341551616539000,10.654538818359375,0.14844025671482086,-0.045204028487205505,0.1264491081237793
1790341551633017000,10.67101708984375,0.06108652427792549,-0.054367005825042725,0.02382374368607998
1790341551649505500,10.687505615234375,0.013439035043120384,0.08002334833145142,-0.07147123664617538
1790341551665949000,10.703948974609375,0.03481931984424591,-0.07269296050071716,-0.12217304855585098
1790341551682362000,10.720362060546876,-0.08735372871160507,0.013439035043120384,-0.19547687470912933
1790341551698808600,10.73680859375,-0.02076941914856434,0.03237585723400116,-0.06352998316287994
1790341551715330600,10.75333056640625,0.033597588539123535,0.01710422709584236,-0.05192354694008827
1790341551731821600,10.769821533203125,-0.10445795953273773,-0.08979719132184982,-0.029932396486401558
1790341551748274700,10.786274658203125,0.005497787147760391,0.06169738993048668,0.10201449692249298
1790341551764723700,10.8027236328125,0.04764748737215996,-0.07147123664617538,0.152105450630188
1790341551781168600,10.819168701171876,-0.05253441259264946,0.05253441259264946,0.04459316283464432
1790341551797654300,10.835654296875,0.06108652427792549,0.04337143152952194,0.04642575979232788
1790341551814113500,10.852113525390624,0.09957103431224823,-0.10384709388017654,0.004886921960860491
1790341551830587100,10.868587158203125,-0.013439035043120384,0.06414084881544113,0.0024434609804302454
1790341551847060500,10.885060546875,0.05375614017248154,0.030543262138962746,0.01710422709584236
1790341551863552800,10.901552734375,0.006108652334660292,-0.0708603709936142,-0.08552113175392151
1790341551879998200,10.917998291015625,-0.030543262138962746,0.02382374368607998,-0.09773843735456467
1790341551896479200,10.934479248046875,-0.04337143152952194,-0.001832595793530345,-0.10690141469240189
1790341551912926000,10.950926025390626,-0.036651913076639175,-0.07880161702632904,-0.08796459436416626
1790341551929433600,10.96743359375,-0.10262536257505417,0.01160643994808197,-0.14844025671482086
1790341551945916400,10.98391650390625,-0.04581489413976669,-0.013439035043120384,-0.16493362188339233
1790341551962365700,11.00036572265625,-0.06475171446800232,-0.04337143152952194,-0.12339477986097336
1790341551978870500,11.01687060546875,-0.0910189226269722,0.03176499158143997,-0.03176499158143997
1790341551995342600,11.033342529296876,-0.08796459436416626,0.007941247895359993,0.0910189226269722
1790341552011818000,11.04981787109375,-0.06780604273080826,0.0659734457731247,0.07452555745840073
1790341552028269300,11.066269287109375,-0.07024950534105301,0.01466076634824276,0.14782938361167908
1790341552044721700,11.0827216796875,-0.039706241339445114,0.07147123664617538,0.17959438264369965
1790341552061130200,11.099130126953124,0.027488935738801956,0.021380282938480377,0.14355333149433136
1790341552077604400,11.115604248046875,-0.07330382615327835,-0.03237585723400116,0.018325956538319588
1790341552094076000,11.132075927734375,0.054367005825042725,0.07880161702632904,-0.09224065393209457
1790341552110524000,11.14852392578125,-0.006719517521560192,-0.07880161702632904,-0.20952677726745605
1790341552126968300,11.16496826171875,-0.03726277872920036,0.12034045159816742,-0.20952677726745605
1790341552143414500,11.18141455078125,0.07452555745840073,-0.08918632566928864,-0.16859880089759827
1790341552159861000,11.197861083984375,-0.007941247895359993,0.005497787147760391,-0.19058994948863983
1790341552176337700,11.214337646484376,-0.012828170321881771,-0.033597588539123535,-0.05864306539297104
1790341552192801000,11.230801025390624,0.07696902006864548,-0.02871066704392433,0.06352998316287994
1790341552209247200,11.247247314453125,0.060475658625364304,-0.01038470957428217,0.12217304855585098
1790341552225723100,11.26372314453125,0.07330382615327835,0.01771509274840355,0.13744467496871948
1790341552242172700,11.280172607421875,0.22602014243602753,-0.016493361443281174,0.11850785464048386
1790341552258622200,11.296622314453124,0.16065755486488342,-0.07452555745840073,0.11178833991289139
1790341552274908700,11.31290869140625,0.1514945775270462,0.019547687843441963,0.06536258012056351
1790341552291358200,11.329358154296875,0.15332718193531036,-0.09529497474431992,0.05803219974040985
1790341552307805000,11.345804931640625,0.051312681287527084,0.039706241339445114,-0.004886921960860491
1790341552324298500,11.362298583984375,0.06658431142568588,-0.0012217304902151227,0.018325956538319588
1790341552340758300,11.37875830078125,0.0555887371301651,-0.05009094998240471,-0.012828170321881771
1790341552357255400,11.39525537109375,-0.001832595793530345,0.025656340643763542,-0.08674286305904388
1790341552373744000,11.411744140625,0.02015855349600315,-0.018936822190880775,-0.025045474991202354
1790341552390237200,11.4282373046875,0.04398229718208313,0,-0.05314527451992035
1790341552406731800,11.444731689453125,0.02626720629632473,-0.018936822190880775,-0.02932153269648552
1790341552423257600,11.461257568359375,-0.015882495790719986,0.06719517707824707,-0.08979719132184982
1790341552439724500,11.477724609375,0.07757988572120667,0.05742133408784866,0.027488935738801956
1790341552456202500,11.494202392578124,0.04153883829712868,-0.0861319974064827,0.031154127791523933
1790341552472692000,11.51069189453125,0.01466076634824276,0.10018189996480942,0.05925392732024193
1790341552489144300,11.527144287109374,0.054367005825042725,-0.07880161702632904,0.09224065393209457
1790341552505621800,11.543621826171876,0.09957103431224823,-0.02382374368607998,0.1062905490398407
1790341552522068200,11.560068115234374,0.15454891324043274,-0.04398229718208313,0.042760565876960754
1790341552538516200,11.57651611328125,0.20097467303276062,-0.06108652427792549,0.021991148591041565
1790341552554991400,11.592991455078124,0.1466076523065567,-0.04398229718208313,-0.007941247895359993
1790341552571377000,11.609376953125,0.18325957655906677,-0.08735372871160507,-0.08185594528913498
1790341552587849700,11.625849609375,0.15515977144241333,-0.08491026610136032,-0.11484266817569733
1790341552604264200,11.64226416015625,0.12217304855585098,-0.03237585723400116,-0.14477506279945374
1790341552620692200,11.658692138671874,0.09896016865968704,-0.05009094998240471,-0.14355333149433136
1790341552637165600,11.67516552734375,0.04948008432984352,-0.02687807008624077,-0.20341812074184418
1790341552653612500,11.691612548828125,0.01710422709584236,0.012828170321881771,-0.19853121042251587
1790341552670032600,11.70803271484375,-0.005497787147760391,-0.036041051149368286,-0.09040805697441101
1790341552686530800,11.72453076171875,-0.06719517707824707,0.009162978269159794,-0.04214970022439957
1790341552703050500,11.741050537109375,-0.06658431142568588,0.0354301854968071,0.006108652334660292
1790341552719572000,11.757572021484375,-0.04948008432984352,-0.0006108652451075613,0.1514945775270462
1790341552736021200,11.774021240234376,-0.13805554807186127,0.06352998316287994,0.10567969083786011
1790341552752499500,11.79049951171875,-0.15393804013729095,-0.015882495790719986,-0.06352998316287994
1790341552768948200,11.8069482421875,-0.24617868661880493,0.029932396486401558,-0.02321287989616394
1790341552785395500,11.8233955078125,-0.21074850857257843,0.06902777403593063,-0.21502456068992615
1790341552801870300,11.839870361328124,-0.10751228034496307,-0.05803219974040985,-0.025045474991202354
1790341552818317300,11.8563173828125,-0.20463985204696655,-0.00733038317412138,-0.12034045159816742
1790341552834793700,11.872793701171876,-0.10751228034496307,0.05192354694008827,-0.03848451003432274
1790341552851263000,11.889262939453126,0.013439035043120384,-0.08429940044879913,0.004886921960860491
1790341552867746300,11.905746337890625,0.03298672288656235,0.009773843921720982,-0.00366519158706069
1790341552884206300,11.922206298828126,0.10934487730264664,-0.03420845419168472,0.11545353382825851
1790341552900650000,11.93864990234375,0.1563815027475357,0.06414084881544113,-0.0012217304902151227
1790341552917143800,11.955143798828125,0.2577851414680481,-0.02932153269648552,-0.2791654169559479
1790341552933590500,11.971590576171875,0.15821409225463867,0.01771509274840355,-0.12522737681865692
1790341552949979600,11.987979736328125,0.15027284622192383,0.15271630883216858,0.00733038317412138
1790341552966482400,12.004482421875,0.0659734457731247,-0.15454891324043274,-0.16798794269561768
1790341552982928100,12.02092822265625,-0.004886921960860491,0.03176499158143997,0.019547687843441963
1790341552999388000,12.037387939453126,-0.12217304855585098,0.02076941914856434,0.054367005825042725
1790341553015836700,12.053836669921875,-0.4050036668777466,0.13744467496871948,0.09346238523721695
1790341553032287700,12.070287841796874,-0.3237585723400116,0.24923302233219147,0.19975294172763824
1790341553048788000,12.0867880859375,-0.11484266817569733,0.0024434609804302454,0.4001167416572571
1790341553065237200,12.1032373046875,-0.1814269721508026,0.17470745742321014,0.06902777403593063
1790341553081688000,12.11968798828125,-0.15882496535778046,0.17409659922122955,-0.21135938167572021
1790341553098139100,12.13613916015625,-0.08857546001672745,-0.2028072625398636,-0.25534167885780334
1790341553114558000,12.152557861328125,-0.06536258012056351,0.06780604273080826,-0.35185837745666504
1790341553130995500,12.168995361328125,-0.004886921960860491,-0.14294247329235077,-0.2174680233001709
1790341553147383000,12.185383056640624,0.05803219974040985,-0.13377949595451355,-0.24617868661880493
1790341553163849700,12.201849609375,0.04092797264456749,-0.05192354694008827,-0.19303341209888458
1790341553180299300,12.21829931640625,0.30543261766433716,-0.006719517521560192,-0.14416420459747314
1790341553196750000,12.23475,0.39767327904701233,-0.06658431142568588,-0.2168571650981903
1790341553213232400,12.251232421875,0.3390302062034607,0.00733038317412138,-0.7055493593215942
1790341553229684000,12.26768408203125,0.4899139404296875,-0.019547687843441963,-0.2620611786842346
1790341553246131500,12.28413134765625,0.2926044464111328,0.01038470957428217,-0.2724458873271942
1790341553262583000,12.3005830078125,0.17959438264369965,0.025656340643763542,-0.45204028487205505
1790341553278984200,12.316984130859375,-0.09529497474431992,-0.23640485107898712,-0.029932396486401558
1790341553295432000,12.333431884765625,-0.1563815027475357,0.33658674359321594,0.0403171069920063
1790341553311878000,12.3498779296875,0.025656340643763542,-0.33536502718925476,-0.13439035415649414
1790341553328322600,12.366322509765626,-0.5974262356758118,0.19608774781227112,0.02932153269648552
1790341553344766700,12.3827666015625,-0.455705463886261,0.616973876953125,0.7739662528038025
1790341553361215200,12.39921533203125,-0.3274237811565399,-0.03237585723400116,0.485027015209198
1790341553377664000,12.4156640625,-0.484416127204895,-0.10201449692249298,0.20830504596233368
1790341553394111200,12.432111328125,-0.18875735998153687,0.17959438264369965,0.1014036312699318
1790341553410571300,12.4485712890625,-0.15760323405265808,-0.039095375686883926,-0.242513507604599
1790341553427015400,12.465015380859375,0.09040805697441101,0.1973094791173935,-0.36713001132011414
1790341553443459800,12.4814599609375,0.08918632566928864,0.025045474991202354,-0.4331034719944
1790341553459935700,12.497935791015625,0.15760323405265808,-0.2070833146572113,-0.3579670190811157
1790341553476383200,12.51438330078125,0.2223549485206604,0.07330382615327835,-0.1869247704744339
1790341553492830000,12.530829833984376,0.39156460762023926,-0.04886921867728233,0.1258382350206375
1790341553509277000,12.54727685546875,0.4447098970413208,0.02076941914856434,0.4251621961593628
1790341553525721900,12.563721923828124,0.5302310585975647,0.06414084881544113,0.598647952079773
1790341553542164500,12.58016455078125,0.43737950921058655,0.014049900695681572,0.45692721009254456
1790341553558607000,12.596607177734375,0.3439171314239502,-0.012217304669320583,0.36224308609962463
1790341553575010600,12.613010498046876,0.24068090319633484,0.025045474991202354,0.22540926933288574
1790341553591454000,12.629453857421876,0.13316862285137177,0.01160643994808197,-0.04886921867728233
1790341553607902200,12.645902099609375,-0.03298672288656235,0.0507018156349659,-0.08796459436416626
1790341553624361200,12.662361328125,-0.1111774742603302,0.012217304669320583,-0.00855211354792118
1790341553640810000,12.67881005859375,-0.1612684279680252,0.06841690838336945,0.09346238523721695
1790341553657287000,12.695286865234374,-0.1875356286764145,0.0659734457731247,0.2669481039047241
1790341553673732400,12.711732421875,-0.3500257730484009,0.05619960278272629,0.43799036741256714
1790341553690175000,12.728175048828126,-0.34208452701568604,0.10690141469240189,0.45631635189056396
1790341553706650400,12.744650390625,-0.11301007121801376,-0.025656340643763542,0.4245513379573822
1790341553723097900,12.761097900390626,-0.04092797264456749,0.051312681287527084,0.2932153046131134
1790341553739545600,12.777545654296874,0.12461651116609573,0.09224065393209457,0.22846360504627228
1790341553755993900,12.793993896484375,0.20952677726745605,-0.05742133408784866,-0.013439035043120384
1790341553772441300,12.81044140625,0.18875735998153687,0.06536258012056351,-0.1472185254096985
1790341553788891100,12.82689111328125,0.24678955972194672,-0.0006108652451075613,-0.19608774781227112
1790341553805336800,12.8433369140625,0.31031954288482666,-0.07147123664617538,-0.26083946228027344
1790341553821784000,12.8597841796875,0.26511552929878235,-0.10873401165008545,-0.2541199326515198
1790341553838231000,12.87623095703125,0.2028072625398636,-0.07391469180583954,-0.26633724570274353
1790341553854680800,12.892680908203126,0.17592918872833252,-0.16249015927314758,-0.27061331272125244
1790341553871127000,12.909126953125,0.0806342139840126,-0.07513642311096191,-0.15821409225463867
1790341553887573500,12.925573486328124,0.060475658625364304,-0.07269296050071716,-0.08368854224681854
1790341553904052500,12.942052490234374,-0.045204028487205505,-0.08002334833145142,-0.13255776464939117
1790341553920498200,12.958498291015625,-0.13744467496871948,0,-0.05742133408784866
1790341553936944000,12.974944091796875,-0.2021963894367218,-0.13439035415649414,0.0659734457731247
1790341553953352400,12.9913525390625,-0.36224308609962463,-0.03237585723400116,0.03726277872920036
1790341553969800700,13.00780078125,-0.3176499307155609,0.01710422709584236,0.04703662544488907
1790341553986250800,13.024250732421875,-0.26450464129447937,-0.07513642311096191,0.05375614017248154
1790341554002698800,13.04069873046875,-0.34208452701568604,0.09407325088977814,-0.05497787147760391
1790341554019146000,13.05714599609375,-0.2828305959701538,0.07757988572120667,-0.10690141469240189
1790341554035592200,13.07359228515625,-0.18997909128665924,-0.05314527451992035,-0.14905111491680145
1790341554052039200,13.0900390625,-0.2278527319431305,0.06475171446800232,-0.2968805134296417
1790341554068419300,13.10641943359375,-0.1417207419872284,0.02382374368607998,-0.35185837745666504
1790341554084832500,13.12283251953125,-0.10751228034496307,-0.1007927656173706,-0.3995058834552765
1790341554101247500,13.13924755859375,-0.15271630883216858,-0.06780604273080826,-0.3646865487098694
1790341554117693700,13.155693603515624,-0.1313360333442688,-0.10201449692249298,-0.2919935882091522
1790341554134141700,13.1721416015625,-0.060475658625364304,-0.11972958594560623,-0.26083946228027344
1790341554150611000,13.18861083984375,-0.048258353024721146,-0.1007927656173706,-0.2474004179239273
1790341554167057400,13.205057373046875,0.04948008432984352,-0.09468411654233932,-0.19547687470912933
1790341554183509800,13.221509765625,0.039095375686883926,-0.09407325088977814,-0.10384709388017654
1790341554200022300,13.238022216796875,0.059864792972803116,0.003054326167330146,-0.04703662544488907
1790341554216490500,13.254490478515624,0.16249015927314758,-0.042760565876960754,0.06536258012056351
1790341554232937700,13.270937744140625,0.27000242471694946,0.07208210229873657,0.11850785464048386
1790341554249383000,13.2873828125,0.3799581825733185,-0.018325956538319588,0.07635815441608429
1790341554265830400,13.303830322265625,0.32131510972976685,0.05253441259264946,0.005497787147760391
1790341554282261200,13.32026123046875,0.23151792585849762,-0.018936822190880775,0.00366519158706069
1790341554298658600,13.336658447265625,0.18936823308467865,-0.014049900695681572,-0.0024434609804302454
1790341554315104800,13.353104736328126,0.13866640627384186,0.009162978269159794,-0.05864306539297104
1790341554331548200,13.369548095703125,0.09285151958465576,-0.02015855349600315,-0.01466076634824276
1790341554348051000,13.386051025390625,0.05803219974040985,-0.039095375686883926,0.022602014243602753
1790341554364505300,13.40250537109375,0.05497787147760391,0.018936822190880775,0.07024950534105301
1790341554380966400,13.41896630859375,0.04581489413976669,-0.03848451003432274,0.13255776464939117
1790341554397436200,13.435436279296875,0.08735372871160507,-0.06841690838336945,0.056810468435287476
1790341554413875500,13.45187548828125,0.1722639948129654,-0.07147123664617538,0.05803219974040985
1790341554430320000,13.468320068359375,0.1966986060142517,-0.018936822190880775,0.10323622822761536
1790341554446790700,13.484790771484375,0.18020524084568024,-0.005497787147760391,0.0555887371301651
1790341554463230500,13.50123046875,0.22479841113090515,-0.08552113175392151,-0.10323622822761536
1790341554479671300,13.51767138671875,0.251676470041275,-0.07147123664617538,-0.13927727937698364
1790341554496111400,13.534111328125,0.2742784917354584,-0.05803219974040985,-0.03176499158143997
1790341554512555300,13.55055517578125,0.3023782968521118,-0.06291911751031876,-0.028099801391363144
1790341554529002500,13.56700244140625,0.3591887652873993,-0.04214970022439957,-0.09162978827953339
1790341554545447700,13.58344775390625,0.46853363513946533,-0.17409659922122955,-0.10812314599752426
1790341554561894700,13.599894775390625,0.7098253965377808,-0.2535090744495392,-0.03481931984424591
1790341554578344000,13.616343994140625,1.0018190145492554,-0.15515977144241333,0.09224065393209457
1790341554594790400,13.632790283203125,1.0390818119049072,-0.13439035415649414,0.08918632566928864
1790341554611238700,13.64923876953125,0.9059131741523743,-0.08185594528913498,0.06536258012056351
1790341554627665400,13.66566552734375,0.6432411074638367,-0.05803219974040985,0.00855211354792118
1790341554644134700,13.682134765625,0.30543261766433716,0.02932153269648552,0.08552113175392151
1790341554660578600,13.69857861328125,-0.025656340643763542,-0.00733038317412138,0.12034045159816742
1790341554677020400,13.7150205078125,-0.0959058403968811,0.00366519158706069,0.10812314599752426
1790341554693493200,13.7314931640625,-0.07208210229873657,-0.1514945775270462,0.027488935738801956
1790341554709954600,13.74795458984375,-0.05192354694008827,-0.07635815441608429,0.05009094998240471
1790341554726437000,13.76443701171875,-0.05925392732024193,-0.17470745742321014,0.0555887371301651
1790341554742886700,13.78088671875,-0.13072516024112701,-0.08491026610136032,0.05497787147760391
1790341554759333600,13.797333740234375,-0.14538592100143433,-0.07452555745840073,0.018936822190880775
1790341554775811800,13.813811767578125,-0.1820378452539444,-0.03237585723400116,0.031154127791523933
1790341554792264700,13.8302646484375,-0.16859880089759827,0.016493361443281174,0.06352998316287994
1790341554808745200,13.8467451171875,-0.13561208546161652,-0.01771509274840355,0.1459967941045761
1790341554825193200,13.863193115234376,-0.054367005825042725,0.07696902006864548,0.24129177629947662
1790341554841667600,13.87966748046875,-0.03420845419168472,0.17959438264369965,0.3084869384765625
1790341554858119400,13.896119384765624,-0.05497787147760391,0.13561208546161652,0.4239404797554016
1790341554874567000,13.91256689453125,-0.06108652427792549,0.013439035043120384,0.5540547966957092
1790341554891036700,13.92903662109375,-0.00855211354792118,0.19303341209888458,0.6059783101081848
1790341554907484400,13.945484375,0.0403171069920063,0.1466076523065567,0.47708576917648315
1790341554923933000,13.961932861328124,0.02626720629632473,-0.0806342139840126,0.303600013256073
1790341554940435700,13.978435791015626,-0.022602014243602753,-0.15821409225463867,-0.10018189996480942
1790341554956878000,13.994878173828125,0.012217304669320583,0.030543262138962746,-0.3488040566444397
1790341554973268700,14.011268798828125,0.051312681287527084,0.0006108652451075613,-0.3988949954509735
1790341554989714700,14.027714599609375,0.028099801391363144,-0.01038470957428217,-0.21319197118282318
1790341555006165000,14.0441650390625,-0.009162978269159794,0.1313360333442688,-0.17104226350784302
1790341555022673000,14.0606728515625,-0.015882495790719986,-0.0354301854968071,0.04214970022439957
1790341555039163100,14.0771630859375,0.0024434609804302454,0.04581489413976669,0.04092797264456749
1790341555055590000,14.09358984375,0.00366519158706069,-0.06963863968849182,0.033597588539123535
1790341555072057600,14.1100576171875,-0.02871066704392433,0.0708603709936142,-0.1062905490398407
1790341555088534500,14.126534423828126,-0.01710422709584236,-0.06414084881544113,-0.18997909128665924
1790341555104980500,14.14298046875,-0.04398229718208313,-0.07819075137376785,-0.17470745742321014
1790341555121429800,14.1594296875,-0.004886921960860491,0.2174680233001709,-0.05742133408784866
1790341555137941200,14.175941162109375,-0.016493361443281174,-0.1716531366109848,0.11911872029304504
1790341555154385700,14.1923857421875,0.013439035043120384,0.09529497474431992,0.30604347586631775
1790341555170832400,14.208832275390625,0.05314527451992035,-0.024434609338641167,0.47830748558044434
1790341555187308300,14.225308349609374,0.01771509274840355,-0.1508837193250656,0.5473352670669556
1790341555203754000,14.24175390625,-0.04948008432984352,0.11911872029304504,0.6407976150512695
1790341555220198700,14.25819873046875,-0.018936822190880775,-0.2076941877603531,0.6261368989944458
1790341555236641800,14.274641845703124,0.018936822190880775,-0.02382374368607998,0.6407976150512695
1790341555253090800,14.2910908203125,0.02687807008624077,0.1362229436635971,0.5754350423812866
1790341555269539000,14.3075390625,0.03787364438176155,-0.19975294172763824,0.48258355259895325
1790341555285993000,14.323992919921874,0.0006108652451075613,-0.015271631069481373,0.37262779474258423
1790341555302383600,14.340383544921876,-0.021380282938480377,-0.036041051149368286,0.2370157092809677
1790341555318831900,14.356831787109375,-0.021991148591041565,0.039095375686883926,0.10751228034496307
1790341555335311000,14.37331103515625,0.0024434609804302454,-0.06291911751031876,0.025045474991202354
1790341555351801300,14.38980126953125,0.01710422709584236,-0.01466076634824276,-0.051312681287527084
1790341555368263700,14.406263671875,0.003054326167330146,0.04092797264456749,-0.11056660860776901
1790341555384734500,14.422734375,-0.03237585723400116,-0.021380282938480377,-0.08918632566928864
1790341555401210600,14.439210693359374,-0.01160643994808197,-0.02076941914856434,-0.07147123664617538
1790341555417725400,14.455725341796875,0,-0.048258353024721146,-0.039706241339445114
1790341555434242000,14.472241943359375,-0.007941247895359993,0.0959058403968811,-0.016493361443281174
1790341555450702600,14.48870263671875,-0.005497787147760391,-0.15027284622192383,-0.012828170321881771
1790341555467158000,14.505157958984375,-0.006719517521560192,0.01160643994808197,-0.03848451003432274
1790341555483632000,14.521632080078126,0.0555887371301651,-0.059864792972803116,-0.2681698501110077
1790341555500074800,14.53807470703125,0.07391469180583954,-0.09224065393209457,-0.3854559659957886
1790341555516521500,14.554521484375,0.07452555745840073,0.07941248267889023,-0.5595525503158569
1790341555532972800,14.570972900390625,0.05742133408784866,0.08124507963657379,-0.665232241153717
1790341555549420500,14.587420654296874,0.02626720629632473,-0.06719517707824707,-0.7128797173500061
1790341555565868800,14.603868896484375,0.015882495790719986,-0.07452555745840073,-0.749531626701355
1790341555582339600,14.620339599609375,0.006108652334660292,0.033597588539123535,-0.6896668672561646
1790341555598858200,14.636858154296876,0.006719517521560192,-0.11362093687057495,-0.5845980644226074
1790341555615301600,14.653301513671876,0.02321287989616394,-0.05314527451992035,-0.4337143301963806
1790341555631714300,14.66971435546875,-0.01038470957428217,-0.14905111491680145,-0.24678955972194672
1790341555648199200,14.68619921875,0.018936822190880775,-0.07635815441608429,-0.08491026610136032
1790341555664686800,14.702686767578125,0.02626720629632473,-0.0959058403968811,-0.010995574295520782
1790341555681203500,14.719203369140626,0.04886921867728233,-0.02321287989616394,0.051312681287527084
1790341555697666800,14.735666748046874,0.09285151958465576,0.07757988572120667,0.07880161702632904
1790341555714113500,14.752113525390625,0.06780604273080826,0.059864792972803116,0.08491026610136032
1790341555730559500,14.7685595703125,0.10506882518529892,0.12461651116609573,-0.2064724564552307
1790341555747005400,14.78500537109375,0.11850785464048386,-0.009773843921720982,-0.34147366881370544
1790341555763450600,14.80145068359375,0.16310101747512817,-0.13500121235847473,-0.44104471802711487
1790341555779898600,14.817898681640624,0.21563543379306793,-0.10934487730264664,-0.4245513379573822
1790341555796344000,14.834343994140625,0.22052235901355743,-0.005497787147760391,-0.3952298164367676
1790341555812793600,14.850793701171876,0.1313360333442688,0.059864792972803116,-0.3439171314239502
1790341555829243400,14.867243408203125,0.04642575979232788,0.14905111491680145,-0.28466320037841797
1790341555845693700,14.883693603515624,-0.15393804013729095,0.1313360333442688,-0.1765400618314743
1790341555862139600,14.9001396484375,-0.37629300355911255,0.11789698898792267,-0.08552113175392151
1790341555878611000,14.91661083984375,-0.5308418869972229,0.03481931984424591,0.03298672288656235
1790341555895057700,14.9330576171875,-0.608421802520752,0.0555887371301651,0.15271630883216858
1790341555911502300,14.94950244140625,-0.627358615398407,0.08246681094169617,0.192422553896904
1790341555927975400,14.965975341796875,-0.5705481171607971,0.03481931984424591,0.2272418737411499
1790341555944420000,14.982420166015626,-0.3995058834552765,0.059864792972803116,0.2620611786842346
1790341555960864300,14.9988642578125,-0.01160643994808197,0.045204028487205505,0.3029891550540924
1790341555977147100,15.015147216796874,0.006108652334660292,0.0012217304902151227,0.22907446324825287
1790341555993595000,15.031594970703125,-0.01710422709584236,-0.009773843921720982,0.17531833052635193
1790341556010042600,15.048042724609376,-0.004886921960860491,0.010995574295520782,0.09285151958465576
1790341556026535700,15.06453564453125,0.02015855349600315,-0.039706241339445114,0.005497787147760391
1790341556043004700,15.081004638671875,-0.0012217304902151227,0.025045474991202354,0
1790341556059443500,15.097443359375,0.00855211354792118,-0.015882495790719986,-0.003054326167330146
1790341556075927000,15.113927001953124,0.01038470957428217,-0.004886921960860491,0.03237585723400116
1790341556092382200,15.13038232421875,-0.014049900695681572,0.1514945775270462,-0.031154127791523933
1790341556108857600,15.146857666015626,-0.009162978269159794,0.15515977144241333,-0.029932396486401558
1790341556125262800,15.163262939453125,-0.021380282938480377,-0.06719517707824707,0.01466076634824276
1790341556141708500,15.17970849609375,-0.03237585723400116,0.09773843735456467,-0.11362093687057495
1790341556158159000,15.1961591796875,0.01038470957428217,0.01771509274840355,0.12889257073402405
1790341556174667300,15.212667236328125,-0.0403171069920063,0.10384709388017654,-0.02871066704392433
1790341556191114200,15.2291142578125,-0.010995574295520782,-0.03726277872920036,0.09285151958465576
1790341556207589600,15.245589599609374,-0.0012217304902151227,0.10323622822761536,0.10384709388017654
1790341556224040400,15.26204052734375,0.10323622822761536,0.06475171446800232,-0.09834930300712585
1790341556240493600,15.27849365234375,-0.019547687843441963,-0.0708603709936142,-0.2125810980796814
1790341556256970800,15.294970703125,0.014049900695681572,0.15393804013729095,-0.0012217304902151227
1790341556273424000,15.311423828125,-0.01038470957428217,-0.2028072625398636,-0.06658431142568588
1790341556289898000,15.32789794921875,0.05375614017248154,-0.10323622822761536,-0.0403171069920063
1790341556306345000,15.344344970703125,-0.03237585723400116,0.1765400618314743,-0.036651913076639175
1790341556322806300,15.36080615234375,-0.05253441259264946,-0.12095131725072861,-0.13255776464939117
1790341556339253500,15.37725341796875,-0.001832595793530345,0.11850785464048386,-0.15332718193531036
1790341556355701800,15.39370166015625,-0.02626720629632473,0.051312681287527084,-0.13805554807186127
1790341556372167400,15.41016748046875,0.03176499158143997,-0.1466076523065567,-0.04581489413976669
1790341556388617000,15.426616943359376,-0.045204028487205505,0.1771509200334549,-0.03787364438176155
1790341556405069000,15.443069091796875,-0.003054326167330146,0.07147123664617538,-0.05009094998240471
1790341556421559300,15.459559326171876,-0.018936822190880775,0.07513642311096191,-0.14966198801994324
1790341556438007800,15.4760078125,-0.04459316283464432,-0.05864306539297104,-0.192422553896904
1790341556454458400,15.492458251953124,-0.07269296050071716,-0.024434609338641167,-0.2926044464111328
1790341556470901000,15.50890087890625,0.031154127791523933,-0.23579397797584534,0.13866640627384186
1790341556487350300,15.525350341796875,-0.02687807008624077,0.07452555745840073,0.10384709388017654
1790341556503797800,15.5417978515625,-0.04642575979232788,0.2480112910270691,0.09346238523721695
1790341556520252200,15.558252197265626,0.02871066704392433,-0.3781255781650543,0.13072516024112701
1790341556536751000,15.574751220703124,0.07208210229873657,0.8197811841964722,-0.17776179313659668
1790341556553201400,15.591201416015625,-0.15332718193531036,-0.0910189226269722,-0.41661009192466736
1790341556569680600,15.6076806640625,0.05864306539297104,-0.18081611394882202,-0.2028072625398636
1790341556586128400,15.62412841796875,0.03481931984424591,-0.22602014243602753,-0.11545353382825851
1790341556602505000,15.6405048828125,-0.021380282938480377,0.242513507604599,0.21013765037059784
1790341556618969600,15.656969482421875,-0.021991148591041565,-0.015882495790719986,0.21502456068992615
1790341556635422000,15.673421875,0.004886921960860491,0.20036379992961884,0.20952677726745605
1790341556651805700,15.6898056640625,-0.03726277872920036,0.006108652334660292,0.12339477986097336
1790341556668284200,15.7062841796875,0.05314527451992035,-0.08307767659425735,0.039706241339445114
1790341556684749800,15.722749755859375,-0.04214970022439957,0.09957103431224823,-0.0757472887635231
1790341556701222700,15.73922265625,0.012828170321881771,-0.05314527451992035,-0.01160643994808197
1790341556717719800,15.7557197265625,0.01771509274840355,-0.09285151958465576,0.10690141469240189
1790341556734166300,15.772166259765624,-0.02626720629632473,0.15943582355976105,0.12095131725072861
1790341556750611000,15.78861083984375,0.010995574295520782,-0.015882495790719986,0.15454891324043274
1790341556767059000,15.805058837890625,-0.006108652334660292,-0.05375614017248154,0.1014036312699318
1790341556783548200,15.821548095703125,-0.005497787147760391,0.02382374368607998,0.007941247895359993
1790341556800043500,15.83804345703125,0.014049900695681572,-0.014049900695681572,-0.007941247895359993
1790341556816525600,15.854525634765626,-0.010995574295520782,0.04153883829712868,0.00733038317412138
1790341556833013200,15.87101318359375,0.004886921960860491,0.06841690838336945,0.021991148591041565
1790341556849489200,15.8874892578125,0.00733038317412138,0.00427605677396059,0.08124507963657379
1790341556865967900,15.9039677734375,-0.01038470957428217,0.018325956538319588,0.0507018156349659
1790341556882463000,15.920462890625,0.0024434609804302454,0.08124507963657379,0.013439035043120384
1790341556898942700,15.936942626953124,-0.001832595793530345,-0.01771509274840355,-0.010995574295520782
1790341556915459600,15.95345947265625,-0.001832595793530345,-0.021991148591041565,-0.025656340643763542
1790341556931946200,15.9699462890625,0.001832595793530345,0.01160643994808197,-0.013439035043120384
1790341556948413200,15.9864130859375,-0.0024434609804302454,-0.029932396486401558,0.006108652334660292
1790341556964874200,16.002874267578125,-0.01466076634824276,-0.006108652334660292,-0.021380282938480377
1790341556981416200,16.019416259765624,0.0006108652451075613,-0.01038470957428217,-0.00427605677396059
1790341556997905700,16.03590576171875,-0.0006108652451075613,-0.0012217304902151227,-0.0403171069920063
1790341557014397000,16.05239697265625,0.010995574295520782,0.036041051149368286,-0.04459316283464432
1790341557030861800,16.06886181640625,-0.00733038317412138,0.08185594528913498,-0.039095375686883926
1790341557047354000,16.08535400390625,0.0006108652451075613,-0.016493361443281174,-0.014049900695681572
1790341557063802000,16.101802001953125,0.00733038317412138,0.0354301854968071,-0.031154127791523933
1790341557080248000,16.118248046875,-0.007941247895359993,0.08491026610136032,-0.012828170321881771
1790341557096762600,16.1347626953125,-0.004886921960860491,-0.11056660860776901,-0.030543262138962746
1790341557113244200,16.151244140625,0.00733038317412138,-0.03787364438176155,-0.024434609338641167
1790341557129740300,16.167740234375,0,-0.022602014243602753,-0.021991148591041565
1790341557146256100,16.184256103515626,0.014049900695681572,-0.02687807008624077,-0.016493361443281174
1790341557162775000,16.200775146484375,-0.015882495790719986,0.03237585723400116,-0.021991148591041565
1790341557179260200,16.21726025390625,-0.004886921960860491,-0.022602014243602753,-0.019547687843441963
1790341557195760000,16.233760009765625,0.009773843921720982,-0.08857546001672745,-0.02076941914856434
1790341557212220200,16.25022021484375,-0.016493361443281174,-0.00366519158706069,-0.042760565876960754
1790341557228735200,16.2667353515625,0.005497787147760391,-0.022602014243602753,-0.00366519158706069
1790341557245222700,16.28322265625,0.00855211354792118,-0.021380282938480377,-0.018325956538319588
1790341557261715500,16.299715576171874,0.004886921960860491,0.0403171069920063,-0.01038470957428217
1790341557278214000,16.3162138671875,-0.02321287989616394,-0.022602014243602753,-0.022602014243602753
1790341557294673700,16.332673583984374,0,-0.07513642311096191,-0.045204028487205505
1790341557311200000,16.349199951171876,-0.0024434609804302454,-0.04214970022439957,-0.00427605677396059
1790341557327732500,16.365732421875,-0.0006108652451075613,0.006719517521560192,0.024434609338641167
1790341557344214800,16.38221484375,0.01466076634824276,-0.025656340643763542,0.05009094998240471
1790341557360685600,16.398685546875,0.0006108652451075613,-0.06169738993048668,-0.01466076634824276
1790341557377161000,16.415160888671874,0.012828170321881771,0.04092797264456749,-0.04092797264456749
1790341557393668400,16.43166845703125,-0.013439035043120384,0.03176499158143997,-0.054367005825042725
1790341557410151200,16.448151123046873,0.012217304669320583,0.004886921960860491,0
1790341557426607000,16.464607177734376,-0.009162978269159794,0.09162978827953339,0.027488935738801956
1790341557443063300,16.481063232421874,-0.01160643994808197,0.036041051149368286,-0.018325956538319588
1790341557459525000,16.497525146484374,0.022602014243602753,-0.02687807008624077,-0.018325956538319588
1790341557476033300,16.514033203125,-0.030543262138962746,0.039706241339445114,-0.048258353024721146
1790341557492521500,16.530521484375,0.039706241339445114,-0.08002334833145142,-0.014049900695681572
1790341557509004500,16.547004638671876,-0.01160643994808197,0.11056660860776901,0.006108652334660292
1790341557525491200,16.5634912109375,-0.01771509274840355,-0.00733038317412138,-0.0354301854968071
1790341557541986000,16.579986083984377,0.005497787147760391,-0.10201449692249298,0.009162978269159794
1790341557558478000,16.59647802734375,-0.021380282938480377,0.05803219974040985,-0.04764748737215996
1790341557574967800,16.6129677734375,0.025045474991202354,-0.012217304669320583,0.006108652334660292
1790341557591459000,16.629458984375,-0.015271631069481373,0.06108652427792549,-0.009773843921720982
1790341557608011300,16.64601123046875,0.00427605677396059,0.0006108652451075613,0
1790341557624509200,16.66250927734375,-0.009773843921720982,0.01038470957428217,0.009162978269159794
1790341557641027000,16.679027099609375,0.00366519158706069,-0.010995574295520782,0.02687807008624077
1790341557657494800,16.695494873046876,-0.02871066704392433,0.0012217304902151227,-0.024434609338641167
1790341557673981400,16.7119814453125,0.001832595793530345,-0.13927727937698364,-0.03481931984424591
1790341557690439400,16.728439453125,-0.00427605677396059,-0.08002334833145142,-0.03726277872920036
1790341557706935800,16.744935791015624,0.0006108652451075613,-0.014049900695681572,0.0403171069920063
1790341557723438800,16.76143896484375,0.009773843921720982,-0.022602014243602753,0.04764748737215996
1790341557739927800,16.777927734375,0.006108652334660292,0.029932396486401558,0.0708603709936142
1790341557756416300,16.794416259765626,-0.006108652334660292,-0.0024434609804302454,-0.022602014243602753
1790341557772917800,16.810917724609375,0.021380282938480377,0.04398229718208313,-0.025045474991202354
1790341557789411600,16.82741162109375,0.01710422709584236,-0.029932396486401558,-0.00855211354792118
1790341557805929000,16.843928955078123,0.006108652334660292,0.012828170321881771,0
1790341557822381300,16.86038134765625,-0.0012217304902151227,-0.0959058403968811,0.031154127791523933
1790341557838865400,16.876865478515626,0.022602014243602753,-0.04337143152952194,0.018325956538319588
1790341557855389700,16.8933896484375,-0.01038470957428217,0.05497787147760391,0.0024434609804302454
1790341557871880700,16.909880615234375,-0.006108652334660292,-0.024434609338641167,-0.03298672288656235
1790341557888359700,16.926359619140626,0.004886921960860491,-0.019547687843441963,0.012828170321881771
1790341557904875300,16.942875244140627,-0.01038470957428217,-0.059864792972803116,-0.01038470957428217
1790341557921357600,16.959357666015624,0.014049900695681572,-0.02687807008624077,-0.02321287989616394
1790341557937818000,16.975818115234375,0.00855211354792118,-0.028099801391363144,-0.0024434609804302454
1790341557954308400,16.992308349609374,-0.00733038317412138,0.00733038317412138,0.019547687843441963
1790341557970774000,17.00877392578125,0.013439035043120384,0.06475171446800232,0.006719517521560192
1790341557987257600,17.025257568359375,-0.01710422709584236,0.06963863968849182,-0.015882495790719986
1790341558003750100,17.041750244140626,-0.0024434609804302454,-0.03726277872920036,-0.009773843921720982
1790341558020251000,17.0582509765625,0.0024434609804302454,-0.033597588539123535,-0.0024434609804302454
1790341558036744400,17.074744384765626,-0.006108652334660292,-0.0861319974064827,-0.016493361443281174
1790341558053226500,17.0912265625,0.006108652334660292,-0.0006108652451075613,-0.00366519158706069
1790341558069710600,17.107710693359376,0.0024434609804302454,0.02382374368607998,-0.001832595793530345
1790341558086167600,17.12416748046875,-0.00366519158706069,-0.05925392732024193,0.006108652334660292
1790341558102698000,17.140697998046875,-0.0006108652451075613,0.009162978269159794,-0.016493361443281174
1790341558119190800,17.157190673828126,-0.0024434609804302454,-0.039095375686883926,-0.005497787147760391
1790341558135704000,17.1737041015625,-0.0024434609804302454,-0.04642575979232788,0.01466076634824276
1790341558152224500,17.190224609375,0.01160643994808197,0.00855211354792118,0.012217304669320583
1790341558168712200,17.206712158203125,0.00855211354792118,0.07024950534105301,0.004886921960860491
1790341558185168000,17.22316796875,-0.00733038317412138,0.028099801391363144,-0.016493361443281174
1790341558201661000,17.239660888671875,-0.001832595793530345,0.031154127791523933,0.0006108652451075613
1790341558218140400,17.256140380859375,0.006719517521560192,-0.07269296050071716,-0.012217304669320583
1790341558234591700,17.272591796875,0.007941247895359993,-0.02015855349600315,-0.009162978269159794
1790341558251079700,17.28907958984375,-0.01466076634824276,0.07819075137376785,-0.003054326167330146
1790341558267580000,17.305579833984375,0.00733038317412138,-0.042760565876960754,0.03176499158143997
1790341558284076000,17.322075927734375,-0.0024434609804302454,0.045204028487205505,0.0024434609804302454
1790341558300590600,17.338590576171875,-0.005497787147760391,-0.02015855349600315,-0.015882495790719986
1790341558317038800,17.355038818359375,0.015271631069481373,-0.02932153269648552,-0.006108652334660292
1790341558333560300,17.371560302734373,-0.0012217304902151227,0.04459316283464432,-0.01466076634824276
1790341558350050000,17.388050048828124,0.0024434609804302454,0.036041051149368286,0.028099801391363144
1790341558366547200,17.404547119140624,-0.009773843921720982,0.05314527451992035,0.003054326167330146
1790341558383062300,17.421062255859376,0.01710422709584236,-0.059864792972803116,0.01160643994808197
1790341558399546000,17.437546142578125,-0.022602014243602753,0.03420845419168472,-0.01771509274840355
1790341558416029200,17.454029296875,0.013439035043120384,-0.0555887371301651,0.00733038317412138
1790341558432528600,17.470528564453126,-0.01771509274840355,-0.030543262138962746,-0.005497787147760391
1790341558449023700,17.487023681640625,-0.010995574295520782,-0.024434609338641167,0.025656340643763542
1790341558465539000,17.5035390625,-0.00427605677396059,0.05253441259264946,0.04153883829712868
1790341558481992000,17.519991943359376,-0.003054326167330146,-0.0354301854968071,0.01160643994808197
1790341558498482700,17.536482666015626,-0.003054326167330146,0.0354301854968071,-0.003054326167330146
1790341558514997500,17.55299755859375,0.003054326167330146,0,-0.004886921960860491
1790341558531457800,17.569457763671874,-0.004886921960860491,0.03726277872920036,-0.014049900695681572
1790341558547939800,17.58593994140625,-0.001832595793530345,0.02321287989616394,0.018936822190880775
1790341558564395500,17.6023955078125,-0.01160643994808197,-0.060475658625364304,-0.00733038317412138
1790341558580880400,17.61888037109375,0.01771509274840355,-0.006108652334660292,0.03176499158143997
1790341558597404400,17.635404296875,-0.007941247895359993,-0.0354301854968071,-0.00427605677396059
1790341558613897500,17.6518974609375,-0.001832595793530345,0.01710422709584236,-0.00855211354792118
1790341558630411300,17.668411376953124,-0.009773843921720982,0.02321287989616394,-0.028099801391363144
1790341558646931700,17.684931640625,0.022602014243602753,-0.04642575979232788,0.006108652334660292
1790341558663421000,17.7014208984375,-0.01771509274840355,0.001832595793530345,0.028099801391363144
1790341558679849700,17.717849609375,-0.001832595793530345,-0.04581489413976669,0.022602014243602753
1790341558696347100,17.73434716796875,0.01160643994808197,0.007941247895359993,0.006108652334660292
1790341558712829700,17.75082958984375,0.0006108652451075613,0.01466076634824276,-0.04459316283464432
1790341558729284600,17.76728466796875,0,0.03787364438176155,0.004886921960860491
1790341558745778700,17.78377880859375,-0.021991148591041565,-0.0507018156349659,0.014049900695681572
1790341558762247000,17.800246826171875,0.010995574295520782,-0.08002334833145142,0.003054326167330146
1790341558778686700,17.816686767578126,0.01466076634824276,-0.05314527451992035,0.006719517521560192
1790341558795198000,17.833197998046874,-0.006108652334660292,-0.001832595793530345,-0.009162978269159794
1790341558811683000,17.84968310546875,-0.0024434609804302454,0.006108652334660292,-0.006108652334660292
1790341558828171300,17.866171142578125,0.00427605677396059,0.00427605677396059,-0.005497787147760391
1790341558844684300,17.882684326171876,0.00855211354792118,-0.013439035043120384,0.021991148591041565
1790341558861179000,17.899178955078124,-0.00855211354792118,0,-0.028099801391363144
1790341558877697800,17.91569775390625,0.02015855349600315,0.06169738993048668,-0.02626720629632473
1790341558894188000,17.93218798828125,-0.007941247895359993,0.05497787147760391,-0.028099801391363144
1790341558910679000,17.948678955078126,0.01038470957428217,-0.04703662544488907,0.014049900695681572
1790341558927184000,17.965183837890624,-0.018936822190880775,0.005497787147760391,-0.02076941914856434
1790341558943649000,17.98164892578125,0.00855211354792118,-0.08307767659425735,-0.039706241339445114
1790341558960151300,17.9981513671875,0.00427605677396059,-0.02871066704392433,-0.012828170321881771
1790341558976604200,18.014604248046876,0.006719517521560192,0.06230825558304787,-0.019547687843441963
1790341558993098200,18.03109814453125,0.02382374368607998,0.031154127791523933,-0.02321287989616394
1790341559009540000,18.0475400390625,0.001832595793530345,0.05497787147760391,-0.013439035043120384
1790341559026037000,18.064037109375,-0.001832595793530345,0.03420845419168472,-0.009773843921720982
1790341559042553300,18.08055322265625,0.013439035043120384,-0.01710422709584236,-0.006719517521560192
1790341559058980600,18.096980712890623,0.01466076634824276,0.04153883829712868,0.00427605677396059
1790341559075468000,18.113468017578125,-0.006108652334660292,0.08979719132184982,-0.003054326167330146
1790341559091971300,18.129971435546874,0.00733038317412138,-0.030543262138962746,-0.03237585723400116
1790341559108438000,18.14643798828125,0.01466076634824276,0.025656340643763542,0.0024434609804302454
1790341559124960300,18.162960205078125,-0.007941247895359993,0.00427605677396059,0.01038470957428217
1790341559141449500,18.179449462890624,0.007941247895359993,-0.10567969083786011,0
1790341559157919700,18.195919677734373,0.01038470957428217,0.009773843921720982,-0.009773843921720982
1790341559174423300,18.21242333984375,-0.001832595793530345,0.004886921960860491,-0.021991148591041565
1790341559190919200,18.228919189453126,0.0024434609804302454,-0.036651913076639175,-0.009162978269159794
1790341559207437300,18.245437255859375,0.005497787147760391,-0.04459316283464432,0.025656340643763542
1790341559223923500,18.26192333984375,-0.0012217304902151227,-0.015882495790719986,0.01771509274840355
1790341559240422700,18.278422607421874,0.012828170321881771,-0.03726277872920036,0.00366519158706069
1790341559256928800,18.2949287109375,-0.0006108652451075613,0.004886921960860491,-0.014049900695681572
1790341559273427700,18.311427734375,-0.013439035043120384,0.06780604273080826,-0.00427605677396059
1790341559289950000,18.327949951171874,0.021991148591041565,-0.05375614017248154,0.04337143152952194
1790341559306442200,18.344442138671877,-0.010995574295520782,-0.012217304669320583,0.0024434609804302454
1790341559322926300,18.36092626953125,0.009773843921720982,0.04886921867728233,-0.11728613078594208
1790341559339411500,18.377411376953123,0.01466076634824276,0.04459316283464432,-0.2968805134296417
1790341559355890000,18.393889892578127,-0.01771509274840355,0.039095375686883926,-0.24068090319633484
1790341559372334800,18.4103349609375,0.016493361443281174,0.009162978269159794,-0.455705463886261
1790341559388841700,18.426841796875,0.018936822190880775,-0.28955012559890747,-1.5638149976730347
1790341559405286400,18.443286376953125,0.04764748737215996,-0.07513642311096191,-1.483791708946228
1790341559421734000,18.45973388671875,0.025045474991202354,0.03481931984424591,-0.5845980644226074
1790341559438177500,18.476177490234374,-0.03298672288656235,-0.059864792972803116,0.3072652220726013
1790341559454621000,18.492620849609374,0.03848451003432274,0.005497787147760391,0.5632177591323853
1790341559471066400,18.50906640625,0.009773843921720982,0.00855211354792118,0.6572909951210022
1790341559487515000,18.525514892578126,0.036651913076639175,0.059864792972803116,0.6291912198066711
1790341559503991300,18.5419912109375,0.022602014243602753,0.16859880089759827,0.6902777552604675
1790341559520435700,18.558435791015626,0.006719517521560192,0.1417207419872284,0.42271876335144043
1790341559536901600,18.574901611328126,-0.001832595793530345,0.10873401165008545,0.13011430203914642
1790341559553377800,18.591377685546874,-0.015882495790719986,-0.014049900695681572,-0.015271631069481373
1790341559569867000,18.607866943359376,-0.009773843921720982,0.001832595793530345,-0.056810468435287476
1790341559586353700,18.624353759765626,0.006719517521560192,0.06780604273080826,-0.12278391420841217
1790341559602800400,18.64080029296875,-0.019547687843441963,0.00855211354792118,-0.17043140530586243
1790341559619286800,18.657286865234376,-0.013439035043120384,0.02687807008624077,-0.19792033731937408
1790341559635760000,18.673760009765626,-0.01160643994808197,-0.0403171069920063,-0.14782938361167908
1790341559652207400,18.690207275390627,-0.018325956538319588,0.01160643994808197,-0.0959058403968811
1790341559668679200,18.70667919921875,0.018325956538319588,0.03176499158143997,0.033597588539123535
1790341559685097500,18.723097412109375,0.022602014243602753,0.09834930300712585,0.22602014243602753
1790341559701545000,18.739544921875,0.005497787147760391,0.07635815441608429,0.29138273000717163
1790341559718018300,18.756018310546875,0.016493361443281174,0.031154127791523933,0.20952677726745605
1790341559734468400,18.77246826171875,0.012217304669320583,0.1264491081237793,0.2681698501110077
1790341559750941200,18.788941162109374,-0.02015855349600315,0.00366519158706069,0.1820378452539444
1790341559767385000,18.805385009765626,0.01466076634824276,0.021380282938480377,0.001832595793530345
1790341559783868400,18.821868408203127,0.00366519158706069,0.04459316283464432,-0.012217304669320583
1790341559800358400,18.8383583984375,0.01710422709584236,0.033597588539123535,0.036041051149368286
1790341559816846800,18.854846923828124,0.005497787147760391,0.054367005825042725,0.04398229718208313
1790341559833342000,18.871342041015627,0.005497787147760391,-0.056810468435287476,-0.001832595793530345
1790341559849835800,18.887835693359374,0.019547687843441963,0.025656340643763542,0.04398229718208313
1790341559866351600,18.9043515625,0.009773843921720982,-0.006719517521560192,0.033597588539123535
1790341559882837000,18.9208369140625,0.014049900695681572,0.042760565876960754,0.01038470957428217
1790341559899334700,18.937334716796876,0.00366519158706069,0.02076941914856434,-0.003054326167330146
1790341559915843300,18.95384326171875,0.009162978269159794,-0.06108652427792549,-0.01710422709584236
1790341559932348200,18.97034814453125,0.025045474991202354,0.036651913076639175,0.007941247895359993
1790341559948835600,18.986835693359374,-0.006108652334660292,-0.018936822190880775,-0.007941247895359993
1790341559965324800,19.00332470703125,0.009773843921720982,-0.02626720629632473,0.013439035043120384
1790341559981797000,19.019797119140627,0.02626720629632473,-0.048258353024721146,0.18936823308467865
1790341559998247400,19.036247314453124,0.02321287989616394,-0.010995574295520782,0.2718350291252136
1790341560014697000,19.052697021484374,0.001832595793530345,-0.045204028487205505,0.10690141469240189
1790341560031167500,19.06916748046875,0.018325956538319588,0.09834930300712585,-0.009773843921720982
1790341560047608800,19.08560888671875,-0.0006108652451075613,0.1014036312699318,-0.17287486791610718
1790341560063968800,19.10196875,0.019547687843441963,-0.01160643994808197,-0.13744467496871948
1790341560080445000,19.11844482421875,-0.005497787147760391,-0.03298672288656235,-0.024434609338641167
1790341560096928000,19.134927978515623,-0.006108652334660292,0.04886921867728233,0.0861319974064827
1790341560113376000,19.1513759765625,0.03237585723400116,-0.033597588539123535,0.11484266817569733
1790341560129914000,19.1679140625,0.010995574295520782,0.009162978269159794,0.01466076634824276
1790341560146406700,19.18440673828125,0.031154127791523933,0.04703662544488907,-0.051312681287527084
1790341560162911500,19.200911376953126,0.01710422709584236,-0.01710422709584236,-0.0555887371301651
1790341560179409000,19.217408935546874,0.010995574295520782,-0.05742133408784866,-0.02871066704392433
1790341560195926500,19.233926513671875,0.02687807008624077,0.0708603709936142,0.03176499158143997
1790341560212418300,19.250418212890626,0.009162978269159794,-0.015271631069481373,0.02382374368607998
1790341560228915500,19.26691552734375,0.028099801391363144,-0.054367005825042725,0.0006108652451075613
1790341560245420800,19.2834208984375,0.009773843921720982,0.01710422709584236,-0.06475171446800232
1790341560261918000,19.29991796875,0.024434609338641167,-0.06963863968849182,-0.036041051149368286
1790341560278435800,19.316435791015625,0.010995574295520782,0.013439035043120384,0.00366519158706069
1790341560294925300,19.33292529296875,0.006108652334660292,0.004886921960860491,0.0006108652451075613
1790341560311414500,19.34941455078125,0.03848451003432274,0.045204028487205505,0.012828170321881771
1790341560327943200,19.365943115234376,-0.00427605677396059,0.05803219974040985,-0.00427605677396059
1790341560344438000,19.38243798828125,0.04153883829712868,0.042760565876960754,-0.004886921960860491
1790341560360888600,19.398888671875,0.009162978269159794,0.04337143152952194,-0.012828170321881771
1790341560377406500,19.415406494140626,0.03298672288656235,0.04459316283464432,-0.012217304669320583
1790341560393895000,19.43189501953125,0.025045474991202354,0.00855211354792118,-0.003054326167330146
1790341560410396000,19.44839599609375,0.031154127791523933,0.01038470957428217,-0.02626720629632473
1790341560426892500,19.464892578125,0.04642575979232788,0.04581489413976669,-0.014049900695681572
1790341560443406800,19.48140673828125,0.01160643994808197,0.019547687843441963,-0.007941247895359993
1790341560459895000,19.49789501953125,0.06169738993048668,-0.015882495790719986,-0.013439035043120384
1790341560476390400,19.514390380859375,0.012217304669320583,0.00855211354792118,-0.02382374368607998
1790341560492893400,19.5308935546875,0.05925392732024193,-0.022602014243602753,-0.009773843921720982
1790341560509390800,19.547390869140624,0.03726277872920036,-0.04092797264456749,0.00855211354792118
1790341560525875500,19.56387548828125,0.04581489413976669,0.04886921867728233,-0.003054326167330146
1790341560542366700,19.58036669921875,0.045204028487205505,0.021991148591041565,0.018325956538319588
1790341560558831400,19.596831298828125,0.021380282938480377,-0.012828170321881771,0.01710422709584236
1790341560575361500,19.613361572265624,0.06658431142568588,-0.03726277872920036,0.012828170321881771
1790341560591859200,19.629859130859376,0.033597588539123535,-0.028099801391363144,0.006108652334660292
1790341560608373800,19.646373779296876,0.042760565876960754,0.007941247895359993,-0.0024434609804302454
1790341560624909300,19.662909423828125,0.04642575979232788,0.01466076634824276,0.009773843921720982
1790341560641397000,19.67939697265625,0.031154127791523933,0.00733038317412138,0.00733038317412138
1790341560657898800,19.695898681640625,0.05742133408784866,-0.016493361443281174,0.01710422709584236
1790341560674396000,19.71239599609375,0.02871066704392433,0.03298672288656235,-0.003054326167330146
1790341560690876200,19.728876220703125,0.0507018156349659,-0.006108652334660292,-0.012217304669320583
1790341560707315500,19.7453154296875,0.0403171069920063,0.0006108652451075613,0.0012217304902151227
1790341560723816700,19.761816650390625,0.04153883829712868,0.02932153269648552,0.01038470957428217
1790341560740323800,19.77832373046875,0.05619960278272629,0.01160643994808197,-0.01710422709584236
1790341560756826000,19.794826171875,0.05619960278272629,-0.005497787147760391,0.009162978269159794
1790341560773337900,19.811337890625,0.0354301854968071,0.00427605677396059,0.01038470957428217
1790341560789828000,19.827828125,0.08246681094169617,-0.021380282938480377,0.015271631069481373
1790341560806317300,19.8443173828125,0.013439035043120384,0.04886921867728233,0.005497787147760391
1790341560822844400,19.860844482421875,0.06963863968849182,0.018936822190880775,0.006719517521560192
1790341560839338200,19.877338134765626,0.05497787147760391,0.03848451003432274,-0.00733038317412138
1790341560855855000,19.893855224609375,0.05375614017248154,0.030543262138962746,0.006108652334660292
1790341560872340000,19.910340087890624,0.04398229718208313,-0.00733038317412138,0.01710422709584236
1790341560888803800,19.926803955078125,0.08918632566928864,-0.01771509274840355,0.014049900695681572
1790341560905302800,19.943302734375,0.045204028487205505,0.029932396486401558,-0.016493361443281174
1790341560921764400,19.959764404296877,0.06291911751031876,-0.024434609338641167,-0.00366519158706069
1790341560938281000,19.976281005859374,0.06536258012056351,-0.01466076634824276,0.001832595793530345
1790341560954772000,19.99277197265625,0.048258353024721146,0.02932153269648552,0.009773843921720982
1790341560971268400,20.009268310546876,0.04764748737215996,0.00366519158706069,0.016493361443281174
1790341560987771100,20.025771240234373,0.07269296050071716,-0.04214970022439957,-0.003054326167330146
1790341561004267800,20.042267822265625,0.0555887371301651,-0.005497787147760391,-0.02626720629632473
1790341561020752600,20.058752685546875,0.04459316283464432,0.03298672288656235,0.009162978269159794
1790341561037147600,20.075147705078123,0.0757472887635231,-0.001832595793530345,-0.004886921960860491
1790341561053638700,20.091638671875,0.036041051149368286,0.01710422709584236,0.009773843921720982
1790341561070116900,20.108116943359374,0.05864306539297104,-0.021380282938480377,-0.003054326167330146
1790341561086613200,20.12461328125,0.07757988572120667,0.012217304669320583,-0.01160643994808197
1790341561102101200,20.140101318359374,0.03420845419168472,-0.005497787147760391,-0.00427605677396059
1790341561118523100,20.156523193359376,0.07880161702632904,-0.0555887371301651,0.00366519158706069
1790341561134978600,20.172978515625,0.04153883829712868,-0.042760565876960754,0.009162978269159794
1790341561151478000,20.18947802734375,0.04153883829712868,0.01160643994808197,-0.02015855349600315
1790341561167938300,20.205938232421875,0.07635815441608429,-0.00733038317412138,-0.01710422709584236
1790341561184452400,20.222452392578123,0.042760565876960754,0.03298672288656235,-0.03420845419168472
1790341561200938500,20.2389384765625,0.0708603709936142,0.04153883829712868,-0.033597588539123535
1790341561217431000,20.25543115234375,0.04337143152952194,0.02626720629632473,-0.007941247895359993
1790341561233934600,20.2719345703125,0.08979719132184982,-0.012828170321881771,-0.004886921960860491
1790341561250397200,20.288397216796874,0.06352998316287994,0.04764748737215996,0.0024434609804302454
1790341561266909200,20.3049091796875,0.06291911751031876,0.009773843921720982,-0.012217304669320583
1790341561283400400,20.321400390625,0.06291911751031876,0.01771509274840355,-0.015882495790719986
1790341561299886600,20.337886474609373,0.05314527451992035,0.016493361443281174,-0.007941247895359993
1790341561316376300,20.354376220703124,0.05803219974040985,0.01038470957428217,0.02932153269648552
1790341561332867300,20.370867431640626,0.06475171446800232,0.021991148591041565,0.009162978269159794
1790341561349379800,20.3873798828125,0.045204028487205505,0.03481931984424591,0.033597588539123535
1790341561365831700,20.403831787109375,0.06169738993048668,0.01466076634824276,0.04642575979232788
1790341561382260500,20.420260498046876,0.07024950534105301,-0.005497787147760391,0.02382374368607998
1790341561398757600,20.436757568359376,0.059864792972803116,0.009162978269159794,0.036041051149368286
1790341561415229400,20.4532294921875,0.04581489413976669,0.018936822190880775,0.012828170321881771
1790341561431741400,20.469741455078125,0.07269296050071716,0.013439035043120384,0.036041051149368286
1790341561448226000,20.48622607421875,0.05925392732024193,0.024434609338641167,0.033597588539123535
1790341561464719600,20.5027197265625,0.05803219974040985,0.0507018156349659,0.013439035043120384
1790341561481218000,20.519218017578126,0.07330382615327835,0.021380282938480377,0.016493361443281174
1790341561497710800,20.5357109375,0.051312681287527084,0.027488935738801956,0.0012217304902151227
1790341561514222000,20.55222216796875,0.07391469180583954,0.027488935738801956,0.012217304669320583
1790341561530703000,20.568703125,0.059864792972803116,0.03481931984424591,0.039706241339445114
1790341561547189500,20.585189453125,0.07208210229873657,0.031154127791523933,0.00855211354792118
1790341561563713800,20.6017138671875,0.06902777403593063,0.06719517707824707,0.015882495790719986
1790341561580174000,20.618174072265624,0.05009094998240471,0.013439035043120384,0.00427605677396059
1790341561596685800,20.634685791015624,0.0806342139840126,0.006108652334660292,0.01466076634824276
1790341561613170700,20.651170654296877,0.06108652427792549,-0.018936822190880775,0.039706241339445114
1790341561629564000,20.66756396484375,0.06902777403593063,-0.03726277872920036,0.045204028487205505
1790341561646028800,20.68402880859375,0.07391469180583954,0.027488935738801956,0.02932153269648552
1790341561662487800,20.70048779296875,0.059864792972803116,-0.03420845419168472,0.0024434609804302454
1790341561679001300,20.71700146484375,0.07819075137376785,0.0024434609804302454,0.006108652334660292
1790341561695487000,20.733487060546874,0.06780604273080826,-0.02687807008624077,0.018325956538319588
1790341561710951700,20.74895166015625,0.06963863968849182,-0.048258353024721146,0.010995574295520782
1790341561727449000,20.765448974609374,0.08246681094169617,-0.07024950534105301,0.024434609338641167
1790341561743906300,20.78190625,0.05375614017248154,-0.028099801391363144,-0.024434609338641167
1790341561760386800,20.79838671875,0.08491026610136032,0.01038470957428217,-0.02626720629632473
1790341561776836000,20.814836181640626,0.04703662544488907,-0.004886921960860491,-0.04581489413976669
1790341561793318700,20.831318603515626,0.07330382615327835,-0.02382374368607998,-0.018936822190880775
1790341561809842000,20.847842041015625,0.0659734457731247,0.0024434609804302454,-0.013439035043120384
1790341561826334000,20.864333984375,0.04398229718208313,0.056810468435287476,-0.021380282938480377
1790341561842810000,20.88081005859375,0.09407325088977814,-0.025656340643763542,-0.0012217304902151227
1790341561859322600,20.897322509765626,0.059864792972803116,-0.06291911751031876,-0.03237585723400116
1790341561875781000,20.913781005859374,0.09957103431224823,-0.006108652334660292,-0.0757472887635231
1790341561892225500,20.9302255859375,0.06414084881544113,0.021380282938480377,-0.10201449692249298
1790341561908669700,20.946669677734373,0.0861319974064827,-0.04092797264456749,-0.09407325088977814
1790341561925144600,20.96314453125,0.06963863968849182,0.018936822190880775,-0.05192354694008827
1790341561941628200,20.979628173828125,0.10262536257505417,-0.10812314599752426,-0.03237585723400116
1790341561958089200,20.996089111328125,0.09224065393209457,0.1563815027475357,-0.07757988572120667
1790341561974557400,21.012557373046874,0.05314527451992035,0.08979719132184982,-0.04886921867728233
1790341561990996700,21.028996826171873,0.13011430203914642,-0.0959058403968811,-0.06108652427792549
1790341562007453400,21.045453369140624,0.04581489413976669,0.10934487730264664,-0.0507018156349659
1790341562023919600,21.061919677734377,0.10812314599752426,-0.08368854224681854,-0.01466076634824276
1790341562040371500,21.078371337890626,0.08429940044879913,-0.1765400618314743,0.025045474991202354
1790341562056760800,21.0947607421875,0.09834930300712585,0.10262536257505417,-0.16737708449363708
1790341562073104000,21.111103759765626,0.10201449692249298,0.056810468435287476,0.18997909128665924
1790341562089579000,21.1275791015625,0.00733038317412138,0.0006108652451075613,0.04886921867728233
1790341562106063600,21.144063720703127,0.192422553896904,0.06902777403593063,-0.07391469180583954
1790341562122504400,21.16050439453125,0.02871066704392433,0.10690141469240189,-0.01466076634824276
1790341562138946000,21.176946044921873,0.08307767659425735,-0.08674286305904388,0.021991148591041565
1790341562155408000,21.193407958984373,0.12828169763088226,-0.1563815027475357,0.10812314599752426
1790341562171853000,21.20985302734375,0.07391469180583954,0.02687807008624077,-0.02321287989616394
1790341562188304400,21.226304443359375,0.039706241339445114,0.15943582355976105,-0.00366519158706069
1790341562204749600,21.24274951171875,0.0659734457731247,-0.02932153269648552,-0.09224065393209457
1790341562221236200,21.259236328125,0.09712757170200348,-0.03176499158143997,0.036041051149368286
1790341562237676000,21.275676025390624,0.07269296050071716,0.039706241339445114,0.07757988572120667
1790341562254119400,21.292119384765623,0.09712757170200348,-0.0012217304902151227,0.03420845419168472
1790341562270562600,21.3085625,0.09712757170200348,0.03237585723400116,-0.060475658625364304
1790341562287026200,21.325026123046875,0.05375614017248154,0.036651913076639175,-0.04886921867728233
1790341562303494700,21.34149462890625,0.08246681094169617,-0.06841690838336945,-0.02076941914856434
1790341562319954700,21.35795458984375,0.07330382615327835,-0.006108652334660292,0.02015855349600315
1790341562336412400,21.374412353515623,0.07696902006864548,-0.00733038317412138,0.07208210229873657
1790341562352915000,21.3909150390625,0.07269296050071716,-0.012828170321881771,0.0959058403968811
1790341562369363500,21.407363525390625,0.09896016865968704,0.04398229718208313,0.04642575979232788
1790341562385830100,21.423830078125,0.02687807008624077,0.009773843921720982,0.02932153269648552
1790341562402253800,21.44025390625,0.054367005825042725,-0.02687807008624077,-0.08857546001672745
1790341562418731500,21.4567314453125,0.054367005825042725,0.05925392732024193,-0.015271631069481373
1790341562435189000,21.47318896484375,0.08674286305904388,-0.19547687470912933,-0.09224065393209457
1790341562451637200,21.48963720703125,0.11178833991289139,0.24862214922904968,-0.013439035043120384
1790341562468078800,21.506078857421876,0.1466076523065567,-0.22479841113090515,0.02687807008624077
1790341562484522200,21.522522216796876,0.0861319974064827,0.09162978827953339,0.05925392732024193
1790341562500964600,21.538964599609375,0.06780604273080826,0.01160643994808197,-0.04092797264456749
1790341562517415000,21.555414794921877,0.08368854224681854,-0.2632829248905182,0.06169738993048668
1790341562533855200,21.571855224609376,0.09896016865968704,0.16432274878025055,-0.09468411654233932
1790341562550311200,21.588311279296875,0.07819075137376785,0.1062905490398407,-0.10506882518529892
1790341562566752000,21.604751953125,0.09957103431224823,-0.05192354694008827,0.004886921960860491
1790341562583192600,21.621192626953125,0.06841690838336945,0.17776179313659668,-0.03787364438176155
1790341562599662600,21.63766259765625,0.07513642311096191,0.0757472887635231,0.013439035043120384
1790341562616119000,21.654119140625,0.07391469180583954,-0.06719517707824707,-0.05742133408784866
1790341562632589600,21.670589599609375,0.09896016865968704,-0.1508837193250656,-0.09468411654233932
1790341562648973300,21.686973388671873,0.05864306539297104,0.08002334833145142,-0.033597588539123535
1790341562665417500,21.70341748046875,0.1466076523065567,0.03481931984424591,0.13255776464939117
1790341562681887500,21.719887451171875,0.0659734457731247,0.07330382615327835,0.06414084881544113
1790341562698351600,21.7363515625,0.10262536257505417,0.08552113175392151,0.16249015927314758
1790341562714818800,21.75281884765625,0.10751228034496307,-0.09896016865968704,0.04703662544488907
1790341562731297300,21.76929736328125,0.10812314599752426,0.06414084881544113,-0.00733038317412138
1790341562747756000,21.785756103515624,0.09529497474431992,-0.12217304855585098,-0.03298672288656235
1790341562764224500,21.802224609375,0.10934487730264664,-0.07880161702632904,-0.09651670604944229
1790341562780663600,21.81866357421875,0.0910189226269722,0.05742133408784866,-0.13072516024112701
1790341562797151000,21.83515087890625,0.10873401165008545,0.04886921867728233,-0.07024950534105301
1790341562813590300,21.85159033203125,0.12767083942890167,0.00427605677396059,0.024434609338641167
1790341562830029800,21.86802978515625,0.1007927656173706,0.015271631069481373,-0.015271631069481373
1790341562846557000,21.884556884765626,0.13255776464939117,0.00366519158706069,0.014049900695681572
1790341562862997500,21.90099755859375,0.0806342139840126,-0.0024434609804302454,-0.04703662544488907
1790341562879452000,21.917451904296875,0.11239920556545258,0.016493361443281174,-0.028099801391363144
1790341562895913200,21.933913330078123,0.13011430203914642,0.08002334833145142,0.09712757170200348
1790341562912353500,21.950353515625,0.06230825558304787,0.07635815441608429,0.033597588539123535
1790341562928795100,21.966795166015626,0.07147123664617538,-0.04092797264456749,0.04398229718208313
1790341562945279000,21.983279052734375,0.1160643994808197,0.015882495790719986,-0.0012217304902151227
1790341562961744600,21.99974462890625,0.08246681094169617,0.05009094998240471,-0.028099801391363144
1790341562978203600,22.01620361328125,0.14294247329235077,0.03298672288656235,-0.01710422709584236
1790341562994676200,22.03267626953125,0.1111774742603302,0.02076941914856434,-0.060475658625364304
1790341563011121000,22.049120849609373,0.12461651116609573,0.028099801391363144,-0.08796459436416626
1790341563027563800,22.065563720703125,0.13805554807186127,-0.08368854224681854,-0.01160643994808197
1790341563044019000,22.08201904296875,0.11850785464048386,-0.05253441259264946,-0.01771509274840355
1790341563060421000,22.098421142578125,0.13500121235847473,-0.045204028487205505,-0.01771509274840355
1790341563076800000,22.114800048828126,0.11239920556545258,-0.04886921867728233,0.006719517521560192
1790341563093269800,22.131269775390624,0.12217304855585098,-0.04153883829712868,0.051312681287527084
1790341563109747500,22.14774755859375,0.1062905490398407,-0.003054326167330146,-0.018936822190880775
1790341563126192600,22.164192626953124,0.12461651116609573,-0.06169738993048668,-0.06536258012056351
1790341563142640000,22.18064013671875,0.13927727937698364,-0.021380282938480377,0.00855211354792118
1790341563159086600,22.197086669921877,0.1270599663257599,-0.039706241339445114,-0.007941247895359993
1790341563175535400,22.213535400390626,0.14477506279945374,-0.0507018156349659,0.04642575979232788
1790341563191984600,22.229984619140627,0.1160643994808197,-0.006719517521560192,-0.03481931984424591
1790341563208430800,22.246430908203124,0.1313360333442688,-0.004886921960860491,-0.03176499158143997
1790341563224874200,22.262874267578123,0.14538592100143433,-0.05864306539297104,0.0757472887635231
1790341563241316400,22.27931640625,0.1264491081237793,-0.15882496535778046,0.07391469180583954
1790341563257758200,22.29575830078125,0.16310101747512817,-0.13805554807186127,0.045204028487205505
1790341563274200000,22.312199951171873,0.12828169763088226,-0.08674286305904388,-0.02687807008624077
1790341563290656800,22.32865673828125,0.14294247329235077,-0.09957103431224823,-0.006108652334660292
1790341563307101400,22.345101318359376,0.13316862285137177,-0.12461651116609573,0.02932153269648552
1790341563323547600,22.361547607421876,0.14049901068210602,-0.0403171069920063,0.028099801391363144
1790341563340021000,22.37802099609375,0.12278391420841217,-0.015271631069481373,0.006108652334660292
1790341563356462600,22.394462646484374,0.14905111491680145,-0.10323622822761536,-0.05192354694008827
1790341563372904700,22.41090478515625,0.15454891324043274,-0.05619960278272629,-0.06780604273080826
1790341563389347800,22.427347900390625,0.14294247329235077,-0.006108652334660292,0.018325956538319588
1790341563405790200,22.443790283203125,0.15821409225463867,-0.1264491081237793,0.02687807008624077
1790341563422278100,22.460278076171875,0.14049901068210602,-0.04948008432984352,0.01710422709584236
1790341563438727000,22.476726806640624,0.14416420459747314,-0.004886921960860491,0.016493361443281174
1790341563455170800,22.4931708984375,0.15393804013729095,-0.08246681094169617,0.004886921960860491
1790341563471613700,22.50961376953125,0.13011430203914642,-0.030543262138962746,-0.012217304669320583
1790341563488088000,22.526088134765626,0.1563815027475357,0.04214970022439957,0.036651913076639175
1790341563504531500,22.542531494140626,0.15027284622192383,-0.02321287989616394,0.01160643994808197
1790341563520972800,22.558972900390625,0.12950342893600464,-0.010995574295520782,-0.028099801391363144
1790341563537436700,22.575436767578125,0.14233160018920898,0.013439035043120384,0.019547687843441963
1790341563553882000,22.591882080078125,0.16371189057826996,-0.059864792972803116,-0.02626720629632473
1790341563570324200,22.60832421875,0.12217304855585098,-0.028099801391363144,-0.05375614017248154
1790341563586796300,22.62479638671875,0.15821409225463867,0.005497787147760391,-0.02687807008624077
1790341563603236000,22.641236083984374,0.14355333149433136,-0.10323622822761536,-0.03298672288656235
1790341563619677000,22.657677001953125,0.15454891324043274,-0.08124507963657379,-0.024434609338641167
1790341563636121300,22.674121337890625,0.14477506279945374,-0.04642575979232788,-0.022602014243602753
1790341563652617700,22.69061767578125,0.15027284622192383,-0.10018189996480942,-0.10506882518529892
1790341563669061600,22.7070615234375,0.1417207419872284,-0.045204028487205505,-0.05314527451992035
1790341563685525800,22.72352587890625,0.11911872029304504,0.022602014243602753,-0.05314527451992035
1790341563701969200,22.73996923828125,0.16065755486488342,-0.14294247329235077,0.00855211354792118
1790341563718413800,22.756413818359373,0.13561208546161652,-0.03420845419168472,-0.018936822190880775
1790341563734856200,22.772856201171876,0.14355333149433136,0.048258353024721146,-0.01710422709584236
1790341563751231700,22.789231689453125,0.14966198801994324,-0.11667526513338089,-0.016493361443281174
1790341563767672000,22.805672119140624,0.14233160018920898,-0.0507018156349659,-0.056810468435287476
1790341563784135000,22.822135009765624,0.13439035415649414,-0.06291911751031876,-0.024434609338641167
1790341563800577800,22.838577880859376,0.14477506279945374,-0.09957103431224823,0.05803219974040985
1790341563817023200,22.855023193359376,0.16004669666290283,-0.09162978827953339,0.03420845419168472
1790341563833496800,22.871496826171875,0.1258382350206375,-0.05192354694008827,-0.03176499158143997
1790341563849940700,22.887940673828126,0.13988813757896423,-0.07635815441608429,-0.03298672288656235
1790341563866382300,22.90438232421875,0.13255776464939117,-0.07513642311096191,0.00855211354792118
1790341563882823200,22.9208232421875,0.1368338167667389,-0.04703662544488907,0.010995574295520782
1790341563899269600,22.93726953125,0.1368338167667389,-0.056810468435287476,0.00733038317412138
1790341563915711500,22.95371142578125,0.13927727937698364,-0.10751228034496307,-0.051312681287527084
1790341563932156400,22.970156494140625,0.15515977144241333,0.012217304669320583,0.01710422709584236
1790341563948597000,22.986596923828124,0.13377949595451355,0.04581489413976669,0.00855211354792118
1790341563965036000,23.0030361328125,0.1661553531885147,-0.07819075137376785,-0.0403171069920063
1790341563981507800,23.0195078125,0.12095131725072861,0.060475658625364304,-0.027488935738801956
1790341563997955600,23.03595556640625,0.1472185254096985,0.005497787147760391,0.003054326167330146
1790341564014402000,23.052402099609374,0.13500121235847473,-0.182648703455925,0.024434609338641167
1790341564030870800,23.068870849609375,0.1368338167667389,-0.02076941914856434,0.02871066704392433
1790341564047314200,23.085314208984375,0.1466076523065567,-0.09957103431224823,-0.06230825558304787
1790341564063697200,23.101697265625,0.14416420459747314,0.013439035043120384,-0.08491026610136032
1790341564080171500,23.118171630859376,0.13377949595451355,0.03298672288656235,0.012217304669320583
1790341564096561200,23.13456103515625,0.1111774742603302,-0.04459316283464432,0.028099801391363144
1790341564113007000,23.151007080078124,0.15027284622192383,-0.10934487730264664,0.04703662544488907
1790341564129448400,23.167448486328126,0.13255776464939117,-0.04764748737215996,-0.04948008432984352
1790341564145983500,23.1839833984375,0.12095131725072861,-0.033597588539123535,-0.06963863968849182
1790341564162427000,23.200427001953123,0.16065755486488342,-0.05375614017248154,0.009162978269159794
1790341564178872000,23.2168720703125,0.13316862285137177,0.04764748737215996,-0.006108652334660292
1790341564195311400,23.233311279296874,0.14294247329235077,0.02076941914856434,0.003054326167330146
1790341564211751200,23.249751220703125,0.13377949595451355,-0.02015855349600315,0.015271631069481373
1790341564228194000,23.266194091796876,0.15454891324043274,-0.0959058403968811,-0.03787364438176155
1790341564243607600,23.281607666015624,0.1319468915462494,-0.007941247895359993,-0.021380282938480377
1790341564260049700,23.298049560546875,0.1368338167667389,-0.009773843921720982,-0.05742133408784866
1790341564276504000,23.314504150390626,0.1472185254096985,0.02687807008624077,0.08124507963657379
1790341564292945700,23.330945556640625,0.1368338167667389,-0.0555887371301651,0.0659734457731247
1790341564309388300,23.34738818359375,0.14782938361167908,-0.06475171446800232,0.022602014243602753
1790341564325859600,23.363859619140626,0.13011430203914642,0.042760565876960754,-0.05925392732024193
1790341564342301200,23.38030126953125,0.1661553531885147,0.00855211354792118,-0.022602014243602753
1790341564358745300,23.396745361328126,0.11911872029304504,0.04948008432984352,-0.009162978269159794
1790341564375188500,23.4131884765625,0.14538592100143433,-0.022602014243602753,0.039095375686883926
1790341564391632100,23.429632080078125,0.14294247329235077,0.018325956538319588,0.048258353024721146
1790341564408073700,23.44607373046875,0.12095131725072861,0.019547687843441963,0.00855211354792118
1790341564424521200,23.462521240234373,0.1459967941045761,-0.004886921960860491,-0.01038470957428217
1790341564440896300,23.478896240234373,0.14905111491680145,0.001832595793530345,-0.01710422709584236
1790341564457337900,23.495337890625,0.15393804013729095,0.02626720629632473,0.06780604273080826
1790341564473809400,23.511809326171875,0.15515977144241333,-0.02687807008624077,0.07024950534105301
1790341564490251000,23.5282509765625,0.16798794269561768,0.03237585723400116,0.05192354694008827
1790341564506694700,23.544694580078126,0.16798794269561768,-0.01710422709584236,-0.00427605677396059
1790341564523164000,23.561163818359375,0.16004669666290283,0.08429940044879913,-0.0861319974064827
1790341564539607600,23.577607666015624,0.16982053220272064,0.06169738993048668,-0.1258382350206375
1790341564556048400,23.59404833984375,0.17898350954055786,0.04764748737215996,-0.12339477986097336
1790341564572517000,23.61051708984375,0.1319468915462494,0.005497787147760391,-0.2834414839744568
1790341564588958700,23.626958740234375,0.08002334833145142,-0.152105450630188,-0.5809328556060791
1790341564605401900,23.64340185546875,0.059864792972803116,-0.08368854224681854,-0.720820963382721
1790341564621844000,23.659843994140626,0.1820378452539444,-0.14416420459747314,-0.7947356700897217
1790341564638285300,23.676285400390626,0.2370157092809677,-0.14294247329235077,-0.38728857040405273
1790341564654723300,23.692723388671876,0.16859880089759827,-0.006719517521560192,0.48808133602142334
1790341564671182600,23.7091826171875,0.2926044464111328,0.19608774781227112,1.0286970138549805
1790341564687619600,23.72561962890625,0.2370157092809677,0.0659734457731247,0.8008443117141724
1790341564704058400,23.742058349609376,0.2382374405860901,-0.033597588539123535,0.2590068578720093
1790341564720497400,23.758497314453123,0.20586158335208893,-0.08124507963657379,0.13011430203914642
1790341564736934400,23.774934326171874,0.2370157092809677,-0.07635815441608429,-0.009773843921720982
1790341564753375000,23.791375,0.1869247704744339,-0.06352998316287994,-0.03298672288656235
1790341564769836800,23.8078369140625,0.22052235901355743,0.24495697021484375,0.06658431142568588
1790341564786274600,23.824274658203127,0.20525072515010834,0.1111774742603302,0.08491026610136032
1790341564802716200,23.840716064453126,0.19853121042251587,-0.05009094998240471,-0.033597588539123535
1790341564819193300,23.857193359375,0.251676470041275,0.3176499307155609,-0.10506882518529892
1790341564835643600,23.8736435546875,0.19364428520202637,0.20097467303276062,-0.09285151958465576
1790341564852091000,23.8900908203125,0.15943582355976105,-0.26450464129447937,0.04092797264456749
1790341564868533200,23.906533203125,0.20525072515010834,-0.22418753802776337,0.2736676335334778
1790341564884977200,23.92297705078125,0.17776179313659668,0.11972958594560623,0.2376265823841095
1790341564901418500,23.93941845703125,0.18997909128665924,-0.21868975460529327,-0.02321287989616394
1790341564917860000,23.955860107421874,0.1661553531885147,0.21563543379306793,-0.04703662544488907
1790341564934299100,23.972299072265624,0.16249015927314758,-0.0806342139840126,0.007941247895359993
1790341564950739200,23.9887392578125,0.22846360504627228,-0.1508837193250656,0.2828305959701538
1790341564967210000,24.0052099609375,0.2125810980796814,0.03176499158143997,0.12950342893600464
1790341564983650800,24.02165087890625,0.18631389737129211,0.00733038317412138,0.0659734457731247
1790341565000091400,24.03809130859375,0.17776179313659668,-0.1270599663257599,-0.00427605677396059
1790341565016553200,24.05455322265625,0.22418753802776337,-0.06780604273080826,0.09162978827953339
1790341565032994800,24.070994873046875,0.22846360504627228,-0.0806342139840126,0.09468411654233932
1790341565049436200,24.087436279296874,0.18936823308467865,-0.004886921960860491,0.12034045159816742
1790341565065854500,24.1038544921875,0.251676470041275,-0.05742133408784866,0.05009094998240471
1790341565082292700,24.120292724609374,0.17959438264369965,0.021380282938480377,0.06658431142568588
1790341565098733600,24.136733642578125,0.21930062770843506,-0.029932396486401558,0.05253441259264946
1790341565115114000,24.153114013671875,0.26939156651496887,-0.18081611394882202,0.02932153269648552
1790341565131555000,24.16955517578125,0.2119702398777008,0.09529497474431992,-0.06780604273080826
1790341565147994600,24.18599462890625,0.18814650177955627,0.07819075137376785,0.0659734457731247
1790341565164441600,24.202441650390625,0.3481931984424591,-0.1160643994808197,0.15943582355976105
1790341565180882700,24.218882568359376,0.16310101747512817,0.1875356286764145,0.14355333149433136
1790341565197324300,24.23532421875,0.09040805697441101,-0.003054326167330146,-0.005497787147760391
1790341565213803300,24.25180322265625,0.20097467303276062,-0.36529740691185,-0.1062905490398407
1790341565230247000,24.268246826171875,0.16982053220272064,0.22052235901355743,-0.2565633952617645
1790341565246689000,24.28468896484375,0.24984388053417206,0.01466076634824276,-0.16737708449363708
1790341565263171600,24.301171630859375,0.16920967400074005,-0.021380282938480377,0.15027284622192383
1790341565279613400,24.317613525390627,0.15271630883216858,-0.11667526513338089,-0.10934487730264664
1790341565296055300,24.33405517578125,0.15821409225463867,0.28588494658470154,-0.10873401165008545
1790341565312556300,24.350556396484375,0.15454891324043274,0.0659734457731247,-0.3549126982688904
1790341565328996900,24.366996826171874,0.32559117674827576,-0.051312681287527084,-0.10934487730264664
1790341565345467100,24.383467041015624,0.0507018156349659,-0.02626720629632473,-0.06963863968849182
1790341565361941200,24.399941162109375,0.2583959996700287,-0.15882496535778046,0.06658431142568588
1790341565378378800,24.416378662109373,0.23090706765651703,-0.022602014243602753,-0.04214970022439957
1790341565394844700,24.4328447265625,0.16371189057826996,0.03726277872920036,-0.09834930300712585
1790341565411287800,24.449287841796874,0.18997909128665924,-0.012828170321881771,-0.07513642311096191
1790341565427758000,24.465758056640624,0.23518311977386475,-0.05009094998240471,-0.04642575979232788
1790341565444242400,24.482242431640625,0.16920967400074005,0.06780604273080826,-0.00855211354792118
1790341565460706600,24.49870654296875,0.20891591906547546,0.031154127791523933,0.08918632566928864
1790341565477179400,24.515179443359376,0.23640485107898712,-0.08552113175392151,0.07269296050071716
1790341565493622800,24.531622802734375,0.23090706765651703,0.00855211354792118,0.02382374368607998
1790341565510025200,24.548025146484374,0.2174680233001709,0.07635815441608429,-0.001832595793530345
1790341565526464500,24.564464599609376,0.23457226157188416,0.02626720629632473,0.02076941914856434
1790341565542905600,24.580905517578124,0.23029619455337524,-0.009162978269159794,0.024434609338641167
1790341565559400000,24.59739990234375,0.22968533635139465,0.04703662544488907,0.019547687843441963
1790341565575839200,24.613839111328126,0.22418753802776337,-0.005497787147760391,-0.006719517521560192
1790341565592303400,24.630303466796875,0.23579397797584534,0.006108652334660292,0.00733038317412138
1790341565608747500,24.64674755859375,0.2223549485206604,0.03848451003432274,0.014049900695681572
1790341565625193000,24.66319287109375,0.22907446324825287,-0.02687807008624077,-0.001832595793530345
1790341565641666000,24.679666015625,0.22968533635139465,0.006719517521560192,0.03848451003432274
1790341565658056400,24.696056396484376,0.2223549485206604,0.0006108652451075613,0
1790341565674527200,24.71252734375,0.23457226157188416,0.039706241339445114,0.03237585723400116
1790341565690967300,24.72896728515625,0.24190263450145721,-0.04092797264456749,0.10384709388017654
1790341565707425500,24.745425537109377,0.21380282938480377,0.024434609338641167,0.05009094998240471
1790341565723892000,24.76189208984375,0.2272418737411499,-0.031154127791523933,-0.010995574295520782
1790341565740331300,24.778331298828125,0.21930062770843506,-0.07941248267889023,-0.05314527451992035
1790341565756824800,24.794824951171876,0.22052235901355743,-0.09285151958465576,-0.013439035043120384
1790341565773264100,24.81126416015625,0.21991148591041565,0.003054326167330146,0.007941247895359993
1790341565789635800,24.8276357421875,0.21868975460529327,-0.05009094998240471,-0.00733038317412138
1790341565806129400,24.84412939453125,0.21991148591041565,0.033597588539123535,-0.013439035043120384
1790341565822569000,24.86056884765625,0.21380282938480377,0.009773843921720982,-0.05497787147760391
1790341565839039500,24.87703955078125,0.23273965716362,-0.039706241339445114,-0.06841690838336945
1790341565855481900,24.89348193359375,0.2125810980796814,-0.01160643994808197,-0.022602014243602753
1790341565871926000,24.909926025390625,0.23640485107898712,-0.01771509274840355,-0.00366519158706069
1790341565888398000,24.926398193359375,0.24617868661880493,-0.0006108652451075613,0.03726277872920036
1790341565904848400,24.942848388671877,0.2168571650981903,0.010995574295520782,-0.006719517521560192
1790341565921320200,24.9593203125,0.2376265823841095,-0.01710422709584236,-0.00733038317412138
1790341565937766000,24.975765869140623,0.23518311977386475,-0.04886921867728233,0.021991148591041565
1790341565954129400,24.99212939453125,0.2541199326515198,0.04581489413976669,0.05619960278272629
1790341565970602200,25.008602294921875,0.24862214922904968,0.05192354694008827,0.01771509274840355
1790341565987044000,25.025044189453126,0.2474004179239273,0.03726277872920036,-0.02076941914856434
1790341566003444500,25.041444580078124,0.24923302233219147,0.036651913076639175,-0.02321287989616394
1790341566019885000,25.057885009765624,0.2528982162475586,0.01710422709584236,0.05375614017248154
1790341566036326000,25.074325927734375,0.24190263450145721,0.0006108652451075613,0.051312681287527084
1790341566052826000,25.090826171875,0.24984388053417206,0.025045474991202354,0.02015855349600315
1790341566068342000,25.106342041015626,0.23518311977386475,0.03237585723400116,-0.024434609338641167
1790341566084811300,25.122811279296876,0.24923302233219147,-0.056810468435287476,0.02932153269648552
1790341566101254000,25.13925390625,0.24617868661880493,-0.03176499158143997,0.007941247895359993
1790341566117695700,25.15569580078125,0.2528982162475586,0.036651913076639175,0.02015855349600315
1790341566134142200,25.17214208984375,0.2480112910270691,0.02687807008624077,-0.00427605677396059
1790341566150589200,25.188589111328124,0.26450464129447937,0.04764748737215996,0.015271631069481373
1790341566166984000,25.20498388671875,0.24984388053417206,0.0024434609804302454,0.0006108652451075613
1790341566183423200,25.22142333984375,0.24190263450145721,-0.016493361443281174,-0.031154127791523933
1790341566199882200,25.23788232421875,0.26511552929878235,0.05253441259264946,-0.019547687843441963
1790341566216351000,25.25435107421875,0.2675589919090271,0.01771509274840355,0.0006108652451075613
1790341566232792300,25.270792236328123,0.27000242471694946,0.07208210229873657,-0.02015855349600315
1790341566249288200,25.2872880859375,0.26450464129447937,0.10995574295520782,-0.03726277872920036
1790341566265730300,25.303730224609374,0.28588494658470154,0.08429940044879913,-0.027488935738801956
1790341566282177000,25.320177001953127,0.27061331272125244,0.04398229718208313,-0.022602014243602753
1790341566298675700,25.33667578125,0.2773328125476837,-0.012217304669320583,-0.03237585723400116
1790341566315116800,25.35311669921875,0.2871066629886627,-0.05375614017248154,0.010995574295520782
1790341566331586800,25.3695869140625,0.27061331272125244,-0.07330382615327835,-0.030543262138962746
1790341566348026400,25.3860263671875,0.2883284091949463,-0.07147123664617538,-0.00855211354792118
1790341566364464400,25.40246435546875,0.2736676335334778,0.00427605677396059,-0.0006108652451075613
1790341566380929500,25.418929443359374,0.2779437005519867,-0.0012217304902151227,-0.006719517521560192
1790341566397372000,25.435371826171874,0.294437050819397,0.022602014243602753,0.02382374368607998
1790341566413835300,25.451835205078126,0.27061331272125244,-0.01038470957428217,0.028099801391363144
1790341566430275800,25.46827587890625,0.28466320037841797,0.0012217304902151227,0.018325956538319588
1790341566446738000,25.484738037109373,0.2828305959701538,-0.04337143152952194,-0.004886921960860491
1790341566463205600,25.50120556640625,0.2828305959701538,-0.08246681094169617,-0.012828170321881771
1790341566479662000,25.517662109375,0.294437050819397,-0.11239920556545258,-0.0012217304902151227
1790341566496067000,25.534067138671876,0.2834414839744568,-0.04886921867728233,0.006108652334660292
1790341566512503600,25.550503662109374,0.2834414839744568,-0.05864306539297104,0.005497787147760391
1790341566528938800,25.566938720703124,0.2889392673969269,-0.056810468435287476,-0.003054326167330146
1790341566545431300,25.583431396484375,0.3017674386501312,-0.07513642311096191,-0.02321287989616394
1790341566561866500,25.599866455078125,0.2877175211906433,-0.021380282938480377,-0.029932396486401558
1790341566578329000,25.6163291015625,0.2926044464111328,-0.05375614017248154,-0.03298672288656235
1790341566594768100,25.63276806640625,0.3084869384765625,-0.0555887371301651,0.02382374368607998
1790341566611207200,25.649207275390626,0.2816088795661926,-0.04581489413976669,-0.02321287989616394
1790341566627670500,25.66567041015625,0.3023782968521118,-0.06230825558304787,-0.015882495790719986
1790341566644112400,25.6821123046875,0.29016098380088806,-0.04703662544488907,-0.04764748737215996
1790341566660576000,25.698575927734375,0.30115658044815063,0.01038470957428217,-0.012217304669320583
1790341566677012000,25.715011962890625,0.30482175946235657,-0.06719517707824707,0.018325956538319588
1790341566693470000,25.731469970703124,0.29504790902137756,0.06352998316287994,0.02871066704392433
1790341566709933800,25.747933837890624,0.29016098380088806,0.033597588539123535,-0.02015855349600315
1790341566726370800,25.764370849609374,0.2974913716316223,0.03237585723400116,0.005497787147760391
1790341566742861300,25.780861328125,0.2883284091949463,-0.0354301854968071,-0.014049900695681572
1790341566759300400,25.79730029296875,0.29016098380088806,0.09773843735456467,0.00366519158706069
1790341566775739100,25.8137392578125,0.2974913716316223,-0.021991148591041565,0.03848451003432274
1790341566792237800,25.83023779296875,0.2816088795661926,-0.00427605677396059,0.025045474991202354
1790341566808615200,25.846615234375,0.304210901260376,-0.04764748737215996,0.016493361443281174
1790341566825085000,25.8630849609375,0.30543261766433716,0.02076941914856434,0.016493361443281174
1790341566841524500,25.8795244140625,0.2883284091949463,0.05009094998240471,0.0012217304902151227
1790341566857964500,25.895964599609375,0.29626965522766113,0.07269296050071716,0.048258353024721146
1790341566874431000,25.912430908203124,0.2822197377681732,0.03176499158143997,0.04459316283464432
1790341566890875600,25.928875732421876,0.294437050819397,0.029932396486401558,0.015271631069481373
1790341566907345200,25.94534521484375,0.29016098380088806,-0.009162978269159794,0.021991148591041565
1790341566923784000,25.961783935546876,0.2828305959701538,-0.08979719132184982,0.030543262138962746
1790341566940254700,25.978254638671874,0.3017674386501312,0.01771509274840355,0.03298672288656235
1790341566956721700,25.9947216796875,0.28527405858039856,-0.01038470957428217,0.03298672288656235
1790341566973160700,26.01116064453125,0.2791654169559479,0.03726277872920036,0.03787364438176155
1790341566989563400,26.0275634765625,0.2816088795661926,-0.02321287989616394,0.02871066704392433
1790341567006006300,26.04400634765625,0.2779437005519867,0.019547687843441963,0.009773843921720982
1790341567022448600,26.06044873046875,0.2785545587539673,0.009162978269159794,0.02687807008624077
1790341567038944500,26.076944580078123,0.2724458873271942,-0.010995574295520782,0.02015855349600315
1790341567055384800,26.093384765625,0.28038713335990906,-0.022602014243602753,0.03237585723400116
1790341567071800000,26.109800048828124,0.2730567753314972,-0.00733038317412138,0.016493361443281174
1790341567088139000,26.126138916015623,0.27977627515792847,0.056810468435287476,0.00366519158706069
1790341567104578800,26.142578857421874,0.2828305959701538,0.02015855349600315,0.02076941914856434
1790341567121091800,26.159091796875,0.28466320037841797,0.04214970022439957,0.018325956538319588
1790341567137537800,26.175537841796874,0.2675589919090271,0.02382374368607998,0.0024434609804302454
1790341567153938000,26.19193798828125,0.2736676335334778,0.04764748737215996,-0.00366519158706069
1790341567170378200,26.208378173828127,0.28955012559890747,-0.005497787147760391,0.03787364438176155
1790341567186835200,26.224835205078126,0.2675589919090271,0.02687807008624077,0.022602014243602753
1790341567203301000,26.241301025390626,0.26450464129447937,0.03481931984424591,-0.00733038317412138
1790341567219739000,26.25773876953125,0.2816088795661926,0.02932153269648552,0.00427605677396059
1790341567236230100,26.274230224609376,0.2730567753314972,0.022602014243602753,0.0354301854968071
1790341567252667600,26.290667724609374,0.26022860407829285,-0.08674286305904388,0.02015855349600315
1790341567269113600,26.307113525390626,0.2816088795661926,0.051312681287527084,0.00733038317412138
1790341567285614800,26.32361474609375,0.26450464129447937,0.0507018156349659,-0.031154127791523933
1790341567302059500,26.3400595703125,0.26633724570274353,-0.005497787147760391,-0.00366519158706069
1790341567318528300,26.3565283203125,0.2583959996700287,-0.04642575979232788,0.02015855349600315
1790341567334967800,26.3729677734375,0.2565633952617645,-0.06780604273080826,-0.012217304669320583
1790341567351411200,26.3894111328125,0.27550023794174194,-0.02871066704392433,0.00366519158706069
1790341567367880400,26.40588037109375,0.2675589919090271,-0.005497787147760391,-0.009773843921720982
1790341567384329500,26.42232958984375,0.28649580478668213,0.05375614017248154,-0.02076941914856434
1790341567400802300,26.43880224609375,0.2791654169559479,0.0403171069920063,0.0024434609804302454
1790341567417246200,26.45524609375,0.2779437005519867,-0.042760565876960754,0.01771509274840355
1790341567433706200,26.471706298828124,0.26939156651496887,0.018325956538319588,-0.04214970022439957
1790341567450177500,26.488177490234374,0.2834414839744568,-0.039095375686883926,-0.003054326167330146
1790341567466622000,26.5046220703125,0.26083946228027344,-0.05009094998240471,0.014049900695681572
1790341567483007700,26.5210078125,0.2834414839744568,-0.05009094998240471,0.02321287989616394
1790341567499451000,26.537450927734376,0.2773328125476837,-0.05742133408784866,-0.0006108652451075613
1790341567515894300,26.553894287109376,0.2718350291252136,0.07880161702632904,-0.01466076634824276
1790341567532395500,26.5703955078125,0.28527405858039856,0.04153883829712868,0.029932396486401558
1790341567548838700,26.586838623046877,0.2669481039047241,0.0708603709936142,0.025656340643763542
1790341567565311000,26.60331103515625,0.2675589919090271,0.033597588539123535,0.018936822190880775
1790341567581755400,26.61975537109375,0.2828305959701538,0.001832595793530345,0.01038470957428217
1790341567598198500,26.636198486328126,0.26939156651496887,0.018325956538319588,0.009773843921720982
1790341567614667000,26.6526669921875,0.27061331272125244,0.004886921960860491,0.007941247895359993
1790341567631112400,26.669112548828124,0.27488934993743896,0.028099801391363144,0.018936822190880775
1790341567647582200,26.685582275390626,0.2681698501110077,0.012828170321881771,0.027488935738801956
1790341567664061400,26.7020615234375,0.27611109614372253,-0.03481931984424591,0.01160643994808197
1790341567680521700,26.718521728515626,0.2736676335334778,0.09407325088977814,0.015271631069481373
1790341567696991500,26.734991455078124,0.28466320037841797,0.06780604273080826,0.015882495790719986
1790341567713434600,26.7514345703125,0.28038713335990906,0.11911872029304504,-0.001832595793530345
1790341567729930200,26.76793017578125,0.2791654169559479,0.1514945775270462,0.0024434609804302454
1790341567746373000,26.784373046875,0.26939156651496887,0.04642575979232788,0.005497787147760391
1790341567762816300,26.800816162109374,0.28588494658470154,0.042760565876960754,0.018325956538319588
1790341567779313200,26.817313232421874,0.2541199326515198,0.025045474991202354,0.014049900695681572
1790341567795758000,26.833758056640626,0.2919935882091522,-0.0806342139840126,0.00366519158706069
1790341567812229600,26.850229736328124,0.26083946228027344,0.04337143152952194,0.02382374368607998
1790341567828671500,26.86667138671875,0.2583959996700287,-0.07208210229873657,-0.007941247895359993
1790341567845116400,26.883116455078124,0.28466320037841797,0.08307767659425735,0.01710422709584236
1790341567861590300,26.89959033203125,0.24373523890972137,-0.016493361443281174,-0.01160643994808197
1790341567878038500,26.91603857421875,0.2791654169559479,-0.06658431142568588,0.06352998316287994
1790341567894514400,26.932514404296874,0.26145032048225403,-0.07330382615327835,0.019547687843441963
1790341567910959600,26.948959716796875,0.26083946228027344,-0.005497787147760391,-0.02932153269648552
1790341567927420200,26.965420166015626,0.2773328125476837,-0.03481931984424591,0.004886921960860491
1790341567943892000,26.98189208984375,0.2632829248905182,0.01710422709584236,0.019547687843441963
1790341567960335000,26.998335205078124,0.2938261926174164,-0.005497787147760391,0.028099801391363144
1790341567976743000,27.014742919921876,0.26145032048225403,0.04948008432984352,0.009773843921720982
1790341567993185800,27.031185791015623,0.2565633952617645,0.06169738993048668,-0.0354301854968071
1790341568009628700,27.047628662109375,0.2773328125476837,0.015882495790719986,-0.018936822190880775
1790341568026131200,27.064131103515624,0.2632829248905182,0.004886921960860491,-0.009162978269159794
1790341568042577200,27.0805771484375,0.2742784917354584,0.012828170321881771,0.018936822190880775
1790341568059019300,27.097019287109376,0.2785545587539673,0.02871066704392433,-0.004886921960860491
1790341568075466800,27.113466796875,0.2834414839744568,0.13255776464939117,-0.03298672288656235
1790341568091918000,27.12991796875,0.2370157092809677,-0.07757988572120667,-0.019547687843441963
1790341568108431000,27.14643115234375,0.25106561183929443,-0.21380282938480377,0.010995574295520782
1790341568124883200,27.16288330078125,0.26511552929878235,-0.16432274878025055,0.013439035043120384
1790341568141355800,27.179355712890626,0.27550023794174194,-0.029932396486401558,-0.012217304669320583
1790341568157802800,27.195802734375,0.2840523421764374,-0.05619960278272629,-0.009162978269159794
1790341568174209800,27.212209716796874,0.2669481039047241,0.06963863968849182,-0.003054326167330146
1790341568190683400,27.228683349609376,0.2767219543457031,0.04886921867728233,0.010995574295520782
1790341568207129300,27.24512939453125,0.2779437005519867,-0.018325956538319588,-0.015882495790719986
1790341568223626800,27.261626708984377,0.2938261926174164,0.08796459436416626,0.025045474991202354
1790341568240070700,27.278070556640625,0.2834414839744568,0.04581489413976669,0.006108652334660292
1790341568256514300,27.294514404296876,0.2632829248905182,0.021380282938480377,-0.006108652334660292
1790341568273017600,27.311017578125,0.27000242471694946,-0.029932396486401558,-0.01160643994808197
1790341568289466400,27.32746630859375,0.2840523421764374,-0.028099801391363144,-0.02626720629632473
1790341568305940500,27.3439404296875,0.2785545587539673,0.022602014243602753,0.0012217304902151227
1790341568322384600,27.360384521484374,0.27122417092323303,0.018936822190880775,-0.010995574295520782
1790341568338828500,27.37682861328125,0.27611109614372253,0.07208210229873657,0.0012217304902151227
1790341568355300000,27.393300048828124,0.2626720666885376,0.13744467496871948,-0.027488935738801956
1790341568371749000,27.4097490234375,0.2724458873271942,0.07269296050071716,-0.02015855349600315
1790341568388220200,27.42622021484375,0.26145032048225403,0.014049900695681572,-0.018936822190880775
1790341568404662800,27.442662841796874,0.26633724570274353,0.005497787147760391,-0.0006108652451075613
1790341568421023500,27.4590234375,0.26939156651496887,0.003054326167330146,-0.039706241339445114
1790341568437494300,27.475494384765625,0.26145032048225403,0.018936822190880775,0.00366519158706069
1790341568453934300,27.491934326171876,0.252287358045578,-0.07757988572120667,0
1790341568470341400,27.50834130859375,0.2681698501110077,-0.11911872029304504,0.00366519158706069
1790341568486778600,27.524778564453126,0.2583959996700287,0.029932396486401558,0.01710422709584236
1790341568503216600,27.541216552734376,0.26450464129447937,-0.12217304855585098,0.02871066704392433
1790341568519688200,27.557688232421874,0.2632829248905182,-0.08002334833145142,0.012828170321881771
1790341568536131300,27.57413134765625,0.2730567753314972,-0.10262536257505417,0
1790341568552602000,27.59060205078125,0.2687807083129883,-0.04092797264456749,-0.007941247895359993
1790341568569045500,27.60704541015625,0.2718350291252136,-0.12522737681865692,0.016493361443281174
1790341568585490000,27.623489990234376,0.2791654169559479,0.07880161702632904,0.015882495790719986
1790341568601962800,27.639962646484374,0.2840523421764374,0.10567969083786011,0.02626720629632473
1790341568618411300,27.656411376953123,0.26083946228027344,0.0959058403968811,-0.006719517521560192
1790341568634881300,27.67288134765625,0.2785545587539673,0.00855211354792118,-0.01160643994808197
1790341568651320300,27.6893203125,0.2779437005519867,0.060475658625364304,-0.014049900695681572
1790341568667778000,27.705778076171875,0.251676470041275,-0.04398229718208313,-0.01771509274840355
1790341568684247600,27.72224755859375,0.2718350291252136,-0.04581489413976669,-0.007941247895359993
1790341568700691500,27.73869140625,0.25534167885780334,-0.05803219974040985,-0.003054326167330146
1790341568717186600,27.7551865234375,0.2730567753314972,-0.039706241339445114,-0.005497787147760391
1790341568733627400,27.77162744140625,0.28955012559890747,0.02932153269648552,0.015882495790719986
1790341568750070800,27.78807080078125,0.24617868661880493,-0.019547687843441963,-0.042760565876960754
1790341568766571800,27.80457177734375,0.26450464129447937,-0.06780604273080826,-0.012828170321881771
1790341568783015200,27.82101513671875,0.24984388053417206,-0.16432274878025055,-0.010995574295520782
1790341568799487000,27.837487060546874,0.2816088795661926,-0.06414084881544113,0.030543262138962746
1790341568815930000,27.85393017578125,0.2577851414680481,0.07269296050071716,0.05619960278272629
1790341568832375000,27.870375,0.2565633952617645,-0.12339477986097336,-0.054367005825042725
1790341568848843300,27.88684326171875,0.2736676335334778,0.00733038317412138,-0.003054326167330146
1790341568865289000,27.9032890625,0.21991148591041565,0.029932396486401558,-0.01771509274840355
1790341568881758500,27.919758544921876,0.2767219543457031,-0.012828170321881771,0.05497787147760391
1790341568898201300,27.936201416015624,0.2590068578720093,0.1466076523065567,0.03298672288656235
1790341568914664000,27.952663818359376,0.25473082065582275,0.0012217304902151227,-0.013439035043120384
1790341568931138600,27.969138671875,0.24923302233219147,-0.1618792861700058,-0.0006108652451075613
1790341568947582000,27.98558203125,0.26145032048225403,0.00855211354792118,-0.03176499158143997
1790341568963966200,28.00196630859375,0.2779437005519867,0.0861319974064827,0.02932153269648552
1790341568980405000,28.018405029296876,0.27977627515792847,0.13439035415649414,0.021380282938480377
1790341568996844800,28.0348447265625,0.2376265823841095,0.0006108652451075613,-0.018325956538319588
1790341569013341200,28.051341064453126,0.2834414839744568,0.00855211354792118,-0.030543262138962746
1790341569029782500,28.067782470703126,0.2620611786842346,0.07513642311096191,0.015882495790719986
1790341569046251300,28.084251220703123,0.24129177629947662,0.02382374368607998,-0.02076941914856434
1790341569062646800,28.100646728515624,0.2877175211906433,0.0708603709936142,0.04153883829712868
1790341569079090700,28.117090576171876,0.2119702398777008,-0.019547687843441963,0.012828170321881771
1790341569095560000,28.133559814453125,0.2767219543457031,0.010995574295520782,0.03481931984424591
1790341569112058000,28.15005810546875,0.22540926933288574,0.04581489413976669,-0.007941247895359993
1790341569128527400,28.16652734375,0.26145032048225403,-0.10384709388017654,-0.027488935738801956
1790341569144970000,28.182969970703127,0.28649580478668213,0.15943582355976105,0.02687807008624077
1790341569161432000,28.19943212890625,0.22357667982578278,-0.04581489413976669,-0.003054326167330146
1790341569177901600,28.215901611328125,0.3017674386501312,-0.013439035043120384,0.0354301854968071
1790341569194340900,28.2323408203125,0.22113321721553802,0.08979719132184982,0.018325956538319588
1790341569210821000,28.248821044921876,0.2541199326515198,-0.05864306539297104,-0.03481931984424591
1790341569227260000,28.265260009765626,0.2590068578720093,-0.04459316283464432,-0.01710422709584236
1790341569243700500,28.281700439453125,0.27061331272125244,0.03481931984424591,0.0024434609804302454
1790341569260196400,28.2981962890625,0.2590068578720093,0.09957103431224823,-0.018936822190880775
1790341569276635400,28.314635498046876,0.29565876722335815,0.1661553531885147,0.031154127791523933
1790341569293076200,28.331076171875,0.22052235901355743,0.01771509274840355,-0.024434609338641167
1790341569309517800,28.347517822265626,0.24923302233219147,0.05192354694008827,-0.027488935738801956
1790341569325960700,28.363960693359374,0.23273965716362,-0.04092797264456749,0.018936822190880775
1790341569342434000,28.38043408203125,0.26083946228027344,-0.09285151958465576,-0.021991148591041565
1790341569358881300,28.39688134765625,0.2577851414680481,0.0012217304902151227,0.00855211354792118
1790341569375351300,28.413351318359375,0.21807889640331268,0.036041051149368286,-0.01038470957428217
1790341569391794000,28.4297939453125,0.2773328125476837,-0.14905111491680145,0.006719517521560192
1790341569408256500,28.446256591796875,0.2119702398777008,0.05925392732024193,0.01160643994808197
1790341569424728000,28.46272802734375,0.23090706765651703,-0.14049901068210602,-0.006108652334660292
1790341569441172700,28.4791728515625,0.2528982162475586,-0.12767083942890167,0
1790341569457572900,28.49557275390625,0.21319197118282318,-0.031154127791523933,-0.04948008432984352
1790341569474015200,28.51201513671875,0.25106561183929443,0.059864792972803116,-0.009162978269159794
1790341569490458000,28.5284580078125,0.23945917189121246,-0.15027284622192383,0.015882495790719986
1790341569506958300,28.544958251953126,0.25595253705978394,0.08796459436416626,0.031154127791523933
1790341569523400000,28.56139990234375,0.2736676335334778,-0.00427605677396059,0.02321287989616394
1790341569539870500,28.577870361328124,0.24129177629947662,0.09957103431224823,0.00855211354792118
1790341569556311300,28.594311279296875,0.23518311977386475,0.030543262138962746,0.003054326167330146
1790341569572754200,28.610754150390626,0.2528982162475586,0.06352998316287994,0.06963863968849182
1790341569589224700,28.627224609375,0.22479841113090515,-0.08491026610136032,-0.03298672288656235
1790341569605673500,28.643673583984373,0.2938261926174164,0.0006108652451075613,-0.005497787147760391
1790341569622145800,28.660145751953124,0.21441370248794556,0.10873401165008545,0.009773843921720982
1790341569638590500,28.676590576171876,0.24434609711170197,0.1820378452539444,0.00427605677396059
1790341569655050000,28.693050048828123,0.23090706765651703,0.01710422709584236,0.027488935738801956
1790341569671520000,28.70952001953125,0.23273965716362,-0.16310101747512817,-0.029932396486401558
1790341569688006700,28.726006591796875,0.2528982162475586,-0.07941248267889023,0.021380282938480377
1790341569704493600,28.74249365234375,0.21991148591041565,-0.0910189226269722,0.00855211354792118
1790341569720941300,28.75894140625,0.2638937830924988,-0.13500121235847473,0.045204028487205505
1790341569737389600,28.7753896484375,0.24068090319633484,0.08918632566928864,-0.0012217304902151227
1790341569753895700,28.791895751953124,0.24190263450145721,0.0861319974064827,0.00855211354792118
1790341569770344700,28.8083447265625,0.2590068578720093,-0.06169738993048668,-0.00366519158706069
1790341569786820400,28.8248203125,0.25534167885780334,0.00733038317412138,0.039095375686883926
1790341569803266000,28.84126611328125,0.25106561183929443,-0.04581489413976669,0.02015855349600315
1790341569819709400,28.85770947265625,0.26633724570274353,0.07269296050071716,0.007941247895359993
1790341569836181800,28.874181640625,0.24129177629947662,-0.022602014243602753,0.00733038317412138
1790341569852608500,28.8906083984375,0.23335053026676178,-0.08246681094169617,-0.00427605677396059
1790341569869044200,28.907044189453124,0.2535090744495392,-0.001832595793530345,0.007941247895359993
1790341569885484800,28.92348486328125,0.25106561183929443,-0.04948008432984352,0.010995574295520782
1790341569901946400,28.9399462890625,0.23945917189121246,-0.018936822190880775,-0.0012217304902151227
1790341569918410800,28.95641064453125,0.2626720666885376,0.14844025671482086,-0.042760565876960754
1790341569934849300,28.972849365234374,0.2571742534637451,0.02932153269648552,0.003054326167330146
1790341569951254300,28.989254150390625,0.24373523890972137,0.01771509274840355,0.006108652334660292
1790341569967697000,29.00569677734375,0.25106561183929443,0.11911872029304504,0.0024434609804302454
1790341569984139000,29.022138916015624,0.24862214922904968,-0.08918632566928864,-0.0012217304902151227
1790341570000638000,29.038637939453125,0.27000242471694946,0.05803219974040985,0.02015855349600315
1790341570017081900,29.055081787109376,0.24434609711170197,0.051312681287527084,0.00366519158706069
1790341570033553000,29.071552978515626,0.23945917189121246,0.056810468435287476,-0.02626720629632473
1790341570049996500,29.08799658203125,0.24617868661880493,0.039706241339445114,0.00427605677396059
1790341570066486500,29.104486572265625,0.251676470041275,-0.01160643994808197,0.016493361443281174
1790341570082959600,29.120959716796875,0.24007004499435425,-0.04153883829712868,0.005497787147760391
1790341570099387000,29.137386962890623,0.23518311977386475,-0.04337143152952194,-0.06658431142568588
1790341570115819300,29.1538193359375,0.2669481039047241,-0.033597588539123535,-0.004886921960860491
1790341570132262700,29.1702626953125,0.23945917189121246,-0.01160643994808197,0.025656340643763542
1790341570148722700,29.18672265625,0.28099802136421204,-0.09040805697441101,0.02382374368607998
1790341570165192700,29.203192626953125,0.23640485107898712,0.07452555745840073,0.005497787147760391
1790341570181633800,29.2196337890625,0.23884831368923187,-0.006108652334660292,-0.04214970022439957
1790341570198006800,29.2360068359375,0.242513507604599,0.006719517521560192,-0.01038470957428217
1790341570214449200,29.25244921875,0.2119702398777008,0.08674286305904388,0.012217304669320583
1790341570230890200,29.26889013671875,0.26145032048225403,-0.12828169763088226,0.02626720629632473
1790341570247388200,29.28538818359375,0.2278527319431305,-0.12217304855585098,0.04459316283464432
1790341570263830500,29.30183056640625,0.2480112910270691,0.00855211354792118,-0.018936822190880775
1790341570280300300,29.31830029296875,0.2840523421764374,0.036041051149368286,0.036041051149368286
1790341570296741000,29.3347412109375,0.22540926933288574,0.027488935738801956,0.03787364438176155
1790341570313180000,29.351179931640626,0.26450464129447937,-0.004886921960860491,0.02076941914856434
1790341570329644300,29.367644287109375,0.251676470041275,0.04214970022439957,0.05925392732024193
1790341570346090500,29.384090576171875,0.23518311977386475,-0.03237585723400116,0.006719517521560192
1790341570362557000,29.400556884765624,0.26511552929878235,-0.06963863968849182,0.01038470957428217
1790341570378999000,29.4169990234375,0.2480112910270691,-0.06108652427792549,0.022602014243602753
1790341570395456300,29.433456298828126,0.2583959996700287,0.005497787147760391,0.03298672288656235
1790341570411924200,29.44992431640625,0.25961771607398987,0.012828170321881771,0.05619960278272629
1790341570428366300,29.466366455078123,0.21930062770843506,0.06536258012056351,0.07024950534105301
1790341570444761000,29.482760986328124,0.24007004499435425,0.01038470957428217,0.004886921960860491
1790341570461205200,29.499205322265624,0.24678955972194672,0.08002334833145142,-0.009773843921720982
1790341570477650000,29.51564990234375,0.2021963894367218,-0.14355333149433136,-0.009773843921720982
1790341570494151000,29.53215087890625,0.2669481039047241,-0.16493362188339233,0.0555887371301651
1790341570510599000,29.548598876953125,0.22968533635139465,0.07757988572120667,0.04398229718208313
1790341570527074800,29.56507470703125,0.22846360504627228,0.03298672288656235,0.01710422709584236
1790341570543463000,29.581462890625,0.23518311977386475,-0.05497787147760391,-0.009162978269159794
1790341570559912400,29.597912353515625,0.2119702398777008,0.0012217304902151227,-0.00733038317412138
1790341570576389600,29.6143896484375,0.26022860407829285,-0.11850785464048386,0.048258353024721146
1790341570592837400,29.63083740234375,0.2382374405860901,-0.06230825558304787,0.019547687843441963
1790341570609308400,29.647308349609375,0.2528982162475586,0.015882495790719986,-0.05497787147760391
1790341570625750300,29.663750244140626,0.2480112910270691,0.12950342893600464,-0.04886921867728233
1790341570642211000,29.680211181640626,0.2064724564552307,-0.22357667982578278,-0.02015855349600315
1790341570658683100,29.69668310546875,0.2370157092809677,0.04459316283464432,0.10506882518529892
1790341570675125800,29.713125732421876,0.2070833146572113,-0.17348572611808777,0.039706241339445114
1790341570691609900,29.72960986328125,0.3023782968521118,-0.20341812074184418,-0.14966198801994324
1790341570708052700,29.746052734375,0.16798794269561768,0.025656340643763542,0.018325956538319588
1790341570724493300,29.762493408203124,0.2278527319431305,-0.1973094791173935,0.025656340643763542
1790341570740992500,29.778992431640624,0.2767219543457031,-0.007941247895359993,0.04459316283464432
1790341570757437200,29.795437255859376,0.2919935882091522,0.12034045159816742,0.0006108652451075613
1790341570773912300,29.811912353515623,0.14966198801994324,-0.19608774781227112,0.05009094998240471
1790341570790357500,29.828357421875,0.24678955972194672,-0.24129177629947662,-0.07147123664617538
1790341570806802700,29.844802734375,0.26511552929878235,0.31581732630729675,0.04948008432984352
1790341570823277600,29.861277587890626,0.19058994948863983,-0.0354301854968071,0.036041051149368286
1790341570839725800,29.877725830078123,0.23335053026676178,-0.16920967400074005,0.022602014243602753
1790341570856199000,29.894198974609374,0.30482175946235657,0.10567969083786011,0.0012217304902151227
1790341570872642800,29.910642822265626,0.22968533635139465,0.10384709388017654,0.039706241339445114
1790341570889009700,29.927009765625,0.2474004179239273,-0.10567969083786011,0.03298672288656235
1790341570905483000,29.94348291015625,0.25595253705978394,0.028099801391363144,0.01038470957428217
1790341570921926000,29.95992578125,0.25106561183929443,0.1215621829032898,0.03726277872920036
1790341570938326300,29.976326171875,0.23273965716362,-0.039095375686883926,0.03237585723400116
1790341570954770700,29.992770751953124,0.22540926933288574,0.04886921867728233,-0.01038470957428217
1790341570971212800,30.009212890625,0.24373523890972137,-0.07757988572120667,0.0024434609804302454
1790341570987715800,30.0257158203125,0.1918116807937622,0.16310101747512817,0.02076941914856434
1790341571004162000,30.042162109375,0.21807889640331268,-0.15027284622192383,0.03848451003432274
1790341571020637400,30.058637451171876,0.23090706765651703,0.01160643994808197,0.1514945775270462
1790341571037084700,30.075084716796876,0.21563543379306793,0.09957103431224823,-0.019547687843441963
1790341571053511700,30.09151171875,0.2321287989616394,0.09529497474431992,-0.09407325088977814
1790341571069832000,30.10783203125,0.20952677726745605,0.19364428520202637,-0.1264491081237793
1790341571086281700,30.12428173828125,0.2474004179239273,0.07269296050071716,-0.009162978269159794
1790341571102735000,30.140735107421875,0.2015855312347412,0.08185594528913498,0.09285151958465576
1790341571119184000,30.157183837890624,0.2571742534637451,-0.34208452701568604,0.12461651116609573
1790341571135648300,30.173648193359377,0.21807889640331268,0.18631389737129211,0.006719517521560192
1790341571152120800,30.190120849609375,0.2871066629886627,-0.11056660860776901,-0.09957103431224823
1790341571168565000,30.20656494140625,0.2064724564552307,0.05925392732024193,-0.1459967941045761
1790341571185054200,30.22305419921875,0.27550023794174194,0.29993483424186707,-0.00427605677396059
1790341571201460000,30.2394599609375,0.2028072625398636,0.26939156651496887,0.04764748737215996
1790341571217867500,30.255867431640624,0.2565633952617645,-0.11667526513338089,0.08674286305904388
1790341571234369000,30.272369140625,0.2217440903186798,-0.030543262138962746,-0.01771509274840355
1790341571250811600,30.288811767578125,0.2480112910270691,0.018936822190880775,-0.07208210229873657
1790341571267285800,30.30528564453125,0.2431243658065796,0.16432274878025055,-0.10567969083786011
1790341571283732500,30.321732421875,0.1869247704744339,0.08735372871160507,-0.036041051149368286
1790341571300177200,30.33817724609375,0.24862214922904968,-0.06719517707824707,0.09407325088977814
1790341571316651000,30.354651123046875,0.2125810980796814,0.0708603709936142,0.045204028487205505
1790341571333100800,30.371100830078124,0.23090706765651703,0.05253441259264946,0.015271631069481373
1790341571349574100,30.38757421875,0.20341812074184418,0.028099801391363144,-0.027488935738801956
1790341571366020600,30.4040205078125,0.19425514340400696,0.010995574295520782,-0.01771509274840355
1790341571382489000,30.420489013671876,0.23396138846874237,-0.14477506279945374,-0.00427605677396059
1790341571398968300,30.43696826171875,0.21930062770843506,-0.04459316283464432,0.03298672288656235
1790341571415411700,30.45341162109375,0.19975294172763824,0,0.036041051149368286
1790341571431789300,30.469789306640624,0.22296582162380219,-0.09468411654233932,0.028099801391363144
1790341571448231200,30.486231201171876,0.2278527319431305,0.03298672288656235,-0.007941247895359993
1790341571464676000,30.502676025390624,0.24129177629947662,-0.1160643994808197,-0.04153883829712868
1790341571481175800,30.51917578125,0.2278527319431305,0.005497787147760391,0.031154127791523933
1790341571497617000,30.535616943359376,0.192422553896904,-0.056810468435287476,0.003054326167330146
1790341571514090200,30.55209033203125,0.26450464129447937,-0.05925392732024193,0.09468411654233932
1790341571530533000,30.568533203125,0.20463985204696655,0.08246681094169617,0.042760565876960754
1790341571546990600,30.584990478515625,0.24678955972194672,-0.045204028487205505,-0.009162978269159794
1790341571563461000,30.601461181640627,0.22357667982578278,-0.00733038317412138,-0.01466076634824276
1790341571579905300,30.6179052734375,0.21135938167572021,-0.03787364438176155,-0.04337143152952194
1790341571596372000,30.6343720703125,0.27122417092323303,0.003054326167330146,0.045204028487205505
1790341571612813300,30.650813232421875,0.23151792585849762,0.09896016865968704,-0.01771509274840355
1790341571629274000,30.667274169921875,0.22907446324825287,-0.1569923609495163,-0.05864306539297104
1790341571645742800,30.683742919921876,0.2125810980796814,-0.12828169763088226,-0.01160643994808197
1790341571662184400,30.700184326171875,0.19486601650714874,-0.059864792972803116,-0.02015855349600315
1790341571678672600,30.716672607421874,0.23029619455337524,-0.07208210229873657,-0.039706241339445114
1790341571695110100,30.733110107421876,0.23151792585849762,-0.013439035043120384,-0.05619960278272629
1790341571711547400,30.74954736328125,0.19792033731937408,0.1722639948129654,-0.02015855349600315
1790341571728044000,30.7660439453125,0.2223549485206604,0.045204028487205505,0
1790341571744482800,30.78248291015625,0.20525072515010834,-0.03848451003432274,0.00366519158706069
1790341571760930800,30.798930908203126,0.2217440903186798,-0.031154127791523933,-0.07024950534105301
1790341571777370000,30.8153701171875,0.2278527319431305,-0.054367005825042725,-0.004886921960860491
1790341571793813800,30.831813720703124,0.22113321721553802,-0.05864306539297104,-0.004886921960860491
1790341571810285000,30.84828515625,0.21380282938480377,-0.021991148591041565,-0.004886921960860491
1790341571826735000,30.864735107421875,0.22663100063800812,-0.06902777403593063,0.039706241339445114
1790341571843209200,30.881209228515626,0.2321287989616394,-0.11362093687057495,0.01160643994808197
1790341571859654700,30.897654541015626,0.20525072515010834,-0.045204028487205505,-0.006719517521560192
1790341571876131300,30.91413134765625,0.24434609711170197,0.12950342893600464,0.04948008432984352
1790341571892521000,30.93052099609375,0.21502456068992615,0.20097467303276062,0.05375614017248154
1790341571908966700,30.946966552734374,0.24007004499435425,0.07513642311096191,0.01771509274840355
1790341571925376300,30.963376220703125,0.2070833146572113,0.056810468435287476,-0.033597588539123535
1790341571941819000,30.97981884765625,0.24862214922904968,0.009773843921720982,0.02932153269648552
1790341571958263000,30.996262939453125,0.18875735998153687,-0.11239920556545258,0.005497787147760391
1790341571974760400,31.012760498046877,0.21868975460529327,-0.07452555745840073,0.06780604273080826
1790341571991204400,31.029204345703125,0.18631389737129211,0.0006108652451075613,0.02382374368607998
1790341572007669200,31.045669189453125,0.22602014243602753,-0.08491026610136032,0.025045474991202354
1790341572024111600,31.062111572265625,0.20525072515010834,0.0708603709936142,0.06230825558304787
1790341572040557600,31.0785576171875,0.21991148591041565,-0.06719517707824707,0.018325956538319588
1790341572056999200,31.094999267578125,0.24678955972194672,0.07819075137376785,0.05375614017248154
1790341572073411600,31.11141162109375,0.20402899384498596,0.13316862285137177,0.02626720629632473
1790341572089880300,31.12788037109375,0.2669481039047241,0.09040805697441101,0.08674286305904388
1790341572106324700,31.14432470703125,0.23518311977386475,0.004886921960860491,0.01160643994808197
1790341572123689500,31.161689453125,0.21868975460529327,0.08674286305904388,0.010995574295520782
1790341572140156000,31.178156005859375,0.25045475363731384,0.03420845419168472,0.059864792972803116
1790341572156597200,31.19459716796875,0.2168571650981903,0.08491026610136032,0.0959058403968811
1790341572173001700,31.211001708984377,0.2064724564552307,-0.036041051149368286,0.04398229718208313
1790341572189444400,31.2274443359375,0.24373523890972137,-0.039095375686883926,0.030543262138962746
1790341572205887500,31.243887451171876,0.19058994948863983,0.025656340643763542,0.0012217304902151227
1790341572222383600,31.260383544921876,0.24556782841682434,-0.029932396486401558,0.04886921867728233
1790341572238822000,31.27682177734375,0.2070833146572113,0.03420845419168472,0.05253441259264946
1790341572255286800,31.293286865234375,0.20525072515010834,0.060475658625364304,-0.00427605677396059
1790341572271723800,31.309723876953125,0.21930062770843506,-0.1111774742603302,0.06169738993048668
1790341572288163300,31.326163330078124,0.2376265823841095,0.00733038317412138,0.07757988572120667
1790341572304633000,31.342633056640626,0.2119702398777008,0.13377949595451355,-0.01710422709584236
1790341572321078500,31.35907861328125,0.2321287989616394,0.0708603709936142,-0.01710422709584236
1790341572337547300,31.37554736328125,0.19303341209888458,0.018325956538319588,-0.019547687843441963
1790341572353989000,31.391989013671875,0.21807889640331268,-0.0507018156349659,-0.0403171069920063
1790341572370446600,31.408446533203126,0.22357667982578278,-0.04764748737215996,-0.030543262138962746
1790341572386914000,31.4249140625,0.23029619455337524,0.0757472887635231,-0.036651913076639175
1790341572403355100,31.441355224609374,0.24434609711170197,0.09712757170200348,-0.01466076634824276
1790341572419742700,31.45774267578125,0.20036379992961884,0.0708603709936142,0.003054326167330146
1790341572436182000,31.47418212890625,0.21013765037059784,0.09773843735456467,-0.02687807008624077
1790341572452621800,31.490621826171875,0.20891591906547546,-0.11362093687057495,-0.02932153269648552
1790341572469120000,31.5071201171875,0.21502456068992615,-0.18020524084568024,-0.06169738993048668
1790341572485561300,31.523561279296874,0.21991148591041565,-0.03787364438176155,-0.015882495790719986
1790341572502035500,31.540035400390625,0.23396138846874237,-0.036651913076639175,0.0006108652451075613
1790341572518475800,31.556475830078124,0.2370157092809677,-0.06719517707824707,0.033597588539123535
1790341572534919000,31.5729189453125,0.22418753802776337,0.12400564551353455,-0.02382374368607998
1790341572551389200,31.58938916015625,0.2370157092809677,0.1007927656173706,0.005497787147760391
1790341572567838200,31.605838134765627,0.2321287989616394,0,0.025656340643763542
1790341572584310000,31.62231005859375,0.22479841113090515,-0.03787364438176155,0.01160643994808197
1790341572600752600,31.638752685546876,0.2382374405860901,-0.039095375686883926,0.01771509274840355
1790341572617210000,31.655210205078124,0.22968533635139465,-0.08246681094169617,0.001832595793530345
1790341572633673500,31.671673583984376,0.24373523890972137,0.019547687843441963,0.012828170321881771
1790341572650112000,31.688112060546874,0.22296582162380219,0.025656340643763542,0.02382374368607998
1790341572666601700,31.704601806640625,0.23396138846874237,-0.08002334833145142,0.03420845419168472
1790341572683042600,31.72104248046875,0.24495697021484375,0.048258353024721146,0.007941247895359993
1790341572699483600,31.737483642578123,0.2376265823841095,-0.03787364438176155,-0.012217304669320583
1790341572715981000,31.75398095703125,0.2382374405860901,-0.01160643994808197,-0.016493361443281174
1790341572732416800,31.770416748046873,0.2577851414680481,-0.03726277872920036,0.02382374368607998
1790341572748882700,31.786882568359374,0.24923302233219147,0.07024950534105301,-0.0006108652451075613
1790341572765320200,31.8033203125,0.2565633952617645,-0.007941247895359993,0.02015855349600315
1790341572781758000,31.819758056640627,0.24923302233219147,0.04948008432984352,-0.019547687843441963
1790341572798227000,31.83622705078125,0.24617868661880493,0.05619960278272629,-0.02626720629632473
1790341572814669600,31.852669677734376,0.26022860407829285,-0.03298672288656235,0.003054326167330146
1790341572831138000,31.869137939453125,0.27000242471694946,0.03176499158143997,-0.01466076634824276
1790341572847578400,31.885578369140624,0.25534167885780334,0.04642575979232788,-0.01466076634824276
1790341572864034300,31.902034423828123,0.27977627515792847,0.04764748737215996,0.01160643994808197
1790341572880503300,31.91850341796875,0.2632829248905182,0.05253441259264946,-0.04092797264456749
1790341572896943000,31.934943115234375,0.2675589919090271,0.07819075137376785,-0.009162978269159794
1790341572913337000,31.951337158203124,0.2669481039047241,0.01466076634824276,-0.001832595793530345
1790341572929775600,31.967775634765626,0.2431243658065796,-0.08307767659425735,-0.05619960278272629
1790341572946217500,31.984217529296874,0.2773328125476837,-0.0507018156349659,-0.039706241339445114
1790341572962712600,32.000712646484374,0.23273965716362,0.03420845419168472,-0.02076941914856434
1790341572979148300,32.017148193359375,0.26022860407829285,-0.07696902006864548,-0.0354301854968071
1790341572995617500,32.03361743164062,0.24617868661880493,-0.04948008432984352,0.0012217304902151227
1790341573012061700,32.05006176757813,0.23335053026676178,-0.09285151958465576,-0.0354301854968071
1790341573028504300,32.06650439453125,0.25961771607398987,-0.03481931984424591,-0.039706241339445114
1790341573044968700,32.08296875,0.24129177629947662,-0.027488935738801956,0.01466076634824276
1790341573061309400,32.09930932617188,0.242513507604599,-0.06108652427792549,0.00366519158706069
1790341573077670700,32.11567065429688,0.2669481039047241,0.0507018156349659,-0.0012217304902151227
1790341573094106600,32.132106689453124,0.26083946228027344,-0.02871066704392433,0
1790341573110562300,32.148562255859375,0.23090706765651703,0.06475171446800232,-0.02871066704392433
1790341573127023900,32.16502392578125,0.27000242471694946,0.07024950534105301,0.02382374368607998
1790341573143466000,32.181466064453126,0.23396138846874237,-0.0403171069920063,0.06963863968849182
1790341573159950600,32.19795068359375,0.2321287989616394,-0.08674286305904388,0.027488935738801956
1790341573176393200,32.214393310546875,0.2620611786842346,-0.03176499158143997,-0.010995574295520782
1790341573192836600,32.23083666992188,0.23396138846874237,-0.12889257073402405,0
1790341573209335000,32.2473349609375,0.24923302233219147,-0.030543262138962746,0.024434609338641167
1790341573225774600,32.263774658203126,0.26633724570274353,-0.039706241339445114,0.0659734457731247
1790341573242181400,32.28018139648437,0.22663100063800812,0.006719517521560192,0.02932153269648552
1790341573258620400,32.296620361328124,0.2376265823841095,0.007941247895359993,-0.02932153269648552
1790341573275059200,32.31305908203125,0.23945917189121246,0.015882495790719986,0.00855211354792118
1790341573291531000,32.32953100585937,0.23457226157188416,-0.006108652334660292,0.021380282938480377
1790341573307976200,32.34597607421875,0.21930062770843506,0.00366519158706069,0.04214970022439957
1790341573324452400,32.36245239257813,0.24495697021484375,-0.11484266817569733,-0.015882495790719986
1790341573340891400,32.37889135742188,0.23640485107898712,0.042760565876960754,-0.00733038317412138
1790341573357256700,32.39525659179687,0.22602014243602753,-0.09407325088977814,-0.015882495790719986
1790341573373722600,32.41172265625,0.251676470041275,0.007941247895359993,0.005497787147760391
1790341573390160600,32.42816064453125,0.23518311977386475,-0.010995574295520782,0.0012217304902151227
1790341573406567400,32.4445673828125,0.242513507604599,0.06291911751031876,0.02932153269648552
1790341573423004400,32.46100439453125,0.23396138846874237,-0.1014036312699318,-0.02076941914856434
1790341573439441700,32.477441650390624,0.2370157092809677,0.08674286305904388,0.001832595793530345
1790341573455944200,32.49394409179688,0.23090706765651703,-0.039095375686883926,0.00366519158706069
1790341573472381700,32.51038159179687,0.26511552929878235,0.045204028487205505,0.03848451003432274
1790341573488849000,32.526848876953125,0.21502456068992615,0.12095131725072861,0.02076941914856434
1790341573505287400,32.54328735351562,0.23884831368923187,-0.05742133408784866,-0.02076941914856434
1790341573521730000,32.55972998046875,0.23090706765651703,0.03298672288656235,0.012828170321881771
1790341573538199600,32.57619946289063,0.19914206862449646,-0.054367005825042725,0.001832595793530345
1790341573554644000,32.59264404296875,0.24007004499435425,-0.0861319974064827,0.039095375686883926
1790341573571031300,32.60903125,0.22846360504627228,-0.03420845419168472,0.01771509274840355
1790341573587469600,32.62546948242188,0.21013765037059784,-0.1765400618314743,0.0006108652451075613
1790341573603929000,32.64192919921875,0.23029619455337524,0.06536258012056351,-0.03726277872920036
1790341573620389600,32.6583896484375,0.21624629199504852,0.059864792972803116,-0.009773843921720982
1790341573636828700,32.67482861328125,0.20341812074184418,-0.09712757170200348,-0.006108652334660292
1790341573653321200,32.6913212890625,0.20097467303276062,-0.15271630883216858,0.00733038317412138
1790341573669759000,32.707759033203125,0.21563543379306793,-0.018325956538319588,-0.02626720629632473
1790341573686197000,32.72419702148437,0.2278527319431305,-0.07024950534105301,-0.0024434609804302454
1790341573702694100,32.740694091796875,0.2119702398777008,-0.00366519158706069,-0.006108652334660292
1790341573719173400,32.75717333984375,0.22663100063800812,0.08429940044879913,-0.00733038317412138
1790341573735644200,32.77364404296875,0.24068090319633484,-0.019547687843441963,0.009773843921720982
1790341573752084200,32.790084228515624,0.21135938167572021,-0.02076941914856434,0.006719517521560192
1790341573768522500,32.8065224609375,0.2528982162475586,0.09773843735456467,0.019547687843441963
1790341573784992000,32.822991943359376,0.22357667982578278,-0.019547687843441963,0.00855211354792118
1790341573801439000,32.83943896484375,0.22113321721553802,0.08246681094169617,-0.009162978269159794
1790341573817915100,32.8559150390625,0.2583959996700287,0.016493361443281174,0.02932153269648552
1790341573834360600,32.87236059570313,0.22357667982578278,-0.01710422709584236,0.022602014243602753
1790341573850824700,32.88882470703125,0.23518311977386475,-0.03481931984424591,0.039095375686883926
1790341573867295000,32.905294921875,0.24495697021484375,0.027488935738801956,0.0555887371301651
1790341573883736600,32.92173657226562,0.23518311977386475,0.027488935738801956,0.054367005825042725
1790341573900140500,32.938140625,0.23335053026676178,0.15271630883216858,0.045204028487205505
1790341573916535300,32.954535400390625,0.21319197118282318,-0.11301007121801376,0.02871066704392433
1790341573932979500,32.9709794921875,0.2382374405860901,0.025656340643763542,0.042760565876960754
1790341573949472000,32.987471923828124,0.20891591906547546,0.025656340643763542,0.033597588539123535
1790341573965913900,33.00391381835937,0.22479841113090515,-0.08979719132184982,0.016493361443281174
1790341573982380300,33.02038037109375,0.22418753802776337,-0.09712757170200348,0.01038470957428217
1790341573998823700,33.03682373046875,0.22479841113090515,-0.09040805697441101,0.012828170321881771
1790341574015267300,33.05326733398437,0.23457226157188416,0.04153883829712868,0.021991148591041565
1790341574031738400,33.06973828125,0.21868975460529327,0.018936822190880775,0.007941247895359993
1790341574048185600,33.086185546875,0.22052235901355743,-0.0708603709936142,0.016493361443281174
1790341574064586200,33.102586181640625,0.2272418737411499,-0.05803219974040985,-0.02687807008624077
1790341574081031700,33.11903173828125,0.23457226157188416,0.06536258012056351,-0.015882495790719986
1790341574097492200,33.1354921875,0.21807889640331268,-0.05009094998240471,-0.02687807008624077
1790341574113904600,33.151904541015625,0.23151792585849762,-0.04459316283464432,-0.012828170321881771
1790341574130349800,33.16834985351562,0.20036379992961884,0.004886921960860491,-0.04703662544488907
1790341574146848500,33.1848486328125,0.22602014243602753,0.0024434609804302454,0.00733038317412138
1790341574163291100,33.201291015625,0.2070833146572113,0.02932153269648552,-0.02626720629632473
1790341574179733800,33.217733642578125,0.21013765037059784,-0.0403171069920063,-0.0354301854968071
1790341574196228000,33.23422802734375,0.20097467303276062,-0.00427605677396059,-0.018936822190880775
1790341574212671500,33.25067138671875,0.2028072625398636,-0.06352998316287994,-0.03237585723400116
1790341574229143000,33.26714306640625,0.21624629199504852,-0.05803219974040985,-0.004886921960860491
1790341574245510000,33.28351000976563,0.19853121042251587,-0.04581489413976669,0.006719517521560192
1790341574261951000,33.29995092773437,0.21502456068992615,0.001832595793530345,0.004886921960860491
1790341574278420700,33.31642065429688,0.2028072625398636,-0.02321287989616394,0.009162978269159794
1790341574294868200,33.3328681640625,0.20097467303276062,0.0006108652451075613,0.006719517521560192
1790341574311336400,33.34933642578125,0.19975294172763824,-0.03298672288656235,0.0024434609804302454
1790341574327774700,33.36577465820312,0.20891591906547546,-0.013439035043120384,0.022602014243602753
1790341574344230000,33.38222998046875,0.19853121042251587,0.00366519158706069,0.021380282938480377
1790341574360696300,33.3986962890625,0.19608774781227112,0.012217304669320583,0.02687807008624077
1790341574377136600,33.41513671875,0.20952677726745605,0.012217304669320583,0.021991148591041565
1790341574393543200,33.431543212890624,0.19853121042251587,0.08796459436416626,0.021380282938480377
1790341574409983500,33.4479833984375,0.19486601650714874,0.02932153269648552,0.02687807008624077
1790341574426424600,33.464424560546874,0.19364428520202637,-0.021380282938480377,0.05192354694008827
1790341574442923800,33.480923828125,0.17592918872833252,-0.09834930300712585,-0.00855211354792118
1790341574459363800,33.49736376953125,0.1869247704744339,-0.025656340643763542,0.01710422709584236
1790341574475835400,33.51383544921875,0.17409659922122955,-0.07330382615327835,0.015882495790719986
1790341574492275200,33.53027514648438,0.18997909128665924,-0.07941248267889023,0.01160643994808197
1790341574508715300,33.54671533203125,0.1765400618314743,0.03176499158143997,0.013439035043120384
1790341574525182700,33.5631826171875,0.19608774781227112,0.02626720629632473,0.014049900695681572
1790341574541626600,33.57962670898438,0.18509216606616974,0.07757988572120667,0.004886921960860491
1790341574558098400,33.59609838867188,0.1820378452539444,0.016493361443281174,-0.007941247895359993
1790341574574539500,33.61253955078125,0.182648703455925,0.00733038317412138,-0.01038470957428217
1790341574591001900,33.629001953125,0.17531833052635193,-0.02321287989616394,-0.014049900695681572
1790341574607472000,33.64547216796875,0.18020524084568024,-0.01466076634824276,0.006108652334660292
1790341574623912200,33.661912109375,0.17409659922122955,-0.00855211354792118,-0.021380282938480377
1790341574640418300,33.67841821289063,0.17104226350784302,0.009773843921720982,-0.0354301854968071
1790341574656863000,33.69486303710938,0.17959438264369965,-0.028099801391363144,-0.00855211354792118
1790341574673306000,33.71130615234375,0.16493362188339233,-0.004886921960860491,-0.004886921960860491
1790341574689808100,33.72780810546875,0.16249015927314758,-0.001832595793530345,-0.009773843921720982
1790341574706249700,33.74424975585937,0.17287486791610718,-0.024434609338641167,-0.024434609338641167
1790341574722721800,33.7607216796875,0.1514945775270462,-0.012217304669320583,-0.024434609338641167
1790341574739163400,33.777163330078125,0.15332718193531036,-0.07024950534105301,-0.001832595793530345
1790341574755606000,33.79360595703125,0.16065755486488342,-0.04153883829712868,0.01160643994808197
1790341574772078800,33.81007885742188,0.1459967941045761,0.027488935738801956,-0.016493361443281174
1790341574788543500,33.82654345703125,0.15821409225463867,0.001832595793530345,-0.02382374368607998
1790341574805017600,33.843017578125,0.15332718193531036,0.00733038317412138,-0.003054326167330146
1790341574821459700,33.85945971679688,0.14294247329235077,-0.018325956538319588,-0.0006108652451075613
1790341574837922000,33.875922119140625,0.1569923609495163,0.033597588539123535,0.012217304669320583
1790341574854360000,33.89236010742187,0.1508837193250656,-0.025045474991202354,0.0024434609804302454
1790341574870798000,33.908798095703126,0.1514945775270462,-0.010995574295520782,0.00733038317412138
1790341574887208200,33.92520825195312,0.14477506279945374,-0.0012217304902151227,-0.003054326167330146
1790341574903650300,33.941650390625,0.15027284622192383,-0.015271631069481373,0.019547687843441963
1790341574920094700,33.9580947265625,0.1508837193250656,-0.06841690838336945,0.019547687843441963
1790341574936596200,33.97459619140625,0.13805554807186127,0.003054326167330146,0.004886921960860491
1790341574953039600,33.99103955078125,0.14905111491680145,0.0012217304902151227,0.012217304669320583
1790341574969508900,34.0075087890625,0.14049901068210602,-0.03726277872920036,0.009162978269159794
1790341574985951200,34.023951171875,0.1319468915462494,-0.012217304669320583,0.004886921960860491
1790341575002398200,34.04039819335937,0.14049901068210602,0.012828170321881771,-0.001832595793530345
1790341575018872300,34.05687231445312,0.12461651116609573,0.03298672288656235,-0.013439035043120384
1790341575035319600,34.07331958007813,0.1319468915462494,0.006108652334660292,0.00366519158706069
1790341575051788800,34.089788818359374,0.12339477986097336,0.009162978269159794,-0.009162978269159794
1790341575068159500,34.106159423828124,0.12950342893600464,0.012217304669320583,-0.021380282938480377
1790341575084632600,34.12263256835938,0.12522737681865692,-0.001832595793530345,-0.016493361443281174
1790341575101103000,34.13910302734375,0.11056660860776901,-0.019547687843441963,-0.00427605677396059
1790341575117546500,34.15554638671875,0.1160643994808197,-0.03298672288656235,-0.010995574295520782
1790341575134044700,34.17204467773438,0.10995574295520782,-0.01710422709584236,0.00366519158706069
1790341575150488600,34.188488525390625,0.11423180252313614,0.04214970022439957,-0.02015855349600315
1790341575166934000,34.20493408203125,0.10567969083786011,-0.018325956538319588,-0.00427605677396059
1790341575183433000,34.221432861328125,0.10567969083786011,-0.02932153269648552,0.00733038317412138
1790341575199873800,34.237873779296876,0.10506882518529892,0.012217304669320583,0.033597588539123535
1790341575216343800,34.25434375,0.09957103431224823,-0.0024434609804302454,0.00855211354792118
1790341575232782600,34.270782470703125,0.09224065393209457,-0.01038470957428217,-0.0012217304902151227
1790341575249248000,34.287248046875,0.10323622822761536,-0.06291911751031876,0.021991148591041565
1790341575265739300,34.3037392578125,0.0959058403968811,-0.08857546001672745,0.028099801391363144
1790341575282188300,34.32018823242188,0.10201449692249298,-0.04153883829712868,0.02321287989616394
1790341575298662700,34.33666259765625,0.10323622822761536,-0.04092797264456749,0.01466076634824276
1790341575315124500,34.35312451171875,0.09957103431224823,-0.015271631069481373,0.015882495790719986
1790341575331598000,34.36959814453125,0.10201449692249298,-0.012217304669320583,0.012828170321881771
1790341575348040700,34.386040771484375,0.09407325088977814,0.019547687843441963,0.025045474991202354
1790341575364484400,34.402484375,0.09346238523721695,-0.025045474991202354,0.019547687843441963
1790341575380962000,34.41896215820312,0.08124507963657379,-0.04398229718208313,0.009773843921720982
1790341575397438000,34.43543798828125,0.09712757170200348,-0.07208210229873657,0.0006108652451075613
1790341575413882000,34.45188208007813,0.0910189226269722,-0.03726277872920036,0.02076941914856434
1790341575430418200,34.468418212890626,0.0959058403968811,-0.08368854224681854,0.016493361443281174
1790341575446864600,34.48486474609375,0.08857546001672745,-0.033597588539123535,0.009162978269159794
1790341575463334100,34.501334228515624,0.09224065393209457,-0.0024434609804302454,-0.01160643994808197
1790341575479813400,34.5178134765625,0.08735372871160507,-0.01038470957428217,-0.013439035043120384
1790341575496329500,34.53432958984375,0.07269296050071716,0.0006108652451075613,-0.01710422709584236
1790341575512783000,34.550783203125,0.0910189226269722,0.028099801391363144,-0.012828170321881771
1790341575529279200,34.567279296875,0.08246681094169617,0.02015855349600315,0.018325956538319588
1790341575545781200,34.58378125,0.07147123664617538,-0.04764748737215996,-0.013439035043120384
1790341575562256600,34.60025659179688,0.06841690838336945,-0.0024434609804302454,-0.02626720629632473
1790341575578757600,34.616757568359375,0.05925392732024193,-0.0006108652451075613,-0.013439035043120384
1790341575595278000,34.63327807617188,0.07635815441608429,-0.039706241339445114,0.007941247895359993
1790341575611761200,34.64976123046875,0.054367005825042725,0.04337143152952194,0.00733038317412138
1790341575628283000,34.666282958984375,0.08185594528913498,0.006108652334660292,-0.0006108652451075613
1790341575644775200,34.682775146484374,0.05619960278272629,-0.022602014243602753,0.00733038317412138
1790341575661289200,34.69928930664062,0.07941248267889023,0.009773843921720982,-0.009162978269159794
1790341575677771000,34.71577099609375,0.0757472887635231,-0.006719517521560192,0.015882495790719986
1790341575694255000,34.73225512695313,0.06108652427792549,-0.01466076634824276,0.004886921960860491
1790341575710753000,34.7487529296875,0.07452555745840073,0.006719517521560192,0.003054326167330146
1790341575727244800,34.765244873046875,0.07819075137376785,-0.009162978269159794,0.005497787147760391
1790341575743657700,34.78165771484375,0.06536258012056351,-0.02321287989616394,-0.005497787147760391
1790341575760109800,34.79810986328125,0.08124507963657379,-0.019547687843441963,-0.012828170321881771
1790341575776615000,34.814614990234375,0.06658431142568588,-0.06230825558304787,0.00733038317412138
1790341575793079600,34.83107958984375,0.07330382615327835,-0.05314527451992035,0.007941247895359993
1790341575809568800,34.84756884765625,0.05803219974040985,0.051312681287527084,0.001832595793530345
1790341575826079700,34.86407983398438,0.07269296050071716,-0.054367005825042725,0
1790341575842563300,34.88056323242188,0.0507018156349659,-0.007941247895359993,-0.010995574295520782
1790341575859047700,34.897047607421875,0.06719517707824707,0.04398229718208313,-0.0012217304902151227
1790341575875559700,34.9135595703125,0.05864306539297104,0.006108652334660292,-0.00733038317412138
1790341575892020000,34.93002001953125,0.08552113175392151,-0.09346238523721695,-0.001832595793530345
1790341575908496400,34.94649633789062,0.06291911751031876,0.060475658625364304,-0.02015855349600315
1790341575924984300,34.962984375,0.03481931984424591,0.06352998316287994,-0.0012217304902151227
1790341575941419800,34.97941967773438,0.036041051149368286,0.15882496535778046,-0.015271631069481373
1790341575957861600,34.995861572265625,0.06902777403593063,0.13011430203914642,-0.010995574295520782
1790341575974320600,35.012320556640624,0.06963863968849182,0.007941247895359993,-0.005497787147760391
1790341575990796300,35.02879638671875,0.05864306539297104,-0.030543262138962746,0.003054326167330146
1790341576007283200,35.045283203125,0.06963863968849182,-0.0507018156349659,0.012828170321881771
1790341576023775700,35.061775634765624,0.04214970022439957,-0.02076941914856434,0.018325956538319588
1790341576040242700,35.07824267578125,0.022602014243602753,0.0403171069920063,0.005497787147760391
1790341576056713000,35.094712890625,0.05009094998240471,-0.025656340643763542,0.018936822190880775
1790341576073176800,35.1111767578125,0.056810468435287476,0.004886921960860491,0
1790341576089630500,35.12763037109375,0.03298672288656235,0.005497787147760391,0.030543262138962746
1790341576106114800,35.14411474609375,0.06291911751031876,0.01038470957428217,0.009162978269159794
1790341576122639400,35.16063940429687,0.08429940044879913,-0.04886921867728233,0.007941247895359993
1790341576139179800,35.1771796875,0.04886921867728233,-0.09224065393209457,0.012217304669320583
1790341576155621000,35.19362109375,0.048258353024721146,0.12217304855585098,0.004886921960860491
1790341576172127700,35.21012768554687,0.054367005825042725,0.07269296050071716,0.012217304669320583
1790341576188604000,35.22660400390625,0.042760565876960754,0.01771509274840355,-0.001832595793530345
1790341576205105700,35.243105712890625,0.048258353024721146,0.05314527451992035,-0.006108652334660292
1790341576221603800,35.259603759765625,0.07452555745840073,0.010995574295520782,-0.019547687843441963
1790341576238088400,35.27608837890625,0.022602014243602753,0.006719517521560192,0.001832595793530345
1790341576254579200,35.2925791015625,0.06414084881544113,0.02932153269648552,-0.028099801391363144
1790341576271107600,35.30910766601563,0.036651913076639175,0.018325956538319588,0.02321287989616394
1790341576287611400,35.325611328125,0.0354301854968071,-0.015271631069481373,-0.015271631069481373
1790341576304111400,35.342111328125,0.0403171069920063,-0.004886921960860491,-0.030543262138962746
1790341576320627200,35.358627197265626,0.036041051149368286,-0.03787364438176155,-0.013439035043120384
1790341576337083600,35.37508374023437,0.04398229718208313,-0.012828170321881771,-0.005497787147760391
1790341576353573000,35.391572998046875,0.0555887371301651,-0.00427605677396059,0.007941247895359993
1790341576370064600,35.40806469726562,0.03481931984424591,-0.015271631069481373,0.013439035043120384
1790341576386557400,35.42455737304687,0.039706241339445114,-0.04886921867728233,0.00427605677396059
1790341576403072500,35.441072509765625,0.039706241339445114,0.02932153269648552,-0.00366519158706069
1790341576419556900,35.45755688476562,0.04153883829712868,0.03298672288656235,0.03420845419168472
1790341576436044300,35.474044189453124,0.031154127791523933,0.07757988572120667,-0.004886921960860491
1790341576452501000,35.4905009765625,0.0861319974064827,0.01038470957428217,0.0024434609804302454
1790341576468998000,35.506997802734375,0.033597588539123535,-0.05925392732024193,0
1790341576485515800,35.523515869140624,0.06841690838336945,-0.02076941914856434,0.018325956538319588
1790341576502002200,35.54000219726562,0.05375614017248154,-0.009162978269159794,0.031154127791523933
1790341576518493700,35.55649365234375,0.05009094998240471,0.0024434609804302454,-0.012828170321881771
1790341576534993000,35.57299291992187,0.04886921867728233,0.07269296050071716,-0.006108652334660292
1790341576551483600,35.589483642578124,0.03176499158143997,0.018936822190880775,-0.021991148591041565
1790341576567996200,35.60599609375,0.06719517707824707,0.014049900695681572,-0.021991148591041565
1790341576584494600,35.62249462890625,0.025656340643763542,0.030543262138962746,-0.024434609338641167
1790341576600944400,35.6389443359375,0.054367005825042725,-0.02015855349600315,-0.03298672288656235
1790341576617430300,35.65543017578125,0.05192354694008827,0.03726277872920036,-0.05192354694008827
1790341576633923300,35.67192333984375,0.04642575979232788,0.0012217304902151227,-0.03848451003432274
1790341576650440000,35.68843994140625,0.04764748737215996,-0.012217304669320583,-0.04642575979232788
1790341576666956300,35.70495629882812,0.05497787147760391,0.014049900695681572,-0.036651913076639175
1790341576683443200,35.72144311523437,0.04581489413976669,-0.039706241339445114,-0.048258353024721146
1790341576699944200,35.73794409179688,0.04581489413976669,-0.01160643994808197,-0.025045474991202354
1790341576716440000,35.754440185546876,0.033597588539123535,-0.012217304669320583,-0.042760565876960754
1790341576732956400,35.770956298828125,0.0555887371301651,-0.03848451003432274,-0.015271631069481373
1790341576749447000,35.787447021484375,0.027488935738801956,-0.05803219974040985,-0.0555887371301651
1790341576765960200,35.80396020507813,0.06291911751031876,-0.06719517707824707,-0.04337143152952194
1790341576782429000,35.82042895507813,0.03298672288656235,-0.036651913076639175,-0.10812314599752426
1790341576798873000,35.836873046875,0.02015855349600315,-0.07819075137376785,-0.04092797264456749
1790341576815380200,35.85338012695313,0.04886921867728233,0.003054326167330146,0.1014036312699318
1790341576831822300,35.869822265625,0.04459316283464432,-0.12522737681865692,-0.14294247329235077
1790341576848264700,35.8862646484375,0.0507018156349659,-0.07024950534105301,-0.08918632566928864
1790341576864721400,35.90272143554687,-0.006719517521560192,-0.005497787147760391,-0.1264491081237793
1790341576881184300,35.91918432617187,0.07391469180583954,-0.0024434609804302454,-0.031154127791523933
1790341576897640200,35.93564013671875,0.00366519158706069,0.13011430203914642,0.015882495790719986
1790341576914171600,35.952171630859375,0.06108652427792549,-0.20402899384498596,-0.048258353024721146
1790341576930612000,35.968612060546874,0.06352998316287994,-0.07269296050071716,-0.10506882518529892
1790341576947025200,35.985025146484375,0.005497787147760391,0.025656340643763542,0.0507018156349659
1790341576963501000,36.0015009765625,0.014049900695681572,-0.0024434609804302454,0.0757472887635231
1790341576980004000,36.018004150390624,0.05009094998240471,-0.014049900695681572,0.07696902006864548
1790341576996457700,36.034457763671874,0.02382374368607998,-0.08735372871160507,0.1160643994808197
1790341577012902400,36.05090234375,0.0006108652451075613,0.06536258012056351,0.0507018156349659
1790341577029399600,36.06739965820312,0.027488935738801956,0.09468411654233932,0.10873401165008545
1790341577045838800,36.0838388671875,0.00733038317412138,-0.016493361443281174,0.09957103431224823
1790341577062242000,36.10024194335937,0.04092797264456749,0.0012217304902151227,0.07147123664617538
1790341577078698200,36.1166982421875,0.016493361443281174,0,0.08185594528913498
1790341577095161600,36.13316162109375,0.014049900695681572,-0.0024434609804302454,0.1411098688840866
1790341577111635700,36.1496357421875,-0.018325956538319588,-0.01160643994808197,0.0861319974064827
1790341577128054300,36.16605419921875,0.012828170321881771,-0.004886921960860491,0.16004669666290283
1790341577144499500,36.18249951171875,0.04337143152952194,-0.030543262138962746,0.19058994948863983
1790341577160904200,36.198904296875,-0.04642575979232788,0.18570303916931152,-0.0024434609804302454
1790341577177311500,36.2153115234375,0.14538592100143433,-0.2064724564552307,0.1472185254096985
1790341577193784000,36.2317841796875,-0.11728613078594208,0.07147123664617538,0.06414084881544113
1790341577210225200,36.24822509765625,0.0708603709936142,-0.16310101747512817,0.04153883829712868
1790341577226669000,36.2646689453125,-0.048258353024721146,0.1313360333442688,0.0910189226269722
1790341577243142700,36.281142578125,0.09346238523721695,-0.022602014243602753,-0.07024950534105301
1790341577259590000,36.29758984375,-0.06291911751031876,-0.04764748737215996,-0.13805554807186127
1790341577276063500,36.3140634765625,0.08674286305904388,0.10262536257505417,0.11789698898792267
1790341577292544300,36.33054418945313,-0.031154127791523933,0.06291911751031876,-0.012828170321881771
1790341577309046500,36.347046630859374,0.08979719132184982,-0.04153883829712868,-0.04398229718208313
1790341577325491200,36.3634912109375,-0.04948008432984352,-0.0403171069920063,-0.04153883829712868
1790341577341954300,36.379954345703126,0.04886921867728233,0.03848451003432274,-0.11362093687057495
1790341577358410200,36.39641015625,0.027488935738801956,0.10995574295520782,-0.07147123664617538
1790341577374871000,36.41287109375,0.04153883829712868,-0.007941247895359993,-0.13377949595451355
1790341577391313700,36.42931372070313,0.005497787147760391,0.08307767659425735,-0.13805554807186127
1790341577407787800,36.44578784179687,0.03420845419168472,0.06902777403593063,-0.10201449692249298
1790341577424252000,36.462251953125,0.036041051149368286,0.018936822190880775,-0.05009094998240471
1790341577440710100,36.47871020507812,-0.00427605677396059,0.02382374368607998,-0.10690141469240189
1790341577457176600,36.49517651367187,0.04459316283464432,-0.02871066704392433,-0.0861319974064827
1790341577473645800,36.511645751953125,0.01710422709584236,0.09040805697441101,-0.12522737681865692
1790341577490120200,36.5281201171875,0.04581489413976669,0.07941248267889023,-0.07941248267889023
1790341577506593300,36.54459326171875,0.003054326167330146,0.03848451003432274,-0.04153883829712868
1790341577523094300,36.56109423828125,0.031154127791523933,0.016493361443281174,-0.04886921867728233
1790341577539556900,36.57755688476563,0.015882495790719986,0.07330382615327835,-0.036041051149368286
1790341577556073000,36.594072998046876,0.01160643994808197,0.03420845419168472,-0.04153883829712868
1790341577572528000,36.610528076171875,0.018325956538319588,0.05375614017248154,-0.01038470957428217
1790341577589017300,36.62701733398438,0.009773843921720982,0.0024434609804302454,0.015882495790719986
1790341577605545500,36.64354541015625,0.027488935738801956,-0.02626720629632473,0.036041051149368286
1790341577621984000,36.65998388671875,0.015271631069481373,0.031154127791523933,0.02015855349600315
1790341577638499800,36.676499755859375,0.01771509274840355,0.02687807008624077,0.006108652334660292
1790341577655017500,36.693017578125,0.03176499158143997,-0.036651913076639175,0.021380282938480377
1790341577671505200,36.709505126953125,0.01710422709584236,-0.031154127791523933,0.03787364438176155
1790341577688006000,36.726005859375,0.031154127791523933,0.021380282938480377,0.06780604273080826
1790341577704467000,36.74246704101562,0.0403171069920063,-0.02626720629632473,0.02871066704392433
1790341577720982300,36.758982177734374,0.012217304669320583,0.02687807008624077,0.04703662544488907
1790341577737435000,36.77543481445313,0.031154127791523933,-0.04886921867728233,0.05375614017248154
1790341577753940000,36.79193994140625,0.015882495790719986,-0.09468411654233932,0.05497787147760391
1790341577770431200,36.80843115234375,0.02687807008624077,-0.039706241339445114,0.022602014243602753
1790341577786908400,36.82490844726563,0.04398229718208313,0.05314527451992035,0.03176499158143997
1790341577803397400,36.8413974609375,-0.001832595793530345,-0.1215621829032898,0.02321287989616394
1790341577819861500,36.85786157226563,0.039095375686883926,-0.02321287989616394,0.025656340643763542
1790341577836352800,36.87435278320312,0.01710422709584236,-0.05742133408784866,0.028099801391363144
1790341577852882700,36.89088256835937,0.009162978269159794,-0.03176499158143997,0.012217304669320583
1790341577869379300,36.90737939453125,0.02871066704392433,-0.029932396486401558,0.009773843921720982
1790341577885894100,36.92389404296875,0.02321287989616394,0.04398229718208313,0.009162978269159794
1790341577902414000,36.9404140625,0.021380282938480377,0.010995574295520782,-0.00855211354792118
1790341577918905300,36.9569052734375,0.036651913076639175,-0.01710422709584236,-0.01466076634824276
1790341577935409400,36.97340942382812,0.027488935738801956,0.004886921960860491,-0.012828170321881771
1790341577951905000,36.98990502929688,0.03787364438176155,-0.02932153269648552,-0.009773843921720982
1790341577968398300,37.0063984375,0.03481931984424591,-0.012217304669320583,-0.021991148591041565
1790341577984883200,37.02288330078125,0.02687807008624077,-0.027488935738801956,-0.018936822190880775
1790341578001375500,37.03937548828125,0.02687807008624077,-0.015882495790719986,-0.012828170321881771
1790341578017876700,37.05587670898438,0.039095375686883926,-0.00855211354792118,-0.018936822190880775
1790341578034369000,37.072369140625,0.022602014243602753,0.056810468435287476,-0.030543262138962746
1790341578050847500,37.088847412109374,0.03298672288656235,-0.02015855349600315,0.029932396486401558
1790341578067197400,37.105197509765624,0.01160643994808197,0.01038470957428217,-0.03481931984424591
1790341578083634200,37.12163427734375,0.056810468435287476,-0.03237585723400116,0.02382374368607998
1790341578100124200,37.13812426757813,-0.01160643994808197,-0.01466076634824276,-0.012828170321881771
1790341578116629800,37.15462963867188,0.01038470957428217,0.0024434609804302454,-0.03726277872920036
1790341578132129500,37.170129638671874,0.025656340643763542,-0.01771509274840355,0
1790341578148611000,37.186611083984374,0.025045474991202354,-0.051312681287527084,-0.01160643994808197
1790341578165097000,37.20309692382813,0.024434609338641167,-0.012828170321881771,-0.01160643994808197
1790341578181595000,37.21959497070313,0.04337143152952194,-0.06475171446800232,-0.019547687843441963
1790341578198055700,37.2360556640625,0.036651913076639175,-0.05497787147760391,-0.009773843921720982
1790341578214567200,37.25256713867188,0.025656340643763542,0.01038470957428217,0.00427605677396059
1790341578231050500,37.26905053710937,0.03481931984424591,0.018936822190880775,0.003054326167330146
1790341578247538000,37.285537841796874,0.03176499158143997,-0.010995574295520782,-0.009773843921720982
1790341578264032500,37.302032470703125,0.036651913076639175,0,-0.006719517521560192
1790341578280523300,37.318523193359376,0.02687807008624077,-0.00366519158706069,0.01771509274840355
1790341578297035000,37.33503491210938,0.04092797264456749,0.04642575979232788,0.012217304669320583
1790341578313485800,37.35148583984375,0.03848451003432274,0.0403171069920063,-0.0012217304902151227
1790341578329971500,37.36797143554688,0.033597588539123535,0.04398229718208313,0.007941247895359993
1790341578346493700,37.38449365234375,0.04092797264456749,0.001832595793530345,0.030543262138962746
1790341578362955500,37.40095556640625,0.02932153269648552,-0.025045474991202354,0.005497787147760391
1790341578379471600,37.4174716796875,0.05192354694008827,-0.007941247895359993,0.00427605677396059
1790341578395993600,37.43399365234375,0.042760565876960754,0.05375614017248154,0.012217304669320583
1790341578412480500,37.45048046875,0.029932396486401558,0.01771509274840355,0.009773843921720982
1790341578428946000,37.46694580078125,0.04886921867728233,0.010995574295520782,0.010995574295520782
1790341578445442000,37.483442138671876,0.0354301854968071,-0.027488935738801956,0.015882495790719986
1790341578461957400,37.49995727539063,0.0354301854968071,-0.001832595793530345,0.014049900695681572
1790341578478445800,37.51644580078125,0.03848451003432274,0.018325956538319588,0.021991148591041565
1790341578494935600,37.532935546875,0.039706241339445114,-0.039095375686883926,0.004886921960860491
1790341578511434200,37.54943432617188,0.039095375686883926,-0.0012217304902151227,0.018936822190880775
1790341578527927000,37.56592700195313,0.03848451003432274,0.039706241339445114,0.0012217304902151227
1790341578544438300,37.58243823242187,0.033597588539123535,0.05314527451992035,0.019547687843441963
1790341578560925700,37.59892578125,0.015271631069481373,-0.012217304669320583,-0.01466076634824276
1790341578577412900,37.615412841796875,0.05192354694008827,-0.07635815441608429,0.013439035043120384
1790341578593940000,37.63193994140625,0.036651913076639175,-0.0403171069920063,-0.005497787147760391
1790341578610432300,37.64843237304687,0.031154127791523933,0.0403171069920063,-0.03237585723400116
1790341578626908400,37.664908447265624,0.04703662544488907,-0.010995574295520782,-0.00733038317412138
1790341578643427600,37.68142749023438,0.04642575979232788,-0.031154127791523933,-0.0024434609804302454
1790341578659915800,37.697915771484375,0.05375614017248154,-0.007941247895359993,0.005497787147760391
1790341578676417500,37.71441748046875,0.05253441259264946,-0.02626720629632473,-0.003054326167330146
1790341578692882200,37.730882080078125,0.05009094998240471,-0.045204028487205505,-0.025045474991202354
1790341578709398500,37.7473984375,0.0555887371301651,0.039706241339445114,-0.010995574295520782
1790341578725892000,37.76389208984375,0.06352998316287994,-0.00733038317412138,0.02382374368607998
1790341578742389000,37.780388916015625,0.056810468435287476,0.036041051149368286,0.024434609338641167
1790341578758897700,37.79689770507812,0.06475171446800232,0.01038470957428217,-0.010995574295520782
1790341578775436300,37.81343627929687,0.0555887371301651,-0.019547687843441963,-0.01038470957428217
1790341578791949800,37.82994970703125,0.0555887371301651,-0.016493361443281174,-0.010995574295520782
1790341578808434200,37.84643408203125,0.06475171446800232,-0.030543262138962746,0.013439035043120384
1790341578824920300,37.86292041015625,0.0507018156349659,-0.005497787147760391,0.0024434609804302454
1790341578841414000,37.879413818359374,0.06230825558304787,-0.04764748737215996,0.022602014243602753
1790341578857904600,37.895904541015625,0.05497787147760391,-0.08796459436416626,0.00366519158706069
1790341578874391300,37.912391357421875,0.0757472887635231,0.028099801391363144,0.009773843921720982
1790341578890909200,37.9289091796875,0.06475171446800232,0.029932396486401558,0.01160643994808197
1790341578907396400,37.94539624023437,0.0555887371301651,0.045204028487205505,0.00855211354792118
1790341578923896800,37.961896728515626,0.06841690838336945,-0.059864792972803116,0
1790341578940356400,37.9783564453125,0.08429940044879913,-0.00427605677396059,0.024434609338641167
1790341578956837400,37.99483740234375,0.0555887371301651,0,-0.005497787147760391
1790341578973381400,38.01138134765625,0.09651670604944229,-0.0403171069920063,0.024434609338641167
1790341578989836500,38.02783642578125,0.04948008432984352,0.03481931984424591,-0.009162978269159794
1790341579006292700,38.04429272460938,0.08552113175392151,-0.02932153269648552,-0.015271631069481373
1790341579022753500,38.06075341796875,0.09224065393209457,-0.022602014243602753,0.012828170321881771
1790341579039268000,38.07726806640625,0.07757988572120667,0.012217304669320583,0.012217304669320583
1790341579055723300,38.09372314453125,0.09285151958465576,0.01710422709584236,0.00855211354792118
1790341579072151300,38.1101513671875,0.08796459436416626,0.03176499158143997,0.009162978269159794
1790341579088646700,38.126646728515624,0.07819075137376785,0.04153883829712868,-0.012217304669320583
1790341579105107200,38.14310717773437,0.09285151958465576,0.021380282938480377,-0.014049900695681572
1790341579121623800,38.15962377929687,0.08185594528913498,0.019547687843441963,0.02932153269648552
1790341579138109200,38.17610913085937,0.0861319974064827,-0.01160643994808197,0.014049900695681572
1790341579154574800,38.19257495117188,0.09468411654233932,0.004886921960860491,0.003054326167330146
1790341579171044000,38.209044189453124,0.09651670604944229,-0.02076941914856434,-0.012828170321881771
1790341579187540700,38.225540771484376,0.0910189226269722,0.06230825558304787,-0.015271631069481373
1790341579203999200,38.24199926757812,0.08124507963657379,0.009773843921720982,-0.024434609338641167
1790341579220488000,38.25848803710937,0.10384709388017654,-0.006719517521560192,0.0024434609804302454
1790341579236964900,38.27496484375,0.07696902006864548,0.02932153269648552,-0.01466076634824276
1790341579253468700,38.29146875,0.09346238523721695,0,-0.012828170321881771
1790341579269964500,38.30796459960938,0.08979719132184982,0.010995574295520782,-0.01466076634824276
1790341579286480100,38.324480224609374,0.0910189226269722,0.07269296050071716,-0.018936822190880775
1790341579302936600,38.3409365234375,0.09834930300712585,0.021380282938480377,0.006719517521560192
1790341579319372300,38.35737231445312,0.08124507963657379,0.01710422709584236,-0.004886921960860491
1790341579335899000,38.37389892578125,0.1007927656173706,0.0861319974064827,0.010995574295520782
1790341579352342500,38.39034252929687,0.1014036312699318,-0.01466076634824276,0.007941247895359993
1790341579368788700,38.406788818359374,0.09896016865968704,0.015271631069481373,-0.00855211354792118
1790341579385264400,38.42326440429687,0.09773843735456467,0.013439035043120384,0.01466076634824276
1790341579401709000,38.439708984375,0.09712757170200348,-0.015271631069481373,0.016493361443281174
1790341579418154800,38.45615478515625,0.12034045159816742,-0.04459316283464432,0.03298672288656235
1790341579434598400,38.47259838867188,0.09773843735456467,-0.01160643994808197,0.03237585723400116
1790341579451044600,38.48904467773438,0.12339477986097336,0.009162978269159794,0.007941247895359993
1790341579467489300,38.5054892578125,0.1007927656173706,0.04214970022439957,-0.001832595793530345
1790341579483941600,38.52194165039062,0.10812314599752426,-0.00855211354792118,-0.022602014243602753
1790341579500433200,38.53843310546875,0.1160643994808197,0.02321287989616394,0.016493361443281174
1790341579516877800,38.5548779296875,0.10690141469240189,-0.048258353024721146,0.021991148591041565
1790341579533324300,38.57132421875,0.10506882518529892,0.19364428520202637,-0.042760565876960754
1790341579549774600,38.587774658203124,0.09468411654233932,-0.06536258012056351,-0.03420845419168472
1790341579566221600,38.6042216796875,0.08307767659425735,-0.04764748737215996,-0.018325956538319588
1790341579582698500,38.62069848632812,0.1111774742603302,0.060475658625364304,-0.00855211354792118
1790341579599161000,38.6371611328125,0.11911872029304504,-0.018936822190880775,-0.012828170321881771
1790341579615603700,38.65360375976562,0.10262536257505417,0.04092797264456749,-0.018325956538319588
1790341579632076500,38.67007666015625,0.09712757170200348,0.07880161702632904,-0.048258353024721146
1790341579648555500,38.68655541992187,0.1270599663257599,0.00855211354792118,0.006108652334660292
1790341579664961300,38.702961181640624,0.08491026610136032,0.04398229718208313,-0.02015855349600315
1790341579681404000,38.71940380859375,0.11239920556545258,0.027488935738801956,0.0012217304902151227
1790341579697849600,38.735849609375,0.10506882518529892,-0.042760565876960754,0.00733038317412138
1790341579714320000,38.75231982421875,0.10567969083786011,-0.06291911751031876,-0.010995574295520782
1790341579730769200,38.76876904296875,0.10751228034496307,-0.004886921960860491,-0.005497787147760391
1790341579747241700,38.78524169921875,0.11911872029304504,-0.018936822190880775,0.0012217304902151227
1790341579763689000,38.80168896484375,0.11362093687057495,0.02382374368607998,0.021380282938480377
1790341579780201500,38.818201416015626,0.10445795953273773,-0.019547687843441963,0.030543262138962746
1790341579796675000,38.834675048828124,0.11911872029304504,-0.051312681287527084,0
1790341579813120300,38.85112036132813,0.12339477986097336,-0.03420845419168472,-0.01038470957428217
1790341579829527800,38.86752783203125,0.10934487730264664,0.004886921960860491,0.04337143152952194
1790341579845969700,38.8839697265625,0.09834930300712585,-0.0659734457731247,-0.009162978269159794
1790341579862413600,38.90041357421875,0.14049901068210602,-0.051312681287527084,0.04092797264456749
1790341579878912300,38.91691235351563,0.10018189996480942,-0.00427605677396059,0.022602014243602753
1790341579895356000,38.93335595703125,0.1459967941045761,0.0354301854968071,0.001832595793530345
1790341579911847400,38.94984741210938,0.11484266817569733,0.02932153269648552,0.021991148591041565
1790341579928293000,38.966293212890626,0.10934487730264664,-0.016493361443281174,-0.003054326167330146
1790341579944739000,38.982739013671875,0.11911872029304504,-0.060475658625364304,0.015271631069481373
1790341579961182200,38.99918212890625,0.11056660860776901,-0.033597588539123535,-0.004886921960860491
1790341579977628200,39.01562817382813,0.13500121235847473,-0.10812314599752426,0.009162978269159794
1790341579994013200,39.03201318359375,0.10262536257505417,0.01771509274840355,-0.013439035043120384
1790341580010456000,39.0484560546875,0.12767083942890167,0.056810468435287476,-0.004886921960860491
1790341580026902500,39.06490258789062,0.1062905490398407,-0.016493361443281174,-0.0012217304902151227
1790341580043348200,39.08134814453125,0.10384709388017654,-0.03787364438176155,0.0024434609804302454
1790341580059775700,39.097775634765625,0.12461651116609573,-0.042760565876960754,0.012217304669320583
1790341580076233000,39.11423291015625,0.11484266817569733,-0.004886921960860491,0.0024434609804302454
1790341580092678100,39.13067822265625,0.12034045159816742,0.010995574295520782,0.010995574295520782
1790341580109122000,39.1471220703125,0.11789698898792267,-0.1014036312699318,0.006719517521560192
1790341580125594000,39.163593994140626,0.1270599663257599,-0.03298672288656235,0.029932396486401558
1790341580142041000,39.180041015625,0.1160643994808197,-0.021380282938480377,0.01771509274840355
1790341580158485800,39.19648583984375,0.11972958594560623,-0.029932396486401558,0.014049900695681572
1790341580174930400,39.212930419921875,0.1264491081237793,-0.0659734457731247,0.012217304669320583
1790341580191379000,39.22937890625,0.11301007121801376,-0.05375614017248154,-0.015271631069481373
1790341580207828000,39.24582788085937,0.13255776464939117,-0.027488935738801956,0.028099801391363144
1790341580224281300,39.26228125,0.11239920556545258,-0.02321287989616394,0.01710422709584236
1790341580240729000,39.27872900390625,0.1264491081237793,-0.02687807008624077,0.02626720629632473
1790341580257174000,39.295174072265624,0.1258382350206375,-0.05803219974040985,0.028099801391363144
1790341580273653000,39.31165307617187,0.12461651116609573,0,-0.0012217304902151227
1790341580290100500,39.3281005859375,0.1215621829032898,0.02015855349600315,0.03420845419168472
1790341580306549200,39.34454931640625,0.11850785464048386,0.030543262138962746,0.05009094998240471
1790341580323063800,39.36106372070312,0.13927727937698364,-0.031154127791523933,0.04398229718208313
1790341580339512000,39.37751196289062,0.12889257073402405,-0.012217304669320583,0.018325956538319588
1790341580355963000,39.393962890625,0.12889257073402405,0.010995574295520782,0.02871066704392433
1790341580372441600,39.410441650390624,0.12828169763088226,0.02015855349600315,0.059864792972803116
1790341580388891000,39.42689086914063,0.1319468915462494,0,0.05009094998240471
1790341580405338600,39.44333862304688,0.13744467496871948,-0.00366519158706069,0.021380282938480377
1790341580421784600,39.45978466796875,0.12034045159816742,-0.033597588539123535,0.03176499158143997
1790341580438227200,39.47622729492188,0.1411098688840866,0.009162978269159794,0.03420845419168472
1790341580454666200,39.49266625976563,0.1411098688840866,-0.02871066704392433,0.029932396486401558
1790341580471108600,39.50910864257813,0.13744467496871948,-0.003054326167330146,0.04214970022439957
1790341580487548000,39.5255478515625,0.1319468915462494,-0.003054326167330146,0.021380282938480377
1790341580503984600,39.54198461914063,0.13866640627384186,-0.010995574295520782,0.024434609338641167
1790341580520420900,39.5584208984375,0.1319468915462494,-0.009162978269159794,0.033597588539123535
1790341580536856000,39.57485595703125,0.13866640627384186,-0.02687807008624077,0.014049900695681572
1790341580553292800,39.591292724609374,0.14233160018920898,-0.04459316283464432,0.036041051149368286
1790341580569754400,39.60775439453125,0.1270599663257599,-0.03298672288656235,0.009162978269159794
1790341580586192400,39.6241923828125,0.14233160018920898,-0.01038470957428217,0.015271631069481373
1790341580602632000,39.6406318359375,0.13744467496871948,0.006719517521560192,0.010995574295520782
1790341580619100400,39.65710034179688,0.14477506279945374,0.03848451003432274,-0.010995574295520782
1790341580635541500,39.67354150390625,0.1612684279680252,0.010995574295520782,0.024434609338641167
1790341580651983600,39.68998364257813,0.1313360333442688,0.006719517521560192,0.003054326167330146
1790341580668466400,39.706466552734376,0.14049901068210602,0.004886921960860491,-0.02382374368607998
1790341580684907500,39.72290747070313,0.14233160018920898,0.04153883829712868,-0.00427605677396059
1790341580701345800,39.739345703125,0.14049901068210602,-0.02382374368607998,-0.02382374368607998
1790341580717789200,39.7557890625,0.1417207419872284,-0.03848451003432274,-0.024434609338641167
1790341580734230300,39.77223022460937,0.13805554807186127,-0.028099801391363144,-0.018936822190880775
1790341580750668800,39.78866870117187,0.152105450630188,-0.02626720629632473,-0.001832595793530345
1790341580767138300,39.80513818359375,0.13377949595451355,0.00366519158706069,-0.007941247895359993
1790341580783515000,39.82151489257812,0.1368338167667389,-0.03237585723400116,-0.01771509274840355
1790341580799952400,39.837952392578124,0.15332718193531036,-0.019547687843441963,-0.03787364438176155
1790341580816424000,39.854423828125,0.14782938361167908,-0.007941247895359993,-0.006719517521560192
1790341580832868900,39.870868896484374,0.14844025671482086,0.015882495790719986,0.00366519158706069
1790341580849312800,39.88731274414062,0.152105450630188,-0.03848451003432274,-0.00733038317412138
1790341580865786400,39.90378637695313,0.1472185254096985,0.01038470957428217,-0.01160643994808197
1790341580882230500,39.92023046875,0.16004669666290283,-0.01160643994808197,0.0024434609804302454
1790341580898674700,39.9366748046875,0.15882496535778046,-0.01466076634824276,0.00427605677396059
1790341580915122000,39.95312182617187,0.15577064454555511,0.02687807008624077,0.018325956538319588
1790341580931567400,39.9695673828125,0.16432274878025055,-0.05253441259264946,-0.005497787147760391
1790341580948014300,39.986014404296874,0.1716531366109848,-0.02321287989616394,0.0006108652451075613
1790341580964467500,40.00246752929687,0.15454891324043274,0.00733038317412138,-0.001832595793530345
1790341580980913700,40.01891357421875,0.1618792861700058,0.0012217304902151227,-0.016493361443281174
1790341580997317000,40.03531713867188,0.17470745742321014,0.007941247895359993,-0.018936822190880775
1790341581013761800,40.05176171875,0.15577064454555511,-0.04459316283464432,-0.02076941914856434
1790341581030205200,40.068205078125,0.15454891324043274,-0.07635815441608429,-0.02015855349600315
1790341581046648300,40.0846484375,0.16432274878025055,-0.06841690838336945,-0.02015855349600315
1790341581063107300,40.101107421875,0.17287486791610718,-0.04092797264456749,-0.012828170321881771
1790341581079551500,40.11755151367188,0.15821409225463867,-0.04703662544488907,-0.029932396486401558
1790341581095997000,40.133996826171874,0.16371189057826996,-0.03176499158143997,-0.03237585723400116
1790341581112468500,40.15046850585937,0.14966198801994324,0.04642575979232788,-0.02015855349600315
1790341581128858400,40.1668583984375,0.16859880089759827,0.01160643994808197,-0.0012217304902151227
1790341581145302800,40.183302734375,0.14233160018920898,0.060475658625364304,0.003054326167330146
1790341581161746200,40.19974609375,0.15454891324043274,0.0959058403968811,-0.04214970022439957
1790341581178193000,40.21619287109375,0.16982053220272064,-0.08796459436416626,0.00366519158706069
1790341581194641200,40.23264111328125,0.1362229436635971,-0.0507018156349659,-0.024434609338641167
1790341581211094300,40.24909423828125,0.18387043476104736,-0.07513642311096191,0.02871066704392433
1790341581227539700,40.26553979492188,0.1508837193250656,-0.031154127791523933,0.02687807008624077
1790341581243982000,40.28198217773438,0.16004669666290283,-0.03298672288656235,-0.01710422709584236
1790341581260454700,40.29845458984375,0.17837265133857727,-0.018936822190880775,-0.015271631069481373
1790341581276897000,40.31489697265625,0.1716531366109848,0.013439035043120384,-0.01038470957428217
1790341581293336600,40.331336669921875,0.17470745742321014,0.04398229718208313,0.04398229718208313
1790341581309797000,40.34779711914062,0.16249015927314758,-0.003054326167330146,0.02015855349600315
1790341581326238500,40.364238525390626,0.17287486791610718,0.09040805697441101,-0.007941247895359993
1790341581342679800,40.3806796875,0.15332718193531036,-0.09224065393209457,-0.014049900695681572
1790341581359150000,40.39715014648438,0.16920967400074005,-0.04092797264456749,-0.005497787147760391
1790341581375592400,40.41359252929688,0.16065755486488342,-0.027488935738801956,0.0012217304902151227
1790341581392034300,40.430034423828126,0.1716531366109848,-0.0659734457731247,0.031154127791523933
1790341581408476400,40.44647631835937,0.16737708449363708,0.001832595793530345,0.01466076634824276
1790341581424919800,40.462919921875,0.16371189057826996,-0.009773843921720982,-0.039706241339445114
1790341581441361400,40.479361328125,0.1820378452539444,-0.01710422709584236,0.006108652334660292
1790341581457806600,40.495806640625,0.14782938361167908,0.07941248267889023,-0.025045474991202354
1790341581474250000,40.51225,0.18814650177955627,-0.0403171069920063,-0.003054326167330146
1790341581490692900,40.52869287109375,0.16554448008537292,0.031154127791523933,0.02626720629632473
1790341581507134200,40.54513427734375,0.1667662113904953,-0.05803219974040985,-0.006108652334660292
1790341581523578400,40.561578369140626,0.18448130786418915,0.02076941914856434,0.02015855349600315
1790341581540019500,40.57801953125,0.14966198801994324,-0.009773843921720982,-0.021380282938480377
1790341581556486000,40.59448583984375,0.17287486791610718,0.03237585723400116,-0.02382374368607998
1790341581572923400,40.61092333984375,0.17348572611808777,0.028099801391363144,0.02687807008624077
1790341581589359400,40.627359375,0.16432274878025055,-0.04092797264456749,0.029932396486401558
1790341581605824500,40.64382446289063,0.17837265133857727,0.03237585723400116,0.036041051149368286
1790341581622263600,40.660263671875,0.14416420459747314,0.04459316283464432,-0.02932153269648552
1790341581638705400,40.676705322265626,0.17592918872833252,0.04092797264456749,-0.00427605677396059
1790341581655148300,40.69314819335938,0.1716531366109848,0.05925392732024193,0.04214970022439957
1790341581671590700,40.70959057617188,0.16065755486488342,-0.04642575979232788,0.02932153269648552
1790341581687975700,40.7259755859375,0.16432274878025055,0.021991148591041565,0.04398229718208313
1790341581704423200,40.742423095703124,0.14966198801994324,0.01710422709584236,0.04214970022439957
1790341581720863700,40.75886376953125,0.16920967400074005,0.012217304669320583,0.08857546001672745
1790341581737303800,40.7753037109375,0.17776179313659668,0.029932396486401558,0.07513642311096191
1790341581753775600,40.79177563476563,0.1618792861700058,0.056810468435287476,0.04581489413976669
1790341581770216200,40.80821630859375,0.16554448008537292,0.012828170321881771,0.05619960278272629
1790341581786654700,40.82465478515625,0.16432274878025055,-0.003054326167330146,0.08735372871160507
1790341581803114200,40.8411142578125,0.17898350954055786,-0.03237585723400116,0.06230825558304787
1790341581819553800,40.8575537109375,0.1765400618314743,0.009773843921720982,0.05619960278272629
1790341581835994400,40.87399438476562,0.16798794269561768,0.021380282938480377,0.059864792972803116
1790341581852464600,40.89046459960937,0.17348572611808777,0.006108652334660292,0.01710422709584236
1790341581868906500,40.90690649414063,0.19058994948863983,0.060475658625364304,0.012828170321881771
1790341581885348900,40.92334887695313,0.16493362188339233,0.0659734457731247,0.02687807008624077
1790341581901792800,40.939792724609376,0.1973094791173935,0.004886921960860491,0.06108652427792549
1790341581918237700,40.95623779296875,0.17959438264369965,0.06352998316287994,0.07269296050071716
1790341581934680000,40.97268017578125,0.17837265133857727,0.02687807008624077,0.003054326167330146
1790341581951128300,40.98912841796875,0.20097467303276062,0.005497787147760391,0.03848451003432274
1790341581967571700,41.00557177734375,0.17592918872833252,-0.11789698898792267,0.02076941914856434
1790341581984013800,41.022013916015624,0.18936823308467865,0.02321287989616394,0.05314527451992035
1790341582000461300,41.03846142578125,0.18570303916931152,-0.06230825558304787,0.015882495790719986
1790341582016841500,41.05484155273437,0.19303341209888458,-0.08796459436416626,-0.010995574295520782
1790341582033288200,41.0712880859375,0.17470745742321014,-0.04948008432984352,-0.04153883829712868
1790341582049749800,41.08774975585938,0.2119702398777008,-0.11239920556545258,0.00733038317412138
1790341582066236000,41.10423583984375,0.18570303916931152,-0.025656340643763542,-0.006108652334660292
1790341582082678300,41.12067822265625,0.18509216606616974,0.0354301854968071,-0.04092797264456749
1790341582099146200,41.13714624023437,0.19547687470912933,-0.05742133408784866,0.01710422709584236
1790341582115531000,41.15353100585938,0.1722639948129654,0.003054326167330146,0.006719517521560192
1790341582131974100,41.16997412109375,0.2028072625398636,-0.04337143152952194,0.02321287989616394
1790341582148415500,41.18641552734375,0.1814269721508026,-0.012828170321881771,0.03787364438176155
1790341582164855300,41.20285522460937,0.21868975460529327,-0.00366519158706069,0.0507018156349659
1790341582181297400,41.21929736328125,0.19608774781227112,0.10995574295520782,0.010995574295520782
1790341582197743900,41.23574389648437,0.1973094791173935,0.059864792972803116,-0.009773843921720982
1790341582214185200,41.252185302734375,0.1820378452539444,0.01038470957428217,-0.02015855349600315
1790341582230627600,41.268627685546875,0.17776179313659668,0.07819075137376785,0.0403171069920063
1790341582247102000,41.28510205078125,0.19425514340400696,-0.06536258012056351,0.060475658625364304
1790341582263543800,41.30154370117187,0.18936823308467865,-0.04703662544488907,0.01038470957428217
1790341582279985400,41.3179853515625,0.20097467303276062,-0.006108652334660292,-0.019547687843441963
1790341582296453400,41.334453369140626,0.19608774781227112,-0.009773843921720982,0.006108652334660292
1790341582312895200,41.35089526367187,0.2015855312347412,-0.001832595793530345,0.05009094998240471
1790341582329341200,41.36734106445312,0.19975294172763824,-0.003054326167330146,0.04092797264456749
1790341582345814800,41.38381469726563,0.1966986060142517,0.004886921960860491,-0.0012217304902151227
1790341582362258400,41.400258544921876,0.17470745742321014,-0.03298672288656235,-0.027488935738801956
1790341582378643500,41.4166435546875,0.192422553896904,-0.08307767659425735,0.01160643994808197
1790341582395088600,41.43308862304688,0.1875356286764145,-0.03298672288656235,0.03176499158143997
1790341582411533800,41.449533935546874,0.20525072515010834,-0.10445795953273773,0.010995574295520782
1790341582427979500,41.4659794921875,0.18997909128665924,0.01710422709584236,-0.003054326167330146
1790341582444428500,41.482428466796875,0.20830504596233368,-0.009162978269159794,-0.025656340643763542
1790341582460872200,41.4988720703125,0.21563543379306793,0.01038470957428217,0.01160643994808197
1790341582477316600,41.51531665039062,0.1966986060142517,-0.06169738993048668,0.01466076634824276
1790341582493757000,41.5317568359375,0.2272418737411499,0.0012217304902151227,0.00366519158706069
1790341582510198000,41.548197998046874,0.20830504596233368,0.03787364438176155,0.006108652334660292
1790341582526640000,41.56464013671875,0.18936823308467865,-0.03298672288656235,0.001832595793530345
1790341582543109600,41.581109619140626,0.23884831368923187,0.02871066704392433,0.013439035043120384
1790341582559552500,41.59755249023438,0.21441370248794556,-0.018936822190880775,0.021380282938480377
1790341582575997400,41.61399755859375,0.19547687470912933,0.02076941914856434,0.012217304669320583
1790341582592468700,41.63046875,0.20586158335208893,0.01038470957428217,0.01771509274840355
1790341582608912400,41.646912353515624,0.1918116807937622,0.04153883829712868,-0.02382374368607998
1790341582625354000,41.66335400390625,0.2021963894367218,0.00733038317412138,0.00366519158706069
1790341582641793000,41.67979296875,0.1966986060142517,0.031154127791523933,0.00855211354792118
1790341582658232800,41.69623291015625,0.19547687470912933,0.024434609338641167,0.005497787147760391
1790341582674675500,41.71267553710938,0.19975294172763824,0.03176499158143997,0.014049900695681572
1790341582691125500,41.72912548828125,0.182648703455925,-0.004886921960860491,0.009773843921720982
1790341582707569400,41.7455693359375,0.1966986060142517,-0.05314527451992035,-0.0012217304902151227
1790341582724017000,41.76201684570312,0.19853121042251587,-0.028099801391363144,0.01710422709584236
1790341582740462000,41.778462158203126,0.18997909128665924,-0.024434609338641167,0.015882495790719986
1790341582756870400,41.79487036132812,0.19547687470912933,0.024434609338641167,0.015271631069481373
1790341582773310700,41.81131079101562,0.19547687470912933,0.025656340643763542,-0.010995574295520782
1790341582789778700,41.82777880859375,0.19486601650714874,0.012828170321881771,-0.00366519158706069
1790341582806236200,41.84423608398438,0.18936823308467865,0.05864306539297104,0.03237585723400116
1790341582822682400,41.86068237304688,0.2021963894367218,-0.03481931984424591,0.03726277872920036
1790341582839157000,41.87715698242187,0.2015855312347412,-0.06414084881544113,-0.01710422709584236
1790341582855601400,41.89360131835937,0.1973094791173935,-0.04642575979232788,-0.07513642311096191
1790341582872044500,41.91004443359375,0.20891591906547546,-0.048258353024721146,-0.09285151958465576
1790341582888486100,41.92648608398437,0.21563543379306793,0.009773843921720982,0.12400564551353455
1790341582904928300,41.94292822265625,0.22846360504627228,-0.23151792585849762,0.06291911751031876
1790341582921369300,41.95936938476562,0.19425514340400696,0.294437050819397,-0.15882496535778046
1790341582937815600,41.97581567382812,0.1875356286764145,0.13439035415649414,-0.23457226157188416
1790341582954258200,41.99225805664062,0.19364428520202637,0.003054326167330146,0.009773843921720982
1790341582970698200,42.0086982421875,0.19425514340400696,-0.08674286305904388,0.025656340643763542
1790341582987138000,42.025137939453124,0.20952677726745605,-0.004886921960860491,-0.05314527451992035
1790341583003581200,42.04158129882813,0.1966986060142517,-0.013439035043120384,-0.09040805697441101
1790341583020022500,42.0580224609375,0.14966198801994324,0.08307767659425735,-0.1270599663257599
1790341583036484900,42.07448486328125,0.2541199326515198,0.05009094998240471,-0.0354301854968071
1790341583052926000,42.09092602539062,0.24556782841682434,0.313373863697052,0.01710422709584236
1790341583069329400,42.10732934570313,0.17531833052635193,-0.14294247329235077,0.06902777403593063
1790341583085800000,42.12380004882812,0.2480112910270691,-0.12278391420841217,-0.00427605677396059
1790341583102125300,42.14012524414063,0.16982053220272064,0.22479841113090515,-0.08857546001672745
1790341583118388200,42.15638818359375,0.16982053220272064,-0.010995574295520782,-0.0555887371301651
1790341583134828500,42.17282861328125,0.2174680233001709,-0.016493361443281174,0.07269296050071716
1790341583151271200,42.189271240234376,0.18875735998153687,0.13744467496871948,0.06658431142568588
1790341583167711700,42.205711669921875,0.18875735998153687,0.015271631069481373,0.05497787147760391
1790341583184160000,42.222159912109376,0.20036379992961884,-0.04581489413976669,-0.06719517707824707
1790341583200602400,42.238602294921876,0.18020524084568024,0.0354301854968071,-0.06658431142568588
1790341583217047300,42.25504736328125,0.1918116807937622,-0.005497787147760391,0.06902777403593063
1790341583233523200,42.27152319335938,0.19425514340400696,0.04214970022439957,0.1466076523065567
1790341583249967000,42.28796704101563,0.18814650177955627,-0.010995574295520782,0.152105450630188
1790341583266415900,42.30441577148437,0.16249015927314758,0.18631389737129211,-0.06780604273080826
1790341583282872600,42.32087255859375,0.24678955972194672,-0.027488935738801956,0.019547687843441963
1790341583299314700,42.337314697265626,0.1111774742603302,0.21807889640331268,0.12095131725072861
1790341583315757600,42.35375756835938,0.2272418737411499,-0.08429940044879913,0.19914206862449646
1790341583332229400,42.3702294921875,0.1814269721508026,0.01466076634824276,0.039095375686883926
1790341583348670700,42.38667065429688,0.2119702398777008,0.2278527319431305,0.00366519158706069
1790341583365112300,42.4031123046875,0.17470745742321014,-0.04459316283464432,-0.07941248267889023
1790341583381556500,42.419556396484374,0.20463985204696655,-0.009162978269159794,0.001832595793530345
1790341583398000600,42.436000732421874,0.1313360333442688,0.08735372871160507,0.006719517521560192
1790341583414444000,42.45244409179688,0.18570303916931152,0.051312681287527084,0.006108652334660292
1790341583430895900,42.46889575195313,0.1869247704744339,0.03420845419168472,0.07819075137376785
1790341583447342800,42.4853427734375,0.1514945775270462,0.039095375686883926,-0.12095131725072861
1790341583463788300,42.50178833007813,0.20586158335208893,-0.06963863968849182,-0.08429940044879913
1790341583480232700,42.51823266601563,0.17287486791610718,0.14538592100143433,-0.0555887371301651
1790341583496677400,42.53467749023437,0.2064724564552307,0.04337143152952194,-0.01466076634824276
1790341583513120800,42.551120849609376,0.16920967400074005,-0.060475658625364304,-0.02076941914856434
1790341583529575400,42.56757543945312,0.22907446324825287,-0.03481931984424591,-0.05009094998240471
1790341583546019300,42.58401928710938,0.20525072515010834,0.025656340643763542,-0.09407325088977814
1790341583562464000,42.60046411132812,0.18997909128665924,0.15577064454555511,-0.02687807008624077
1790341583578937000,42.61693701171875,0.20952677726745605,0.009773843921720982,0.039095375686883926
1790341583595382300,42.63338232421875,0.182648703455925,0.04764748737215996,-0.025656340643763542
1790341583611827700,42.64982763671875,0.1966986060142517,0.024434609338641167,-0.039706241339445114
1790341583628278000,42.66627807617188,0.21380282938480377,-0.031154127791523933,-0.060475658625364304
1790341583644729300,42.682729248046876,0.1869247704744339,0.015271631069481373,-0.08307767659425735
1790341583661177000,42.699177001953124,0.20463985204696655,0.16432274878025055,0.007941247895359993
1790341583677625900,42.7156259765625,0.1667662113904953,0.04948008432984352,0.02321287989616394
1790341583694069000,42.73206909179687,0.17470745742321014,-0.09957103431224823,-0.018936822190880775
1790341583710514000,42.748513916015625,0.16798794269561768,0.08979719132184982,0.018936822190880775
1790341583726990000,42.764989990234376,0.1716531366109848,-0.056810468435287476,0.013439035043120384
1790341583743434000,42.78143408203125,0.19120082259178162,0.01038470957428217,0.05192354694008827
1790341583759879700,42.79787963867187,0.17959438264369965,0.0354301854968071,0.028099801391363144
1790341583776381400,42.81438134765625,0.2015855312347412,0.11178833991289139,0.07452555745840073
1790341583792824000,42.83082397460937,0.1966986060142517,0.048258353024721146,0.08857546001672745
1790341583809201000,42.84720092773438,0.1814269721508026,0.056810468435287476,0.04214970022439957
1790341583825674000,42.863674072265624,0.19547687470912933,-0.019547687843441963,0.09834930300712585
1790341583842119700,42.88011962890625,0.16432274878025055,-0.07269296050071716,0.06963863968849182
1790341583858564600,42.896564697265624,0.20341812074184418,-0.14416420459747314,0.0959058403968811
1790341583875007000,42.913007080078124,0.182648703455925,0.0403171069920063,0.07330382615327835
1790341583891454000,42.929453857421876,0.18081611394882202,-0.15577064454555511,0.04642575979232788
1790341583907900400,42.945900390625,0.17592918872833252,-0.1270599663257599,0.08796459436416626
1790341583924347400,42.962347412109374,0.1563815027475357,-0.08796459436416626,0.07757988572120667
1790341583940791300,42.97879125976562,0.20586158335208893,-0.004886921960860491,0.0757472887635231
1790341583957234200,42.99523413085937,0.19853121042251587,0.03176499158143997,0.05619960278272629
1790341583973678800,43.011678955078125,0.19120082259178162,-0.009773843921720982,0.012828170321881771
1790341583990121500,43.02812158203125,0.20952677726745605,0.0757472887635231,0.04153883829712868
1790341584006563800,43.044563720703124,0.16554448008537292,0.059864792972803116,0.04459316283464432
1790341584023029000,43.061029052734376,0.20891591906547546,-0.09162978827953339,0.05619960278272629
1790341584039473700,43.0774736328125,0.15515977144241333,0.018936822190880775,0.028099801391363144
1790341584055973600,43.0939736328125,0.20586158335208893,-0.12889257073402405,-0.009162978269159794
1790341584072244200,43.110244140625,0.19486601650714874,0.042760565876960754,0.013439035043120384
1790341584088652500,43.126652587890625,0.18509216606616974,0.12767083942890167,0.015882495790719986
1790341584105096200,43.14309619140625,0.1918116807937622,0.2028072625398636,0.05742133408784866
1790341584121438700,43.15943872070312,0.18020524084568024,0.08857546001672745,-0.00733038317412138
1790341584137847600,43.17584765625,0.1771509200334549,0.004886921960860491,0.00855211354792118
1790341584154289700,43.19228955078125,0.16432274878025055,-0.028099801391363144,-0.015271631069481373
1790341584170741800,43.20874169921875,0.16004669666290283,-0.05009094998240471,0.012828170321881771
1790341584187186400,43.2251865234375,0.18448130786418915,-0.12278391420841217,-0.018325956538319588
1790341584203629300,43.24162939453125,0.19303341209888458,-0.025656340643763542,0.018325956538319588
1790341584220106200,43.25810620117188,0.15577064454555511,-0.0024434609804302454,-0.006108652334660292
1790341584236550100,43.274550048828125,0.15821409225463867,-0.05375614017248154,0.001832595793530345
1790341584252992300,43.2909921875,0.1319468915462494,-0.1612684279680252,-0.03176499158143997
1790341584269458700,43.307458740234374,0.18387043476104736,-0.25106561183929443,0.025656340643763542
1790341584285902600,43.32390258789062,0.16493362188339233,-0.04398229718208313,0.018936822190880775
1790341584302345700,43.340345703125,0.16920967400074005,-0.09651670604944229,-0.012217304669320583
1790341584318816300,43.356816162109375,0.18081611394882202,-0.09773843735456467,0.02382374368607998
1790341584335254300,43.37325415039062,0.1514945775270462,-0.06230825558304787,-0.021991148591041565
1790341584351696100,43.38969604492188,0.18875735998153687,-0.06108652427792549,0.003054326167330146
1790341584368139000,43.40613891601563,0.19058994948863983,0.05192354694008827,0.022602014243602753
1790341584384583000,43.4225830078125,0.13927727937698364,-0.1466076523065567,0.00733038317412138
1790341584401023200,43.439023193359375,0.18325957655906677,-0.12889257073402405,0.04092797264456749
1790341584417470000,43.45546997070313,0.16249015927314758,-0.09346238523721695,0.01038470957428217
1790341584433915400,43.471915283203124,0.18325957655906677,0.027488935738801956,-0.001832595793530345
1790341584450364700,43.48836474609375,0.182648703455925,0.07452555745840073,0.04337143152952194
1790341584466789000,43.5047890625,0.16065755486488342,-0.05192354694008827,0.04092797264456749
1790341584483198700,43.52119873046875,0.16982053220272064,-0.05192354694008827,0.04153883829712868
1790341584499637800,43.5376376953125,0.182648703455925,-0.09957103431224823,0.010995574295520782
1790341584516091600,43.55409155273438,0.17837265133857727,0.03787364438176155,0.036041051149368286
1790341584532532500,43.57053247070313,0.15882496535778046,-0.12278391420841217,0.03848451003432274
1790341584548977400,43.58697729492187,0.18631389737129211,0.0806342139840126,0.039095375686883926
1790341584565447200,43.603447265625,0.1563815027475357,0.08857546001672745,0.03481931984424591
1790341584581889000,43.619888916015626,0.16065755486488342,-0.039706241339445114,0.024434609338641167
1790341584598329900,43.63632983398438,0.16737708449363708,-0.00427605677396059,0.039095375686883926
1790341584614771200,43.65277124023437,0.16004669666290283,-0.02626720629632473,0.042760565876960754
1790341584631213000,43.66921313476563,0.1667662113904953,-0.0006108652451075613,-0.00366519158706069
1790341584647654100,43.68565405273438,0.15760323405265808,0.07880161702632904,0.02871066704392433
1790341584664103200,43.702103271484376,0.14355333149433136,-0.030543262138962746,0.022602014243602753
1790341584680543700,43.718543701171875,0.16554448008537292,-0.07147123664617538,0.039095375686883926
1790341584696985300,43.7349853515625,0.16859880089759827,0.04642575979232788,0.019547687843441963
1790341584713452000,43.7514521484375,0.15393804013729095,-0.04642575979232788,0.02076941914856434
1790341584729894700,43.76789477539062,0.1569923609495163,-0.003054326167330146,0.019547687843441963
1790341584746337000,43.7843369140625,0.16554448008537292,-0.0012217304902151227,0.01710422709584236
1790341584762793700,43.80079370117188,0.15515977144241333,0.08979719132184982,0.028099801391363144
1790341584779237000,43.81723706054687,0.1618792861700058,0.08429940044879913,0.030543262138962746
1790341584795678000,43.833677978515624,0.1368338167667389,-0.00366519158706069,0.01160643994808197
1790341584812191000,43.85019091796875,0.13744467496871948,-0.09712757170200348,0.02626720629632473
1790341584828636200,43.86663623046875,0.15882496535778046,-0.11423180252313614,0.018325956538319588
1790341584845079600,43.88307958984375,0.16737708449363708,-0.08735372871160507,0.029932396486401558
1790341584861522700,43.89952270507813,0.15027284622192383,-0.025045474991202354,0.01466076634824276
1790341584877967000,43.91596704101563,0.1612684279680252,-0.039706241339445114,0.009162978269159794
1790341584894411800,43.93241186523438,0.1508837193250656,-0.08918632566928864,0.021380282938480377
1790341584910860500,43.948860595703124,0.1472185254096985,-0.13866640627384186,0.02687807008624077
1790341584927304200,43.96530419921875,0.15577064454555511,-0.10873401165008545,0.018325956538319588
1790341584943747000,43.9817470703125,0.1466076523065567,-0.04214970022439957,0.04642575979232788
1790341584960189700,43.99818969726562,0.1765400618314743,-0.09957103431224823,0.04764748737215996
1790341584976632300,44.01463232421875,0.15332718193531036,0.02321287989616394,0.0507018156349659
1790341584993073700,44.03107373046875,0.17470745742321014,0.022602014243602753,0.08674286305904388
1790341585009533700,44.04753369140625,0.17776179313659668,0.019547687843441963,0.06291911751031876
1790341585025973800,44.06397387695313,0.15027284622192383,0.04764748737215996,-0.0024434609804302454
1790341585042416600,44.08041674804687,0.18020524084568024,-0.003054326167330146,0.029932396486401558
1790341585058825700,44.09682568359375,0.12889257073402405,0.013439035043120384,0.025045474991202354
1790341585075269400,44.113269287109375,0.1612684279680252,-0.1313360333442688,0.051312681287527084
1790341585091709700,44.129709716796874,0.1514945775270462,-0.0757472887635231,0.05314527451992035
1790341585108149200,44.14614916992188,0.15577064454555511,-0.05253441259264946,-0.04153883829712868
1790341585124590600,44.16259057617187,0.1612684279680252,0.018325956538319588,-0.05009094998240471
1790341585141078000,44.179078125,0.16554448008537292,-0.025656340643763542,-0.005497787147760391
1790341585157523500,44.1955234375,0.13561208546161652,0.03481931984424591,0.003054326167330146
1790341585173963800,44.2119638671875,0.1716531366109848,-0.02015855349600315,0.00427605677396059
1790341585190403600,44.228403564453124,0.15332718193531036,0.10384709388017654,-0.009162978269159794
1790341585206873300,44.24487329101562,0.14294247329235077,0.0403171069920063,-0.039095375686883926
1790341585223311400,44.261311279296876,0.14966198801994324,0.08552113175392151,0.031154127791523933
1790341585239749600,44.27774951171875,0.10201449692249298,0.04214970022439957,0.02932153269648552
1790341585256215000,44.29421508789063,0.15577064454555511,-0.019547687843441963,0.048258353024721146
1790341585272660000,44.31065991210937,0.15821409225463867,0.010995574295520782,0.016493361443281174
1790341585289105700,44.32710571289063,0.14844025671482086,-0.05803219974040985,-0.048258353024721146
1790341585305580500,44.34358056640625,0.14416420459747314,-0.03481931984424591,-0.036041051149368286
1790341585322021400,44.360021484375,0.13316862285137177,-0.022602014243602753,-0.022602014243602753
1790341585338465800,44.3764658203125,0.15393804013729095,-0.009162978269159794,0.0403171069920063
1790341585354905900,44.39290576171875,0.15027284622192383,-0.014049900695681572,0.019547687843441963
1790341585371349200,44.40934936523438,0.13500121235847473,-0.009162978269159794,-0.00427605677396059
1790341585387790000,44.4257900390625,0.1313360333442688,-0.04153883829712868,-0.015271631069481373
1790341585404236800,44.44223681640625,0.14355333149433136,-0.09468411654233932,-0.0024434609804302454
1790341585420679000,44.45867895507813,0.14233160018920898,-0.07147123664617538,0.02321287989616394
1790341585437116700,44.47511669921875,0.13744467496871948,-0.03726277872920036,0.025045474991202354
1790341585453556500,44.49155639648438,0.15760323405265808,-0.015271631069481373,0.036651913076639175
1790341585469995800,44.50799584960937,0.13500121235847473,-0.03787364438176155,-0.02382374368607998
1790341585486437400,44.524437255859375,0.16737708449363708,0.02382374368607998,-0.006719517521560192
1790341585502898200,44.540898193359375,0.15271630883216858,0.013439035043120384,0.054367005825042725
1790341585519339800,44.55733984375,0.15760323405265808,0.06169738993048668,0.0910189226269722
1790341585535781600,44.57378173828125,0.1417207419872284,-0.005497787147760391,0.08429940044879913
1790341585552251100,44.590251220703124,0.16432274878025055,-0.09957103431224823,0.007941247895359993
1790341585568690400,44.6066904296875,0.18387043476104736,-0.05192354694008827,-0.02321287989616394
1790341585585132500,44.623132568359374,0.16737708449363708,-0.006719517521560192,-0.02015855349600315
1790341585601569800,44.63956982421875,0.18081611394882202,-0.0024434609804302454,0.04886921867728233
1790341585618010000,44.65601000976562,0.16554448008537292,0.03298672288656235,0.07391469180583954
1790341585634451500,44.672451416015626,0.17470745742321014,-0.012828170321881771,0.06475171446800232
1790341585650898700,44.68889868164062,0.1722639948129654,0.025656340643763542,0.004886921960860491
1790341585667338800,44.7053388671875,0.17409659922122955,0.010995574295520782,-0.013439035043120384
1790341585683782000,44.721781982421874,0.17348572611808777,0.039095375686883926,0.012217304669320583
1790341585700255000,44.7382548828125,0.18509216606616974,0.02076941914856434,0.02626720629632473
1790341585716696000,44.75469604492187,0.1722639948129654,-0.014049900695681572,0.016493361443281174
1790341585733139500,44.771139404296875,0.18325957655906677,-0.05864306539297104,-0.01038470957428217
1790341585749604900,44.78760498046875,0.182648703455925,-0.01038470957428217,-0.025656340643763542
1790341585766045200,44.80404516601563,0.1771509200334549,-0.09834930300712585,0.001832595793530345
1790341585782486500,44.82048657226562,0.18081611394882202,0.04459316283464432,0.021991148591041565
1790341585798954200,44.83695434570313,0.18631389737129211,0.03848451003432274,0.024434609338641167
1790341585815308300,44.85330834960938,0.16371189057826996,0.042760565876960754,-0.001832595793530345
1790341585831716900,44.869716796875,0.17470745742321014,0.03787364438176155,-0.02321287989616394
1790341585848159700,44.88615966796875,0.17348572611808777,-0.02076941914856434,0.00427605677396059
1790341585864599800,44.902599853515625,0.17592918872833252,0.021991148591041565,0.009773843921720982
1790341585881040000,44.91903979492187,0.17837265133857727,0.0708603709936142,0.014049900695681572
1790341585897491500,44.93549145507812,0.16798794269561768,0.03298672288656235,-0.0024434609804302454
1790341585913934600,44.9519345703125,0.17837265133857727,0.006719517521560192,0.00855211354792118
1790341585930379500,44.96837963867188,0.182648703455925,0.004886921960860491,0.009773843921720982
1790341585946822400,44.98482250976563,0.1875356286764145,-0.04214970022439957,0.014049900695681572
1790341585963265800,45.001265869140624,0.18570303916931152,-0.001832595793530345,0.022602014243602753
1790341585979708200,45.017708251953124,0.19058994948863983,-0.01771509274840355,0.00855211354792118
1790341585996177400,45.03417749023438,0.18936823308467865,0.016493361443281174,0.02871066704392433
1790341586012621300,45.050621337890625,0.18448130786418915,0.00733038317412138,0.015882495790719986
1790341586029066000,45.06706591796875,0.19364428520202637,-0.06169738993048668,0.0354301854968071
1790341586045539800,45.083539794921876,0.1875356286764145,-0.05314527451992035,0.02932153269648552
1790341586061927000,45.09992700195313,0.19853121042251587,-0.007941247895359993,0.04642575979232788
1790341586078374700,45.116374755859376,0.19608774781227112,-0.01038470957428217,0.03787364438176155
1790341586094822100,45.132822265625,0.19608774781227112,0.042760565876960754,0.05253441259264946
1790341586111270700,45.149270751953125,0.18936823308467865,0.00855211354792118,0.04642575979232788
1790341586127719400,45.16571948242188,0.19120082259178162,0.009773843921720982,0.04459316283464432
1790341586144170200,45.182170166015624,0.1869247704744339,-0.00366519158706069,0.03726277872920036
1790341586160552000,45.198552001953125,0.18997909128665924,-0.051312681287527084,0.031154127791523933
1790341586176995800,45.21499584960937,0.182648703455925,-0.03237585723400116,0.039706241339445114
1790341586193470500,45.231470458984376,0.19364428520202637,-0.036651913076639175,0.042760565876960754
1790341586209914400,45.247914306640624,0.20586158335208893,0.012217304669320583,0.025656340643763542
1790341586226358800,45.26435888671875,0.1966986060142517,0.060475658625364304,0.012217304669320583
1790341586242829600,45.28082958984375,0.1966986060142517,0.04153883829712868,0.025045474991202354
1790341586259275500,45.297275634765626,0.17837265133857727,0.029932396486401558,-0.001832595793530345
1790341586275717600,45.31371752929687,0.20952677726745605,-0.013439035043120384,0.025656340643763542
1790341586292189000,45.33018896484375,0.17837265133857727,0.01466076634824276,0
1790341586308628200,45.34662817382812,0.19914206862449646,0.0354301854968071,0.018936822190880775
1790341586325069000,45.36306909179687,0.18814650177955627,-0.019547687843441963,0.012217304669320583
1790341586341508400,45.37950830078125,0.17837265133857727,-0.00427605677396059,0.009162978269159794
1790341586357949700,45.39594970703125,0.20525072515010834,0.00733038317412138,-0.004886921960860491
1790341586374392000,45.41239208984375,0.2070833146572113,0.0403171069920063,-0.01466076634824276
1790341586390843400,45.428843505859376,0.20586158335208893,0.07635815441608429,-0.006719517521560192
1790341586407288600,45.44528857421875,0.1869247704744339,0.13439035415649414,0.010995574295520782
1790341586423731000,45.46173095703125,0.2021963894367218,0.04581489413976669,0.00427605677396059
1790341586440171500,45.47817163085937,0.19058994948863983,0.015882495790719986,-0.00733038317412138
1790341586456611600,45.494611572265626,0.19853121042251587,-0.027488935738801956,-0.02626720629632473
1790341586473055200,45.51105517578125,0.20830504596233368,-0.02626720629632473,-0.025656340643763542
1790341586489497900,45.52749780273437,0.19425514340400696,-0.0006108652451075613,-0.02687807008624077
1790341586505907700,45.54390771484375,0.19058994948863983,0.019547687843441963,-0.016493361443281174
1790341586522352000,45.56035205078125,0.19425514340400696,-0.02687807008624077,0.009773843921720982
1790341586538824700,45.57682470703125,0.17959438264369965,-0.08796459436416626,-0.006719517521560192
1790341586555268000,45.59326806640625,0.19058994948863983,-0.033597588539123535,-0.02382374368607998
1790341586571711200,45.60971118164063,0.2021963894367218,0.04337143152952194,-0.012828170321881771
1790341586588156000,45.62615600585937,0.19975294172763824,0.03726277872920036,-0.02382374368607998
1790341586604601300,45.642601318359375,0.18325957655906677,0.09346238523721695,-0.012828170321881771
1790341586621047300,45.65904736328125,0.17898350954055786,0.03848451003432274,-0.021380282938480377
1790341586637500000,45.6755,0.1771509200334549,0.010995574295520782,-0.01160643994808197
1790341586653945600,45.691945556640626,0.1875356286764145,-0.07757988572120667,-0.027488935738801956
1790341586670389800,45.7083896484375,0.1820378452539444,0.03420845419168472,-0.025045474991202354
1790341586686864100,45.724864013671876,0.20097467303276062,-0.06108652427792549,-0.022602014243602753
1790341586703306000,45.741305908203124,0.19303341209888458,-0.02015855349600315,0.0006108652451075613
1790341586719746800,45.757746826171875,0.17592918872833252,0.042760565876960754,-0.018936822190880775
1790341586736216800,45.774216796875,0.1875356286764145,0.010995574295520782,-0.015882495790719986
1790341586752660500,45.79066040039063,0.18997909128665924,0.03848451003432274,0.00733038317412138
1790341586769106000,45.80710595703125,0.17104226350784302,0.006108652334660292,-0.01771509274840355
1790341586785577500,45.82357739257812,0.18081611394882202,-0.003054326167330146,0.00855211354792118
1790341586802021400,45.840021484375,0.16310101747512817,-0.02871066704392433,0.003054326167330146
1790341586818467000,45.85646704101563,0.17409659922122955,0.015271631069481373,0.009162978269159794
1790341586834749400,45.87274951171875,0.1716531366109848,-0.019547687843441963,0.021380282938480377
1790341586851191300,45.88919140625,0.1612684279680252,0.01710422709584236,0.01710422709584236
1790341586867632000,45.90563208007813,0.1563815027475357,0.018325956538319588,0.013439035043120384
1790341586884097800,45.922097900390625,0.14782938361167908,-0.009773843921720982,0.027488935738801956
1790341586900543500,45.93854345703125,0.15027284622192383,0.00366519158706069,0.04092797264456749
1790341586916990000,45.954989990234374,0.1459967941045761,0.0006108652451075613,0.022602014243602753
1790341586933436700,45.971436767578126,0.13072516024112701,-0.0555887371301651,0.01771509274840355
1790341586949880000,45.98788012695312,0.1313360333442688,-0.0555887371301651,0.018936822190880775
1790341586966324000,46.00432397460938,0.12217304855585098,-0.016493361443281174,0.02382374368607998
1790341586982792400,46.02079248046875,0.1160643994808197,0.009773843921720982,0.009773843921720982
1790341586999233000,46.03723291015625,0.11484266817569733,0.04092797264456749,0.003054326167330146
1790341587015708000,46.0537080078125,0.08979719132184982,-0.0006108652451075613,0.006108652334660292
1790341587032192300,46.07019213867188,0.09224065393209457,-0.025045474991202354,0.01038470957428217
1790341587048679400,46.08667944335937,0.08857546001672745,-0.033597588539123535,0.004886921960860491
1790341587065254000,46.10325390625,0.08552113175392151,0.005497787147760391,-0.021380282938480377
1790341587081754400,46.11975439453125,0.08246681094169617,0.019547687843441963,-0.01466076634824276
1790341587098268700,46.1362685546875,0.05803219974040985,0.0403171069920063,0.006719517521560192
1790341587114651400,46.1526513671875,0.05497787147760391,0.004886921960860491,0.004886921960860491
1790341587131144400,46.16914453125,0.05009094998240471,-0.0354301854968071,-0.004886921960860491
1790341587147610000,46.18561010742187,0.04703662544488907,-0.0757472887635231,-0.01160643994808197
1790341587164087300,46.20208740234375,0.06352998316287994,-0.08552113175392151,0.010995574295520782
1790341587180514300,46.218514404296876,0.04153883829712868,-0.014049900695681572,0.006719517521560192
1790341587196966400,46.23496630859375,0.060475658625364304,-0.02015855349600315,0.013439035043120384
1790341587213454600,46.25145458984375,0.04153883829712868,0.025656340643763542,-0.001832595793530345
1790341587229979400,46.2679794921875,0.04092797264456749,-0.02076941914856434,0.009773843921720982
1790341587246456600,46.28445654296875,0.04581489413976669,0.027488935738801956,0.02015855349600315
1790341587262972200,46.30097216796875,0.04703662544488907,-0.03481931984424591,0.045204028487205505
1790341587279455700,46.317455810546875,0.05314527451992035,-0.028099801391363144,0.04092797264456749
1790341587295943200,46.333943115234376,0.048258353024721146,0.021380282938480377,0.03176499158143997
1790341587312445200,46.35044506835938,0.04642575979232788,0.01038470957428217,0.03726277872920036
1790341587328939800,46.36693969726562,0.0555887371301651,-0.009162978269159794,0.05619960278272629
1790341587345452500,46.38345263671875,0.05192354694008827,0.015271631069481373,0.04459316283464432
1790341587361906000,46.39990600585938,0.04459316283464432,0.0006108652451075613,0.056810468435287476
1790341587378397700,46.416397705078126,0.039095375686883926,-0.024434609338641167,0.04398229718208313
1790341587394862300,46.4328623046875,0.039706241339445114,-0.01466076634824276,0.056810468435287476
1790341587411353300,46.44935327148438,0.04398229718208313,0.001832595793530345,0.048258353024721146
1790341587427813600,46.465813720703125,0.036041051149368286,-0.02321287989616394,0.048258353024721146
1790341587444300500,46.482300537109374,0.02932153269648552,-0.005497787147760391,0.028099801391363144
1790341587460783600,46.49878369140625,0.03481931984424591,0.01466076634824276,0.024434609338641167
1790341587477275100,46.51527514648438,0.036651913076639175,0.009773843921720982,0.02015855349600315
1790341587493769200,46.53176928710938,0.030543262138962746,-0.021991148591041565,0.018325956538319588
1790341587510227200,46.54822729492187,0.018936822190880775,0.031154127791523933,0.01038470957428217
1790341587526747600,46.56474755859375,0.036041051149368286,0.018325956538319588,0.014049900695681572
1790341587543239000,46.581239013671876,0.021991148591041565,-0.012217304669320583,0.001832595793530345
1790341587559742500,46.597742431640626,0.016493361443281174,0.014049900695681572,0.0024434609804302454
1790341587576208600,46.614208740234375,0.03298672288656235,-0.06352998316287994,0.01771509274840355
1790341587592725800,46.63072583007813,0.015882495790719986,0.05009094998240471,0.015271631069481373
1790341587609213400,46.64721337890625,0.010995574295520782,0.006108652334660292,0.015882495790719986
1790341587625706200,46.663706298828124,0.02382374368607998,-0.02932153269648552,0.010995574295520782
1790341587642202600,46.68020263671875,0.02076941914856434,-0.02321287989616394,0.02382374368607998
1790341587658694000,46.69669384765625,0.02076941914856434,-0.019547687843441963,0.014049900695681572
1790341587675173000,46.71317309570313,0.030543262138962746,-0.003054326167330146,0.02015855349600315
1790341587691624700,46.729624755859376,0.014049900695681572,0.05864306539297104,0.02321287989616394
1790341587708112100,46.74611206054688,0.04764748737215996,-0.00733038317412138,0.04214970022439957
1790341587724641500,46.7626416015625,0.018936822190880775,0.04092797264456749,0.024434609338641167
1790341587741142500,46.779142578125,0.02382374368607998,0.03237585723400116,0.001832595793530345
1790341587757650400,46.795650390625,0.03481931984424591,-0.03298672288656235,0.01160643994808197
1790341587774172400,46.81217236328125,0.01466076634824276,-0.012217304669320583,0.006108652334660292
1790341587790644000,46.82864404296875,0.03848451003432274,-0.06902777403593063,0.036041051149368286
1790341587807136800,46.84513671875,0.022602014243602753,-0.025045474991202354,0.009773843921720982
1790341587823626500,46.86162646484375,0.03298672288656235,-0.051312681287527084,-0.0006108652451075613
1790341587840175400,46.87817529296875,0.029932396486401558,0.0006108652451075613,-0.00733038317412138
1790341587856675300,46.89467529296875,0.02076941914856434,-0.018936822190880775,-0.009773843921720982
1790341587873184000,46.91118408203125,0.01710422709584236,-0.07391469180583954,0.005497787147760391
1790341587889684000,46.92768408203125,0.033597588539123535,-0.0507018156349659,0.02015855349600315
1790341587906178800,46.9441787109375,0.02687807008624077,-0.001832595793530345,-0.00427605677396059
1790341587922695700,46.96069580078125,0.013439035043120384,-0.06475171446800232,-0.014049900695681572
1790341587939186700,46.977186767578125,0.039095375686883926,-0.09346238523721695,-0.009773843921720982
1790341587955677200,46.99367724609375,0.02932153269648552,0.0024434609804302454,0.014049900695681572
1790341587972205000,47.010205078125,0.009773843921720982,0.05253441259264946,0.004886921960860491
1790341587988701000,47.026700927734375,0.03237585723400116,0.009773843921720982,0.003054326167330146
1790341588005215700,47.0432158203125,0,0.006719517521560192,0.00733038317412138
1790341588021698600,47.059698486328124,0.029932396486401558,-0.022602014243602753,0.02321287989616394
1790341588038187000,47.07618701171875,0.00366519158706069,0.0012217304902151227,0.009773843921720982
1790341588054679300,47.09267919921875,0.025045474991202354,-0.04337143152952194,-0.0024434609804302454
1790341588071124500,47.10912451171875,0.018936822190880775,0.08429940044879913,0.009773843921720982
1790341588087641900,47.12564184570312,0.00733038317412138,-0.02321287989616394,-0.006719517521560192
1790341588104098600,47.1420986328125,0.02871066704392433,-0.048258353024721146,0.028099801391363144
1790341588120527600,47.158527587890624,-0.018325956538319588,0.04642575979232788,-0.009773843921720982
1790341588136970800,47.174970703125,0.025656340643763542,-0.11301007121801376,-0.0012217304902151227
1790341588153329200,47.1913291015625,0.015882495790719986,0.02382374368607998,-0.003054326167330146
1790341588169811700,47.20781176757812,0.004886921960860491,-0.06169738993048668,-0.031154127791523933
1790341588186323500,47.224323486328124,0.01710422709584236,-0.018936822190880775,-0.00855211354792118
1790341588202810000,47.24081005859375,-0.00855211354792118,-0.042760565876960754,0.0006108652451075613
1790341588219335400,47.25733544921875,0.006719517521560192,-0.03237585723400116,0.0024434609804302454
1790341588235832000,47.27383203125,0.01038470957428217,-0.0012217304902151227,-0.018936822190880775
1790341588252313900,47.29031396484375,0.003054326167330146,0.005497787147760391,-0.02321287989616394
1790341588268797000,47.306796875,0.014049900695681572,0.029932396486401558,-0.036651913076639175
1790341588285282000,47.323281982421875,0.009773843921720982,0.06780604273080826,0.016493361443281174
1790341588301751000,47.3397509765625,0.0024434609804302454,0.0555887371301651,0.02687807008624077
1790341588318214400,47.35621435546875,0.0012217304902151227,-0.039706241339445114,-0.02015855349600315
1790341588334697500,47.37269750976562,0.009773843921720982,0.056810468435287476,-0.02626720629632473
1790341588351183000,47.38918310546875,0.00366519158706069,0.05375614017248154,-0.007941247895359993
1790341588367677200,47.40567724609375,0.0024434609804302454,0.039706241339445114,0.015882495790719986
1790341588384175900,47.42217578125,0.01466076634824276,0.054367005825042725,0.02382374368607998
1790341588400669000,47.4386689453125,0.018936822190880775,-0.01038470957428217,0.004886921960860491
1790341588417182000,47.45518188476562,-0.007941247895359993,0.05009094998240471,-0.01771509274840355
1790341588433633300,47.47163330078125,0.02871066704392433,-0.025045474991202354,-0.00427605677396059
1790341588450117600,47.48811767578125,-0.004886921960860491,0.0861319974064827,0.0024434609804302454
1790341588466640600,47.504640625,0.0006108652451075613,0.05864306539297104,-0.01160643994808197
1790341588483131400,47.52113134765625,0.022602014243602753,0.039095375686883926,-0.00427605677396059
1790341588499644000,47.53764379882813,-0.015882495790719986,0.07880161702632904,-0.009162978269159794
1790341588516124400,47.55412451171875,0.007941247895359993,0.006108652334660292,-0.021380282938480377
1790341588532658700,47.57065869140625,-0.01160643994808197,0.05253441259264946,-0.012828170321881771
1790341588549159400,47.587159423828126,0.00733038317412138,-0.04703662544488907,-0.01160643994808197
1790341588565655000,47.603655029296874,0.00733038317412138,-0.00427605677396059,0.001832595793530345
1790341588582135300,47.62013525390625,0.00366519158706069,0.015271631069481373,-0.02626720629632473
1790341588598622700,47.63662280273437,0.00427605677396059,0.05742133408784866,0.00427605677396059
1790341588615112400,47.653112548828126,-0.013439035043120384,0.009162978269159794,-0.03481931984424591
1790341588631624200,47.66962426757812,0.01771509274840355,0.04153883829712868,-0.007941247895359993
1790341588648113400,47.686113525390624,-0.003054326167330146,-0.0006108652451075613,-0.015271631069481373
1790341588664623400,47.70262329101563,-0.006719517521560192,0.02871066704392433,0.005497787147760391
1790341588681072000,47.71907202148437,0.00427605677396059,0.10018189996480942,0.0006108652451075613
1790341588697535500,47.735535400390624,0.013439035043120384,0.06536258012056351,0.001832595793530345
1790341588714025000,47.75202490234375,-0.009162978269159794,0.03481931984424591,-0.02871066704392433
1790341588730481000,47.76848095703125,0.006108652334660292,0.04703662544488907,-0.01160643994808197
1790341588746985200,47.784985107421875,0.0012217304902151227,-0.018936822190880775,-0.007941247895359993
1790341588763498000,47.801498046875,0.001832595793530345,0.04703662544488907,0.006719517521560192
1790341588779974100,47.81797412109375,0.00427605677396059,0.07024950534105301,-0.003054326167330146
1790341588796471000,47.83447094726562,-0.0024434609804302454,0.06963863968849182,0.00366519158706069
1790341588812927700,47.850927734375,-0.013439035043120384,0.0555887371301651,-0.03176499158143997
1790341588829435100,47.86743505859375,0.004886921960860491,0.05925392732024193,-0.003054326167330146
1790341588845916000,47.883916015625,-0.007941247895359993,-0.024434609338641167,-0.00366519158706069
1790341588862433800,47.900433837890624,0.003054326167330146,0.009773843921720982,0.018325956538319588
1790341588878927000,47.91692700195313,-0.0024434609804302454,0.06902777403593063,0.005497787147760391
1790341588895414000,47.9334140625,-0.001832595793530345,-0.025656340643763542,-0.006108652334660292
1790341588911923700,47.949923828125,-0.00855211354792118,0.05192354694008827,-0.003054326167330146
1790341588928405200,47.9664052734375,0.00366519158706069,-0.009162978269159794,0.016493361443281174
1790341588944886500,47.98288647460937,0.0006108652451075613,-0.014049900695681572,0.024434609338641167
1790341588961407500,47.999407470703126,-0.01466076634824276,0.006108652334660292,0.012217304669320583
1790341588977901300,48.0159013671875,0.0006108652451075613,-0.012217304669320583,0.018325956538319588
1790341588994413300,48.03241333007813,-0.0006108652451075613,-0.009773843921720982,0.02076941914856434
1790341589010897400,48.0488974609375,-0.012217304669320583,0.0354301854968071,0.007941247895359993
1790341589027381000,48.06538110351563,0.0006108652451075613,0.02321287989616394,0.03298672288656235
1790341589043880400,48.08188037109375,-0.012217304669320583,-0.036651913076639175,0.03237585723400116
1790341589060173300,48.09817333984375,-0.01160643994808197,0.06291911751031876,0.01466076634824276
1790341589076566500,48.11456640625,0.009773843921720982,-0.05497787147760391,0.02626720629632473
1790341589093020000,48.13102001953125,-0.0024434609804302454,-0.028099801391363144,0.0024434609804302454
1790341589109511700,48.14751171875,0.007941247895359993,0.03787364438176155,0.010995574295520782
1790341589125913900,48.163913818359376,0.00366519158706069,0.013439035043120384,0.030543262138962746
1790341589142409700,48.18040966796875,-0.00855211354792118,0.02076941914856434,0.004886921960860491
1790341589158925300,48.19692529296875,0.00855211354792118,0.0806342139840126,0.018936822190880775
1790341589175411200,48.2134111328125,0.006719517521560192,0.02932153269648552,0.01466076634824276
1790341589191896600,48.229896484375,0.004886921960860491,0.0959058403968811,-0.010995574295520782
1790341589208340000,48.24634008789062,0.018936822190880775,0.03420845419168472,0.01038470957428217
1790341589224831700,48.26283178710938,-0.0024434609804302454,0.001832595793530345,-0.0006108652451075613
1790341589241340200,48.279340087890624,0.012828170321881771,0.02382374368607998,-0.012828170321881771
1790341589257856800,48.295856689453124,0.00366519158706069,0.012217304669320583,-0.01771509274840355
1790341589274341000,48.31234106445312,-0.004886921960860491,-0.02626720629632473,-0.029932396486401558
1790341589290838300,48.32883837890625,0.009162978269159794,0.006108652334660292,-0.018325956538319588
1790341589307298800,48.345298828125,0.012217304669320583,0.036651913076639175,0.007941247895359993
1790341589323804700,48.3618046875,-0.004886921960860491,0.005497787147760391,-0.005497787147760391
1790341589340284700,48.37828466796875,0.007941247895359993,-0.04459316283464432,-0.03176499158143997
1790341589356778500,48.39477856445313,-0.001832595793530345,0.009162978269159794,-0.02932153269648552
1790341589373248500,48.41124853515625,-0.006719517521560192,-0.004886921960860491,-0.007941247895359993
1790341589389748000,48.427748046875,0.007941247895359993,0.033597588539123535,0
1790341589406263000,48.444262939453125,-0.01771509274840355,-0.0006108652451075613,0
1790341589422746400,48.460746337890626,0.009162978269159794,-0.07024950534105301,-0.02626720629632473
1790341589439232000,48.47723193359375,0.003054326167330146,-0.01160643994808197,-0.027488935738801956
1790341589455754000,48.49375390625,-0.007941247895359993,0.039095375686883926,-0.03176499158143997
1790341589472243500,48.510243408203124,0.009162978269159794,-0.0659734457731247,0.01710422709584236
1790341589488721200,48.52672119140625,-0.016493361443281174,-0.006108652334660292,-0.019547687843441963
1790341589505233000,48.54323291015625,0.00427605677396059,-0.03481931984424591,-0.031154127791523933
1790341589521710300,48.55971044921875,-0.018936822190880775,0,-0.04581489413976669
1790341589538205700,48.576205810546874,-0.02015855349600315,-0.009773843921720982,-0.021991148591041565
1790341589554695400,48.5926953125,-0.00855211354792118,0.003054326167330146,-0.006719517521560192
1790341589571204000,48.6092041015625,-0.02626720629632473,-0.048258353024721146,-0.001832595793530345
1790341589587650300,48.625650390625,-0.0024434609804302454,-0.0403171069920063,-0.007941247895359993
1790341589604135200,48.64213525390625,-0.0024434609804302454,-0.001832595793530345,-0.010995574295520782
1790341589620600600,48.6586005859375,-0.018325956538319588,0.07208210229873657,-0.029932396486401558
1790341589637088800,48.6750888671875,0.01771509274840355,0.014049900695681572,0.014049900695681572
1790341589653594400,48.69159448242188,-0.02687807008624077,0.059864792972803116,-0.006108652334660292
1790341589670071600,48.708071533203125,-0.004886921960860491,-0.019547687843441963,0.007941247895359993
1790341589686549500,48.724549560546876,0.004886921960860491,-0.048258353024721146,-0.022602014243602753
1790341589703031000,48.74103100585938,-0.006108652334660292,0.006108652334660292,-0.004886921960860491
1790341589719513000,48.75751318359375,-0.0024434609804302454,-0.08796459436416626,0.03176499158143997
1790341589736018400,48.77401831054687,-0.01466076634824276,-0.013439035043120384,0.007941247895359993
1790341589752530400,48.79053051757813,0.004886921960860491,-0.0403171069920063,0.007941247895359993
1790341589769010000,48.80701000976563,-0.007941247895359993,-0.05497787147760391,0.00427605677396059
1790341589785468000,48.82346801757812,-0.01771509274840355,0.009162978269159794,-0.039095375686883926
1790341589801923300,48.83992333984375,0.015271631069481373,-0.0006108652451075613,0.01466076634824276
1790341589818429400,48.856429443359374,-0.01466076634824276,0.030543262138962746,0.022602014243602753
1790341589834926600,48.87292651367188,-0.01160643994808197,0.05192354694008827,0.021991148591041565
1790341589851467800,48.8894677734375,0.009162978269159794,0.021380282938480377,0.003054326167330146
1790341589867964400,48.90596435546875,-0.009162978269159794,0.02687807008624077,-0.003054326167330146
1790341589884502000,48.922501953125,-0.006108652334660292,-0.0757472887635231,0.03481931984424591
1790341589901012700,48.9390126953125,-0.00733038317412138,-0.08185594528913498,0.04214970022439957
1790341589917463000,48.95546313476562,0.0012217304902151227,-0.018325956538319588,0.006719517521560192
1790341589933940000,48.97193994140625,-0.003054326167330146,-0.06780604273080826,0.019547687843441963
1790341589950455600,48.98845556640625,-0.022602014243602753,-0.04581489413976669,-0.01771509274840355
1790341589966945800,49.00494580078125,0.00366519158706069,-0.03787364438176155,0.005497787147760391
1790341589983456000,49.0214560546875,-0.006719517521560192,-0.05253441259264946,0.04092797264456749
1790341589999971000,49.03797119140625,-0.00366519158706069,0.00855211354792118,0.03176499158143997
1790341590016440300,49.0544404296875,0.00855211354792118,-0.00427605677396059,-0.00855211354792118
1790341590032941800,49.07094189453125,-0.014049900695681572,0.00855211354792118,-0.036041051149368286
1790341590049435600,49.087435546875,-0.003054326167330146,0.006108652334660292,0.005497787147760391
1790341590065894000,49.103893798828125,-0.006108652334660292,-0.015882495790719986,0.025045474991202354
1790341590082379300,49.120379150390626,-0.001832595793530345,-0.0659734457731247,0.04153883829712868
1790341590098871000,49.13687109375,-0.009162978269159794,-0.021380282938480377,-0.005497787147760391
1790341590115372000,49.1533720703125,-0.00427605677396059,0.001832595793530345,-0.004886921960860491
1790341590131846400,49.16984643554687,-0.02076941914856434,0.00855211354792118,0.0012217304902151227
1790341590148361200,49.186361328125,0.006108652334660292,-0.007941247895359993,0.04398229718208313
1790341590164844300,49.20284423828125,-0.001832595793530345,-0.06169738993048668,0.02382374368607998
1790341590181333800,49.219333740234376,0.0024434609804302454,-0.039706241339445114,-0.009773843921720982
1790341590197863000,49.23586279296875,-0.006108652334660292,-0.03176499158143997,-0.025656340643763542
1790341590214289700,49.25228955078125,0.006108652334660292,-0.021380282938480377,0.006108652334660292
1790341590230802200,49.26880224609375,0.005497787147760391,-0.06414084881544113,0.012217304669320583
1790341590247318800,49.28531884765625,-0.0006108652451075613,0.027488935738801956,-0.005497787147760391
1790341590263804000,49.30180395507813,-0.0012217304902151227,0.02382374368607998,-0.03481931984424591
1790341590280273400,49.3182734375,-0.0006108652451075613,0.00366519158706069,-0.027488935738801956
1790341590296767700,49.334767822265626,-0.00366519158706069,-0.006108652334660292,0.01710422709584236
1790341590313278200,49.3512783203125,-0.01160643994808197,0.004886921960860491,0.0006108652451075613
1790341590329729300,49.36772924804688,0.001832595793530345,-0.02015855349600315,0.0006108652451075613
1790341590346222600,49.38422265625,-0.018325956538319588,0.04398229718208313,-0.016493361443281174
1790341590362720800,49.400720703125,0,-0.004886921960860491,-0.028099801391363144
1790341590379182000,49.41718212890625,0.003054326167330146,0.09162978827953339,-0.010995574295520782
1790341590395666200,49.43366625976562,-0.012217304669320583,-0.03787364438176155,-0.0012217304902151227
1790341590412150800,49.45015087890625,-0.012828170321881771,-0.0757472887635231,0.025045474991202354
1790341590428624000,49.466623779296874,-0.00855211354792118,-0.10751228034496307,0.007941247895359993
1790341590445103000,49.48310302734375,-0.00855211354792118,-0.06780604273080826,-0.045204028487205505
1790341590461597700,49.49959765625,0.006108652334660292,-0.015882495790719986,-0.02015855349600315
1790341590478096000,49.516095947265626,-0.004886921960860491,0.009162978269159794,-0.009773843921720982
1790341590494575600,49.53257568359375,0.0012217304902151227,0.001832595793530345,0.010995574295520782
1790341590511061000,49.54906103515625,0.016493361443281174,-0.04153883829712868,0.021380282938480377
1790341590527528200,49.56552807617187,-0.033597588539123535,0.11850785464048386,-0.04459316283464432
1790341590543987500,49.581987548828124,0.028099801391363144,0.10384709388017654,-0.029932396486401558
1790341590560439800,49.598439697265626,-0.042760565876960754,-0.11301007121801376,-0.02015855349600315
1790341590576877800,49.6148779296875,0.00855211354792118,-0.11178833991289139,-0.012828170321881771
1790341590593342500,49.63134252929687,-0.0024434609804302454,-0.03848451003432274,-0.013439035043120384
1790341590609794800,49.647794921875,-0.021991148591041565,-0.07024950534105301,-0.027488935738801956
1790341590626283500,49.664283447265625,-0.018936822190880775,0.02871066704392433,-0.00427605677396059
1790341590642751000,49.6807509765625,0.004886921960860491,0.018936822190880775,-0.00733038317412138
1790341590659236400,49.697236328125,0.001832595793530345,0.045204028487205505,-0.02687807008624077
1790341590675723500,49.7137236328125,-0.001832595793530345,0.042760565876960754,-0.0354301854968071
1790341590692250600,49.73025073242187,-0.003054326167330146,0.1014036312699318,-0.015271631069481373
1790341590708711700,49.74671166992187,0.006719517521560192,0.06230825558304787,-0.012828170321881771
1790341590725227500,49.7632275390625,-0.003054326167330146,-0.009162978269159794,0.00855211354792118
1790341590741746000,49.77974584960938,-0.015271631069481373,0.01038470957428217,-0.0024434609804302454
1790341590758230500,49.79623046875,0.009162978269159794,-0.01710422709584236,-0.04153883829712868
1790341590774684200,49.81268408203125,-0.004886921960860491,0.00427605677396059,-0.0354301854968071
1790341590791144000,49.82914404296875,-0.00733038317412138,0.03726277872920036,-0.010995574295520782
1790341590807657700,49.84565771484375,0.007941247895359993,0.025045474991202354,0.02015855349600315
1790341590824143600,49.8621435546875,-0.00366519158706069,-0.02626720629632473,0.005497787147760391
1790341590840633600,49.878633544921875,-0.015271631069481373,0.06902777403593063,0.0012217304902151227
1790341590857137700,49.8951376953125,0.02076941914856434,-0.03848451003432274,-0.02015855349600315
1790341590873631700,49.9116318359375,0.012217304669320583,0.04337143152952194,0.006719517521560192
1790341590890104000,49.92810400390625,-0.015882495790719986,0.05375614017248154,-0.016493361443281174
1790341590906590200,49.944590087890624,0.03176499158143997,-0.003054326167330146,0.02321287989616394
1790341590923074600,49.96107446289062,-0.005497787147760391,0.054367005825042725,0.03298672288656235
1790341590939597000,49.97759716796875,-0.012828170321881771,-0.018325956538319588,0.0012217304902151227
1790341590956088000,49.994088134765626,-0.007941247895359993,0.07330382615327835,-0.009773843921720982
1790341590972597500,50.01059741210938,0.013439035043120384,0.003054326167330146,-0.00733038317412138
1790341590989111300,50.027111328125,0.0012217304902151227,0.060475658625364304,0
1790341591005598700,50.0435986328125,-0.01160643994808197,0.039706241339445114,0.02382374368607998
1790341591022070800,50.06007080078125,0.004886921960860491,-0.021380282938480377,0.01771509274840355
1790341591038513700,50.076513671875,0.009773843921720982,0,-0.012217304669320583
1790341591055062500,50.0930625,-0.010995574295520782,-0.00427605677396059,-0.02932153269648552
1790341591071547000,50.109546875,0.010995574295520782,0.02626720629632473,0.00733038317412138
1790341591088032000,50.12603198242188,0,-0.00733038317412138,0.006719517521560192
1790341591104570600,50.14257055664063,0.004886921960860491,0.03787364438176155,-0.006108652334660292
1790341591121064400,50.159064453125,0.01038470957428217,0.030543262138962746,-0.018325956538319588
1790341591137575400,50.17557543945313,-0.004886921960860491,0.029932396486401558,-0.015271631069481373
1790341591154026200,50.19202612304687,0.001832595793530345,0.018936822190880775,0.003054326167330146
1790341591170509800,50.208509765625,-0.005497787147760391,0.006108652334660292,-0.005497787147760391
1790341591186998500,50.22499853515625,0.001832595793530345,0.027488935738801956,-0.019547687843441963
1790341591203491000,50.241490966796874,0.01038470957428217,0.012217304669320583,0.00427605677396059
1790341591219987500,50.257987548828126,0.012217304669320583,0.025045474991202354,-0.016493361443281174
1790341591236457500,50.27445751953125,0.007941247895359993,0.08857546001672745,0.007941247895359993
1790341591252941600,50.29094165039062,0.009162978269159794,0.033597588539123535,-0.015882495790719986
1790341591269440000,50.30743994140625,0.021380282938480377,0.07208210229873657,0.0006108652451075613
1790341591285898800,50.32389868164063,0.018325956538319588,-0.012828170321881771,0.00366519158706069
1790341591302410800,50.34041064453125,0.01038470957428217,0.03420845419168472,0.0006108652451075613
1790341591318893800,50.356893798828125,0.012217304669320583,0.03237585723400116,0.00427605677396059
1790341591335382300,50.37338232421875,0.01038470957428217,0.010995574295520782,-0.012217304669320583
1790341591351880200,50.38988012695312,0.01160643994808197,0.019547687843441963,0.0006108652451075613
1790341591368374300,50.40637426757812,0.010995574295520782,-0.06291911751031876,0.006719517521560192
1790341591384855800,50.42285571289062,0.016493361443281174,0.005497787147760391,0.0012217304902151227
1790341591401341200,50.439341064453124,0.018325956538319588,-0.00733038317412138,-0.012828170321881771
1790341591417825500,50.45582543945312,0.007941247895359993,0.029932396486401558,-0.02382374368607998
1790341591434317300,50.4723173828125,0.00733038317412138,0.009773843921720982,-0.015882495790719986
1790341591450809300,50.488809326171875,0.015882495790719986,0.051312681287527084,-0.022602014243602753
1790341591467324200,50.50532421875,0.00366519158706069,0.01771509274840355,-0.01466076634824276
1790341591483840800,50.5218408203125,0.01710422709584236,-0.005497787147760391,0.006108652334660292
1790341591500327400,50.538327392578125,0.006108652334660292,-0.025045474991202354,0.0012217304902151227
1790341591516826400,50.55482641601562,0.00366519158706069,-0.0354301854968071,-0.019547687843441963
1790341591533322000,50.57132202148438,0.010995574295520782,-0.0555887371301651,-0.006719517521560192
1790341591549838000,50.587838134765626,0.015271631069481373,0.03420845419168472,0.0012217304902151227
1790341591566260700,50.6042607421875,0.010995574295520782,0.05192354694008827,0.00855211354792118
1790341591582757400,50.62075732421875,0.015882495790719986,0.025045474991202354,0.01710422709584236
1790341591599258400,50.63725830078125,0.004886921960860491,0.02626720629632473,-0.009162978269159794
1790341591615752000,50.653751953125,0.014049900695681572,0.01160643994808197,-0.006719517521560192
1790341591632266200,50.67026635742187,0.00733038317412138,0.0507018156349659,-0.0024434609804302454
1790341591648756000,50.686755859375,0.016493361443281174,-0.012217304669320583,-0.005497787147760391
1790341591665244000,50.70324389648437,0.01160643994808197,-0.014049900695681572,0.00366519158706069
1790341591681770500,50.7197705078125,0.014049900695681572,0.009773843921720982,-0.013439035043120384
1790341591698265600,50.736265625,0.018325956538319588,0.022602014243602753,-0.005497787147760391
1790341591714746600,50.75274658203125,0.006719517521560192,-0.028099801391363144,-0.01466076634824276
1790341591731231200,50.76923120117188,0.02382374368607998,-0.02382374368607998,0.003054326167330146
1790341591747718400,50.78571850585938,0.0024434609804302454,0.006108652334660292,-0.00366519158706069
1790341591764219000,50.802218994140624,0.012828170321881771,-0.024434609338641167,0.0012217304902151227
1790341591780682200,50.81868212890625,0.010995574295520782,-0.029932396486401558,-0.02015855349600315
1790341591797197600,50.83519750976563,0.01160643994808197,0.027488935738801956,-0.00366519158706069
1790341591813655600,50.85165551757812,0.00855211354792118,0.05497787147760391,0.00427605677396059
1790341591830153200,50.8681533203125,0.009773843921720982,0.05803219974040985,0.019547687843441963
1790341591846624300,50.884624267578126,0.014049900695681572,0.028099801391363144,0.00366519158706069
1790341591863129000,50.901129150390624,0.015882495790719986,0.0012217304902151227,-0.012828170321881771
1790341591879639800,50.91763989257812,0.004886921960860491,0.01710422709584236,-0.018936822190880775
1790341591896064300,50.934064208984374,0.02321287989616394,0.01160643994808197,0.004886921960860491
1790341591912515000,50.95051513671875,0.01160643994808197,0.0403171069920063,0.02076941914856434
1790341591929003500,50.96700341796875,0.009773843921720982,0.0354301854968071,0.007941247895359993
1790341591945491500,50.98349145507812,0.018936822190880775,0.001832595793530345,-0.006108652334660292
1790341591962002000,51.000001953125,0.00855211354792118,0.05009094998240471,-0.012217304669320583
1790341591978484500,51.016484375,0.010995574295520782,-0.001832595793530345,0.00427605677396059
1790341591994972200,51.03297216796875,0.018325956538319588,-0.0507018156349659,0.012828170321881771
1790341592011471400,51.04947143554688,0.012217304669320583,-0.018325956538319588,0.014049900695681572
1790341592027966000,51.06596606445312,0.00855211354792118,0.018936822190880775,-0.012828170321881771
1790341592044480300,51.08248022460938,0.013439035043120384,-0.0024434609804302454,-0.012828170321881771
1790341592060921900,51.098921875,0.01038470957428217,-0.027488935738801956,-0.014049900695681572
1790341592077415000,51.115414794921875,0.006108652334660292,0.00733038317412138,0.00733038317412138
1790341592093917000,51.1319169921875,0.012217304669320583,-0.02076941914856434,0.021991148591041565
1790341592110381000,51.148381103515625,0.012828170321881771,-0.03237585723400116,-0.0012217304902151227
1790341592126901200,51.1649013671875,0.009773843921720982,-0.01160643994808197,-0.012828170321881771
1790341592143394300,51.18139428710938,0.022602014243602753,0.0024434609804302454,0.016493361443281174
1790341592159880400,51.19788037109375,0.001832595793530345,0.05497787147760391,0.003054326167330146
1790341592176405500,51.21440551757812,0.02382374368607998,-0.024434609338641167,0.004886921960860491
1790341592192897300,51.230897216796876,0.01466076634824276,0.00366519158706069,0.018325956538319588
1790341592209409800,51.247409912109376,0.01160643994808197,0.007941247895359993,0.0006108652451075613
1790341592225931300,51.26393115234375,0.022602014243602753,-0.024434609338641167,0.01038470957428217
1790341592242444300,51.2804443359375,-0.0024434609804302454,-0.04886921867728233,-0.02076941914856434
1790341592258942700,51.296942626953125,0.014049900695681572,-0.003054326167330146,0.001832595793530345
1790341592275439900,51.31343994140625,0.02626720629632473,-0.030543262138962746,0.01710422709584236
1790341592291954700,51.32995458984375,0.006108652334660292,0.04398229718208313,0.0006108652451075613
1790341592308444000,51.34644384765625,0.010995574295520782,0.00427605677396059,-0.004886921960860491
1790341592324939500,51.362939453125,0.012217304669320583,-0.02076941914856434,-0.019547687843441963
1790341592341440800,51.37944067382813,0.006719517521560192,0.039706241339445114,-0.025045474991202354
1790341592357935600,51.395935546875,0.01466076634824276,0.04337143152952194,-0.004886921960860491
1790341592374419200,51.412419189453125,0.025656340643763542,0.016493361443281174,-0.001832595793530345
1790341592390879000,51.42887890625,0.004886921960860491,0.07635815441608429,-0.003054326167330146
1790341592407368700,51.44536865234375,0.01160643994808197,0.014049900695681572,-0.018936822190880775
1790341592423865000,51.461864990234375,0.014049900695681572,0.007941247895359993,-0.003054326167330146
1790341592440362000,51.47836206054688,0.013439035043120384,-0.016493361443281174,-0.005497787147760391
1790341592456845600,51.49484545898437,0.027488935738801956,-0.03726277872920036,-0.009162978269159794
1790341592473332000,51.51133203125,0.013439035043120384,0.003054326167330146,-0.003054326167330146
1790341592489820700,51.52782055664063,0.02321287989616394,-0.03787364438176155,-0.01466076634824276
1790341592506321700,51.54432177734375,0.025045474991202354,0.021991148591041565,-0.018325956538319588
1790341592522816800,51.56081665039063,0.027488935738801956,-0.05192354694008827,-0.010995574295520782
1790341592539334700,51.57733471679688,0.00733038317412138,-0.04642575979232788,-0.015882495790719986
1790341592555821300,51.5938212890625,0.02076941914856434,-0.01710422709584236,-0.006719517521560192
1790341592572382000,51.6103818359375,0.027488935738801956,-0.025045474991202354,-0.030543262138962746
1790341592588883200,51.62688330078125,0.024434609338641167,0.031154127791523933,-0.02382374368607998
1790341592605376000,51.6433759765625,0.012217304669320583,0.019547687843441963,-0.02321287989616394
1790341592621859800,51.65985986328125,0.027488935738801956,-0.0012217304902151227,-0.021991148591041565
1790341592638353400,51.676353515625,0.021380282938480377,0.016493361443281174,-0.018325956538319588
1790341592654846000,51.692845947265624,0.018936822190880775,-0.00733038317412138,-0.01038470957428217
1790341592671377400,51.70937744140625,0.02015855349600315,-0.02076941914856434,-0.02015855349600315
1790341592687839000,51.7258388671875,0.02382374368607998,0.02382374368607998,-0.027488935738801956
1790341592704351200,51.742351318359376,0.024434609338641167,-0.028099801391363144,-0.024434609338641167
1790341592720869000,51.758869140625,0.024434609338641167,0.004886921960860491,-0.007941247895359993
1790341592737353200,51.77535327148438,0.029932396486401558,-0.0024434609804302454,0.0012217304902151227
1790341592753849600,51.791849609375,0.027488935738801956,-0.04764748737215996,-0.01710422709584236
1790341592770342700,51.8083427734375,0.022602014243602753,-0.024434609338641167,-0.015271631069481373
1790341592786855400,51.82485546875,0.02626720629632473,0.024434609338641167,-0.02015855349600315
1790341592803305700,51.8413056640625,0.02626720629632473,-0.04703662544488907,-0.021991148591041565
1790341592819795200,51.85779516601563,0.021380282938480377,-0.04092797264456749,-0.010995574295520782
1790341592836292900,51.87429296875,0.025656340643763542,-0.02015855349600315,-0.025656340643763542
1790341592852754200,51.89075415039063,0.03176499158143997,-0.07452555745840073,-0.018936822190880775
1790341592869174500,51.90717456054688,0.022602014243602753,-0.08674286305904388,-0.012828170321881771
1790341592885627600,51.923627685546876,0.02932153269648552,-0.00855211354792118,-0.01466076634824276
1790341592902115800,51.94011572265625,0.0354301854968071,-0.018325956538319588,-0.00366519158706069
1790341592918582800,51.956582763671875,0.025656340643763542,0.02015855349600315,-0.006108652334660292
1790341592935044600,51.97304467773437,0.030543262138962746,-0.04764748737215996,-0.003054326167330146
1790341592951562800,51.98956274414063,0.02382374368607998,-0.012828170321881771,-0.014049900695681572
1790341592968077800,52.00607788085937,0.02687807008624077,-0.016493361443281174,-0.014049900695681572
1790341592984565000,52.02256494140625,0.03237585723400116,-0.03848451003432274,0.00733038317412138
1790341593001068000,52.03906811523437,0.02687807008624077,0.014049900695681572,0.016493361443281174
1790341593017531000,52.05553076171875,0.030543262138962746,-0.021380282938480377,-0.015882495790719986
1790341593034043100,52.07204321289063,0.025656340643763542,-0.00733038317412138,-0.021380282938480377
1790341593050462000,52.0884619140625,0.01771509274840355,-0.01710422709584236,-0.025045474991202354
1790341593066960000,52.1049599609375,0.031154127791523933,-0.03481931984424591,0.0012217304902151227
1790341593083429000,52.12142919921875,0.018325956538319588,-0.02626720629632473,0.00427605677396059
1790341593099898400,52.1378984375,0.028099801391363144,0.0012217304902151227,-0.014049900695681572
1790341593116380400,52.15438037109375,0.018936822190880775,0.02076941914856434,-0.014049900695681572
1790341593132840200,52.170840087890625,0.022602014243602753,0.003054326167330146,-0.02626720629632473
1790341593149297200,52.187297119140624,0.016493361443281174,0.00366519158706069,-0.00733038317412138
1790341593165828400,52.20382836914062,0.009773843921720982,-0.02626720629632473,-0.0024434609804302454
1790341593182325500,52.22032543945313,0.019547687843441963,-0.018325956538319588,-0.015271631069481373
1790341593198808600,52.23680859375,0.021380282938480377,-0.01771509274840355,-0.02687807008624077
1790341593215329800,52.253329833984374,0.01771509274840355,0.006108652334660292,-0.01710422709584236
1790341593231815400,52.2698154296875,0.015882495790719986,-0.015882495790719986,-0.005497787147760391
1790341593248355300,52.28635522460937,0.018936822190880775,-0.013439035043120384,-0.015271631069481373
1790341593264847400,52.30284741210937,0.02626720629632473,-0.02076941914856434,-0.01160643994808197
1790341593281362400,52.319362548828124,0.0024434609804302454,-0.036041051149368286,-0.02871066704392433
1790341593297849600,52.335849609375,0.021380282938480377,-0.05253441259264946,-0.012217304669320583
1790341593314338600,52.352338623046876,0.021380282938480377,-0.01160643994808197,0.005497787147760391
1790341593330837800,52.36883764648437,0.01710422709584236,0.03481931984424591,-0.024434609338641167
1790341593347332000,52.38533203125,0.01038470957428217,-0.03298672288656235,-0.02687807008624077
1790341593363813000,52.40181323242187,0.009162978269159794,0.001832595793530345,0.010995574295520782
1790341593380300000,52.41830004882812,0.014049900695681572,-0.01038470957428217,0
1790341593396787700,52.43478759765625,0.01771509274840355,0.007941247895359993,-0.006719517521560192
1790341593413284600,52.45128466796875,0.009773843921720982,-0.013439035043120384,-0.021380282938480377
1790341593429782000,52.467781982421876,0.02382374368607998,-0.02321287989616394,-0.00733038317412138
1790341593446284800,52.48428491210937,0.009162978269159794,0.04092797264456749,0.007941247895359993
1790341593462800600,52.50080053710938,0.013439035043120384,0.005497787147760391,0.012828170321881771
1790341593479289900,52.51728979492187,0.009162978269159794,0.02076941914856434,0.004886921960860491
1790341593495794700,52.53379467773438,0.0012217304902151227,0.013439035043120384,-0.00733038317412138
1790341593512292600,52.55029272460938,0.02687807008624077,-0.024434609338641167,0.01160643994808197
1790341593528809200,52.56680932617188,0.0012217304902151227,0.010995574295520782,0.0012217304902151227
1790341593545296400,52.58329638671875,0.018936822190880775,0.00427605677396059,0.01160643994808197
1790341593561789400,52.59978955078125,0.004886921960860491,-0.024434609338641167,0.006719517521560192
1790341593578292500,52.61629248046875,0.016493361443281174,-0.04886921867728233,-0.01038470957428217
1790341593594718200,52.63271826171875,0.00733038317412138,-0.02015855349600315,0.009773843921720982
1790341593611198000,52.64919799804687,0.01038470957428217,-0.033597588539123535,0.007941247895359993
1790341593627684400,52.66568432617188,0.01466076634824276,-0.06352998316287994,-0.019547687843441963
1790341593644169200,52.68216918945313,0.01771509274840355,0.019547687843441963,-0.006719517521560192
1790341593660693200,52.698693359375,0.00427605677396059,0.07269296050071716,-0.024434609338641167
1790341593677183500,52.71518359375,0.01466076634824276,0.015271631069481373,-0.01466076634824276
1790341593693699300,52.73169921875,0.004886921960860491,-0.007941247895359993,-0.0006108652451075613
1790341593710187000,52.74818701171875,0.009773843921720982,0.03481931984424591,0.00427605677396059
1790341593726674700,52.7646748046875,0.015882495790719986,-0.07513642311096191,-0.007941247895359993
1790341593743172000,52.78117211914063,-0.0006108652451075613,0.042760565876960754,-0.042760565876960754
1790341593759665000,52.79766479492187,0.01771509274840355,-0.014049900695681572,-0.015271631069481373
1790341593776181200,52.81418115234375,0.006108652334660292,-0.012217304669320583,-0.006108652334660292
1790341593792668000,52.83066796875,0.018325956538319588,0.014049900695681572,0.016493361443281174
1790341593809160400,52.84716040039063,0.01710422709584236,-0.01160643994808197,0.021991148591041565
1790341593825660000,52.86365991210938,-0.0006108652451075613,0.02871066704392433,0.00427605677396059
1790341593842152700,52.88015258789063,0.005497787147760391,-0.028099801391363144,-0.0403171069920063
1790341593858666000,52.896666015625,0.01466076634824276,-0.06536258012056351,-0.015271631069481373
1790341593875153700,52.913153564453125,-0.0024434609804302454,-0.031154127791523933,0.021380282938480377
1790341593891628300,52.92962817382813,0.016493361443281174,-0.03420845419168472,0.024434609338641167
1790341593908122000,52.9461220703125,0.015882495790719986,0.00366519158706069,-0.0024434609804302454
1790341593924650800,52.96265063476562,0.006719517521560192,0.00733038317412138,0.006108652334660292
1790341593941162000,52.979161865234374,0.00733038317412138,0.03237585723400116,0.021380282938480377
1790341593957646300,52.99564624023437,0.021380282938480377,-0.025045474991202354,-0.025045474991202354
1790341593974121200,53.012121337890626,0.02321287989616394,-0.021991148591041565,-0.04581489413976669
1790341593990622000,53.0286220703125,0.015882495790719986,0.03481931984424591,0.022602014243602753
1790341594007111400,53.045111328125,0.01710422709584236,-0.004886921960860491,0.030543262138962746
1790341594023623000,53.06162280273438,-0.003054326167330146,-0.04337143152952194,-0.02687807008624077
1790341594040107800,53.078107666015626,0.015271631069481373,-0.015882495790719986,-0.028099801391363144
1790341594056481000,53.09448095703125,0.00733038317412138,0.039706241339445114,0.003054326167330146
1790341594072882400,53.11088232421875,0.015882495790719986,0.01710422709584236,0.051312681287527084
1790341594089378300,53.12737841796875,0.01710422709584236,-0.016493361443281174,0.036041051149368286
1790341594105861400,53.143861328125,-0.0012217304902151227,0.07513642311096191,-0.0006108652451075613
1790341594122349800,53.160349853515626,0.02321287989616394,-0.01466076634824276,0.016493361443281174
1790341594138840300,53.17684033203125,-0.00733038317412138,-0.022602014243602753,0.00427605677396059
1790341594155366000,53.193365966796875,0.015882495790719986,0.048258353024721146,0.03726277872920036
1790341594171862300,53.2098623046875,0.015882495790719986,0.02626720629632473,0.09162978827953339
1790341594188365600,53.226365478515625,0.005497787147760391,-0.05497787147760391,0.051312681287527084
1790341594204888600,53.242888671875,-0.00427605677396059,0.02687807008624077,-0.004886921960860491
1790341594221375200,53.25937524414063,0.00855211354792118,-0.04214970022439957,-0.05009094998240471
1790341594237842000,53.27584204101562,0.018325956538319588,0.014049900695681572,0.02321287989616394
1790341594254336000,53.2923359375,0.00733038317412138,-0.07024950534105301,0.05314527451992035
1790341594270865200,53.308865234375,0.01038470957428217,-0.029932396486401558,0.04092797264456749
1790341594287357400,53.325357421875,-0.001832595793530345,-0.014049900695681572,0.015271631069481373
1790341594303843000,53.34184301757813,-0.00366519158706069,-0.025045474991202354,-0.03176499158143997
1790341594320307500,53.35830737304688,0.00855211354792118,0.03298672288656235,-0.006108652334660292
1790341594336784400,53.374784423828125,0.01038470957428217,-0.05253441259264946,0.13927727937698364
1790341594353246700,53.39124682617187,0.027488935738801956,-0.13255776464939117,0.06108652427792549
1790341594369751300,53.407751220703126,0.012217304669320583,0.09040805697441101,-0.009162978269159794
1790341594386229800,53.42422973632812,0.006719517521560192,0.036651913076639175,-0.01771509274840355
1790341594402747100,53.4407470703125,-0.0024434609804302454,-0.04092797264456749,0.0354301854968071
1790341594419242200,53.4572421875,-0.02382374368607998,0.021380282938480377,0.021380282938480377
1790341594435722200,53.47372216796875,0.0354301854968071,-0.0555887371301651,0.033597588539123535
1790341594452209000,53.490208984375,-0.016493361443281174,0.007941247895359993,0.009162978269159794
1790341594468695800,53.50669580078125,0.01038470957428217,-0.04886921867728233,0.02932153269648552
1790341594485196500,53.52319653320313,0.024434609338641167,0.015271631069481373,0.015882495790719986
1790341594501658600,53.53965869140625,0.01710422709584236,0.04703662544488907,-0.033597588539123535
1790341594518167000,53.5561669921875,0,0.02382374368607998,-0.027488935738801956
1790341594534654200,53.572654296875,0.00855211354792118,0,0.03298672288656235
1790341594551135500,53.58913549804687,0.0024434609804302454,0.018936822190880775,-0.03298672288656235
1790341594567605500,53.60560546875,0.018325956538319588,0.04337143152952194,-0.04214970022439957
1790341594584070400,53.6220703125,0.01466076634824276,-0.0403171069920063,-0.004886921960860491
1790341594600522000,53.63852197265625,0.006719517521560192,0.01466076634824276,-0.001832595793530345
1790341594617008000,53.655008056640625,0,0.021380282938480377,0.025656340643763542
1790341594633493500,53.671493408203126,0,0.006108652334660292,-0.001832595793530345
1790341594649993200,53.6879931640625,-0.01038470957428217,0.014049900695681572,-0.060475658625364304
1790341594666467000,53.704467041015626,-0.01038470957428217,0.02871066704392433,-0.025656340643763542
1790341594682982700,53.72098266601562,0.00733038317412138,-0.00733038317412138,-0.01466076634824276
1790341594699503900,53.73750390625,-0.009773843921720982,-0.015882495790719986,-0.005497787147760391
1790341594715993300,53.75399340820312,-0.006108652334660292,-0.02687807008624077,-0.009773843921720982
1790341594732460000,53.7704599609375,0.006108652334660292,-0.009162978269159794,0.05314527451992035
1790341594748956000,53.78695581054688,0.015882495790719986,-0.051312681287527084,0.02015855349600315
1790341594765470500,53.80347045898438,-0.0024434609804302454,-0.0024434609804302454,-0.03420845419168472
1790341594781923600,53.81992358398438,0.012217304669320583,-0.08918632566928864,-0.0555887371301651
1790341594798396200,53.83639624023437,0.01160643994808197,-0.04642575979232788,-0.02932153269648552
1790341594814862000,53.852862060546876,0.00366519158706069,0.01160643994808197,0.0403171069920063
1790341594831323400,53.86932348632813,-0.00366519158706069,-0.01771509274840355,0.02871066704392433
1790341594847802000,53.885802001953124,0.0006108652451075613,0.02321287989616394,-0.009773843921720982
1790341594864254200,53.902254150390625,-0.00427605677396059,-0.009773843921720982,-0.06536258012056351
1790341594880779300,53.918779296875,0.014049900695681572,0.039706241339445114,0.006108652334660292
1790341594897301000,53.93530102539062,0.006719517521560192,0.031154127791523933,0.07391469180583954
1790341594913794300,53.951794189453125,0.004886921960860491,-0.019547687843441963,0.03420845419168472
1790341594930306000,53.96830615234375,-0.01160643994808197,0.08307767659425735,-0.00855211354792118
1790341594946872300,53.98487231445313,0.016493361443281174,0.013439035043120384,0.02015855349600315
1790341594963356700,54.001356689453125,-0.009162978269159794,0.009773843921720982,0.03298672288656235
1790341594979852500,54.0178525390625,-0.01466076634824276,0.00855211354792118,0.02015855349600315
1790341594996345000,54.034344970703124,-0.00855211354792118,0.001832595793530345,0.01160643994808197
1790341595012822500,54.050822509765624,-0.01038470957428217,-0.0006108652451075613,0.02321287989616394
1790341595029272000,54.06727197265625,-0.02015855349600315,0.02076941914856434,0.006108652334660292
1790341595045760300,54.08376025390625,-0.00427605677396059,-0.00855211354792118,-0.010995574295520782
1790341595062322000,54.100322021484374,-0.012828170321881771,0.01466076634824276,0.015882495790719986
1790341595078819300,54.1168193359375,-0.00855211354792118,-0.02932153269648552,0.006719517521560192
1790341595095340000,54.13334008789062,-0.006108652334660292,-0.01160643994808197,-0.009773843921720982
1790341595111810800,54.149810791015625,-0.00855211354792118,-0.014049900695681572,-0.039095375686883926
1790341595128288800,54.16628881835938,-0.01160643994808197,0.02321287989616394,-0.031154127791523933
1790341595144814600,54.18281469726563,-0.02932153269648552,0.02626720629632473,0.02076941914856434
1790341595161276000,54.19927587890625,-0.015882495790719986,-0.012828170321881771,0.02871066704392433
1790341595177791000,54.215791015625,-0.025656340643763542,-0.015882495790719986,0.01038470957428217
1790341595194275000,54.232275146484376,-0.010995574295520782,-0.06841690838336945,-0.02321287989616394
1790341595210761200,54.24876123046875,-0.004886921960860491,-0.04153883829712868,0.004886921960860491
1790341595227258000,54.265258056640626,-0.01710422709584236,-0.039706241339445114,0.02321287989616394
1790341595243720400,54.281720458984374,-0.0012217304902151227,-0.03420845419168472,0.042760565876960754
1790341595260233700,54.298233642578126,-0.01771509274840355,0.013439035043120384,0.027488935738801956
1790341595276627700,54.314627685546874,0.006108652334660292,-0.04886921867728233,0.018325956538319588
1790341595293121300,54.33112133789062,-0.00733038317412138,0.03176499158143997,0.01160643994808197
1790341595309625300,54.34762524414062,0.006108652334660292,0.012217304669320583,0.030543262138962746
1790341595326119200,54.364119140625,0.0006108652451075613,0.02687807008624077,0.025656340643763542
1790341595342630700,54.380630615234374,-0.01038470957428217,-0.010995574295520782,0.006108652334660292
1790341595359085800,54.3970859375,0.005497787147760391,-0.006719517521560192,0.006719517521560192
1790341595375573000,54.413572998046874,0.0012217304902151227,-0.02871066704392433,-0.004886921960860491
1790341595392097000,54.430096923828124,-0.003054326167330146,0.00427605677396059,-0.012217304669320583
1790341595408592100,54.44659204101563,-0.004886921960860491,0.014049900695681572,-0.014049900695681572
1790341595425106700,54.46310668945313,0.00366519158706069,0.01160643994808197,-0.019547687843441963
1790341595441619000,54.479618896484375,-0.00855211354792118,0.04214970022439957,-0.005497787147760391
1790341595458104800,54.49610473632813,-0.003054326167330146,0.07757988572120667,0.07147123664617538
1790341595474557200,54.51255712890625,-0.009162978269159794,0.007941247895359993,0.06658431142568588
1790341595491049200,54.52904931640625,-0.010995574295520782,0.039095375686883926,0.031154127791523933
1790341595507559700,54.5455595703125,-0.00855211354792118,0.010995574295520782,0.0012217304902151227
1790341595524039700,54.56203979492187,-0.004886921960860491,-0.001832595793530345,-0.051312681287527084
1790341595540525600,54.578525634765626,-0.001832595793530345,0.01771509274840355,-0.04214970022439957
1790341595556989000,54.59498901367188,-0.00855211354792118,-0.014049900695681572,-0.02626720629632473
1790341595573449200,54.61144921875,0,0.009162978269159794,-0.009162978269159794
1790341595589962800,54.62796264648438,-0.0012217304902151227,-0.02015855349600315,-0.042760565876960754
1790341595606411800,54.644411865234375,-0.0006108652451075613,-0.0012217304902151227,-0.04459316283464432
1790341595622911000,54.66091088867187,0.0024434609804302454,-0.00855211354792118,-0.028099801391363144
1790341595639434200,54.67743432617188,0.001832595793530345,-0.01038470957428217,0.021991148591041565
1790341595655929300,54.69392944335937,0.003054326167330146,0.022602014243602753,0.01710422709584236
1790341595672413200,54.7104130859375,0.005497787147760391,0,0.013439035043120384
1790341595688933000,54.72693310546875,0.0012217304902151227,-0.021991148591041565,0.010995574295520782
1790341595705421800,54.743421875,-0.001832595793530345,-0.04459316283464432,0.02076941914856434
1790341595721923000,54.75992309570312,0.003054326167330146,-0.001832595793530345,0.031154127791523933
1790341595738417700,54.776417724609374,0.001832595793530345,-0.03298672288656235,0.028099801391363144
1790341595754930200,54.79293017578125,0.0012217304902151227,0.005497787147760391,0.019547687843441963
1790341595771415300,54.80941528320312,0.0012217304902151227,0.0403171069920063,0.0012217304902151227
1790341595787905300,54.8259052734375,0.00366519158706069,0.016493361443281174,0.014049900695681572
1790341595804403200,54.8424033203125,0.006719517521560192,0.0024434609804302454,0.03848451003432274
1790341595820895700,54.85889575195313,0.0012217304902151227,0.02321287989616394,0.029932396486401558
1790341595837376300,54.875376220703124,-0.0012217304902151227,0.03298672288656235,0.01038470957428217
1790341595853829600,54.89182958984375,0.0012217304902151227,0.003054326167330146,0.00855211354792118
1790341595870298000,54.908298095703124,-0.00427605677396059,-0.010995574295520782,-0.00366519158706069
1790341595886803000,54.92480297851562,0.007941247895359993,-0.05925392732024193,0.012828170321881771
1790341595903300000,54.941300048828126,0.004886921960860491,-0.015882495790719986,0.12950342893600464
1790341595919748900,54.95774877929688,-0.00366519158706069,-0.08979719132184982,0.11484266817569733
1790341595936259000,54.974259033203126,-0.0006108652451075613,-0.025656340643763542,0.042760565876960754
1790341595952739600,54.99073950195312,0.01038470957428217,-0.03481931984424591,-0.11789698898792267
1790341595969209900,55.0072099609375,-0.009773843921720982,0.03848451003432274,-0.21868975460529327
1790341595985654300,55.023654296875,-0.0024434609804302454,-0.00733038317412138,-0.13805554807186127
1790341596002134300,55.04013427734375,0.0024434609804302454,-0.005497787147760391,-0.042760565876960754
1790341596018622200,55.05662231445312,0.00366519158706069,0.009773843921720982,0.029932396486401558
1790341596035114800,55.07311474609375,0.01038470957428217,-0.015882495790719986,0.0403171069920063
1790341596050538500,55.08853857421875,0.0006108652451075613,0.010995574295520782,-0.02015855349600315
1790341596067001300,55.10500146484375,0.010995574295520782,-0.021991148591041565,-0.05742133408784866
1790341596083520800,55.12152075195313,0.010995574295520782,0.012828170321881771,-0.03787364438176155
1790341596100009700,55.138009765625,0.01038470957428217,0.04092797264456749,-0.005497787147760391
