time,seconds_elapsed,qz,qy,qx,qw,roll,pitch,yaw
1790341541092828200,0.130828125,-0.16727277636528015,0.06062723323702812,0.43146950006484985,0.8844085335731506,0.3853027820587158,-0.8374042510986328,0.5470396280288696
1790341541109309200,0.14730908203125,-0.08893594890832901,0.09593350440263748,0.4231296181678772,0.8965759873390198,0.3775714933872223,-0.8355594277381897,0.3669668734073639
1790341541125775400,0.163775390625,-0.08083995431661606,0.09741465747356415,0.4212978482246399,0.898044228553772,0.37036657333374023,-0.834466278553009,0.3452421724796295
1790341541142243600,0.18024365234375,-0.08466676622629166,0.09375184774398804,0.4210067093372345,0.8982179164886475,0.3646728992462158,-0.8337191343307495,0.35089975595474243
1790341541158736400,0.196736328125,-0.07524353265762329,0.09735740721225739,0.4197844862937927,0.8992446660995483,0.36231058835983276,-0.8335564732551575,0.32878318428993225
1790341541175207000,0.21320703125,-0.07419080287218094,0.09817314147949219,0.4200635552406311,0.899113118648529,0.3635598421096802,-0.8342638611793518,0.3272043466567993
1790341541191706000,0.2297060546875,-0.06965971738100052,0.10130947083234787,0.4205731153488159,0.898889422416687,0.3672693371772766,-0.8360234498977661,0.31930485367774963
1790341541208178700,0.2461787109375,-0.08286195248365402,0.09660255908966064,0.4236476421356201,0.8968413472175598,0.37290748953819275,-0.8388575315475464,0.352096825838089
1790341541224650500,0.262650390625,-0.0739024206995964,0.10211808234453201,0.4246310591697693,0.8965482711791992,0.37836068868637085,-0.8425021767616272,0.3356543481349945
1790341541241148700,0.279148681640625,-0.06721328943967819,0.10578107833862305,0.4259677529335022,0.8960157632827759,0.3818168342113495,-0.8467445373535156,0.32348498702049255
1790341541257620200,0.2956201171875,-0.07862215489149094,0.10011229664087296,0.42951491475105286,0.8940431475639343,0.3835398852825165,-0.8514971733093262,0.35106948018074036
1790341541274044400,0.31204443359375,-0.06634960323572159,0.10535524040460587,0.4300449788570404,0.8941808342933655,0.3837786614894867,-0.8557995557785034,0.324884831905365
1790341541290512000,0.328511962890625,-0.0629279688000679,0.105756476521492,0.43046051263809204,0.8941808342933655,0.3812040090560913,-0.8579584360122681,0.3165622055530548
1790341541306978300,0.344978271484375,-0.07163921743631363,0.10005249828100204,0.4315374493598938,0.8936626315116882,0.37715944647789,-0.8586520552635193,0.3342844545841217
1790341541323415000,0.3614150390625,-0.07758043706417084,0.09572512656450272,0.4318982660770416,0.8934662342071533,0.3728733956813812,-0.8585874438285828,0.34549444913864136
1790341541339877600,0.377877685546875,-0.08079147338867188,0.0928664579987526,0.43209362030029297,0.8933889269828796,0.36915725469589233,-0.8587855696678162,0.35093802213668823
1790341541356366800,0.394366943359375,-0.07099487632513046,0.09685006737709045,0.43130433559417725,0.8941792249679565,0.3673715889453888,-0.8595900535583496,0.3283640742301941
1790341541372858000,0.410858154296875,-0.04860740527510643,0.10711801797151566,0.4290081262588501,0.8956089019775391,0.36626365780830383,-0.8602927327156067,0.2779775857925415
1790341541389321000,0.427321044921875,-0.05291549861431122,0.10436221212148666,0.42980384826660156,0.8953084349632263,0.36462846398353577,-0.8611146211624146,0.28701862692832947
1790341541405810400,0.443810546875,-0.06570427119731903,0.09739567339420319,0.4316190481185913,0.8943724632263184,0.36275625228881836,-0.8621718883514404,0.31496500968933105
1790341541422209500,0.46020947265625,-0.058203354477882385,0.09985998272895813,0.43136993050575256,0.8947403430938721,0.3601413667201996,-0.8637805581092834,0.29733672738075256
1790341541438698500,0.476698486328125,-0.06413046270608902,0.09545508027076721,0.43250933289527893,0.8942657709121704,0.35635969042778015,-0.8653364181518555,0.30914929509162903
1790341541455157800,0.49315771484375,-0.05798132345080376,0.0970575213432312,0.4322165548801422,0.8946546912193298,0.3529285788536072,-0.8665722012519836,0.2940458357334137
1790341541471620000,0.5096201171875,-0.053101006895303726,0.09779929369688034,0.43188732862472534,0.8950357437133789,0.348641037940979,-0.8675127625465393,0.28129518032073975
1790341541488107300,0.526107177734375,-0.05237295478582382,0.09654046595096588,0.4318363666534424,0.8952398896217346,0.34419411420822144,-0.868068516254425,0.2776550352573395
1790341541504567800,0.54256787109375,-0.05141901969909668,0.09592410176992416,0.4317236840724945,0.8954157829284668,0.34119242429733276,-0.8683745265007019,0.2741483449935913
1790341541521071400,0.5590712890625,-0.05564495921134949,0.09276080876588821,0.4321669340133667,0.895282506942749,0.3380647897720337,-0.8687148690223694,0.28215885162353516
1790341541537533000,0.575532958984375,-0.06123817339539528,0.08860576897859573,0.4327491223812103,0.8950570821762085,0.3340453803539276,-0.8692083954811096,0.29282891750335693
1790341541553994200,0.591994140625,-0.0631905123591423,0.085514135658741,0.4330390691757202,0.8950818777084351,0.32817956805229187,-0.8701156973838806,0.294565886259079
1790341541570513000,0.608512939453125,-0.06548403203487396,0.08143147826194763,0.4334993362426758,0.8950749635696411,0.3201551139354706,-0.8716065287590027,0.29614943265914917
1790341541586976000,0.62497607421875,-0.06329546868801117,0.0786890760064125,0.4334777593612671,0.8954880237579346,0.3097405731678009,-0.8731976747512817,0.2865753173828125
1790341541603468500,0.641468505859375,-0.06108063831925392,0.07554404437541962,0.4333980977535248,0.8959511518478394,0.2980841398239136,-0.8747425675392151,0.2763248682022095
1790341541619956000,0.6579560546875,-0.05997622013092041,0.07163982838392258,0.4332815706729889,0.8964026570320129,0.28566470742225647,-0.8760187029838562,0.26812171936035156
1790341541636417500,0.67441748046875,-0.06962723284959793,0.06250955909490585,0.4335729479789734,0.8962472677230835,0.27283573150634766,-0.8764504790306091,0.2835403382778168
1790341541652905000,0.690905029296875,-0.07633408904075623,0.054725974798202515,0.43317732214927673,0.8964014649391174,0.2594732940196991,-0.8760976791381836,0.29197412729263306
1790341541669362700,0.70736279296875,-0.07984975725412369,0.04876655340194702,0.43226897716522217,0.8968775272369385,0.24668258428573608,-0.8750829100608826,0.29344573616981506
1790341541685856000,0.72385595703125,-0.07998542487621307,0.04563353583216667,0.43135926127433777,0.8974681496620178,0.2374054193496704,-0.8740938305854797,0.289096474647522
1790341541702317000,0.740317138671875,-0.07688616961240768,0.044973503798246384,0.43002644181251526,0.8984114527702332,0.23050911724567413,-0.8722310662269592,0.27854523062705994
1790341541718778000,0.756778076171875,-0.075160451233387,0.04369533434510231,0.42834532260894775,0.8994231224060059,0.22345460951328278,-0.8694265484809875,0.27084124088287354
1790341541735237000,0.773237060546875,-0.0728011429309845,0.042715344578027725,0.42664146423339844,0.9004734754562378,0.21646122634410858,-0.8666109442710876,0.2617936134338379
1790341541751736000,0.789736083984375,-0.0723796859383583,0.041014302521944046,0.4256974458694458,0.9010332226753235,0.21054211258888245,-0.865158200263977,0.25781553983688354
1790341541768253000,0.8062529296875,-0.07271764427423477,0.039508331567049026,0.4259987473487854,0.9009308218955994,0.20702065527439117,-0.8661565184593201,0.2570646107196808
1790341541784712700,0.822712646484375,-0.06969515979290009,0.04053391516208649,0.4272625744342804,0.9005256295204163,0.20687447488307953,-0.8692912459373474,0.2507919371128082
1790341541801173200,0.83917333984375,-0.06730059534311295,0.04135960340499878,0.4290993809700012,0.8997965455055237,0.20735685527324677,-0.8735873103141785,0.24639327824115753
1790341541817609000,0.85560888671875,-0.06526347249746323,0.04181047901511192,0.43117180466651917,0.8989346027374268,0.20739899575710297,-0.8784229755401611,0.24266016483306885
1790341541834070800,0.87207080078125,-0.06464844942092896,0.041182998567819595,0.4335169196128845,0.8978795409202576,0.20645670592784882,-0.8838199377059937,0.24170242249965668
1790341541850553900,0.888553955078125,-0.06500419229269028,0.040100838989019394,0.43601080775260925,0.896694540977478,0.20562660694122314,-0.8894469738006592,0.24299491941928864
1790341541867038500,0.90503857421875,-0.06620433181524277,0.03896395489573479,0.43822452425956726,0.8955770134925842,0.20560084283351898,-0.8942959308624268,0.24644140899181366
1790341541883496700,0.92149658203125,-0.06655589491128922,0.03830544278025627,0.43961793184280396,0.8948962092399597,0.2052098512649536,-0.8974286317825317,0.24754172563552856
1790341541899986400,0.937986328125,-0.08280229568481445,0.029114171862602234,0.4417276084423065,0.8928453922271729,0.20297040045261383,-0.9010311961174011,0.28338444232940674
1790341541916450300,0.9544501953125,-0.09798914939165115,0.020116517320275307,0.44225481152534485,0.8912935853004456,0.1988648921251297,-0.9017528891563416,0.31552252173423767
1790341541932941800,0.97094189453125,-0.09835782647132874,0.01826472394168377,0.44272884726524353,0.8910574316978455,0.19450999796390533,-0.9033432006835938,0.31446483731269836
1790341541949405000,0.987405029296875,-0.0978236123919487,0.017182229086756706,0.44427090883255005,0.8903700113296509,0.19196100533008575,-0.9071791768074036,0.3126578629016876
1790341541965867800,1.00386767578125,-0.11333698034286499,0.008737326599657536,0.4470703601837158,0.8872465491294861,0.19229967892169952,-0.9130021333694458,0.34876349568367004
1790341541982327800,1.020327880859375,-0.11283518373966217,0.009272441267967224,0.450143963098526,0.885749876499176,0.195933997631073,-0.9195639491081238,0.3506709337234497
1790341541998790100,1.0367900390625,-0.11244974285364151,0.010027351789176464,0.45278865098953247,0.8844416737556458,0.20002950727939606,-0.9250904321670532,0.3529168963432312
1790341542015299000,1.053299072265625,-0.11254556477069855,0.010382160544395447,0.45438385009765625,0.8836068511009216,0.20272178947925568,-0.9283900856971741,0.3551377058029175
1790341542031763200,1.06976318359375,-0.11334985494613647,0.010163992643356323,0.4549275040626526,0.8832268118858337,0.20380611717700958,-0.9294719696044922,0.35772275924682617
1790341542048227300,1.086227294921875,-0.1140550822019577,0.009955203160643578,0.4548414349555969,0.8831826448440552,0.20416320860385895,-0.9292064309120178,0.3594528138637543
1790341542064675800,1.10267578125,-0.11463873088359833,0.009817885234951973,0.4546644985675812,0.8831997513771057,0.20445817708969116,-0.9287434220314026,0.36083751916885376
1790341542081181700,1.119181640625,-0.11525775492191315,0.009707946330308914,0.4547932744026184,0.8830540180206299,0.20518310368061066,-0.928924024105072,0.3626474440097809
1790341542097631500,1.135631591796875,-0.11525378376245499,0.01045562606304884,0.4556504786014557,0.8826041221618652,0.20819197595119476,-0.9304818511009216,0.36449217796325684
1790341542114169000,1.152169189453125,-0.1183566153049469,0.009191209450364113,0.4573533535003662,0.881325900554657,0.21086010336875916,-0.9339565634727478,0.3735942542552948
1790341542130700000,1.168699951171875,-0.1324065774679184,0.0019883427303284407,0.45917946100234985,0.8784183263778687,0.21302425861358643,-0.9376617074012756,0.4074134826660156
1790341542147135700,1.1851357421875,-0.1350787729024887,0.0009516155114397407,0.46067944169044495,0.8772270679473877,0.2157301902770996,-0.9407222867012024,0.4155655801296234
1790341542163612000,1.20161181640625,-0.13515129685401917,0.0020382357761263847,0.46206405758857727,0.8764855861663818,0.2205640971660614,-0.9431877136230469,0.4188039004802704
1790341542180072200,1.218072265625,-0.1355191171169281,0.0033891312777996063,0.4637167751789093,0.8755512237548828,0.22696854174137115,-0.9460252523422241,0.4236488342285156
1790341542196531700,1.23453173828125,-0.13541866838932037,0.0049821119755506516,0.4659944474697113,0.874349057674408,0.23414906859397888,-0.9502041935920715,0.4281696677207947
1790341542212988700,1.25098876953125,-0.13505999743938446,0.006409568712115288,0.46882468461990356,0.8728809356689453,0.2411913126707077,-0.9557121992111206,0.43237826228141785
1790341542229487400,1.2674873046875,-0.134433776140213,0.007596273440867662,0.4720384478569031,0.8712345361709595,0.2476786971092224,-0.9622325897216797,0.43596887588500977
1790341542245993500,1.283993408203125,-0.13430097699165344,0.008178167045116425,0.47498857975006104,0.8696449995040894,0.2529354393482208,-0.9683400988578796,0.4399825632572174
1790341542262462500,1.30046240234375,-0.13510888814926147,0.007931933738291264,0.47572702169418335,0.869118332862854,0.2544615566730499,-0.9698180556297302,0.44303327798843384
1790341542278919400,1.31691943359375,-0.13624167442321777,0.0071577392518520355,0.4744158387184143,0.8696646690368652,0.25229397416114807,-0.9670509099960327,0.44378435611724854
1790341542295375400,1.333375244140625,-0.1370692253112793,0.006275379564613104,0.47247031331062317,0.8706001043319702,0.24851728975772858,-0.9630641937255859,0.44267353415489197
1790341542311853300,1.349853271484375,-0.13713820278644562,0.0054573556408286095,0.47035688161849976,0.8717383742332458,0.24355199933052063,-0.9588986039161682,0.439157634973526
1790341542328306700,1.366306640625,-0.13641591370105743,0.005252639297395945,0.46883007884025574,0.872674822807312,0.23992343246936798,-0.9559105634689331,0.4348503351211548
1790341542344761900,1.382761962890625,-0.1325288861989975,0.006953392643481493,0.4680367410182953,0.8736873269081116,0.23786330223083496,-0.9544439911842346,0.42450496554374695
1790341542361244400,1.399244384765625,-0.1301025152206421,0.007771889213472605,0.46812817454338074,0.8739960193634033,0.2365761548280716,-0.9549105167388916,0.4183679223060608
1790341542377742600,1.41574267578125,-0.12939484417438507,0.007778026629239321,0.4681810438632965,0.8740726113319397,0.23554407060146332,-0.9552110433578491,0.4162634611129761
1790341542394241500,1.432241455078125,-0.12899121642112732,0.007784740068018436,0.46786755323410034,0.8743001818656921,0.23456086218357086,-0.9546388387680054,0.41468533873558044
1790341542410717000,1.448717041015625,-0.12606041133403778,0.009440626949071884,0.4671836793422699,0.8750766515731812,0.23406252264976501,-0.9531829357147217,0.40739351511001587
1790341542427251200,1.465251220703125,-0.12142530828714371,0.012066159397363663,0.466318279504776,0.8761606812477112,0.233596533536911,-0.9513658285140991,0.39615878462791443
1790341542443705900,1.481705810546875,-0.11523264646530151,0.015505552291870117,0.46558675169944763,0.8773313164710999,0.2333286851644516,-0.9499290585517883,0.3815796375274658
1790341542460192800,1.49819287109375,-0.10764618963003159,0.01924758590757847,0.4650493264198303,0.8785050511360168,0.2320844531059265,-0.9492045044898987,0.36348429322242737
1790341542476693000,1.51469287109375,-0.1003565713763237,0.022164203226566315,0.46471482515335083,0.8794757723808289,0.22912709414958954,-0.9492211937904358,0.3453373610973358
1790341542493167400,1.53116748046875,-0.09164741635322571,0.02523929998278618,0.46442604064941406,0.8804953694343567,0.2245347797870636,-0.9496703743934631,0.3232085406780243
1790341542509623300,1.547623291015625,-0.08508807420730591,0.027016064152121544,0.46416494250297546,0.8812384605407715,0.21944491565227509,-0.9501152038574219,0.30571791529655457
1790341542526128000,1.564128173828125,-0.08090604841709137,0.027539990842342377,0.46402838826179504,0.8816877603530884,0.21440643072128296,-0.9506613612174988,0.29367735981941223
1790341542542626300,1.580626220703125,-0.0765395388007164,0.02842455357313156,0.4637250304222107,0.8822091817855835,0.21001695096492767,-0.9507538080215454,0.28148335218429565
1790341542559116500,1.597116455078125,-0.07212116569280624,0.02953927591443062,0.463008850812912,0.8829206228256226,0.20590226352214813,-0.9498689770698547,0.26915624737739563
1790341542575571000,1.613571044921875,-0.06768715381622314,0.031141702085733414,0.46205824613571167,0.8837141990661621,0.2030777782201767,-0.9483233690261841,0.25737592577934265
1790341542592071200,1.6300712890625,-0.06264874339103699,0.033377889543771744,0.4613823890686035,0.8843570947647095,0.20149551331996918,-0.9473503828048706,0.24499022960662842
1790341542608609300,1.646609375,-0.05761725455522537,0.035612378269433975,0.4612659811973572,0.8846726417541504,0.2003832459449768,-0.9476306438446045,0.2330785095691681
1790341542625097200,1.66309716796875,-0.05191344767808914,0.03837054595351219,0.46170559525489807,0.8846811652183533,0.2002355456352234,-0.949184000492096,0.22035227715969086
1790341542641581600,1.67958154296875,-0.0460587777197361,0.0412047803401947,0.46228474378585815,0.8845754265785217,0.20017127692699432,-0.9511014819145203,0.20737911760807037
1790341542658064600,1.696064697265625,-0.03810786083340645,0.045591045171022415,0.4625304937362671,0.8846100568771362,0.2013164758682251,-0.9524590969085693,0.190206840634346
1790341542674534100,1.7125341796875,-0.022970050573349,0.05442972108721733,0.4621308147907257,0.8848418593406677,0.20444881916046143,-0.9532899856567383,0.15774564445018768
1790341542690987300,1.7289873046875,-0.007886571809649467,0.06361280381679535,0.4615405797958374,0.8848002552986145,0.20871298015117645,-0.9540057182312012,0.12597844004631042
1790341542707438600,1.7454384765625,0.007086589001119137,0.07288862764835358,0.4609941244125366,0.8843764066696167,0.2135612964630127,-0.9551799893379211,0.09481148421764374
1790341542723895300,1.761895263671875,0.021906893700361252,0.08204606920480728,0.4606628715991974,0.8835034370422363,0.21846188604831696,-0.9572116732597351,0.06409631669521332
1790341542740350500,1.7783505859375,0.03659426420927048,0.09104103595018387,0.46041378378868103,0.8822650909423828,0.22313211858272552,-0.9598004817962646,0.03358129411935806
1790341542756809500,1.7948095703125,0.04652833193540573,0.0975380539894104,0.46054938435554504,0.8810310363769531,0.22769832611083984,-0.9624480605125427,0.01374705508351326
1790341542773204700,1.811204833984375,0.05178830400109291,0.10150010138750076,0.46093881130218506,0.8800859451293945,0.23186376690864563,-0.9646411538124084,0.004237861838191748
1790341542789735000,1.82773486328125,0.05722896382212639,0.10543873906135559,0.460862934589386,0.8793252110481262,0.23548723757266998,-0.965907096862793,-0.006084631662815809
1790341542806266400,1.844266357421875,0.06298858672380447,0.1092037484049797,0.46028730273246765,0.8787733316421509,0.23787854611873627,-0.9662034511566162,-0.017901549115777016
1790341542822722300,1.860722412109375,0.06920316815376282,0.11278140544891357,0.45938819646835327,0.8783244490623474,0.23885998129844666,-0.96595698595047,-0.03156315162777901
1790341542839209000,1.877208984375,0.07572541385889053,0.11594591289758682,0.4583941698074341,0.8778935670852661,0.2380492389202118,-0.9656215906143188,-0.046878788620233536
1790341542855695600,1.893695556640625,0.10978718847036362,0.1329841911792755,0.45356324315071106,0.8743811249732971,0.23588846623897552,-0.965571403503418,-0.12575271725654602
1790341542872153600,1.910153564453125,0.11593377590179443,0.13528266549110413,0.4527024030685425,0.8736810684204102,0.23311178386211395,-0.9656215906143188,-0.1412530243396759
1790341542888643300,1.926643310546875,0.12211460620164871,0.13741685450077057,0.4517926871776581,0.8729766011238098,0.2297724485397339,-0.9655643105506897,-0.15714131295681
1790341542905101600,1.9431015625,0.12816260755062103,0.13919590413570404,0.4505954682826996,0.8724463582038879,0.22554202377796173,-0.9647738933563232,-0.17324493825435638
1790341542921588500,1.95958837890625,0.13484352827072144,0.14106836915016174,0.44896313548088074,0.8719800114631653,0.22062870860099792,-0.9631920456886292,-0.1912001520395279
1790341542938048000,1.976048095703125,0.1410396248102188,0.14232978224754333,0.44647350907325745,0.8720731139183044,0.2147219479084015,-0.9594278931617737,-0.20865920186042786
1790341542954505000,1.9925048828125,0.14377695322036743,0.14178964495658875,0.44345805048942566,0.8732519745826721,0.20894755423069,-0.953201174736023,-0.21819521486759186
1790341542970993400,2.008993408203125,0.14682407677173615,0.14226366579532623,0.44008520245552063,0.8743734359741211,0.2059822529554367,-0.94649738073349,-0.22698324918746948
1790341542987447800,2.02544775390625,0.15028882026672363,0.14353547990322113,0.43657156825065613,0.8753377199172974,0.20494049787521362,-0.9397975206375122,-0.2357213795185089
1790341543003927000,2.041927001953125,0.15436506271362305,0.14460590481758118,0.43316134810447693,0.8761460781097412,0.20246705412864685,-0.9334360361099243,-0.24652089178562164
1790341543020383700,2.0583837890625,0.15898999571800232,0.14486117660999298,0.4300299882888794,0.8768190145492554,0.19683535397052765,-0.9275951385498047,-0.26006031036376953
1790341543036841200,2.07484130859375,0.1642789989709854,0.14369754493236542,0.42707669734954834,0.8774787187576294,0.1861691176891327,-0.9218389987945557,-0.2774970531463623
1790341543053195000,2.091195068359375,0.17005661129951477,0.140936017036438,0.4243835210800171,0.8781323432922363,0.1702851802110672,-0.9161511659622192,-0.29846495389938354
1790341543069610200,2.1076103515625,0.17585855722427368,0.13721686601638794,0.4225618541240692,0.8784571290016174,0.15159089863300323,-0.9118967652320862,-0.32070672512054443
1790341543086070000,2.124070068359375,0.1813289374113083,0.13351084291934967,0.4220857322216034,0.8781448602676392,0.13309995830059052,-0.9103582501411438,-0.3420378863811493
1790341543102556000,2.140555908203125,0.18403661251068115,0.13193951547145844,0.422270268201828,0.8777302503585815,0.1245463564991951,-0.9105516672134399,-0.352323442697525
1790341543118880800,2.156880859375,0.18949636816978455,0.12734119594097137,0.4255978763103485,0.8756380081176758,0.10159998387098312,-0.9167043566703796,-0.37608420848846436
1790341543135276800,2.17327685546875,0.19212578237056732,0.12472371757030487,0.4273938536643982,0.8745662569999695,0.08911950141191483,-0.9198220372200012,-0.38832613825798035
1790341543151734300,2.189734375,0.19610361754894257,0.12396162003278732,0.42757463455200195,0.873702883720398,0.0808558315038681,-0.920269787311554,-0.4014938771724701
1790341543168219100,2.20621923828125,0.20105978846549988,0.12528268992900848,0.4255788028240204,0.8733624815940857,0.0785040482878685,-0.9169459939002991,-0.41378164291381836
1790341543184673500,2.222673583984375,0.20594091713428497,0.12751564383506775,0.42158031463623047,0.8738409876823425,0.08024226129055023,-0.9096840023994446,-0.4236418604850769
1790341543201130200,2.239130126953125,0.2103131115436554,0.12980607151985168,0.4153560400009155,0.8754417300224304,0.08441036939620972,-0.8976113200187683,-0.4308681786060333
1790341543217588700,2.255588623046875,0.21522365510463715,0.13274797797203064,0.40755268931388855,0.8774724006652832,0.09070722758769989,-0.8825694918632507,-0.4381885528564453
1790341543234041600,2.27204150390625,0.21932202577590942,0.13591213524341583,0.39985084533691406,0.879514217376709,0.09867070615291595,-0.8678890466690063,-0.44301268458366394
1790341543250527000,2.28852685546875,0.22365158796310425,0.1394149512052536,0.3933846652507782,0.8807904720306396,0.1064499020576477,-0.8561723232269287,-0.4487217962741852
1790341543266980600,2.304980712890625,0.2277551293373108,0.14247576892375946,0.3884039521217346,0.8814595341682434,0.11242172867059708,-0.8474936485290527,-0.45495492219924927
1790341543283435300,2.321435302734375,0.2321520745754242,0.14460663497447968,0.3843499720096588,0.8817422986030579,0.11500710994005203,-0.8404399752616882,-0.46345585584640503
1790341543299833600,2.33783349609375,0.23658612370491028,0.144879549741745,0.38073301315307617,0.8820880651473999,0.1124412789940834,-0.8334169387817383,-0.47427603602409363
1790341543316286700,2.35428662109375,0.24266476929187775,0.1441294550895691,0.37715718150138855,0.8820958733558655,0.10529293864965439,-0.8261502981185913,-0.49073538184165955
1790341543332742700,2.37074267578125,0.24922482669353485,0.14446982741355896,0.3747275769710541,0.8812462091445923,0.09981861710548401,-0.821936309337616,-0.5076957941055298
1790341543349224000,2.387223876953125,0.2565217912197113,0.14729249477386475,0.37457484006881714,0.8787463307380676,0.09833936393260956,-0.8240164518356323,-0.5250468254089355
1790341543365678300,2.40367822265625,0.26275721192359924,0.15039779245853424,0.37694254517555237,0.8753591179847717,0.09694595634937286,-0.8315201997756958,-0.5403985977172852
1790341543382137300,2.420137451171875,0.26768001914024353,0.15148510038852692,0.3804638683795929,0.8721507787704468,0.09085755795240402,-0.8401493430137634,-0.5549805760383606
1790341543398594800,2.4365947265625,0.27070993185043335,0.1495356261730194,0.38343876600265503,0.8702470660209656,0.07947880029678345,-0.8455476760864258,-0.5673948526382446
1790341543415084300,2.453084228515625,0.2723833918571472,0.1451178640127182,0.384121298789978,0.870171844959259,0.06523547321557999,-0.8443785309791565,-0.5774096250534058
1790341543431539200,2.469539306640625,0.27375274896621704,0.14081066846847534,0.38141244649887085,0.8716399669647217,0.05469195917248726,-0.8360536098480225,-0.5843228101730347
1790341543447994400,2.485994384765625,0.27474236488342285,0.13799412548542023,0.3754333555698395,0.8743707537651062,0.051455117762088776,-0.821783721446991,-0.5864747166633606
1790341543464383000,2.502383056640625,0.2758162021636963,0.1369638592004776,0.36772477626800537,0.8774651288986206,0.0541536770761013,-0.8050785064697266,-0.5860452651977539
1790341543480836000,2.518836181640625,0.27527105808258057,0.13594436645507812,0.35987070202827454,0.8810438513755798,0.05876816436648369,-0.7880321741104126,-0.5812167525291443
1790341543497347000,2.53534716796875,0.27448204159736633,0.1350642889738083,0.3519323468208313,0.884624719619751,0.06384720653295517,-0.7709285616874695,-0.5758094191551208
1790341543513846800,2.5518466796875,0.2718499004840851,0.13361963629722595,0.34521061182022095,0.8882979154586792,0.06835135817527771,-0.7559067010879517,-0.5668206810951233
1790341543530300700,2.56830078125,0.2704228460788727,0.13252732157707214,0.34033700823783875,0.8907741904258728,0.07084822654724121,-0.7450433373451233,-0.5617842674255371
1790341543546803500,2.584803466796875,0.2691667377948761,0.13120479881763458,0.3375509977340698,0.8924090266227722,0.0709967315196991,-0.7383912801742554,-0.5584001541137695
1790341543563259600,2.601259765625,0.2684915363788605,0.12965397536754608,0.3360380232334137,0.8934095501899719,0.06905806064605713,-0.734291136264801,-0.5573084354400635
1790341543579715000,2.617715087890625,0.2679620087146759,0.1276581883430481,0.33494803309440613,0.8942648768424988,0.06560161709785461,-0.7308189272880554,-0.5571559071540833
1790341543596199700,2.63419970703125,0.26820170879364014,0.12620873749256134,0.3336765170097351,0.894873857498169,0.06282656639814377,-0.7273539304733276,-0.5584606528282166
1790341543612660200,2.65066015625,0.26906299591064453,0.12553057074546814,0.33304670453071594,0.8949452638626099,0.060817234218120575,-0.725712239742279,-0.5610048770904541
1790341543629118200,2.6671181640625,0.2694333791732788,0.12797488272190094,0.33379217982292175,0.8942097425460815,0.06573346257209778,-0.7287287712097168,-0.5602365732192993
1790341543645577000,2.683576904296875,0.2666357755661011,0.13622108101844788,0.3353445827960968,0.8932486772537231,0.08721853792667389,-0.7365483641624451,-0.546488344669342
1790341543662036200,2.7000361328125,0.25983795523643494,0.14623741805553436,0.33782365918159485,0.892734169960022,0.11681263893842697,-0.7466304898262024,-0.5206699967384338
1790341543678495000,2.716494873046875,0.2502010464668274,0.15735308825969696,0.3409653604030609,0.8924024701118469,0.15233445167541504,-0.7577605843544006,-0.48595431447029114
1790341543694951400,2.732951416015625,0.2386332005262375,0.1651025116443634,0.3457009494304657,0.8923486471176147,0.1815226525068283,-0.7694905996322632,-0.44894155859947205
1790341543711439400,2.749439453125,0.22740738093852997,0.16616182029247284,0.3525705933570862,0.8923957943916321,0.19321568310260773,-0.7821945548057556,-0.4191584885120392
1790341543727890000,2.765889892578125,0.21750742197036743,0.16098682582378387,0.3609192669391632,0.8924747109413147,0.18733565509319305,-0.7955580353736877,-0.39920076727867126
1790341543744275500,2.782275390625,0.21030578017234802,0.15164947509765625,0.3703053295612335,0.8919910192489624,0.16728508472442627,-0.8101689219474792,-0.39121684432029724
1790341543760727300,2.798727294921875,0.2062799632549286,0.13981416821479797,0.3801419138908386,0.8907259702682495,0.1364331990480423,-0.8254989981651306,-0.39532941579818726
1790341543777179400,2.815179443359375,0.20401981472969055,0.12579521536827087,0.39003533124923706,0.889057993888855,0.0968635156750679,-0.8403212428092957,-0.40784409642219543
1790341543793592000,2.831592041015625,0.2030106633901596,0.11249372363090515,0.39946115016937256,0.8868837356567383,0.056910257786512375,-0.8544746041297913,-0.42413756251335144
1790341543810045700,2.848045654296875,0.2029290795326233,0.10187928378582001,0.4069874584674835,0.884760856628418,0.023297127336263657,-0.8656575679779053,-0.4401569664478302
1790341543826530800,2.86453076171875,0.20304234325885773,0.09572732448577881,0.4114370346069336,0.8833627700805664,0.003180799772962928,-0.8722373247146606,-0.4503725469112396
1790341543843010600,2.881010498046875,0.2050291895866394,0.09507276117801666,0.4108794331550598,0.8832340836524963,-0.0008405569824390113,-0.8707166314125061,-0.4565807282924652
1790341543859468000,2.897468017578125,0.20692141354084015,0.09650308638811111,0.40568387508392334,0.8850375413894653,0.004489814396947622,-0.8602843284606934,-0.45728829503059387
1790341543875927600,2.913927490234375,0.20794697105884552,0.09929445385932922,0.3974924087524414,0.8881995677947998,0.01666594296693802,-0.8441416621208191,-0.4524751901626587
1790341543892385300,2.93038525390625,0.20986399054527283,0.10406274348497391,0.38819414377212524,0.891309916973114,0.03332585468888283,-0.8266710042953491,-0.4478696584701538
1790341543908841500,2.946841552734375,0.21333663165569305,0.10906049609184265,0.37885165214538574,0.8939042687416077,0.0483308881521225,-0.8093623518943787,-0.44784536957740784
1790341543925297200,2.963297119140625,0.21665342152118683,0.11160159111022949,0.37041565775871277,0.8963251709938049,0.05639855936169624,-0.7928887009620667,-0.450714111328125
1790341543941752300,2.97975244140625,0.21917219460010529,0.11169925332069397,0.36319512128829956,0.8986524343490601,0.05835828185081482,-0.7778300642967224,-0.4545193314552307
1790341543958205000,2.996204833984375,0.22157341241836548,0.11259613186120987,0.3570728302001953,0.9004034399986267,0.06179668754339218,-0.765525221824646,-0.4576890170574188
1790341543974655700,3.01265576171875,0.22351416945457458,0.11480575799942017,0.35288292169570923,0.9012961983680725,0.0677957832813263,-0.7579381465911865,-0.45916947722435
1790341543991136300,3.02913623046875,0.2245670109987259,0.11633895337581635,0.3511269688606262,0.9015235900878906,0.07155317813158035,-0.7550845742225647,-0.4598718285560608
1790341544007587000,3.045587158203125,0.22516199946403503,0.1167537048459053,0.35094743967056274,0.9013915657997131,0.07206785678863525,-0.7549594640731812,-0.46098440885543823
1790341544024038100,3.0620380859375,0.22638174891471863,0.11773669719696045,0.3505558669567108,0.9011104702949524,0.07346539944410324,-0.7547217607498169,-0.46313366293907166
1790341544040544000,3.0785439453125,0.2280101776123047,0.11954133957624435,0.34922894835472107,0.9009775519371033,0.07703321427106857,-0.7529690265655518,-0.4652644395828247
1790341544056974800,3.094974853515625,0.22870609164237976,0.12076832354068756,0.347330778837204,0.9013711214065552,0.08047909289598465,-0.7496584057807922,-0.46529754996299744
1790341544073443000,3.111443115234375,0.2283390909433365,0.1202109307050705,0.3453447222709656,0.9023013710975647,0.08066514134407043,-0.7451849579811096,-0.46417662501335144
1790341544089925600,3.127925537109375,0.2276354879140854,0.11664065718650818,0.3439759910106659,0.9034698009490967,0.07344000786542892,-0.7404862642288208,-0.4651232659816742
1790341544106375200,3.144375244140625,0.22585710883140564,0.10774331539869308,0.34378811717033386,0.9050910472869873,0.05362347513437271,-0.7355409264564514,-0.46842750906944275
1790341544122828000,3.160828125,0.22340530157089233,0.09289081394672394,0.3437745273113251,0.9073480367660522,0.02004939503967762,-0.7279638051986694,-0.475193589925766
1790341544139244000,3.177244140625,0.22152107954025269,0.07592325657606125,0.34278181195259094,0.9097607731819153,-0.018210716545581818,-0.7172784209251404,-0.4845180809497833
1790341544155695400,3.1936953125,0.22049102187156677,0.05903762951493263,0.34099212288856506,0.911933422088623,-0.05608297139406204,-0.7049014568328857,-0.4950949251651764
1790341544172144600,3.21014453125,0.21981868147850037,0.04279414564371109,0.3395553529262543,0.9135373830795288,-0.09257678687572479,-0.6934666037559509,-0.505740761756897
1790341544188594700,3.2265947265625,0.2192917913198471,0.027798669412732124,0.3391924202442169,0.9143779277801514,-0.12676766514778137,-0.6847664713859558,-0.5159968733787537
1790341544205075000,3.243074951171875,0.21981129050254822,0.015971388667821884,0.3388783037662506,0.9146526455879211,-0.15433572232723236,-0.6776105165481567,-0.5261808037757874
1790341544221523700,3.259523681640625,0.22106818854808807,0.006896943785250187,0.337938517332077,0.914810836315155,-0.1754879653453827,-0.6704632639884949,-0.535492479801178
1790341544238032000,3.276031982421875,0.22279401123523712,0.0002856051141861826,0.3350760340690613,0.9154708981513977,-0.18956337869167328,-0.660652220249176,-0.5426210761070251
1790341544254483700,3.292483642578125,0.22612325847148895,-0.003623233875259757,0.3293673098087311,0.9167182445526123,-0.19616304337978363,-0.646298348903656,-0.5495570302009583
1790341544270935800,3.308935791015625,0.22860313951969147,-0.006732443813234568,0.3212413489818573,0.9189664721488953,-0.1980545073747635,-0.627770721912384,-0.552105188369751
1790341544287313200,3.325313232421875,0.23194827139377594,-0.008966845460236073,0.31078797578811646,0.9216997623443604,-0.19664539396762848,-0.6049813628196716,-0.5546128153800964
1790341544303762700,3.3417626953125,0.23503197729587555,-0.010272874496877193,0.2977818548679352,0.92519211769104,-0.19095379114151,-0.5777994394302368,-0.5544590950012207
1790341544320245800,3.358245849609375,0.23899336159229279,-0.008690359070897102,0.28210198879241943,0.9290991425514221,-0.17770802974700928,-0.5469067096710205,-0.5535104870796204
1790341544336728800,3.374728759765625,0.24329498410224915,-0.004439671989530325,0.2634725570678711,0.9334721565246582,-0.15719622373580933,-0.5117780566215515,-0.5511299967765808
1790341544353183700,3.391183837890625,0.24594581127166748,0.0008580125868320465,0.24427005648612976,0.9379989504814148,-0.1338042914867401,-0.47650033235549927,-0.5454020500183105
1790341544369671400,3.40767138671875,0.24764838814735413,0.0062989541329443455,0.2255364954471588,0.9422122240066528,-0.11070013791322708,-0.44241848587989807,-0.538966953754425
1790341544386129400,3.42412939453125,0.24891044199466705,0.009624024853110313,0.2073676735162735,0.9460178017616272,-0.09277497231960297,-0.40839633345603943,-0.533790647983551
1790341544402618600,3.44061865234375,0.2498699426651001,0.00992532353848219,0.18981868028640747,0.949439525604248,-0.08175082504749298,-0.3740655183792114,-0.5301610231399536
1790341544419071200,3.4570712890625,0.24988383054733276,0.005867034662514925,0.17362795770168304,0.9525633454322815,-0.08027957379817963,-0.3402421772480011,-0.5268921256065369
1790341544435523300,3.4735234375,0.24871018528938293,0.0015065124025568366,0.1576443910598755,0.9556617140769958,-0.07932047545909882,-0.3068515956401825,-0.5214754343032837
1790341544451976700,3.489976806640625,0.2470128834247589,-0.0010855617001652718,0.1414124220609665,0.9586376547813416,-0.0748002901673317,-0.27400609850883484,-0.5146874189376831
1790341544468426500,3.506426513671875,0.24447159469127655,-0.0025927985552698374,0.1254246085882187,0.9615069031715393,-0.0683598741889,-0.24228912591934204,-0.5062911510467529
1790341544484879600,3.522879638671875,0.2411360740661621,-0.004067271947860718,0.11036460101604462,0.9641870260238647,-0.06251438707113266,-0.21245741844177246,-0.4967997968196869
1790341544501333200,3.539333251953125,0.2375584840774536,-0.0064896284602582455,0.09666856378316879,0.9665294289588928,-0.05952209234237671,-0.1848333179950714,-0.48753368854522705
1790341544517834000,3.555833984375,0.2339344322681427,-0.010570834390819073,0.08411602675914764,0.9685492515563965,-0.06063021346926689,-0.15866006910800934,-0.47880521416664124
1790341544534347300,3.57234716796875,0.230307474732399,-0.015965087339282036,0.0725734755396843,0.9702766537666321,-0.06503693014383316,-0.13387851417064667,-0.47046124935150146
1790341544550798300,3.58879833984375,0.22600878775119781,-0.02192932553589344,0.06215759366750717,0.9718928337097168,-0.07122145593166351,-0.11113724112510681,-0.46093177795410156
1790341544567282400,3.605282470703125,0.22028551995754242,-0.027084356173872948,0.0526253916323185,0.9736382365226746,-0.07631315290927887,-0.09066777676343918,-0.44847121834754944
1790341544583763000,3.621762939453125,0.21395833790302277,-0.030661065131425858,0.04413119703531265,0.9753636717796326,-0.07898830622434616,-0.0730324536561966,-0.43477174639701843
1790341544600216300,3.63821630859375,0.20726878941059113,-0.03295226767659187,0.03645344823598862,0.9770491123199463,-0.07971980422735214,-0.05760551616549492,-0.42037513852119446
1790341544616699100,3.65469921875,0.20012348890304565,-0.03366554528474808,0.02944025956094265,0.9787494540214539,-0.07783806324005127,-0.0441691055893898,-0.40509724617004395
1790341544633152500,3.671152587890625,0.19300799071788788,-0.03262931481003761,0.02336096204817295,0.9803763031959534,-0.07310109585523605,-0.033215735107660294,-0.3899856209754944
1790341544649603300,3.687603271484375,0.1850927472114563,-0.029896344989538193,0.01796683669090271,0.9821019172668457,-0.06543946266174316,-0.02422570437192917,-0.37335482239723206
1790341544666052000,3.704052001953125,0.17726410925388336,-0.025710823014378548,0.01304421667009592,0.9837409853935242,-0.0552457794547081,-0.01654980331659317,-0.35701876878738403
1790341544682501000,3.720501220703125,0.16871428489685059,-0.020871557295322418,0.008407523855566978,0.9854081273078918,-0.04398712143301964,-0.009527170099318027,-0.3393464982509613
1790341544698986200,3.736986328125,0.16034111380577087,-0.01584390364587307,0.004197308328002691,0.9869256019592285,-0.032625462859869,-0.003204009495675564,-0.32216838002204895
1790341544715439000,3.753439208984375,0.1506895273923874,-0.010804598219692707,0.00016197474906221032,0.9885221123695374,-0.0214117132127285,0.002936052391305566,-0.302517831325531
1790341544731913700,3.769913818359375,0.1413649171590805,-0.0069979955442249775,-0.003894357942044735,0.9899252653121948,-0.012754878029227257,0.009688940830528736,-0.2836274802684784
1790341544748364000,3.786364013671875,0.027564391493797302,-0.004305944312363863,-0.008604474365711212,0.9995737075805664,-0.008135189302265644,0.01743987761437893,-0.055067382752895355
1790341544764816000,3.80281591796875,-0.04195571318268776,-0.0012446730397641659,-0.01268109679222107,0.9990382194519043,-0.0035521793179214,0.025236036628484726,0.08398770540952682
1790341544781205000,3.819205078125,-0.04811384156346321,0.0014065613504499197,-0.016683781519532204,0.9987016320228577,0.0012047034688293934,0.03346583619713783,0.09625820815563202
1790341544797655800,3.83565576171875,-0.05488842725753784,0.0029299098532646894,-0.021180473268032074,0.9982635974884033,0.003527730004861951,0.04262193292379379,0.10978201776742935
1790341544814140200,3.85214013671875,-0.06187799200415611,0.0035329563543200493,-0.025447288528084755,0.9977530837059021,0.0039059182163327932,0.05123986676335335,0.12377595901489258
1790341544830561000,3.86856103515625,-0.0679091289639473,0.003445243928581476,-0.029292359948158264,0.9972555041313171,0.002898173639550805,0.05892595276236534,0.1358967125415802
1790341544847013000,3.88501318359375,-0.06914975494146347,0.011261031962931156,-0.01913248747587204,0.9973593354225159,0.019833529368042946,0.03973177820444107,0.13805009424686432
1790341544863467500,3.901467529296875,-0.07223919779062271,0.01615329086780548,-0.010871211998164654,0.9971972703933716,0.0306590236723423,0.02401759661734104,0.1442635953426361
1790341544879919600,3.917919677734375,-0.07342153787612915,0.020799005404114723,-0.0011707758530974388,0.9970834255218506,0.04131712019443512,0.00538893835619092,0.14689595997333527
1790341544896371700,3.934371826171875,-0.07434643059968948,0.02540408819913864,0.008962815627455711,0.9968686103820801,0.052010390907526016,-0.014092558063566685,0.14925087988376617
1790341544912821200,3.9508212890625,-0.0758514404296875,0.030138123780488968,0.019903693348169327,0.9964647889137268,0.06316348165273666,-0.03510182723402977,0.15305711328983307
1790341544929271600,3.967271484375,-0.07724820077419281,0.03447941318154335,0.030673488974571228,0.9959433674812317,0.07359890639781952,-0.05580012500286102,0.15687063336372375
1790341544945755400,3.98375537109375,-0.07905701547861099,0.03808063268661499,0.041210517287254333,0.9952897429466248,0.08265139907598495,-0.07608511298894882,0.16167707741260529
1790341544962206200,4.000206298828125,-0.10706529021263123,0.03810978680849075,0.049455225467681885,0.9922897219657898,0.08668152242898941,-0.09010924398899078,0.2188733071088791
1790341544978713000,4.016713134765625,-0.12422738969326019,0.037054821848869324,0.05759069696068764,0.9898878335952759,0.08826903253793716,-0.10500305891036987,0.2543290853500366
1790341544995164000,4.033163818359375,-0.1271888166666031,0.03581216186285019,0.06251783668994904,0.9892584085464478,0.08744470030069351,-0.11483500897884369,0.2607663869857788
1790341545011614500,4.049614501953125,-0.13015155494213104,0.03402777761220932,0.06514833867549896,0.9887661933898926,0.08496450632810593,-0.12026511877775192,0.2668741047382355
1790341545028126200,4.066126220703125,-0.13221168518066406,0.03194562345743179,0.06664671003818512,0.9884623885154724,0.08148840069770813,-0.12362299859523773,0.27097761631011963
1790341545044574200,4.08257421875,-0.1349434107542038,0.02930425852537155,0.06785044819116592,0.9880930781364441,0.07691251486539841,-0.1265134960412979,0.27633383870124817
1790341545061019600,4.09901953125,-0.1378980576992035,0.025819698348641396,0.06784801930189133,0.9877825379371643,0.0703471302986145,-0.12726043164730072,0.28189852833747864
1790341545077498600,4.11549853515625,-0.14191879332065582,0.021767254918813705,0.06641297787427902,0.9874081015586853,0.06236588582396507,-0.12530268728733063,0.28941571712493896
1790341545093947600,4.13194775390625,-0.1474435180425644,0.01790313608944416,0.0643560066819191,0.986812174320221,0.054746124893426895,-0.122037872672081,0.2999790906906128
1790341545110466300,4.14846630859375,-0.15325692296028137,0.013870751485228539,0.06362279504537582,0.9860386252403259,0.04722109064459801,-0.12151633203029633,0.3112594783306122
1790341545126948000,4.164947998046875,-0.1599162220954895,0.01049349270761013,0.06701862066984177,0.9847970008850098,0.04246818274259567,-0.12900081276893616,0.32470306754112244
1790341545143321000,4.181321044921875,-0.16716843843460083,0.008507843129336834,0.07318330556154251,0.9831717014312744,0.04162532091140747,-0.1415310502052307,0.33978915214538574
1790341545159767800,4.197767822265625,-0.17445440590381622,0.007483214605599642,0.07988321781158447,0.9813911318778992,0.043088287115097046,-0.15479989349842072,0.3551916778087616
1790341545176270300,4.214270263671875,-0.18273073434829712,0.006258917972445488,0.08666964620351791,0.9793154001235962,0.04457740858197212,-0.16825926303863525,0.37269774079322815
1790341545192722200,4.23072216796875,-0.19176557660102844,0.0021981257013976574,0.09275700151920319,0.9770451784133911,0.04054679721593857,-0.18140582740306854,0.39130306243896484
1790341545209174500,4.247174560546875,-0.2017872929573059,-0.002318726386874914,0.09890399873256683,0.9744200706481934,0.03608734905719757,-0.19491572678089142,0.41192495822906494
1790341545225680000,4.263679931640625,-0.20319224894046783,-0.01469316054135561,0.09436431527137756,0.9744703769683838,0.009892222471535206,-0.1910414844751358,0.41208794713020325
1790341545242129200,4.280129150390625,-0.20513899624347687,-0.023929445073008537,0.0920133888721466,0.9741041660308838,-0.009031509980559349,-0.19022411108016968,0.4142575263977051
1790341545258579700,4.296579833984375,-0.20720286667346954,-0.034295350313186646,0.08820103108882904,0.9737101197242737,-0.030778171494603157,-0.18706578016281128,0.41645216941833496
1790341545274989600,4.312989501953125,-0.20880162715911865,-0.04421405494213104,0.08585371822118759,0.9731784462928772,-0.05111314356327057,-0.18664775788784027,0.41791924834251404
1790341545291438300,4.329438232421875,-0.20952171087265015,-0.05437368154525757,0.08450442552566528,0.9726269841194153,-0.0716867446899414,-0.18827788531780243,0.41758063435554504
1790341545307888600,4.345888671875,-0.20923306047916412,-0.06478051841259003,0.08444593101739883,0.9720565676689148,-0.09243890643119812,-0.19246695935726166,0.4150964915752411
1790341545324365000,4.362364990234375,-0.20883339643478394,-0.07552359998226166,0.0848403126001358,0.9713325500488281,-0.1137366071343422,-0.19764427840709686,0.41225776076316833
1790341545340818200,4.378818115234375,-0.20781506597995758,-0.08498447388410568,0.08454123139381409,0.970795214176178,-0.1329214721918106,-0.20081350207328796,0.40835732221603394
1790341545357270300,4.395270263671875,-0.20692570507526398,-0.0933849960565567,0.08360521495342255,0.9702944159507751,-0.150237575173378,-0.20226724445819855,0.404951810836792
1790341545373722600,4.41172265625,-0.20711402595043182,-0.10067586600780487,0.08237270265817642,0.9696303009986877,-0.16523860394954681,-0.20283283293247223,0.404023677110672
1790341545390208000,4.4282080078125,-0.20763154327869415,-0.10601498931646347,0.08076270669698715,0.9690858721733093,-0.17641699314117432,-0.20192551612854004,0.4042097330093384
1790341545406660900,4.444660888671875,-0.2089913934469223,-0.10958322137594223,0.07893019169569016,0.9685474038124084,-0.1839650422334671,-0.20003044605255127,0.40652701258659363
1790341545423113700,4.46111376953125,-0.21085260808467865,-0.11063238233327866,0.07647597789764404,0.9682216048240662,-0.18661659955978394,-0.19599811732769012,0.4104504883289337
1790341545439593700,4.47759375,-0.21323542296886444,-0.1106385812163353,0.07435867935419083,0.9678639769554138,-0.18696826696395874,-0.19230538606643677,0.4156171381473541
1790341545456047400,4.49404736328125,-0.2168581336736679,-0.10972850024700165,0.07463424652814865,0.9671411514282227,-0.1843262016773224,-0.1931535303592682,0.42324772477149963
1790341545472530000,4.510530029296875,-0.2238960564136505,-0.10823884606361389,0.07750922441482544,0.965477705001831,-0.1787724643945694,-0.19945520162582397,0.4378126263618469
1790341545488981500,4.5269814453125,-0.23208874464035034,-0.10539768636226654,0.08350806683301926,0.9633548855781555,-0.1688500940799713,-0.21138988435268402,0.4548685550689697
1790341545505432800,4.543432861328125,-0.23858371376991272,-0.10080212354660034,0.09063790738582611,0.9616140127182007,-0.1551067978143692,-0.22429271042346954,0.468890905380249
1790341545521853000,4.55985302734375,-0.24302974343299866,-0.09548111259937286,0.09763144701719284,0.9603583216667175,-0.14027658104896545,-0.23611979186534882,0.47905072569847107
1790341545538304500,4.576304443359375,-0.24709054827690125,-0.09104139357805252,0.1033889502286911,0.9591498970985413,-0.1277271807193756,-0.24578924477100372,0.4884662926197052
1790341545554759700,4.592759765625,-0.25019773840904236,-0.08802399039268494,0.1081881895661354,0.9580960869789124,-0.11861103773117065,-0.2540811598300934,0.49570465087890625
1790341545571237400,4.6092373046875,-0.25304120779037476,-0.08608663827180862,0.11186277866363525,0.95710289478302,-0.11219218373298645,-0.26063621044158936,0.5022180080413818
1790341545587686700,4.625686767578125,-0.25530797243118286,-0.08454523235559464,0.1143462136387825,0.9563445448875427,-0.10726355761289597,-0.26496854424476624,0.5074488520622253
1790341545604168400,4.64216845703125,-0.2581820487976074,-0.08358796685934067,0.11566702276468277,0.9554979205131531,-0.10388121008872986,-0.2673754394054413,0.5138258934020996
1790341545620619300,4.658619384765625,-0.260466992855072,-0.08364936709403992,0.1163025051355362,0.9547950029373169,-0.10302798449993134,-0.2688945531845093,0.5186893939971924
1790341545637084000,4.675083984375,-0.2629117965698242,-0.08491947501897812,0.11585777997970581,0.9540665745735168,-0.10508102178573608,-0.26895561814308167,0.5235617756843567
1790341545653532400,4.691532470703125,-0.26604899764060974,-0.08684784919023514,0.11398932337760925,0.9532480239868164,-0.10898201167583466,-0.2666815519332886,0.5297102332115173
1790341545669981700,4.707981689453125,-0.26836222410202026,-0.089654840528965,0.10994122177362442,0.9528151750564575,-0.11600802093744278,-0.26056578755378723,0.5338631272315979
1790341545686432000,4.724431884765625,-0.2730819582939148,-0.09491326659917831,0.10741477459669113,0.951251745223999,-0.12645259499549866,-0.25908395648002625,0.5426223278045654
1790341545702883300,4.74088330078125,-0.27800869941711426,-0.10081889480352402,0.11386772245168686,0.9484623670578003,-0.13334280252456665,-0.27552852034568787,0.5517431497573853
1790341545719336000,4.7573359375,-0.284579336643219,-0.10858067870140076,0.11628376692533493,0.9453586935997009,-0.14549386501312256,-0.28552305698394775,0.5638498067855835
1790341545735787000,4.773787109375,-0.28967201709747314,-0.11084297299385071,0.12253448367118835,0.942756175994873,-0.1449529230594635,-0.2997239828109741,0.5742848515510559
1790341545752238600,4.790238525390625,-0.2950918972492218,-0.11154980212450027,0.12751056253910065,0.9403288960456848,-0.1417679786682129,-0.3106090724468231,0.5859375596046448
1790341545768708900,4.806708984375,-0.3008668124675751,-0.11070989072322845,0.13196039199829102,0.937981367111206,-0.13553906977176666,-0.3195829689502716,0.598907470703125
1790341545785156000,4.823156005859375,-0.3072871267795563,-0.10945795476436615,0.13526521623134613,0.9355730414390564,-0.12880761921405792,-0.32612115144729614,0.6134746074676514
1790341545801602800,4.839602783203125,-0.3136748969554901,-0.10813897103071213,0.13679282367229462,0.9333818554878235,-0.12294420599937439,-0.32910993695259094,0.6279693841934204
1790341545818074600,4.85607470703125,-0.32123178243637085,-0.10689585655927658,0.13636690378189087,0.9310142397880554,-0.11800003051757812,-0.3284705877304077,0.6449102759361267
1790341545834551300,4.87255126953125,-0.3300403654575348,-0.10449296981096268,0.13443312048912048,0.9284839630126953,-0.11132274568080902,-0.32426461577415466,0.6648370623588562
1790341545851040300,4.889040283203125,-0.33918243646621704,-0.10043083131313324,0.13144920766353607,0.9260616302490234,-0.10209054499864578,-0.3168646991252899,0.6858535408973694
1790341545867485700,4.905485595703125,-0.3482479155063629,-0.09718326479196548,0.12799568474292755,0.9235237240791321,-0.09498834609985352,-0.30899548530578613,0.7063924670219421
1790341545883931400,4.921931396484375,-0.3560190498828888,-0.0976000651717186,0.12324271351099014,0.9211601614952087,-0.09654291719198227,-0.3010755479335785,0.7229562997817993
1790341545900380000,4.9383798828125,-0.36270710825920105,-0.09961357712745667,0.11835956573486328,0.9189732074737549,-0.10175947099924088,-0.2940174639225006,0.73675537109375
1790341545916824800,4.954824951171875,-0.3679540455341339,-0.10146331787109375,0.11371029168367386,0.9172704219818115,-0.10703858733177185,-0.28720608353614807,0.7474857568740845
1790341545933270800,4.971270751953125,-0.3719850480556488,-0.10266081243753433,0.10927645117044449,0.9160494208335876,-0.11135109513998032,-0.2802353501319885,0.7557443380355835
1790341545949713700,4.987713623046875,-0.3749770522117615,-0.10342257469892502,0.10577723383903503,0.9151541590690613,-0.11449775099754333,-0.274605393409729,0.7619152665138245
1790341545966156000,5.004156005859375,-0.3791120648384094,-0.10370166599750519,0.10280841588973999,0.9137561917304993,-0.11601085960865021,-0.26977309584617615,0.77079838514328
1790341545982600200,5.02060009765625,-0.383305162191391,-0.10562662780284882,0.09942583739757538,0.9121593832969666,-0.12099902331829071,-0.2654658854007721,0.7794504761695862
1790341545999048000,5.0370478515625,-0.38941287994384766,-0.10774532705545425,0.09546572715044022,0.9097445011138916,-0.12627634406089783,-0.26055172085762024,0.7923304438591003
1790341546015493400,5.053493408203125,-0.3969058096408844,-0.10630685836076736,0.09132043272256851,0.9070971608161926,-0.12464218586683273,-0.2527428865432739,0.8090591430664062
1790341546031941600,5.069941650390625,-0.4072403311729431,-0.09818368405103683,0.08699208498001099,0.9038516879081726,-0.10998854786157608,-0.23950791358947754,0.833392858505249
1790341546048385000,5.086385009765625,-0.4207422435283661,-0.08310907334089279,0.0824672281742096,0.8995932340621948,-0.08220701664686203,-0.22008123993873596,0.8658673763275146
1790341546064825300,5.102825439453125,-0.4342931807041168,-0.07080782949924469,0.07947062700986862,0.8944607973098755,-0.05891069397330284,-0.20510445535182953,0.8979552388191223
1790341546081119000,5.119118896484375,-0.44869720935821533,-0.06653932482004166,0.07233584672212601,0.8882628679275513,-0.05429157614707947,-0.18934792280197144,0.930345892906189
1790341546097552400,5.135552490234375,-0.46083393692970276,-0.06770778447389603,0.0643954873085022,0.8825536370277405,-0.0611531063914299,-0.17699165642261505,0.9570079445838928
1790341546113999400,5.151999267578125,-0.47079187631607056,-0.0655590370297432,0.05908503383398056,0.8778189420700073,-0.06033211573958397,-0.16622568666934967,0.9795320630073547
1790341546130449000,5.168448974609375,-0.4773705303668976,-0.06200795620679855,0.05400564521551132,0.8748461604118347,-0.05764996260404587,-0.15430642664432526,0.994555652141571
1790341546146898200,5.184898193359375,-0.48016977310180664,-0.06153781712055206,0.04793696105480194,0.8737002611160278,-0.062172818928956985,-0.14335273206233978,1.000578761100769
1790341546163349500,5.201349609375,-0.4802640974521637,-0.06125807389616966,0.04332716017961502,0.8739089369773865,-0.06609990447759628,-0.1349775791168213,1.0005391836166382
1790341546179798500,5.217798583984375,-0.47851255536079407,-0.05885978043079376,0.04001171141862869,0.8751916885375977,-0.06530450284481049,-0.1267048716545105,0.9965477585792542
1790341546196216300,5.23421630859375,-0.47465118765830994,-0.05677034333348274,0.0368819460272789,0.8775666356086731,-0.06513301283121109,-0.1189049482345581,0.9877380728721619
1790341546212663600,5.25066357421875,-0.4696728587150574,-0.05438261851668358,0.03415068984031677,0.880501925945282,-0.0641302764415741,-0.11145418137311935,0.9764629602432251
1790341546229111000,5.267111083984375,-0.466600626707077,-0.051078733056783676,0.031887516379356384,0.8824161291122437,-0.06075417995452881,-0.10413093864917755,0.969638466835022
1790341546245558300,5.283558349609375,-0.46077296137809753,-0.04696005955338478,0.03065922111272812,0.8857443332672119,-0.055226873606443405,-0.09774387627840042,0.9566671252250671
1790341546262033000,5.300032958984375,-0.4559670090675354,-0.04486221447587013,0.029416121542453766,0.8883784413337708,-0.053139761090278625,-0.09331203252077103,0.9459131360054016
1790341546278478300,5.316478271484375,-0.4502069652080536,-0.044241342693567276,0.028707051649689674,0.8913653492927551,-0.05326833203434944,-0.0911385789513588,0.9329700469970703
1790341546294921500,5.33292138671875,-0.4447566866874695,-0.04409445449709892,0.028549611568450928,0.8941096663475037,-0.05370026454329491,-0.0903986394405365,0.9207490086555481
1790341546311390700,5.349390625,-0.4421811103820801,-0.04454575851559639,0.028727147728204727,0.8953582048416138,-0.054616447538137436,-0.09096214920282364,0.9149598479270935
1790341546327851300,5.365851318359375,-0.4396813213825226,-0.045250728726387024,0.029086604714393616,0.8965414762496948,-0.05582599341869354,-0.09207654744386673,0.9093349575996399
1790341546344340200,5.38234033203125,-0.43702006340026855,-0.04522654414176941,0.029595671221613884,0.8978263735771179,-0.05561121553182602,-0.09280652552843094,0.9034055471420288
1790341546360804400,5.398804443359375,-0.4359540641307831,-0.04538007080554962,0.030210187658667564,0.8983162641525269,-0.055463872849941254,-0.09398214519023895,0.9010305404663086
1790341546377250800,5.415250732421875,-0.4342995285987854,-0.045953936874866486,0.03046748973429203,0.8990795016288757,-0.056452006101608276,-0.0948430597782135,0.8973106145858765
1790341546393717000,5.431717041015625,-0.4316751956939697,-0.04631106182932854,0.030986877158284187,0.9003064036369324,-0.05692807957530022,-0.09592508524656296,0.8914545774459839
1790341546410203100,5.448203125,-0.4083803594112396,-0.04668692871928215,0.03451913595199585,0.9109632968902588,-0.05718987062573433,-0.10119601339101791,0.8399733304977417
1790341546426649600,5.464649658203125,-0.37915632128715515,-0.047382619231939316,0.03894060105085373,0.9232980012893677,-0.058340515941381454,-0.10804850608110428,0.77615886926651
1790341546443097600,5.48109765625,-0.36696237325668335,-0.0484020821750164,0.0426555871963501,0.9279959797859192,-0.05895080789923668,-0.11494486033916473,0.749737560749054
1790341546459555300,5.497555419921875,-0.3608037233352661,-0.04827632009983063,0.04542296752333641,0.9302831888198853,-0.057486068457365036,-0.11963417381048203,0.7365210652351379
1790341546476032300,5.5140322265625,-0.3429202735424042,-0.04623948782682419,0.04772554710507393,0.9370111227035522,-0.054348599165678024,-0.12144999951124191,0.6983602643013
1790341546492480000,5.53047998046875,-0.33747512102127075,-0.0448436364531517,0.04897603392601013,0.9389893412590027,-0.05156844109296799,-0.12254969030618668,0.686888575553894
1790341546508850000,5.546849853515625,-0.331745445728302,-0.043362926691770554,0.050623610615730286,0.9410110712051392,-0.04841437563300133,-0.12436600774526596,0.6748592853546143
1790341546525337300,5.56333740234375,-0.3265930116176605,-0.04191720113158226,0.05227584391832352,0.9427869319915771,-0.04526795074343681,-0.12628509104251862,0.6640875935554504
1790341546541784000,5.5797841796875,-0.322153776884079,-0.04120643436908722,0.05385685712099075,0.9442555904388428,-0.04349123314023018,-0.1286131739616394,0.6547768115997314
1790341546558260200,5.59626025390625,-0.31856995820999146,-0.04213177040219307,0.05487954244017601,0.9453710317611694,-0.04509579762816429,-0.13098108768463135,0.6470975875854492
1790341546574708000,5.6127080078125,-0.3142194151878357,-0.04448201134800911,0.05558747425675392,0.9466771483421326,-0.049750540405511856,-0.13359807431697845,0.6376240253448486
1790341546591157200,5.6291572265625,-0.309572696685791,-0.04646139219403267,0.057273875921964645,0.948011577129364,-0.053159695118665695,-0.1377945989370346,0.6275963187217712
1790341546607605500,5.64560546875,-0.30401334166526794,-0.047094788402318954,0.060543857514858246,0.949574887752533,-0.05320416018366814,-0.14411507546901703,0.6158499717712402
1790341546624054000,5.662053955078125,-0.29867640137672424,-0.047302454710006714,0.06440848112106323,0.9510028958320618,-0.05211393162608147,-0.151338592171669,0.6046675443649292
1790341546640500500,5.67850048828125,-0.2928047180175781,-0.04680120572447777,0.0684397891163826,0.9525707364082336,-0.049727149307727814,-0.1584569811820984,0.5924850702285767
1790341546656949200,5.69494921875,-0.2885143756866455,-0.046045009046792984,0.07192139327526093,0.9536595940589905,-0.04697287455201149,-0.1644870638847351,0.5836870670318604
1790341546673392600,5.711392578125,-0.28435197472572327,-0.04516847804188728,0.07449553906917572,0.9547534584999084,-0.04453055560588837,-0.16873681545257568,0.5751587152481079
1790341546689835000,5.7278349609375,-0.2806842029094696,-0.044339604675769806,0.07659094780683517,0.9557113647460938,-0.042395055294036865,-0.17213737964630127,0.5676597356796265
1790341546706307800,5.744307861328125,-0.27722644805908203,-0.04280025139451027,0.07781322300434113,0.9566916227340698,-0.03935020789504051,-0.17348618805408478,0.5606796145439148
1790341546722750000,5.76075,-0.2756640613079071,-0.041477520018815994,0.07732932269573212,0.9572404623031616,-0.03733193501830101,-0.17175646126270294,0.5575681328773499
1790341546739192600,5.777192626953125,-0.2755102813243866,-0.041396304965019226,0.0753459632396698,0.9574463963508606,-0.03829997405409813,-0.16787707805633545,0.5571485161781311
1790341546755604000,5.79360400390625,-0.27698081731796265,-0.042968228459358215,0.07272317260503769,0.9571555256843567,-0.04255056008696556,-0.16374830901622772,0.5598770976066589
1790341546772049700,5.810049560546875,-0.2786789834499359,-0.043423302471637726,0.07068891078233719,0.9567945003509521,-0.04427623003721237,-0.16015562415122986,0.5632907748222351
1790341546788525800,5.82652587890625,-0.28125718235969543,-0.04230216145515442,0.06982392817735672,0.9561535716056824,-0.04215502366423607,-0.1579766422510147,0.5688341856002808
1790341546805001000,5.8430009765625,-0.284023255109787,-0.040983278304338455,0.07034294307231903,0.9553549885749817,-0.03884471207857132,-0.1583462506532669,0.5748662948608398
1790341546821446700,5.85944677734375,-0.28615322709083557,-0.040375493466854095,0.07203227281570435,0.9546191096305847,-0.036341726779937744,-0.1613328754901886,0.5795284509658813
1790341546837927400,5.875927490234375,-0.2879658341407776,-0.03953033313155174,0.07460301369428635,0.9539116621017456,-0.03290809318423271,-0.16585548222064972,0.5836238861083984
1790341546854375000,5.892375,-0.2895054519176483,-0.03851870074868202,0.07771886140108109,0.9532380700111389,-0.02886132150888443,-0.17130856215953827,0.587230920791626
1790341546870788000,5.9087880859375,-0.2886695861816406,-0.037571296095848083,0.0803024023771286,0.9533151388168335,-0.025670845061540604,-0.17570097744464874,0.585797131061554
1790341546887232300,5.925232177734375,-0.28680992126464844,-0.03732556849718094,0.08261764049530029,0.9536882638931274,-0.024195875972509384,-0.17996348440647125,0.5820836424827576
1790341546903677200,5.94167724609375,-0.28413447737693787,-0.03707526996731758,0.08542545884847641,0.9542512893676758,-0.022601835429668427,-0.1851596236228943,0.5766958594322205
1790341546920121900,5.958121826171875,-0.2796403169631958,-0.038265079259872437,0.08868802338838577,0.9552338719367981,-0.023945020511746407,-0.19201426208019257,0.567270040512085
1790341546936565000,5.97456494140625,-0.2729201018810272,-0.04131045565009117,0.09384908527135849,0.9565565586090088,-0.028394587337970734,-0.2034943699836731,0.5529620051383972
1790341546953033200,5.991033203125,-0.26649120450019836,-0.044415317475795746,0.10080191493034363,0.9575221538543701,-0.032099876552820206,-0.21844589710235596,0.5393676161766052
1790341546969478100,6.00747802734375,-0.2617056369781494,-0.04789654165506363,0.10994423925876617,0.9576683044433594,-0.035190027207136154,-0.2378871738910675,0.5293155312538147
1790341546985922000,6.023922119140625,-0.25814053416252136,-0.052085015922784805,0.1186729446053505,0.9573753476142883,-0.03977714106440544,-0.25693732500076294,0.5216015577316284
1790341547002285000,6.04028515625,-0.25602781772613525,-0.056205883622169495,0.12541069090366364,0.956850528717041,-0.0450151227414608,-0.2721253037452698,0.516733705997467
1790341547018727700,6.056727783203125,-0.2571309804916382,-0.05972260981798172,0.13065308332443237,0.9556394815444946,-0.04893907904624939,-0.2842395305633545,0.518680214881897
1790341547035203800,6.073203857421875,-0.25941941142082214,-0.06229681521654129,0.13451284170150757,0.9543201327323914,-0.05132425203919411,-0.2932433485984802,0.5232649445533752
1790341547051675600,6.089675537109375,-0.2637387216091156,-0.06549189239740372,0.13780516386032104,0.9524508118629456,-0.05455484613776207,-0.3016025125980377,0.5319816470146179
1790341547068102100,6.10610205078125,-0.2699228525161743,-0.068304143846035,0.14065176248550415,0.9501017928123474,-0.05657016113400459,-0.3090362548828125,0.5447975397109985
1790341547084583000,6.1225830078125,-0.27801987528800964,-0.07009567320346832,0.14348623156547546,0.9472081661224365,-0.05579715967178345,-0.31603318452835083,0.5621002912521362
1790341547101029600,6.139029541015625,-0.2868238091468811,-0.07247810810804367,0.14641036093235016,0.9439507722854614,-0.05576545372605324,-0.32360365986824036,0.580873966217041
1790341547117511400,6.155511474609375,-0.2978418469429016,-0.07566608488559723,0.14932915568351746,0.939822256565094,-0.05637575685977936,-0.331814169883728,0.6043580770492554
1790341547133959200,6.171959228515625,-0.3077302575111389,-0.07940623909235,0.1525454819202423,0.9358026385307312,-0.05810687690973282,-0.3409433960914612,0.625398576259613
1790341547150405600,6.188405517578125,-0.40217629075050354,-0.09608945995569229,0.14830432832241058,0.8983468413352966,-0.05684724450111389,-0.3509044349193573,0.8317739367485046
1790341547166854700,6.204854736328125,-0.4066762328147888,-0.09750297665596008,0.1520496904850006,0.8955382108688354,-0.05446908622980118,-0.3593190908432007,0.8426446318626404
1790341547183301600,6.221301513671875,-0.4522177577018738,-0.10666683316230774,0.14941459894180298,0.8728095889091492,-0.05469990149140358,-0.3653693199157715,0.9459643959999084
1790341547199736300,6.237736328125,-0.4681132733821869,-0.1114693135023117,0.14867103099822998,0.8639105558395386,-0.057308319956064224,-0.36959463357925415,0.9824194312095642
1790341547216184300,6.254184326171875,-0.4688478112220764,-0.11232461780309677,0.14890150725841522,0.863361656665802,-0.05832573398947716,-0.37088242173194885,0.9840373396873474
1790341547232675300,6.27067529296875,-0.469420462846756,-0.11262590438127518,0.14812594652175903,0.86314457654953,-0.05940709263086319,-0.3698183000087738,0.9851022958755493
1790341547249155000,6.287155029296875,-0.4719955623149872,-0.11323991417884827,0.14683842658996582,0.8618790507316589,-0.06068805605173111,-0.3682801127433777,0.9907457232475281
1790341547265627000,6.303626953125,-0.4756881296634674,-0.11343128979206085,0.14546599984169006,0.860054612159729,-0.06078832224011421,-0.36626777052879333,0.9991641640663147
1790341547282074600,6.32007470703125,-0.48134100437164307,-0.11373186111450195,0.1439894139766693,0.8571131825447083,-0.06034082546830177,-0.36432433128356934,1.012268304824829
1790341547298550000,6.336550048828125,-0.4863938093185425,-0.11394641548395157,0.1428385078907013,0.8544204831123352,-0.05968383699655533,-0.36284342408180237,1.024079442024231
1790341547314998500,6.35299853515625,-0.49315595626831055,-0.11395230144262314,0.14197884500026703,0.8506786823272705,-0.05759647116065025,-0.36179035902023315,1.040212631225586
1790341547331445200,6.3694453125,-0.5006795525550842,-0.11394315212965012,0.14107677340507507,0.846424400806427,-0.05519803613424301,-0.3606896996498108,1.0582597255706787
1790341547347892700,6.385892822265625,-0.5072627067565918,-0.11407940834760666,0.1406223326921463,0.8425530791282654,-0.05300018936395645,-0.3604550063610077,1.0741981267929077
1790341547364341200,6.40234130859375,-0.5142841935157776,-0.11501359194517136,0.14010712504386902,0.8382444977760315,-0.05208824202418327,-0.36097586154937744,1.0911039113998413
1790341547380789000,6.4187890625,-0.5218784213066101,-0.11646471172571182,0.1392240673303604,0.8334840536117554,-0.05222376063466072,-0.36146286129951477,1.1092939376831055
1790341547397235200,6.435235107421875,-0.5308104157447815,-0.11766577512025833,0.13801005482673645,0.8278577327728271,-0.05166225507855415,-0.36122649908065796,1.1308720111846924
1790341547413681000,6.451680908203125,-0.5408489108085632,-0.11777231097221375,0.13672640919685364,0.8215340375900269,-0.04875016584992409,-0.35975492000579834,1.1555655002593994
1790341547430126800,6.468126953125,-0.5520502328872681,-0.11761109530925751,0.13486218452453613,0.8143833875656128,-0.04554698243737221,-0.3570518493652344,1.1832242012023926
1790341547446570200,6.4845703125,-0.5648876428604126,-0.11799591034650803,0.132821723818779,0.8058147430419922,-0.04278339445590973,-0.3547631502151489,1.2151421308517456
1790341547463015000,6.501014892578125,-0.5769510269165039,-0.119557686150074,0.13080401718616486,0.7973228693008423,-0.04235350340604782,-0.35388419032096863,1.2452188730239868
1790341547479462700,6.517462646484375,-0.5896556973457336,-0.12148526310920715,0.12903191149234772,0.787971019744873,-0.04189351946115494,-0.3539608120918274,1.2773582935333252
1790341547495937800,6.533937744140625,-0.6008453965187073,-0.12326958775520325,0.12765903770923615,0.7794182300567627,-0.04133162274956703,-0.35451066493988037,1.3060691356658936
1790341547512415500,6.55041552734375,-0.6115443110466003,-0.12469117343425751,0.12587934732437134,0.7711161375045776,-0.04088694974780083,-0.3539904057979584,1.3336801528930664
1790341547528893200,6.56689306640625,-0.6217601299285889,-0.12556202709674835,0.12404131889343262,0.7630611658096313,-0.03983738273382187,-0.3527088463306427,1.3603289127349854
1790341547545263400,6.583263427734375,-0.631047248840332,-0.12647874653339386,0.1224818006157875,0.7555003762245178,-0.03892039135098457,-0.3519172966480255,1.3848403692245483
1790341547561740300,6.599740234375,-0.6404088139533997,-0.12757274508476257,0.12028393149375916,0.74775230884552,-0.039109837263822556,-0.3504096269607544,1.4095237255096436
1790341547578184700,6.616184814453125,-0.6497054100036621,-0.12972310185432434,0.11793716996908188,0.7396929860115051,-0.041170813143253326,-0.3501494526863098,1.4341589212417603
1790341547594627600,6.632627685546875,-0.6580761075019836,-0.13148616254329681,0.11651960015296936,0.7321683168411255,-0.04173612222075462,-0.3508325219154358,1.4569100141525269
1790341547611070200,6.6490703125,-0.6670364141464233,-0.13274769484996796,0.11495338380336761,0.7240346670150757,-0.041402898728847504,-0.3507002890110016,1.4815571308135986
1790341547627519700,6.665519775390625,-0.6750280857086182,-0.13499243557453156,0.11252571642398834,0.7165557742118835,-0.04424933344125748,-0.35065099596977234,1.5032902956008911
1790341547643943700,6.681943603515625,-0.681270182132721,-0.13595201075077057,0.11060520261526108,0.7107422351837158,-0.04530362784862518,-0.3495378792285919,1.5204575061798096
1790341547660407000,6.698406982421875,-0.6851736307144165,-0.13544143736362457,0.1093686893582344,0.7072702646255493,-0.044376689940690994,-0.3472446799278259,1.5312767028808594
1790341547676878800,6.71487890625,-0.6881328225135803,-0.13534796237945557,0.1070839986205101,0.7047603726387024,-0.04611620679497719,-0.3439536988735199,1.53891122341156
1790341547693323300,6.7313232421875,-0.6887307167053223,-0.13455308973789215,0.10540679097175598,0.7045813798904419,-0.047134608030319214,-0.3404136300086975,1.5399423837661743
1790341547709765400,6.747765380859375,-0.6891351342201233,-0.13309283554553986,0.10413075238466263,0.7046530246734619,-0.04668242856860161,-0.33650484681129456,1.5405992269515991
1790341547726208800,6.764208740234375,-0.6894086599349976,-0.13247473537921906,0.10218331962823868,0.704787015914917,-0.048521142452955246,-0.3328028917312622,1.5405857563018799
1790341547742651600,6.780651611328125,-0.6893303990364075,-0.13111373782157898,0.10032230615615845,0.7053852677345276,-0.04931112006306648,-0.32815083861351013,1.5396093130111694
1790341547759095800,6.797095703125,-0.6898259520530701,-0.12947554886341095,0.09929025918245316,0.7053493857383728,-0.048195816576480865,-0.3243574798107147,1.5406571626663208
1790341547775542300,6.813542236328125,-0.6895520687103271,-0.12766091525554657,0.09743018448352814,0.7062068581581116,-0.048404473811388016,-0.31905505061149597,1.5391432046890259
1790341547792014600,6.8300146484375,-0.6894766688346863,-0.12590904533863068,0.09620193392038345,0.7067630290985107,-0.04767756164073944,-0.3147793114185333,1.5384682416915894
1790341547808458500,6.84645849609375,-0.6882192492485046,-0.1237182542681694,0.09514161199331284,0.7085168361663818,-0.046594150364398956,-0.31005334854125977,1.5344510078430176
1790341547824900400,6.862900390625,-0.6877155900001526,-0.12072616815567017,0.09403685480356216,0.7096686363220215,-0.04404566437005997,-0.30419009923934937,1.5326263904571533
1790341547841343000,6.879343017578125,-0.6873669624328613,-0.11848270893096924,0.09309251606464386,0.7105085253715515,-0.0422845222055912,-0.29963162541389465,1.5313061475753784
1790341547857787100,6.895787109375,-0.6870803833007812,-0.11666133999824524,0.09127270430326462,0.7113227248191833,-0.04237974062561989,-0.2943941652774811,1.529843807220459
1790341547874267000,6.912266845703125,-0.6875191926956177,-0.11489374190568924,0.08924175798892975,0.7114441394805908,-0.04254646599292755,-0.2889692485332489,1.5304045677185059
1790341547890712300,6.92871240234375,-0.6883372068405151,-0.11296700686216354,0.08809656649827957,0.7111043334007263,-0.0410449355840683,-0.2846384644508362,1.5323797464370728
1790341547907153700,6.945153564453125,-0.6898559331893921,-0.11026312410831451,0.08731954544782639,0.710152268409729,-0.037602104246616364,-0.2797877788543701,1.5365084409713745
1790341547923595500,6.961595458984375,-0.6920216083526611,-0.10809668153524399,0.08629187196493149,0.708501935005188,-0.03506975248456001,-0.27535274624824524,1.5424034595489502
1790341547940037000,6.978037109375,-0.6986825466156006,-0.10600369423627853,0.08482972532510757,0.7024313807487488,-0.031535033136606216,-0.2705899775028229,1.5611519813537598
1790341547956476000,6.994475830078125,-0.7115316390991211,-0.10358011722564697,0.08175929635763168,0.6901516914367676,-0.027577009052038193,-0.26328495144844055,1.5976483821868896
1790341547972917500,7.01091748046875,-0.71461421251297,-0.10022024065256119,0.08039399236440659,0.6876185536384583,-0.023703480139374733,-0.25660523772239685,1.6062372922897339
1790341547989384000,7.027384033203125,-0.7174206972122192,-0.09749701619148254,0.07928697764873505,0.6852120161056519,-0.02049248479306698,-0.251182496547699,1.6141270399093628
1790341548005825300,7.0438251953125,-0.719575047492981,-0.09529884159564972,0.07809681445360184,0.6833965182304382,-0.01841793954372406,-0.24637651443481445,1.6200785636901855
1790341548022271500,7.060271484375,-0.7191357612609863,-0.09342531114816666,0.07669341564178467,0.6842759847640991,-0.018077755346894264,-0.24167563021183014,1.6182695627212524
1790341548038744000,7.076744140625,-0.7174891233444214,-0.09171236306428909,0.0733797550201416,0.6865957379341125,-0.021222753450274467,-0.23451337218284607,1.612294316291809
1790341548055190000,7.09318994140625,-0.7133052349090576,-0.09285333752632141,0.07219371199607849,0.6909138560295105,-0.02602945826947689,-0.23436442017555237,1.5996208190917969
1790341548070670300,7.10867041015625,-0.7072833180427551,-0.09351005405187607,0.07239331305027008,0.6969687938690186,-0.02873811684548855,-0.23535475134849548,1.582088828086853
1790341548087113500,7.125113525390625,-0.7018347978591919,-0.09508922696113586,0.07255923748016357,0.7022258639335632,-0.032621197402477264,-0.23760934174060822,1.5663450956344604
1790341548103561000,7.14156103515625,-0.6942684650421143,-0.09635412693023682,0.07150241732597351,0.709644079208374,-0.038562290370464325,-0.23750028014183044,1.5442918539047241
1790341548120007400,7.15800732421875,-0.6882995963096619,-0.09736479818820953,0.06949197500944138,0.7154961228370667,-0.0449218787252903,-0.2356497198343277,1.5267356634140015
1790341548135458600,7.17345849609375,-0.6824766397476196,-0.09653240442276001,0.06755181401968002,0.7213487029075623,-0.04836813360452652,-0.2312752902507782,1.5098110437393188
1790341548151943200,7.189943115234375,-0.679984986782074,-0.09480242431163788,0.0655638799071312,0.7241093516349792,-0.04940333962440491,-0.2257929891347885,1.502363681793213
1790341548168387000,7.206386962890625,-0.6766283512115479,-0.09412460029125214,0.0627283900976181,0.7275848984718323,-0.05339649319648743,-0.22043612599372864,1.4923409223556519
1790341548184831500,7.22283154296875,-0.674357533454895,-0.09209352731704712,0.06151412054896355,0.7300525307655334,-0.05274735018610954,-0.21569359302520752,1.4858113527297974
1790341548201278000,7.23927783203125,-0.6697098016738892,-0.08753875643014908,0.06061423942446709,0.7349501252174377,-0.04854883253574371,-0.2078411728143692,1.472907304763794
1790341548217762600,7.255762451171875,-0.6621010303497314,-0.08148077130317688,0.0575278103351593,0.74274742603302,-0.04573961719870567,-0.19457979500293732,1.451645851135254
1790341548234227000,7.27222705078125,-0.6542163491249084,-0.07512547820806503,0.05578033626079559,0.7504969835281372,-0.04046492651104927,-0.1830430030822754,1.4302139282226562
1790341548250676700,7.2886767578125,-0.6480655670166016,-0.07018424570560455,0.05431032180786133,0.7563965320587158,-0.036337535828351974,-0.17400501668453217,1.413664698600769
1790341548267126300,7.305126220703125,-0.6421603560447693,-0.06879422068595886,0.052042558789253235,0.7617013454437256,-0.038516391068696976,-0.1684308648109436,1.3976513147354126
1790341548283604000,7.32160400390625,-0.6408799886703491,-0.0664050281047821,0.048411328345537186,0.7632297277450562,-0.03983005881309509,-0.15969109535217285,1.3937742710113525
1790341548300053000,7.338052978515625,-0.6460955739021301,-0.06408718973398209,0.04354283958673477,0.7593137621879578,-0.04153395816683769,-0.149494469165802,1.4069149494171143
1790341548316501000,7.3545009765625,-0.6539203524589539,-0.06227431818842888,0.039721403270959854,0.752949059009552,-0.04226579889655113,-0.14173536002635956,1.4272485971450806
1790341548332945000,7.37094482421875,-0.6639600396156311,-0.060148194432258606,0.03616119921207428,0.7444673776626587,-0.041926223784685135,-0.13411535322666168,1.4537822008132935
1790341548349389300,7.387389404296875,-0.6754363775253296,-0.05815016105771065,0.03185778856277466,0.7344313263893127,-0.042728688567876816,-0.12567877769470215,1.4844675064086914
1790341548365834200,7.403834228515625,-0.6875718235969543,-0.05332993343472481,0.026497408747673035,0.7236704230308533,-0.04101690277457237,-0.11192061007022858,1.5173509120941162
1790341548382282500,7.420282470703125,-0.6988178491592407,-0.0493948794901371,0.02042420208454132,0.7132998108863831,-0.042137082666158676,-0.09833158552646637,1.5482124090194702
1790341548398729500,7.4367294921875,-0.709355354309082,-0.04428941756486893,0.012456022202968597,0.7033479809761047,-0.04479001834988594,-0.08044243603944778,1.577498435974121
1790341548415174700,7.453174560546875,-0.7188195586204529,-0.03858902305364609,0.0052974773570895195,0.6941046714782715,-0.046061042696237564,-0.0628725066781044,1.6043281555175781
1790341548431621600,7.46962158203125,-0.726321280002594,-0.03349434211850166,0.0010951785370707512,0.6865379214286804,-0.044469982385635376,-0.05018012225627899,1.625981330871582
1790341548448072400,7.486072509765625,-0.730779767036438,-0.029898425564169884,-0.002606287132948637,0.6819532513618469,-0.04463869333267212,-0.040154386311769485,1.638995885848999
1790341548464522800,7.502522705078125,-0.7323787212371826,-0.028563788160681725,-0.004841584246605635,0.6802809834480286,-0.045999351888895035,-0.035259053111076355,1.6437102556228638
1790341548480989400,7.518989501953125,-0.7316011786460876,-0.02758052572607994,-0.00640973262488842,0.6811445951461792,-0.04699217528104782,-0.031629256904125214,1.6414531469345093
1790341548497437700,7.535437744140625,-0.7295457720756531,-0.028791895136237144,-0.007350668776780367,0.683286190032959,-0.050118088722229004,-0.03197023272514343,1.6354565620422363
1790341548513885200,7.55188525390625,-0.7260907292366028,-0.029820574447512627,-0.006079650018364191,0.6869250535964966,-0.04984884336590767,-0.03495947644114494,1.625346064567566
1790341548530356000,7.56835595703125,-0.7205176949501038,-0.030343633145093918,-0.0027381700929254293,0.6927669048309326,-0.04604090750217438,-0.039943043142557144,1.609142780303955
1790341548546741800,7.58474169921875,-0.7121520042419434,-0.031038323417305946,-0.00013115470937918872,0.7013388872146606,-0.04377999156713486,-0.04403827711939812,1.5851317644119263
1790341548563186400,7.6011865234375,-0.7029896378517151,-0.03078652359545231,0.002150448504835367,0.7105302214622498,-0.04078112542629242,-0.046357735991477966,1.5591816902160645
1790341548579631400,7.61763134765625,-0.6936684250831604,-0.030131692066788673,0.0035981915425509214,0.7196550965309143,-0.03842882812023163,-0.046999018639326096,1.53312349319458
1790341548596124200,7.634124267578125,-0.6843451857566833,-0.029897361993789673,0.0032217351254075766,0.7285379767417908,-0.039204008877277374,-0.045630376785993576,1.5073652267456055
1790341548612571600,7.650571533203125,-0.674752950668335,-0.029417701065540314,0.0028030320536345243,0.7374518513679504,-0.03965406492352486,-0.04384760931134224,1.481189250946045
1790341548629083000,7.667082763671875,-0.6647759675979614,-0.02929418906569481,0.0030837238300591707,0.746461808681488,-0.03968207165598869,-0.04356568679213524,1.4542958736419678
1790341548645573600,7.68357373046875,-0.6554071307182312,-0.029693961143493652,0.003686625277623534,0.7546828985214233,-0.040036894381046295,-0.04450242221355438,1.429329514503479
1790341548662039600,7.70003955078125,-0.5902121067047119,-0.02999870479106903,0.007299548480659723,0.806657612323761,-0.03983570262789726,-0.04720520228147507,1.2624001502990723
1790341548678487000,7.716487060546875,-0.5821502804756165,-0.03130580484867096,0.008693325333297253,0.812431812286377,-0.04080955684185028,-0.050596415996551514,1.2424653768539429
1790341548694935800,7.732935791015625,-0.5744796991348267,-0.032652076333761215,0.011067318730056286,0.8177923560142517,-0.04076370224356651,-0.05564615875482559,1.2236372232437134
1790341548711383300,7.74938330078125,-0.5661535263061523,-0.03379325941205025,0.01457947213202715,0.8234778046607971,-0.03923375532031059,-0.0623164139688015,1.2033723592758179
1790341548727859000,7.76585888671875,-0.5575843453407288,-0.03575805947184563,0.018336618319153786,0.8291470408439636,-0.038955122232437134,-0.07034176588058472,1.1826612949371338
1790341548744305400,7.782305419921875,-0.5492101907730103,-0.0377148874104023,0.022523513063788414,0.834528923034668,-0.038337282836437225,-0.07910231500864029,1.162590742111206
1790341548760751000,7.798751220703125,-0.5409929752349854,-0.03936461731791496,0.02706463262438774,0.8396692276000977,-0.036974936723709106,-0.0881567895412445,1.1430743932724
1790341548777226500,7.8152265625,-0.5339917540550232,-0.040878500789403915,0.030800003558397293,0.8439390063285828,-0.03627825900912285,-0.09579063951969147,1.1265487670898438
1790341548793674800,7.8316748046875,-0.5058565139770508,-0.041186802089214325,0.03477780893445015,0.8609316349029541,-0.03592629358172417,-0.10172722488641739,1.0606282949447632
1790341548810122800,7.848122802734375,-0.47246596217155457,-0.041851211339235306,0.03815546631813049,0.8795274496078491,-0.03778878226876259,-0.10686740279197693,0.9838758707046509
1790341548826569700,7.86456982421875,-0.45807042717933655,-0.042593102902173996,0.04121077433228493,0.8869379758834839,-0.03804905340075493,-0.11236035823822021,0.9513216614723206
1790341548843018000,7.88101806640625,-0.45129314064979553,-0.04318131506443024,0.04375603049993515,0.890255868434906,-0.0376581996679306,-0.11715077608823776,0.9361363649368286
1790341548859466800,7.897466796875,-0.44632741808891296,-0.044949859380722046,0.04570946842432022,0.892570436000824,-0.03974497318267822,-0.12202515453100204,0.9249426126480103
1790341548875911700,7.91391162109375,-0.44025954604148865,-0.04519996792078018,0.047760676592588425,0.8954593539237976,-0.03921447694301605,-0.12566541135311127,0.9114356637001038
1790341548892405500,7.930405517578125,-0.43751010298728943,-0.046192243695259094,0.04924872890114784,0.8966748714447021,-0.04008946940302849,-0.12909764051437378,0.905290424823761
1790341548908853800,7.946853759765625,-0.43646278977394104,-0.047356776893138885,0.049544792622327805,0.8971081376075745,-0.04209016636013985,-0.13060399889945984,0.9028615355491638
1790341548925301200,7.96330126953125,-0.43732312321662903,-0.047477882355451584,0.049675025045871735,0.8966754078865051,-0.042069099843502045,-0.1309853196144104,0.9047852158546448
1790341548941747700,7.979747802734375,-0.4374573528766632,-0.04771127179265022,0.04895147681236267,0.8966373801231384,-0.04310743138194084,-0.12989167869091034,0.9050161242485046
1790341548958196000,7.996196044921875,-0.438617467880249,-0.0475243404507637,0.04782811552286148,0.8961410522460938,-0.043589480221271515,-0.12775875627994537,0.9075577855110168
1790341548974700300,8.0127001953125,-0.4399482011795044,-0.046479638665914536,0.046853259205818176,0.8955947160720825,-0.042371779680252075,-0.125146746635437,0.910568118095398
1790341548991147300,8.029147216796876,-0.4409618675708771,-0.04600441828370094,0.04591897502541542,0.8951690793037415,-0.042198147624731064,-0.12309350073337555,0.9128221869468689
1790341549007625200,8.045625244140625,-0.44189637899398804,-0.045483727008104324,0.045348506420850754,0.8947638869285583,-0.04163534194231033,-0.12165042757987976,0.9149261116981506
1790341549024102100,8.06210205078125,-0.4427250921726227,-0.045042723417282104,0.044808048754930496,0.8944036960601807,-0.04120698198676109,-0.1203261986374855,0.9167882800102234
1790341549040550100,8.078550048828125,-0.44378846883773804,-0.04551767185330391,0.04414943605661392,0.8938853144645691,-0.04250555858016014,-0.11961452662944794,0.919096052646637
1790341549057025300,8.095025390625,-0.44458264112472534,-0.045288797467947006,0.04424268379807472,0.89349764585495,-0.04190340265631676,-0.11961573362350464,0.9209031462669373
1790341549073389300,8.111389404296874,-0.44564706087112427,-0.045384958386421204,0.04392803832888603,0.892977774143219,-0.04221464693546295,-0.11918685585260391,0.9232672452926636
1790341549089910500,8.12791064453125,-0.4457312822341919,-0.04599708318710327,0.04367731884121895,0.892916738986969,-0.04352941736578941,-0.11928780376911163,0.9233922958374023
1790341549106360600,8.144360595703125,-0.4474768042564392,-0.04555807635188103,0.04349807649850845,0.892074465751648,-0.04266649857163429,-0.1186576560139656,0.9273408055305481
1790341549122811000,8.160810791015624,-0.4481978416442871,-0.04522562772035599,0.042811911553144455,0.8917626142501831,-0.04258941113948822,-0.11716406047344208,0.9289490580558777
1790341549139288300,8.177288330078126,-0.4497840702533722,-0.045617006719112396,0.04248792305588722,0.8909592032432556,-0.04337511211633682,-0.11701245605945587,0.9324694275856018
1790341549155738000,8.193738037109375,-0.4513980746269226,-0.04485853388905525,0.042229846119880676,0.8901932835578918,-0.04203510284423828,-0.11594314873218536,0.9361491203308105
1790341549172229600,8.210229736328126,-0.45189058780670166,-0.04447023570537567,0.04162600636482239,0.8899914622306824,-0.04182158038020134,-0.11453520506620407,0.9372543692588806
1790341549188678000,8.226677978515625,-0.45266300439834595,-0.04409822076559067,0.040873534977436066,0.8896521925926208,-0.04173799604177475,-0.1128893494606018,0.9389812350273132
1790341549205128000,8.2431279296875,-0.454280287027359,-0.04353734850883484,0.04022593051195145,0.8888846635818481,-0.0411175899207592,-0.11129838228225708,0.9426343441009521
1790341549221479400,8.2594794921875,-0.4576736092567444,-0.04303567856550217,0.03962264209985733,0.8871938586235046,-0.040347885340452194,-0.10991973429918289,0.9503002166748047
1790341549237972200,8.27597216796875,-0.4583951234817505,-0.0427381694316864,0.039155513048172,0.8868564963340759,-0.040156226605176926,-0.10884738713502884,0.9519269466400146
1790341549254478300,8.292478271484375,-0.4602743685245514,-0.04234607145190239,0.03893129900097847,0.885911226272583,-0.03943220153450966,-0.10817180573940277,0.9561935663223267
1790341549271009500,8.309009521484375,-0.461507111787796,-0.04233947768807411,0.03886871412396431,0.8852726817131042,-0.039327263832092285,-0.10810922831296921,0.9589815735816956
1790341549287527700,8.325527587890624,-0.4623473882675171,-0.04212130606174469,0.038623712956905365,0.8848553895950317,-0.03906279057264328,-0.10750914365053177,0.9608868956565857
1790341549304022500,8.3420224609375,-0.46328213810920715,-0.04204671457409859,0.038650352507829666,0.8843685984611511,-0.038791265338659286,-0.10752840340137482,0.9630122184753418
1790341549320509400,8.358509521484375,-0.4640638828277588,-0.04194887727499008,0.0387398786842823,0.8839594721794128,-0.038438498973846436,-0.10763056576251984,0.9647969603538513
1790341549336983600,8.374983642578124,-0.4650258719921112,-0.041755061596632004,0.038644611835479736,0.8834671378135681,-0.0380651094019413,-0.10732277482748032,0.9669876098632812
1790341549353484500,8.391484619140625,-0.47642627358436584,-0.0418904572725296,0.03772762790322304,0.8774052262306213,-0.03778323903679848,-0.10632046312093735,0.9928871393203735
1790341549369968000,8.407968017578124,-0.4856504201889038,-0.04230380803346634,0.03660979121923447,0.8723611235618591,-0.038471221923828125,-0.10515734553337097,1.013932704925537
1790341549386462700,8.424462646484375,-0.4959581792354584,-0.042671091854572296,0.035815782845020294,0.8665575981140137,-0.03864842280745506,-0.10458960384130478,1.0376299619674683
1790341549402956800,8.440956787109375,-0.5051807761192322,-0.04275121912360191,0.03560227155685425,0.8612185120582581,-0.037881605327129364,-0.10470809042453766,1.0590142011642456
1790341549419467500,8.457467529296874,-0.5145812034606934,-0.04350849241018295,0.03490344062447548,0.8556255102157593,-0.03875449672341347,-0.10469701886177063,1.08087956905365
1790341549435968800,8.47396875,-0.5219612121582031,-0.04404734820127487,0.03435194492340088,0.8511382937431335,-0.03934535011649132,-0.10464943200349808,1.0981507301330566
1790341549452450300,8.4904501953125,-0.5247926115989685,-0.04394719377160072,0.03460655361413956,0.8493902087211609,-0.03855639696121216,-0.10510869324207306,1.1048486232757568
1790341549468974600,8.506974609375,-0.5288622379302979,-0.04482581093907356,0.03414738550782204,0.8468349575996399,-0.04003458842635155,-0.10544303059577942,1.1143900156021118
1790341549485447400,8.523447509765624,-0.5315624475479126,-0.04524379223585129,0.034757066518068314,0.8450955748558044,-0.03975755721330643,-0.10705023258924484,1.1208064556121826
1790341549501897500,8.5398974609375,-0.5342520475387573,-0.04538603127002716,0.03572733700275421,0.8433496356010437,-0.038616374135017395,-0.1089719757437706,1.127253532409668
1790341549518376200,8.556376220703125,-0.5343889594078064,-0.045868322253227234,0.036420099437236786,0.8432069420814514,-0.03867414593696594,-0.11066817492246628,1.1276018619537354
1790341549534827300,8.5728271484375,-0.5347385406494141,-0.045928213745355606,0.037638019770383835,0.8429287075996399,-0.037421971559524536,-0.1128106340765953,1.1285213232040405
1790341549551275500,8.589275634765626,-0.5346159338951111,-0.04620353505015373,0.03854525089263916,0.8429503440856934,-0.03693149983882904,-0.11463667452335358,1.1282844543457031
1790341549567669000,8.6056689453125,-0.5315300822257996,-0.04641960188746452,0.0396348237991333,0.8448373675346375,-0.036556046456098557,-0.11658069491386414,1.1210236549377441
1790341549584120000,8.6221201171875,-0.5290088057518005,-0.04646649956703186,0.03979409486055374,0.8464083075523376,-0.036815475672483444,-0.11679181456565857,1.1150522232055664
1790341549600570600,8.638570556640625,-0.5251317620277405,-0.04590202495455742,0.03986254334449768,0.8488466143608093,-0.036313965916633606,-0.11614453792572021,1.1059162616729736
1790341549617017300,8.655017333984375,-0.5216938257217407,-0.04530453681945801,0.03917274251580238,0.8510280251502991,-0.036484166979789734,-0.1141924113035202,1.0977848768234253
1790341549633429500,8.671429443359376,-0.5198178887367249,-0.04442956671118736,0.038106366991996765,0.8522695899009705,-0.036348357796669006,-0.11137447506189346,1.0933399200439453
1790341549649843200,8.68784326171875,-0.5173088908195496,-0.043820712715387344,0.036824751645326614,0.8538824915885925,-0.036961402744054794,-0.10843809694051743,1.0873866081237793
1790341549666291500,8.70429150390625,-0.5155572891235352,-0.043258845806121826,0.03531547263264656,0.8550335168838501,-0.037778984755277634,-0.10519053041934967,1.0832080841064453
1790341549682738400,8.720738525390624,-0.5041736960411072,-0.04198480769991875,0.034387532621622086,0.8618955016136169,-0.037903670221567154,-0.10178787261247635,1.0566425323486328
1790341549699186700,8.737186767578125,-0.49858227372169495,-0.04141281545162201,0.03339550644159317,0.8652083277702332,-0.03855987265706062,-0.09924637526273727,1.043641448020935
1790341549715664400,8.753664306640625,-0.4950942099094391,-0.04054991900920868,0.03264026716351509,0.8672786355018616,-0.03820468485355377,-0.09692014008760452,1.0355809926986694
1790341549732138500,8.770138427734375,-0.4921845495700836,-0.04012824222445488,0.03217613697052002,0.8689699769020081,-0.03825110197067261,-0.09556659311056137,1.028864860534668
1790341549748644900,8.786644775390625,-0.4908795654773712,-0.039398178458213806,0.031778376549482346,0.8697558641433716,-0.037509575486183167,-0.09409717470407486,1.0258784294128418
1790341549765175000,8.803175048828125,-0.49113667011260986,-0.03916078805923462,0.031207088381052017,0.8696420788764954,-0.03762887418270111,-0.0928780660033226,1.0264561176300049
1790341549781662200,8.819662109375,-0.491178959608078,-0.038504015654325485,0.031532712280750275,0.8696358799934387,-0.03615596145391464,-0.09280183166265488,1.0266059637069702
1790341549798109700,8.836109619140625,-0.4917603135108948,-0.03860988840460777,0.03207258880138397,0.8692827224731445,-0.035746727138757706,-0.09387172013521194,1.027967095375061
1790341549814558500,8.852558349609374,-0.49152234196662903,-0.03973039239645004,0.03265643119812012,0.8693450689315796,-0.0371556431055069,-0.09598347544670105,1.0273852348327637
1790341549831005700,8.869005615234375,-0.4920329749584198,-0.04045070707798004,0.03407657891511917,0.8689684867858887,-0.03695721551775932,-0.09919168800115585,1.0285969972610474
1790341549847448800,8.88544873046875,-0.4925606846809387,-0.041224367916584015,0.035075392574071884,0.8685932755470276,-0.037262074649333954,-0.10171882063150406,1.0298246145248413
1790341549863894000,8.90189404296875,-0.4948080778121948,-0.04160895571112633,0.035503800958395004,0.8672792911529541,-0.037243761122226715,-0.10294203460216522,1.0350168943405151
1790341549880338000,8.918337890625,-0.5057395100593567,-0.04152011498808861,0.034679751843214035,0.8609883785247803,-0.03661688044667244,-0.10189065337181091,1.0603305101394653
1790341549896849000,8.934848876953126,-0.5183255672454834,-0.041299089789390564,0.033707305788993835,0.8535202145576477,-0.03574451431632042,-0.10052168369293213,1.0897119045257568
1790341549913351000,8.951350830078125,-0.5239090323448181,-0.04097308591008186,0.032715484499931335,0.8501590490341187,-0.03556803986430168,-0.09871933609247208,1.102805256843567
1790341549929850400,8.967850341796876,-0.5268202424049377,-0.04074763506650925,0.032211460173130035,0.8483882546424866,-0.03537653386592865,-0.09774457663297653,1.1096559762954712
1790341549946298400,8.98429833984375,-0.5265434980392456,-0.04078466817736626,0.03284702077507973,0.8485338091850281,-0.0348004549741745,-0.09885434061288834,1.1090400218963623
1790341549962776800,9.00077685546875,-0.5256344676017761,-0.04080154001712799,0.03329858183860779,0.8490789532661438,-0.034459274262189865,-0.09960424900054932,1.1069215536117554
1790341549979223300,9.017223388671875,-0.5249468684196472,-0.040643490850925446,0.0344223752617836,0.8494669198989868,-0.03308647498488426,-0.10132598131895065,1.1053813695907593
1790341549995670000,9.033669921875,-0.5241314172744751,-0.040568914264440536,0.034366171807050705,0.8499761819839478,-0.03311562538146973,-0.1011199802160263,1.1034578084945679
1790341550012198000,9.050197998046874,-0.5237072706222534,-0.04003836214542389,0.033905722200870514,0.8502811789512634,-0.03274300694465637,-0.09976095706224442,1.1024552583694458
1790341550028715300,9.06671533203125,-0.5232856273651123,-0.03931625187397003,0.03367122262716293,0.8505836725234985,-0.031803958117961884,-0.09858725965023041,1.1014841794967651
1790341550045208300,9.083208251953126,-0.5209892392158508,-0.0386819951236248,0.033078473061323166,0.8520444631576538,-0.03160376846790314,-0.09682569652795792,1.0960723161697388
1790341550061630700,9.099630615234375,-0.5179048776626587,-0.03786202520132065,0.032067909836769104,0.8539981245994568,-0.03159704804420471,-0.09412866830825806,1.0888051986694336
1790341550078137600,9.1161376953125,-0.5151352286338806,-0.03658703714609146,0.03166105970740318,0.8557422161102295,-0.03013068437576294,-0.09201172739267349,1.0823533535003662
1790341550094610200,9.132610107421876,-0.5134729743003845,-0.03580344468355179,0.03003893978893757,0.8568322062492371,-0.030630989000201225,-0.08835979551076889,1.0784095525741577
1790341550111064000,9.14906396484375,-0.512347400188446,-0.03458686172962189,0.028471902012825012,0.8576090931892395,-0.030261265113949776,-0.08437658101320267,1.0757538080215454
1790341550127514400,9.165514404296875,-0.5118778347969055,-0.03303808718919754,0.02787736989557743,0.8579699397087097,-0.028249846771359444,-0.08174984157085419,1.0746983289718628
1790341550143986700,9.181986572265625,-0.511894702911377,-0.03298076614737511,0.02684089168906212,0.8579951524734497,-0.02921261265873909,-0.07990909367799759,1.0746890306472778
1790341550160476400,9.198476318359376,-0.5123801231384277,-0.03249520808458328,0.02641477808356285,0.8577370643615723,-0.028768865391612053,-0.07869486510753632,1.075823426246643
1790341550176957700,9.214957763671874,-0.5125077962875366,-0.03206508979201317,0.026218412443995476,0.8576830625534058,-0.02821844071149826,-0.07792022079229355,1.0761308670043945
1790341550193479700,9.231479736328126,-0.5127900838851929,-0.032136812806129456,0.026179347187280655,0.8575128316879272,-0.02835630252957344,-0.07793600112199783,1.0767852067947388
1790341550209973500,9.247973388671875,-0.5127173662185669,-0.0319366417825222,0.026741236448287964,0.8575464487075806,-0.027441272512078285,-0.07869383692741394,1.0766510963439941
1790341550226419200,9.264419189453125,-0.5126243829727173,-0.03170564025640488,0.02672882005572319,0.8576110601425171,-0.02706502564251423,-0.07843242585659027,1.0764433145523071
1790341550242799000,9.280799072265625,-0.5124108195304871,-0.03154119476675987,0.026693247258663177,0.8577457070350647,-0.02683805488049984,-0.07819579541683197,1.075950026512146
1790341550259329300,9.297329345703124,-0.5119746327400208,-0.031008627265691757,0.026575325056910515,0.858029305934906,-0.026081938296556473,-0.07743342965841293,1.074949026107788
1790341550275850800,9.313850830078126,-0.5117753744125366,-0.030500730499625206,0.02603011205792427,0.8581830263137817,-0.02578449435532093,-0.07596930116415024,1.0744792222976685
1790341550292343600,9.330343505859375,-0.5116949677467346,-0.030241159722208977,0.02532140165567398,0.8582614660263062,-0.026071203872561455,-0.07448210567235947,1.07426917552948
1790341550308794000,9.346794189453124,-0.512093186378479,-0.02981632761657238,0.024096211418509483,0.8580739498138428,-0.026562059298157692,-0.0719522088766098,1.0751612186431885
1790341550325271300,9.363271240234376,-0.5127317905426025,-0.029607411473989487,0.022735031321644783,0.8577369451522827,-0.02754661627113819,-0.06941841542720795,1.076603889465332
1790341550341722600,9.37972265625,-0.5134720206260681,-0.029008150100708008,0.021488342434167862,0.8573466539382935,-0.027737954631447792,-0.06668508052825928,1.0783075094223022
1790341550358171400,9.39617138671875,-0.5147095322608948,-0.029190657660365105,0.020005283877253532,0.8566340804100037,-0.029482925310730934,-0.06436827778816223,1.0811409950256348
1790341550374639000,9.41263916015625,-0.5167068243026733,-0.02861861139535904,0.019348708912730217,0.8554652333259583,-0.029030386358499527,-0.06272026896476746,1.0858103036880493
1790341550391085600,9.42908544921875,-0.5188548564910889,-0.0285306666046381,0.018808260560035706,0.8541790246963501,-0.02928311750292778,-0.06177707761526108,1.0908262729644775
1790341550407576600,9.44557666015625,-0.5211451053619385,-0.02849380299448967,0.017991038039326668,0.8528026938438416,-0.029906325042247772,-0.0604211799800396,1.0961745977401733
1790341550424025900,9.46202587890625,-0.5231091380119324,-0.02832864783704281,0.01821066252887249,0.851600170135498,-0.029255064204335213,-0.06069160997867584,1.1007987260818481
1790341550440509700,9.478509765625,-0.5247732996940613,-0.028000690042972565,0.018512776121497154,0.8505800366401672,-0.02825981006026268,-0.0609188973903656,1.104731798171997
1790341550456999700,9.494999755859375,-0.5262591242790222,-0.028050905093550682,0.018404459580779076,0.849662184715271,-0.028352800756692886,-0.060836754739284515,1.108224868774414
1790341550473470700,9.511470703125,-0.5274653434753418,-0.027642076835036278,0.018757639452815056,0.8489195108413696,-0.027197793126106262,-0.06104583293199539,1.1110917329788208
1790341550489975600,9.5279755859375,-0.5282741785049438,-0.027262864634394646,0.01848088763654232,0.8484349250793457,-0.026787307113409042,-0.06020055338740349,1.1130024194717407
1790341550506504200,9.544504150390624,-0.5292506217956543,-0.02690676972270012,0.017760995775461197,0.8478528261184692,-0.026875337585806847,-0.05863185599446297,1.1152950525283813
1790341550522948000,9.560947998046874,-0.5299302935600281,-0.02606917731463909,0.01697569340467453,0.8474704027175903,-0.026238620281219482,-0.056432437151670456,1.1169013977050781
1790341550539390500,9.577390380859375,-0.5306586623191833,-0.02552955225110054,0.015469544567167759,0.8470597863197327,-0.026873450726270676,-0.05332748591899872,1.1185965538024902
1790341550555871000,9.59387109375,-0.5312860608100891,-0.02454603649675846,0.014225919730961323,0.8467174172401428,-0.026487501338124275,-0.050193678587675095,1.1200759410858154
1790341550572317700,9.610317626953124,-0.5313579440116882,-0.023737013339996338,0.012889795936644077,0.8467167019844055,-0.026531357318162918,-0.04707109183073044,1.1202387809753418
1790341550588733400,9.6267333984375,-0.5315243601799011,-0.023534152656793594,0.01152681652456522,0.8466376066207886,-0.02762715332210064,-0.044550761580467224,1.1206140518188477
1790341550605187600,9.6431875,-0.5313872694969177,-0.023022424429655075,0.011113978922367096,0.8467432856559753,-0.027205366641283035,-0.04330255091190338,1.120295763015747
1790341550621647600,9.659647705078125,-0.5308886170387268,-0.023604003712534904,0.011118417605757713,0.8470399975776672,-0.02821272425353527,-0.04391179233789444,1.1191048622131348
1790341550638092300,9.67609228515625,-0.5304375886917114,-0.02423829399049282,0.01177594531327486,0.8472955226898193,-0.028614943847060204,-0.04568510502576828,1.1180341243743896
1790341550654537700,9.692537841796875,-0.5297625660896301,-0.025004416704177856,0.01257284078747034,0.8476842045783997,-0.029107848182320595,-0.04782663658261299,1.1164345741271973
1790341550670983400,9.7089833984375,-0.5289537310600281,-0.025759464129805565,0.013490401208400726,0.8481523990631104,-0.02946562133729458,-0.050155989825725555,1.1145226955413818
1790341550687429400,9.725429443359374,-0.5277656316757202,-0.026429668068885803,0.014857552014291286,0.8488487601280212,-0.029232405126094818,-0.053145986050367355,1.1117303371429443
1790341550703905500,9.741905517578125,-0.5225937962532043,-0.026785695925354958,0.015856025740504265,0.8520134687423706,-0.029119232669472694,-0.05504295974969864,1.0995736122131348
1790341550720351700,9.758351806640626,-0.5197151303291321,-0.027406904846429825,0.016615426167845726,0.8537382483482361,-0.029578223824501038,-0.056888699531555176,1.0928187370300293
1790341550736798700,9.774798828125,-0.5146501064300537,-0.02747042290866375,0.016859374940395355,0.8567942976951599,-0.029772721230983734,-0.05719652771949768,1.0809714794158936
1790341550753326800,9.791326904296875,-0.5105159878730774,-0.02744961902499199,0.01684471406042576,0.8592649698257446,-0.03002728521823883,-0.057005953043699265,1.0713298320770264
1790341550769847800,9.807847900390625,-0.5070163011550903,-0.027583979070186615,0.016176752746105194,0.8613431453704834,-0.031168457120656967,-0.05586758255958557,1.063170313835144
1790341550786310000,9.824309814453125,-0.5071374773979187,-0.026997840031981468,0.0159742571413517,0.8612940907478333,-0.030354302376508713,-0.05492791533470154,1.06346595287323
1790341550802755600,9.840755615234375,-0.507097601890564,-0.026994336396455765,0.015194905921816826,0.8613318204879761,-0.03114127367734909,-0.05357886850833893,1.0633584260940552
1790341550819205000,9.857205078125,-0.507189154624939,-0.02662898227572441,0.014404530636966228,0.86130291223526,-0.03130677342414856,-0.05184841528534889,1.063568353652954
1790341550835656200,9.87365625,-0.5071301460266113,-0.026374001055955887,0.014210795052349567,0.8613486886024475,-0.031066762283444405,-0.05125344172120094,1.0634355545043945
1790341550852172800,9.8901728515625,-0.5069748163223267,-0.02634827047586441,0.014481674879789352,0.8614363670349121,-0.03075695037841797,-0.051688916981220245,1.0630799531936646
1790341550868659700,9.90665966796875,-0.5069507956504822,-0.026550844311714172,0.014963269233703613,0.861436128616333,-0.030619757249951363,-0.052724167704582214,1.0630265474319458
1790341550885122800,9.923122802734374,-0.5068075060844421,-0.026847826316952705,0.015500795096158981,0.8615016341209412,-0.030596332624554634,-0.05394744500517845,1.0626946687698364
1790341550901631700,9.9396318359375,-0.5062768459320068,-0.027057452127337456,0.015861617401242256,0.861800491809845,-0.03062620386481285,-0.054763589054346085,1.0614629983901978
1790341550918103600,9.956103515625,-0.5056934952735901,-0.02729419618844986,0.01570545881986618,0.8621383309364319,-0.031230252236127853,-0.054712843149900436,1.06009840965271
1790341550934660600,9.97266064453125,-0.5050992965698242,-0.027293018996715546,0.015430323779582977,0.8624915480613708,-0.03154387325048447,-0.0542149692773819,1.058714509010315
1790341550951152400,9.98915234375,-0.5047580003738403,-0.02761206217110157,0.014593075960874557,0.8626958131790161,-0.03296205773949623,-0.053078506141901016,1.057898998260498
1790341550967603500,10.005603515625,-0.5050638914108276,-0.027315597981214523,0.0132164116948843,0.8625484704971313,-0.03382119908928871,-0.050413183867931366,1.058598518371582
1790341550984054300,10.02205419921875,-0.5055063366889954,-0.026911543682217598,0.01219535805284977,0.8623168468475342,-0.03412924334406853,-0.04825916886329651,1.0596253871917725
1790341551000533000,10.038532958984375,-0.505815327167511,-0.026835447177290916,0.011313370428979397,0.8621500730514526,-0.034872449934482574,-0.04667215049266815,1.0603374242782593
1790341551016984800,10.05498486328125,-0.5068915486335754,-0.02767924778163433,0.010785765945911407,0.8614978790283203,-0.036805156618356705,-0.04666151478886604,1.0628101825714111
1790341551033434000,10.07143408203125,-0.5084477066993713,-0.02750561572611332,0.010392122901976109,0.8605906963348389,-0.03682149946689606,-0.04587315022945404,1.066428303718567
1790341551049900500,10.087900634765624,-0.5104804635047913,-0.02852543629705906,0.010312547907233238,0.8593543171882629,-0.03855006396770477,-0.046864770352840424,1.0711299180984497
1790341551066192400,10.1041923828125,-0.5126315355300903,-0.028795871883630753,0.01106150820851326,0.8580543994903564,-0.03813000023365021,-0.0485251359641552,1.0761369466781616
1790341551082536000,10.120535888671874,-0.514620304107666,-0.029317837208509445,0.011565448716282845,0.8568388223648071,-0.038395125418901443,-0.0500154085457325,1.080765724182129
1790341551098982700,10.136982666015625,-0.5166225433349609,-0.03001575917005539,0.01173810288310051,0.8556064367294312,-0.03929645195603371,-0.05112229660153389,1.085425615310669
1790341551115429000,10.15342919921875,-0.5184009075164795,-0.030047429725527763,0.012549151666462421,0.8545176386833191,-0.03840372711420059,-0.05262446030974388,1.0895923376083374
1790341551131878100,10.169878173828126,-0.5193365812301636,-0.03016721084713936,0.012507709674537182,0.8539455533027649,-0.0385940745472908,-0.052720095962285995,1.0917798280715942
1790341551148328700,10.18632861328125,-0.5205129981040955,-0.029834190383553505,0.011885731481015682,0.8532496690750122,-0.03859914839267731,-0.0513637438416481,1.0945409536361694
1790341551164773600,10.202773681640625,-0.5217064023017883,-0.02877541445195675,0.011298596858978271,0.8525647521018982,-0.0373307429254055,-0.04931018874049187,1.097364068031311
1790341551181219600,10.219219482421876,-0.5226009488105774,-0.027853388339281082,0.01000047754496336,0.8520635962486267,-0.037061166018247604,-0.046170901507139206,1.099479079246521
1790341551197697800,10.23569775390625,-0.5234601497650146,-0.02707659639418125,0.008228008635342121,0.8515802025794983,-0.03754422813653946,-0.04237333685159683,1.1015105247497559
1790341551214146600,10.252146484375,-0.5249388813972473,-0.02611122466623783,0.006712537258863449,0.850712776184082,-0.03741590678691864,-0.03884424269199371,1.1050082445144653
1790341551230597600,10.26859765625,-0.5264736413955688,-0.0254713986068964,0.00640189740806818,0.8497857451438904,-0.03658376261591911,-0.03770945966243744,1.1086324453353882
1790341551247073800,10.28507373046875,-0.5276957154273987,-0.02574940212070942,0.006218404043465853,0.8490203619003296,-0.03719574585556984,-0.037743762135505676,1.111505150794983
1790341551263522800,10.301522705078124,-0.5290387868881226,-0.02580277994275093,0.006838733330368996,0.8481777310371399,-0.03657060116529465,-0.0389120876789093,1.1146677732467651
1790341551279970800,10.317970703125,-0.5292654633522034,-0.02605622448027134,0.007936925627291203,0.8480189442634583,-0.03582870960235596,-0.041054174304008484,1.115196704864502
1790341551296418800,10.334418701171876,-0.529407262802124,-0.026638386771082878,0.00857817567884922,0.8479060530662537,-0.03613188862800598,-0.04276512190699577,1.115519642829895
1790341551312881000,10.350880859375,-0.5294762849807739,-0.02649577148258686,0.009447421878576279,0.8478582501411438,-0.03496604785323143,-0.04409220069646835,1.1156893968582153
1790341551329330400,10.367330322265625,-0.530509889125824,-0.02673490159213543,0.010516289621591568,0.8471918702125549,-0.03418431803584099,-0.046201325953006744,1.1181309223175049
1790341551345777000,10.38377685546875,-0.5315598845481873,-0.026720454916357994,0.01116514764726162,0.8465254902839661,-0.03341282531619072,-0.04732787609100342,1.1206179857254028
1790341551362265000,10.40026513671875,-0.5330992937088013,-0.026595311239361763,0.011089283972978592,0.8455619215965271,-0.033195532858371735,-0.04712667688727379,1.1242603063583374
1790341551378756400,10.41675634765625,-0.5340389609336853,-0.026434123516082764,0.010939890518784523,0.8449756503105164,-0.033029794692993164,-0.04673859849572182,1.1264865398406982
1790341551395262000,10.433261962890626,-0.5349535346031189,-0.026067106053233147,0.010503491386771202,0.8444139957427979,-0.032825175672769547,-0.04564381763339043,1.1286566257476807
1790341551411705900,10.449705810546876,-0.5361354947090149,-0.025759205222129822,0.009191426448523998,0.8436888456344604,-0.03364746645092964,-0.04314364120364189,1.1314541101455688
1790341551428154600,10.466154541015625,-0.5366266369819641,-0.025279007852077484,0.007928789593279362,0.8434037566184998,-0.03416590020060539,-0.0405162014067173,1.1326228380203247
1790341551444634400,10.48263427734375,-0.5371580719947815,-0.02488529123365879,0.006571123842149973,0.8430887460708618,-0.03493363782763481,-0.03782377019524574,1.1338896751403809
1790341551461084400,10.49908447265625,-0.5375105738639832,-0.024387337267398834,0.005971934180706739,0.8428832292556763,-0.03472123295068741,-0.03629215434193611,1.1347362995147705
1790341551477534000,10.515533935546875,-0.5380606055259705,-0.02466774918138981,0.0054630073718726635,0.842527449131012,-0.03571807220578194,-0.03575857728719711,1.136038064956665
1790341551494030000,10.532030029296875,-0.538630485534668,-0.024335430935025215,0.0052895015105605125,0.8421741127967834,-0.03532029688358307,-0.03513219952583313,1.1373977661132812
1790341551510515700,10.548515625,-0.5385048389434814,-0.024916253983974457,0.005775049794465303,0.8422341346740723,-0.03578241169452667,-0.03657108545303345,1.1370872259140015
1790341551526995000,10.564994873046874,-0.5385447144508362,-0.025372978299856186,0.006396451964974403,0.8421905636787415,-0.03588196635246277,-0.03811225667595863,1.137171983718872
1790341551543442400,10.5814423828125,-0.5386534929275513,-0.026032259687781334,0.007581732701510191,0.8420910239219666,-0.035712555050849915,-0.040825095027685165,1.1374173164367676
1790341551559960300,10.597960205078126,-0.5381453633308411,-0.026656903326511383,0.009067567996680737,0.8423815965652466,-0.03519251570105553,-0.043981462717056274,1.1362026929855347
1790341551576409000,10.6144091796875,-0.5377172231674194,-0.027545465156435966,0.010211789980530739,0.8426133990287781,-0.035484619438648224,-0.04684966057538986,1.1351739168167114
1790341551592855800,10.630855712890625,-0.5376290678977966,-0.02832285687327385,0.0113817835226655,0.8426288962364197,-0.03554424270987511,-0.04965602234005928,1.134957194328308
1790341551608315600,10.646315673828125,-0.5374128222465515,-0.028306640684604645,0.01262079831212759,0.8427495956420898,-0.03419804945588112,-0.05172010138630867,1.13446044921875
1790341551624762000,10.66276220703125,-0.5365276336669922,-0.02885427512228489,0.0132374819368124,0.8432855010032654,-0.0345161147415638,-0.05331343784928322,1.1323548555374146
1790341551641251000,10.6792509765625,-0.5367662310600281,-0.029125811532139778,0.01297480147331953,0.8431283831596375,-0.03524181619286537,-0.05317140370607376,1.1329095363616943
1790341551657728300,10.695728271484375,-0.5369756817817688,-0.028328431770205498,0.012583907693624496,0.8430280089378357,-0.03430130332708359,-0.051663514226675034,1.133421778678894
1790341551674171600,10.712171630859375,-0.5370401740074158,-0.028115345165133476,0.011347983032464981,0.8430116176605225,-0.03526471555233002,-0.04935113340616226,1.1335641145706177
1790341551690585000,10.728585205078126,-0.5377529263496399,-0.02731844037771225,0.010182117111980915,0.8425983190536499,-0.0351313054561615,-0.046556830406188965,1.1352638006210327
1790341551707058700,10.74505859375,-0.5379822850227356,-0.02674630656838417,0.010041901841759682,0.8424718379974365,-0.03430384770035744,-0.045714039355516434,1.1358202695846558
1790341551723567900,10.76156787109375,-0.5380968451499939,-0.027157390490174294,0.009570772759616375,0.8423911333084106,-0.03549826145172119,-0.04536684229969978,1.1360794305801392
1790341551740047600,10.778047607421875,-0.5388330221176147,-0.027469413354992867,0.009494460187852383,0.8419111967086792,-0.036067068576812744,-0.04560564458370209,1.1378204822540283
1790341551756500500,10.79450048828125,-0.5394842028617859,-0.027637146413326263,0.010463074781000614,0.8414769172668457,-0.035269707441329956,-0.04744628071784973,1.1393717527389526
1790341551772945400,10.8109453125,-0.539404034614563,-0.02875683270394802,0.011254929937422276,0.8414806723594666,-0.03630804643034935,-0.049985531717538834,1.1391620635986328
1790341551789418200,10.827418212890626,-0.53972327709198,-0.028810160234570503,0.01188051700592041,0.8412655591964722,-0.035703808069229126,-0.05111062154173851,1.1399271488189697
1790341551805890800,10.843890869140624,-0.5392327308654785,-0.02833968587219715,0.01238811295479536,0.8415886163711548,-0.0343928188085556,-0.05143744498491287,1.138779640197754
1790341551822336000,10.8603359375,-0.5391653180122375,-0.028972093015909195,0.012023186311125755,0.841615617275238,-0.035856980830430984,-0.05150206387042999,1.1385983228683472
1790341551838825000,10.876824951171875,-0.5390968918800354,-0.028598902747035027,0.012563555501401424,0.8416643738746643,-0.03464917838573456,-0.05200719088315964,1.1384527683258057
1790341551855314000,10.89331396484375,-0.5387436151504517,-0.028435366228222847,0.012632664293050766,0.8418949842453003,-0.0343206487596035,-0.051932841539382935,1.1376183032989502
1790341551871774500,10.9097744140625,-0.5386751890182495,-0.028666634112596512,0.011770621873438358,0.8419435620307922,-0.035643674433231354,-0.05072615668177605,1.1374379396438599
1790341551888222700,10.92622265625,-0.5388968586921692,-0.028442643582820892,0.01138819195330143,0.8418144583702087,-0.03566458821296692,-0.049849431961774826,1.1379657983779907
1790341551904701400,10.942701416015625,-0.5388455986976624,-0.02807745337486267,0.010785381309688091,0.8418675065040588,-0.03570112586021423,-0.048437491059303284,1.13784658908844
1790341551921149700,10.959149658203126,-0.5391383171081543,-0.028158392757177353,0.009786522947251797,0.8416895270347595,-0.036897528916597366,-0.04685410484671593,1.138532042503357
1790341551937692200,10.975692138671874,-0.5394342541694641,-0.027788132429122925,0.009249628521502018,0.8415183424949646,-0.036835864186286926,-0.04556296765804291,1.1392407417297363
1790341551954140400,10.992140380859375,-0.5390493869781494,-0.027203448116779327,0.008150734007358551,0.8417952060699463,-0.03705499321222305,-0.04306381195783615,1.1383345127105713
1790341551970617900,11.008617919921875,-0.5390052795410156,-0.027066495269536972,0.007564321160316467,0.8418335318565369,-0.03745821490883827,-0.04192604869604111,1.1382317543029785
1790341551987092700,11.0250927734375,-0.5387354493141174,-0.026992715895175934,0.007821621373295784,0.8420061469078064,-0.03707009181380272,-0.04226815700531006,1.1375925540924072
1790341552003565800,11.04156591796875,-0.5385892987251282,-0.027312126010656357,0.008723532781004906,0.8420805335044861,-0.0366450771689415,-0.04412619024515152,1.137241005897522
1790341552020043300,11.058043212890626,-0.538327693939209,-0.02751011773943901,0.009590882807970047,0.8422319889068604,-0.03605933114886284,-0.0457904152572155,1.1366198062896729
1790341552036494800,11.074494873046875,-0.5385137796401978,-0.028140675276517868,0.010799954645335674,0.842077374458313,-0.03581118583679199,-0.048516109585762024,1.1370567083358765
1790341552052905200,11.0909052734375,-0.5383894443511963,-0.02854972705245018,0.01251743920147419,0.8421193361282349,-0.03465954586863518,-0.05184732750058174,1.1367720365524292
1790341552069354800,11.107354736328125,-0.5369203686714172,-0.029121043160557747,0.01306080911308527,0.8430289626121521,-0.03513167425990105,-0.05331789702177048,1.1332768201828003
1790341552085840600,11.123840576171874,-0.5347867608070374,-0.028842028230428696,0.013315916992723942,0.8443897366523743,-0.03452146053314209,-0.05336163565516472,1.1282286643981934
1790341552102300400,11.140300537109376,-0.5321755409240723,-0.027801403775811195,0.01254350133240223,0.846084475517273,-0.033743973821401596,-0.05083807557821274,1.1220635175704956
1790341552118746400,11.156746337890626,-0.5320858955383301,-0.02745199017226696,0.010927925817668438,0.8461747169494629,-0.03487594425678253,-0.0477256178855896,1.1218410730361938
1790341552135191800,11.17319189453125,-0.531883716583252,-0.025814039632678032,0.009855866432189941,0.8463664054870605,-0.03325045481324196,-0.044157832860946655,1.1213924884796143
1790341552151637500,11.189637451171874,-0.5312120914459229,-0.02553747035562992,0.008372288197278976,0.8468125462532043,-0.034392111003398895,-0.04132290557026863,1.119803547859192
1790341552168085200,11.206085205078125,-0.5293198227882385,-0.02484923042356968,0.007465873844921589,0.8480255603790283,-0.0342746339738369,-0.03897875174880028,1.1153494119644165
1790341552184559900,11.222559814453126,-0.5248703956604004,-0.024249644950032234,0.007326791994273663,0.8508051037788391,-0.03360270336270332,-0.03793228417634964,1.104884147644043
1790341552201023500,11.2390234375,-0.5199360847473145,-0.02446628361940384,0.00795707106590271,0.8538177013397217,-0.033536992967128754,-0.039039500057697296,1.0933005809783936
1790341552217470500,11.255470458984375,-0.5170616507530212,-0.024851461872458458,0.008945656009018421,0.8555405139923096,-0.03330611810088158,-0.041017718613147736,1.0865674018859863
1790341552233948000,11.271947998046874,-0.515873372554779,-0.025091852992773056,0.010133172385394573,0.8562372922897339,-0.03255048021674156,-0.04325472563505173,1.0837907791137695
1790341552250398200,11.288398193359376,-0.5138221383094788,-0.025785846635699272,0.010736656375229359,0.8574419021606445,-0.033225901424884796,-0.044925905764102936,1.0789892673492432
1790341552266815500,11.3048154296875,-0.509799063205719,-0.026353083550930023,0.011645320802927017,0.8598108887672424,-0.033486880362033844,-0.046912308782339096,1.0696089267730713
1790341552283132700,11.321132568359374,-0.5025653839111328,-0.026025360450148582,0.012696107849478722,0.8640540838241577,-0.03225631266832352,-0.048117704689502716,1.052838683128357
1790341552299582000,11.33758203125,-0.49499914050102234,-0.026619862765073776,0.012847906909883022,0.868390679359436,-0.033559538424015045,-0.048686858266592026,1.035348653793335
1790341552316048000,11.3540478515625,-0.4880494177341461,-0.02626759000122547,0.013492031022906303,0.8723163604736328,-0.032703131437301636,-0.04919824376702309,1.019390344619751
1790341552332535300,11.370535400390626,-0.481560081243515,-0.02611006796360016,0.013847271911799908,0.8759146928787231,-0.032449111342430115,-0.049425311386585236,1.004546046257019
1790341552349013200,11.38701318359375,-0.47531551122665405,-0.02624194510281086,0.01415443979203701,0.8793101906776428,-0.03274049609899521,-0.04985934868454933,0.990309476852417
1790341552365505500,11.403505615234375,-0.47082722187042236,-0.025713924318552017,0.013823210261762142,0.8817423582077026,-0.03237331286072731,-0.048609793186187744,0.9801245331764221
1790341552381979600,11.419979736328125,-0.4683395028114319,-0.025383202359080315,0.0140544967725873,0.883072018623352,-0.03170861303806305,-0.04861732944846153,0.9744964838027954
1790341552398481400,11.4364814453125,-0.46559232473373413,-0.024843420833349228,0.013991713523864746,0.8845399618148804,-0.03096158802509308,-0.047904595732688904,0.9682937860488892
1790341552415003600,11.453003662109374,-0.4626688063144684,-0.024613842368125916,0.013860543258488178,0.8860810399055481,-0.03083348460495472,-0.047356944531202316,0.9616928696632385
1790341552431482000,11.469482177734376,-0.4601712226867676,-0.023939620703458786,0.014153314754366875,0.8873945474624634,-0.02949896641075611,-0.047169286757707596,0.9560813307762146
1790341552447947000,11.485947021484375,-0.4570230543613434,-0.023247933015227318,0.014907659962773323,0.8890259861946106,-0.02774495631456375,-0.04777444899082184,0.9490199685096741
1790341552464438500,11.5024384765625,-0.4544149935245514,-0.023507338017225266,0.01509864442050457,0.8903518319129944,-0.028174040839076042,-0.0482691265642643,0.9431490302085876
1790341552480918300,11.518918212890625,-0.45161542296409607,-0.023130476474761963,0.016199154779314995,0.8917657732963562,-0.026658568531274796,-0.0498044490814209,0.9368900656700134
1790341552497369900,11.535369873046875,-0.4485272467136383,-0.023274624720215797,0.01713060587644577,0.8933018445968628,-0.026253273710608482,-0.05150698497891426,0.9299768209457397
1790341552513846000,11.551845947265624,-0.4450376331806183,-0.02291777916252613,0.017931213602423668,0.8950389623641968,-0.02510172687470913,-0.05252096429467201,0.9221943020820618
1790341552530291500,11.56829150390625,-0.44076859951019287,-0.022111639380455017,0.018669188022613525,0.8971540927886963,-0.023252272978425026,-0.053015340119600296,0.9127044677734375
1790341552546767000,11.58476708984375,-0.4362654983997345,-0.021993961185216904,0.018892478197813034,0.8993508219718933,-0.023111049085855484,-0.053197428584098816,0.9026813507080078
1790341552563186700,11.601186767578126,-0.432057648897171,-0.02122058905661106,0.019017405807971954,0.9013957381248474,-0.021855084225535393,-0.05264576897025108,0.8933600783348083
1790341552579601200,11.61760107421875,-0.4275588393211365,-0.02070801332592964,0.01844779960811138,0.9035621285438538,-0.021676868200302124,-0.051067449152469635,0.8833916783332825
1790341552596073000,11.634072998046875,-0.4230654239654541,-0.02024427428841591,0.017680920660495758,0.9057003259658813,-0.02173810824751854,-0.049176353961229324,0.8734543919563293
1790341552612451800,11.650451904296874,-0.4186633825302124,-0.019588954746723175,0.01711057871580124,0.9077690243721008,-0.021262915804982185,-0.0474851056933403,0.8637531399726868
1790341552628942800,11.66694287109375,-0.4144463539123535,-0.019210917875170708,0.015872767195105553,0.9097325205802917,-0.021820416674017906,-0.04481873661279678,0.8544625639915466
1790341552645388800,11.683388916015625,-0.41057923436164856,-0.018687551841139793,0.014603991061449051,0.9115164279937744,-0.02209709770977497,-0.041981328278779984,0.8459678888320923
1790341552661837800,11.699837890625,-0.40688228607177734,-0.01816757582128048,0.013662724755704403,0.9131976962089539,-0.022082170471549034,-0.03974812850356102,0.8378682732582092
1790341552678288100,11.7162880859375,-0.4031728506088257,-0.01842324063181877,0.013249758630990982,0.9148424863815308,-0.023044496774673462,-0.03910835459828377,0.829738974571228
1790341552694781400,11.732781494140625,-0.399478554725647,-0.018522610887885094,0.013060525991022587,0.9164624214172363,-0.0235355906188488,-0.038747429847717285,0.8216639161109924
1790341552711286800,11.749286865234374,-0.39560675621032715,-0.018277514725923538,0.013625088147819042,0.9181370139122009,-0.022801924496889114,-0.03949107602238655,0.8132304549217224
1790341552727796700,11.765796630859375,-0.3934589922428131,-0.018819620832800865,0.014714219607412815,0.9190317392349243,-0.023034993559122086,-0.04186739772558212,0.8085440993309021
1790341552744246300,11.782246337890625,-0.3935908377170563,-0.01875406689941883,0.016098104417324066,0.9189533591270447,-0.02181929163634777,-0.04436422139406204,0.8088464736938477
1790341552760723500,11.798723388671876,-0.3939734399318695,-0.01878412254154682,0.015248330309987068,0.9188033938407898,-0.022525522857904434,-0.04283442348241806,0.8096699118614197
1790341552777171700,11.815171630859375,-0.3899913728237152,-0.01895029842853546,0.015023860149085522,0.9205009341239929,-0.023192156106233597,-0.0424526110291481,0.8009999394416809
1790341552793647400,11.8316474609375,-0.39046040177345276,-0.018192334100604057,0.01424890011548996,0.920329749584198,-0.022378798574209213,-0.04044517129659653,0.8020372986793518
1790341552810093000,11.848093017578124,-0.39059165120124817,-0.018310222774744034,0.01345979142934084,0.9202834963798523,-0.0232064351439476,-0.039087243378162384,0.8023139834403992
1790341552826541000,11.864541015625,-0.3911793828010559,-0.017601482570171356,0.012957653030753136,0.9200548529624939,-0.02226872183382511,-0.037623051553964615,0.8036096096038818
1790341552843018200,11.881018310546875,-0.3855290114879608,-0.016131993383169174,0.013248450122773647,0.922459602355957,-0.01956145651638508,-0.03688938915729523,0.7913835048675537
1790341552859507000,11.8975068359375,-0.37500396370887756,-0.015633003786206245,0.013408676721155643,0.9267944693565369,-0.018934350460767746,-0.03658721596002579,0.768627405166626
1790341552875983400,11.9139833984375,-0.3651837408542633,-0.01422976329922676,0.013459178619086742,0.9307295083999634,-0.016669221222400665,-0.03545409440994263,0.7475154399871826
1790341552892427800,11.930427734375,-0.35903987288475037,-0.014346769079566002,0.014415126293897629,0.933100700378418,-0.016434868797659874,-0.03721224144101143,0.7343313694000244
1790341552908875000,11.946875,-0.35711395740509033,-0.013727587647736073,0.014436714351177216,0.9338483810424805,-0.015338839031755924,-0.03677631914615631,0.730222225189209
1790341552925367000,11.963366943359375,-0.35435011982917786,-0.013648961670696735,0.012060388922691345,0.9349355101585388,-0.016984235495328903,-0.03222997486591339,0.7242900729179382
1790341552941791700,11.979791748046875,-0.35240408778190613,-0.013301149941980839,0.011200837790966034,0.9356863498687744,-0.017005611211061478,-0.03034035675227642,0.720133364200592
1790341552958230800,11.996230712890625,-0.35057830810546875,-0.012767724692821503,0.011580530554056168,0.936374843120575,-0.015799060463905334,-0.030644405633211136,0.7162462472915649
1790341552974706000,12.012705810546874,-0.34956687688827515,-0.013649486005306244,0.010010219179093838,0.9367585182189941,-0.018582571297883987,-0.02830091118812561,0.7140614986419678
1790341552991165000,12.0291650390625,-0.34900525212287903,-0.013239319436252117,0.010616461746394634,0.9369670748710632,-0.017407478764653206,-0.02913985773921013,0.7128723859786987
1790341553007611600,12.045611572265624,-0.3498781621456146,-0.013931803405284882,0.011469662189483643,0.9366214871406555,-0.01808149181306362,-0.03123941272497177,0.7147213220596313
1790341553024061000,12.06206103515625,-0.35249364376068115,-0.013348235748708248,0.012601608410477638,0.9356342554092407,-0.016103621572256088,-0.032997313886880875,0.7203302383422852
1790341553040513800,12.078513671875,-0.354046493768692,-0.013281640596687794,0.015056924894452095,0.9350122213363647,-0.014185776002705097,-0.0375702902674675,0.7236747741699219
1790341553057012700,12.0950126953125,-0.35520389676094055,-0.013282778672873974,0.017587047070264816,0.9345290064811707,-0.012343674898147583,-0.04232003539800644,0.7261878252029419
1790341553073463600,12.111463623046875,-0.356438010931015,-0.01341049000620842,0.018387198448181152,0.9340417981147766,-0.011955938301980495,-0.04392296448349953,0.7288405299186707
1790341553089913000,12.1279130859375,-0.35751479864120483,-0.011986524797976017,0.0166950561106205,0.9336813688278198,-0.010454182513058186,-0.03975691646337509,0.731164813041687
1790341553106365200,12.144365234375,-0.3585120439529419,-0.012515496462583542,0.014261199161410332,0.9333322644233704,-0.013145319186151028,-0.03560230880975723,0.7332512140274048
1790341553122771000,12.16077099609375,-0.35934197902679443,-0.011291596107184887,0.01184435561299324,0.9330624938011169,-0.01256524957716465,-0.030222738161683083,0.7350385785102844
1790341553139157800,12.17715771484375,-0.3599122166633606,-0.011337876319885254,0.010165009647607803,0.9328619241714478,-0.013841858133673668,-0.027129709720611572,0.7362493276596069
1790341553155608600,12.193608642578125,-0.3608871400356293,-0.01191512867808342,0.00798360351473093,0.9324992299079895,-0.01646462455391884,-0.023491602391004562,0.7383241653442383
1790341553172074000,12.210073974609376,-0.3616254925727844,-0.011213026940822601,0.006794422399252653,0.9322313070297241,-0.015996331349015236,-0.02077927626669407,0.739922046661377
1790341553188523000,12.22652294921875,-0.3606986999511719,-0.010532484389841557,0.005717490334063768,0.9326053857803345,-0.015523932874202728,-0.018263446167111397,0.7379475831985474
1790341553204976600,12.2429765625,-0.35917234420776367,-0.009678270667791367,0.003142501460388303,0.9332157969474792,-0.015808386728167534,-0.01281794998794794,0.7347003817558289
1790341553221459000,12.259458984375,-0.3576478958129883,-0.008544985204935074,-0.0014748189132660627,0.9338162541389465,-0.01701474003493786,-0.0033577783033251762,0.7314962148666382
1790341553237907500,12.275907470703125,-0.3554181456565857,-0.007727405522018671,-0.003668451914563775,0.934668242931366,-0.01705363392829895,0.0013646516017615795,0.7267622351646423
1790341553254356700,12.292356689453126,-0.35446226596832275,-0.007084708195179701,-0.005320536904036999,0.9350284337997437,-0.017021693289279938,0.004927203059196472,0.7247495651245117
1790341553270807300,12.308807373046875,-0.3542621433734894,-0.006520349066704512,-0.008237075060606003,0.935087263584137,-0.018032385036349297,0.010785152204334736,0.7243889570236206
1790341553287207000,12.32520703125,-0.356868177652359,-0.0061645773239433765,-0.00865611806511879,0.9340943694114685,-0.017696930095553398,0.011771650984883308,0.7299736738204956
1790341553303655700,12.34165576171875,-0.3587525188922882,-0.004136346280574799,-0.008170469664037228,0.9333878755569458,-0.013585426844656467,0.012284894473850727,0.7339779138565063
1790341553320100600,12.3581005859375,-0.36136120557785034,-0.007243176456540823,-0.00989286508411169,0.9323453903198242,-0.020659351721405983,0.013212713412940502,0.7396494746208191
1790341553336545300,12.374545166015626,-0.36803898215293884,-0.00600389763712883,-0.007302604615688324,0.9297623038291931,-0.01654113084077835,0.00916016474366188,0.7539092898368835
1790341553352991000,12.390990966796876,-0.37311360239982605,-0.004180246498435736,-0.00019149458967149258,0.9277762770652771,-0.007899677380919456,-0.0027640890330076218,0.7647215723991394
1790341553369440000,12.40743994140625,-0.3771744966506958,-0.006569625809788704,0.00228689587675035,0.9261160492897034,-0.010443984530866146,-0.009191782213747501,0.7734587788581848
1790341553385886700,12.42388671875,-0.3820249140262604,-0.006106353830546141,0.003689062548801303,0.924124538898468,-0.00846809521317482,-0.01148411724716425,0.7839452624320984
1790341553402333700,12.440333740234376,-0.3844362199306488,-0.006235573440790176,0.004248922690749168,0.9231208562850952,-0.008246248587965965,-0.012639234773814678,0.789165735244751
1790341553418793200,12.456793212890625,-0.3867446184158325,-0.005741544999182224,0.002074043732136488,0.9221667647361755,-0.008985500782728195,-0.008266345597803593,0.7941763401031494
1790341553435237600,12.473237548828125,-0.3875342309474945,-0.0031966702081263065,-0.00007336513954214752,0.9218498468399048,-0.005950613878667355,-0.0023423770908266306,0.7959079742431641
1790341553451682800,12.489682861328125,-0.3881286680698395,-0.001696296501904726,-0.003759581595659256,0.9215959906578064,-0.006045135203748941,0.00561289768666029,0.7972245812416077
1790341553468159500,12.506159423828125,-0.38806381821632385,-0.001244089799001813,-0.006380944978445768,0.9216095209121704,-0.007246043533086777,0.01079611573368311,0.7971165180206299
1790341553484606200,12.522606201171875,-0.3872254490852356,-0.000554044614546001,-0.00712544983252883,0.9219573736190796,-0.006540497299283743,0.012709982693195343,0.7953037023544312
1790341553501054200,12.53905419921875,-0.38551202416419983,-0.0012113256379961967,-0.005977311171591282,0.9226826429367065,-0.006844391115009785,0.010096533223986626,0.7915754318237305
1790341553517499600,12.555499755859374,-0.3834264576435089,-0.0023499918170273304,-0.0027166828513145447,0.9235644340515137,-0.0064241113141179085,0.0032159709371626377,0.7870226502418518
1790341553533942500,12.571942626953126,-0.3807830810546875,-0.0037023855838924646,0.001792017719708383,0.9246552586555481,-0.005482251290231943,-0.006133647635579109,0.7812762260437012
1790341553550385700,12.5883857421875,-0.37881574034690857,-0.005531576927751303,0.005034175701439381,0.9254419803619385,-0.006424887105822563,-0.01350898202508688,0.7770122289657593
1790341553566798000,12.604798095703124,-0.3777865171432495,-0.006476177368313074,0.007327707018703222,0.9258410930633545,-0.006456349510699511,-0.018462859094142914,0.7747884392738342
1790341553583231700,12.621231689453126,-0.37727949023246765,-0.006566419266164303,0.008763838559389114,0.9260347485542297,-0.005549905356019735,-0.02118757553398609,0.773703932762146
1790341553599678200,12.63767822265625,-0.37758076190948486,-0.006239745300263166,0.008457619696855545,0.9259170293807983,-0.005169199779629707,-0.020375533029437065,0.7743569016456604
1790341553616137000,12.654136962890625,-0.3792671263217926,-0.005598980467766523,0.007971961051225662,0.9252359867095947,-0.004314543679356575,-0.01900005340576172,0.7780060768127441
1790341553632585700,12.670585693359374,-0.381461501121521,-0.005468250717967749,0.00821524579077959,0.9243320822715759,-0.0038420886266976595,-0.019360294565558434,0.7827567458152771
1790341553649033000,12.687032958984375,-0.38403016328811646,-0.00560263404622674,0.009568430483341217,0.9232540130615234,-0.002996905241161585,-0.02197311259806156,0.7883327007293701
1790341553665510400,12.703510498046874,-0.38684651255607605,-0.0064539299346506596,0.011999550275504589,0.92204350233078,-0.0026186066679656506,-0.027124902233481407,0.794461190700531
1790341553681953300,12.719953369140624,-0.3906532824039459,-0.007516845129430294,0.015444562770426273,0.9203776121139526,-0.0017707766965031624,-0.034309349954128265,0.8027772307395935
1790341553698398500,12.7363984375,-0.39408206939697266,-0.008251994848251343,0.018990999087691307,0.918842077255249,-0.00019670474284794182,-0.041415221989154816,0.8103176951408386
1790341553714874400,12.752874267578125,-0.396083265542984,-0.009488552808761597,0.02180951088666916,0.917906641960144,-0.00014260898751672357,-0.04757264629006386,0.8147354125976562
1790341553731321900,12.76932177734375,-0.39724108576774597,-0.009695332497358322,0.024174904450774193,0.9173445701599121,0.0014205356128513813,-0.05207974091172218,0.8173480033874512
1790341553747769900,12.785769775390625,-0.39746391773223877,-0.009214146062731743,0.025775179266929626,0.9172095060348511,0.003592170076444745,-0.05463423579931259,0.817925751209259
1790341553764217600,12.802217529296875,-0.39721038937568665,-0.009148359298706055,0.02555079199373722,0.9173262119293213,0.003519191173836589,-0.05417095869779587,0.8173646330833435
1790341553780666000,12.818666015625,-0.39698517322540283,-0.00811245758086443,0.024408118799328804,0.917464554309845,0.004499461967498064,-0.051250651478767395,0.8168611526489258
1790341553797115000,12.835114990234375,-0.39617425203323364,-0.007496286649256945,0.022878866642713547,0.917859673500061,0.004371998365968466,-0.04795723035931587,0.8150479197502136
1790341553813560000,12.85156005859375,-0.3950573801994324,-0.007191747426986694,0.020653951913118362,0.9183961153030396,0.0031122127547860146,-0.04363316670060158,0.8125343322753906
1790341553830008000,12.868008056640624,-0.3944016993045807,-0.006949750706553459,0.01845632866024971,0.9187265038490295,0.001789964735507965,-0.039404820650815964,0.8110356330871582
1790341553846454800,12.884454833984375,-0.3940693438053131,-0.006530208047479391,0.016584487631917,0.918907880783081,0.001070237485691905,-0.03563348203897476,0.8102653622627258
1790341553862904300,12.900904296875,-0.40568745136260986,-0.0069261277094483376,0.014610514044761658,0.9138689041137695,-0.0008049614261835814,-0.0323295071721077,0.8355647325515747
1790341553879350000,12.91735009765625,-0.4170500636100769,-0.007123040501028299,0.013988676480948925,0.9087480306625366,-0.0012787709711119533,-0.03137083724141121,0.8604875802993774
1790341553895799000,12.933799072265625,-0.42811867594718933,-0.007738301996141672,0.013094589114189148,0.903594434261322,-0.002773773390799761,-0.030294854193925858,0.8848875761032104
1790341553912275000,12.95027490234375,-0.42955270409584045,-0.008303184993565083,0.012209022417664528,0.9029211401939392,-0.004507340025156736,-0.029185021296143532,0.8880327939987183
1790341553928720600,12.966720703125,-0.4312884211540222,-0.00851227343082428,0.012050637975335121,0.9020935893058777,-0.004965254105627537,-0.029088197275996208,0.8918726444244385
1790341553945135400,12.98313525390625,-0.433938592672348,-0.009753529913723469,0.01214905921369791,0.9008077383041382,-0.0070315171033144,-0.030357463285326958,0.8977298736572266
1790341553961576400,12.999576416015625,-0.4374735951423645,-0.01008011493831873,0.012369927950203419,0.8990897536277771,-0.007306413259357214,-0.031067917123436928,0.9055849313735962
1790341553978026800,13.01602685546875,-0.440282940864563,-0.010310295969247818,0.01273307204246521,0.8977096080780029,-0.007302784826606512,-0.03194552659988403,0.9118425846099854
1790341553994475300,13.032475341796875,-0.4432215988636017,-0.010971935465931892,0.012689614668488503,0.8962550759315491,-0.008423223160207272,-0.0324779711663723,0.9183810949325562
1790341554010922000,13.048921875,-0.4513235092163086,-0.011179761029779911,0.012962917797267437,0.8921962380409241,-0.008252792060375214,-0.033228423446416855,0.936506986618042
1790341554027368200,13.0653681640625,-0.46381255984306335,-0.010683030821383,0.01239932794123888,0.8857822418212891,-0.007427592761814594,-0.031881459057331085,0.9646095037460327
1790341554043816200,13.081816162109375,-0.47506776452064514,-0.01079024001955986,0.010960270650684834,0.8798148036003113,-0.00857693050056696,-0.029542503878474236,0.9900831580162048
1790341554060194000,13.098194091796875,-0.4818519949913025,-0.009226127527654171,0.009050375781953335,0.8761574029922485,-0.007447546813637018,-0.024752890691161156,1.0055336952209473
1790341554076644600,13.11464453125,-0.4834727346897125,-0.00801580585539341,0.00648106075823307,0.875298798084259,-0.007767112459987402,-0.019097736105322838,1.009219765663147
1790341554093022700,13.131022705078125,-0.4850772023200989,-0.007347872015088797,0.003387612756341696,0.8744338750839233,-0.00956491008400917,-0.013053427450358868,1.0128767490386963
1790341554109470500,13.147470458984374,-0.4871366322040558,-0.00663411570712924,0.0009313858463428915,0.8733001351356506,-0.010680276900529861,-0.008090288378298283,1.0175979137420654
1790341554125917400,13.16391748046875,-0.49824199080467224,-0.006133565213531256,-0.0009172168211080134,0.8670159578323364,-0.011550163850188255,-0.004521531518548727,1.0431360006332397
1790341554142364200,13.1803642578125,-0.5085864067077637,-0.005920896772295237,-0.00290493993088603,0.8609857559204102,-0.013150827027857304,-0.0010203516576439142,1.067103385925293
1790341554158833000,13.1968330078125,-0.5179808139801025,-0.0053000738844275475,-0.0044524832628667355,0.8553643226623535,-0.013680048286914825,0.0021263191010802984,1.0890209674835205
1790341554175283700,13.21328369140625,-0.5255687832832336,-0.004915349651128054,-0.0056942119263112545,0.8507179021835327,-0.014349191449582577,0.004521643277257681,1.1068345308303833
1790341554191735000,13.229735107421876,-0.5341541171073914,-0.004921460524201393,-0.006500127259641886,0.8453478217124939,-0.015265675261616707,0.005732131190598011,1.1270993947982788
1790341554208267500,13.246267578125,-0.5409454107284546,-0.0044616530649363995,-0.006376066245138645,0.8410217761993408,-0.014403650537133217,0.005897833500057459,1.1432030200958252
1790341554224714500,13.262714599609374,-0.5416155457496643,-0.00485131936147809,-0.005857486743479967,0.8405919075012207,-0.014501633122563362,0.004592427983880043,1.1447861194610596
1790341554241160400,13.279160400390625,-0.5402077436447144,-0.0047925193794071674,-0.004479856695979834,0.8415060639381409,-0.01290636882185936,0.002361743012443185,1.1414107084274292
1790341554257607200,13.295607177734375,-0.5383241772651672,-0.0051105692982673645,-0.0037364002782851458,0.8427141308784485,-0.012636627070605755,0.0007951488369144499,1.136925220489502
1790341554274053400,13.312053466796876,-0.5368835926055908,-0.004986505955457687,-0.0033505624160170555,0.8436350226402283,-0.012011596001684666,0.00029895734041929245,1.13350248336792
1790341554290436000,13.32843603515625,-0.5359539985656738,-0.00540728447958827,-0.00301572703756392,0.8442243933677673,-0.012362821958959103,-0.0007042112410999835,1.13129460811615
1790341554306882000,13.344882080078126,-0.5436786413192749,-0.005966983735561371,-0.0024395224172621965,0.8392688035964966,-0.012668813578784466,-0.0023934151977300644,1.1496397256851196
1790341554323327200,13.3613271484375,-0.5508914589881897,-0.006410249043256044,-0.002504390198737383,0.8345486521720886,-0.01345908548682928,-0.0028826359193772078,1.166875958442688
1790341554339795500,13.37779541015625,-0.557170033454895,-0.0068036275915801525,-0.002295468933880329,0.830367386341095,-0.013857495971024036,-0.0037693986669182777,1.1819562911987305
1790341554356284000,13.394283935546875,-0.5609119534492493,-0.007677500136196613,-0.0012706090928986669,0.8278388381004333,-0.014137635007500648,-0.006509130354970694,1.1909688711166382
1790341554372745000,13.410744873046875,-0.5680158734321594,-0.008339851163327694,0.000105349812656641,0.8229753971099854,-0.01360835786908865,-0.009647885337471962,1.2081685066223145
1790341554389188000,13.42718798828125,-0.5749973058700562,-0.00905882939696312,0.001513756695203483,0.8181038498878479,-0.01308277528733015,-0.012894783169031143,1.2251766920089722
1790341554405654300,13.443654296875,-0.5813626050949097,-0.009777669794857502,0.00229477952234447,0.8135825991630554,-0.013243583962321281,-0.015103302896022797,1.240776777267456
1790341554422097200,13.46009716796875,-0.5872434377670288,-0.0104221785441041,0.002692882437258959,0.8093388676643372,-0.013709711842238903,-0.016600381582975388,1.2552682161331177
1790341554438541600,13.47654150390625,-0.5926463007926941,-0.010762704536318779,0.003420292865484953,0.8053837418556213,-0.013284774497151375,-0.01826726458966732,1.2686532735824585
1790341554455010800,13.4930107421875,-0.5965722799301147,-0.010659940540790558,0.004410228226333857,0.8024765253067017,-0.011849264614284039,-0.01979835145175457,1.278428316116333
1790341554471451100,13.509451171875,-0.5984143614768982,-0.010395349934697151,0.0043483213521540165,0.8011075854301453,-0.011453798040747643,-0.01940961927175522,1.283024787902832
1790341554487891000,13.525890869140625,-0.599905252456665,-0.009492697194218636,0.004012163728475571,0.8000046610832214,-0.01037640031427145,-0.017809877172112465,1.2867525815963745
1790341554504332800,13.542332763671874,-0.6014828681945801,-0.008618393912911415,0.0040879868902266026,0.7988287806510925,-0.008852913044393063,-0.01689964160323143,1.290705680847168
1790341554520779300,13.558779296875,-0.6029720306396484,-0.007366292178630829,0.004106300882995129,0.7977177500724792,-0.00680133793503046,-0.015435287728905678,1.294443964958191
1790341554537225200,13.57522509765625,-0.6040876507759094,-0.005545373074710369,0.0031662103720009327,0.7968922853469849,-0.005013159941881895,-0.011746309697628021,1.297242522239685
1790341554553671200,13.591671142578125,-0.6043199300765991,-0.004929948598146439,0.001347869518212974,0.796725332736969,-0.006226785480976105,-0.008106384426355362,1.297818660736084
1790341554570119000,13.608118896484376,-0.5998575091362,-0.006100863218307495,-0.00003297317016404122,0.800083577632904,-0.009802374988794327,-0.007266598287969828,1.2866383790969849
1790341554586566400,13.62456640625,-0.5938689112663269,-0.007170105818659067,-0.0005598937277682126,0.8045297265052795,-0.012202790006995201,-0.007615376729518175,1.27170991897583
1790341554603015000,13.641014892578125,-0.5876048803329468,-0.008129595778882504,-0.0009868713095784187,0.8091066479682922,-0.014316143468022346,-0.00795709528028965,1.2561829090118408
1790341554619463000,13.657462890625,-0.5824525952339172,-0.008684307336807251,-0.001535009010694921,0.8128167986869812,-0.015906773507595062,-0.007621105760335922,1.2434804439544678
1790341554635889000,13.673888916015626,-0.579191267490387,-0.009288477711379528,-0.002138605108484626,0.8151359558105469,-0.017621446400880814,-0.007273167371749878,1.2354729175567627
1790341554652356900,13.69035693359375,-0.578016459941864,-0.009587668813765049,-0.0018025155877694488,0.8159667253494263,-0.017731720581650734,-0.008142165839672089,1.2325868606567383
1790341554668798700,13.706798828125,-0.5785252451896667,-0.010571761056780815,-0.0016874930588528514,0.8155942559242249,-0.01919909194111824,-0.00947958417236805,1.233829379081726
1790341554685242000,13.7232421875,-0.5794777870178223,-0.011618146672844887,-0.0018846013117581606,0.8149029612541199,-0.021122204139828682,-0.010393568314611912,1.2361643314361572
1790341554701715700,13.7397158203125,-0.5803008675575256,-0.01289196778088808,-0.0029581927228718996,0.8142948746681213,-0.024432698264718056,-0.010144932195544243,1.2381969690322876
1790341554718179800,13.756179931640625,-0.5809574127197266,-0.014095312915742397,-0.0034984708763659,0.8138045072555542,-0.027011411264538765,-0.010683613829314709,1.2398152351379395
1790341554734661000,13.7726611328125,-0.5817565321922302,-0.01537882350385189,-0.0037022235337644815,0.8132092356681824,-0.02932625636458397,-0.011872375383973122,1.2417781352996826
1790341554751109600,13.789109619140625,-0.5844273567199707,-0.017025278881192207,-0.005019092932343483,0.8112518787384033,-0.033498749136924744,-0.011756852269172668,1.2483782768249512
1790341554767587600,13.805587646484375,-0.5888617038726807,-0.018544042482972145,-0.006502212956547737,0.8079950213432312,-0.03763609752058983,-0.01133248396217823,1.2593677043914795
1790341554784035800,13.822035888671875,-0.5927724838256836,-0.019667644053697586,-0.007403430063277483,0.8050957918167114,-0.040459439158439636,-0.01139618270099163,1.269088625907898
1790341554800490500,13.838490478515626,-0.5966529846191406,-0.020441560074687004,-0.007232891395688057,0.8022063970565796,-0.041443001478910446,-0.012788839638233185,1.278732419013977
1790341554816969500,13.854969482421875,-0.5997322797775269,-0.021283762529492378,-0.0062387865036726,0.7998933792114258,-0.04154966026544571,-0.015549017116427422,1.2863787412643433
1790341554833417000,13.8714169921875,-0.6018999218940735,-0.02210908569395542,-0.004403990693390369,0.7982532978057861,-0.04061778262257576,-0.01958516612648964,1.2917417287826538
1790341554849895000,13.88789501953125,-0.6045947074890137,-0.022633492946624756,-0.0013425000943243504,0.796210527420044,-0.0376862995326519,-0.025233034044504166,1.2984286546707153
1790341554866343700,13.90434375,-0.6051291227340698,-0.024364126846194267,0.002219937276095152,0.7957514524459839,-0.03611642122268677,-0.03302592411637306,1.2997148036956787
1790341554882789600,13.92078955078125,-0.6055241227149963,-0.027078181505203247,0.00613764300942421,0.7953425049781799,-0.035679761320352554,-0.04256889596581459,1.300675868988037
1790341554899260700,13.9372607421875,-0.6055312156677246,-0.028446881100535393,0.011299018748104572,0.7952327132225037,-0.03160867840051651,-0.052445683628320694,1.300750732421875
1790341554915708400,13.95370849609375,-0.605379045009613,-0.029758043587207794,0.015267962589859962,0.7952343225479126,-0.028900055214762688,-0.060349635779857635,1.300463318824768
1790341554932184000,13.97018408203125,-0.6056532263755798,-0.03184289485216141,0.015786826610565186,0.7949346303939819,-0.03157265484333038,-0.06371359527111053,1.3011294603347778
1790341554948657400,13.986657470703125,-0.6060643196105957,-0.03177277371287346,0.014212481677532196,0.7946537733078003,-0.033337805420160294,-0.06113877519965172,1.3021111488342285
1790341554965046800,14.003046875,-0.6063053011894226,-0.029831822961568832,0.012032843194901943,0.7945812344551086,-0.03287266567349434,-0.0553247444331646,1.3026924133300781
1790341554981491000,14.019490966796875,-0.6064260005950928,-0.0284798014909029,0.009656736627221107,0.794571042060852,-0.03359439969062805,-0.04990842938423157,1.3029677867889404
1790341554997939500,14.035939453125,-0.6066276431083679,-0.02751641906797886,0.008274313062429428,0.7944666743278503,-0.03372582048177719,-0.04654858261346817,1.3034685850143433
1790341555014417000,14.0524169921875,-0.6070647835731506,-0.0267054233700037,0.008153283968567848,0.7941617369651794,-0.032556984573602676,-0.04538947716355324,1.3045803308486938
1790341555030914000,14.0689140625,-0.607495129108429,-0.02715093269944191,0.008431556634604931,0.793814480304718,-0.03290267288684845,-0.04639093950390816,1.3056617975234985
1790341555047370000,14.085369873046876,-0.6076586842536926,-0.027516432106494904,0.009105561301112175,0.7936692237854004,-0.0326550155878067,-0.04791313409805298,1.3060791492462158
1790341555063813600,14.101813720703126,-0.6080465316772461,-0.02758757770061493,0.008911149576306343,0.7933719158172607,-0.03298112750053406,-0.04770686849951744,1.3070526123046875
1790341555080280600,14.118280517578125,-0.6084506511688232,-0.026760129258036613,0.008720824494957924,0.7930925488471985,-0.03187384828925133,-0.04641393944621086,1.3080815076828003
1790341555096757800,14.1347578125,-0.6089255809783936,-0.026389101520180702,0.006929824128746986,0.7927579879760742,-0.03343818336725235,-0.04313872382044792,1.3092612028121948
1790341555113205200,14.151205322265625,-0.609427273273468,-0.025867948308587074,0.006208630278706551,0.7923955321311951,-0.0334627591073513,-0.04138045758008957,1.3105278015136719
1790341555129686300,14.167686279296875,-0.6096400618553162,-0.02521946094930172,0.006895672529935837,0.7922470569610596,-0.03158501908183098,-0.04168781265616417,1.3110804557800293
1790341555146163700,14.184163818359375,-0.610765278339386,-0.027089739218354225,0.007171908859163523,0.7913157939910889,-0.03415274620056152,-0.04445607587695122,1.313900351524353
1790341555162609700,14.200609619140625,-0.6106850504875183,-0.028196820989251137,0.009588717482984066,0.7913133502006531,-0.03296021744608879,-0.04963449388742447,1.3137171268463135
1790341555179056400,14.217056396484375,-0.6102626323699951,-0.031253572553396225,0.012395873665809631,0.7914854288101196,-0.03440825641155243,-0.057800259441137314,1.3126611709594727
1790341555195531300,14.23353125,-0.6102079153060913,-0.034670140594244,0.015701791271567345,0.7913267016410828,-0.03579655662178993,-0.06721308082342148,1.312559723854065
1790341555211976400,14.2499765625,-0.6103135943412781,-0.037337854504585266,0.020220840349793434,0.7910210490226746,-0.03449871018528938,-0.07764381170272827,1.3129640817642212
1790341555228420000,14.266420166015624,-0.6102079153060913,-0.04193448647856712,0.023321297019720078,0.7907869815826416,-0.0380176343023777,-0.08817608654499054,1.3127456903457642
1790341555244866300,14.2828662109375,-0.6098678112030029,-0.04526082053780556,0.027306118980050087,0.7907384037971497,-0.03846878558397293,-0.09854967147111893,1.312045931816101
1790341555261314600,14.299314453125,-0.6093936562538147,-0.047663476318120956,0.031169863417744637,0.7908198833465576,-0.03762342035770416,-0.10759863257408142,1.3110650777816772
1790341555277764000,14.31576416015625,-0.609051525592804,-0.05101704224944115,0.0333271361887455,0.7907862663269043,-0.04036930203437805,-0.11510731279850006,1.3102631568908691
1790341555294216700,14.332216796875,-0.6089229583740234,-0.0527498684823513,0.03557621315121651,0.790673553943634,-0.040394753217697144,-0.12079308927059174,1.3100801706314087
1790341555310607400,14.348607421875,-0.6088219285011292,-0.05399250611662865,0.03674355521798134,0.790614128112793,-0.04096059873700142,-0.12416236102581024,1.3098889589309692
1790341555327055600,14.3650556640625,-0.6087755560874939,-0.05447831004858017,0.03757007420063019,0.7905776500701904,-0.0407295823097229,-0.12606792151927948,1.3098351955413818
1790341555343545900,14.3815458984375,-0.6077039837837219,-0.054847557097673416,0.037495460361242294,0.7913796901702881,-0.04158152639865875,-0.12634432315826416,1.3070930242538452
1790341555360042200,14.398042236328125,-0.607377827167511,-0.0544656366109848,0.03722931444644928,0.7916689515113831,-0.04134955629706383,-0.12543770670890808,1.3062549829483032
1790341555376486400,14.414486328125,-0.606314480304718,-0.05380482226610184,0.03696637228131294,0.7925410270690918,-0.04078373312950134,-0.12415876984596252,1.303561806678772
1790341555392988000,14.43098779296875,-0.6060543060302734,-0.053504981100559235,0.036452215164899826,0.7927841544151306,-0.04097248613834381,-0.12296094000339508,1.3028644323349
1790341555409458000,14.4474580078125,-0.5952931046485901,-0.05379502847790718,0.037245314568281174,0.8008401989936829,-0.04215484485030174,-0.12402039021253586,1.2758268117904663
1790341555425958400,14.46395849609375,-0.5839391946792603,-0.05323184281587601,0.038188472390174866,0.8091496825218201,-0.0418807752430439,-0.12428844720125198,1.2476379871368408
1790341555442482000,14.48048193359375,-0.5809420347213745,-0.05331161618232727,0.038763366639614105,0.811271607875824,-0.041800934821367264,-0.1251637041568756,1.2402642965316772
1790341555458924800,14.4969248046875,-0.5821936726570129,-0.05442768707871437,0.038191184401512146,0.8103268146514893,-0.044100672006607056,-0.12559956312179565,1.2432527542114258
1790341555475411700,14.51341162109375,-0.5832597017288208,-0.05394285172224045,0.03813282400369644,0.8095951080322266,-0.043211523443460464,-0.1249949038028717,1.2459129095077515
1790341555491853300,14.529853271484376,-0.5837384462356567,-0.05331006273627281,0.03664431348443031,0.8093606233596802,-0.04385186359286308,-0.12185654789209366,1.246994972229004
1790341555508297500,14.54629736328125,-0.5808265209197998,-0.05122910439968109,0.03395317494869232,0.8117040991783142,-0.04402829334139824,-0.11488284170627594,1.239659309387207
1790341555524744400,14.562744384765624,-0.5801491141319275,-0.04779810085892677,0.03063078783452511,0.812529444694519,-0.042381834238767624,-0.10543210804462433,1.2378889322280884
1790341555541197000,14.579197021484376,-0.5800651907920837,-0.044301435351371765,0.026321502402424812,0.8129384517669678,-0.0416896753013134,-0.0943308025598526,1.2375447750091553
1790341555557644500,14.59564453125,-0.5800816416740417,-0.04137502983212471,0.021257959306240082,0.8132290244102478,-0.042791202664375305,-0.08267111331224442,1.2374316453933716
1790341555574092300,14.61209228515625,-0.5802329778671265,-0.0382784865796566,0.016090473160147667,0.8133914470672607,-0.04372131824493408,-0.07065535336732864,1.237714171409607
1790341555590594800,14.6285947265625,-0.5803417563438416,-0.03509645536541939,0.011660466901957989,0.8135328888893127,-0.043661873787641525,-0.05974375829100609,1.2379674911499023
1790341555607079400,14.645079345703126,-0.5806320905685425,-0.033014848828315735,0.007757739629596472,0.8134593367576599,-0.044776808470487595,-0.05098225921392441,1.2386888265609741
1790341555623524600,14.661524658203126,-0.5791225433349609,-0.03165052458643913,0.004859514534473419,0.8146114945411682,-0.045999180525541306,-0.04459107294678688,1.2350070476531982
1790341555639977500,14.6779775390625,-0.5790371894836426,-0.03140509873628616,0.0029172059148550034,0.814690887928009,-0.04785127565264702,-0.04113428294658661,1.2348171472549438
1790341555656420400,14.69442041015625,-0.5781129598617554,-0.03158912807703018,0.0019723956938833,0.8153426051139832,-0.04929026961326599,-0.03975099325180054,1.2325586080551147
1790341555672920300,14.71092041015625,-0.577044665813446,-0.03222168609499931,0.0016423558117821813,0.8160750865936279,-0.050757333636283875,-0.039877843111753464,1.2299346923828125
1790341555689442600,14.727442626953126,-0.5762473940849304,-0.03249312937259674,0.0020724735222756863,0.8166265487670898,-0.05074506998062134,-0.0408443920314312,1.2279707193374634
1790341555705890800,14.743890869140625,-0.5751503705978394,-0.032461509108543396,0.003171350108459592,0.8173972368240356,-0.04948483034968376,-0.04253783077001572,1.2252717018127441
1790341555722336300,14.760336181640625,-0.5737170577049255,-0.031949449330568314,0.004323234315961599,0.8184187412261963,-0.04739851504564285,-0.043750274926424026,1.221765398979187
1790341555738781700,14.77678173828125,-0.5588974356651306,-0.029831375926733017,0.005347090307623148,0.8286828994750977,-0.04351705312728882,-0.042219989001750946,1.1858118772506714
1790341555755228400,14.793228515625,-0.5562663674354553,-0.02830841951072216,0.003045511431992054,0.8305160999298096,-0.04367602616548538,-0.03656087815761566,1.1795165538787842
1790341555771671600,14.809671630859375,-0.5531795024871826,-0.027051180601119995,-0.00002037383455899544,0.832622766494751,-0.045104846358299255,-0.02989884279668331,1.1721638441085815
1790341555788121900,14.826121826171875,-0.5494299530982971,-0.02568054385483265,-0.002871821401640773,0.8351401686668396,-0.046078380197286606,-0.02342471480369568,1.163263201713562
1790341555804568600,14.842568603515625,-0.5452514290809631,-0.023940904065966606,-0.005040925927460194,0.8379154801368713,-0.045641008764505386,-0.017660802230238914,1.1533645391464233
1790341555821018000,14.85901806640625,-0.5413670539855957,-0.022353194653987885,-0.006304136477410793,0.8404656052589417,-0.04441860318183899,-0.01360616646707058,1.1441696882247925
1790341555837469000,14.875468994140626,-0.51926589012146,-0.021455204114317894,-0.006282455287873745,0.8543202877044678,-0.04320007562637329,-0.011547709815204144,1.0920377969741821
1790341555853917200,14.891917236328124,-0.5115926265716553,-0.020396526902914047,-0.006564047187566757,0.8589609861373901,-0.04176994413137436,-0.009593052789568901,1.0741477012634277
1790341555870362600,14.908362548828125,-0.5131919384002686,-0.02000351808965206,-0.0066711995750665665,0.8580147624015808,-0.04118717834353447,-0.009083438664674759,1.0778782367706299
1790341555886833400,14.92483349609375,-0.5170252919197083,-0.020216042175889015,-0.006129862740635872,0.855709433555603,-0.04095036908984184,-0.010413835756480694,1.086800456047058
1790341555903280400,14.9412802734375,-0.5214799046516418,-0.02070954442024231,-0.005119939334690571,0.8529969453811646,-0.040684834122657776,-0.012864992022514343,1.097185492515564
1790341555919724000,14.95772412109375,-0.5284730195999146,-0.0211709663271904,-0.0039071892388165,0.8486771583557129,-0.04008001461625099,-0.015745334327220917,1.1135748624801636
1790341555936198100,14.9741982421875,-0.5356635451316833,-0.022034984081983566,-0.0027723200619220734,0.8441395163536072,-0.04018928110599518,-0.018927356228232384,1.1305192708969116
1790341555952642600,14.990642578125,-0.5416548848152161,-0.0226434413343668,-0.001188277150504291,0.8402950763702393,-0.03936176747083664,-0.02253476157784462,1.1446969509124756
1790341555969052400,15.007052490234376,-0.5461442470550537,-0.023593049496412277,0.0001067566336132586,0.837358832359314,-0.03941856324672699,-0.025952117517590523,1.1553603410720825
1790341555985370400,15.023370361328125,-0.5510106086730957,-0.024604618549346924,0.0009050295921042562,0.8341349959373474,-0.040076930075883865,-0.028628556057810783,1.1669762134552002
1790341556001818400,15.039818359375,-0.5555459260940552,-0.025093406438827515,0.0014040189562365413,0.8311060667037964,-0.040179718285799026,-0.030219456180930138,1.1778538227081299
1790341556018287900,15.056287841796875,-0.560163676738739,-0.025362653657794,0.0014082107227295637,0.8279924392700195,-0.04045266658067703,-0.030751297250390053,1.188981294631958
1790341556034772000,15.07277197265625,-0.5647755861282349,-0.02533482015132904,0.0008048256859183311,0.8248551487922668,-0.040915779769420624,-0.029949182644486427,1.200149655342102
1790341556051237000,15.089237060546875,-0.5683589577674866,-0.025341257452964783,0.0005441607208922505,0.8223901391029358,-0.041091930121183395,-0.02970525436103344,1.2088534832000732
1790341556067690500,15.1056904296875,-0.58899986743927,-0.024549316614866257,-0.0009813833748921752,0.8077595829963684,-0.04084257036447525,-0.027337048202753067,1.2595231533050537
1790341556084159700,15.12215966796875,-0.6042558550834656,-0.024872789159417152,-0.0029012076556682587,0.7963968515396118,-0.04315071180462837,-0.025440774857997894,1.2975900173187256
1790341556100605400,15.13860546875,-0.6040293574333191,-0.024845706298947334,-0.004095748998224735,0.7965642213821411,-0.04455733671784401,-0.023492177948355675,1.2970521450042725
1790341556117015000,15.15501513671875,-0.6035746932029724,-0.024410787969827652,-0.004609879571944475,0.7969193458557129,-0.04449723660945892,-0.022121867164969444,1.295929193496704
1790341556133484800,15.17148486328125,-0.6027240753173828,-0.023886824026703835,-0.005974073428660631,0.7975696921348572,-0.045328181236982346,-0.0192660391330719,1.2938425540924072
1790341556149934000,15.18793408203125,-0.6014899611473083,-0.02327057719230652,-0.007066309917718172,0.7985101342201233,-0.045686475932598114,-0.016709772869944572,1.290793538093567
1790341556166413800,15.204413818359376,-0.6001016497612,-0.023098314180970192,-0.007735093589872122,0.7995529174804688,-0.046242259442806244,-0.015354043804109097,1.2873467206954956
1790341556182891300,15.220891357421875,-0.5993413329124451,-0.02342313528060913,-0.008708015084266663,0.8001034259796143,-0.04794316738843918,-0.014142751693725586,1.285484790802002
1790341556199339300,15.23733935546875,-0.5819440484046936,-0.023340892046689987,-0.006878567393869162,0.8128647208213806,-0.045973923057317734,-0.015984175726771355,1.2422908544540405
1790341556215814700,15.253814697265625,-0.5774820446968079,-0.024840781465172768,-0.006805863231420517,0.8159970045089722,-0.04842694103717804,-0.01758398860692978,1.2313258647918701
1790341556232266800,15.270266845703125,-0.576518177986145,-0.02487998642027378,-0.007917536422610283,0.8166670799255371,-0.049793291836977005,-0.01575619727373123,1.229010820388794
1790341556248745700,15.286745849609375,-0.5762388706207275,-0.023784581571817398,-0.008224832825362682,0.8168938755989075,-0.04836146533489227,-0.013974023051559925,1.2283473014831543
1790341556265195000,15.303195068359376,-0.5757452845573425,-0.02374642714858055,-0.008382980711758137,0.8172412514686584,-0.04848955199122429,-0.01364237442612648,1.2271467447280884
1790341556281649400,15.3196494140625,-0.5750966668128967,-0.024562561884522438,-0.008714191615581512,0.8176702857017517,-0.05021718516945839,-0.014001480303704739,1.225570797920227
1790341556298122200,15.336122314453124,-0.5743781924247742,-0.024257931858301163,-0.009178001433610916,0.8181791305541992,-0.050263259559869766,-0.01284831017255783,1.223837971687317
1790341556314568200,15.352568115234375,-0.5741468667984009,-0.023453904315829277,-0.008789337240159512,0.8183691501617432,-0.04850347712635994,-0.01254645548760891,1.2232593297958374
1790341556331030300,15.3690302734375,-0.5741651058197021,-0.0240534208714962,-0.010871178470551968,0.8183140158653259,-0.05187597498297691,-0.009829351678490639,1.2234020233154297
1790341556347477200,15.385477294921875,-0.5738908648490906,-0.02293672040104866,-0.011345675215125084,0.8185319304466248,-0.05059433728456497,-0.007752831559628248,1.2227612733840942
1790341556363928300,15.40192822265625,-0.5743115544319153,-0.022018171846866608,-0.01151046622544527,0.8182596564292908,-0.049275316298007965,-0.006453525274991989,1.2238001823425293
1790341556380392400,15.418392333984375,-0.5745835304260254,-0.0227300226688385,-0.012509839609265327,0.8180346488952637,-0.05158748850226402,-0.005653659347444773,1.2245173454284668
1790341556396843300,15.43484326171875,-0.5755802989006042,-0.022222721949219704,-0.012453475967049599,0.8173484802246094,-0.050685759633779526,-0.005224287044256926,1.2269518375396729
1790341556413306600,15.451306640625,-0.576565146446228,-0.022292504087090492,-0.013167762197554111,0.8166407942771912,-0.05161745473742485,-0.0041995118372142315,1.2294018268585205
1790341556429783300,15.467783203125,-0.5776044726371765,-0.021415213122963905,-0.014336918480694294,0.8159099221229553,-0.05153075233101845,-0.001343777752481401,1.2320177555084229
1790341556446233900,15.48423388671875,-0.5788900256156921,-0.020183200016617775,-0.01583876833319664,0.815001904964447,-0.051259104162454605,0.0024495485704392195,1.2352639436721802
1790341556462680300,15.500680419921874,-0.5803377628326416,-0.018914496526122093,-0.01681418903172016,0.8139826059341431,-0.050329942256212234,0.0054193479008972645,1.2388797998428345
1790341556479124500,15.51712451171875,-0.5813705325126648,-0.01909504644572735,-0.015926802530884743,0.8132588267326355,-0.0495978519320488,0.003702639602124691,1.2413581609725952
1790341556495574000,15.533573974609375,-0.5825822949409485,-0.020325737074017525,-0.015857966616749763,0.812362790107727,-0.05152379348874092,0.0020820158533751965,1.2443348169326782
1790341556512021500,15.550021484375,-0.5836319923400879,-0.020649665966629982,-0.014445370063185692,0.8116271495819092,-0.05040257051587105,-0.0006551035330630839,1.2468289136886597
1790341556528512300,15.56651220703125,-0.5845024585723877,-0.022533170878887177,-0.015178302302956581,0.8109369277954102,-0.05431625619530678,-0.0017240968300029635,1.249018669128418
1790341556544975600,15.5829755859375,-0.5857496857643127,-0.017038971185684204,-0.013936526142060757,0.8101930618286133,-0.0439506433904171,0.0026214115787297487,1.2520173788070679
1790341556561425400,15.59942529296875,-0.5879263281822205,-0.01676020585000515,-0.017997868359088898,0.8085405230522156,-0.04828634858131409,0.009396616369485855,1.2576526403427124
1790341556577904000,15.615904052734376,-0.5885121822357178,-0.015004457905888557,-0.018329937011003494,0.8081412315368652,-0.04584556445479393,0.011966030113399029,1.2591177225112915
1790341556594282500,15.632282470703124,-0.589799702167511,-0.014147823676466942,-0.018502982333302498,0.8072136640548706,-0.044685494154691696,0.013183338567614555,1.262312650680542
1790341556610729500,15.6487294921875,-0.5908564329147339,-0.015837287530303,-0.017601685598492622,0.8064291477203369,-0.04636221379041672,0.00967404991388321,1.264875054359436
1790341556627195600,15.665195556640626,-0.5919274687767029,-0.01711907982826233,-0.01634981855750084,0.8056434988975525,-0.04695768654346466,0.006077781319618225,1.2674508094787598
1790341556643614700,15.68161474609375,-0.593066394329071,-0.016688179224729538,-0.014365660957992077,0.8048524260520935,-0.043916985392570496,0.003330084029585123,1.2701544761657715
1790341556660030200,15.6980302734375,-0.5941218137741089,-0.01752898283302784,-0.013900608755648136,0.8040639162063599,-0.04472111165523529,0.0015252555022016168,1.2727508544921875
1790341556676507400,15.71450732421875,-0.5991084575653076,-0.01791878044605255,-0.014533820562064648,0.8003354072570801,-0.04611315578222275,0.0017932774499058723,1.2852141857147217
1790341556692973000,15.73097314453125,-0.6038600206375122,-0.016765400767326355,-0.014454399235546589,0.7967830300331116,-0.04418819397687912,0.0027861332055181265,1.2971028089523315
1790341556709477400,15.747477294921875,-0.604611873626709,-0.01692386344075203,-0.014580204151570797,0.7962068915367126,-0.044595472514629364,0.002752983709797263,1.2989972829818726
1790341556725942500,15.763942626953124,-0.605155885219574,-0.01791376993060112,-0.014326432719826698,0.7957766056060791,-0.04586627334356308,0.0011200329754501581,1.300349235534668
1790341556742388700,15.780388671875,-0.6057360172271729,-0.01796155981719494,-0.012883438728749752,0.7953585982322693,-0.04419410601258278,-0.0012660197680816054,1.3017252683639526
1790341556758832400,15.796832275390624,-0.6105042695999146,-0.01855536364018917,-0.011835107579827309,0.7917071580886841,-0.04384597763419151,-0.003916388843208551,1.313681960105896
1790341556775314400,15.813314453125,-0.6130979657173157,-0.018972406163811684,-0.011370913125574589,0.7896971702575684,-0.04392261803150177,-0.005304756108671427,1.3202155828475952
1790341556791801300,15.82980126953125,-0.615429162979126,-0.01878448761999607,-0.011087705381214619,0.7878902554512024,-0.0432618074119091,-0.00564928213134408,1.3261101245880127
1790341556808290000,15.8462900390625,-0.617148756980896,-0.018912458792328835,-0.011162521317601204,0.7865400910377502,-0.04354317486286163,-0.0057840910740196705,1.3304803371429443
1790341556824759000,15.862759033203124,-0.6182651519775391,-0.018992168828845024,-0.010969184339046478,0.7856635451316833,-0.043421126902103424,-0.006248255725950003,1.3333098888397217
1790341556841253600,15.879253662109376,-0.6188111305236816,-0.018933067098259926,-0.01048828661441803,0.7852416038513184,-0.04272863641381264,-0.006960362661629915,1.3346772193908691
1790341556857722400,15.895722412109375,-0.6187150478363037,-0.01937611773610115,-0.010046643204987049,0.7853122353553772,-0.042879197746515274,-0.00819717813283205,1.33441162109375
1790341556874221300,15.91222119140625,-0.6187306642532349,-0.019562503322958946,-0.009666175581514835,0.7853001356124878,-0.042701106518507004,-0.009026266634464264,1.3344342708587646
1790341556890708700,15.928708740234375,-0.6187616586685181,-0.019484398886561394,-0.009398899972438812,0.7852809429168701,-0.042247224599123,-0.009350979700684547,1.3345019817352295
1790341556907175200,15.945175048828125,-0.6187358498573303,-0.01953638717532158,-0.00947721116244793,0.7852990031242371,-0.04242615029215813,-0.009290970861911774,1.3344395160675049
1790341556923700000,15.961699951171875,-0.6183463931083679,-0.019492171704769135,-0.009531696327030659,0.7856060862541199,-0.04242861643433571,-0.009129637852311134,1.3334506750106812
1790341556940180200,15.97818017578125,-0.6173458099365234,-0.019478796049952507,-0.009471292607486248,0.7863937020301819,-0.042344555258750916,-0.009154104627668858,1.330903172492981
1790341556956632600,15.994632568359375,-0.6162474751472473,-0.0195764172822237,-0.009240379557013512,0.7872549891471863,-0.04222647100687027,-0.00957891158759594,1.328102469444275
1790341556973120800,16.011120849609377,-0.6150552034378052,-0.019499868154525757,-0.009014194831252098,0.7881914377212524,-0.04184192419052124,-0.00977732427418232,1.3250675201416016
1790341556989650200,16.027650146484376,-0.6137749552726746,-0.019588487222790718,-0.00885805580765009,0.7891882658004761,-0.04180600866675377,-0.010064668022096157,1.3218157291412354
1790341557006147000,16.04414697265625,-0.6122304797172546,-0.019424745813012123,-0.008866102434694767,0.7903911471366882,-0.04157645255327225,-0.0097696203738451,1.3179070949554443
1790341557022630400,16.06063037109375,-0.6103190779685974,-0.019375963136553764,-0.009126919321715832,0.7918661236763,-0.04184097796678543,-0.009196572005748749,1.313087821006775
1790341557039113500,16.077113525390626,-0.6080555319786072,-0.019190868362784386,-0.009010238572955132,0.7936114072799683,-0.041431181132793427,-0.009037093259394169,1.307375192642212
1790341557055629000,16.093629150390626,-0.6054660081863403,-0.019319240003824234,-0.009095389395952225,0.7955846190452576,-0.04176788404583931,-0.008922100998461246,1.300863265991211
1790341557072035800,16.110035888671874,-0.6027034521102905,-0.019343888387084007,-0.009210284799337387,0.7976776957511902,-0.041976407170295715,-0.008623686619102955,1.2939352989196777
1790341557088493000,16.1264931640625,-0.5991499423980713,-0.01896330900490284,-0.008874614723026752,0.8003631830215454,-0.04100249335169792,-0.008518003858625889,1.2850315570831299
1790341557104985000,16.142985107421875,-0.5957404971122742,-0.019195370376110077,-0.009400528855621815,0.8028925657272339,-0.04203784465789795,-0.007775767706334591,1.276550054550171
1790341557121499100,16.1594990234375,-0.5923105478286743,-0.01904011331498623,-0.009589153341948986,0.8054276704788208,-0.04204382747411728,-0.007108640391379595,1.2680318355560303
1790341557137988400,16.17598828125,-0.5887530446052551,-0.01912466064095497,-0.0097300810739398,0.8080282211303711,-0.042377423495054245,-0.006795095279812813,1.259222149848938
1790341557154489000,16.192489013671874,-0.5846195220947266,-0.019200414419174194,-0.010010107420384884,0.811018705368042,-0.0428619459271431,-0.006213144399225712,1.249026894569397
1790341557171014400,16.209014404296877,-0.580420196056366,-0.01918674074113369,-0.009952357970178127,0.8140303492546082,-0.042804136872291565,-0.006069738417863846,1.2386924028396606
1790341557187527700,16.225527587890625,-0.5760059356689453,-0.019052654504776,-0.009878523647785187,0.81716388463974,-0.042531996965408325,-0.0058041708543896675,1.2278696298599243
1790341557203980300,16.241980224609375,-0.5714863538742065,-0.01911810413002968,-0.010084693320095539,0.8203268647193909,-0.04290648549795151,-0.005306005943566561,1.216843605041504
1790341557220468700,16.25846875,-0.5672706365585327,-0.018990738317370415,-0.010171148926019669,0.8232496380805969,-0.042821403592824936,-0.0047990065068006516,1.2065926790237427
1790341557236968700,16.27496875,-0.5626307725906372,-0.01910308562219143,-0.009944976307451725,0.8264278173446655,-0.04277893528342247,-0.005058378912508488,1.1953368186950684
1790341557253462800,16.291462890625,-0.5581116080284119,-0.01945306733250618,-0.01014793012291193,0.8294757008552551,-0.04361339285969734,-0.0048790620639920235,1.184433937072754
1790341557269981400,16.3079814453125,-0.5531322360038757,-0.019295157864689827,-0.010087848640978336,0.8328088521957397,-0.04331217333674431,-0.004543065093457699,1.172455072402954
1790341557286433300,16.324433349609375,-0.5480033159255981,-0.01929943636059761,-0.010013975203037262,0.8361935019493103,-0.04326542839407921,-0.004405082669109106,1.1601651906967163
1790341557302919000,16.3409189453125,-0.5428585410118103,-0.01889656111598015,-0.010452855378389359,0.8395464420318604,-0.04309144616127014,-0.0029650076758116484,1.1479119062423706
1790341557319478300,16.357478271484375,-0.5375979542732239,-0.019144315272569656,-0.010373478755354881,0.8429201245307922,-0.04344165325164795,-0.0030958664137870073,1.135406732559204
1790341557335974100,16.37397412109375,-0.5324216485023499,-0.018642771989107132,-0.009598077274858952,0.846219539642334,-0.04178463667631149,-0.003607476595789194,1.1231189966201782
1790341557352451000,16.390451171875,-0.5269247889518738,-0.018884308636188507,-0.009327842853963375,0.8496509790420532,-0.04193291813135147,-0.00405040942132473,1.1101467609405518
1790341557368939300,16.406939208984376,-0.5216498374938965,-0.019192468374967575,-0.009205019101500511,0.8528941869735718,-0.04235494136810303,-0.00432169483974576,1.0977528095245361
1790341557385401900,16.42340185546875,-0.5157228708267212,-0.01870024763047695,-0.009208079427480698,0.8565018177032471,-0.04154343158006668,-0.003514824202284217,1.0838909149169922
1790341557401903000,16.439903076171873,-0.5097471475601196,-0.019144587218761444,-0.009109088219702244,0.8600630164146423,-0.04223063215613365,-0.0038490279112011194,1.0699669122695923
1790341557418387700,16.4563876953125,-0.504090428352356,-0.019635729491710663,-0.008942405693233013,0.8633813261985779,-0.04293540120124817,-0.00435496773570776,1.0568352937698364
1790341557434840600,16.472840576171876,-0.4983817934989929,-0.01997767761349678,-0.008621305227279663,0.8666845560073853,-0.04323609545826912,-0.004969137720763683,1.0436272621154785
1790341557451284700,16.48928466796875,-0.49247297644615173,-0.02015245147049427,-0.008198215626180172,0.8700557947158813,-0.04315637797117233,-0.0055832937359809875,1.0300052165985107
1790341557467765200,16.50576513671875,-0.48644694685935974,-0.020300960168242455,-0.008334358222782612,0.8734345436096191,-0.04358595609664917,-0.005191671662032604,1.0161921977996826
1790341557484267500,16.522267578125,-0.48046767711639404,-0.020188070833683014,-0.008052037097513676,0.8767431378364563,-0.04315098375082016,-0.005280319135636091,1.0025207996368408
1790341557500761300,16.53876123046875,-0.47460657358169556,-0.021154839545488358,-0.008384338580071926,0.8799038529396057,-0.04520300775766373,-0.005325652658939362,0.9891929626464844
1790341557517258800,16.5552587890625,-0.4684610366821289,-0.020991764962673187,-0.008113794028759003,0.8831974864006042,-0.04469725862145424,-0.0053355079144239426,0.9752455353736877
1790341557533744000,16.571744140625,-0.46249035000801086,-0.02092580311000347,-0.008024446666240692,0.8863409757614136,-0.04453255608677864,-0.005131194368004799,0.9617516994476318
1790341557550208800,16.588208740234375,-0.45654547214508057,-0.021323440596461296,-0.008351759985089302,0.889405369758606,-0.045572537928819656,-0.004614056553691626,0.9483810663223267
1790341557566712800,16.604712890625,-0.45046451687812805,-0.02089717611670494,-0.008221919648349285,0.8925119042396545,-0.04472461715340614,-0.004150561988353729,0.9347328543663025
1790341557583211300,16.621211181640625,-0.44414082169532776,-0.021349839866161346,-0.008357997983694077,0.8956636786460876,-0.045685064047575,-0.00399277126416564,0.9205996990203857
1790341557599762200,16.63776220703125,-0.4381965100765228,-0.021126145496964455,-0.00806028675287962,0.8985947370529175,-0.04504726827144623,-0.0040289550088346004,0.9073411822319031
1790341557616267800,16.654267822265624,-0.43276768922805786,-0.020820731297135353,-0.007916736416518688,0.9012303352355957,-0.04439565911889076,-0.003751481417566538,0.8952762484550476
1790341557632757500,16.670757568359374,-0.38625216484069824,-0.021421175450086594,-0.006739446427673101,0.9221197962760925,-0.04472732171416283,-0.004118808079510927,0.7932490110397339
1790341557649261600,16.687261474609375,-0.337460994720459,-0.021959273144602776,-0.00557465897873044,0.9410668611526489,-0.04510846734046936,-0.004328555893152952,0.6885232329368591
1790341557665738200,16.70373828125,-0.2989080250263214,-0.021330159157514572,-0.00449248356744647,0.9540330171585083,-0.04339902848005295,-0.004179568029940128,0.6071544885635376
1790341557682204400,16.720204345703124,-0.2695100009441376,-0.021580373868346214,-0.004165791440755129,0.962746798992157,-0.04381261765956879,-0.003611056599766016,0.5458245277404785
1790341557698694700,16.736694580078126,-0.24541161954402924,-0.021999210119247437,-0.0036661908961832523,0.9691624045372009,-0.044456012547016144,-0.0036914627999067307,0.4959324896335602
1790341557715182800,16.753182861328124,-0.2194216549396515,-0.02220722660422325,-0.002856513950973749,0.9753731489181519,-0.04458938539028168,-0.004173170775175095,0.4424630105495453
1790341557731673300,16.76967333984375,-0.19880250096321106,-0.022934215143322945,-0.0018547138897702098,0.9797694683074951,-0.045694515109062195,-0.005484402645379305,0.40025389194488525
1790341557748168700,16.786168701171874,-0.18204590678215027,-0.02334420755505562,-0.0012255314504727721,0.9830121397972107,-0.046358950436115265,-0.006090048234909773,0.3660934865474701
1790341557764684000,16.80268408203125,-0.1666029989719391,-0.02372482791543007,-0.0008680534083396196,0.9857382774353027,-0.047080475836992264,-0.00619394751265645,0.33471646904945374
1790341557781171500,16.81917138671875,-0.15386155247688293,-0.02359575405716896,-0.0009617989999242127,0.9878101944923401,-0.04693011939525604,-0.005360834766179323,0.30891141295433044
1790341557797659600,16.83565966796875,-0.14030155539512634,-0.023904765024781227,-0.0007373359985649586,0.9898200035095215,-0.04754829406738281,-0.005248115863651037,0.28148823976516724
1790341557814161400,16.852161376953124,-0.13641326129436493,-0.023576967418193817,-0.0006549563840962946,0.9903712868690491,-0.046896398067474365,-0.005135144107043743,0.2736360728740692
1790341557830619100,16.868619140625,-0.1371162235736847,-0.023855045437812805,-0.0003039002185687423,0.9902676343917847,-0.047347623854875565,-0.0059399777092039585,0.2750372886657715
1790341557847131600,16.885131591796874,-0.1350296288728714,-0.024089552462100983,-0.00032674011890776455,0.9905486106872559,-0.04783104360103607,-0.0058583361096680164,0.27082571387290955
1790341557863641300,16.901641357421877,-0.12580111622810364,-0.023813212290406227,0.00007122572424123064,0.9917697310447693,-0.047234974801540375,-0.0061327749863266945,0.2521977424621582
1790341557880125400,16.91812548828125,-0.12082504481077194,-0.023912735283374786,0.00007169335731305182,0.9923858046531677,-0.047462642192840576,-0.005920844152569771,0.24217106401920319
1790341557896592400,16.93459228515625,-0.1201561763882637,-0.023797042667865753,0.0002847312716767192,0.9924697279930115,-0.04718570411205292,-0.006283939350396395,0.2408147007226944
1790341557913113000,16.951113037109376,-0.11958078294992447,-0.023930009454488754,0.00035088235745206475,0.9925360083580017,-0.0474376454949379,-0.006419709417968988,0.23965197801589966
1790341557929588000,16.967587890625,-0.11787478625774384,-0.023826779797673225,0.00029269044171087444,0.9927425384521484,-0.047257211059331894,-0.006198325660079718,0.23621989786624908
1790341557946070300,16.9840703125,-0.11420388519763947,-0.024117540568113327,0.0004578475491143763,0.9931644201278687,-0.04781999811530113,-0.006418114062398672,0.22882063686847687
1790341557962553300,17.00055322265625,-0.11409777402877808,-0.024215392768383026,0.0007427423843182623,0.993174135684967,-0.04795026406645775,-0.00700124679133296,0.2285931557416916
1790341557979005200,17.017005126953126,-0.11343133449554443,-0.024276508018374443,0.0006700412486679852,0.9932489395141602,-0.04809288680553436,-0.006838521920144558,0.22725489735603333
1790341557995497500,17.03349755859375,-0.11328256875276566,-0.0240439735352993,0.0006146338419057429,0.9932717084884644,-0.047644224017858505,-0.006668572314083576,0.22695964574813843
1790341558012017700,17.050017578125,-0.1128113642334938,-0.024038389325141907,0.0005477715749293566,0.9933254718780518,-0.04765133932232857,-0.006511883810162544,0.22601453959941864
1790341558028505300,17.06650537109375,-0.11202819645404816,-0.02410246804356575,0.0005008405423723161,0.9934126734733582,-0.04779434949159622,-0.006395438686013222,0.22444044053554535
1790341558044991500,17.082991455078126,-0.11138978600502014,-0.024416694417595863,0.000365202606189996,0.9934768080711365,-0.048453353345394135,-0.0061652204021811485,0.22316034138202667
1790341558061458400,17.09945849609375,-0.11134511232376099,-0.024403812363743782,0.0003374188963789493,0.9934820532798767,-0.04843419790267944,-0.006104967091232538,0.2230718582868576
1790341558077950000,17.115949951171874,-0.11115845292806625,-0.024491675198078156,0.0002846475981641561,0.9935008883476257,-0.048621755093336105,-0.006010545417666435,0.22269830107688904
1790341558094400500,17.132400390625,-0.1110544502735138,-0.024631546810269356,0.00030072644585743546,0.99350905418396,-0.0488969162106514,-0.006068471819162369,0.2224874645471573
1790341558110951200,17.148951171875,-0.11090825498104095,-0.02458799071609974,0.00016729066555853933,0.9935264587402344,-0.04884076490998268,-0.005786470137536526,0.22219997644424438
1790341558127436500,17.1654365234375,-0.11092210561037064,-0.024574993178248405,0.00012092474935343489,0.9935252666473389,-0.04882511496543884,-0.005692134145647287,0.22223012149333954
1790341558143937500,17.1819375,-0.11091244965791702,-0.02472260780632496,0.0002660820900928229,0.993522584438324,-0.04908651113510132,-0.006012843456119299,0.222202867269516
1790341558160464600,17.198464599609373,-0.1107550710439682,-0.024875115603208542,0.00036693934816867113,0.9935363531112671,-0.049368396401405334,-0.006239266134798527,0.22188051044940948
1790341558176946400,17.214946533203126,-0.1104046180844307,-0.02501845359802246,0.0003685173287522048,0.9935717582702637,-0.049655262380838394,-0.006256643682718277,0.22117452323436737
1790341558193421300,17.23142138671875,-0.110367052257061,-0.02494822070002556,0.0002647757646627724,0.993577778339386,-0.049538709223270416,-0.006033110432326794,0.22110439836978912
1790341558209907200,17.2479072265625,-0.11026738584041595,-0.0246345866471529,0.0002448436280246824,0.993596613407135,-0.048920050263404846,-0.005919369403272867,0.22090668976306915
1790341558226371800,17.264371826171875,-0.10959979146718979,-0.024863626807928085,0.00019233192142564803,0.9936647415161133,-0.04939097538590431,-0.00583235640078783,0.21956494450569153
1790341558242828800,17.280828857421874,-0.10946245491504669,-0.025112872943282127,-0.000028680507966782898,0.9936736822128296,-0.04993576556444168,-0.005440861918032169,0.2192980945110321
1790341558259346700,17.2973466796875,-0.10941474139690399,-0.02486991137266159,0.00015010550851002336,0.9936850666999817,-0.04941379278898239,-0.005740616470575333,0.21919475495815277
1790341558275834400,17.31383447265625,-0.10857769101858139,-0.025150630623102188,0.0003039996954612434,0.9937697052955627,-0.049943532794713974,-0.006065843626856804,0.21750196814537048
1790341558292323000,17.330322998046874,-0.10805311053991318,-0.025137368589639664,0.0002680597535800189,0.9938272833824158,-0.04992810636758804,-0.005965187214314938,0.21644875407218933
1790341558308821500,17.346821533203126,-0.10771003365516663,-0.025191759690642357,0.00014066736912354827,0.9938631057739258,-0.050065744668245316,-0.005706449970602989,0.21576468646526337
1790341558325277000,17.36327685546875,-0.10770104825496674,-0.02543039061129093,0.0001078557179425843,0.9938580393791199,-0.05054750666022301,-0.00569217698648572,0.2157469242811203
1790341558341792500,17.37979248046875,-0.10814227163791656,-0.025534216314554214,0.00007476638711523265,0.9938074946403503,-0.05075863003730774,-0.0056712934747338295,0.2166353464126587
1790341558358304300,17.39630419921875,-0.108103446662426,-0.025600139051675797,0.00022204883862286806,0.9938100576400757,-0.05085817351937294,-0.0059763104654848576,0.2165495604276657
1790341558374794200,17.412794189453123,-0.1085321232676506,-0.02555205672979355,0.0003152461431454867,0.9937644600868225,-0.05073975771665573,-0.006173037923872471,0.21740734577178955
1790341558391296300,17.429296142578124,-0.1085713654756546,-0.025909163057804108,0.00019098003394901752,0.993751049041748,-0.05147670581936836,-0.006005595903843641,0.21749038994312286
1790341558407784200,17.4457841796875,-0.10859152674674988,-0.025783315300941467,0.000291075324639678,0.9937520623207092,-0.05120457708835602,-0.006178251467645168,0.2175266593694687
1790341558424296000,17.4622958984375,-0.10847724974155426,-0.025928903371095657,0.00011966019519604743,0.9937607645988464,-0.05153198167681694,-0.005863253027200699,0.21730457246303558
1790341558440782600,17.478782470703123,-0.10828077793121338,-0.025756660848855972,0.00021225841192062944,0.993786633014679,-0.05117053538560867,-0.005999817978590727,0.21690577268600464
1790341558457271000,17.49527099609375,-0.10829553753137589,-0.02606320008635521,0.00033597141737118363,0.9937769770622253,-0.05175337567925453,-0.0063128601759672165,0.21692734956741333
1790341558473771800,17.511771728515626,-0.10810129344463348,-0.02568964473903179,0.0005572540103457868,0.9938077926635742,-0.05096384882926941,-0.0066618239507079124,0.21652795374393463
1790341558490232000,17.528232177734374,-0.10799118876457214,-0.02590983733534813,0.0006288600852712989,0.9938139915466309,-0.051387108862400055,-0.0068460614420473576,0.21630145609378815
1790341558506749000,17.5447490234375,-0.10818310081958771,-0.025697290897369385,0.0005483991117216647,0.9937987327575684,-0.050980426371097565,-0.006650070659816265,0.21669287979602814
1790341558523218000,17.561218017578124,-0.1068604588508606,-0.025944184511899948,0.0007083482341840863,0.993935227394104,-0.05144622549414635,-0.006952974945306778,0.21402330696582794
1790341558539705000,17.577705078125,-0.10549009591341019,-0.025728100910782814,0.000751435523852706,0.994087278842926,-0.05101677030324936,-0.006922159809619188,0.21126718819141388
1790341558556174300,17.59417431640625,-0.1041107103228569,-0.025532277300953865,0.000936647760681808,0.9942375421524048,-0.050598155707120895,-0.007178929168730974,0.20848612487316132
1790341558572634400,17.61063427734375,-0.10294143855571747,-0.025614358484745026,0.001102722599171102,0.9943569898605347,-0.05073578283190727,-0.0074666268192231655,0.2061268538236618
1790341558589147600,17.627147705078126,-0.10167855769395828,-0.025409413501620293,0.0013503606896847486,0.9944918155670166,-0.05028704181313515,-0.007853111252188683,0.20357786118984222
1790341558605657900,17.643657958984374,-0.10009437054395676,-0.02563595212996006,0.0014378915075212717,0.9946466088294983,-0.05073295533657074,-0.007992501370608807,0.200388103723526
1790341558622143700,17.660143798828123,-0.09867846220731735,-0.02560046687722206,0.0013790231896564364,0.9947890043258667,-0.050685204565525055,-0.007796183228492737,0.19754619896411896
1790341558638644700,17.676644775390624,-0.09814821928739548,-0.025377435609698296,0.0013721699360758066,0.994847297668457,-0.050246626138687134,-0.007711775600910187,0.19648291170597076
1790341558655172400,17.69317236328125,-0.09606701880693436,-0.025527464225888252,0.0014035252388566732,0.9950464963912964,-0.05055538937449455,-0.007697916589677334,0.19229929149150848
1790341558671616300,17.7096162109375,-0.09450026601552963,-0.025366513058543205,0.001734800054691732,0.9952001571655273,-0.05018440634012222,-0.008247324265539646,0.18913739919662476
1790341558688105000,17.72610498046875,-0.09280411899089813,-0.02532217837870121,0.0019737055990844965,0.9953603744506836,-0.05006582662463188,-0.008629209361970425,0.1857198029756546
1790341558704594400,17.742594482421875,-0.09149587899446487,-0.02541952207684517,0.0020398867782205343,0.9954789280891418,-0.050258979201316833,-0.008713001385331154,0.18308883905410767
1790341558721062700,17.759062744140625,-0.09143994003534317,-0.025439057499170303,0.0018207220127806067,0.9954839944839478,-0.05033835768699646,-0.008277385495603085,0.18298707902431488
1790341558737526300,17.7755263671875,-0.0907868891954422,-0.02517245151102543,0.0019021624466404319,0.9955503344535828,-0.049797821789979935,-0.008358150720596313,0.18167409300804138
1790341558754012400,17.792012451171875,-0.08910582959651947,-0.02513914555311203,0.0021493243984878063,0.9957025051116943,-0.04970155283808708,-0.008760375902056694,0.1782875657081604
1790341558770467000,17.808467041015625,-0.08881019055843353,-0.025242498144507408,0.002135263988748193,0.995726466178894,-0.049912601709365845,-0.008735970593988895,0.1776939034461975
1790341558786931200,17.82493115234375,-0.09016110002994537,-0.025120383128523827,0.0022277524694800377,0.9956079125404358,-0.049640774726867676,-0.008965819142758846,0.18040244281291962
1790341558803429600,17.8414296875,-0.09571622312068939,-0.025189079344272614,0.002004952635616064,0.9950879812240601,-0.049769360572099686,-0.008812328800559044,0.19156807661056519
1790341558819924200,17.85792431640625,-0.1021316722035408,-0.02500736713409424,0.0018456918187439442,0.9944548606872559,-0.04938235878944397,-0.008779115043580532,0.20446790754795074
1790341558836439600,17.874439453125,-0.10907803475856781,-0.024926286190748215,0.0018299468792974949,0.9937189221382141,-0.04916205257177353,-0.00907485093921423,0.21843646466732025
1790341558852938000,17.89093798828125,-0.11592614650726318,-0.02500884234905243,0.0017413801979273558,0.9929414987564087,-0.049282949417829514,-0.009256667457520962,0.23222002387046814
1790341558869427000,17.907427001953124,-0.12291304022073746,-0.024859581142663956,0.0014395788311958313,0.9921050667762756,-0.048994313925504684,-0.008967679925262928,0.2463064193725586
1790341558885935400,17.923935302734375,-0.12977248430252075,-0.024695323780179024,0.0009585972293280065,0.9912357926368713,-0.04872994124889374,-0.00831003487110138,0.260156512260437
1790341558902431200,17.94043115234375,-0.13663755357265472,-0.024550171568989754,0.0007830319809727371,0.99031662940979,-0.04843148961663246,-0.008259943686425686,0.274015873670578
1790341558918948400,17.9569482421875,-0.14348842203617096,-0.024501223117113113,0.0005528702167794108,0.9893485307693481,-0.0483422614634037,-0.008125335909426212,0.28786152601242065
1790341558935406300,17.97340625,-0.15039539337158203,-0.023911379277706146,0.0003146039380226284,0.9883366823196411,-0.04718930646777153,-0.007814270444214344,0.30183902382850647
1790341558951884000,17.989884033203126,-0.15724347531795502,-0.023999178782105446,-0.00013629705063067377,0.9872682094573975,-0.047449175268411636,-0.007278369273990393,0.31571662425994873
1790341558968384500,18.006384521484375,-0.16406577825546265,-0.02398740127682686,-0.00032938632648438215,0.9861577153205872,-0.04743783175945282,-0.007221432402729988,0.3295462429523468
1790341558984845000,18.022844970703126,-0.17022305727005005,-0.023577958345413208,-0.0005969026242382824,0.985123336315155,-0.04667564854025841,-0.006851032841950655,0.3420482873916626
1790341559001333000,18.0393330078125,-0.17575909197330475,-0.0235094353556633,-0.0009573675924912095,0.9841519594192505,-0.046628087759017944,-0.006379646714776754,0.3533037304878235
1790341559017794600,18.055794677734376,-0.1806677281856537,-0.02316087670624256,-0.001139043946750462,0.9832708239555359,-0.0459754653275013,-0.006128906738013029,0.3632885217666626
1790341559034284500,18.072284423828126,-0.185898557305336,-0.022793924435973167,-0.0013540746876969934,0.9823035597801208,-0.04530080780386925,-0.005814522970467806,0.37393951416015625
1790341559050787800,18.088787841796876,-0.19139507412910461,-0.02290976420044899,-0.0015226436080411077,0.9812445044517517,-0.045559532940387726,-0.005781493149697781,0.38513773679733276
1790341559067220200,18.10522021484375,-0.19626763463020325,-0.022751525044441223,-0.001577379647642374,0.9802851676940918,-0.0452413447201252,-0.005838245619088411,0.39507219195365906
1790341559083737000,18.121737060546874,-0.20055393874645233,-0.021889885887503624,-0.0015907599590718746,0.9794368147850037,-0.04353203624486923,-0.005664138123393059,0.4038219749927521
1790341559100193500,18.138193603515624,-0.20468464493751526,-0.02180255576968193,-0.0019773822277784348,0.9785832166671753,-0.04349497705698013,-0.005055251531302929,0.4122733771800995
1790341559116689700,18.154689697265624,-0.20939189195632935,-0.021573970094323158,-0.0020504912827163935,0.9775916337966919,-0.04305362328886986,-0.005025763995945454,0.4218984544277191
1790341559133195500,18.171195556640626,-0.21329425275325775,-0.020974131301045418,-0.0019036182202398777,0.976760983467102,-0.04179822653532028,-0.005228586960583925,0.42987871170043945
1790341559149672400,18.18767236328125,-0.21773545444011688,-0.021231554448604584,-0.002063604537397623,0.9757747650146484,-0.042346302419900894,-0.0052185216918587685,0.438978374004364
1790341559166188800,18.204188720703126,-0.24008893966674805,-0.020997779443860054,-0.0026452115271240473,0.9705201983451843,-0.04204060509800911,-0.004948227200657129,0.48492175340652466
1790341559182677500,18.220677490234376,-0.27199965715408325,-0.02054048702120781,-0.0034203268587589264,0.9620720148086548,-0.041395772248506546,-0.004592825658619404,0.55096834897995
1790341559199167500,18.23716748046875,-0.29397261142730713,-0.020553506910800934,-0.003973537590354681,0.9555846452713013,-0.04162989556789398,-0.004490247927606106,0.5968022346496582
1790341559215670300,18.253670166015624,-0.3140162527561188,-0.020525263622403145,-0.004209904465824366,0.949186384677887,-0.04162107780575752,-0.004898584447801113,0.6388838887214661
1790341559232168200,18.270168212890624,-0.3161005675792694,-0.02031240612268448,-0.0040227933786809444,0.9484997391700745,-0.041087955236434937,-0.005210313014686108,0.643268883228302
1790341559248691500,18.28669140625,-0.31759634613990784,-0.02021380513906479,-0.004187136888504028,0.9480013251304626,-0.040997039526700974,-0.0049008578062057495,0.6464293599128723
1790341559265185500,18.303185546875,-0.31878358125686646,-0.020386183634400368,-0.0047738696448504925,0.9475963115692139,-0.04169180989265442,-0.003950168378651142,0.6489568948745728
1790341559281677000,18.319677001953124,-0.32007989287376404,-0.01985093392431736,-0.004610909614712,0.9471713304519653,-0.040567632764577866,-0.003973137587308884,0.6516873836517334
1790341559298185500,18.336185546875,-0.32148486375808716,-0.019950786605477333,-0.004769256338477135,0.9466925859451294,-0.04085266590118408,-0.00379772181622684,0.6546597480773926
1790341559314685000,18.352684814453124,-0.32264479994773865,-0.019848132506012917,-0.005204525776207447,0.946297824382782,-0.04093452915549278,-0.0029577359091490507,0.657127857208252
1790341559331149300,18.3691494140625,-0.32398709654808044,-0.019048789516091347,-0.0066769481636583805,0.9458461999893188,-0.04037190601229668,0.00028760824352502823,0.6600272059440613
1790341559347668200,18.385668212890625,-0.32491958141326904,-0.018180161714553833,-0.009293842129409313,0.9455212950706482,-0.040430646389722824,0.005760902538895607,0.6621131300926208
1790341559364112000,18.40211181640625,-0.3253507614135742,-0.017191819846630096,-0.011275808326900005,0.9453698396682739,-0.03985503688454628,0.01013304851949215,0.6631127595901489
1790341559380589600,18.418589599609376,-0.32578006386756897,-0.015886781737208366,-0.018501143902540207,0.9451311230659485,-0.04210999608039856,0.024623308330774307,0.6643969416618347
1790341559397065000,18.43506494140625,-0.3259381353855133,-0.013526862487196922,-0.03224651888012886,0.9447441101074219,-0.04665989428758621,0.05213519185781479,0.665646493434906
1790341559413510700,18.4515107421875,-0.3265919089317322,-0.010409891605377197,-0.0423077754676342,0.9441606998443604,-0.04743659868836403,0.07315634191036224,0.6677841544151306
1790341559429955000,18.467955078125,-0.326985627412796,-0.009172306396067142,-0.04516441002488136,0.9439049959182739,-0.047016993165016174,0.07934662699699402,0.6688269972801208
1790341559446399200,18.484399169921875,-0.33462604880332947,-0.009680760093033314,-0.042967814952135086,0.9413211941719055,-0.04712977632880211,0.07448301464319229,0.6848629713058472
1790341559462843600,18.50084375,-0.34238767623901367,-0.010558727197349072,-0.03831852227449417,0.9387177228927612,-0.046176061034202576,0.06475543975830078,0.7009862661361694
1790341559479288000,18.5172880859375,-0.35146087408065796,-0.011692934669554234,-0.03341108188033104,0.9355331063270569,-0.04544628784060478,0.05432184040546417,0.7199679017066956
1790341559495736600,18.533736572265624,-0.35995933413505554,-0.01266983337700367,-0.028470370918512344,0.9324474930763245,-0.044181354343891144,0.04398718476295471,0.7377956509590149
1790341559512213000,18.550212890625,-0.3683544993400574,-0.013227930292487144,-0.023509474471211433,0.9292939305305481,-0.04194137454032898,0.03395581245422363,0.7554776072502136
1790341559528658400,18.566658447265624,-0.37758490443229675,-0.013273521326482296,-0.02074240706861019,0.9256474375724792,-0.04026433080434799,0.02838035859167576,0.7751923203468323
1790341559545154800,18.58315478515625,-0.38598906993865967,-0.012544850818812847,-0.020160723477602005,0.9221978187561035,-0.038725629448890686,0.027503468096256256,0.7933281660079956
1790341559561620000,18.599619873046876,-0.3944244682788849,-0.012246066704392433,-0.020713545382022858,0.9186132550239563,-0.03886410593986511,0.028398996219038963,0.8116835355758667
1790341559578104800,18.616104736328126,-0.4019194543361664,-0.011602237820625305,-0.021752625703811646,0.915343165397644,-0.038753386586904526,0.030500633642077446,0.8280822038650513
1790341559594576600,18.63257666015625,-0.4082258939743042,-0.010986210778355598,-0.023173067718744278,0.9125207662582397,-0.039001524448394775,0.03332827240228653,0.8419639468193054
1790341559611062300,18.649062255859373,-0.41522416472435,-0.010015553794801235,-0.024889184162020683,0.909323513507843,-0.0389203317463398,0.03695565089583397,0.8574265241622925
1790341559627509000,18.665509033203126,-0.4223844110965729,-0.00889571849256754,-0.02668158710002899,0.9059802889823914,-0.03870038688182831,0.040842510759830475,0.8733079433441162
1790341559643983600,18.681983642578125,-0.46047133207321167,-0.0063224071636796,-0.029773101210594177,0.8871526122093201,-0.03868960216641426,0.04702131822705269,0.9584430456161499
1790341559660443400,18.698443359375,-0.5047216415405273,-0.0030552863609045744,-0.03242366388440132,0.8626676797866821,-0.03806363046169281,0.05288219824433327,1.059746503829956
1790341559676935200,18.71493505859375,-0.5187076330184937,-0.001671481877565384,-0.03330051153898239,0.8543013334274292,-0.03746815770864487,0.05519133433699608,1.0923867225646973
1790341559693320400,18.731320556640625,-0.5286503434181213,-0.0016527351690456271,-0.03186499699950218,0.8482397198677063,-0.03655289113521576,0.05233476310968399,1.115610957145691
1790341559709796000,18.747796142578125,-0.5297626852989197,-0.0021032746881246567,-0.029988911002874374,0.8476130366325378,-0.035388749092817307,0.04862867295742035,1.1180671453475952
1790341559726241000,18.764240966796876,-0.5304862856864929,-0.0027078352868556976,-0.028628777712583542,0.8472055792808533,-0.035006146878004074,0.04565183445811272,1.1196653842926025
1790341559742690300,18.780690185546874,-0.5307251214981079,-0.0028831956442445517,-0.026756707578897476,0.8471167087554932,-0.03332166373729706,0.04228433966636658,1.120070219039917
1790341559759163100,18.7971630859375,-0.5328430533409119,-0.002856711857020855,-0.0267519261687994,0.8457862734794617,-0.03337743133306503,0.042221006006002426,1.1250743865966797
1790341559775633000,18.8136328125,-0.5404391884803772,-0.0015806863084435463,-0.028192760422825813,0.8409092426300049,-0.0331721156835556,0.04572250694036484,1.1431891918182373
1790341559792103200,18.830103271484376,-0.5387382507324219,-0.0013466892996802926,-0.02839183248579502,0.8419935703277588,-0.032900646328926086,0.04637707769870758,1.1391575336456299
1790341559808600300,18.846600341796876,-0.5388109087944031,-0.0012253409950062633,-0.028278768062591553,0.8419511914253235,-0.032577864825725555,0.0463147833943367,1.1393173933029175
1790341559825081300,18.863081298828124,-0.5389480590820312,-0.0005333080771379173,-0.02867283672094345,0.8418506979942322,-0.031845901161432266,0.04771975427865982,1.1396621465682983
1790341559841594400,18.879594482421876,-0.5389478206634521,-0.00017390372522640973,-0.029722455888986588,0.8418145179748535,-0.032376404851675034,0.049874816089868546,1.139748215675354
1790341559858084400,18.89608447265625,-0.5399841666221619,0.0008886500727385283,-0.030177924782037735,0.8411335349082947,-0.03114297427237034,0.05175013840198517,1.1422278881072998
1790341559874585600,18.912585693359375,-0.542681097984314,0.0015894405078142881,-0.03089749440550804,0.8393688797950745,-0.03091607056558132,0.05361959710717201,1.1486997604370117
1790341559891082500,18.92908251953125,-0.542511522769928,0.002628505462780595,-0.031987514346838,0.8394349813461304,-0.030347492545843124,0.056585054844617844,1.1483726501464844
1790341559907605200,18.945605224609373,-0.5424618721008301,0.003935972228646278,-0.032236579805612564,0.8394525051116943,-0.028418418020009995,0.05842561647295952,1.1482418775558472
1790341559924102000,18.962101806640625,-0.5424505472183228,0.004842489492148161,-0.03303952142596245,0.8394238352775574,-0.02776961587369442,0.060759324580430984,1.148267388343811
1790341559940599800,18.978599853515625,-0.5425205826759338,0.005829916335642338,-0.033182233572006226,0.8393667340278625,-0.02627081796526909,0.06206967309117317,1.14841890335083
1790341559957069800,18.99506982421875,-0.5424765944480896,0.006630217656493187,-0.03379010409116745,0.8393648862838745,-0.025585440918803215,0.06396153569221497,1.1483497619628906
1790341559973568300,19.011568359375,-0.5425912141799927,0.007123876828700304,-0.03372836858034134,0.8392891883850098,-0.024697134271264076,0.06439090520143509,1.1486015319824219
1790341559990022100,19.028022216796874,-0.5429966449737549,0.006342504173517227,-0.03244337439537048,0.8390839099884033,-0.024638371542096138,0.06137186288833618,1.1494667530059814
1790341560006472000,19.044471923828127,-0.5443809032440186,0.00550687313079834,-0.030740469694137573,0.8382565975189209,-0.02427930198609829,0.05756425857543945,1.1526342630386353
1790341560022898000,19.06089794921875,-0.544364869594574,0.004999962169677019,-0.030112603679299355,0.8382930755615234,-0.024442309513688087,0.05595918372273445,1.152552843093872
1790341560039391700,19.077391845703126,-0.5441306829452515,0.0053812433034181595,-0.03053232841193676,0.8384274840354919,-0.024245453998446465,0.05708548054099083,1.1520214080810547
1790341560055743500,19.093743408203125,-0.5451096296310425,0.0067640747874975204,-0.03128350153565407,0.8377535939216614,-0.022815410047769547,0.05982573702931404,1.1543891429901123
1790341560072194000,19.110194091796874,-0.5462448000907898,0.007595602888613939,-0.03195033222436905,0.8369815349578857,-0.022234950214624405,0.061821166425943375,1.1571404933929443
1790341560088703500,19.126703369140625,-0.5466716885566711,0.00784300547093153,-0.031867723912000656,0.8367037773132324,-0.021761268377304077,0.061942391097545624,1.1581465005874634
1790341560105151700,19.14315185546875,-0.5467456579208374,0.007906450890004635,-0.031043756753206253,0.8366857767105103,-0.02075527422130108,0.06063051521778107,1.158245325088501
1790341560121629400,19.15962939453125,-0.5483919978141785,0.007840950042009354,-0.03067893534898758,0.8356217741966248,-0.020582403987646103,0.05990762636065483,1.162155032157898
1790341560138156800,19.17615673828125,-0.5514681339263916,0.008336893282830715,-0.03071950003504753,0.8335885405540466,-0.02002047188580036,0.060446713119745255,1.1695220470428467
1790341560154676500,19.192676513671874,-0.5542424321174622,0.009400510229170322,-0.031378373503685,0.8317105770111084,-0.019184261560440063,0.06265676021575928,1.176221489906311
1790341560171166700,19.209166748046876,-0.5569608211517334,0.010264711454510689,-0.031732961535453796,0.8298689126968384,-0.018350068479776382,0.06414645910263062,1.1827794313430786
1790341560187657200,19.2256572265625,-0.5607560276985168,0.0110025554895401,-0.032115835696458817,0.8272848725318909,-0.017853060737252235,0.06552426517009735,1.1919636726379395
1790341560204162600,19.24216259765625,-0.564606249332428,0.01156405545771122,-0.03182143345475197,0.8246656656265259,-0.016897335648536682,0.06558938324451447,1.20125150680542
1790341560220661000,19.258660888671876,-0.5677652955055237,0.01233783457428217,-0.031604617834091187,0.8224910497665405,-0.015627197921276093,0.06604702770709991,1.2088881731033325
1790341560237186300,19.275186279296875,-0.5696120262145996,0.013157607056200504,-0.03198694437742233,0.8211855888366699,-0.014865096658468246,0.06757531315088272,1.213399887084961
1790341560253676800,19.2916767578125,-0.5718646049499512,0.013915056362748146,-0.0321236178278923,0.8196007609367371,-0.013964461162686348,0.06862599402666092,1.2188886404037476
1790341560270167000,19.3081669921875,-0.5742030739784241,0.014836355112493038,-0.03236342966556549,0.817938506603241,-0.012927962467074394,0.07003799080848694,1.2246037721633911
1790341560286670000,19.324670166015625,-0.5761995315551758,0.015722092241048813,-0.032255277037620544,0.8165210485458374,-0.011525281704962254,0.07085160911083221,1.229459285736084
1790341560303166500,19.34116650390625,-0.5781679749488831,0.016277089715003967,-0.03231538087129593,0.8151150345802307,-0.010860046371817589,0.07156436145305634,1.2342805862426758
1790341560319682300,19.357682373046874,-0.5942760705947876,0.017188603058457375,-0.03199467062950134,0.8034406304359436,-0.010434442199766636,0.07190313190221786,1.2740815877914429
1790341560336198100,19.3741982421875,-0.6145141124725342,0.018656862899661064,-0.03140373155474663,0.7880597114562988,-0.009214957244694233,0.07248931378126144,1.324914574623108
1790341560352684800,19.390684814453124,-0.6329916715621948,0.019773490726947784,-0.031035011634230614,0.7732835412025452,-0.008732205256819725,0.07309570908546448,1.372251033782959
1790341560369122300,19.407122314453126,-0.646094560623169,0.020594844594597816,-0.030697746202349663,0.7623616456985474,-0.008288315497338772,0.07348412275314331,1.406375765800476
1790341560385646600,19.423646484375,-0.6556539535522461,0.021366693079471588,-0.030451441183686256,0.7541447281837463,-0.007725284900516272,0.07401546835899353,1.4315860271453857
1790341560402162400,19.440162353515625,-0.6641964316368103,0.02210141159594059,-0.030299821868538857,0.746616780757904,-0.007267813663929701,0.07467345148324966,1.4543596506118774
1790341560418651600,19.456651611328127,-0.6702534556388855,0.022637594491243362,-0.030207786709070206,0.7411715984344482,-0.006956774741411209,0.07519499957561493,1.4706509113311768
1790341560435139600,19.4731396484375,-0.6707690954208374,0.022998860105872154,-0.030163396149873734,0.7406957149505615,-0.006413402035832405,0.07560966163873672,1.4720361232757568
1790341560451640300,19.489640380859374,-0.6710206866264343,0.023417498916387558,-0.030047716572880745,0.7404593825340271,-0.005662241950631142,0.07599861919879913,1.4726996421813965
1790341560468137500,19.506137451171874,-0.6710474491119385,0.02369176410138607,-0.030248727649450302,0.7404181957244873,-0.005529308225959539,0.07666509598493576,1.4727914333343506
1790341560484658200,19.522658203125,-0.6712921857833862,0.024093961343169212,-0.03012932278215885,0.7401882410049438,-0.004797265864908695,0.07702706009149551,1.4734363555908203
1790341560501148000,19.53914794921875,-0.6713650226593018,0.024545853957533836,-0.030375413596630096,0.7400972843170166,-0.004466935060918331,0.0779990404844284,1.4736560583114624
1790341560517639400,19.555639404296876,-0.6716048121452332,0.02486148290336132,-0.0303447674959898,0.7398703098297119,-0.003983077127486467,0.07837679237127304,1.4742984771728516
1790341560534109700,19.572109619140626,-0.671610951423645,0.025217914953827858,-0.030299371108412743,0.739854633808136,-0.003394131548702717,0.07878901064395905,1.4743064641952515
1790341560550608100,19.588608154296875,-0.6716998815536499,0.02569337747991085,-0.03019144758582115,0.7397619485855103,-0.002553239231929183,0.0792684257030487,1.4745304584503174
1790341560567100400,19.605100341796874,-0.6717604398727417,0.026241561397910118,-0.03000853769481182,0.739695131778717,-0.0015003521693870425,0.07973487675189972,1.4746686220169067
1790341560583617000,19.621616943359374,-0.671436071395874,0.026385271921753883,-0.030039148405194283,0.7399832010269165,-0.0012935546692460775,0.0799742043018341,1.4737921953201294
1790341560600106000,19.63810595703125,-0.6712835431098938,0.027109794318675995,-0.029758544638752937,0.7401067018508911,0.00017600554565433413,0.0805327370762825,1.4733411073684692
1790341560616657200,19.6546572265625,-0.6710644960403442,0.027761999517679214,-0.02965952455997467,0.7402850985527039,0.0013009776594117284,0.08126260340213776,1.4727305173873901
1790341560633150700,19.671150634765624,-0.6708329916000366,0.02817014791071415,-0.029429392889142036,0.7404887080192566,0.0022423788905143738,0.08146928250789642,1.47207510471344
1790341560649664000,19.6876640625,-0.6705697774887085,0.028683612123131752,-0.02895313873887062,0.740726113319397,0.0036753942258656025,0.08145144581794739,1.4713071584701538
1790341560666153200,19.7041533203125,-0.6703474521636963,0.028852183371782303,-0.028813419863581657,0.7409262657165527,0.00413841288536787,0.08146931231021881,1.4706895351409912
1790341560682642700,19.720642578125,-0.6702913045883179,0.02927231602370739,-0.028549212962388992,0.7409707903862,0.00512437429279089,0.08164089173078537,1.4705058336257935
1790341560699091700,19.737091796875,-0.6699813604354858,0.029478339478373528,-0.028366882354021072,0.7412498593330383,0.0057101184502244,0.0816444456577301,1.46964693069458
1790341560715561000,19.75356103515625,-0.6699593663215637,0.02963487058877945,-0.028223399072885513,0.741269052028656,0.00613824836909771,0.08164124935865402,1.4695712327957153
1790341560732087600,19.770087646484374,-0.6697465181350708,0.03014678880572319,-0.0279600340873003,0.7414506673812866,0.007276920136064291,0.08193502575159073,1.4689637422561646
1790341560748582000,19.786581787109377,-0.6694555282592773,0.03040054813027382,-0.027890196070075035,0.7417056560516357,0.00778035307303071,0.08216869086027145,1.468167781829834
1790341560765069800,19.80306982421875,-0.6691024899482727,0.030781446024775505,-0.027805402874946594,0.7420116662979126,0.00850010383874178,0.08254947513341904,1.467201590538025
1790341560781572000,19.819572021484376,-0.668816864490509,0.031021350994706154,-0.027603663504123688,0.7422666549682617,0.00915997102856636,0.08256754279136658,1.4664077758789062
1790341560798068700,19.83606884765625,-0.6684349179267883,0.031151393428444862,-0.027680667117238045,0.7426023483276367,0.009292753413319588,0.08285157382488251,1.4653831720352173
1790341560814585600,19.852585693359377,-0.6681774854660034,0.03147808462381363,-0.027540143579244614,0.7428253889083862,0.009996673092246056,0.08307646214962006,1.4646711349487305
1790341560831098400,19.869098388671876,-0.6678347587585449,0.031544093042612076,-0.02756623551249504,0.7431297898292542,0.010098434053361416,0.08319900929927826,1.4637486934661865
1790341560847585800,19.885585693359374,-0.6675149202346802,0.03167882189154625,-0.027587182819843292,0.7434106469154358,0.010307042859494686,0.08340605348348618,1.4628870487213135
1790341560864089000,19.902089111328124,-0.6673162579536438,0.031792089343070984,-0.027386143803596497,0.7435915470123291,0.010767725296318531,0.0832551121711731,1.4623308181762695
1790341560880581600,19.91858154296875,-0.6670406460762024,0.031791508197784424,-0.02719569019973278,0.7438457608222961,0.011052939109504223,0.0829664096236229,1.461569905281067
1790341560897070600,19.935070556640625,-0.6667680144309998,0.03171730041503906,-0.027233468368649483,0.7440919280052185,0.010922105982899666,0.08291956037282944,1.4608403444290161
1790341560913522000,19.95152197265625,-0.6671292185783386,0.032017070800065994,-0.027056192979216576,0.7437617778778076,0.011566322296857834,0.08306125551462173,1.4617923498153687
1790341560930013700,19.968013671875,-0.6671467423439026,0.03216473385691643,-0.027017872780561447,0.7437410354614258,0.011835913173854351,0.08320176601409912,1.461834192276001
1790341560946516200,19.98451611328125,-0.66705322265625,0.03205692023038864,-0.027042102068662643,0.7438286542892456,0.011653137393295765,0.08309230953454971,1.4615858793258667
1790341560963012600,20.0010126953125,-0.6673403382301331,0.032227691262960434,-0.026907633990049362,0.7435686588287354,0.012055822648108006,0.08312471956014633,1.4623444080352783
1790341560979536100,20.0175361328125,-0.6673160195350647,0.03229420259594917,-0.026704657822847366,0.7435949444770813,0.01242973655462265,0.08291073888540268,1.4622589349746704
1790341560996026600,20.034026611328127,-0.6671403050422668,0.03242238238453865,-0.026767941191792488,0.7437446713447571,0.012555735185742378,0.08317344635725021,1.4617899656295776
1790341561012516600,20.0505166015625,-0.6671425700187683,0.032667119055986404,-0.026827022433280945,0.743729829788208,0.012841309420764446,0.08358867466449738,1.4617986679077148
1790341561028961300,20.066961181640625,-0.667172372341156,0.03285139426589012,-0.026687441393733025,0.7437000274658203,0.013299787417054176,0.08362742513418198,1.461863398551941
1790341561045389000,20.08338916015625,-0.6674090027809143,0.03300255537033081,-0.02686093933880329,0.7434747219085693,0.013265928253531456,0.08409234136343002,1.4625155925750732
1790341561061856000,20.09985595703125,-0.6677919626235962,0.033234868198633194,-0.02669043466448784,0.7431265115737915,0.013797374442219734,0.08415599167346954,1.4635287523269653
1790341561078371800,20.116371826171875,-0.6676115393638611,0.03344066068530083,-0.026591679081320763,0.7432829141616821,0.014257008209824562,0.08428076654672623,1.4630306959152222
1790341561094861300,20.132861328125,-0.6673282980918884,0.03375561162829399,-0.026745270937681198,0.7435174584388733,0.014552978798747063,0.0849253460764885,1.462277889251709
1790341561110335200,20.148335205078126,-0.6672810912132263,0.03402438387274742,-0.02652784436941147,0.7435553669929504,0.015250563621520996,0.08495966345071793,1.4621269702911377
1790341561126730200,20.164730224609375,-0.6669040322303772,0.0341663658618927,-0.026433097198605537,0.7438904643058777,0.01563246361911297,0.08500035107135773,1.4611005783081055
1790341561143244800,20.181244873046875,-0.6664289832115173,0.0342707484960556,-0.026401463896036148,0.7443124055862427,0.015885012224316597,0.0850825384259224,1.4598172903060913
1790341561159698200,20.1976982421875,-0.666103720664978,0.03448156267404556,-0.026350418105721474,0.7445955276489258,0.016305388882756233,0.08528073877096176,1.4589345455169678
1790341561176185600,20.214185546875,-0.6651567816734314,0.03468930348753929,-0.026425788179039955,0.7454293370246887,0.01662396639585495,0.08564944565296173,1.4563921689987183
1790341561192685000,20.23068505859375,-0.6641126871109009,0.034885186702013016,-0.02654372714459896,0.7463463544845581,0.016880087554454803,0.08606322109699249,1.4535958766937256
1790341561209178600,20.2471787109375,-0.6630010604858398,0.035223379731178284,-0.026832567527890205,0.7473078370094299,0.017130879685282707,0.08692005276679993,1.4506356716156006
1790341561225699600,20.263699462890624,-0.6618231534957886,0.035321157425642014,-0.026731865480542183,0.7483501434326172,0.01754872500896454,0.08687153458595276,1.4474689960479736
1790341561242156000,20.280156005859375,-0.660192608833313,0.035454634577035904,-0.026902848854660988,0.7497766017913818,0.01771230809390545,0.08726675063371658,1.443121314048767
1790341561258641400,20.296641357421876,-0.6587343215942383,0.03559977933764458,-0.02682444453239441,0.7510539889335632,0.018204685300588608,0.08730567246675491,1.4392181634902954
1790341561275145000,20.31314501953125,-0.6570836901664734,0.03569892421364784,-0.027010543271899223,0.752487301826477,0.01830090954899788,0.08767683058977127,1.4348342418670654
1790341561291640300,20.329640380859374,-0.6556079983711243,0.035832248628139496,-0.027039241045713425,0.7537660002708435,0.01863693818449974,0.08785932511091232,1.4309086799621582
1790341561308118800,20.346118896484374,-0.6537701487541199,0.03577205911278725,-0.02693820185959339,0.7553670406341553,0.018892817199230194,0.08758179098367691,1.4260202646255493
1790341561324628500,20.36262841796875,-0.6515496373176575,0.03562900796532631,-0.026744473725557327,0.7572968006134033,0.01918657496571541,0.08704502135515213,1.4201229810714722
1790341561341112600,20.379112548828125,-0.6493674516677856,0.035109441727399826,-0.02633683942258358,0.7592072486877441,0.01917765475809574,0.08569293469190598,1.4143303632736206
1790341561357611000,20.395611083984374,-0.6467405557632446,0.03458387032151222,-0.02546117454767227,0.7615001797676086,0.01980818249285221,0.08360833674669266,1.4073443412780762
1790341561374015200,20.41201513671875,-0.6442097425460815,0.03370143100619316,-0.02423061802983284,0.7637218832969666,0.020325087010860443,0.08051946759223938,1.4006140232086182
1790341561390526200,20.428526123046876,-0.6413472294807434,0.03243524208664894,-0.02309117652475834,0.7662171125411987,0.020147109404206276,0.07706648111343384,1.3930561542510986
1790341561407009300,20.44500927734375,-0.638611376285553,0.0314655527472496,-0.021857475861907005,0.7685751914978027,0.02050776034593582,0.07385387271642685,1.3858469724655151
1790341561423475200,20.46147509765625,-0.6358863115310669,0.030516427010297775,-0.0205413568764925,0.7709056735038757,0.02098034881055355,0.07053934037685394,1.3786888122558594
1790341561439973400,20.477973388671874,-0.6330834627151489,0.029522670432925224,-0.019230136647820473,0.7732813358306885,0.021359886974096298,0.06717173755168915,1.3713589906692505
1790341561456466200,20.494466064453125,-0.6302182078361511,0.028535356745123863,-0.017911531031131744,0.7756867408752441,0.021738583222031593,0.06379774212837219,1.3638970851898193
1790341561472985000,20.510985107421874,-0.6274439692497253,0.02791081741452217,-0.016486888751387596,0.7779867053031921,0.02278323657810688,0.06071540713310242,1.3566882610321045
1790341561489472300,20.52747216796875,-0.6247309446334839,0.027314871549606323,-0.015260805375874043,0.7802128791809082,0.0235968679189682,0.05797471106052399,1.3496735095977783
1790341561505956000,20.5439560546875,-0.6219307780265808,0.02684653550386429,-0.014198609627783298,0.7824831604957581,0.0243929885327816,0.05564242601394653,1.3424662351608276
1790341561522451200,20.560451171875,-0.6193847060203552,0.026268398389220238,-0.013112394139170647,0.7845385074615479,0.0250118188560009,0.05313985422253609,1.3359333276748657
1790341561538942000,20.57694189453125,-0.6167935729026794,0.0256904698908329,-0.011923244222998619,0.7866153120994568,0.025744296610355377,0.05047086998820305,1.3293043375015259
1790341561555457500,20.59345751953125,-0.6147168874740601,0.02489669993519783,-0.010960222221910954,0.7882786989212036,0.025808684527873993,0.04790658503770828,1.3240127563476562
1790341561571935500,20.609935546875,-0.6131976246833801,0.024533970281481743,-0.009825630113482475,0.789487361907959,0.026719383895397186,0.045618586242198944,1.3201375007629395
1790341561588419600,20.626419677734376,-0.6117489337921143,0.024088479578495026,-0.008808248676359653,0.7906361818313599,0.027342742308974266,0.043414078652858734,1.3164546489715576
1790341561604918300,20.642918212890624,-0.6100359559059143,0.023597098886966705,-0.00809520110487938,0.7919809222221375,0.027527492493391037,0.04162466526031494,1.3121182918548584
1790341561621378800,20.65937890625,-0.6090136766433716,0.023049432784318924,-0.006919843144714832,0.7927946448326111,0.02814355120062828,0.039056796580553055,1.3095282316207886
1790341561637796000,20.675796142578125,-0.6086753010749817,0.02239416353404522,-0.006177899893373251,0.7930793762207031,0.028022944927215576,0.0370691679418087,1.3086745738983154
1790341561654248400,20.69224853515625,-0.6082638502120972,0.02201707847416401,-0.005414973944425583,0.7934110164642334,0.028371281921863556,0.035384371876716614,1.3076350688934326
1790341561670734800,20.70873486328125,-0.6087530255317688,0.021706964820623398,-0.004765056073665619,0.7930485606193542,0.028648335486650467,0.03399274870753288,1.3088679313659668
1790341561687233000,20.72523291015625,-0.6093470454216003,0.021585488691926003,-0.0039155613631010056,0.7926002144813538,0.029465291649103165,0.03251878544688225,1.3103644847869873
1790341561703726600,20.7417265625,-0.6105493903160095,0.021370982751250267,-0.0026511517353355885,0.7916854619979858,0.030619710683822632,0.030298473313450813,1.3134019374847412
1790341561719217700,20.7572177734375,-0.6118144989013672,0.021205192431807518,-0.0013371972599998116,0.7907159328460693,0.03191632032394409,0.02806565910577774,1.3166064023971558
1790341561735668700,20.773668701171875,-0.612697958946228,0.021013131365180016,-0.00032504351111128926,0.7900376915931702,0.032821234315633774,0.02626601792871952,1.318851113319397
1790341561752153600,20.790153564453124,-0.614312469959259,0.0206719059497118,0.00047877771430648863,0.7887918949127197,0.033216096460819244,0.024645201861858368,1.3229522705078125
1790341561768618000,20.806617919921877,-0.615600049495697,0.02071950025856495,0.0007734453538432717,0.7877859473228455,0.033613573759794235,0.024293622002005577,1.3262219429016113
1790341561785074700,20.82307470703125,-0.6175886988639832,0.020653974264860153,0.0015144156059250236,0.7862285375595093,0.034364014863967896,0.02313203364610672,1.3312857151031494
1790341561801584000,20.839584228515626,-0.6192708015441895,0.020629266276955605,0.0017106952145695686,0.7849045991897583,0.03451865538954735,0.022866733372211456,1.3355706930160522
1790341561818095600,20.856095703125,-0.6208426356315613,0.020443731918931007,0.0017832117155194283,0.7836666703224182,0.034271784126758575,0.022591715678572655,1.339580774307251
1790341561834578400,20.872578369140626,-0.6224200129508972,0.020158356055617332,0.0023506260477006435,0.78242027759552,0.034485507756471634,0.02141720987856388,1.3436200618743896
1790341561851039500,20.88903955078125,-0.6234607100486755,0.019830698147416115,0.0024892825167626143,0.7815991640090942,0.03411727771162987,0.020837588235735893,1.3462855815887451
1790341561867560700,20.905560791015624,-0.625067412853241,0.01905977539718151,0.0026697004213929176,0.7803334593772888,0.03309588134288788,0.0196620412170887,1.3504071235656738
1790341561884003000,20.922003173828124,-0.6261724233627319,0.019295504316687584,0.0022451868280768394,0.7794426083564758,0.032904185354709625,0.020666107535362244,1.3532317876815796
1790341561900447700,20.93844775390625,-0.6271280646324158,0.019342714920639992,0.002190860453993082,0.7786728143692017,0.03288426622748375,0.020850302651524544,1.3556835651397705
1790341561916891000,20.954890869140623,-0.628010094165802,0.01935955137014389,0.0012750286841765046,0.7779632806777954,0.031736746430397034,0.022333992645144463,1.3579365015029907
1790341561933375200,20.971375244140624,-0.6285943388938904,0.019710564985871315,0.0015943001490086317,0.7774820327758789,0.03266748785972595,0.022302668541669846,1.3594409227371216
1790341561949850000,20.98785009765625,-0.628969669342041,0.018951701000332832,0.0008819844224490225,0.7771983742713928,0.03058043122291565,0.022471027448773384,1.3604021072387695
1790341561966310400,21.004310302734375,-0.6288250684738159,0.01910771057009697,0.00036453199572861195,0.7773119211196899,0.030176641419529915,0.023466257378458977,1.3600237369537354
1790341561982776800,21.02077685546875,-0.628632128238678,0.01983948051929474,0.002027062000706792,0.7774470448493958,0.033410992473363876,0.02179332636296749,1.3595436811447144
1790341561999215900,21.0372158203125,-0.6279048919677734,0.019034823402762413,0.0010098675265908241,0.7780565619468689,0.030901161953806877,0.02233450673520565,1.357664704322815
1790341562015700000,21.053699951171875,-0.6275134682655334,0.01934322714805603,0.001573094050399959,0.7783638834953308,0.03209957107901573,0.02182912640273571,1.3566642999649048
1790341562032139500,21.070139404296874,-0.626984179019928,0.02003536745905876,0.0019715128000825644,0.7787718176841736,0.03369273990392685,0.02205478772521019,1.3553065061569214
1790341562048590000,21.086590087890624,-0.6260948181152344,0.019392209127545357,0.0013060078490525484,0.7795047163963318,0.03188129514455795,0.02224848046898842,1.3530184030532837
1790341562064900000,21.102900146484377,-0.6255274415016174,0.01996948942542076,0.0010468055261299014,0.7799459099769592,0.032474417239427567,0.02335214614868164,1.3515563011169434
1790341562081324300,21.11932421875,-0.6247404217720032,0.01961270533502102,0.002797197550535202,0.7805811762809753,0.03412720561027527,0.020140180364251137,1.3495686054229736
1790341562097812000,21.13581201171875,-0.6240653395652771,0.01850401982665062,0.002683773636817932,0.7811484336853027,0.03226983919739723,0.018903708085417747,1.347843885421753
1790341562114284300,21.1522841796875,-0.6225939989089966,0.01875602826476097,0.0020640383008867502,0.782317578792572,0.031928349286317825,0.020126674324274063,1.3440684080123901
1790341562130725600,21.1687255859375,-0.6215528845787048,0.019236966967582703,0.0030309404246509075,0.7831301689147949,0.0339106023311615,0.019167516380548477,1.3414229154586792
1790341562147166200,21.185166259765627,-0.6204661726951599,0.01877363584935665,0.003278493881225586,0.7840015888214111,0.03351730853319168,0.018157122656702995,1.3386571407318115
1790341562163630000,21.201630126953123,-0.6188583970069885,0.017486725002527237,0.003909002523869276,0.785298228263855,0.03231233358383179,0.015504768118262291,1.334579586982727
1790341562180084700,21.218084716796874,-0.6176304817199707,0.018140461295843124,0.004544271621853113,0.786246120929718,0.03414971008896828,0.015262965112924576,1.3314666748046875
1790341562196524800,21.23452490234375,-0.6160863041877747,0.018899891525506973,0.005083107855170965,0.7874355316162109,0.03604016825556755,0.015283283777534962,1.3275530338287354
1790341562213003800,21.251003662109376,-0.6144819259643555,0.018923532217741013,0.0051264576613903046,0.7886873483657837,0.03616177290678024,0.015170575119554996,1.3234834671020508
1790341562229457700,21.267457763671874,-0.6127760410308838,0.018666939809918404,0.005932704079896212,0.7900139093399048,0.03677676245570183,0.01350388117134571,1.3191865682601929
1790341562245896200,21.283896240234377,-0.6112998127937317,0.018272025510668755,0.007077746093273163,0.7911564707756042,0.03757648915052414,0.01114039309322834,1.3154913187026978
1790341562262342100,21.300342041015625,-0.6096317172050476,0.016817646101117134,0.008009977638721466,0.79246586561203,0.03643026202917099,0.007809952832758427,1.3113164901733398
1790341562278783000,21.316782958984376,-0.5951277017593384,0.0153042022138834,0.008800989016890526,0.8034371733665466,0.03507483750581741,0.004073836840689182,1.2750084400177002
1790341562295261700,21.33326171875,-0.58271723985672,0.014552257023751736,0.010296019725501537,0.8124794363975525,0.03565371036529541,0.00022909417748451233,1.244360327720642
1790341562311713800,21.3497138671875,-0.5721272230148315,0.013814411126077175,0.011432671919465065,0.8199688792228699,0.03574442118406296,-0.0029416722245514393,1.2184712886810303
1790341562328189000,21.36618896484375,-0.5621280074119568,0.013587691821157932,0.013094279915094376,0.826835036277771,0.03720021992921829,-0.006377617362886667,1.194273829460144
1790341562344661800,21.382661865234375,-0.5540227890014648,0.012990093789994717,0.015209794975817204,0.8322611451148987,0.03848724067211151,-0.01092364452779293,1.1748539209365845
1790341562361138400,21.399138427734375,-0.5485485792160034,0.01170282531529665,0.017939075827598572,0.8358443379402161,0.039260245859622955,-0.01715025305747986,1.1618925333023071
1790341562377621200,21.415621337890624,-0.5470694899559021,0.011410730890929699,0.020070012658834457,0.8367687463760376,0.04107636213302612,-0.021104557439684868,1.1585007905960083
1790341562394031400,21.43203125,-0.5455702543258667,0.011004632338881493,0.022487910464406013,0.837691068649292,0.04300185292959213,-0.025671062991023064,1.1550991535186768
1790341562410475800,21.448475830078124,-0.5450769662857056,0.010688040405511856,0.024025069549679756,0.8379735350608826,0.044136010110378265,-0.028617041185498238,1.1540433168411255
1790341562426966300,21.46496630859375,-0.5443110466003418,0.01008879579603672,0.0252541434019804,0.8384425640106201,0.04444646090269089,-0.031370557844638824,1.1523127555847168
1790341562443410200,21.48141015625,-0.5438598990440369,0.00963938795030117,0.026221243664622307,0.8387108445167542,0.044730693101882935,-0.0335053987801075,1.151315450668335
1790341562459858000,21.49785791015625,-0.5430954098701477,0.009508801624178886,0.02698310650885105,0.8391834497451782,0.045311249792575836,-0.03496630862355232,1.149560570716858
1790341562476301300,21.51430126953125,-0.5425266623497009,0.008658505976200104,0.027020348235964775,0.8395591974258423,0.04389968514442444,-0.03598318621516228,1.1481943130493164
1790341562492743200,21.5307431640625,-0.5422912240028381,0.008610901422798634,0.02782338112592697,0.8396855592727661,0.04468374699354172,-0.03739526495337486,1.1477071046829224
1790341562509196300,21.5471962890625,-0.5421426892280579,0.009557083249092102,0.028210310265421867,0.8397583961486816,0.0466882549226284,-0.03702554479241371,1.1474074125289917
1790341562525633800,21.5636337890625,-0.5414542555809021,0.007841035723686218,0.02801789715886116,0.8402266502380371,0.04356353357434273,-0.03860122710466385,1.1457184553146362
1790341562542078000,21.580077880859374,-0.5410847067832947,0.008253317326307297,0.02806384675204754,0.8404592275619507,0.044289857149124146,-0.0382508784532547,1.1448510885238647
1790341562558531800,21.59653173828125,-0.5407398343086243,0.00858996994793415,0.027738619595766068,0.8406885862350464,0.04448743537068367,-0.037357889115810394,1.144006371498108
1790341562574971600,21.6129716796875,-0.5403035879135132,0.00780026288703084,0.027738574892282486,0.8409767150878906,0.043139081448316574,-0.03823528811335564,1.1429542303085327
1790341562591413200,21.629413330078126,-0.5398741364479065,0.007910150103271008,0.02797686494886875,0.8412435054779053,0.043562810868024826,-0.038539279252290726,1.141957402229309
1790341562607884000,21.645884033203124,-0.539315402507782,0.007526530418545008,0.028506986796855927,0.8415876030921936,0.043465208262205124,-0.039874471724033356,1.1406718492507935
1790341562624341200,21.66234130859375,-0.5389394164085388,0.00757835665717721,0.02835674025118351,0.8418329954147339,0.04337211325764656,-0.039585065096616745,1.1397653818130493
1790341562640751600,21.678751708984375,-0.538138210773468,0.0074076266027987,0.027830878272652626,0.842364490032196,0.042478498071432114,-0.03892466053366661,1.137810230255127
1790341562657194800,21.69519482421875,-0.5374872088432312,0.0077727665193378925,0.02840484119951725,0.842757523059845,0.043683599680662155,-0.039531558752059937,1.1363258361816406
1790341562673665500,21.71166552734375,-0.5364275574684143,0.006277206353843212,0.02941248007118702,0.843410313129425,0.042195167392492294,-0.04289219528436661,1.1338772773742676
1790341562690109700,21.728109619140625,-0.5339534282684326,0.004820489790290594,0.031359776854515076,0.8449183702468872,0.04169498011469841,-0.04786334186792374,1.1281733512878418
1790341562706571800,21.74457177734375,-0.5301597714424133,0.004037801641970873,0.033540837466716766,0.8472245335578918,0.042477305978536606,-0.05257609859108925,1.1194093227386475
1790341562723038700,21.761038818359374,-0.5291759371757507,0.002931667724624276,0.034924738109111786,0.8477880358695984,0.04201206564903259,-0.05614430829882622,1.1172049045562744
1790341562739517400,21.777517333984374,-0.525711715221405,0.0023880598600953817,0.036872126162052155,0.849859893321991,0.042918138206005096,-0.06019777059555054,1.109240174293518
1790341562756003600,21.794003662109375,-0.5218627452850342,0.002039349405094981,0.03871196508407593,0.8521482348442078,0.043984219431877136,-0.06389160454273224,1.1003926992416382
1790341562772443400,21.810443359375,-0.5177989602088928,0.0021684321109205484,0.039379965513944626,0.8545928597450256,0.044597309082746506,-0.0651080384850502,1.0909476280212402
1790341562788884200,21.82688427734375,-0.515123724937439,0.0021380214020609856,0.04065907746553421,0.8561483025550842,0.04566958174109459,-0.06746888905763626,1.0848431587219238
1790341562805370000,21.8433701171875,-0.5122423768043518,0.0022807063069194555,0.0417192168533802,0.8578240871429443,0.04678288847208023,-0.06929439306259155,1.0782519578933716
1790341562821808600,21.85980859375,-0.5090343356132507,0.002595654223114252,0.04286744445562363,0.8596741557121277,0.048245470970869064,-0.0711214542388916,1.0709341764450073
1790341562838275800,21.87627587890625,-0.5071315765380859,0.002771176630631089,0.0439237542450428,0.8607442378997803,0.04947219789028168,-0.07286800444126129,1.0666519403457642
1790341562854776300,21.8927763671875,-0.5048435926437378,0.0034163768868893385,0.04414782300591469,0.8620743751525879,0.05062122642993927,-0.07273204624652863,1.0613921880722046
1790341562871231000,21.90923095703125,-0.5023146271705627,0.0040959748439490795,0.044304072856903076,0.8635395765304565,0.051742058247327805,-0.07246511429548264,1.0555750131607056
1790341562887673600,21.925673583984373,-0.4999603033065796,0.004286367446184158,0.04445755109190941,0.8648959398269653,0.052029311656951904,-0.07268024981021881,1.0501514673233032
1790341562904132600,21.942132568359376,-0.49774593114852905,0.004263044334948063,0.04506514593958855,0.8661408424377441,0.05241372436285019,-0.07388891279697418,1.0451115369796753
1790341562920574200,21.95857421875,-0.49523302912712097,0.004751650150865316,0.04587188735604286,0.8675352931022644,0.05385616794228554,-0.07495477795600891,1.0394405126571655
1790341562937034800,21.97503466796875,-0.49294695258140564,0.005067229270935059,0.045797813683748245,0.8688385486602783,0.05413414165377617,-0.07465539127588272,1.0341743230819702
1790341562953498600,21.99149853515625,-0.4900083541870117,0.005742312874644995,0.04577498883008957,0.8704961538314819,0.05503644794225693,-0.0741342306137085,1.0274386405944824
1790341562969964000,22.007964111328125,-0.4868921637535095,0.006986373569816351,0.04560495913028717,0.8722427487373352,0.05677790939807892,-0.07281830161809921,1.0203136205673218
1790341562986423800,22.024423828125,-0.48307448625564575,0.008163899183273315,0.04553472250699997,0.8743563294410706,0.05845344439148903,-0.07180128246545792,1.0116082429885864
1790341563002898400,22.0408984375,-0.4790576696395874,0.009708286263048649,0.045059461146593094,0.8765724897384644,0.06037558987736702,-0.06975065916776657,1.0024304389953613
1790341563019341600,22.057341552734375,-0.4750077426433563,0.011820117942988873,0.04478553682565689,0.8787617683410645,0.06350845098495483,-0.06753365695476532,0.9932519197463989
1790341563035785200,22.07378515625,-0.470115065574646,0.013348879292607307,0.04453666880726814,0.8813796639442444,0.06559533625841141,-0.06600432842969894,0.9821621179580688
1790341563052241400,22.090241455078125,-0.4654710590839386,0.014904499985277653,0.04447817802429199,0.8838191628456116,0.06794710457324982,-0.06479143351316452,0.9716957211494446
1790341563068641800,22.106641845703123,-0.4601806402206421,0.016535291448235512,0.0441271997988224,0.886573851108551,0.07012925297021866,-0.06306739896535873,0.9597635269165039
1790341563085020700,22.123020751953124,-0.4548627734184265,0.017731981351971626,0.04450170695781708,0.8892722129821777,0.07222766429185867,-0.06305880844593048,0.9478895664215088
1790341563101489700,22.13948974609375,-0.44947001338005066,0.019166169688105583,0.044320836663246155,0.8919894695281982,0.07424396276473999,-0.06187768280506134,0.9358181953430176
1790341563117969700,22.1559697265625,-0.44366341829299927,0.02063879370689392,0.04406062513589859,0.8948718905448914,0.0762479305267334,-0.06058092042803764,0.9228503108024597
1790341563134417000,22.1724169921875,-0.437616765499115,0.0216694138944149,0.04296373575925827,0.8978731036186218,0.0767211765050888,-0.0582190565764904,0.9092569351196289
1790341563150862600,22.188862548828126,-0.4310431480407715,0.022980766370892525,0.04242263361811638,0.9010406136512756,0.07819021493196487,-0.05666795000433922,0.8946282863616943
1790341563167310300,22.205310302734375,-0.42447179555892944,0.023587338626384735,0.04213394224643707,0.9041526913642883,0.07862742990255356,-0.056196290999650955,0.880062997341156
1790341563183757300,22.22175732421875,-0.4177473783493042,0.02413657121360302,0.04133310914039612,0.9073015451431274,0.07853063195943832,-0.05486472696065903,0.8651403784751892
1790341563200207600,22.23820751953125,-0.41119006276130676,0.02506016567349434,0.03997715562582016,0.9103277921676636,0.07869060337543488,-0.0521993488073349,0.8505797982215881
1790341563216653300,22.2546533203125,-0.40428784489631653,0.025768877938389778,0.039071355015039444,0.9134334325790405,0.07885081321001053,-0.050563618540763855,0.8353649973869324
1790341563233095000,22.271094970703125,-0.3970417082309723,0.02617638185620308,0.03889179602265358,0.9166024923324585,0.0790531188249588,-0.05053190141916275,0.8195338845252991
1790341563249536300,22.287536376953124,-0.38999637961387634,0.026539824903011322,0.038906533271074295,0.9196112751960754,0.07934524863958359,-0.0508788526058197,0.8042164444923401
1790341563265979000,22.303978759765624,-0.38280048966407776,0.026325829327106476,0.03815164789557457,0.9226674437522888,0.07796626538038254,-0.05026865750551224,0.788504421710968
1790341563282422300,22.32042236328125,-0.37557747960090637,0.02690432406961918,0.03736918792128563,0.9256464242935181,0.07805060595273972,-0.04899158701300621,0.7728135585784912
1790341563298879500,22.33687939453125,-0.3682894706726074,0.026927322149276733,0.036822929978370667,0.9285913705825806,0.07729998230934143,-0.048571906983852386,0.757041335105896
1790341563315324700,22.35332470703125,-0.3609073758125305,0.026385407894849777,0.036569248884916306,0.931510865688324,0.07571630924940109,-0.04910366237163544,0.7411298155784607
1790341563331770000,22.36977001953125,-0.35348641872406006,0.026321111246943474,0.03626756742596626,0.9343656897544861,0.07498813420534134,-0.049185860902071,0.7251964807510376
1790341563348241000,22.386240966796876,-0.3459104895591736,0.026584872975945473,0.03571780398488045,0.9372105002403259,0.0746990516781807,-0.04857733100652695,0.7089655995368958
1790341563364684300,22.402684326171876,-0.3384949564933777,0.02663792483508587,0.03486047312617302,0.9399449229240417,0.073826864361763,-0.04751811921596527,0.6930826306343079
1790341563381126100,22.419126220703124,-0.3309108018875122,0.02679005265235901,0.03399071842432022,0.9426690340042114,0.07314787060022354,-0.04637037217617035,0.6768919229507446
1790341563397569000,22.435569091796875,-0.3232865035533905,0.026941852644085884,0.03392605856060982,0.9453089237213135,0.0730169489979744,-0.04673835262656212,0.6607504487037659
1790341563414056200,22.45205615234375,-0.3157845139503479,0.026461265981197357,0.033457301557064056,0.9478716850280762,0.07143302261829376,-0.04673134908080101,0.6448432803153992
1790341563430500000,22.4685,-0.28060388565063477,0.027260728180408478,0.03243735060095787,0.9588879942893982,0.07062042504549026,-0.0469258613884449,0.5710299611091614
1790341563446948900,22.484948974609374,-0.22425469756126404,0.029034478589892387,0.030761288478970528,0.9736121296882629,0.07046908140182495,-0.04689407721161842,0.4544219374656677
1790341563463392300,22.501392333984374,-0.17575983703136444,0.029736407101154327,0.02894010953605175,0.9835582375526428,0.06879653036594391,-0.046492382884025574,0.3552631437778473
1790341563479835000,22.5178349609375,-0.13529247045516968,0.030767209827899933,0.027598939836025238,0.989943265914917,0.06851048767566681,-0.04633420333266258,0.2732389569282532
1790341563496310300,22.534310302734376,-0.10159546136856079,0.03201212361454964,0.026707075536251068,0.9939518570899963,0.06919392198324203,-0.04660338908433914,0.20533308386802673
1790341563512751400,22.55075146484375,-0.07183215767145157,0.03258749097585678,0.025199824944138527,0.9965657591819763,0.06869672983884811,-0.04556066915392876,0.1454763412475586
1790341563529195500,22.567195556640623,-0.06844944506883621,0.03233855962753296,0.02477681264281273,0.9968224763870239,0.06798461079597473,-0.04498422518372536,0.13865000009536743
1790341563545659400,22.583659423828124,-0.06507686525583267,0.03266380727291107,0.0246827844530344,0.9970400929450989,0.06846950203180313,-0.04498330503702164,0.13189609348773956
1790341563562103000,22.60010302734375,-0.06151077151298523,0.03220878541469574,0.023461494594812393,0.9973107576370239,0.06724294275045395,-0.042847536504268646,0.12463860213756561
1790341563578546000,22.6165458984375,-0.05805119499564171,0.03213533014059067,0.02262984961271286,0.9975396394729614,0.06684700399637222,-0.04142920300364494,0.11764305830001831
1790341563595016200,22.63301611328125,-0.0542135164141655,0.03297804668545723,0.02134920097887516,0.9977563619613647,0.06822779774665833,-0.03903680294752121,0.10989650338888168
1790341563611456500,22.64945654296875,-0.05050303414463997,0.0328390933573246,0.02038753405213356,0.9979757070541382,0.067703478038311,-0.037384286522865295,0.1023908481001854
1790341563627898400,22.6658984375,-0.046799398958683014,0.03253612294793129,0.019497450441122055,0.9981839656829834,0.06687186658382416,-0.03588644415140152,0.0949009582400322
1790341563644394200,22.682394287109375,-0.043252892792224884,0.033864472061395645,0.018169136717915535,0.9983248114585876,0.06928113847970963,-0.03335411101579666,0.08775277435779572
1790341563660839200,22.698839111328127,-0.039575573056936264,0.03413323685526848,0.016316084191203117,0.9985001087188721,0.06954259425401688,-0.02988598868250847,0.0802682414650917
1790341563677283300,22.715283447265627,-0.035737719386816025,0.03377033397555351,0.014878860674798489,0.9986796379089355,0.0685942992568016,-0.02730807475745678,0.07247641682624817
1790341563693747200,22.731747314453123,-0.03223058208823204,0.03461719676852226,0.013689848594367504,0.998786985874176,0.07011239975690842,-0.0251176618039608,0.06539800763130188
1790341563710191900,22.74819189453125,-0.02870333008468151,0.034625470638275146,0.0124428141862154,0.9989105463027954,0.06996515393257141,-0.02287277765572071,0.05825396999716759
1790341563726635000,22.764635009765627,-0.025252843275666237,0.03397972881793976,0.0114952577278018,0.9990373253822327,0.06854374706745148,-0.021253814920783043,0.05127231776714325
1790341563743076900,22.781076904296874,-0.021806376054883003,0.03427669405937195,0.010160990059375763,0.9991227984428406,0.06900334358215332,-0.018810361623764038,0.04429337754845619
1790341563759452200,22.7974521484375,-0.018641352653503418,0.033426523208618164,0.008844107389450073,0.9992281794548035,0.06719078868627548,-0.016429072245955467,0.03785933926701546
1790341563775893200,22.813893310546874,-0.015227454714477062,0.03229827433824539,0.006979523226618767,0.999337911605835,0.0648171603679657,-0.012966526672244072,0.03089310973882675
1790341563792355800,22.83035595703125,-0.011846578679978848,0.03166908398270607,0.006063586566597223,0.9994098544120789,0.06349120289087296,-0.011369920335710049,0.024067111313343048
1790341563808800300,22.84680029296875,-0.008140753023326397,0.03064534068107605,0.0060666389763355255,0.999478816986084,0.06140023097395897,-0.011628263629972935,0.016646742820739746
1790341563825245200,22.8632451171875,-0.004427960608154535,0.029145540669560432,0.005376026034355164,0.999550998210907,0.05834882706403732,-0.010489306412637234,0.009165951050817966
1790341563841719300,22.87971923828125,-0.0009022982558235526,0.028725741431117058,0.004555774852633476,0.9995766282081604,0.05746936425566673,-0.009055977687239647,0.0020656546112149954
1790341563858162000,22.896161865234376,0.002534205326810479,0.027986915782094002,0.0041039250791072845,0.9995966553688049,0.05596160516142845,-0.00834648497402668,-0.004836841020733118
1790341563874602200,22.912602294921875,0.006421172991394997,0.027187196537852287,0.0038717593997716904,0.9996023178100586,0.05433155223727226,-0.008089675568044186,-0.012627462856471539
1790341563891045600,22.929045654296875,0.010144577361643314,0.026464862748980522,0.0036089264322072268,0.9995917081832886,0.05286109447479248,-0.007751933299005032,-0.02009180746972561
1790341563907490800,22.94549072265625,0.014258973300457,0.026268424466252327,0.002978025935590267,0.9995488524436951,0.052453454583883286,-0.006702536717057228,-0.02835305966436863
1790341563923930600,22.9619306640625,0.018489623442292213,0.025047166272997856,0.0022485421504825354,0.9995127320289612,0.05000835284590721,-0.005421144887804985,-0.036857474595308304
1790341563940377600,22.978377685546874,0.023371940478682518,0.024583926424384117,0.0020503029227256775,0.9994224309921265,0.049063973128795624,-0.005247409921139479,-0.04663361608982086
1790341563956816600,22.994816650390625,0.027933645993471146,0.024431390687823296,0.0018835541559383273,0.9993093609809875,0.04874374344944954,-0.005129444412887096,-0.05576630309224129
1790341563973255700,23.011255615234376,0.032707296311855316,0.02358800731599331,0.0010771206580102444,0.999186098575592,0.04708487540483475,-0.0036954961251467466,-0.065357506275177
1790341563989731600,23.027731689453127,0.03788987547159195,0.023867644369602203,0.0005997662665322423,0.9989966750144958,0.04766020551323891,-0.0030070177745074034,-0.07574784010648727
1790341564006178600,23.044178466796875,0.04318908601999283,0.024239566177129745,-0.00003446774644544348,0.998772919178009,0.04844166338443756,-0.0020249199587851763,-0.08638141304254532
1790341564022624500,23.06062451171875,0.04860387369990349,0.02352084219455719,0.00008449523011222482,0.9985411763191223,0.04698226600885391,-0.0024551546666771173,-0.09721531718969345
1790341564039092200,23.07709228515625,0.053895242512226105,0.0234737116843462,-0.00009407856123289093,0.9982707500457764,0.04689368978142738,-0.002342413179576397,-0.10781756043434143
1790341564055509800,23.093509765625,0.05962946638464928,0.023621443659067154,-0.0011807923438027501,0.9979404211044312,0.047304049134254456,-0.00046034742263145745,-0.11935226619243622
1790341564071918600,23.109918701171875,0.06575308740139008,0.0233923327177763,-0.0022055369336158037,0.9975592494010925,0.04697783291339874,0.0013240714324638247,-0.13166862726211548
1790341564088394800,23.126394775390626,0.07165078073740005,0.02327866107225418,-0.002894817152991891,0.9971538782119751,0.04685692861676216,0.002437290269881487,-0.14352111518383026
1790341564104785200,23.14278515625,0.07751556485891342,0.02326812781393528,-0.0027993011754006147,0.9967156648635864,0.04683460295200348,0.0019729319028556347,-0.15527573227882385
1790341564121228800,23.159228759765625,0.08354739844799042,0.022890394553542137,-0.0032735876739025116,0.9962354898452759,0.046172019094228745,0.002697665710002184,-0.16739694774150848
1790341564137719300,23.17571923828125,0.08963433653116226,0.022223301231861115,-0.004657193552702665,0.9957159757614136,0.04510700702667236,0.005290566477924585,-0.1796753704547882
1790341564154205400,23.192205322265625,0.09525229781866074,0.022172847762703896,-0.005572844762355089,0.9951906204223633,0.04521053656935692,0.006868110038340092,-0.19099916517734528
1790341564170646800,23.208646728515625,0.10068171471357346,0.021541612222790718,-0.0059677837416529655,0.9946675896644592,0.04407069459557533,0.007534299977123737,-0.20192182064056396
1790341564187091200,23.22509130859375,0.10629292577505112,0.021135365590453148,-0.006083008833229542,0.9940915703773499,0.043328944593667984,0.00760112889111042,-0.21320463716983795
1790341564203531500,23.241531494140624,0.11195047944784164,0.020951731130480766,-0.006507396697998047,0.993471622467041,0.0431017205119133,0.008238808251917362,-0.22460313141345978
1790341564219972900,23.257972900390627,0.11783592402935028,0.020960038527846336,-0.006866685580462217,0.9927881360054016,0.0432511568069458,0.008694746531546116,-0.23646649718284607
1790341564236415000,23.2744150390625,0.12314688414335251,0.02057422325015068,-0.007782280910760164,0.9921447038650513,0.042757272720336914,0.010375181213021278,-0.24720248579978943
1790341564251828500,23.289828369140626,0.12810592353343964,0.020483218133449554,-0.008657759986817837,0.9915112257003784,0.04285305738449097,0.011920771561563015,-0.2572372555732727
1790341564268270300,23.306270263671873,0.13347145915031433,0.019927289336919785,-0.009438280016183853,0.9908074140548706,0.04202382266521454,0.013383987359702587,-0.2680887281894684
1790341564284724700,23.322724853515624,0.13918153941631317,0.01972433738410473,-0.00897270254790783,0.9900298118591309,0.04156813025474548,0.012276267632842064,-0.2795909345149994
1790341564301166600,23.33916650390625,0.1443554013967514,0.019411437213420868,-0.008783740922808647,0.989296555519104,0.04095758497714996,0.011775430291891098,-0.29003047943115234
1790341564317609700,23.355609619140626,0.14962266385555267,0.018960222601890564,-0.009243570268154144,0.9885181784629822,0.040265217423439026,0.012601450085639954,-0.30069437623023987
1790341564334080800,23.372080810546876,0.15476712584495544,0.0186308640986681,-0.009747388772666454,0.9877272248268127,0.03983572870492935,0.013489040546119213,-0.31112146377563477
1790341564350524000,23.38852392578125,0.15999315679073334,0.018018610775470734,-0.010559608228504658,0.9868972301483154,0.038958244025707245,0.015077359043061733,-0.32173192501068115
1790341564366966800,23.404966796875,0.16475428640842438,0.018161453306674957,-0.010821354575455189,0.9861080646514893,0.03939887881278992,0.015358299016952515,-0.33139505982398987
1790341564383410200,23.42141015625,0.16955263912677765,0.017733048647642136,-0.010640243999660015,0.9853041172027588,0.03856692835688591,0.014954938553273678,-0.34111344814300537
1790341564399853600,23.437853515625,0.1739855259656906,0.01771216280758381,-0.010720898397266865,0.9845306277275085,0.038620807230472565,0.014947343617677689,-0.35011544823646545
1790341564416295000,23.454294921875,0.1782434731721878,0.01789006032049656,-0.010833555832505226,0.983764111995697,0.039075519889593124,0.014938309788703918,-0.35877326130867004
1790341564432710000,23.4707099609375,0.1824585199356079,0.01794503442943096,-0.011852732859551907,0.9829784035682678,0.03962034732103348,0.01675429567694664,-0.36739060282707214
1790341564449116700,23.48711669921875,0.18664510548114777,0.018236972391605377,-0.012148329056799412,0.982183039188385,0.040375784039497375,0.017056910321116447,-0.37592795491218567
1790341564465558500,23.50355859375,0.1909022480249405,0.018647799268364906,-0.011988100595772266,0.9813587069511414,0.04119466245174408,0.01641017571091652,-0.3845961093902588
1790341564482030600,23.520030517578125,0.19466987252235413,0.018929770216345787,-0.011347097344696522,0.9806205034255981,0.041560281068086624,0.0148848295211792,-0.3922478258609772
1790341564498473200,23.53647314453125,0.19852951169013977,0.019844848662614822,-0.010774852707982063,0.9798348546028137,0.043184805661439896,0.013235962018370628,-0.400103896856308
1790341564514917000,23.552917236328124,0.20225989818572998,0.0203072652220726,-0.01049446314573288,0.9790651202201843,0.04402705654501915,0.012335148639976978,-0.4077095091342926
1790341564531386400,23.569386474609374,0.2059352546930313,0.02188504859805107,-0.011108716018497944,0.9782578945159912,0.047415394335985184,0.012720913626253605,-0.4152671992778778
1790341564547827200,23.5858271484375,0.20951807498931885,0.023695876821875572,-0.01113907340914011,0.9774541258811951,0.05101664364337921,0.011846714653074741,-0.42261335253715515
1790341564564268300,23.602268310546876,0.2130558043718338,0.025259768590331078,-0.01158050261437893,0.9766448736190796,0.054304737597703934,0.011856873519718647,-0.4298935830593109
1790341564580737500,23.618737548828125,0.21623386442661285,0.026204727590084076,-0.01386068481951952,0.9758914709091187,0.057178448885679245,0.015720997005701065,-0.4365551769733429
1790341564597181400,23.635181396484374,0.2173311561346054,0.024191489443182945,-0.018366506323218346,0.9756252765655518,0.055232662707567215,0.0253252312541008,-0.43906402587890625
1790341564613623000,23.651623046875,0.21851447224617004,0.0218146201223135,-0.024184195324778557,0.9752901196479797,0.05318309739232063,0.037648484110832214,-0.4418230354785919
1790341564630064000,23.668064208984376,0.22054222226142883,0.02003757655620575,-0.02972916141152382,0.9747183918952942,0.052261896431446075,0.049136627465486526,-0.4463161826133728
1790341564646504400,23.68450439453125,0.22255414724349976,0.01882597617805004,-0.030793290585279465,0.9742520451545715,0.050477541983127594,0.051644209772348404,-0.4504687488079071
1790341564662942700,23.700942626953125,0.2244674414396286,0.020752107724547386,-0.025193164125084877,0.9739348292350769,0.05179658159613609,0.03976713493466377,-0.4540688693523407
1790341564679402000,23.717402099609377,0.2269022911787033,0.02373308502137661,-0.01738624833524227,0.973473072052002,0.05413785204291344,0.023081954568624496,-0.4586184322834015
1790341564695839000,23.7338388671875,0.2288733571767807,0.025825776159763336,-0.011736259795725346,0.9730427861213684,0.05566352233290672,0.01101832464337349,-0.46233639121055603
1790341564712278000,23.750278076171874,0.23093447089195251,0.026218701153993607,-0.009370841085910797,0.9725708961486816,0.05535649508237839,0.0061180489137768745,-0.46642953157424927
1790341564728715300,23.76671533203125,0.2329479604959488,0.02582147717475891,-0.008096463978290558,0.9721125960350037,0.05400148779153824,0.0037112378049641848,-0.4704916477203369
1790341564745155300,23.7831552734375,0.2348976731300354,0.0263973418623209,-0.008576535619795322,0.9716237783432007,0.05535455420613289,0.0042649973183870316,-0.4745309352874756
1790341564761597200,23.79959716796875,0.2366170436143875,0.026728136464953423,-0.008593080565333366,0.971197247505188,0.05601286515593529,0.004042497836053371,-0.47807037830352783
1790341564778056200,23.81605615234375,0.23837479948997498,0.027030961588025093,-0.007697779685258865,0.9707664847373962,0.056181084364652634,0.002058494370430708,-0.4816359877586365
1790341564794494200,23.832494140625,0.23996710777282715,0.02798658050596714,-0.007179813459515572,0.970350980758667,0.05779162049293518,0.0005021607503294945,-0.48488497734069824
1790341564810940000,23.84893994140625,0.24151857197284698,0.02752656489610672,-0.007349245250225067,0.9699779748916626,0.05698113888502121,0.0009608587133698165,-0.488090455532074
1790341564827418000,23.865418212890624,0.24337783455848694,0.02703269012272358,-0.008158092387020588,0.9695205092430115,0.05641861632466316,0.002660563448444009,-0.4919690489768982
1790341564843868000,23.881867919921874,0.2451733648777008,0.028626473620533943,-0.009223697707057,0.9690126180648804,0.06003814563155174,0.0038388706743717194,-0.49574121832847595
1790341564860312600,23.8983125,0.246511310338974,0.028402026742696762,-0.008228209801018238,0.9686887860298157,0.05911668390035629,0.0019383078906685114,-0.4984375536441803
1790341564876755200,23.914755126953125,0.2481200098991394,0.02815239317715168,-0.00582792516797781,0.9683026671409607,0.05744392052292824,-0.002683956641703844,-0.5016129612922668
1790341564893198600,23.931198486328125,0.2494860291481018,0.029047338292002678,-0.004523734096437693,0.9679320454597473,0.058523278683423996,-0.005736507475376129,-0.5043538212776184
1790341564909637400,23.947637451171875,0.25088438391685486,0.028436332941055298,-0.00490472000092268,0.967586874961853,0.05752265080809593,-0.004776996094733477,-0.5072660446166992
1790341564926078700,23.96407861328125,0.25195780396461487,0.0294618122279644,-0.005316358990967274,0.967275083065033,0.05971044674515724,-0.004561520181596279,-0.5095028877258301
1790341564942519600,23.98051953125,0.2532784044742584,0.02899996004998684,-0.004677741322666407,0.9669474363327026,0.058486685156822205,-0.005643896758556366,-0.5121963620185852
1790341564958959400,23.99695947265625,0.2548156678676605,0.02912338450551033,-0.002450884087011218,0.9665479063987732,0.05758209899067879,-0.010104567743837833,-0.5152484178543091
1790341564975430100,24.01343017578125,0.25609585642814636,0.029825858771800995,-0.001566395629197359,0.966189980506897,0.05847488343715668,-0.012249992229044437,-0.5178406238555908
1790341564991871000,24.02987109375,0.2575285732746124,0.030283037573099136,-0.0015118434093892574,0.9657949209213257,0.05931263044476509,-0.012677573598921299,-0.5207963585853577
1790341565008312300,24.046312255859377,0.25896814465522766,0.030813196673989296,-0.0015091081149876118,0.9653931260108948,0.060317013412714005,-0.013045876286923885,-0.5237693190574646
1790341565024774000,24.06277392578125,0.25991469621658325,0.03239946439862251,-0.0018270027358084917,0.9650862216949463,0.06353464722633362,-0.013316157273948193,-0.5257282853126526
1790341565041215500,24.079215576171876,0.26108095049858093,0.033784423023462296,-0.0017577486578375101,0.9647240042686462,0.06615807861089706,-0.014249936677515507,-0.5281219482421875
1790341565057635800,24.0956357421875,0.2625519931316376,0.0350322350859642,-0.0014085841830819845,0.9642806649208069,0.06836310774087906,-0.01567966677248478,-0.5311306715011597
1790341565074073000,24.112072998046877,0.2663843631744385,0.035128116607666016,-0.002328680595383048,0.9632236957550049,0.06897477805614471,-0.014229562133550644,-0.539131760597229
1790341565090513700,24.128513671875,0.27156129479408264,0.0356629453599453,-0.002996237948536873,0.9617555737495422,0.07028976082801819,-0.013606473803520203,-0.549913227558136
1790341565106927900,24.144927978515625,0.27826520800590515,0.036345917731523514,-0.004109405446797609,0.9598076343536377,0.07212518900632858,-0.01233944483101368,-0.5639179348945618
1790341565123335000,24.1613349609375,0.2828216552734375,0.03522009775042534,-0.0038671507500112057,0.9585179090499878,0.06976766139268875,-0.012508871965110302,-0.5734031796455383
1790341565139774500,24.1777744140625,0.2867484390735626,0.036301303654909134,-0.004731161519885063,0.9573061466217041,0.07228415459394455,-0.011760614812374115,-0.5816382765769958
1790341565156214800,24.19421484375,0.28878501057624817,0.036324210464954376,-0.004230795428156853,0.9566953778266907,0.07201419025659561,-0.012884967029094696,-0.5858547687530518
1790341565172662000,24.210662109375,0.2921140193939209,0.03569330275058746,-0.0032133774366229773,0.955711841583252,0.07016751915216446,-0.014711432158946991,-0.5927494168281555
1790341565189103000,24.22710302734375,0.29392415285110474,0.03706860914826393,-0.002385639352723956,0.9551067352294922,0.0722850114107132,-0.01723449118435383,-0.5964610576629639
1790341565205557500,24.2435576171875,0.29558876156806946,0.03763990104198456,-0.002716954331845045,0.9545695781707764,0.0735429897904396,-0.01706564798951149,-0.5999568104743958
1790341565222026500,24.260026611328126,0.2985144555568695,0.03588029369711876,-0.004211516119539738,0.9537211060523987,0.07102003693580627,-0.013388749212026596,-0.6062044501304626
1790341565238468000,24.276468017578125,0.3008439540863037,0.035666417330503464,-0.006257358938455582,0.9529856443405151,0.07180910557508469,-0.009533850476145744,-0.6112266182899475
1790341565254911200,24.2929111328125,0.3036516308784485,0.03579828143119812,-0.007575233932584524,0.952080249786377,0.07283245772123337,-0.0073160165920853615,-0.6172063946723938
1790341565271392300,24.309392333984373,0.30635759234428406,0.03604980930685997,-0.006161984987556934,0.9512137770652771,0.07242488116025925,-0.01036571990698576,-0.6227839589118958
1790341565287833900,24.325833740234376,0.3088493347167969,0.03556786850094795,-0.006721619050949812,0.950421929359436,0.07182567566633224,-0.009193606674671173,-0.6280615329742432
1790341565304305400,24.342305419921875,0.31126219034194946,0.03615446761250496,-0.00892659742385149,0.9495941400527954,0.07429062575101852,-0.005553776863962412,-0.63329017162323
1790341565320777500,24.358777587890625,0.31403228640556335,0.034992367029190063,-0.011325749568641186,0.9486997127532959,0.07357417047023773,-0.0004879944317508489,-0.6393043994903564
1790341565337218000,24.375218017578124,0.3172256648540497,0.03508424758911133,-0.01260300725698471,0.9476171731948853,0.07455801963806152,0.0016264047008007765,-0.6461313366889954
1790341565353721000,24.39172119140625,0.3191877007484436,0.03552407771348953,-0.013129415921866894,0.9469344615936279,0.07573198527097702,0.002187696984037757,-0.6503109335899353
1790341565370159900,24.408159912109376,0.322265625,0.03483244404196739,-0.012814899906516075,0.9459214210510254,0.07422536611557007,0.001793178729712963,-0.6567797064781189
1790341565386625500,24.42462548828125,0.32513609528541565,0.034498609602451324,-0.013633490540087223,0.9449394941329956,0.07413196563720703,0.0033321683295071125,-0.6629084944725037
1790341565403063600,24.4410634765625,0.32746610045433044,0.03470326215028763,-0.014934137463569641,0.9441072940826416,0.07538054883480072,0.005470601376146078,-0.6679426431655884
1790341565419509200,24.45750927734375,0.33019277453422546,0.03478527441620827,-0.016033772379159927,0.9431360363960266,0.0762789249420166,0.007272426970303059,-0.67380690574646
1790341565435980000,24.47397998046875,0.3447919189929962,0.033736590296030045,-0.0174200888723135,0.9379110336303711,0.07537112385034561,0.009412919171154499,-0.7049192786216736
1790341565452463900,24.4904638671875,0.3570224940776825,0.03363196179270744,-0.017804328352212906,0.9333204030990601,0.07556699216365814,0.009219683706760406,-0.7310593724250793
1790341565468958500,24.50695849609375,0.36872580647468567,0.03484748676419258,-0.01710272580385208,0.9287273287773132,0.07741879671812057,0.006069237366318703,-0.7561092376708984
1790341565485401300,24.5234013671875,0.3790280520915985,0.035419050604104996,-0.01575019769370556,0.9245730042457581,0.07751232385635376,0.0022747889161109924,-0.7781959176063538
1790341565501844500,24.539844482421874,0.38878682255744934,0.03591228276491165,-0.01490048598498106,0.9205070734024048,0.07777965813875198,-0.0004924386739730835,-0.799248456954956
1790341565518245000,24.5562451171875,0.397367388010025,0.03701760619878769,-0.013736501336097717,0.9168097972869873,0.07887554168701172,-0.004231672268360853,-0.8178014159202576
1790341565534685000,24.572684814453126,0.40144050121307373,0.03831363469362259,-0.012015879154205322,0.915004551410675,0.07984951883554459,-0.008772234432399273,-0.8265354633331299
1790341565551152000,24.589152099609375,0.4052320420742035,0.03947277367115021,-0.009891488589346409,0.913307785987854,0.08021203428506851,-0.013923768885433674,-0.8346415162086487
1790341565567619000,24.605619140625,0.4083646237850189,0.04070470109581947,-0.008848361670970917,0.9118679761886597,0.08156366646289825,-0.017108481377363205,-0.8414027690887451
1790341565584060400,24.622060302734376,0.4114625155925751,0.04197157174348831,-0.007569253444671631,0.9104284048080444,0.08276542276144028,-0.02075842022895813,-0.8480790853500366
1790341565600525600,24.638525634765625,0.414135217666626,0.04288437217473984,-0.00661550322547555,0.9091805219650269,0.08357901126146317,-0.02349264547228813,-0.85386061668396
1790341565616969200,24.65496923828125,0.4163321852684021,0.04401020333170891,-0.0061749485321342945,0.9081258773803711,0.08520585298538208,-0.025433208793401718,-0.8586366176605225
1790341565633443000,24.671443115234375,0.4184296429157257,0.04465169832110405,-0.005704198963940144,0.9071331024169922,0.08592068403959274,-0.027021540328860283,-0.8632047176361084
1790341565649888800,24.687888671875,0.4203368127346039,0.045253828167915344,-0.005352730397135019,0.9062231183052063,0.08666323870420456,-0.02834596112370491,-0.8673673868179321
1790341565666278700,24.704278564453126,0.4221436083316803,0.0454888641834259,-0.005518446210771799,0.9053701758384705,0.08717319369316101,-0.028417019173502922,-0.8713573217391968
1790341565682747600,24.72074755859375,0.423738569021225,0.04616064578294754,-0.005786796100437641,0.904589056968689,0.08856907486915588,-0.028654670342803,-0.8748819828033447
1790341565699187500,24.7371875,0.4254160225391388,0.04661213979125023,-0.00598140200600028,0.903777003288269,0.08949976414442062,-0.028851397335529327,-0.878591001033783
1790341565715672000,24.753672119140624,0.42693424224853516,0.0471685416996479,-0.007208146620541811,0.9030230045318604,0.09150496125221252,-0.027260862290859222,-0.882028341293335
1790341565732112600,24.770112548828124,0.4284376800060272,0.047460947185754776,-0.009406551718711853,0.9022750854492188,0.09387001395225525,-0.02369573712348938,-0.8855251669883728
1790341565748552200,24.78655224609375,0.42978453636169434,0.04751203581690788,-0.010960391722619534,0.9016139507293701,0.09526138752698898,-0.02107735350728035,-0.888637363910675
1790341565765044500,24.80304443359375,0.43129396438598633,0.047472234815359116,-0.012289255857467651,0.900877833366394,0.09629971534013748,-0.018807847052812576,-0.8920984268188477
1790341565781416200,24.819416259765624,0.4327283799648285,0.04761965945363045,-0.012947384268045425,0.900172770023346,0.09710531681776047,-0.017903948202729225,-0.8953352570533752
1790341565797882000,24.835882080078125,0.43397802114486694,0.047511179000139236,-0.01308862492442131,0.8995746970176697,0.09700728207826614,-0.0176901463419199,-0.898120641708374
1790341565814348500,24.8523486328125,0.4350733160972595,0.04759523645043373,-0.013229458592832088,0.8990389108657837,0.09725986421108246,-0.017628151923418045,-0.9005630016326904
1790341565830790000,24.868789794921874,0.43648213148117065,0.04763314872980118,-0.01365028414875269,0.8983474969863892,0.09766783565282822,-0.017057467252016068,-0.9037297964096069
1790341565847259600,24.885259765625,0.4377869963645935,0.04736804962158203,-0.014101198874413967,0.8977193236351013,0.09756046533584595,-0.01615709625184536,-0.9066745042800903
1790341565863704300,24.901704345703124,0.43876978754997253,0.047379665076732635,-0.014168377965688705,0.8972377777099609,0.09762267023324966,-0.016153426840901375,-0.9088658094406128
1790341565880174300,24.91817431640625,0.43996813893318176,0.047325242310762405,-0.013715334236621857,0.896660566329956,0.09710459411144257,-0.017048025503754616,-0.9114898443222046
1790341565896621300,24.934621337890626,0.4410199224948883,0.04730146750807762,-0.01265473198145628,0.8961606025695801,0.09610667824745178,-0.01904158666729927,-0.9137341976165771
1790341565913071000,24.951071044921875,0.44188830256462097,0.047463223338127136,-0.011997883208096027,0.8957332372665405,0.09579869359731674,-0.020454509183764458,-0.9156074523925781
1790341565929543400,24.96754345703125,0.4428298771381378,0.04778211936354637,-0.010732580907642841,0.8952672481536865,0.09523019194602966,-0.02310369908809662,-0.9175907373428345
1790341565945988400,24.98398828125,0.4436939060688019,0.04836392402648926,-0.008939673192799091,0.8948277831077576,0.09466329962015152,-0.026921873912215233,-0.919357419013977
1790341565962380000,25.000380126953125,0.4449719488620758,0.04940401017665863,-0.00672212103381753,0.8941554427146912,0.09452088922262192,-0.03195098787546158,-0.922012209892273
1790341565978824000,25.016823974609373,0.446268767118454,0.05063198506832123,-0.004956398159265518,0.8934518098831177,0.09510425478219986,-0.03634233772754669,-0.9247468113899231
1790341565995266600,25.0332666015625,0.44754865765571594,0.05160866305232048,-0.0037189063150435686,0.8927614092826843,0.09569801390171051,-0.03956490755081177,-0.9274924993515015
1790341566011664600,25.04966455078125,0.4486088454723358,0.052065420895814896,-0.002920975675806403,0.892205536365509,0.09575550258159637,-0.04151371866464615,-0.9297949075698853
1790341566028104700,25.066104736328125,0.4493788778781891,0.05272998660802841,-0.0021482883021235466,0.8917810916900635,0.096217580139637,-0.043573666363954544,-0.9314457774162292
1790341566044574500,25.082574462890626,0.45027852058410645,0.05328260734677315,-0.0014226794010028243,0.8912957906723022,0.09651165455579758,-0.04546363279223442,-0.9333945512771606
1790341566060120300,25.098120361328125,0.45132824778556824,0.053575772792100906,-0.0012585163349285722,0.8907474279403687,0.09683510661125183,-0.04613484442234039,-0.9357265830039978
1790341566076563700,25.114563720703124,0.452109694480896,0.05416593328118324,-0.0013803645269945264,0.8903152346611023,0.09796014428138733,-0.04653675854206085,-0.937468409538269
1790341566093032400,25.131032470703126,0.4532547891139984,0.054597724229097366,-0.0012501748278737068,0.8897064924240112,0.09855464100837708,-0.04728640615940094,-0.9400144815444946
1790341566109474800,25.147474853515625,0.4543616771697998,0.05477529764175415,-0.0011327974498271942,0.8891309499740601,0.09870689362287521,-0.04777935892343521,-0.9424853324890137
1790341566125908700,25.16390869140625,0.45545363426208496,0.05552822723984718,-0.001427728682756424,0.8885248899459839,0.1002604216337204,-0.04806242138147354,-0.9449339509010315
1790341566142364400,25.180364501953125,0.456485390663147,0.05615745857357979,-0.0016299649141728878,0.8879554271697998,0.1015116423368454,-0.0483943335711956,-0.9472466111183167
1790341566158737000,25.19673681640625,0.4576073884963989,0.05706225708127022,-0.0021304201800376177,0.887319028377533,0.10352076590061188,-0.04846246540546417,-0.9497763514518738
1790341566175203300,25.213203369140626,0.4584510624408722,0.05779370293021202,-0.0026044263504445553,0.8868346810340881,0.10521186143159866,-0.04839066416025162,-0.9516858458518982
1790341566191643600,25.2296435546875,0.4593411684036255,0.05831529572606087,-0.0035263639874756336,0.886336624622345,0.10693684965372086,-0.04733981937170029,-0.9537425637245178
1790341566208130600,25.246130615234375,0.46038341522216797,0.059271879494190216,-0.004254472441971302,0.8857290148735046,0.1092529296875,-0.047056324779987335,-0.9561172127723694
1790341566224571400,25.2625712890625,0.4613191485404968,0.059792257845401764,-0.004758843220770359,0.8852044343948364,0.11059337854385376,-0.04675856605172157,-0.9582503437995911
1790341566241013000,25.279012939453125,0.4623686969280243,0.060191068798303604,-0.005318645387887955,0.884626567363739,0.11176346987485886,-0.04626740887761116,-0.9606505632400513
1790341566257509400,25.29550927734375,0.46329259872436523,0.06130829453468323,-0.006372077390551567,0.8840591907501221,0.11467447131872177,-0.045556530356407166,-0.9627909660339355
1790341566273952800,25.311952880859376,0.46433883905410767,0.06205207109451294,-0.007293764501810074,0.8834511041641235,0.11679553240537643,-0.044753942638635635,-0.9652121663093567
1790341566290427000,25.328427001953123,0.4653260111808777,0.06305745989084244,-0.008603544905781746,0.8828485608100891,0.11974630504846573,-0.04350702464580536,-0.9675337672233582
1790341566306895400,25.344895263671877,0.4660082161426544,0.06396903842687607,-0.009501990862190723,0.8824137449264526,0.12216591835021973,-0.04286394640803337,-0.9691359996795654
1790341566323338800,25.3613388671875,0.4667287766933441,0.0647435188293457,-0.01055870484560728,0.8819644451141357,0.1244889423251152,-0.04182271286845207,-0.970848798751831
1790341566339807000,25.377806884765626,0.467396080493927,0.06539802253246307,-0.011124244891107082,0.8815555572509766,0.126145601272583,-0.04153222218155861,-0.9723976850509644
1790341566356244700,25.39424462890625,0.4680291712284088,0.06608393788337708,-0.011814605444669724,0.8811595439910889,0.1279767006635666,-0.04104884713888168,-0.9738836884498596
1790341566372710400,25.41071044921875,0.4687519371509552,0.06695982068777084,-0.012187737971544266,0.8807040452957153,0.12984468042850494,-0.041319265961647034,-0.97553551197052
1790341566389148000,25.42714794921875,0.469410240650177,0.06761815398931503,-0.01231728121638298,0.8803011178970337,0.13110186159610748,-0.04180765524506569,-0.9770217537879944
1790341566405590000,25.443590087890627,0.4700177311897278,0.06859336793422699,-0.012013467960059643,0.8799057006835938,0.13251613080501556,-0.043352339416742325,-0.978337287902832
1790341566422056000,25.460055908203124,0.47065865993499756,0.07002730667591095,-0.011411207728087902,0.8794581294059753,0.1344594806432724,-0.04586263373494148,-0.9796822667121887
1790341566438496500,25.47649658203125,0.4714065492153168,0.07074292004108429,-0.010723070241510868,0.8790086507797241,0.13504137098789215,-0.04786428064107895,-0.9812806248664856
1790341566454985500,25.4929853515625,0.47206366062164307,0.07185493409633636,-0.0101865753531456,0.8785721063613892,0.13646987080574036,-0.04996170476078987,-0.9826778769493103
1790341566471440600,25.509440673828124,0.4727349281311035,0.07287005335092545,-0.009709295816719532,0.8781328797340393,0.13777922093868256,-0.05186758190393448,-0.9841161966323853
1790341566487882800,25.5258828125,0.47341346740722656,0.07323557883501053,-0.009099078364670277,0.8777434229850769,0.13781091570854187,-0.053393471986055374,-0.9855785369873047
1790341566504285700,25.54228564453125,0.4740379750728607,0.07359310239553452,-0.008558793924748898,0.8773819208145142,0.13789570331573486,-0.05478058010339737,-0.9869270324707031
1790341566520721000,25.558720947265623,0.4746352732181549,0.07380464673042297,-0.008111150935292244,0.8770452737808228,0.13780979812145233,-0.0558619387447834,-0.9882293343544006
1790341566537184500,25.5751845703125,0.47523656487464905,0.07391394674777985,-0.007843456231057644,0.8767129182815552,0.137711763381958,-0.056530408561229706,-0.9895638823509216
1790341566553648600,25.591648681640624,0.4759772717952728,0.0735873430967331,-0.007617726922035217,0.876340389251709,0.13687333464622498,-0.056730784475803375,-0.9912357926368713
1790341566570086400,25.60808642578125,0.47667843103408813,0.07355707883834839,-0.007895317859947681,0.8759592771530151,0.1370382159948349,-0.05632396787405014,-0.9928595423698425
1790341566586549000,25.624549072265626,0.4772862195968628,0.07323521375656128,-0.007718384265899658,0.8756569623947144,0.13626305758953094,-0.05642092972993851,-0.9942354559898376
1790341566602988000,25.640988037109373,0.47798022627830505,0.07310549914836884,-0.007672412320971489,0.8752894997596741,0.13594599068164825,-0.05648483708500862,-0.9958147406578064
1790341566619453700,25.65745361328125,0.478617399930954,0.07285889983177185,-0.007801975589245558,0.874960720539093,0.13559359312057495,-0.056119680404663086,-0.9972870349884033
1790341566635888000,25.67388818359375,0.4792524576187134,0.07242746651172638,-0.008172127418220043,0.8746454119682312,0.1351456195116043,-0.05515461042523384,-0.998785674571991
1790341566652330800,25.690330810546875,0.4800516366958618,0.07187396287918091,-0.008447299711406231,0.874250054359436,0.1343832165002823,-0.05426294729113579,-1.0006530284881592
1790341566668793000,25.70679296875,0.48071911931037903,0.07167302817106247,-0.008859224617481232,0.8738956451416016,0.13438251614570618,-0.0534505620598793,-1.0022231340408325
1790341566685231900,25.72323193359375,0.48140019178390503,0.07116754353046417,-0.008536565117537975,0.8735652565956116,0.13314186036586761,-0.05363135039806366,-1.0037604570388794
1790341566701715200,25.739715087890627,0.482205867767334,0.07075957953929901,-0.008828391321003437,0.8731510639190674,0.13265518844127655,-0.052848923951387405,-1.005641222000122
1790341566718152700,25.756152587890625,0.4828604757785797,0.07052452117204666,-0.008757098577916622,0.8728088736534119,0.1321338415145874,-0.0528450533747673,-1.0071358680725098
1790341566734590500,25.772590576171876,0.48354649543762207,0.07027880102396011,-0.009114879183471203,0.8724451661109924,0.13200527429580688,-0.05208521708846092,-1.0087461471557617
1790341566751080700,25.789080810546874,0.48429596424102783,0.06982371211051941,-0.009205726906657219,0.8720649480819702,0.13124889135360718,-0.05159759148955345,-1.010481834411621
1790341566767520300,25.805520263671873,0.48493799567222595,0.0698450431227684,-0.009070942178368568,0.8717079162597656,0.13111840188503265,-0.05194997042417526,-1.0119351148605347
1790341566783988200,25.82198828125,0.4856031835079193,0.06986435502767563,-0.008716199547052383,0.8713396191596985,0.1307697296142578,-0.05268754065036774,-1.0134203433990479
1790341566800458500,25.83845849609375,0.4863189160823822,0.07012639939785004,-0.008466585539281368,0.8709216117858887,0.13094471395015717,-0.053485624492168427,-1.0150246620178223
1790341566816837000,25.854837158203125,0.4869373142719269,0.07016988098621368,-0.008223060518503189,0.8705748915672302,0.13074706494808197,-0.05404539406299591,-1.0164148807525635
1790341566833305300,25.871305419921875,0.48772090673446655,0.07022622227668762,-0.007932786829769611,0.8701342940330505,0.13051551580429077,-0.054723720997571945,-1.0181792974472046
1790341566849744400,25.887744384765625,0.4882441461086273,0.0704217255115509,-0.007699475158005953,0.869827151298523,0.13059863448143005,-0.055399902164936066,-1.0193490982055664
1790341566866211300,25.90421142578125,0.4888922870159149,0.07091044634580612,-0.007420598994940519,0.8694255948066711,0.13114242255687714,-0.056461818516254425,-1.0207912921905518
1790341566882651000,25.92065087890625,0.4895208477973938,0.07119864225387573,-0.0071073719300329685,0.8690509796142578,0.1313013732433319,-0.057384591549634933,-1.0221929550170898
1790341566899097600,25.93709765625,0.4899027645587921,0.07151002436876297,-0.007070761639624834,0.8688105344772339,0.13178595900535583,-0.057811807841062546,-1.0230547189712524
1790341566915563800,25.953563720703126,0.49039530754089355,0.07187222689390182,-0.007121439557522535,0.8685023188591003,0.132437065243721,-0.058154404163360596,-1.024177074432373
1790341566932003000,25.970003173828125,0.4908986985683441,0.07198955863714218,-0.007000772748142481,0.868209183216095,0.13249103724956512,-0.058556344360113144,-1.025316834449768
1790341566948501200,25.986501220703126,0.4914872944355011,0.07233556360006332,-0.00736739207059145,0.8678441643714905,0.13341578841209412,-0.058349624276161194,-1.02669095993042
1790341566964941300,26.00294140625,0.49184393882751465,0.0724310427904129,-0.007146078627556562,0.8676360249519348,0.13334228098392487,-0.058883167803287506,-1.0274854898452759
1790341566981380600,26.019380615234375,0.492234468460083,0.07271921634674072,-0.0072601125575602055,0.8673895597457886,0.13393177092075348,-0.05902939662337303,-1.0283833742141724
1790341566997784800,26.035784912109374,0.4926019310951233,0.07283888012170792,-0.007454867009073496,0.8671691417694092,0.13430717587471008,-0.058865875005722046,-1.0292422771453857
1790341567014227700,26.052227783203126,0.49291303753852844,0.0727459117770195,-0.007585296873003244,0.866999089717865,0.1342516988515854,-0.0585954524576664,-1.0299731492996216
1790341567030696000,26.068696044921875,0.4930362403392792,0.0728265717625618,-0.007765480317175388,0.8669206500053406,0.13456130027770996,-0.058381326496601105,-1.0302708148956299
1790341567047165000,26.0851650390625,0.49341198801994324,0.0728076621890068,-0.007878227159380913,0.8667073845863342,0.13461393117904663,-0.058225005865097046,-1.0311462879180908
1790341567063553300,26.10155322265625,0.49399620294570923,0.07274644821882248,-0.007948342710733414,0.8663790225982666,0.1345369666814804,-0.058133117854595184,-1.0324987173080444
1790341567079953700,26.11795361328125,0.4944491982460022,0.07235650718212128,-0.007970125414431095,0.8661530017852783,0.1338472217321396,-0.057778675109148026,-1.0335561037063599
1790341567096358400,26.1343583984375,0.49500659108161926,0.07217790186405182,-0.007978742942214012,0.865849494934082,0.13350701332092285,-0.05767225846648216,-1.0348457098007202
1790341567112827400,26.150827392578126,0.4953800439834595,0.07192067056894302,-0.00762304849922657,0.8656604290008545,0.13268247246742249,-0.058090854436159134,-1.0356799364089966
1790341567129312300,26.167312255859375,0.4959971010684967,0.07163693755865097,-0.007699528709053993,0.865329921245575,0.13222190737724304,-0.05777028948068619,-1.037117838859558
1790341567145689900,26.18368994140625,0.49669986963272095,0.07135531306266785,-0.0077535975724458694,0.8649494647979736,0.13173773884773254,-0.05750308930873871,-1.038751244544983
1790341567162158300,26.200158447265625,0.49744799733161926,0.07136696577072144,-0.007557984441518784,0.8645203113555908,0.13151484727859497,-0.05796710401773453,-1.040456771850586
1790341567178596600,26.2165966796875,0.4981997311115265,0.07139533013105392,-0.007044040132313967,0.8640892505645752,0.1310042440891266,-0.05899913236498833,-1.042141318321228
1790341567195082000,26.23308203125,0.49890390038490295,0.07136677205562592,-0.006781865376979113,0.8636873364448547,0.13064627349376678,-0.05953065678477287,-1.0437428951263428
1790341567211519700,26.249519775390624,0.4995879828929901,0.0713043361902237,-0.0066053117625415325,0.8632982969284058,0.13031509518623352,-0.05987664312124252,-1.0453081130981445
1790341567227959600,26.26595947265625,0.5003429651260376,0.07126869261264801,-0.006296366918832064,0.862866222858429,0.1298932284116745,-0.060488611459732056,-1.047025203704834
1790341567244448500,26.282448486328125,0.5013735890388489,0.07144695520401001,-0.005916610360145569,0.8622556924819946,0.12975217401981354,-0.061478693038225174,-1.0493669509887695
1790341567260890400,26.298890380859376,0.5023500919342041,0.07135675102472305,-0.005525327753275633,0.8616971969604492,0.12913483381271362,-0.06220993772149086,-1.0515941381454468
1790341567277363000,26.315363037109375,0.5032748579978943,0.07122239470481873,-0.005501697771251202,0.8611688017845154,0.12881149351596832,-0.062253303825855255,-1.0537372827529907
1790341567293836500,26.33183642578125,0.5042237639427185,0.07103254646062851,-0.005560051184147596,0.8606288433074951,0.1284724324941635,-0.062102220952510834,-1.0559464693069458
1790341567310280200,26.3482802734375,0.5052528977394104,0.07101309299468994,-0.0056086815893650055,0.8600262999534607,0.12841375172138214,-0.062151920050382614,-1.0583362579345703
1790341567326748000,26.364747802734374,0.5062310695648193,0.07077401876449585,-0.005599271040409803,0.8594706654548645,0.12791970372200012,-0.062071043998003006,-1.0606122016906738
1790341567343190300,26.381190185546874,0.5072680711746216,0.07042200118303299,-0.005755142774432898,0.8588869571685791,0.12739314138889313,-0.061598580330610275,-1.0630443096160889
1790341567359659500,26.397659423828124,0.508508026599884,0.07026569545269012,-0.005996711552143097,0.8581646084785461,0.1272788941860199,-0.06120721995830536,-1.0659500360488892
1790341567376102100,26.41410205078125,0.509588897228241,0.06971292942762375,-0.006421923171728849,0.85756516456604,0.1266782581806183,-0.06007155776023865,-1.0685174465179443
1790341567392551700,26.4305517578125,0.5105912089347839,0.06950359791517258,-0.006863913964480162,0.8569824695587158,0.1266964226961136,-0.0592459999024868,-1.0708938837051392
1790341567409024000,26.44702392578125,0.5116714835166931,0.06955506652593613,-0.0072096651419997215,0.8563308119773865,0.12706337869167328,-0.05886496230959892,-1.0734363794326782
1790341567425467600,26.463467529296874,0.5127063989639282,0.06932613998651505,-0.007693237625062466,0.8557259440422058,0.12709175050258636,-0.057953741401433945,-1.0758967399597168
1790341567441955000,26.479955078125,0.513769268989563,0.06905268132686615,-0.00847721379250288,0.8551029562950134,0.12735149264335632,-0.056486546993255615,-1.078452706336975
1790341567458400000,26.49639990234375,0.5148409008979797,0.06892155110836029,-0.009083759039640427,0.8544626235961914,0.12767763435840607,-0.055472247302532196,-1.0810112953186035
1790341567474844400,26.512844482421876,0.516211211681366,0.0690292939543724,-0.009196487255394459,0.853625476360321,0.12789037823677063,-0.055595312267541885,-1.084216594696045
1790341567491228400,26.529228515625,0.5173087120056152,0.06885092705488205,-0.009689618833363056,0.8529698252677917,0.12802116572856903,-0.054731786251068115,-1.0868314504623413
1790341567507672600,26.545672607421874,0.5181905627250671,0.06843659281730652,-0.010255202651023865,0.8524611592292786,0.12783746421337128,-0.053467538207769394,-1.0889580249786377
1790341567524144400,26.562144287109376,0.5192093253135681,0.06851692497730255,-0.010630221106112003,0.8518298864364624,0.12829993665218353,-0.05306386947631836,-1.091374158859253
1790341567540616700,26.57861669921875,0.5203885436058044,0.06834892183542252,-0.010780146345496178,0.8511215448379517,0.12809430062770844,-0.052810102701187134,-1.0941535234451294
1790341567557061400,26.595061279296875,0.5212861895561218,0.0684906467795372,-0.010859454981982708,0.8505597710609436,0.12836423516273499,-0.05295797437429428,-1.0962599515914917
1790341567573532200,26.6115322265625,0.5222699046134949,0.06875978410243988,-0.011018501594662666,0.8499322533607483,0.12892982363700867,-0.05311734229326248,-1.0985734462738037
1790341567589976300,26.627976318359377,0.523201584815979,0.068671315908432,-0.010889704339206219,0.8493678569793701,0.12858617305755615,-0.053384508937597275,-1.1007492542266846
1790341567606446300,26.6444462890625,0.5239006876945496,0.06878019124269485,-0.010922874324023724,0.8489275574684143,0.1287633776664734,-0.05354810506105423,-1.1023902893066406
1790341567622887400,26.660887451171874,0.5248892903327942,0.06883026659488678,-0.010894007980823517,0.8483129739761353,0.12875674664974213,-0.05379943549633026,-1.104707956314087
1790341567639334100,26.677334228515626,0.5257648229598999,0.06894179433584213,-0.010901451110839844,0.8477614521980286,0.12889987230300903,-0.05403697490692139,-1.106763243675232
1790341567655802600,26.693802734375,0.5265265107154846,0.06924287229776382,-0.010735208168625832,0.8472661972045898,0.12919117510318756,-0.05475261062383652,-1.1085302829742432
1790341567672282600,26.71028271484375,0.527535080909729,0.06912960857152939,-0.010463730432093143,0.8466511964797974,0.1286475956439972,-0.05524642765522003,-1.1108815670013428
1790341567688769500,26.72676953125,0.5283691883087158,0.06943770498037338,-0.01049731858074665,0.8461052775382996,0.129154235124588,-0.05564252287149429,-1.1128400564193726
1790341567705213400,26.74321337890625,0.5291500091552734,0.06944068521261215,-0.010484505444765091,0.8456171751022339,0.12909476459026337,-0.05578625202178955,-1.1146787405014038
1790341567721656300,26.75965625,0.5299462676048279,0.06952344626188278,-0.010542877949774265,0.8451108336448669,0.12924517691135406,-0.055896684527397156,-1.1165592670440674
1790341567738151200,26.776151123046876,0.5307943820953369,0.06974783539772034,-0.011097384616732597,0.8445528149604797,0.13015811145305634,-0.05532708764076233,-1.1186057329177856
1790341567754594300,26.79259423828125,0.5314221382141113,0.06994275748729706,-0.011246233247220516,0.8441398739814758,0.13060659170150757,-0.055379774421453476,-1.120096206665039
1790341567771063300,26.809063232421874,0.5319464802742004,0.07012886554002762,-0.011754289269447327,0.8437871336936951,0.13142773509025574,-0.05480079725384712,-1.121377944946289
1790341567787535600,26.82553564453125,0.532389760017395,0.07054173946380615,-0.012062190100550652,0.8434686660766602,0.13242794573307037,-0.054790645837783813,-1.122443437576294
1790341567803980500,26.84198046875,0.5329350233078003,0.07024039328098297,-0.012299243360757828,0.8431460857391357,0.13213251531124115,-0.054153475910425186,-1.1237636804580688
1790341567820450000,26.858449951171874,0.5334085822105408,0.07056069374084473,-0.012542491778731346,0.842816174030304,0.13290515542030334,-0.05415980890393257,-1.1248983144760132
1790341567836893000,26.874892822265625,0.5335202813148499,0.07034774869680405,-0.012497042305767536,0.8427640199661255,0.132487952709198,-0.05402605980634689,-1.1251637935638428
1790341567853367000,26.891366943359376,0.5339044332504272,0.0703585147857666,-0.013211359269917011,0.842508852481842,0.13324223458766937,-0.05289273336529732,-1.126143455505371
1790341567869812200,26.907812255859376,0.533771276473999,0.07068471610546112,-0.013170897960662842,0.8425666093826294,0.13376149535179138,-0.053289443254470825,-1.1258156299591064
1790341567886261800,26.92426171875,0.5339145660400391,0.07070469111204147,-0.013228903524577618,0.8424732089042664,0.133848175406456,-0.053235676139593124,-1.1261597871780396
1790341567902737200,26.940737060546876,0.5339235663414001,0.07044483721256256,-0.013319802470505238,0.8424877524375916,0.13350309431552887,-0.05280531570315361,-1.126197338104248
1790341567919180500,26.9571806640625,0.5340561866760254,0.0704883560538292,-0.01410643383860588,0.8423873782157898,0.13440655171871185,-0.05154614895582199,-1.126590609550476
1790341567935670300,26.973670166015626,0.5341431498527527,0.07019910216331482,-0.014091640710830688,0.8423565626144409,0.1338944137096405,-0.05127482861280441,-1.1268023252487183
1790341567952113700,26.99011376953125,0.5340216159820557,0.0703086256980896,-0.014186093583703041,0.8424230217933655,0.13418833911418915,-0.05121365189552307,-1.1265219449996948
1790341567968557000,27.00655712890625,0.5339570045471191,0.07005679607391357,-0.01435449905693531,0.8424819707870483,0.13394396007061005,-0.05064947158098221,-1.12639319896698
1790341567984964000,27.022964111328125,0.5340707898139954,0.06977209448814392,-0.01476618368178606,0.8424264788627625,0.13389241695404053,-0.04966804385185242,-1.1267127990722656
1790341568001407200,27.0394072265625,0.5341224670410156,0.0694466158747673,-0.01569138653576374,0.8424038290977478,0.13432274758815765,-0.047767192125320435,-1.1269418001174927
1790341568017879800,27.0558798828125,0.5344136953353882,0.069060780107975,-0.01670422963798046,0.8422313332557678,0.1347316950559616,-0.04569230228662491,-1.1277503967285156
1790341568034354200,27.072354248046874,0.5345323085784912,0.0686868354678154,-0.01756061613559723,0.8421692848205566,0.13500453531742096,-0.043866708874702454,-1.128135085105896
1790341568050800400,27.08880029296875,0.5346630811691284,0.0685134157538414,-0.018472136929631233,0.8420807719230652,0.13567650318145752,-0.04216562211513519,-1.1285521984100342
1790341568067242800,27.10524267578125,0.5349605679512024,0.06798996776342392,-0.01962021365761757,0.8419083952903748,0.13600051403045654,-0.03971749544143677,-1.1294012069702148
1790341568083692000,27.121692138671875,0.5350414514541626,0.06765906512737274,-0.02120179496705532,0.8418451547622681,0.13712604343891144,-0.03671179711818695,-1.1297898292541504
1790341568100171300,27.138171142578123,0.5351496934890747,0.06803245842456818,-0.02243349514901638,0.8417145013809204,0.13907141983509064,-0.035057079046964645,-1.1301932334899902
1790341568116655000,27.154655029296876,0.5351799726486206,0.06797511130571365,-0.02309202216565609,0.8416820168495178,0.13967731595039368,-0.03389204293489456,-1.130350112915039
1790341568133104600,27.171104736328125,0.5360027551651001,0.06800801306962967,-0.02290779910981655,0.8411605954170227,0.13950279355049133,-0.034373458474874496,-1.132272481918335
1790341568149579000,27.1875791015625,0.5374617576599121,0.067945197224617,-0.023009654134511948,0.8402313590049744,0.13944660127162933,-0.034375790506601334,-1.1357418298721313
1790341568165970000,27.203969970703124,0.5389981865882874,0.06781967729330063,-0.02292654849588871,0.8392590880393982,0.1390824019908905,-0.034633658826351166,-1.1393760442733765
1790341568182460400,27.22046044921875,0.5403741598129272,0.0680857002735138,-0.02290242910385132,0.8383529186248779,0.13944903016090393,-0.03519013524055481,-1.1426341533660889
1790341568198907100,27.2369072265625,0.5418055057525635,0.06829864531755447,-0.022993076592683792,0.837408721446991,0.1398465633392334,-0.03550742194056511,-1.146043062210083
1790341568215351600,27.2533515625,0.540652871131897,0.06820232421159744,-0.022741176187992096,0.8381680250167847,0.13946005702018738,-0.035633254796266556,-1.1432734727859497
1790341568231849000,27.269848876953127,0.5366623997688293,0.06851751357316971,-0.022475343197584152,0.8407102227210999,0.1398748755455017,-0.03575866296887398,-1.1337699890136719
1790341568248291800,27.286291748046875,0.5326787233352661,0.06867902725934982,-0.022350100800395012,0.8432301878929138,0.14018192887306213,-0.03548260033130646,-1.1243315935134888
1790341568264764200,27.30276416015625,0.5287193059921265,0.06878676265478134,-0.022696666419506073,0.8457003831863403,0.14089487493038177,-0.03435537591576576,-1.1150404214859009
1790341568281243400,27.319243408203125,0.5251592993736267,0.06864474713802338,-0.023052727803587914,0.8479175567626953,0.14116795361042023,-0.03301122039556503,-1.1067206859588623
1790341568297689300,27.335689453125,0.5212817192077637,0.06821515411138535,-0.023650364950299263,0.8503250479698181,0.14120306074619293,-0.030902545899152756,-1.0977169275283813
1790341568314162700,27.35216259765625,0.5190218687057495,0.06796793639659882,-0.02420206181704998,0.8517106771469116,0.1414325088262558,-0.029331587255001068,-1.092509388923645
1790341568330606600,27.368606689453124,0.5187271237373352,0.0675741657614708,-0.025151481851935387,0.8518940806388855,0.14175228774547577,-0.02725568413734436,-1.0919560194015503
1790341568347078700,27.38507861328125,0.5182364583015442,0.0669679045677185,-0.026189137250185013,0.8522090911865234,0.1418037861585617,-0.024775715544819832,-1.0909624099731445
1790341568363522000,27.40152197265625,0.5178759694099426,0.06652545183897018,-0.02737138792872429,0.8524256944656372,0.14228062331676483,-0.02224154770374298,-1.0902937650680542
1790341568379971300,27.417971435546875,0.5175146460533142,0.06602824479341507,-0.028492728248238564,0.8526471257209778,0.14259891211986542,-0.019753966480493546,-1.0896183252334595
1790341568396441000,27.434441162109376,0.5170381665229797,0.06585901230573654,-0.029391003772616386,0.8529187440872192,0.1432497799396515,-0.017967937514185905,-1.088640570640564
1790341568412884200,27.45088427734375,0.5166816711425781,0.06530598551034927,-0.030187003314495087,0.8531494140625,0.14313209056854248,-0.015977444127202034,-1.0879331827163696
1790341568429273600,27.467273681640624,0.516556441783905,0.06480292230844498,-0.031000718474388123,0.8532344102859497,0.14311350882053375,-0.01404743641614914,-1.0877686738967896
1790341568445714200,27.483714111328126,0.5162817239761353,0.0648702085018158,-0.03180118650197983,0.8533661365509033,0.14406219124794006,-0.012706833891570568,-1.0872505903244019
1790341568462154800,27.50015478515625,0.5162482857704163,0.06492172181606293,-0.032601505517959595,0.8533522486686707,0.14497986435890198,-0.0113905668258667,-1.0872974395751953
1790341568478559700,27.516559814453124,0.5161510109901428,0.06474938988685608,-0.03341606631875038,0.8533927202224731,0.1455288976430893,-0.009807025082409382,-1.0872008800506592
1790341568494996700,27.532996826171875,0.5160272121429443,0.06504151970148087,-0.03353884071111679,0.8534404635429382,0.14615897834300995,-0.00987973902374506,-1.086930274963379
1790341568511438000,27.54943798828125,0.5158910751342773,0.06523288041353226,-0.03336326405405998,0.8535150289535522,0.1463073343038559,-0.01035421621054411,-1.0865838527679443
1790341568527910100,27.56591015625,0.5157437920570374,0.06555138528347015,-0.03330925479531288,0.8535817861557007,0.1468001753091812,-0.010751301422715187,-1.0862300395965576
1790341568544353500,27.582353515625,0.5157414078712463,0.06569895893335342,-0.03332670405507088,0.8535712361335754,0.1470716893672943,-0.010874127969145775,-1.086226463317871
1790341568560823800,27.59882373046875,0.5158027410507202,0.06588246673345566,-0.033369459211826324,0.8535184264183044,0.14743033051490784,-0.011002035811543465,-1.0863752365112305
1790341568577268000,27.61526806640625,0.5157504081726074,0.06570602208375931,-0.032990265637636185,0.8535783290863037,0.1467355489730835,-0.011456512846052647,-1.086193561553955
1790341568593740000,27.631739990234376,0.515637218952179,0.06592577695846558,-0.03279178962111473,0.8536373972892761,0.1469091773033142,-0.012003258801996708,-1.0858968496322632
1790341568610184700,27.648184814453124,0.5158333778381348,0.0658230260014534,-0.0329001359641552,0.8535225987434387,0.1468420922756195,-0.01174568198621273,-1.0863717794418335
1790341568626633500,27.664633544921877,0.5159834027290344,0.06616169214248657,-0.03292079642415047,0.8534049987792969,0.1474429816007614,-0.012087423354387283,-1.0867226123809814
1790341568643101400,27.681101318359374,0.5161965489387512,0.06595028936862946,-0.03296012058854103,0.853290855884552,0.1471177488565445,-0.011837762780487537,-1.0872271060943604
1790341568659539200,27.697539306640625,0.5163698792457581,0.06608305126428604,-0.03310796990990639,0.8531699776649475,0.14749643206596375,-0.011753412894904613,-1.0876539945602417
1790341568676026400,27.7140263671875,0.5164087414741516,0.06593668460845947,-0.03314340114593506,0.8531565070152283,0.14728137850761414,-0.01154780387878418,-1.0877512693405151
1790341568692470300,27.73047021484375,0.5165781378746033,0.06559740006923676,-0.03343891724944115,0.853068470954895,0.14700306951999664,-0.01072120014578104,-1.088195562362671
1790341568708913400,27.746913330078126,0.5166775584220886,0.06539623439311981,-0.03362018242478371,0.8530165553092957,0.1468445509672165,-0.01022056769579649,-1.088457703590393
1790341568725407000,27.763406982421873,0.5168684720993042,0.06484305113554001,-0.0337785929441452,0.8529369235038757,0.14605744183063507,-0.009408780373632908,-1.0889314413070679
1790341568741848300,27.779848388671876,0.5170629024505615,0.06453980505466461,-0.03408530354499817,0.8528298735618591,0.14585340023040771,-0.00860445387661457,-1.0894359350204468
1790341568758321400,27.7963212890625,0.5172772407531738,0.06423774361610413,-0.034728724509477615,0.8526967763900757,0.14600133895874023,-0.007231361698359251,-1.0900416374206543
1790341568774794800,27.812794677734374,0.5173817873001099,0.06398879736661911,-0.035400908440351486,0.8526244759559631,0.14627192914485931,-0.005845952779054642,-1.090396761894226
1790341568791236900,27.82923681640625,0.517532467842102,0.06375952064990997,-0.03514650836586952,0.8525606393814087,0.14561332762241364,-0.006066225469112396,-1.0907071828842163
1790341568807708400,27.84570849609375,0.5176893472671509,0.06288878619670868,-0.03470752015709877,0.8525481224060059,0.14366304874420166,-0.005934079643338919,-1.091004729270935
1790341568824152000,27.862152099609375,0.5177521109580994,0.06340504437685013,-0.03511187806725502,0.8524551391601562,0.14496807754039764,-0.005793622694909573,-1.0912152528762817
1790341568840623900,27.878623779296873,0.5179135799407959,0.06285587698221207,-0.03510211035609245,0.852398157119751,0.14401547610759735,-0.005265897139906883,-1.0915921926498413
1790341568857064000,27.89506396484375,0.5181792974472046,0.06257295608520508,-0.03533003479242325,0.8522480726242065,0.14376620948314667,-0.004628130700439215,-1.0922504663467407
1790341568873509000,27.911509033203124,0.518278956413269,0.06280707567930222,-0.035028792917728424,0.8521825671195984,0.1438532918691635,-0.005401346832513809,-1.0924333333969116
1790341568889980000,27.92797998046875,0.5185916423797607,0.06275416910648346,-0.03489955887198448,0.8520016670227051,0.14362609386444092,-0.005618635099381208,-1.0931427478790283
1790341568906423600,27.944423583984374,0.518813967704773,0.0628991648554802,-0.03458872064948082,0.8518681526184082,0.14354918897151947,-0.00633591553196311,-1.0936111211776733
1790341568922915800,27.960915771484373,0.5191896557807922,0.06354789435863495,-0.03512158617377281,0.8515692353248596,0.14521294832229614,-0.006169935688376427,-1.0945731401443481
1790341568939361300,27.977361328125,0.5197012424468994,0.06311439722776413,-0.035235822200775146,0.8512848019599915,0.14458635449409485,-0.005609847139567137,-1.0957887172698975
1790341568955802000,27.993802001953124,0.5201036930084229,0.06296521425247192,-0.035110026597976685,0.8510550856590271,0.1441970020532608,-0.005735782906413078,-1.0967092514038086
1790341568972185300,28.010185302734374,0.5205996036529541,0.06326161324977875,-0.03489477187395096,0.8507388234138489,0.14447574317455292,-0.006495309062302113,-1.0978329181671143
1790341568988625700,28.026625732421873,0.5209482908248901,0.0631992295384407,-0.03479166328907013,0.8505341410636902,0.1442585438489914,-0.006664116866886616,-1.0986319780349731
1790341569005092000,28.043092041015626,0.5212409496307373,0.0632311999797821,-0.0350327342748642,0.8503425121307373,0.1445632427930832,-0.0063377744518220425,-1.099355697631836
1790341569021561600,28.0595615234375,0.5217456221580505,0.06293383985757828,-0.035243917256593704,0.8500463962554932,0.14427243173122406,-0.005753008648753166,-1.100572109222412
1790341569038003000,28.0760029296875,0.5223379731178284,0.0628165751695633,-0.03563559427857399,0.8496748805046082,0.1444789469242096,-0.005065645556896925,-1.1020232439041138
1790341569054473500,28.092473388671873,0.5227727890014648,0.06270994246006012,-0.03533559292554855,0.8494277596473694,0.1439792364835739,-0.0055360631085932255,-1.1029927730560303
1790341569070869200,28.108869140625,0.5235034823417664,0.06295011192560196,-0.035593029111623764,0.848949134349823,0.14465515315532684,-0.005475891288369894,-1.1047462224960327
1790341569087339500,28.125339599609376,0.5239531397819519,0.06315326690673828,-0.03511888533830643,0.8486762642860413,0.14450010657310486,-0.006569618824869394,-1.1057219505310059
1790341569103780600,28.141780517578123,0.5246660709381104,0.06297748535871506,-0.035166915506124496,0.8482468128204346,0.14424532651901245,-0.006423897575587034,-1.1074022054672241
1790341569120279800,28.15827978515625,0.5252672433853149,0.06348840147256851,-0.03538575768470764,0.8478274941444397,0.14534279704093933,-0.006694769021123648,-1.1088465452194214
1790341569136748500,28.17474853515625,0.525959312915802,0.06326255202293396,-0.0351979061961174,0.8474231362342834,0.14475403726100922,-0.006892072502523661,-1.1104412078857422
1790341569153191700,28.191191650390625,0.5267548561096191,0.0636240541934967,-0.03532681614160538,0.8468962907791138,0.14549967646598816,-0.007192323449999094,-1.112329125404358
1790341569169681400,28.207681396484375,0.5273304581642151,0.06379866600036621,-0.034977030009031296,0.8465393781661987,0.14542178809642792,-0.008067185059189796,-1.113623857498169
1790341569186122200,28.224122314453126,0.5282514691352844,0.06355175375938416,-0.03451592102646828,0.846002459526062,0.14450395107269287,-0.008741617202758789,-1.115715503692627
1790341569202561500,28.2405615234375,0.5289390683174133,0.0641276016831398,-0.034719567745923996,0.8455210328102112,0.14569245278835297,-0.009127069264650345,-1.1173633337020874
1790341569219039700,28.257039794921877,0.5297011137008667,0.06386866420507431,-0.034779421985149384,0.8450608253479004,0.1453077346086502,-0.008881268091499805,-1.119167685508728
1790341569235480600,28.27348046875,0.5303708910942078,0.06405486911535263,-0.03491126000881195,0.8446213006973267,0.14575745165348053,-0.00897220615297556,-1.1207654476165771
1790341569251947300,28.289947265625,0.5312333703041077,0.06392400711774826,-0.03496894985437393,0.8440865874290466,0.14558762311935425,-0.008883603848516941,-1.1228076219558716
1790341569268416800,28.306416748046875,0.5318640470504761,0.06409525126218796,-0.03478631749749184,0.8436838388442993,0.1456766575574875,-0.009482753463089466,-1.1242640018463135
1790341569284856600,28.322856689453126,0.5325990915298462,0.06402488797903061,-0.034974198788404465,0.8432175517082214,0.14574992656707764,-0.009217608720064163,-1.1260285377502441
1790341569301296600,28.339296630859376,0.5340503454208374,0.06473231315612793,-0.035194721072912216,0.8422359824180603,0.1471690684556961,-0.0098562678322196,-1.1294869184494019
1790341569317739500,28.355739501953124,0.5355240106582642,0.06436348706483841,-0.03503463417291641,0.8413347005844116,0.14635545015335083,-0.009984845295548439,-1.13294517993927
1790341569334211800,28.3722119140625,0.5370377898216248,0.0646151602268219,-0.03482547402381897,0.840358555316925,0.14653751254081726,-0.010870007798075676,-1.136491298675537
1790341569350656000,28.388656005859374,0.5385286211967468,0.0643502026796341,-0.034807126969099045,0.8394250869750977,0.14605090022087097,-0.010873118415474892,-1.1400209665298462
1790341569367104000,28.40510400390625,0.5400983691215515,0.06442341953516006,-0.03480347990989685,0.838410496711731,0.14615008234977722,-0.011230995878577232,-1.1437424421310425
1790341569383571700,28.42157177734375,0.541473925113678,0.06476136296987534,-0.03480486944317818,0.8374965786933899,0.1467025727033615,-0.011835538782179356,-1.1470063924789429
1790341569400016100,28.43801611328125,0.5430648922920227,0.06405053287744522,-0.03428758308291435,0.8365419507026672,0.14492017030715942,-0.012201488949358463,-1.1507091522216797
1790341569416505000,28.454505126953126,0.5428714156150818,0.06440969556570053,-0.03456525132060051,0.8366286158561707,0.1458299160003662,-0.012096104212105274,-1.1502912044525146
1790341569432950800,28.47095068359375,0.5410085320472717,0.06450700759887695,-0.03455069288611412,0.8378275036811829,0.14600440859794617,-0.011902919039130211,-1.1458617448806763
1790341569449395200,28.487395263671875,0.5395391583442688,0.06369122117757797,-0.03497197479009628,0.8388193845748901,0.14510434865951538,-0.010057641193270683,-1.1424468755722046
1790341569465795000,28.503795166015625,0.5380669236183167,0.06403984129428864,-0.035251371562480927,0.8397263884544373,0.14601221680641174,-0.0097125805914402,-1.139000654220581
1790341569482236200,28.520236083984376,0.5367883443832397,0.06392813473939896,-0.03544999286532402,0.8405442833900452,0.14605176448822021,-0.00903729721903801,-1.1360058784484863
1790341569498708000,28.5367080078125,0.5382341146469116,0.063813216984272,-0.03502956032752991,0.8396456837654114,0.1453879028558731,-0.00986822322010994,-1.13936185836792
1790341569515178800,28.5531787109375,0.539577305316925,0.06397280097007751,-0.034915462136268616,0.8387756943702698,0.14551781117916107,-0.010464251972734928,-1.1425267457962036
1790341569531621400,28.569621337890624,0.5394711494445801,0.06346521526575089,-0.034875933080911636,0.8388842940330505,0.14461980760097504,-0.00996172521263361,-1.1422712802886963
1790341569548091000,28.5860908203125,0.5377525091171265,0.06320592015981674,-0.03497401997447014,0.8400024771690369,0.1443074494600296,-0.009221889078617096,-1.1382148265838623
1790341569564532200,28.6025322265625,0.5374639630317688,0.06337052583694458,-0.03462629020214081,0.8401890397071838,0.14421366155147552,-0.00993365328758955,-1.1374746561050415
1790341569581002200,28.619002197265626,0.5361331701278687,0.06352680921554565,-0.03491645306348801,0.8410151600837708,0.1448056399822235,-0.009387262165546417,-1.1343708038330078
1790341569597446000,28.63544580078125,0.5346631407737732,0.06345672905445099,-0.034607645124197006,0.8419684767723083,0.14437159895896912,-0.009579000063240528,-1.1308456659317017
1790341569613895000,28.65189501953125,0.533526599407196,0.0627811998128891,-0.034282516688108444,0.8427530527114868,0.14289116859436035,-0.009207621216773987,-1.1281123161315918
1790341569630368300,28.6683681640625,0.5320839285850525,0.0626293197274208,-0.03369671478867531,0.8436995148658752,0.14202335476875305,-0.00978846475481987,-1.1246157884597778
1790341569646811600,28.684811767578125,0.530471920967102,0.06239839643239975,-0.03320480138063431,0.8447505831718445,0.14112576842308044,-0.010101817548274994,-1.1207401752471924
1790341569663298300,28.70129833984375,0.5292874574661255,0.06288006901741028,-0.03304145485162735,0.8454638719558716,0.1417851746082306,-0.010692755691707134,-1.1179229021072388
1790341569679785200,28.71778515625,0.5299655199050903,0.06203627213835716,-0.03319249302148819,0.8450954556465149,0.14050324261188507,-0.009652667678892612,-1.1195472478866577
1790341569696230000,28.73422998046875,0.5306308269500732,0.061773210763931274,-0.03331015259027481,0.8446924686431885,0.14017412066459656,-0.009284003637731075,-1.1211339235305786
1790341569712717000,28.750717041015626,0.5309380888938904,0.061849020421504974,-0.03301970660686493,0.8445053696632385,0.13999013602733612,-0.009905526414513588,-1.1218125820159912
1790341569729164800,28.767164794921875,0.5315008759498596,0.06172024831175804,-0.032540734857320786,0.8441792726516724,0.13925428688526154,-0.010668505914509296,-1.1230663061141968
1790341569745641000,28.783640869140626,0.5329291820526123,0.061983030289411545,-0.03251144662499428,0.8432601690292358,0.13965049386024475,-0.011234154924750328,-1.1264296770095825
1790341569762120200,28.8001201171875,0.5343217253684998,0.06213477998971939,-0.03246419131755829,0.8423690795898438,0.1398383378982544,-0.01170653011649847,-1.129710078239441
1790341569778569000,28.81656884765625,0.5358166694641113,0.062000442296266556,-0.03209437057375908,0.8414430022239685,0.1391928344964981,-0.01243089884519577,-1.1331888437271118
1790341569795043000,28.83304296875,0.5342584252357483,0.06198447570204735,-0.03222527354955673,0.842429518699646,0.13932858407497406,-0.011936698108911514,-1.129525065422058
1790341569811487700,28.84948779296875,0.5326835513114929,0.061996184289455414,-0.03185399994254112,0.8434394598007202,0.1389736831188202,-0.012315167114138603,-1.125749945640564
1790341569827959800,28.865959716796876,0.5310299396514893,0.061888642609119415,-0.031738393008708954,0.8444936871528625,0.13869155943393707,-0.012123997323215008,-1.1218332052230835
1790341569844403500,28.882403564453124,0.5295984148979187,0.06201068311929703,-0.03168253228068352,0.8453853726387024,0.13885986804962158,-0.012113915756344795,-1.118451714515686
1790341569860795000,28.898794921875,0.5282419323921204,0.061827778816223145,-0.03177108243107796,0.846243679523468,0.13866150379180908,-0.011548154056072235,-1.1152739524841309
1790341569877264600,28.9152646484375,0.5269882678985596,0.062099639326334,-0.03138470649719238,0.8470195531845093,0.13873299956321716,-0.012284953147172928,-1.1122666597366333
1790341569893706800,28.931706787109373,0.5276812314987183,0.06214326247572899,-0.031321097165346146,0.8465871214866638,0.13872995972633362,-0.012551924213767052,-1.1138856410980225
1790341569910192000,28.948192138671875,0.5282660126686096,0.06169256567955017,-0.03129773959517479,0.8462561368942261,0.13792966306209564,-0.012208668515086174,-1.1152602434158325
1790341569926629400,28.96462939453125,0.5288071632385254,0.061692021787166595,-0.03136839345097542,0.845915675163269,0.1379958987236023,-0.012176635675132275,-1.1165441274642944
1790341569943070500,28.981070556640624,0.5293452739715576,0.061661094427108765,-0.031151652336120605,0.8455892205238342,0.13770556449890137,-0.012597350403666496,-1.1177784204483032
1790341569959475500,28.997475341796875,0.5297887325286865,0.06144721060991287,-0.03102896176278591,0.8453314900398254,0.1372051239013672,-0.01264890469610691,-1.1188056468963623
1790341569975917300,29.013917236328126,0.5305600762367249,0.06133883818984032,-0.031162291765213013,0.8448505401611328,0.13715137541294098,-0.012433238327503204,-1.120643138885498
1790341569992387300,29.03038720703125,0.5312919616699219,0.06093522533774376,-0.03095313534140587,0.8444275259971619,0.1362326443195343,-0.012473757378757,-1.1223397254943848
1790341570008860000,29.04685986328125,0.5321565866470337,0.06056702882051468,-0.030767684802412987,0.843916118144989,0.13539734482765198,-0.012531924992799759,-1.1243540048599243
1790341570025303800,29.0633037109375,0.5328351855278015,0.060033682733774185,-0.03088242933154106,0.843521773815155,0.1346055120229721,-0.011876393109560013,-1.125975489616394
1790341570041774800,29.07977490234375,0.5334330797195435,0.0597124807536602,-0.031309209764003754,0.8431508541107178,0.13450920581817627,-0.010908670723438263,-1.1274515390396118
1790341570058262500,29.096262451171874,0.5342013239860535,0.05963008850812912,-0.031140709295868874,0.8426762819290161,0.1341792345046997,-0.011226107366383076,-1.1292418241500854
1790341570074736600,29.112736572265625,0.5349776744842529,0.05951770022511482,-0.031025176867842674,0.8421960473060608,0.13385476171970367,-0.011422968469560146,-1.1310606002807617
1790341570091181600,29.129181640625,0.5358774662017822,0.05918700248003006,-0.03141838312149048,0.8416325449943542,0.13370566070079803,-0.010548686608672142,-1.1332480907440186
1790341570107572200,29.145572265625,0.536604642868042,0.05893423408269882,-0.03155290335416794,0.8411816954612732,0.13341397047042847,-0.010165493935346603,-1.1349899768829346
1790341570124040200,29.162040283203126,0.5372321605682373,0.058491822332143784,-0.03227217495441437,0.8407847285270691,0.13343386352062225,-0.008579579181969166,-1.1365842819213867
1790341570140483800,29.17848388671875,0.5378191471099854,0.058826278895139694,-0.03234248235821724,0.8403833508491516,0.13406863808631897,-0.008915751241147518,-1.1379836797714233
1790341570156971800,29.1949716796875,0.5382711887359619,0.05798478052020073,-0.03190506622195244,0.8401689529418945,0.13217076659202576,-0.008811892941594124,-1.138993740081787
1790341570173413000,29.2114130859375,0.5389347672462463,0.05814671888947487,-0.032063864171504974,0.8397263288497925,0.1326087862253189,-0.008824947290122509,-1.1405895948410034
1790341570189855500,29.22785546875,0.5395987629890442,0.05779707059264183,-0.032478079199790955,0.839307963848114,0.13246044516563416,-0.007856312207877636,-1.1422274112701416
1790341570206227700,29.244227783203126,0.5403603315353394,0.057297948747873306,-0.032707758247852325,0.8388431668281555,0.13186098635196686,-0.007049775216728449,-1.1440708637237549
1790341570222669300,29.26066943359375,0.5409764647483826,0.05755115672945976,-0.03270988538861275,0.8384286165237427,0.1322847306728363,-0.007417903281748295,-1.1455333232879639
1790341570239137500,29.277137451171875,0.5414260625839233,0.057153474539518356,-0.032590217888355255,0.8381701707839966,0.13148100674152374,-0.007256526965647936,-1.1465848684310913
1790341570255609000,29.293609130859377,0.5418087244033813,0.05636816844344139,-0.03224700689315796,0.837989330291748,0.12978249788284302,-0.007036293391138315,-1.1474462747573853
1790341570272051200,29.31005126953125,0.541865885257721,0.05616606026887894,-0.0320063978433609,0.8379751443862915,0.12918022274971008,-0.007227874826639891,-1.1475476026535034
1790341570288522000,29.32652197265625,0.5423089265823364,0.05537339299917221,-0.03211475908756256,0.8377371430397034,0.12796035408973694,-0.006251558195799589,-1.148619294166565
1790341570304960500,29.34296044921875,0.5424367785453796,0.05526241660118103,-0.031980808824300766,0.8376668095588684,0.1276269108057022,-0.006374253425747156,-1.1489042043685913
1790341570321425400,29.35942529296875,0.5424509048461914,0.05489570274949074,-0.03188226372003555,0.8376855254173279,0.1269025206565857,-0.006141865160316229,-1.1489245891571045
1790341570337864700,29.37586474609375,0.5425635576248169,0.054943446069955826,-0.031480349600315094,0.8376246690750122,0.12654462456703186,-0.006883243564516306,-1.1491345167160034
1790341570354310000,29.392309814453125,0.5426715016365051,0.05469934269785881,-0.03144501522183418,0.837571918964386,0.12609459459781647,-0.006692675407975912,-1.149387001991272
1790341570370777900,29.40877783203125,0.5429030656814575,0.053950849920511246,-0.031549859791994095,0.8374665975570679,0.12494801729917526,-0.005736289545893669,-1.149955153465271
1790341570387219700,29.4252197265625,0.5430521368980408,0.05383297801017761,-0.03163600713014603,0.837374210357666,0.12484261393547058,-0.005485901143401861,-1.1503223180770874
1790341570403704600,29.44170458984375,0.5433205366134644,0.053835008293390274,-0.031198902055621147,0.8372164964675903,0.12436790764331818,-0.006258901208639145,-1.1508989334106445
1790341570420144600,29.45814453125,0.5437474250793457,0.053569283336400986,-0.030803069472312927,0.8369709253311157,0.12348639965057373,-0.006693822797387838,-1.1518601179122925
1790341570436589600,29.474589599609374,0.5441375374794006,0.05374136567115784,-0.030239276587963104,0.8367267847061157,0.12315724790096283,-0.007881443947553635,-1.1527098417282104
1790341570452982500,29.490982421875,0.5447070002555847,0.05355848744511604,-0.030161991715431213,0.8363707661628723,0.12276031821966171,-0.007894232869148254,-1.1540563106536865
1790341570469427700,29.507427734375,0.5455161333084106,0.05371341481804848,-0.030546817928552628,0.8358193039894104,0.1234336867928505,-0.007539898622781038,-1.1560370922088623
1790341570485899800,29.523899658203124,0.5461024641990662,0.05384119227528572,-0.03023679368197918,0.8354393839836121,0.12330330908298492,-0.008283691480755806,-1.1573917865753174
1790341570502375400,29.54037548828125,0.5469914674758911,0.05329672247171402,-0.029645243659615517,0.8349137902259827,0.12173287570476532,-0.008803369477391243,-1.1594339609146118
1790341570518823700,29.55682373046875,0.5478559136390686,0.053560953587293625,-0.02933850698173046,0.8343406319618225,0.12182961404323578,-0.00973090622574091,-1.1614550352096558
1790341570535239000,29.573239013671873,0.5487753748893738,0.053673092275857925,-0.029275285080075264,0.8337312936782837,0.12193713337182999,-0.010093670338392258,-1.1636427640914917
1790341570551688400,29.5896884765625,0.5496309399604797,0.05364319309592247,-0.029454240575432777,0.8331631422042847,0.12207390367984772,-0.009887703694403172,-1.1657124757766724
1790341570568165600,29.60616552734375,0.5503305196762085,0.054168157279491425,-0.029522504657506943,0.8326647281646729,0.12301886081695557,-0.010456272400915623,-1.1673928499221802
1790341570584610600,29.622610595703126,0.5512534379959106,0.05459170043468475,-0.029187066480517387,0.832038164138794,0.1233445331454277,-0.011618477292358875,-1.1695544719696045
1790341570601059000,29.63905908203125,0.5520167946815491,0.05420970544219017,-0.029026415199041367,0.8315626382827759,0.1225181370973587,-0.011575030162930489,-1.1713634729385376
1790341570617529900,29.65552978515625,0.5528417825698853,0.05378340557217598,-0.029180746525526047,0.8310365676879883,0.12196610122919083,-0.010967113077640533,-1.1733639240264893
1790341570633971700,29.6719716796875,0.553240180015564,0.053917136043310165,-0.030224252492189407,0.8307254314422607,0.12334119528532028,-0.009442283771932125,-1.174460530281067
1790341570650462000,29.6884619140625,0.5533580780029297,0.05292477458715439,-0.029599115252494812,0.8307332396507263,0.12099085748195648,-0.009394902735948563,-1.174662470817566
1790341570666905000,29.704905029296874,0.5532788634300232,0.05363582447171211,-0.02895727939903736,0.8307631015777588,0.12146633863449097,-0.011238092556595802,-1.1743830442428589
1790341570683348500,29.721348388671874,0.5539000630378723,0.053361617028713226,-0.028684882447123528,0.830376148223877,0.12069832533597946,-0.01147577352821827,-1.1758387088775635
1790341570699830800,29.737830810546875,0.5555406808853149,0.05176055431365967,-0.029426714405417442,0.8293548822402954,0.1188351958990097,-0.008699918165802956,-1.1798845529556274
1790341570716273200,29.754273193359374,0.5564082860946655,0.05259643495082855,-0.029810596257448196,0.8287068009376526,0.12064523249864578,-0.00912182405591011,-1.1820181608200073
1790341570732742400,29.770742431640624,0.5576500296592712,0.05164642632007599,-0.029147345572710037,0.8279551267623901,0.11831084638834,-0.009336007758975029,-1.184921145439148
1790341570749214700,29.787214599609374,0.5592179894447327,0.05072316899895668,-0.027690600603818893,0.8270039558410645,0.11512771248817444,-0.010930361226201057,-1.1885137557983398
1790341570765661700,29.80366162109375,0.5601071715354919,0.05178234726190567,-0.028390757739543915,0.8263126611709595,0.11765904724597931,-0.01108827069401741,-1.1907423734664917
1790341570782135600,29.820135498046874,0.5610686540603638,0.051703520119190216,-0.028263654559850693,0.8256694078445435,0.11737258732318878,-0.011345823295414448,-1.1930463314056396
1790341570798579700,29.836579833984374,0.562232255935669,0.05071993172168732,-0.027933988720178604,0.8249497413635254,0.11535613983869553,-0.010944708250463009,-1.19581937789917
1790341570815057400,29.853057373046877,0.5633318424224854,0.05171853303909302,-0.028109930455684662,0.8241312503814697,0.11719256639480591,-0.011937130242586136,-1.1984950304031372
1790341570831498500,29.86949853515625,0.5640413761138916,0.05314728617668152,-0.028495382517576218,0.8235415816307068,0.11998096108436584,-0.013020637445151806,-1.2002536058425903
1790341570847948300,29.8859482421875,0.5650531649589539,0.052413955330848694,-0.027496937662363052,0.822928786277771,0.11762287467718124,-0.013977752067148685,-1.2025790214538574
1790341570864421000,29.902421142578124,0.5661340951919556,0.05256551131606102,-0.027331480756402016,0.8221812844276428,0.11766713112592697,-0.014575907960534096,-1.2051763534545898
1790341570880865500,29.918865478515624,0.5668450593948364,0.05323340371251106,-0.02728426642715931,0.8216498494148254,0.11870315670967102,-0.01551457867026329,-1.2068901062011719
1790341570897260300,29.93526025390625,0.5676537752151489,0.05320119485259056,-0.02670777216553688,0.8211123943328857,0.11797946691513062,-0.01654030568897724,-1.2087804079055786
1790341570913705200,29.951705322265624,0.5684582591056824,0.05320893973112106,-0.026242874562740326,0.8205701112747192,0.1174469068646431,-0.017426766455173492,-1.2106763124465942
1790341570930150400,29.968150390625,0.5692695379257202,0.05403020977973938,-0.025888293981552124,0.8199650645256042,0.11837834119796753,-0.01906166970729828,-1.2125977277755737
1790341570946549200,29.98454931640625,0.5601775050163269,0.05481790006160736,-0.024521665647625923,0.8261929750442505,0.11835521459579468,-0.020897774025797844,-1.1904083490371704
1790341570962991600,30.00099169921875,0.5519782900810242,0.055435653775930405,-0.0237172469496727,0.8316757678985596,0.11869834363460541,-0.021750150248408318,-1.1705914735794067
1790341570979463400,30.01746337890625,0.5446911454200745,0.05590658634901047,-0.02267451025545597,0.836463987827301,0.11853750050067902,-0.022972842678427696,-1.1530497074127197
1790341570995938600,30.0339384765625,0.5380209684371948,0.05785098299384117,-0.02289230190217495,0.8406323194503784,0.12223448604345322,-0.02376430295407772,-1.1371996402740479
1790341571012386600,30.050386474609375,0.5357685685157776,0.05814927816390991,-0.021797528490424156,0.8420781493186951,0.1216287612915039,-0.0256014633923769,-1.131731629371643
1790341571028861400,30.066861328125,0.5323061943054199,0.05896124243736267,-0.019620949402451515,0.8442680835723877,0.12079337984323502,-0.029644524678587914,-1.1232881546020508
1790341571045309000,30.083308837890623,0.5297316908836365,0.059407975524663925,-0.018809102475643158,0.8458730578422546,0.12078258395195007,-0.031125374138355255,-1.1171194314956665
1790341571061610200,30.0996103515625,0.5313705205917358,0.05899262800812721,-0.019695529714226723,0.8448535203933716,0.12095845490694046,-0.029418453574180603,-1.121087908744812
1790341571078054700,30.1160546875,0.5330559015274048,0.0587119460105896,-0.01972745917737484,0.8438099026679993,0.12045781314373016,-0.029305242002010345,-1.1250741481781006
1790341571094505700,30.132505615234376,0.5346664786338806,0.05887451767921448,-0.01968511752784252,0.8427799344062805,0.12063219398260117,-0.029780415818095207,-1.1288737058639526
1790341571110959000,30.148958984375,0.5361615419387817,0.05962643772363663,-0.01896826922893524,0.8417932391166687,0.12108390778303146,-0.0320095457136631,-1.1323211193084717
1790341571127407400,30.165407470703126,0.5379996299743652,0.05902273580431938,-0.017490854486823082,0.8406941294670105,0.11840544641017914,-0.034106116741895676,-1.1365292072296143
1790341571143899100,30.181899169921873,0.5398504137992859,0.059740401804447174,-0.01776956208050251,0.8394504189491272,0.11984255164861679,-0.03467537835240364,-1.1409379243850708
1790341571160342800,30.1983427734375,0.5419282913208008,0.05969878286123276,-0.019190706312656403,0.8380820751190186,0.12122566998004913,-0.032543886452913284,-1.146028757095337
1790341571176787500,30.214787353515625,0.5438942313194275,0.05897140875458717,-0.01934000477194786,0.8368556499481201,0.1200878843665123,-0.03178418427705765,-1.1507353782653809
1790341571193274400,30.2312744140625,0.5460678339004517,0.05903962627053261,-0.019608091562986374,0.8354279398918152,0.12041261047124863,-0.031722307205200195,-1.1559453010559082
1790341571209645800,30.247645751953126,0.547829806804657,0.06085386127233505,-0.02005087397992611,0.8341326713562012,0.12387409806251526,-0.03323105722665787,-1.1601725816726685
1790341571226118000,30.264117919921876,0.5500743389129639,0.06048585847020149,-0.01961740106344223,0.8326914310455322,0.12269198894500732,-0.03387943655252457,-1.165497899055481
1790341571242590500,30.280590576171875,0.5521093010902405,0.06111475080251694,-0.020019911229610443,0.8312878608703613,0.12410500645637512,-0.0342060923576355,-1.1704068183898926
1790341571259034000,30.2970341796875,0.554196834564209,0.060050755739212036,-0.020737171173095703,0.8299577832221985,0.12303772568702698,-0.03214346244931221,-1.1755120754241943
1790341571275509800,30.313509765625,0.5565129518508911,0.059639424085617065,-0.02140989899635315,0.8284190893173218,0.1230112612247467,-0.030912408605217934,-1.1811606884002686
1790341571291954400,30.329954345703126,0.5584648847579956,0.05983449146151543,-0.02201530896127224,0.8270744681358337,0.12393895536661148,-0.030419014394283295,-1.1859266757965088
1790341571308428800,30.3464287109375,0.5606731176376343,0.05962616205215454,-0.021245094016194344,0.8256144523620605,0.12264860421419144,-0.03178640827536583,-1.1911674737930298
1790341571324874000,30.3628740234375,0.5626500844955444,0.059669651091098785,-0.02106896974146366,0.8242698311805725,0.12244662642478943,-0.03241891786456108,-1.1959233283996582
1790341571341323000,30.379322998046874,0.564717173576355,0.059375204145908356,-0.021594714373350143,0.8228625655174255,0.12247171252965927,-0.031526654958724976,-1.20098876953125
1790341571357797400,30.39579736328125,0.5727859139442444,0.05851507559418678,-0.023189054802060127,0.8172848224639893,0.12257024645805359,-0.02913321927189827,-1.2207911014556885
1790341571374245600,30.41224560546875,0.5800756812095642,0.05828731507062912,-0.024426564574241638,0.8121073246002197,0.12337040156126022,-0.027951765805482864,-1.2387709617614746
1790341571390743800,30.428743896484374,0.5874366760253906,0.05784856900572777,-0.025006946176290512,0.8068124651908875,0.12308324128389359,-0.02761642076075077,-1.2569668292999268
1790341571407190800,30.445190673828126,0.5941548943519592,0.05746337026357651,-0.024877119809389114,0.8019096255302429,0.12207461893558502,-0.028389697894454002,-1.273600459098816
1790341571423632600,30.461632568359374,0.6003349423408508,0.0575510635972023,-0.024953601881861687,0.7972849011421204,0.12208559364080429,-0.029313765466213226,-1.28901207447052
1790341571440010500,30.478010498046874,0.6063377857208252,0.057226359844207764,-0.02508368156850338,0.7927486896514893,0.12150254845619202,-0.02963123470544815,-1.3040789365768433
1790341571456452000,30.4944521484375,0.6093308925628662,0.05720938742160797,-0.02523578517138958,0.7904468774795532,0.12154886871576309,-0.029828226193785667,-1.3116328716278076
1790341571472927200,30.51092724609375,0.6123745441436768,0.0568593330681324,-0.02524266205728054,0.7881163954734802,0.12088743597269058,-0.029854537919163704,-1.319322943687439
1790341571489396500,30.527396484375,0.615293025970459,0.056834712624549866,-0.025617025792598724,0.785829484462738,0.12119849771261215,-0.02968313917517662,-1.3267582654953003
1790341571505839400,30.54383935546875,0.6178812384605408,0.05738194286823273,-0.025503816083073616,0.7837599515914917,0.121823251247406,-0.030937647446990013,-1.3333131074905396
1790341571522311700,30.560311767578124,0.6206159591674805,0.057264894247055054,-0.025290699675679207,0.7816117405891418,0.12126664817333221,-0.03154923394322395,-1.3402533531188965
1790341571538768400,30.576768310546875,0.6230810880661011,0.05750400945544243,-0.025292526930570602,0.7796303629875183,0.12154433876276016,-0.032227251678705215,-1.3465455770492554
1790341571555240400,30.593240478515625,0.6255093216896057,0.0573265478014946,-0.02632387913763523,0.7776623368263245,0.12245673686265945,-0.030779259279370308,-1.352882981300354
1790341571571681500,30.609681640625,0.6280561089515686,0.05688173323869705,-0.027392607182264328,0.7756028771400452,0.12300486117601395,-0.02896231785416603,-1.3595504760742188
1790341571588125400,30.62612548828125,0.6302964687347412,0.056662172079086304,-0.027698691934347153,0.7737883925437927,0.12296553701162338,-0.028565965592861176,-1.3653526306152344
1790341571604592000,30.642592041015625,0.6327205896377563,0.05563950166106224,-0.02871881239116192,0.7718446850776672,0.12258040904998779,-0.026078546419739723,-1.3717373609542847
1790341571621033700,30.65903369140625,0.6350321173667908,0.05519254505634308,-0.03059115819633007,0.7699041366577148,0.12419041246175766,-0.022995587438344955,-1.3779559135437012
1790341571637523000,30.67552294921875,0.6374379396438599,0.053665243089199066,-0.031593628227710724,0.7679809331893921,0.12304022163152695,-0.019891224801540375,-1.3843315839767456
1790341571653963500,30.691963623046874,0.639807403087616,0.05244306102395058,-0.03224785253405571,0.7660654783248901,0.12193545699119568,-0.01769990846514702,-1.3905812501907349
1790341571670406000,30.708406005859374,0.6421099305152893,0.05163825675845146,-0.03393397107720375,0.7641182541847229,0.12281545996665955,-0.014456246979534626,-1.3968151807785034
1790341571686892000,30.72489208984375,0.64443439245224,0.05023205652832985,-0.035071250051259995,0.7622014284133911,0.12208694964647293,-0.011280053295195103,-1.403051495552063
1790341571703328300,30.741328369140625,0.6468024849891663,0.048487190157175064,-0.03572918102145195,0.7602756023406982,0.1202404573559761,-0.008395319804549217,-1.4093503952026367
1790341571719795500,30.75779541015625,0.6487312912940979,0.048727862536907196,-0.03601015731692314,0.758601725101471,0.12095104902982712,-0.00858794990926981,-1.4144524335861206
1790341571736263000,30.774262939453124,0.6511327624320984,0.04828881099820137,-0.03625863045454025,0.756557822227478,0.1205807775259018,-0.008021436631679535,-1.4208070039749146
1790341571752702700,30.79070263671875,0.6544538736343384,0.047330986708402634,-0.036410849541425705,0.7537401914596558,0.11929469555616379,-0.007063313387334347,-1.4295953512191772
1790341571769150700,30.807150634765627,0.657566249370575,0.04623011127114296,-0.036417558789253235,0.7510945796966553,0.11761342734098434,-0.006092697847634554,-1.4378416538238525
1790341571785591800,30.823591796875,0.6603622436523438,0.046330343931913376,-0.03663371503353119,0.748620867729187,0.1180269718170166,-0.006340132560580969,-1.445305347442627
1790341571802064000,30.84006396484375,0.6628879904747009,0.045996956527233124,-0.0363893136382103,0.7464179396629333,0.11718056350946426,-0.006658435799181461,-1.452003836631775
1790341571818506800,30.8565068359375,0.6650918126106262,0.04608561471104622,-0.03636085242033005,0.7444508075714111,0.1172550693154335,-0.0071646589785814285,-1.4578921794891357
1790341571834957800,30.872957763671874,0.6669928431510925,0.046394508332014084,-0.036304060369729996,0.7427316308021545,0.11762117594480515,-0.007961345836520195,-1.4629789590835571
1790341571851432000,30.889431884765624,0.6686404943466187,0.045776840299367905,-0.035845447331666946,0.7413093447685242,0.1160692423582077,-0.008071457967162132,-1.4673385620117188
1790341571867876400,30.90587646484375,0.669974684715271,0.04588891565799713,-0.03620048984885216,0.7400795817375183,0.11669804900884628,-0.007906418293714523,-1.4709806442260742
1790341571884296400,30.92229638671875,0.6714572310447693,0.04614512622356415,-0.03569725155830383,0.738743245601654,0.11638467013835907,-0.00922688189893961,-1.4749035835266113
1790341571900744000,30.938743896484375,0.672714352607727,0.04665141925215721,-0.03557230904698372,0.7375727891921997,0.11695022881031036,-0.010292003862559795,-1.4782794713974
1790341571917191000,30.95519091796875,0.6741148829460144,0.04665498435497284,-0.03567805513739586,0.7362876534461975,0.1170787587761879,-0.010363201610744,-1.4820828437805176
1790341571933598000,30.971597900390623,0.6753307580947876,0.04694822430610657,-0.03601518273353577,0.7351375818252563,0.11795087903738022,-0.010459122247993946,-1.4854254722595215
1790341571950041000,30.988041015625,0.6767516732215881,0.04701459780335426,-0.03594512119889259,0.7338288426399231,0.11793332546949387,-0.010879499837756157,-1.4892709255218506
1790341571966511900,31.004511962890625,0.6779429912567139,0.04725009575486183,-0.0357603058218956,0.732722282409668,0.11801102012395859,-0.011661257594823837,-1.4924819469451904
1790341571982982400,31.020982421875,0.6792119741439819,0.04692172631621361,-0.03564785420894623,0.7315727472305298,0.11735525727272034,-0.01158185862004757,-1.4959206581115723
1790341571999426300,31.03742626953125,0.6801809072494507,0.047286052256822586,-0.0355054996907711,0.7306554913520813,0.11768047511577606,-0.01244188193231821,-1.4985413551330566
1790341572015890000,31.053889892578123,0.6811361908912659,0.04688236489892006,-0.035752587020397186,0.7297790050506592,0.117409847676754,-0.01168383751064539,-1.5011849403381348
1790341572032334600,31.07033447265625,0.6820642352104187,0.047345176339149475,-0.03563477471470833,0.7288875579833984,0.1179114580154419,-0.012637750245630741,-1.5037035942077637
1790341572048806400,31.086806396484373,0.6828104853630066,0.04757465049624443,-0.03528013825416565,0.7281908392906189,0.11774888634681702,-0.013588015921413898,-1.505694031715393
1790341572065186600,31.1031865234375,0.6834449768066406,0.047497957944869995,-0.034514620900154114,0.7276370525360107,0.1165766641497612,-0.014696773141622543,-1.5073235034942627
1790341572081632000,31.119632080078127,0.683534562587738,0.04813467711210251,-0.033475425094366074,0.7275595664978027,0.11608235538005829,-0.017093533650040627,-1.5074248313903809
1790341572098102500,31.1361025390625,0.6843934655189514,0.04851549118757248,-0.03287971764802933,0.7267535924911499,0.1158016100525856,-0.0186175350099802,-1.509698748588562
1790341572114543900,31.1525439453125,0.6851620674133301,0.04892970994114876,-0.03268701583147049,0.7260099053382874,0.11612173914909363,-0.019588621333241463,-1.5117816925048828
1790341572131936300,31.169936279296873,0.686412513256073,0.04934569075703621,-0.0323622040450573,0.724814236164093,0.11624737083911896,-0.020831329748034477,-1.5151745080947876
1790341572148376600,31.18637646484375,0.6875472068786621,0.050069332122802734,-0.03180179372429848,0.7237130403518677,0.11649570614099503,-0.02282129041850567,-1.5182234048843384
1790341572164820000,31.202820068359376,0.6887577772140503,0.051448751240968704,-0.031014632433652878,0.7224984169006348,0.11737550050020218,-0.026058359071612358,-1.5214579105377197
1790341572181223200,31.21922314453125,0.6879761219024658,0.053016066551208496,-0.029283512383699417,0.7232016324996948,0.1172989010810852,-0.03059658221900463,-1.519086480140686
1790341572197665500,31.23566552734375,0.6872844099998474,0.05394693464040756,-0.028164144605398178,0.7238348126411438,0.11714376509189606,-0.033387597650289536,-1.5170466899871826
1790341572214135300,31.25213525390625,0.6862402558326721,0.055335402488708496,-0.02717944234609604,0.7247576713562012,0.11786404252052307,-0.036557886749506,-1.5140568017959595
1790341572230602800,31.268602783203125,0.6853922009468079,0.0562395304441452,-0.02607864886522293,0.7255306243896484,0.11771740019321442,-0.039260633289813995,-1.5116013288497925
1790341572247040300,31.285040283203124,0.684347927570343,0.05709007382392883,-0.025269556790590286,0.7264779210090637,0.11790968477725983,-0.041435252875089645,-1.5086442232131958
1790341572263506000,31.301505859375,0.6834331154823303,0.0575527548789978,-0.025226175785064697,0.727303683757782,0.1185794249176979,-0.04198507219552994,-1.5061286687850952
1790341572279942400,31.3179423828125,0.6838970184326172,0.05802568048238754,-0.024550234898924828,0.7268528938293457,0.11832047253847122,-0.04369226470589638,-1.5073288679122925
1790341572296412400,31.334412353515624,0.6844470500946045,0.05809120088815689,-0.023720430210232735,0.7263574004173279,0.11724798381328583,-0.045076943933963776,-1.5087544918060303
1790341572312853000,31.35085302734375,0.6848111152648926,0.05827584117650986,-0.023833952844142914,0.725995659828186,0.11765076965093613,-0.04522461071610451,-1.5097647905349731
1790341572329299500,31.367299560546876,0.6853629946708679,0.05803327634930611,-0.02372216247022152,0.7254977822303772,0.11710914224386215,-0.04514229670166969,-1.5112708806991577
1790341572345768200,31.383768310546873,0.6857030391693115,0.05827287212014198,-0.023641224950551987,0.7251598238945007,0.11732693016529083,-0.045644283294677734,-1.5121968984603882
1790341572362209300,31.400209228515624,0.6860319375991821,0.0580008439719677,-0.023788567632436752,0.724865734577179,0.1171114593744278,-0.04510912671685219,-1.5131171941757202
1790341572378694100,31.416694091796874,0.6864170432090759,0.057582806795835495,-0.023859988898038864,0.7245320081710815,0.1165759488940239,-0.04449167102575302,-1.5141854286193848
1790341572395134200,31.43313427734375,0.6867710947990417,0.05702479928731918,-0.024308044463396072,0.7242256999015808,0.11635611206293106,-0.043130312114953995,-1.5152069330215454
1790341572411577300,31.449577392578124,0.6871755123138428,0.05646676570177078,-0.024686237797141075,0.7238729000091553,0.11603881418704987,-0.041878003627061844,-1.5163609981536865
1790341572427962000,31.465962158203126,0.6875063180923462,0.05608145520091057,-0.02503100223839283,0.7235767841339111,0.11593269556760788,-0.04090040922164917,-1.5173091888427734
1790341572444401200,31.482401123046873,0.6877923011779785,0.05581739544868469,-0.0259273461997509,0.7232939004898071,0.11676506698131561,-0.03928546980023384,-1.5181924104690552
1790341572460869000,31.498869140625,0.6882181763648987,0.05526335909962654,-0.026944812387228012,0.722894012928009,0.11733662337064743,-0.03711853176355362,-1.5194790363311768
1790341572477340700,31.515340576171877,0.6886926889419556,0.05420774593949318,-0.02756730280816555,0.7224984765052795,0.11663570255041122,-0.03483733534812927,-1.5208604335784912
1790341572493783300,31.531783203125,0.6890922784805298,0.05392422527074814,-0.028288917616009712,0.7221106886863708,0.11719947308301926,-0.033468324691057205,-1.5220465660095215
1790341572510255600,31.548255615234375,0.6895315647125244,0.05369708687067032,-0.028353625908493996,0.7217055559158325,0.1169387698173523,-0.03313179314136505,-1.5232677459716797
1790341572526696700,31.56469677734375,0.6901589632034302,0.05329889431595802,-0.02826434187591076,0.7211386561393738,0.11620934307575226,-0.032810285687446594,-1.5249922275543213
1790341572543167500,31.58116748046875,0.6910013556480408,0.05345481261610985,-0.028433844447135925,0.7203132510185242,0.11663135141134262,-0.032918091863393784,-1.5273418426513672
1790341572559611100,31.597611083984376,0.6921548843383789,0.0537455715239048,-0.028709912672638893,0.7191723585128784,0.11738163977861404,-0.033111821860075,-1.5305687189102173
1790341572576061000,31.61406103515625,0.6915565729141235,0.05397581309080124,-0.028454365208745003,0.7197405695915222,0.11738869547843933,-0.03370150923728943,-1.5288805961608887
1790341572592532000,31.630531982421875,0.691092312335968,0.054256536066532135,-0.028484715148806572,0.7201641201972961,0.11785886436700821,-0.033971745520830154,-1.5275979042053223
1790341572608972300,31.64697216796875,0.6908098459243774,0.05459478497505188,-0.028555914759635925,0.7204066514968872,0.11846065521240234,-0.03429220989346504,-1.52682363986969
1790341572625453000,31.663453125,0.690072774887085,0.05481097102165222,-0.02829703502357006,0.7211065888404846,0.11845166981220245,-0.034843809902668,-1.5247544050216675
1790341572641892400,31.679892333984377,0.6893378496170044,0.05516711249947548,-0.02823501266539097,0.7217844724655151,0.11891847103834152,-0.03530570864677429,-1.52271568775177
1790341572658332400,31.69633251953125,0.6885437965393066,0.055859703570604324,-0.028206530958414078,0.7224898338317871,0.11992451548576355,-0.036173731088638306,-1.5205186605453491
1790341572674822400,31.712822509765626,0.6890039443969727,0.05611712858080864,-0.027776984497904778,0.722047746181488,0.1196836307644844,-0.03722582384943962,-1.5217386484146118
1790341572691263500,31.729263427734374,0.6893828511238098,0.05672682449221611,-0.028039375320076942,0.7216281294822693,0.12091142684221268,-0.037753961980342865,-1.5228135585784912
1790341572707731700,31.745731689453127,0.6896811127662659,0.05698798969388008,-0.028295857831835747,0.7213125228881836,0.12162885814905167,-0.037795767188072205,-1.5236666202545166
1790341572724199200,31.76219921875,0.689748227596283,0.05775464326143265,-0.02894478477537632,0.7211616039276123,0.12363351881504059,-0.03793369233608246,-1.5239262580871582
1790341572740635400,31.778635498046874,0.6899097561836243,0.0580863431096077,-0.02919013984501362,0.7209705710411072,0.12444509565830231,-0.038067396730184555,-1.5244011878967285
1790341572757101300,31.795101318359375,0.6899058818817139,0.05880683660507202,-0.029558692127466202,0.72090083360672,0.12599962949752808,-0.03853413090109825,-1.5244330167770386
1790341572773538000,31.8115380859375,0.6899209022521973,0.059876590967178345,-0.030560718849301338,0.7207565903663635,0.12893444299697876,-0.03857611492276192,-1.5245951414108276
1790341572790006800,31.8280068359375,0.6899250149726868,0.06031632050871849,-0.031034156680107117,0.7206957936286926,0.13022594153881073,-0.038504619151353836,-1.524665117263794
1790341572806445800,31.84444580078125,0.6897598505020142,0.06125045567750931,-0.03177211806178093,0.7207428812980652,0.1326092779636383,-0.03870681673288345,-1.5243010520935059
1790341572822889200,31.86088916015625,0.6895013451576233,0.062001943588256836,-0.03226008266210556,0.7209042310714722,0.13438768684864044,-0.038997866213321686,-1.523648738861084
1790341572839358000,31.87735791015625,0.6893272995948792,0.062321726232767105,-0.032255109399557114,0.7210433483123779,0.1348547786474228,-0.03941567242145538,-1.5231664180755615
1790341572855797800,31.8937978515625,0.6889788508415222,0.06296007335186005,-0.032609693706035614,0.7213048934936523,0.13629032671451569,-0.039723701775074005,-1.5222495794296265
1790341572872283400,31.910283447265623,0.6886825561523438,0.06319964677095413,-0.03343186154961586,0.7215292453765869,0.13778769969940186,-0.03881460055708885,-1.5215420722961426
1790341572888723700,31.9267236328125,0.6883207559585571,0.06292282044887543,-0.034020233899354935,0.7218710780143738,0.138214573264122,-0.03751451522111893,-1.5206257104873657
1790341572905164300,31.943164306640625,0.6878656148910522,0.0629914179444313,-0.03486328944563866,0.7222586870193481,0.13949833810329437,-0.036306608468294144,-1.5194891691207886
1790341572921555700,31.9595556640625,0.6873667240142822,0.06241888925433159,-0.036005649715662,0.7227271795272827,0.1402609795331955,-0.03377123177051544,-1.518281102180481
1790341572937996800,31.975996826171876,0.6867693662643433,0.061734363436698914,-0.037258319556713104,0.7232901453971863,0.14101342856884003,-0.030902303755283356,-1.5168250799179077
1790341572954465300,31.99246533203125,0.686189591884613,0.06048594415187836,-0.03839372470974922,0.7238863110542297,0.14077796041965485,-0.027427706867456436,-1.515407681465149
1790341572970930700,32.0089306640625,0.6854997277259827,0.06001484394073486,-0.04006003215909004,0.7244884371757507,0.14240491390228271,-0.02423662692308426,-1.5137780904769897
1790341572987368000,32.02536791992188,0.6847368478775024,0.058887042105197906,-0.041110530495643616,0.7252432107925415,0.14222495257854462,-0.021015536040067673,-1.5118584632873535
1790341573003839200,32.04183911132812,0.6840265393257141,0.05785549059510231,-0.04254661500453949,0.7259134650230408,0.14270757138729095,-0.017379935830831528,-1.5101550817489624
1790341573020283100,32.058283203125,0.6832753419876099,0.05678638815879822,-0.044037334620952606,0.7266160249710083,0.14320524036884308,-0.013605433516204357,-1.5083589553833008
1790341573036750600,32.07475048828125,0.6825979351997375,0.055669717490673065,-0.04513774439692497,0.727271318435669,0.14309127628803253,-0.010345479473471642,-1.5067037343978882
1790341573053185800,32.091185791015626,0.6818912029266357,0.05504731088876724,-0.04572727531194687,0.727944552898407,0.14299683272838593,-0.008498815819621086,-1.5048794746398926
1790341573069425000,32.1074248046875,0.6813164949417114,0.054586101323366165,-0.04580563306808472,0.7285122871398926,0.14243482053279877,-0.007640965282917023,-1.5033237934112549
1790341573085888500,32.12388842773437,0.6807101964950562,0.05463462322950363,-0.0454997643828392,0.729094386100769,0.14209415018558502,-0.008033526130020618,-1.5016120672225952
1790341573102324700,32.14032470703125,0.6800945401191711,0.054683491587638855,-0.04549620673060417,0.729665219783783,0.14216765761375427,-0.007985974662005901,-1.4999316930770874
1790341573118802200,32.15680224609375,0.6794285178184509,0.05487450957298279,-0.045320503413677216,0.7302819490432739,0.14221568405628204,-0.008373216725885868,-1.4980838298797607
1790341573135245600,32.17324560546875,0.6788000464439392,0.05531695857644081,-0.044870030134916306,0.7308606505393982,0.14225929975509644,-0.00951097346842289,-1.4962897300720215
1790341573151686400,32.18968627929687,0.6781761646270752,0.05589320883154869,-0.04405777528882027,0.7314451932907104,0.14200946688652039,-0.011359436437487602,-1.4944452047348022
1790341573168171800,32.206171875,0.6775707602500916,0.05627487599849701,-0.04363257437944412,0.7320021986961365,0.14200259745121002,-0.012382451444864273,-1.4927228689193726
1790341573184615700,32.22261572265625,0.6771705746650696,0.05652706325054169,-0.0434703566133976,0.732362687587738,0.14216043055057526,-0.012885152362287045,-1.49160635471344
1790341573201085000,32.2390849609375,0.6767467856407166,0.05656874179840088,-0.042979564517736435,0.7327800393104553,0.1415628045797348,-0.013576716184616089,-1.4903690814971924
1790341573217555500,32.255555419921876,0.6763370633125305,0.05694528669118881,-0.0425092913210392,0.7331564426422119,0.14148765802383423,-0.01469702273607254,-1.4891746044158936
1790341573233932500,32.2719326171875,0.6761453151702881,0.057208094745874405,-0.04201609641313553,0.7333413362503052,0.14121034741401672,-0.015738340094685555,-1.4885691404342651
1790341573250402300,32.28840234375,0.6758445501327515,0.057270634919404984,-0.04224984720349312,0.7336001992225647,0.14162592589855194,-0.015423708595335484,-1.48779296875
1790341573266839800,32.30483984375,0.6755234599113464,0.056465476751327515,-0.042721331119537354,0.7339308857917786,0.1410825550556183,-0.013578914105892181,-1.4870047569274902
1790341573283311000,32.32131103515625,0.6754471659660339,0.05630427598953247,-0.043294865638017654,0.7339800000190735,0.14162319898605347,-0.012506326660513878,-1.4868980646133423
1790341573299750700,32.337750732421874,0.6754157543182373,0.0557880736887455,-0.04368019104003906,0.7340254783630371,0.14138375222682953,-0.011235779151320457,-1.4868813753128052
1790341573316198400,32.35419848632812,0.6752777099609375,0.055698636919260025,-0.04435732960700989,0.7341187000274658,0.14217154681682587,-0.01009717583656311,-1.4866278171539307
1790341573332672800,32.3706728515625,0.6752744317054749,0.054694391787052155,-0.04484415799379349,0.7341675758361816,0.14134865999221802,-0.008021276444196701,-1.4867076873779297
1790341573349111300,32.387111328125,0.6752467751502991,0.0540805459022522,-0.04563555866479874,0.7341897487640381,0.14151573181152344,-0.006025142036378384,-1.486777663230896
1790341573365503000,32.4035029296875,0.6753022074699402,0.053435664623975754,-0.04581766203045845,0.7341746091842651,0.1408102959394455,-0.0048941345885396,-1.486961841583252
1790341573381942300,32.4199423828125,0.6755958199501038,0.052981674671173096,-0.04599783197045326,0.7339260578155518,0.14038296043872833,-0.00407039001584053,-1.4877914190292358
1790341573398379300,32.43637915039063,0.6760167479515076,0.05252169817686081,-0.04590267315506935,0.7335774302482605,0.13957306742668152,-0.0036647773813456297,-1.4889156818389893
1790341573414785500,32.45278564453125,0.6765857934951782,0.052672382444143295,-0.045926399528980255,0.7330403327941895,0.1398245245218277,-0.003942976705729961,-1.490464448928833
1790341573431222300,32.46922216796875,0.6772027611732483,0.05195007100701332,-0.04545164480805397,0.7325515747070312,0.13811179995536804,-0.0037701292894780636,-1.4920532703399658
1790341573447694300,32.4856943359375,0.6778731942176819,0.052107617259025574,-0.04539027437567711,0.7319238185882568,0.13825656473636627,-0.004200277384370565,-1.4938644170761108
1790341573464162800,32.502162841796874,0.678643524646759,0.05192283168435097,-0.044784363359212875,0.7312601804733276,0.1371547281742096,-0.004976158961653709,-1.495850682258606
1790341573480601000,32.51860107421875,0.6798095703125,0.05176966264843941,-0.044164303690195084,0.7302249073982239,0.13607552647590637,-0.005887303967028856,-1.4989162683486938
1790341573497067800,32.53506787109375,0.6810621619224548,0.052109245210886,-0.043851081281900406,0.7290515899658203,0.13613474369049072,-0.007039925549179316,-1.502278208732605
1790341573513508000,32.55150805664063,0.6823813319206238,0.05198761448264122,-0.043672580271959305,0.7278363108634949,0.13569942116737366,-0.007377840578556061,-1.5058519840240479
1790341573529979400,32.5679794921875,0.6838246583938599,0.05210104584693909,-0.04350069537758827,0.726482629776001,0.13561438024044037,-0.008051049895584583,-1.5097733736038208
1790341573546419200,32.58441918945312,0.6851682066917419,0.05214317888021469,-0.04327836632728577,0.7252259254455566,0.1353551149368286,-0.008680623956024647,-1.5134196281433105
1790341573562863400,32.60086328125,0.6865248680114746,0.05216008052229881,-0.04302944242954254,0.7239554524421692,0.1350204348564148,-0.00931572262197733,-1.5171040296554565
1790341573579250000,32.61725,0.6878954172134399,0.05206632241606712,-0.042869582772254944,0.7226694822311401,0.13464580476284027,-0.009671444073319435,-1.5208489894866943
1790341573595689500,32.633689453125,0.6894258260726929,0.05159261077642441,-0.042802080512046814,0.721247673034668,0.13384497165679932,-0.009396888315677643,-1.5250582695007324
1790341573612169200,32.65016918945312,0.6909377574920654,0.050984445959329605,-0.04295622557401657,0.7198335528373718,0.133158877491951,-0.00861159898340702,-1.5292633771896362
1790341573628608800,32.66660888671875,0.6925227046012878,0.050687145441770554,-0.04346059262752533,0.7182996869087219,0.1334114372730255,-0.007768616080284119,-1.5337398052215576
1790341573645048000,32.68304809570313,0.6942476630210876,0.050205297768116,-0.043619610369205475,0.7166568040847778,0.132920041680336,-0.00718930596485734,-1.5385549068450928
1790341573661539300,32.699539306640624,0.6958882808685303,0.04922250285744667,-0.0442289337515831,0.7150947451591492,0.13234210014343262,-0.005250992253422737,-1.543225884437561
1790341573677977600,32.7159775390625,0.697456419467926,0.04832773655653,-0.044369470328092575,0.7136178016662598,0.13124416768550873,-0.0040873028337955475,-1.5476223230361938
1790341573694444800,32.73244482421875,0.699146568775177,0.047475665807724,-0.04452267289161682,0.7120097875595093,0.13023041188716888,-0.002983745886012912,-1.552371621131897
1790341573710914800,32.74891479492187,0.7009789347648621,0.046536535024642944,-0.04441795125603676,0.7102745175361633,0.12873509526252747,-0.0021443830337375402,-1.557484745979309
1790341573727394300,32.76539428710937,0.702577531337738,0.04646812379360199,-0.044629111886024475,0.7086845636367798,0.1289304792881012,-0.002038994338363409,-1.5620100498199463
1790341573743864000,32.78186401367188,0.7043476104736328,0.046002063900232315,-0.04438481852412224,0.7069711685180664,0.1279177963733673,-0.0020453124307096004,-1.5669474601745605
1790341573760303400,32.798303466796874,0.7061313986778259,0.04591147601604462,-0.0439966656267643,0.7052196860313416,0.12723371386528015,-0.0027844456490129232,-1.5719108581542969
1790341573776771000,32.81477099609375,0.707771897315979,0.04598073288798332,-0.043819744139909744,0.703579843044281,0.1270734667778015,-0.003426372306421399,-1.5765187740325928
1790341573793212700,32.831212646484374,0.7095459699630737,0.04574888199567795,-0.043189335614442825,0.7018449306488037,0.12583990395069122,-0.004297452047467232,-1.5814381837844849
1790341573809662000,32.84766186523437,0.7111794948577881,0.04608646407723427,-0.042920976877212524,0.7001839876174927,0.12592141330242157,-0.005446364171802998,-1.5860340595245361
1790341573826137900,32.86413793945312,0.7128843069076538,0.046383485198020935,-0.0422041155397892,0.6984721422195435,0.12529927492141724,-0.0071753840893507,-1.5907686948776245
1790341573842584300,32.88058422851562,0.7145607471466064,0.04701611399650574,-0.04126424342393875,0.6967709064483643,0.12482025474309921,-0.00968844722956419,-1.5953994989395142
1790341573859074600,32.89707446289062,0.7163849472999573,0.04786024987697601,-0.040247753262519836,0.6948972344398499,0.12451306730508804,-0.01263695303350687,-1.6004575490951538
1790341573875516000,32.913515869140625,0.7183935046195984,0.04928525537252426,-0.038900427520275116,0.6927976012229919,0.12452034652233124,-0.016912972554564476,-1.606013536453247
1790341573891958500,32.92995849609375,0.7204496264457703,0.05039927735924721,-0.03717795014381409,0.6906735897064209,0.12353038042783737,-0.021266227588057518,-1.6116766929626465
1790341573908314600,32.94631469726563,0.7225402593612671,0.05193706601858139,-0.036122020334005356,0.6884282231330872,0.12406682223081589,-0.02532111294567585,-1.6175668239593506
1790341573924757200,32.96275732421875,0.7246221303939819,0.05301126092672348,-0.034916821867227554,0.6862167716026306,0.12372441589832306,-0.02890927717089653,-1.623435378074646
1790341573941223000,32.979222900390624,0.72678542137146,0.05370726063847542,-0.03398085758090019,0.6839179396629333,0.12322928756475449,-0.03159233182668686,-1.6296030282974243
1790341573957692200,32.99569213867188,0.7289355993270874,0.05437810719013214,-0.03354356810450554,0.6815942525863647,0.12341214716434479,-0.033556368201971054,-1.6358232498168945
1790341573974135600,33.012135498046874,0.7311620116233826,0.05460706353187561,-0.033432554453611374,0.6791925430297852,0.1234530434012413,-0.03444574773311615,-1.6423308849334717
1790341573990602000,33.02860205078125,0.7333886623382568,0.05480534955859184,-0.0332908071577549,0.6767786145210266,0.1234021708369255,-0.035333581268787384,-1.648858666419983
1790341574007045000,33.045045166015626,0.7355703711509705,0.05466092750430107,-0.03273661807179451,0.6744455099105835,0.12227647006511688,-0.03626373037695885,-1.65522301197052
1790341574023516400,33.06151635742187,0.73794025182724,0.05476478487253189,-0.03257763013243675,0.6718510389328003,0.12205466628074646,-0.037060126662254333,-1.6622205972671509
1790341574039959600,33.07795947265625,0.7401782274246216,0.05484761670231819,-0.03244737535715103,0.6693841814994812,0.12184988707304001,-0.03776347637176514,-1.6688563823699951
1790341574056386800,33.09438671875,0.7424696683883667,0.05477714166045189,-0.032285772264003754,0.6668552756309509,0.12138589471578598,-0.03829021006822586,-1.6756722927093506
1790341574072808700,33.11080859375,0.7447249889373779,0.05417367443442345,-0.03233405202627182,0.664382815361023,0.12052121013402939,-0.03773355111479759,-1.6824289560317993
1790341574089253000,33.12725317382812,0.7467519640922546,0.0536062978208065,-0.032704755663871765,0.6621316075325012,0.12020380049943924,-0.036759793758392334,-1.6885639429092407
1790341574105717200,33.14371728515625,0.7485336065292358,0.052651066333055496,-0.03327139467000961,0.6601654291152954,0.11968457698822021,-0.03490002453327179,-1.6940016746520996
1790341574122127600,33.160127685546875,0.7502756714820862,0.051093753427267075,-0.033978238701820374,0.6582716107368469,0.11859135329723358,-0.031940411776304245,-1.6993516683578491
1790341574138572800,33.17657275390625,0.7519723773002625,0.05000167340040207,-0.03451601415872574,0.6563885807991028,0.1178765594959259,-0.029892370104789734,-1.7045620679855347
1790341574155070000,33.193070068359376,0.7536107301712036,0.04847504943609238,-0.03504283353686333,0.6545937657356262,0.11658717691898346,-0.027188345789909363,-1.7096071243286133
1790341574171513000,33.20951318359375,0.7549622654914856,0.047424424439668655,-0.03551435470581055,0.6530863046646118,0.11586430668830872,-0.02522209659218788,-1.7137870788574219
1790341574187976400,33.2259765625,0.7562916874885559,0.04611169174313545,-0.035790830850601196,0.6516253352165222,0.11451230943202972,-0.023105408996343613,-1.717881441116333
1790341574204450000,33.24244995117188,0.7576093673706055,0.04532682150602341,-0.036123573780059814,0.6501297354698181,0.11394495517015457,-0.021711736917495728,-1.7219605445861816
1790341574220893200,33.25889306640625,0.7588047385215759,0.044638801366090775,-0.036107372492551804,0.6487827301025391,0.11298348754644394,-0.020894110202789307,-1.7256245613098145
1790341574237364700,33.27536474609375,0.7599775791168213,0.043985504657030106,-0.03577781096100807,0.6474714875221252,0.11159432679414749,-0.02052721381187439,-1.7291828393936157
1790341574253730000,33.29172998046875,0.7610507607460022,0.043686941266059875,-0.03536480292677879,0.6462527513504028,0.11054325848817825,-0.02078825607895851,-1.7324317693710327
1790341574270200300,33.308200439453124,0.7621901035308838,0.043440330773591995,-0.0349336676299572,0.6449486613273621,0.10952909290790558,-0.021160319447517395,-1.73589026927948
1790341574286642200,33.32464208984375,0.7633176445960999,0.0432070754468441,-0.0342257097363472,0.6436675786972046,0.1081085130572319,-0.021903235465288162,-1.7392830848693848
1790341574303088000,33.34108813476563,0.7643842101097107,0.04304051026701927,-0.03375781700015068,0.6424365043640137,0.10714122653007507,-0.022426346316933632,-1.7425278425216675
1790341574319556400,33.35755639648438,0.7654626369476318,0.042999472469091415,-0.03335542604327202,0.6411750912666321,0.10643412172794342,-0.023057686164975166,-1.7458261251449585
1790341574335993300,33.37399340820313,0.7665154933929443,0.042695384472608566,-0.03255903720855713,0.6399773359298706,0.10478338599205017,-0.02378149889409542,-1.7490003108978271
1790341574352477000,33.39047680664063,0.7674732804298401,0.04267377033829689,-0.0319218784570694,0.6388620734214783,0.10374129563570023,-0.024717120453715324,-1.751908302307129
1790341574368916000,33.406916015625,0.7690183520317078,0.04264099523425102,-0.03141391649842262,0.637028694152832,0.10285764932632446,-0.025563066825270653,-1.756677508354187
1790341574385356800,33.42335668945312,0.7711641192436218,0.04244687035679817,-0.030923055484890938,0.6344666481018066,0.10176625847816467,-0.026230720803141594,-1.763350486755371
1790341574401762600,33.43976245117187,0.7731258869171143,0.042422037571668625,-0.030526986345648766,0.6320956945419312,0.10104060173034668,-0.027006477117538452,-1.769484043121338
1790341574418204000,33.456203857421876,0.7750133872032166,0.04265120252966881,-0.03012789785861969,0.6297836899757385,0.10063071548938751,-0.028166113421320915,-1.7754085063934326
1790341574434675700,33.47267578125,0.7768924236297607,0.042784206569194794,-0.029642539098858833,0.627478301525116,0.0999596118927002,-0.029281537979841232,-1.7813185453414917
1790341574451144400,33.48914453125,0.7786485552787781,0.0426471009850502,-0.02894635684788227,0.6253397464752197,0.09862066060304642,-0.030216190963983536,-1.786833643913269
1790341574467584800,33.505584716796875,0.7802953720092773,0.04264209792017937,-0.028663162142038345,0.6232970952987671,0.09809260815382004,-0.030820412561297417,-1.7920665740966797
1790341574484055800,33.52205590820312,0.7817361950874329,0.04290613904595375,-0.028045617043972015,0.6214990615844727,0.09738514572381973,-0.03222749009728432,-1.7966231107711792
1790341574500494800,33.53849487304687,0.7831016778945923,0.04270390793681145,-0.027371084317564964,0.6198217272758484,0.09600577503442764,-0.032958585768938065,-1.8009413480758667
1790341574516964000,33.554964111328125,0.7842921018600464,0.04285537824034691,-0.026795145124197006,0.6183294653892517,0.09522703289985657,-0.03409241512417793,-1.804722785949707
1790341574533401600,33.57140161132813,0.7854116559028625,0.042755965143442154,-0.026410596445202827,0.6169301867485046,0.09443796426057816,-0.03458197042346001,-1.8083016872406006
1790341574549846500,33.58784643554687,0.7865803241729736,0.0427437461912632,-0.026143621653318405,0.6154516935348511,0.09393730759620667,-0.035069696605205536,-1.8120613098144531
1790341574566318800,33.60431884765625,0.7875823974609375,0.04256419092416763,-0.025931382551789284,0.6141903400421143,0.09332436323165894,-0.03519927337765694,-1.8152918815612793
1790341574582759000,33.62075903320312,0.7885226607322693,0.042271751910448074,-0.025882912799715996,0.6130051016807556,0.0928339809179306,-0.03493886440992355,-1.8183422088623047
1790341574599253200,33.63725317382813,0.789459228515625,0.04191955178976059,-0.025777552276849747,0.6118272542953491,0.09218145161867142,-0.03465166687965393,-1.8213801383972168
1790341574615691000,33.65369091796875,0.7903517484664917,0.04128574579954147,-0.02581685781478882,0.6107153296470642,0.09141567349433899,-0.033733416348695755,-1.8242899179458618
1790341574632137500,33.670137451171875,0.7912006378173828,0.040190257132053375,-0.026009541004896164,0.6096801161766052,0.09033259004354477,-0.03188752010464668,-1.8270710706710815
1790341574648640300,33.68664013671875,0.7918656468391418,0.03924708813428879,-0.026523977518081665,0.6088555455207825,0.08995980769395828,-0.02986273728311062,-1.8292887210845947
1790341574665085400,33.70308544921875,0.7924941182136536,0.03803034499287605,-0.02652261219918728,0.6081146001815796,0.08844158053398132,-0.028023740276694298,-1.8313357830047607
1790341574681558300,33.71955834960937,0.7930061221122742,0.03689335659146309,-0.026635944843292236,0.6075120568275452,0.08721155673265457,-0.02615298144519329,-1.8330159187316895
1790341574698028800,33.73602880859375,0.7932440638542175,0.03609286993741989,-0.026741093024611473,0.6072447299957275,0.08639276772737503,-0.02478667162358761,-1.833800196647644
1790341574714470000,33.752469970703125,0.7936214208602905,0.034802816808223724,-0.02670964039862156,0.6068281531333923,0.08475683629512787,-0.0228261798620224,-1.8350249528884888
1790341574730943700,33.76894384765625,0.7938692569732666,0.0342460535466671,-0.02685568481683731,0.6065292358398438,0.08430209755897522,-0.021797990426421165,-1.8358503580093384
1790341574747384000,33.78538403320312,0.7940824031829834,0.03391291946172714,-0.02659088931977749,0.6062803864479065,0.08346856385469437,-0.021617919206619263,-1.8365216255187988
1790341574763857000,33.80185693359375,0.7942175269126892,0.03351938724517822,-0.026124704629182816,0.6061456203460693,0.08224445581436157,-0.021574294194579124,-1.836915373802185
1790341574780300800,33.81830078125,0.794373095035553,0.033315032720565796,-0.02598017267882824,0.6059591770172119,0.08176084607839584,-0.02144492417573929,-1.8374115228652954
1790341574796764400,33.83476440429688,0.7945132851600647,0.032947417348623276,-0.02569630742073059,0.6058077216148376,0.08085798472166061,-0.021221870556473732,-1.8378416299819946
1790341574813238500,33.85123852539063,0.7947497367858887,0.032718874514102936,-0.025156138464808464,0.6055324077606201,0.07971321791410446,-0.021542584523558617,-1.8385660648345947
1790341574829680000,33.86768017578125,0.7949404716491699,0.032213203608989716,-0.02430947870016098,0.6053438782691956,0.07774604111909866,-0.021785691380500793,-1.8391096591949463
1790341574846141200,33.88414111328125,0.7950477004051208,0.03223852068185806,-0.023919066414237022,0.6052170991897583,0.07715190947055817,-0.02231171913444996,-1.8394274711608887
1790341574862579000,33.90057885742188,0.7954717874526978,0.032048411667346954,-0.02330455556511879,0.6046938300132751,0.07592783868312836,-0.022804947569966316,-1.8407701253890991
1790341574879019800,33.91701977539063,0.795779287815094,0.031655315309762955,-0.022497937083244324,0.6043402552604675,0.07415582239627838,-0.02319054864346981,-1.8417117595672607
1790341574895429000,33.93342919921875,0.7960352897644043,0.03165118023753166,-0.022193539887666702,0.60401451587677,0.07365626841783524,-0.023582659661769867,-1.8425322771072388
1790341574911872500,33.94987255859375,0.7962336540222168,0.031723275780677795,-0.021700328215956688,0.6037670969963074,0.07295023649930954,-0.024316787719726562,-1.8431482315063477
1790341574928345300,33.96634545898438,0.7965790629386902,0.031402334570884705,-0.020861752331256866,0.60335773229599,0.07121190428733826,-0.02485724352300167,-1.844220757484436
1790341574944818200,33.98281811523437,0.7968594431877136,0.03132111579179764,-0.020303234457969666,0.6030107140541077,0.07021194696426392,-0.025433659553527832,-1.8451054096221924
1790341574961261000,33.999260986328125,0.7972560524940491,0.031316690146923065,-0.019983133301138878,0.6024971604347229,0.06967942416667938,-0.025858161970973015,-1.8463959693908691
1790341574977729300,34.015729248046874,0.7975847721099854,0.03112688846886158,-0.019199635833501816,0.6020972728729248,0.06818631291389465,-0.02653568424284458,-1.8474273681640625
1790341574994174700,34.0321748046875,0.797914981842041,0.030903339385986328,-0.018571076914668083,0.6016907691955566,0.06689898669719696,-0.02697165310382843,-1.8484772443771362
1790341575010649300,34.0486494140625,0.7982887625694275,0.030476316809654236,-0.018091095611453056,0.6012312173843384,0.06560123711824417,-0.026907185092568398,-1.8496816158294678
1790341575027094300,34.06509423828125,0.798516571521759,0.030029624700546265,-0.017754346132278442,0.6009611487388611,0.0645151436328888,-0.0266221072524786,-1.8504114151000977
1790341575043541200,34.08154125976562,0.7986843585968018,0.02939566969871521,-0.017354797571897507,0.600781261920929,0.06310611218214035,-0.026105813682079315,-1.8509360551834106
1790341575059939600,34.09793969726562,0.7987819910049438,0.028466088697314262,-0.016989974305033684,0.6007065773010254,0.06139995530247688,-0.02506704442203045,-1.851227045059204
1790341575076380200,34.11438012695312,0.7988554239273071,0.027279332280158997,-0.016661861911416054,0.6006731390953064,0.059444259852170944,-0.023570001125335693,-1.8514379262924194
1790341575092882000,34.1308818359375,0.7989165186882019,0.02608117088675499,-0.01645715720951557,0.6006508469581604,0.05767294019460678,-0.021905094385147095,-1.8516160249710083
1790341575109324000,34.14732397460938,0.7989145517349243,0.025123383849859238,-0.01623702049255371,0.6007002592086792,0.05616871267557144,-0.02063717506825924,-1.8515866994857788
1790341575125769200,34.163769287109375,0.7988877892494202,0.024443577975034714,-0.01600959710776806,0.600770115852356,0.05498818680644035,-0.019820474088191986,-1.8514776229858398
1790341575142266000,34.18026611328125,0.7988967895507812,0.023756707087159157,-0.015794381499290466,0.6007913947105408,0.05381747707724571,-0.018981195986270905,-1.851488709449768
1790341575158710800,34.19671069335938,0.7987633943557739,0.023097708821296692,-0.015423561446368694,0.601003885269165,0.05243603512644768,-0.01836100034415722,-1.8510175943374634
1790341575175184000,34.213183837890625,0.7986099720001221,0.02278256230056286,-0.015141610987484455,0.6012269258499146,0.05161089822649956,-0.018182676285505295,-1.8504886627197266
1790341575191654000,34.22965380859375,0.7984197735786438,0.02265395037829876,-0.014545867219567299,0.6014990210533142,0.050510358065366745,-0.018677158281207085,-1.8498224020004272
1790341575208094500,34.246094482421874,0.7981715798377991,0.022575274109840393,-0.01402283739298582,0.6018438339233398,0.04958825930953026,-0.019159939140081406,-1.8489693403244019
1790341575224563000,34.26256298828125,0.7979835271835327,0.02248401939868927,-0.013759894296526909,0.6021025776863098,0.04906454682350159,-0.019315220415592194,-1.8483306169509888
1790341575241026800,34.27902685546875,0.7977800965309143,0.022393522784113884,-0.013519538566470146,0.6023808121681213,0.048578377813100815,-0.01944361813366413,-1.8476426601409912
1790341575257519600,34.29551953125,0.7975641489028931,0.022459933534264565,-0.013136597350239754,0.6026727557182312,0.04805463179945946,-0.019993668422102928,-1.8469080924987793
1790341575273961000,34.3119609375,0.7973797917366028,0.022448839619755745,-0.012551001273095608,0.602929413318634,0.04711344838142395,-0.020667236298322678,-1.8462694883346558
1790341575290412500,34.32841259765625,0.7972375154495239,0.022427385672926903,-0.012027046643197536,0.6031292080879211,0.046256985515356064,-0.021253781393170357,-1.8457744121551514
1790341575306883300,34.34488330078125,0.7970759272575378,0.02236635610461235,-0.011446066200733185,0.6033563613891602,0.04526278376579285,-0.02184499241411686,-1.8452142477035522
1790341575323346400,34.36134643554688,0.7969520688056946,0.022291211411356926,-0.010906379669904709,0.6035325527191162,0.04431625455617905,-0.02236720733344555,-1.8447822332382202
1790341575339819800,34.37781982421875,0.7968284487724304,0.02211294323205948,-0.009866958484053612,0.6037203669548035,0.04244891181588173,-0.023328792303800583,-1.8443340063095093
1790341575356262100,34.39426220703125,0.7966581583023071,0.022136902436614037,-0.008983616717159748,0.6039578318595886,0.04107705131173134,-0.024422066286206245,-1.843743085861206
1790341575372717000,34.41071704101562,0.7964872121810913,0.021944567561149597,-0.007925313897430897,0.6042051315307617,0.03916548937559128,-0.02538282796740532,-1.843146800994873
1790341575389216300,34.42721630859375,0.7963808178901672,0.021802200004458427,-0.0071228304877877235,0.6043605804443359,0.03771955892443657,-0.026119161397218704,-1.8427748680114746
1790341575405659100,34.4436591796875,0.7963384389877319,0.021223900839686394,-0.005925140343606472,0.6044498085975647,0.03511407598853111,-0.026643067598342896,-1.8426061868667603
1790341575422134800,34.460134765625,0.7963753938674927,0.021018588915467262,-0.005121455993503332,0.6044156551361084,0.033583950251340866,-0.02728978358209133,-1.842714786529541
1790341575438641000,34.476640869140624,0.7966545224189758,0.020569585263729095,-0.004107223823666573,0.6040709614753723,0.03141237050294876,-0.027815185487270355,-1.843623161315918
1790341575455100400,34.493100341796875,0.7968140244483948,0.020016299560666084,-0.003304479643702507,0.6038841605186462,0.02945689484477043,-0.027911115437746048,-1.844139575958252
1790341575471590000,34.50958984375,0.796972930431366,0.019455045461654663,-0.0025946719106286764,0.6036960482597351,0.02763989567756653,-0.027881113812327385,-1.844657063484192
1790341575488061700,34.52606176757813,0.7973000407218933,0.01884898915886879,-0.0022454492282122374,0.6032847166061401,0.026336098089814186,-0.027350720018148422,-1.8457332849502563
1790341575504562000,34.54256201171875,0.79764324426651,0.018207643181085587,-0.001927092089317739,0.6028515696525574,0.025038834661245346,-0.02672608755528927,-1.8468639850616455
1790341575521024500,34.5590244140625,0.7980104684829712,0.01743992231786251,-0.001505283173173666,0.602389395236969,0.023423785343766212,-0.02602388523519039,-1.8480743169784546
1790341575537547800,34.5755478515625,0.7983686327934265,0.017248079180717468,-0.0013958867639303207,0.6019204258918762,0.02300252765417099,-0.025863107293844223,-1.8492618799209595
1790341575554035500,34.59203540039063,0.798791766166687,0.01644102856516838,-0.0012089669471606612,0.6013817191123962,0.021714484319090843,-0.024814361706376076,-1.8506598472595215
1790341575570490600,34.60849072265625,0.7991682291030884,0.015513215214014053,-0.0009557593148201704,0.6009064316749573,0.020178616046905518,-0.02364889718592167,-1.8519030809402466
1790341575586988500,34.62498852539063,0.7994912266731262,0.015353682450950146,-0.0008772368310019374,0.6004809737205505,0.01984865963459015,-0.0234989020973444,-1.8529770374298096
1790341575603516200,34.64151611328125,0.7999030351638794,0.014856076799333096,-0.0004835266445297748,0.5999451279640198,0.01860528625547886,-0.023188741877675056,-1.8543461561203003
1790341575620026400,34.6580263671875,0.800195038318634,0.014670327305793762,-0.00018572011322248727,0.5995603799819946,0.01789451204240322,-0.02325764112174511,-1.855319857597351
1790341575636535600,34.67453564453125,0.8005844950675964,0.014324733056128025,0.00011789350537583232,0.5990487337112427,0.016978995874524117,-0.023079615086317062,-1.8566182851791382
1790341575653021000,34.69102099609375,0.8009076714515686,0.014102436602115631,0.00034417424467392266,0.5986217260360718,0.016337795183062553,-0.023003587499260902,-1.8576973676681519
1790341575669521000,34.70752099609375,0.801234781742096,0.013866651803255081,0.0006881367298774421,0.5981889367103577,0.015491770580410957,-0.02304619923233986,-1.858791708946228
1790341575686009900,34.724009765625,0.8015804290771484,0.013712244108319283,0.0010516121983528137,0.5977288484573364,0.014711008407175541,-0.023242181167006493,-1.8599504232406616
1790341575702521600,34.740521484375,0.8019096851348877,0.013524003326892853,0.0014713675482198596,0.5972903370857239,0.013799937441945076,-0.02344987355172634,-1.8610563278198242
1790341575719005700,34.75700561523438,0.8022370338439941,0.013404401019215584,0.002060436177998781,0.5968515872955322,0.012698948383331299,-0.023968856781721115,-1.8621608018875122
1790341575735426300,34.77342626953125,0.8025901913642883,0.013338539749383926,0.0023572691716253757,0.5963769555091858,0.012129608541727066,-0.024224774911999702,-1.863349437713623
1790341575751890700,34.789890625,0.8029130697250366,0.01311354711651802,0.0026747428346425295,0.5959458351135254,0.011338330805301666,-0.024248458445072174,-1.8644362688064575
1790341575768347400,34.806347412109375,0.8031958937644958,0.01291492860764265,0.002816816559061408,0.5955682992935181,0.010861901566386223,-0.024103982374072075,-1.8653863668441772
1790341575784847400,34.822847412109375,0.8035673499107361,0.012771032750606537,0.0031343065202236176,0.595068633556366,0.010165194980800152,-0.02425740286707878,-1.8666393756866455
1790341575801331200,34.83933129882813,0.8038985729217529,0.012338163331151009,0.0036969499196857214,0.5946269631385803,0.008731938898563385,-0.024236248806118965,-1.8677610158920288
1790341575817813800,34.855813720703125,0.804183304309845,0.012119625695049763,0.003993897698819637,0.5942444205284119,0.00798281840980053,-0.02424187958240509,-1.86872398853302
1790341575834311400,34.8723115234375,0.804522693157196,0.011675254441797733,0.004312096629291773,0.5937914848327637,0.006929009687155485,-0.02390926517546177,-1.8698698282241821
1790341575850801700,34.8888017578125,0.8048054575920105,0.010944710113108158,0.004731594584882259,0.5934189558029175,0.005375046748667955,-0.023234449326992035,-1.8708255290985107
1790341575867315000,34.90531494140625,0.8051251769065857,0.010269313119351864,0.004952466115355492,0.5929953455924988,0.00420566787943244,-0.022411620244383812,-1.871902346611023
1790341575883779300,34.921779296875,0.8053269982337952,0.010059413500130177,0.005063171964138746,0.5927240252494812,0.003770832670852542,-0.02220618724822998,-1.8725841045379639
1790341575900242400,34.938242431640624,0.8056809902191162,0.009316645562648773,0.005411687307059765,0.5922516584396362,0.0023159440606832504,-0.021424289792776108,-1.8737815618515015
1790341575916727600,34.9547275390625,0.8059064149856567,0.008684503845870495,0.006227906793355942,0.5919466018676758,0.00024335987109225243,-0.0213725995272398,-1.8745626211166382
1790341575933200100,34.9712001953125,0.8062071204185486,0.008201547898352146,0.006574160885065794,0.5915400385856628,-0.0008973811054602265,-0.021003594622015953,-1.875585913658142
1790341575949641000,34.98764086914063,0.8063788414001465,0.007885553874075413,0.0066676088608801365,0.5913093686103821,-0.0014279372990131378,-0.02060418389737606,-1.876166582107544
1790341575966081300,35.004081298828126,0.8065847754478455,0.0077680260874331,0.0065699233673512936,0.5910309553146362,-0.0014164054300636053,-0.020298592746257782,-1.8768585920333862
1790341575982561800,35.02056176757812,0.8068196177482605,0.007621028460562229,0.006668583024293184,0.590711236000061,-0.0017573918448761106,-0.02017737366259098,-1.8776556253433228
1790341575999029000,35.037029052734376,0.8069750070571899,0.007642867509275675,0.006805825047194958,0.5904970169067383,-0.001958488253876567,-0.020374255254864693,-1.8781870603561401
1790341576015523000,35.053523193359375,0.8071482181549072,0.0075910440646111965,0.007152221631258726,0.5902566909790039,-0.002585033653303981,-0.020698968321084976,-1.8787862062454224
1790341576032009000,35.07000903320313,0.8072901368141174,0.0075292098335921764,0.0075484453700482845,0.590058445930481,-0.003302962752059102,-0.02106611803174019,-1.8792818784713745
1790341576048498000,35.08649780273438,0.807298481464386,0.007632846478372812,0.007751808036118746,0.5900430679321289,-0.003509445581585169,-0.021473422646522522,-1.879319429397583
1790341576064908500,35.10290844726563,0.8074031472206116,0.007748347707092762,0.007911941967904568,0.5898962616920471,-0.003635687055066228,-0.021848266944289207,-1.8796820640563965
1790341576081410000,35.11941015625,0.8074551224708557,0.007865720428526402,0.008221414871513844,0.5898193120956421,-0.003999154083430767,-0.022402605041861534,-1.8798729181289673
1790341576097869300,35.13586938476563,0.8074650764465332,0.007999205961823463,0.008623583242297173,0.5897982716560364,-0.004491861909627914,-0.023092560470104218,-1.8799257278442383
1790341576114381000,35.15238110351562,0.8073390126228333,0.008100487291812897,0.008697875775396824,0.5899681448936462,-0.004487447440624237,-0.023344736546278,-1.8795028924942017
1790341576130939000,35.16893896484375,0.8074263334274292,0.007981620728969574,0.008980064652860165,0.5898459553718567,-0.005087052471935749,-0.023485010489821434,-1.8798106908798218
1790341576147400400,35.185400390625,0.8074932098388672,0.0077857039868831635,0.009443707764148712,0.5897499322891235,-0.006069967523217201,-0.023714879527688026,-1.8800570964813232
1790341576163843600,35.20184350585937,0.8074843883514404,0.007797483820468187,0.009554746560752392,0.5897600054740906,-0.006235144566744566,-0.023864973336458206,-1.8800327777862549
1790341576180369400,35.21836938476562,0.8074985146522522,0.007840875536203384,0.009588629007339478,0.5897396206855774,-0.006239291280508041,-0.02397487685084343,-1.8800827264785767
1790341576196873000,35.234873046875,0.8074620366096497,0.007246169727295637,0.010020623914897442,0.5897899866104126,-0.007637298200279474,-0.023524312302470207,-1.8799734115600586
1790341576213361400,35.251361328125,0.8074162006378174,0.006991810631006956,0.010124154388904572,0.5898540616035461,-0.008102793246507645,-0.023236241191625595,-1.8798202276229858
1790341576229851600,35.2678515625,0.807523787021637,0.006529568694531918,0.010137740522623062,0.5897117853164673,-0.00867411307990551,-0.022504154592752457,-1.8801803588867188
1790341576246323200,35.2843232421875,0.8075246810913086,0.0056620193645358086,0.010057837702333927,0.5897209048271179,-0.009568139910697937,-0.021008621901273727,-1.8801695108413696
1790341576262822000,35.30082177734375,0.8075506091117859,0.0052835214883089066,0.010140074416995049,0.5896874070167542,-0.010148298926651478,-0.020493805408477783,-1.8802576065063477
1790341576279377200,35.31737719726563,0.807630181312561,0.0046338425017893314,0.009789209812879562,0.5895898938179016,-0.010350048542022705,-0.019029250368475914,-1.880503535270691
1790341576295868400,35.333868408203124,0.8076640367507935,0.004291216377168894,0.009738858789205551,0.5895470976829529,-0.010673715732991695,-0.018415795639157295,-1.8806126117706299
1790341576312359200,35.350359130859374,0.8075621724128723,0.003688309108838439,0.00950733944773674,0.5896943211555481,-0.011007430963218212,-0.017170770093798637,-1.8802506923675537
1790341576328861400,35.366861328125,0.8073616623878479,0.0033010151237249374,0.009425836615264416,0.5899724960327148,-0.011326877400279045,-0.016452938318252563,-1.8795636892318726
1790341576345325600,35.38332568359375,0.8070347309112549,0.0029326188378036022,0.009269471280276775,0.5904240012168884,-0.011500260792672634,-0.01567993126809597,-1.8784456253051758
1790341576361806000,35.39980615234375,0.8067116737365723,0.002825808711349964,0.00915362685918808,0.5908675789833069,-0.01143091730773449,-0.01537699531763792,-1.8773456811904907
1790341576378317300,35.4163173828125,0.8063257932662964,0.002525766147300601,0.009057430550456047,0.5913970470428467,-0.01162055041640997,-0.01478679571300745,-1.8760335445404053
1790341576394805200,35.43280517578125,0.8057565093040466,0.0022978417109698057,0.009000989608466625,0.592174232006073,-0.011785255745053291,-0.014363803900778294,-1.874105453491211
1790341576411306200,35.44930615234375,0.8051657676696777,0.002193666063249111,0.00900028645992279,0.5929775834083557,-0.011893334798514843,-0.014206944033503532,-1.8721107244491577
1790341576427796500,35.46579638671875,0.8046026825904846,0.0021821169648319483,0.009331426583230495,0.5937362313270569,-0.012426620349287987,-0.01459280401468277,-1.8702272176742554
1790341576444278800,35.48227880859375,0.8038608431816101,0.002166697522625327,0.009486445225775242,0.5947378873825073,-0.012676051817834377,-0.014767879620194435,-1.8677372932434082
1790341576460756500,35.49875659179688,0.8033934235572815,0.0021508897189050913,0.009386293590068817,0.5953707098960876,-0.012522288598120213,-0.01463319268077612,-1.866161584854126
1790341576477247500,35.51524755859375,0.8026004433631897,0.0020849709399044514,0.00963647197932005,0.5964354872703552,-0.012983166612684727,-0.014842409640550613,-1.8635109663009644
1790341576493748200,35.531748291015624,0.8018182516098022,0.0021106733474880457,0.009950174018740654,0.5974814295768738,-0.013436256907880306,-0.015275435522198677,-1.8609050512313843
1790341576510241300,35.5482412109375,0.8010261654853821,0.0021858601830899715,0.010311243124306202,0.5985366106033325,-0.013904710300266743,-0.01584583893418312,-1.8582737445831299
1790341576526761700,35.56476171875,0.8002451658248901,0.0019236429361626506,0.010509511455893517,0.5995778441429138,-0.014515918679535389,-0.015681955963373184,-1.855673909187317
1790341576543244800,35.58124487304688,0.7995821833610535,0.0018086181953549385,0.010471240617334843,0.600462794303894,-0.014575479552149773,-0.01546807587146759,-1.8534612655639648
1790341576559730000,35.59772998046875,0.7989270687103271,0.0017166355391964316,0.010338194668293,0.6013367772102356,-0.014456542208790779,-0.015176989138126373,-1.851273775100708
1790341576576242200,35.6142421875,0.79840487241745,0.0014550377381965518,0.010246207006275654,0.6020320653915405,-0.014611376449465752,-0.014661034569144249,-1.849531888961792
1790341576592733700,35.63073364257812,0.7980676293373108,0.001345447264611721,0.010162623599171638,0.6024807095527649,-0.01460174098610878,-0.014393582940101624,-1.8484071493148804
1790341576609187600,35.6471875,0.7979128956794739,0.000919611775316298,0.010213018395006657,0.6026855707168579,-0.015191751532256603,-0.013778453692793846,-1.8478933572769165
1790341576625683000,35.66368286132813,0.7979715466499329,0.00046007850323803723,0.009976289235055447,0.6026124954223633,-0.015368946827948093,-0.012758279219269753,-1.8480740785598755
1790341576642171400,35.68017138671875,0.7981119155883789,0.00008482316479785368,0.00977844838052988,0.6024298667907715,-0.015508114360272884,-0.011917337775230408,-1.8485289812088013
1790341576658674000,35.696673828125,0.7983363270759583,-0.000579454586841166,0.009754032827913761,0.6021327376365662,-0.016273485496640205,-0.010821457020938396,-1.8492696285247803
1790341576675196200,35.71319604492187,0.7985803484916687,-0.0010125070111826062,0.009603413753211498,0.6018108129501343,-0.016558445990085602,-0.009941903874278069,-1.8500717878341675
1790341576691709400,35.72970947265625,0.7988304495811462,-0.001618443988263607,0.009569629095494747,0.6014779210090637,-0.017237478867173195,-0.00892623420804739,-1.8508989810943604
1790341576708198000,35.746197998046874,0.7992303967475891,-0.002001812681555748,0.009643979370594025,0.6009440422058105,-0.017823047935962677,-0.008391262963414192,-1.8522310256958008
1790341576724688000,35.76268798828125,0.7995805144309998,-0.0023258149158209562,0.009747144766151905,0.6004752516746521,-0.018382064998149872,-0.007986570708453655,-1.8533999919891357
1790341576741191400,35.77919140625,0.7998923659324646,-0.0026561757549643517,0.00980462972074747,0.6000575423240662,-0.018874667584896088,-0.007517445832490921,-1.8544402122497559
1790341576757688600,35.7956884765625,0.8000983595848083,-0.002947245491668582,0.0100100077688694,0.5997781157493591,-0.01955513283610344,-0.0072914594784379005,-1.8551348447799683
1790341576774195000,35.81219482421875,0.800369143486023,-0.0035201329737901688,0.010030639357864857,0.5994131565093994,-0.020278258249163628,-0.006390225607901812,-1.8560371398925781
1790341576790651100,35.828651123046875,0.8005463480949402,-0.004441692493855953,0.009625515900552273,0.5991770625114441,-0.02073575370013714,-0.004423229489475489,-1.8566087484359741
1790341576807112400,35.845112548828126,0.800452470779419,-0.00380866602063179,0.010631650686264038,0.5992897748947144,-0.02158740535378456,-0.006645615678280592,-1.8563416004180908
1790341576823601700,35.8616015625,0.8005983829498291,-0.0031115422025322914,0.01126440241932869,0.5990872979164124,-0.021767204627394676,-0.00851463247090578,-1.8568615913391113
1790341576840044000,35.8780439453125,0.8002185821533203,-0.003859608666971326,0.011038502678275108,0.5995944738388062,-0.02229723334312439,-0.007060247473418713,-1.855580449104309
1790341576856487000,35.89448681640625,0.8000050783157349,-0.005186957772821188,0.01005696039646864,0.5998866558074951,-0.022316424176096916,-0.0037668966688215733,-1.8548201322555542
1790341576872942800,35.91094287109375,0.7992607951164246,-0.006047283764928579,0.01020044181495905,0.6008674502372742,-0.02357512153685093,-0.002591515891253948,-1.8523460626602173
1790341576889417700,35.92741772460938,0.7987635731697083,-0.006454829126596451,0.010244146920740604,0.601523220539093,-0.02413315325975418,-0.0020124209113419056,-1.8506935834884644
1790341576905889000,35.943888916015624,0.798740804195404,-0.005809485446661711,0.009878594428300858,0.6015661358833313,-0.022772496566176414,-0.0026047120336443186,-1.8506029844284058
1790341576922391800,35.96039184570313,0.7988952398300171,-0.0071153282187879086,0.009716957807540894,0.6013496518135071,-0.024085592478513718,-0.0003177747130393982,-1.8511089086532593
1790341576938833200,35.976833251953124,0.7988853454589844,-0.008012582547962666,0.009599738754332066,0.6013534069061279,-0.024977585300803185,0.0012565985089167953,-1.8510714769363403
1790341576955279600,35.993279541015625,0.7988724708557129,-0.007567937020212412,0.009991868399083614,0.6013698577880859,-0.0250693429261446,0.00007401593029499054,-1.8510445356369019
1790341576971735600,36.00973559570313,0.7987799048423767,-0.0072827814146876335,0.010495554655790329,0.6014877557754517,-0.025531070306897163,-0.0009912169771268964,-1.8507583141326904
1790341576988237600,36.02623754882813,0.7985987663269043,-0.007075145840644836,0.01059089694172144,0.6017290949821472,-0.025433165952563286,-0.001445296686142683,-1.8501604795455933
1790341577004677400,36.042677490234375,0.7948294878005981,-0.007224013097584248,0.011125748045742512,0.6066878437995911,-0.026454726234078407,-0.0020159962587058544,-1.8377102613449097
1790341577021168000,36.059168212890626,0.7911251187324524,-0.007688870653510094,0.011289140209555626,0.611501932144165,-0.027269180864095688,-0.001640945440158248,-1.8255561590194702
1790341577037619500,36.07561938476562,0.78795325756073,-0.007004134356975555,0.011511431075632572,0.6155876517295837,-0.026767583563923836,-0.0031347335316240788,-1.8152300119400024
1790341577054023700,36.092023681640626,0.7851934432983398,-0.00692569836974144,0.011815128847956657,0.6190992593765259,-0.027133231982588768,-0.003753457684069872,-1.8063056468963623
1790341577070475000,36.10847509765625,0.7833327054977417,-0.007037251256406307,0.01226843148469925,0.6214417219161987,-0.02797090634703636,-0.004223225172609091,-1.8003299236297607
1790341577086939400,36.124939453125,0.7826058268547058,-0.006449253298342228,0.012707473710179329,0.6223545670509338,-0.027921414002776146,-0.00572269456461072,-1.7980167865753174
1790341577103385600,36.14138549804687,0.7827322483062744,-0.0058593121357262135,0.013094889000058174,0.6221933364868164,-0.02779511734843254,-0.007122620474547148,-1.798445701599121
1790341577119893000,36.15789306640625,0.7830432653427124,-0.0052610039710998535,0.0136003652587533,0.6217963099479675,-0.02784654311835766,-0.008674235083162785,-1.799476146697998
1790341577136275500,36.174275390625,0.7839779257774353,-0.004049358889460564,0.015232110396027565,0.6205885410308838,-0.028915556147694588,-0.012556860223412514,-1.8025914430618286
1790341577152750800,36.190750732421876,0.7853853106498718,-0.0040163155645132065,0.016245665028691292,0.6187810897827148,-0.030496282503008842,-0.013796748593449593,-1.8072025775909424
1790341577169091000,36.207091064453124,0.7867839336395264,-0.0024976502172648907,0.01668187975883484,0.6169978976249695,-0.029340438544750214,-0.01665591634809971,-1.8117693662643433
1790341577185533000,36.22353295898437,0.7888448238372803,-0.002773101907223463,0.017278214916586876,0.6143434047698975,-0.0306761022657156,-0.01685521751642227,-1.818505883216858
1790341577202004200,36.240004150390625,0.7889214158058167,-0.0016510927816852927,0.01798555813729763,0.6142287254333496,-0.030417148023843765,-0.0194905623793602,-1.8188189268112183
1790341577218446600,36.256446533203125,0.7896409630775452,-0.0016369456425309181,0.018670113757252693,0.6132829785346985,-0.031504906713962555,-0.02031632512807846,-1.8212194442749023
1790341577234921000,36.2729208984375,0.7900280952453613,-0.0009445911273360252,0.01928148977458477,0.6127666234970093,-0.031636495143175125,-0.022139407694339752,-1.822540283203125
1790341577251363600,36.28936352539063,0.7906965017318726,-0.0015592355048283935,0.017962418496608734,0.6119427680969238,-0.030324392020702362,-0.019519418478012085,-1.8246077299118042
1790341577267812400,36.30581225585937,0.7910664677619934,-0.0021285698749125004,0.01821351982653141,0.6114553213119507,-0.03143005445599556,-0.018906952813267708,-1.8258329629898071
1790341577284323800,36.32232373046875,0.7917551398277283,-0.0021053224336355925,0.018767930567264557,0.6105467081069946,-0.03230182081460953,-0.01958484947681427,-1.8281327486038208
1790341577300779500,36.338779541015626,0.7921218276023865,-0.0018225463572889566,0.018237875774502754,0.6100878715515137,-0.0311279296875,-0.019367266446352005,-1.82929265499115
1790341577317268500,36.3552685546875,0.7927231192588806,-0.0021329547744244337,0.017544610425829887,0.6093257665634155,-0.03042498789727688,-0.018000055104494095,-1.8312066793441772
1790341577333732900,36.37173291015625,0.7931946516036987,-0.002174568362534046,0.017404763028025627,0.6087154746055603,-0.0302675012499094,-0.017740316689014435,-1.8327438831329346
1790341577350176000,36.38817602539063,0.7935853004455566,-0.003077107947319746,0.016887221485376358,0.6082169413566589,-0.030554499477148056,-0.01565893366932869,-1.8339815139770508
1790341577366630700,36.404630615234375,0.7941674590110779,-0.003086986020207405,0.016602177172899246,0.6074643731117249,-0.03012835420668125,-0.015267887152731419,-1.8358755111694336
1790341577383092000,36.421092041015626,0.7946760654449463,-0.004095528274774551,0.016732048243284225,0.6067894101142883,-0.031571611762046814,-0.013796860352158546,-1.837553858757019
1790341577399535600,36.43753564453125,0.7992330193519592,-0.004690036177635193,0.01674404926598072,0.6007698178291321,-0.03240830823779106,-0.012622110545635223,-1.8526427745819092
1790341577416010800,36.4540107421875,0.8032906651496887,-0.005194614641368389,0.016565153375267982,0.5953342318534851,-0.032806333154439926,-0.011378279887139797,-1.8661930561065674
1790341577432488000,36.47048803710938,0.8066765666007996,-0.005893553141504526,0.01645573414862156,0.5907346606254578,-0.033519890159368515,-0.00993372593075037,-1.877597451210022
1790341577448933000,36.48693310546875,0.809345543384552,-0.006289824843406677,0.015914447605609894,0.5870835185050964,-0.03315315023064613,-0.008505038917064667,-1.8866184949874878
1790341577465424000,36.503423828125,0.8118683099746704,-0.007051320746541023,0.015455961227416992,0.5835933685302734,-0.033333513885736465,-0.006590551696717739,-1.8952014446258545
1790341577481898200,36.519898193359374,0.8137264847755432,-0.007726634386926889,0.014750245958566666,0.5810093879699707,-0.03299015015363693,-0.00456534419208765,-1.9015332460403442
1790341577498341400,36.53634130859375,0.8145361542701721,-0.008171480149030685,0.013933707028627396,0.5798879861831665,-0.032181791961193085,-0.002848049858585,-1.9042706489562988
1790341577514859800,36.55285986328125,0.8150461912155151,-0.00838572159409523,0.01333717629313469,0.5791817307472229,-0.031459782272577286,-0.001779797486960888,-1.9059951305389404
1790341577531316000,36.56931591796875,0.8153233528137207,-0.008867226541042328,0.012697067111730576,0.5787988305091858,-0.030974065884947777,-0.00023878179490566254,-1.9069163799285889
1790341577547803400,36.585803466796875,0.8154680132865906,-0.00913180410861969,0.012059061788022518,0.5786046385765076,-0.030239589512348175,0.0009385301964357495,-1.907382845878601
1790341577564307500,36.60230737304688,0.8155728578567505,-0.009513008408248425,0.011504999361932278,0.5784618258476257,-0.02977662719786167,0.00220669899135828,-1.907718300819397
1790341577580769500,36.61876953125,0.8156530857086182,-0.009511631913483143,0.011121021583676338,0.5783562660217285,-0.029148245230317116,0.0026525615248829126,-1.90797758102417
1790341577597285000,36.63528515625,0.8156934380531311,-0.00929173082113266,0.010824671946465969,0.5783085227012634,-0.02841012366116047,0.0026384100783616304,-1.908103346824646
1790341577613800700,36.65180078125,0.8157292008399963,-0.009243607521057129,0.010999680496752262,0.5782554745674133,-0.02863984927535057,0.0023593122605234385,-1.90823495388031
1790341577630231000,36.66823095703125,0.8157294392585754,-0.009095990099012852,0.010997103527188301,0.5782575607299805,-0.02846487984061241,0.0021214194130152464,-1.9082354307174683
1790341577646733600,36.684733642578124,0.815713107585907,-0.00900634191930294,0.010992800816893578,0.5782820582389832,-0.028354212641716003,0.001979304011911154,-1.9081785678863525
1790341577663257300,36.70125732421875,0.8157218098640442,-0.00894059520214796,0.011138957925140858,0.5782681703567505,-0.028516611084342003,0.0017034680349752307,-1.9082152843475342
1790341577679773400,36.7177734375,0.8158037662506104,-0.008647876791656017,0.011510646902024746,0.5781496167182922,-0.02878437377512455,0.0008001886890269816,-1.90851628780365
1790341577696226300,36.734226318359376,0.8158565163612366,-0.008236909285187721,0.011720665730535984,0.5780768394470215,-0.02865181677043438,-0.00011061877012252808,-1.9087090492248535
1790341577712713700,36.75071362304688,0.8159724473953247,-0.008104011416435242,0.011981157585978508,0.5779098272323608,-0.028923405334353447,-0.0006227568374015391,-1.909123182296753
1790341577729215200,36.76721533203125,0.8160655498504639,-0.007671533618122339,0.012268399819731712,0.5777782797813416,-0.02889258600771427,-0.0016558821080252528,-1.909460425376892
1790341577745675800,36.78367578125,0.8161935210227966,-0.007218305487185717,0.012254958972334862,0.5776036381721497,-0.028347350656986237,-0.002373951952904463,-1.9099031686782837
1790341577762196000,36.800196044921876,0.8163474202156067,-0.006981422193348408,0.01277072262018919,0.5773777961730957,-0.028916720300912857,-0.003348537487909198,-1.9104644060134888
1790341577778685700,36.81668579101562,0.8164669275283813,-0.006610075011849403,0.013059519231319427,0.5772067904472351,-0.02896040491759777,-0.0042822835966944695,-1.9108954668045044
1790341577795156700,36.83315673828125,0.8166733980178833,-0.006241724360734224,0.013114072382450104,0.5769174098968506,-0.028626006096601486,-0.004936593119055033,-1.911615014076233
1790341577811640000,36.84964013671875,0.8168802857398987,-0.005991670303046703,0.013671204447746277,0.5766141414642334,-0.02924993261694908,-0.005977099761366844,-1.9123660326004028
1790341577828103200,36.86610327148438,0.8170951008796692,-0.005721513647586107,0.01379282958805561,0.5763094425201416,-0.029139578342437744,-0.006547880358994007,-1.9131195545196533
1790341577844622600,36.88262255859375,0.8172470331192017,-0.005538966506719589,0.01398883294314146,0.5760909914970398,-0.0292514618486166,-0.0070643313229084015,-1.913659691810608
1790341577861138000,36.89913793945313,0.8174618482589722,-0.005396829918026924,0.014123991131782532,0.5757843255996704,-0.02931147627532482,-0.007441409397870302,-1.914414644241333
1790341577877625900,36.9156259765625,0.8177614212036133,-0.005366151686757803,0.014375906437635422,0.5753527879714966,-0.029692241922020912,-0.007766051217913628,-1.9154715538024902
1790341577894129400,36.93212939453125,0.8181180953979492,-0.0052438764832913876,0.014445287175476551,0.5748447775840759,-0.029670042917132378,-0.008027461357414722,-1.9167168140411377
1790341577910656000,36.94865600585938,0.8184611797332764,-0.005341621115803719,0.014519521035254002,0.5743536949157715,-0.029908686876296997,-0.00793494563549757,-1.9179149866104126
1790341577927174100,36.965174072265626,0.818764865398407,-0.005481284111738205,0.014584898017346859,0.5739176273345947,-0.0301803071051836,-0.007765372283756733,-1.9189761877059937
1790341577943665200,36.9816650390625,0.8191006779670715,-0.005565993022173643,0.014767707325518131,0.5734326839447021,-0.030581627041101456,-0.007818435318768024,-1.9201583862304688
1790341577960132400,36.99813232421875,0.8194525837898254,-0.005650350823998451,0.014913644641637802,0.5729251503944397,-0.030922379344701767,-0.00782849546521902,-1.9213953018188477
1790341577976631300,37.01463134765625,0.819775402545929,-0.00573367765173316,0.014926979318261147,0.5724620223045349,-0.031044067814946175,-0.007689677644520998,-1.922522783279419
1790341577993123000,37.031123046875,0.8200647830963135,-0.0057383691892027855,0.014944059774279594,0.57204669713974,-0.031081346794962883,-0.007685806602239609,-1.9235353469848633
1790341578009643300,37.047643310546874,0.8204513192176819,-0.005797189194709063,0.014965986832976341,0.5714910626411438,-0.03118976578116417,-0.007593305315822363,-1.9248881340026855
1790341578026130700,37.064130615234376,0.8208600282669067,-0.005940570961683989,0.014851013198494911,0.570905327796936,-0.031170068308711052,-0.007204352878034115,-1.926310658454895
1790341578042615300,37.080615234375,0.8210468292236328,-0.005845213774591684,0.01478503830730915,0.570639431476593,-0.030955197289586067,-0.0072755273431539536,-1.926961064338684
1790341578059080200,37.097080078125,0.8214161396026611,-0.0058061289601027966,0.014937729574739933,0.5701042413711548,-0.031166300177574158,-0.0074937003664672375,-1.928265929222107
1790341578075401200,37.11340112304688,0.8216151595115662,-0.005746173206716776,0.014939190819859505,0.5698179602622986,-0.031102987006306648,-0.00758302491158247,-1.928964614868164
1790341578091865900,37.12986596679688,0.8219540119171143,-0.005674545653164387,0.0149391395971179,0.5693297386169434,-0.03102584183216095,-0.007682237774133682,-1.9301544427871704
1790341578108377900,37.1463779296875,0.8221108913421631,-0.005690037738531828,0.015134909190237522,0.5690978765487671,-0.03136763721704483,-0.007870886474847794,-1.9307186603546143
1790341578123862000,37.16186206054687,0.8222782611846924,-0.005810992326587439,0.01498076319694519,0.5688586831092834,-0.03125394135713577,-0.00748743861913681,-1.9312959909439087
1790341578140362200,37.1783623046875,0.8224655389785767,-0.005741916596889496,0.015044456347823143,0.5685870051383972,-0.03128267079591751,-0.007663182448595762,-1.9319589138031006
1790341578156850700,37.1948505859375,0.8226709961891174,-0.005917360540479422,0.015219919383525848,0.568283200263977,-0.031773701310157776,-0.007562439423054457,-1.9326928853988647
1790341578173362400,37.21136254882813,0.8228912353515625,-0.005834653973579407,0.014991069212555885,0.5679711699485779,-0.03130584582686424,-0.007426488678902388,-1.933452844619751
1790341578189815300,37.22781518554687,0.8231155872344971,-0.006067913956940174,0.015094042755663395,0.5676409006118774,-0.03174321725964546,-0.007146864663809538,-1.934248685836792
1790341578206302200,37.24430224609375,0.8232764601707458,-0.0061943186447024345,0.015178835019469261,0.5674039721488953,-0.03202838450670242,-0.007025847211480141,-1.9348207712173462
1790341578222798000,37.26079809570312,0.8234467506408691,-0.0062128882855176926,0.01536379475146532,0.567151665687561,-0.03235631436109543,-0.00719530088827014,-1.9354333877563477
1790341578239288600,37.27728857421875,0.8236172795295715,-0.006182253826409578,0.015335999429225922,0.5669050812721252,-0.03227793052792549,-0.007204553112387657,-1.9360331296920776
1790341578255802600,37.293802734375,0.8237674236297607,-0.0062629240565001965,0.015344035811722279,0.5666857361793518,-0.03238452225923538,-0.007072167005389929,-1.9365628957748413
1790341578272285000,37.310284912109374,0.8239330053329468,-0.0062845260836184025,0.015435977838933468,0.5664422512054443,-0.03256264701485634,-0.00713118351995945,-1.9371535778045654
1790341578288768000,37.32676806640625,0.8240779042243958,-0.006139065138995647,0.015506487339735031,0.5662310719490051,-0.0325159952044487,-0.007442442700266838,-1.9376707077026367
1790341578305267000,37.34326684570313,0.8242506980895996,-0.006066913716495037,0.015610713511705399,0.5659773945808411,-0.03260849416255951,-0.007669381331652403,-1.938288688659668
1790341578321725000,37.35972485351562,0.8243616223335266,-0.005931429099291563,0.01571972668170929,0.565814197063446,-0.03263649344444275,-0.00800968986004591,-1.9386889934539795
1790341578338238200,37.37623828125,0.8245038986206055,-0.0056004454381763935,0.0159074105322361,0.565605103969574,-0.03257373347878456,-0.008759559132158756,-1.9392069578170776
1790341578354715100,37.39271508789062,0.8246440291404724,-0.0053661591373384,0.016076263040304184,0.5653980374336243,-0.03258960694074631,-0.009328767657279968,-1.9397162199020386
1790341578371204400,37.409204345703124,0.8247041702270508,-0.005138962063938379,0.016340773552656174,0.5653049349784851,-0.032770272344350815,-0.009998958557844162,-1.9399497509002686
1790341578387706400,37.425706298828125,0.8247147798538208,-0.004851428791880608,0.016744276508688927,0.5652800798416138,-0.033111363649368286,-0.010928540490567684,-1.9400197267532349
1790341578404233200,37.44223315429687,0.8247337937355042,-0.004407915752381086,0.017001798376441002,0.5652484893798828,-0.03303541615605354,-0.011950052343308926,-1.9401100873947144
1790341578420713700,37.458713623046876,0.8246058821678162,-0.003987499978393316,0.017247473821043968,0.5654305219650269,-0.03296276926994324,-0.01292862556874752,-1.9396804571151733
1790341578437200400,37.475200439453126,0.8244174718856812,-0.0037777312099933624,0.017454471439123154,0.5657002925872803,-0.03306271508336067,-0.01351955533027649,-1.939032793045044
1790341578453689000,37.491689208984376,0.8243066072463989,-0.0032772193662822247,0.017560819163918495,0.5658617615699768,-0.03266913443803787,-0.01447162963449955,-1.9386539459228516
1790341578470191900,37.50819189453125,0.8241586089134216,-0.002863823901861906,0.01783723384141922,0.5660708546638489,-0.032653387635946274,-0.015474404208362103,-1.9381577968597412
1790341578486685400,37.524685546875,0.8240308165550232,-0.00233199680224061,0.01792331412434578,0.5662566423416138,-0.032189659774303436,-0.016455860808491707,-1.9377189874649048
1790341578503202600,37.54120263671875,0.8239012360572815,-0.002007179893553257,0.018114229664206505,0.5664404034614563,-0.03213285654783249,-0.01721467636525631,-1.9372808933258057
1790341578519688000,37.55768798828125,0.8237729668617249,-0.0016515511088073254,0.018368633463978767,0.5666197538375854,-0.03214557096362114,-0.018096042796969414,-1.9368541240692139
1790341578536172300,37.57417236328125,0.8234717845916748,-0.0012691153679043055,0.018699271604418755,0.567047655582428,-0.03224742412567139,-0.01911775954067707,-1.935824990272522
1790341578552671000,37.5906708984375,0.8234217166900635,-0.0010104081593453884,0.018711140379309654,0.567120373249054,-0.03197192773222923,-0.019560201093554497,-1.935652732849121
1790341578569165800,37.607165771484375,0.8230937719345093,-0.00044386833906173706,0.018681151792407036,0.5675981640815735,-0.03126820549368858,-0.02047751471400261,-1.9345011711120605
1790341578585679600,37.6236796875,0.8227489590644836,-0.00020516038057394326,0.01878972351551056,0.5680943727493286,-0.031163474544882774,-0.021012626588344574,-1.9332996606826782
1790341578602193000,37.64019287109375,0.8224324584007263,-0.00006179513729875907,0.018958108499646187,0.5685467720031738,-0.03126608580350876,-0.021457144990563393,-1.9322031736373901
1790341578618679000,37.65667895507813,0.8220158219337463,-0.000024946461053332314,0.018680714070796967,0.5691583156585693,-0.030751854181289673,-0.02122514881193638,-1.9307140111923218
1790341578635144700,37.673144775390625,0.8216637372970581,0.00017287717491853982,0.01871618628501892,0.5696650743484497,-0.03057175874710083,-0.02160969190299511,-1.9294835329055786
1790341578651667500,37.68966748046875,0.821199357509613,0.000203329895157367,0.01886747218668461,0.5703293085098267,-0.03076818585395813,-0.02185703255236149,-1.927868127822876
1790341578668183600,37.70618359375,0.8206480741500854,0.0005116311367601156,0.018740791827440262,0.5711262822151184,-0.030186831951141357,-0.022248290479183197,-1.925929307937622
1790341578684639500,37.72263940429688,0.8200383186340332,0.0006431304500438273,0.01867283508181572,0.5720035433769226,-0.029901105910539627,-0.022418515756726265,-1.923791527748108
1790341578701129700,37.739129638671876,0.8194494843482971,0.0005824397085234523,0.018548423424363136,0.5728508830070496,-0.029743408784270287,-0.022207345813512802,-1.9217225313186646
1790341578717634800,37.755634765625,0.8187659382820129,0.0009150810074061155,0.018305087462067604,0.5738348960876465,-0.028936319053173065,-0.022508569061756134,-1.9193214178085327
1790341578734133500,37.77213354492188,0.818072497844696,0.001236698473803699,0.018447715789079666,0.574817955493927,-0.028773117810487747,-0.02323366329073906,-1.9169236421585083
1790341578750659000,37.7886591796875,0.8172881603240967,0.0016797545831650496,0.018354974687099457,0.5759344100952148,-0.028079453855752945,-0.023890484124422073,-1.9141954183578491
1790341578767196700,37.80519677734375,0.8164334297180176,0.0018856583628803492,0.018273262307047844,0.577147364616394,-0.027672814205288887,-0.02417411282658577,-1.9112263917922974
1790341578783683000,37.82168310546875,0.8156578540802002,0.002113984664902091,0.01804599165916443,0.5782493352890015,-0.027005156502127647,-0.024321138858795166,-1.908524751663208
1790341578800180700,37.8381806640625,0.8147445917129517,0.0026472476311028004,0.017717523500323296,0.5795431733131409,-0.025812961161136627,-0.024852357804775238,-1.9053491353988647
1790341578816673800,37.854673828125,0.8138265013694763,0.003030463820323348,0.01755417324602604,0.5808348655700684,-0.02506236732006073,-0.025327403098344803,-1.902175784111023
1790341578833155300,37.8711552734375,0.812824010848999,0.0035877483896911144,0.01733592338860035,0.5822401642799377,-0.024014685302972794,-0.026022696867585182,-1.8987176418304443
1790341578849665000,37.8876650390625,0.8118063807487488,0.00399445928633213,0.017104364931583405,0.5836624503135681,-0.02311818115413189,-0.02645489200949669,-1.895213007926941
1790341578866125300,37.90412524414062,0.8106946349143982,0.004322403576225042,0.01722516119480133,0.585199773311615,-0.02288019470870495,-0.027171963825821877,-1.891422986984253
1790341578882623200,37.92062329101562,0.8097127676010132,0.004743253346532583,0.0170831847935915,0.5865586996078491,-0.022110851481556892,-0.027725478634238243,-1.8880653381347656
1790341578899149300,37.9371494140625,0.8087852001190186,0.005121765658259392,0.017074281349778175,0.5878340601921082,-0.02160772681236267,-0.028362305834889412,-1.8849105834960938
1790341578915663000,37.9536630859375,0.8077495098114014,0.005897458642721176,0.016520418226718903,0.5892649292945862,-0.01974797435104847,-0.029001209884881973,-1.8813573122024536
1790341578932117000,37.97011694335937,0.8068026900291443,0.006306408438831568,0.01634780690073967,0.5905612707138062,-0.018939632922410965,-0.02948908880352974,-1.8781391382217407
1790341578948602600,37.9866025390625,0.8058571219444275,0.006546511314809322,0.016314426437020302,0.5918492078781128,-0.018554437905550003,-0.029866907745599747,-1.8749409914016724
1790341578965070000,38.00307006835938,0.8048326969146729,0.007368527352809906,0.01593863032758236,0.5932419896125793,-0.01692204363644123,-0.030776649713516235,-1.8714656829833984
1790341578981603000,38.01960302734375,0.8039212822914124,0.007388243917375803,0.01605329103767872,0.5944730043411255,-0.01703593321144581,-0.030970580875873566,-1.8684051036834717
1790341578998071300,38.0360712890625,0.803087592124939,0.007807118818163872,0.015612532384693623,0.5956053137779236,-0.015784848481416702,-0.031142449006438255,-1.865574598312378
1790341579014512400,38.05251245117187,0.8023544549942017,0.008000249974429607,0.015100750140845776,0.596603274345398,-0.014693883247673512,-0.03086128458380699,-1.8630787134170532
1790341579031000600,38.06900048828125,0.8018991351127625,0.008275862783193588,0.014904946088790894,0.5972161293029785,-0.014026802964508533,-0.031080765649676323,-1.8615424633026123
1790341579047502000,38.085502197265626,0.801384687423706,0.008621222339570522,0.01459349226206541,0.5979092121124268,-0.013087358325719833,-0.03127409517765045,-1.8598028421401978
1790341579063929900,38.101929931640626,0.8009992241859436,0.008890329860150814,0.014414220117032528,0.5984258651733398,-0.012457653880119324,-0.03149918466806412,-1.8585050106048584
1790341579080386800,38.11838671875,0.8007566928863525,0.009165243245661259,0.014076008461415768,0.5987542867660522,-0.011573472991585732,-0.03153963014483452,-1.8576745986938477
1790341579096867000,38.1348671875,0.8005553483963013,0.009371582418680191,0.013678333722054958,0.5990294814109802,-0.010678284801542759,-0.03139755129814148,-1.8569777011871338
1790341579113355300,38.151355224609375,0.8005068302154541,0.009490830823779106,0.01321395579725504,0.5991027355194092,-0.009788627736270428,-0.03103296458721161,-1.8567863702774048
1790341579129858600,38.167858642578125,0.8008255958557129,0.009953823871910572,0.012745965272188187,0.5986793041229248,-0.008500535972416401,-0.031209111213684082,-1.8578274250030518
1790341579146351400,38.184351318359376,0.8010849952697754,0.010047031566500664,0.012107743881642818,0.5983439087867737,-0.007379022426903248,-0.03059101291000843,-1.8586556911468506
1790341579162810600,38.200810546875,0.8014581799507141,0.010265471413731575,0.01092560961842537,0.5978628993034363,-0.005240457598119974,-0.029523015022277832,-1.8598376512527466
1790341579179299000,38.217299072265625,0.8018850088119507,0.009922019205987453,0.010223714634776115,0.5973086953163147,-0.00454528396949172,-0.02812977507710457,-1.8612233400344849
1790341579195763200,38.23376318359375,0.8023369908332825,0.009544688276946545,0.0088193379342556,0.5967299342155457,-0.002761885756626725,-0.02584451623260975,-1.8626635074615479
1790341579212232400,38.250232421875,0.802758514881134,0.009259953163564205,0.007547270506620407,0.5961846113204956,-0.0010762944584712386,-0.023868413642048836,-1.8640187978744507
1790341579228708600,38.26670849609375,0.8032529354095459,0.008561466820538044,0.006576309446245432,0.5955402255058289,-0.0003675697080325335,-0.021588636562228203,-1.8656342029571533
1790341579245234700,38.28323461914062,0.8036884069442749,0.008202407509088516,0.00543641671538353,0.5949691534042358,0.0010221863631159067,-0.01965462416410446,-1.8670566082000732
1790341579261723600,38.2997236328125,0.804219126701355,0.007623074110597372,0.0039002839475870132,0.5942713022232056,0.0027873837389051914,-0.01689770258963108,-1.868796467781067
1790341579278212000,38.31621215820312,0.8046888113021851,0.006954221986234188,0.003252602182328701,0.5936472415924072,0.003022391116246581,-0.01505433488637209,-1.8703593015670776
1790341579294703000,38.332703125,0.8052171468734741,0.006767608691006899,0.0023393139708787203,0.5929368734359741,0.004258629400283098,-0.013673345558345318,-1.8721237182617188
1790341579311124500,38.34912451171875,0.8057621121406555,0.006603342015296221,0.0015281506348401308,0.5922006368637085,0.00535879610106349,-0.012451710179448128,-1.8739514350891113
1790341579327638800,38.365638671875,0.8062840700149536,0.006509450264275074,0.0014023934490978718,0.591491162776947,0.005439538974314928,-0.012156237848103046,-1.8757133483886719
1790341579344120300,38.38212036132813,0.806877613067627,0.006732601206749678,0.0011257464066147804,0.5906793475151062,0.0061374325305223465,-0.0121949827298522,-1.8777203559875488
1790341579360565500,38.3985654296875,0.8075243830680847,0.007004562299698591,0.0008022976107895374,0.5897921323776245,0.0069673010148108006,-0.012259394861757755,-1.879910945892334
1790341579377012500,38.415012451171876,0.8082603216171265,0.007105875760316849,0.0005878990050405264,0.5887823104858398,0.007417895365506411,-0.01217938493937254,-1.882407784461975
1790341579393486300,38.431486328125,0.8089609742164612,0.007478554267436266,0.0004289473290555179,0.5878146290779114,0.00809873640537262,-0.012604333460330963,-1.8847912549972534
1790341579409932800,38.44793286132813,0.8096001148223877,0.007897768169641495,0.00031280817347578704,0.5869285464286804,0.008765223436057568,-0.013155638240277767,-1.8869696855545044
1790341579426376700,38.464376708984375,0.8102919459342957,0.008070327341556549,0.0004587724106386304,0.5859708189964294,0.008715391159057617,-0.013616717420518398,-1.8893312215805054
1790341579442820900,38.48082080078125,0.810886800289154,0.008746336214244366,0.00009343952842755243,0.585137665271759,0.010085285641252995,-0.014294414781033993,-1.891365647315979
1790341579459266800,38.49726684570312,0.8114999532699585,0.008739695884287357,-0.00022009822714608163,0.5842872262001038,0.010571426711976528,-0.01392777357250452,-1.8934613466262817
1790341579475712500,38.51371240234375,0.8121597766876221,0.008977742865681648,-0.0008917952654883265,0.5833653211593628,0.011924543417990208,-0.013542652130126953,-1.895721435546875
1790341579492198100,38.5301982421875,0.8127487897872925,0.008810842409729958,-0.0016369636869058013,0.5825453996658325,0.01292766910046339,-0.012415110133588314,-1.8977413177490234
1790341579508655900,38.54665576171875,0.813310980796814,0.009035171940922737,-0.001891198568046093,0.5817561149597168,0.01359027624130249,-0.012496701441705227,-1.8996747732162476
1790341579525098800,38.5630986328125,0.8137951493263245,0.008443746715784073,-0.0022979367058724165,0.5810859203338623,0.013554428704082966,-0.011072589084506035,-1.9013382196426392
1790341579541549300,38.57954931640625,0.8143959045410156,0.008261119946837425,-0.00421320553869009,0.5802355408668518,0.01645057089626789,-0.008566444739699364,-1.9034250974655151
1790341579557998300,38.595998291015626,0.8149822354316711,0.007444568909704685,-0.005305204074829817,0.5794138312339783,0.017275433987379074,-0.005986601114273071,-1.9054628610610962
1790341579574460000,38.6124599609375,0.8155015707015991,0.006696577649563551,-0.005978829227387905,0.5786852240562439,0.01750294491648674,-0.004002430010586977,-1.9072691202163696
1790341579590919200,38.62891918945313,0.8159708976745605,0.006256199907511473,-0.007187440060079098,0.5780144929885864,0.018963001668453217,-0.0019008659292012453,-1.9089235067367554
1790341579607382800,38.6453828125,0.8165053725242615,0.005382213741540909,-0.008110704831779003,0.5772558450698853,0.019459927454590797,0.0005746912793256342,-1.9108033180236816
1790341579623826000,38.66182592773438,0.8169894218444824,0.004155200906097889,-0.009242817759513855,0.5765635371208191,0.019895505160093307,0.0038686420302838087,-1.9125255346298218
1790341579640297500,38.67829736328125,0.8174499273300171,0.003668162738904357,-0.010350972414016724,0.5758950114250183,0.021149704232811928,0.0059251026250422,-1.9141734838485718
1790341579656741400,38.69474145507812,0.8180805444717407,0.0026772678829729557,-0.011078971438109875,0.5749906301498413,0.02120812050998211,0.008360265754163265,-1.9164044857025146
1790341579673182200,38.71118212890625,0.8185544610023499,0.0022284688893705606,-0.011999025009572506,0.5742992162704468,0.022206291556358337,0.010133988223969936,-1.918104887008667
1790341579689627100,38.727627197265626,0.819084107875824,0.0019109201384708285,-0.012642545625567436,0.5735309720039368,0.022906046360731125,0.011371619068086147,-1.919988989830017
1790341579706099500,38.744099365234376,0.8196191787719727,0.0016275254311040044,-0.0131539823487401,0.5727555155754089,0.023430805653333664,0.012400447390973568,-1.9218885898590088
1790341579722540500,38.76054052734375,0.820128321647644,0.0012380731059238315,-0.013606041669845581,0.5720165371894836,0.023738199844956398,0.01353541761636734,-1.9236987829208374
1790341579738991400,38.776991455078125,0.8206468820571899,0.001081719994544983,-0.014017756097018719,0.5712627172470093,0.02424798160791397,0.014240704476833344,-1.925540804862976
1790341579755465000,38.79346484375,0.8212394714355469,0.0008452606271021068,-0.014465195126831532,0.570399820804596,0.02472839504480362,0.015114141628146172,-1.927648901939392
1790341579771961600,38.809961669921876,0.821864128112793,0.0009071269887499511,-0.014608228579163551,0.5694956183433533,0.025050662457942963,0.015148153528571129,-1.9298499822616577
1790341579788451600,38.82645166015625,0.8225004076957703,0.0010549414437264204,-0.014810245484113693,0.5685708522796631,0.02556818537414074,0.015106542967259884,-1.932098627090454
1790341579804897800,38.84289770507812,0.8231090903282166,0.000931176298763603,-0.015382042154669762,0.5676743388175964,0.02638581581413746,0.015931736677885056,-1.9342831373214722
1790341579821343200,38.85934326171875,0.8237398266792297,0.0010091601870954037,-0.01562894508242607,0.5667516589164734,0.026898963376879692,0.01605357974767685,-1.9365242719650269
1790341579837748200,38.875748291015626,0.8244357109069824,0.0009169161785393953,-0.016541458666324615,0.5657131671905518,0.028320137411355972,0.017204413190484047,-1.9390523433685303
1790341579854191000,38.89219116210938,0.8251932859420776,0.0008878616499714553,-0.0167011097073555,0.5646028518676758,0.028574073687195778,0.017394550144672394,-1.9417458772659302
1790341579870661600,38.90866162109375,0.8259795308113098,0.00102677580434829,-0.017592480406165123,0.5634245872497559,0.030228648334741592,0.01812887378036976,-1.9446046352386475
1790341579887133700,38.9251337890625,0.8269582986831665,0.0011861043749377131,-0.018058495596051216,0.5619719624519348,0.031210672110319138,0.018336046487092972,-1.9481204748153687
1790341579903613200,38.94161328125,0.8278008103370667,0.0007034481968730688,-0.01861388050019741,0.5607128143310547,0.03161744773387909,0.019710728898644447,-1.951176404953003
1790341579920070100,38.958070068359376,0.8287870287895203,0.0009329525637440383,-0.01913427747786045,0.5592363476753235,0.03277228772640228,0.019856031984090805,-1.9547420740127563
1790341579936516000,38.97451611328125,0.8294739127159119,0.00085410475730896,-0.019401652738451958,0.5582078099250793,0.03315272927284241,0.020244773477315903,-1.957226276397705
1790341579952960800,38.990960693359376,0.8301600813865662,0.000857760023791343,-0.019594144076108932,0.5571799874305725,0.033501654863357544,0.02041219174861908,-1.9597046375274658
1790341579969403000,39.00740283203125,0.83087158203125,0.0009860482532531023,-0.02005607634782791,0.55610191822052,0.03443890064954758,0.02066935785114765,-1.962302565574646
1790341579985826600,39.02382666015625,0.8316805362701416,0.0006894036778248847,-0.01994021236896515,0.55489581823349,0.03394685685634613,0.020984293892979622,-1.965207815170288
1790341580002234000,39.040234130859375,0.8322632908821106,0.0007566622225567698,-0.020167766138911247,0.5540131330490112,0.03442263603210449,0.0210884939879179,-1.9673304557800293
1790341580018678000,39.05667797851562,0.8328907489776611,0.0006644278182648122,-0.020269278436899185,0.5530657768249512,0.03451382368803024,0.021315312013030052,-1.9696083068847656
1790341580035125200,39.07312524414063,0.8334792852401733,0.0006611813441850245,-0.020369814708828926,0.5521748065948486,0.03470071777701378,0.021394865587353706,-1.971747875213623
1790341580051572700,39.08957275390625,0.8340521454811096,0.00075560063123703,-0.020436512306332588,0.551306426525116,0.03493838012218475,0.0212747473269701,-1.9738292694091797
1790341580067985400,39.1059853515625,0.8346588611602783,0.0007268479093909264,-0.020321544259786606,0.5503917932510376,0.034737978130578995,0.02115786075592041,-1.9760206937789917
1790341580084455700,39.12245556640625,0.8352574706077576,0.00081011897418648,-0.020504027605056763,0.5494760274887085,0.0351576954126358,0.02118121087551117,-1.978214144706726
1790341580100900000,39.138900146484374,0.8358458280563354,0.0009383567376062274,-0.020707210525870323,0.5485727787017822,0.03566111996769905,0.02115175873041153,-1.9803752899169922
1790341580117342500,39.155342529296874,0.8364030122756958,0.000882044667378068,-0.020670708268880844,0.5477243065834045,0.03555978089570999,0.021169790998101234,-1.9824050664901733
1790341580133817000,39.17181713867188,0.8369885683059692,0.0009122935007326305,-0.02069285698235035,0.5468282103538513,0.03565259650349617,0.021105283871293068,-1.9845463037490845
1790341580150263800,39.18826391601562,0.8375577330589294,0.001031524152494967,-0.020720869302749634,0.5459549427032471,0.03585168719291687,0.02089892141520977,-1.9866300821304321
1790341580166708200,39.20470825195312,0.8381270170211792,0.001055459026247263,-0.02065114863216877,0.5450831055641174,0.03578253090381622,0.020745456218719482,-1.9887094497680664
1790341580183154200,39.221154296875,0.8386842012405396,0.001143070636317134,-0.020896252244710922,0.5442157983779907,0.036310721188783646,0.02082829549908638,-1.9907784461975098
1790341580199602700,39.23760278320312,0.8392163515090942,0.0011592874070629478,-0.02086067572236061,0.5433963537216187,0.036288902163505554,0.020726928487420082,-1.9927312135696411
1790341580216051500,39.254051513671875,0.8397886753082275,0.0013506717514246702,-0.020747322589159012,0.5425151586532593,0.03632768616080284,0.02024429850280285,-1.9948245286941528
1790341580232507100,39.270507080078126,0.8403435349464417,0.0018482294399291277,-0.020554551854729652,0.5416613221168518,0.036562852561473846,0.019162088632583618,-1.9968441724777222
1790341580248951000,39.286950927734374,0.8408823609352112,0.002471871906891465,-0.020137617364525795,0.5408376455307007,0.03655431419610977,0.017626168206334114,-1.9987850189208984
1790341580265397500,39.3033974609375,0.8414586186408997,0.003322345670312643,-0.019661270081996918,0.5399534702301025,0.03668883070349693,0.015641747042536736,-2.0008606910705566
1790341580281877800,39.31987768554688,0.8419972658157349,0.003846476785838604,-0.01930990442633629,0.5391223430633545,0.03667721152305603,0.014343848451972008,-2.0028181076049805
1790341580298324200,39.33632421875,0.8425920009613037,0.004910701885819435,-0.018469106405973434,0.5382132530212402,0.03642035648226738,0.011605460196733475,-2.004939317703247
1790341580314775300,39.352775390625,0.8431382775306702,0.006267659831792116,-0.01762716844677925,0.5373713374137878,0.03646976500749588,0.008375759236514568,-2.0068883895874023
1790341580331287600,39.36928759765625,0.8437145948410034,0.007146800868213177,-0.01704476960003376,0.5364737510681152,0.036438751965761185,0.006228462792932987,-2.0089826583862305
1790341580347736600,39.38573657226563,0.8443111777305603,0.007985185831785202,-0.01668517105281353,0.5355337858200073,0.03673624247312546,0.004386996850371361,-2.011176824569702
1790341580364187600,39.402187744140626,0.8448781371116638,0.009056403301656246,-0.01597653329372406,0.5346436500549316,0.036688633263111115,0.0017803898081183434,-2.013240098953247
1790341580380666400,39.41866625976562,0.8454756140708923,0.010685107670724392,-0.015278038568794727,0.5336886048316956,0.03724812716245651,-0.0017605656757950783,-2.015428066253662
1790341580397115400,39.43511547851563,0.8460783958435059,0.012224750593304634,-0.014863744378089905,0.5327110886573792,0.03818603605031967,-0.004850050900131464,-2.017665386199951
1790341580413562000,39.45156201171875,0.8466842174530029,0.013328387401998043,-0.014491653069853783,0.5317314863204956,0.0387246236205101,-0.00715859467163682,-2.019923448562622
1790341580430006500,39.46800659179687,0.8472752571105957,0.014536615461111069,-0.014118138700723648,0.5307673811912537,0.03936702013015747,-0.009646284393966198,-2.0221340656280518
1790341580446447900,39.48444775390625,0.8478942513465881,0.015732254832983017,-0.014047752134501934,0.5297456979751587,0.0405040979385376,-0.011795378290116787,-2.0244743824005127
1790341580462886000,39.50088598632812,0.8485316634178162,0.01695055328309536,-0.013696468435227871,0.5286957025527954,0.0411829836666584,-0.014284120872616768,-2.026876211166382
1790341580479328500,39.51732861328125,0.84913170337677,0.017954496666789055,-0.013700834475457668,0.5276980996131897,0.042234715074300766,-0.016032343730330467,-2.029160261154175
1790341580495766000,39.53376611328125,0.8497652411460876,0.018827736377716064,-0.013719450682401657,0.5266464948654175,0.04316779971122742,-0.017548609524965286,-2.031576156616211
1790341580512202200,39.5502021484375,0.8504789471626282,0.01951136812567711,-0.013664202764630318,0.5254694223403931,0.043769218027591705,-0.01882888562977314,-2.0342962741851807
1790341580528638700,39.566638671875,0.8511171936988831,0.020182570442557335,-0.013545505702495575,0.5244127511978149,0.0442490391433239,-0.02014995738863945,-2.0367321968078613
1790341580545074200,39.58307421875,0.8517264723777771,0.020851431414484978,-0.01358441635966301,0.5233953595161438,0.04499288275837898,-0.02130100317299366,-2.0390710830688477
1790341580561512000,39.599511962890624,0.8524783253669739,0.021372582763433456,-0.013397214002907276,0.5221536755561829,0.04518797993659973,-0.02245040237903595,-2.04194712638855
1790341580577971700,39.6159716796875,0.8532475829124451,0.02182096429169178,-0.013396895490586758,0.5208773016929626,0.04562201350927353,-0.02328319288790226,-2.0449047088623047
1790341580594411800,39.632411865234374,0.8540462851524353,0.02208416722714901,-0.013216785155236721,0.5195600390434265,0.04555244743824005,-0.023990275338292122,-2.047971248626709
1790341580610852400,39.64885229492187,0.8549404740333557,0.02219659462571144,-0.013090473599731922,0.5180858373641968,0.045411743223667145,-0.02439197525382042,-2.0514135360717773
1790341580627321000,39.665321044921875,0.855763852596283,0.022311285138130188,-0.013299917802214622,0.5167142748832703,0.04585004970431328,-0.024444302543997765,-2.054607391357422
1790341580643763000,39.68176293945312,0.8566489219665527,0.022403433918952942,-0.013412661850452423,0.5152385830879211,0.04609633609652519,-0.02456478402018547,-2.058044195175171
1790341580660245500,39.69824560546875,0.857528567314148,0.022414423525333405,-0.013501756824553013,0.5137705206871033,0.046218425035476685,-0.024570876732468605,-2.061466693878174
1790341580676687600,39.7146875,0.8584607243537903,0.021934306249022484,-0.014041020534932613,0.5122177004814148,0.04660709947347641,-0.023277465254068375,-2.065115451812744
1790341580693126700,39.73112670898438,0.8593193292617798,0.021690653637051582,-0.014601719565689564,0.5107706785202026,0.04728241264820099,-0.022363999858498573,-2.068495512008667
1790341580709565000,39.74756494140625,0.8602254390716553,0.020996781066060066,-0.015670467168092728,0.5092403888702393,0.048373784869909286,-0.020165229216217995,-2.072094440460205
1790341580726010400,39.76401025390625,0.8610798716545105,0.020616112276911736,-0.016644734889268875,0.507779061794281,0.04963070526719093,-0.018601613119244576,-2.075507640838623
1790341580742450000,39.780449951171875,0.8618233799934387,0.020447488874197006,-0.01728854514658451,0.5065011382102966,0.05054215341806412,-0.017731843516230583,-2.0784788131713867
1790341580758887700,39.7968876953125,0.8625950217247009,0.02033494971692562,-0.017554327845573425,0.5051813125610352,0.05085979402065277,-0.017346283420920372,-2.0815446376800537
1790341580775356700,39.81335668945312,0.8633069396018982,0.020382119342684746,-0.017809370532631874,0.5039530396461487,0.05132332444190979,-0.017242731526494026,-2.084383726119995
1790341580791733200,39.829733154296875,0.8639408349990845,0.020348921418190002,-0.018073515966534615,0.5028574466705322,0.0517246276140213,-0.016984539106488228,-2.0869193077087402
1790341580808174300,39.84617431640625,0.8645662069320679,0.02025061659514904,-0.01840486377477646,0.5017732977867126,0.05217769369482994,-0.016546612605452538,-2.089431047439575
1790341580824646400,39.862646484375,0.8652102947235107,0.020351141691207886,-0.018336260691285133,0.5006603002548218,0.05213848501443863,-0.0168563574552536,-2.09199595451355
1790341580841090300,39.87909033203125,0.8658038377761841,0.02079826034605503,-0.018821928650140762,0.4995967745780945,0.053406972438097,-0.01720852591097355,-2.0944125652313232
1790341580857535200,39.89553515625,0.8664510250091553,0.02093452960252762,-0.01898091845214367,0.49846160411834717,0.053796231746673584,-0.017355840653181076,-2.0970194339752197
1790341580874008800,39.9120087890625,0.867066502571106,0.02117922343313694,-0.019157379865646362,0.49737340211868286,0.05432460457086563,-0.017671765759587288,-2.0995078086853027
1790341580890453200,39.92845336914063,0.8676849007606506,0.021536430343985558,-0.01929619535803795,0.49627283215522766,0.05489860847592354,-0.018222322687506676,-2.102013349533081
1790341580906898000,39.94489794921875,0.8682567477226257,0.021758442744612694,-0.0192867461591959,0.4952625036239624,0.055081430822610855,-0.018680909648537636,-2.1043219566345215
1790341580923344600,39.9613447265625,0.8687112331390381,0.022328704595565796,-0.01964113488793373,0.494425505399704,0.05624490603804588,-0.019373450428247452,-2.106196880340576
1790341580939790300,39.97779028320313,0.8690631985664368,0.022513682022690773,-0.019709400832653046,0.4937954246997833,0.05653277412056923,-0.01966807059943676,-2.1076297760009766
1790341580956237800,39.99423779296875,0.8693309426307678,0.022765319794416428,-0.019882461056113243,0.4933054745197296,0.057071734219789505,-0.01996626704931259,-2.1087329387664795
1790341580972691000,40.01069091796875,0.8695580959320068,0.02301471121609211,-0.020132791250944138,0.49288317561149597,0.05774422734975815,-0.020180396735668182,-2.1096794605255127
1790341580989136600,40.02713671875,0.8697314858436584,0.023103665560483932,-0.020480187609791756,0.4925585687160492,0.058429282158613205,-0.020013920962810516,-2.1104133129119873
1790341581005539300,40.043539306640625,0.8698868155479431,0.023094095289707184,-0.021261578425765038,0.4922517240047455,0.05977320298552513,-0.019247587770223618,-2.1111104488372803
1790341581021983200,40.05998315429687,0.8699674606323242,0.022819383069872856,-0.021989116445183754,0.4920898973941803,0.060765303671360016,-0.018063979223370552,-2.1114981174468994
1790341581038427000,40.07642700195313,0.8699557781219482,0.022396385669708252,-0.023225972428917885,0.492073118686676,0.06250125169754028,-0.016110671684145927,-2.1115610599517822
1790341581054870000,40.0928701171875,0.8699327111244202,0.021946579217910767,-0.02428685501217842,0.4920828342437744,0.06390493363142014,-0.014282290823757648,-2.1115684509277344
1790341581071329300,40.109329345703124,0.8698180913925171,0.021071983501315117,-0.025263652205467224,0.492274671792984,0.06474568694829941,-0.011784547008574009,-2.111196517944336
1790341581087773700,40.125773681640624,0.8697053790092468,0.020324015989899635,-0.02656673453748226,0.49243640899658203,0.06627833843231201,-0.00918708834797144,-2.1108806133270264
1790341581104217900,40.1422177734375,0.8695919513702393,0.018997641280293465,-0.027639679610729218,0.4926307201385498,0.06683900952339172,-0.005808115936815739,-2.1105408668518066
1790341581120691500,40.15869140625,0.8694385886192322,0.018536323681473732,-0.028379226103425026,0.4928770363330841,0.067672498524189,-0.0042574647814035416,-2.110010862350464
1790341581137080800,40.17508081054687,0.8692664504051208,0.017659254372119904,-0.028984425589442253,0.4931773841381073,0.06786088645458221,-0.0021122691687196493,-2.1093904972076416
1790341581153524200,40.19152416992188,0.8690357208251953,0.017488084733486176,-0.030217492952942848,0.49351614713668823,0.06983823329210281,-0.0005699005560018122,-2.1086249351501465
1790341581169969700,40.2079697265625,0.8687589764595032,0.01714162901043892,-0.030794335529208183,0.49397963285446167,0.07049933820962906,0.0006396622047759593,-2.1075870990753174
1790341581186416400,40.22441650390625,0.8684444427490234,0.016686612740159035,-0.03145197033882141,0.4945064187049866,0.07119213789701462,0.002123612677678466,-2.106412649154663
1790341581202865700,40.24086572265625,0.8681022524833679,0.016705691814422607,-0.03199629485607147,0.49507126212120056,0.07215598225593567,0.0026763989590108395,-2.105112314224243
1790341581219318000,40.257318115234376,0.8678276538848877,0.01673624850809574,-0.031976014375686646,0.4955528974533081,0.07214955985546112,0.0026432585436850786,-2.104001522064209
1790341581235760600,40.2737607421875,0.867423951625824,0.016863450407981873,-0.031917545944452286,0.49625876545906067,0.07217220962047577,0.0024232049472630024,-2.1023664474487305
1790341581252203300,40.29020336914063,0.867014467716217,0.01667025499045849,-0.03281430900096893,0.49692174792289734,0.07353534549474716,0.003705590032041073,-2.1008565425872803
1790341581268676000,40.30667602539062,0.8666718602180481,0.016210030764341354,-0.03328569233417511,0.49750304222106934,0.07389277964830399,0.005021932069212198,-2.099555492401123
1790341581285117700,40.32311767578125,0.8662900328636169,0.01596345193684101,-0.03367804363369942,0.49814918637275696,0.07432396709918976,0.00589545676484704,-2.0980870723724365
1790341581301557000,40.33955688476563,0.8658921718597412,0.015674756839871407,-0.03418152034282684,0.4988153278827667,0.07490447163581848,0.006955290213227272,-2.0965757369995117
1790341581318018000,40.35601806640625,0.8654026985168457,0.015516924671828747,-0.034359388053417206,0.49965670704841614,0.07504820823669434,0.0074790893122553825,-2.0946476459503174
1790341581334457900,40.372457763671875,0.8649036884307861,0.014949925243854523,-0.03568514063954353,0.5004444122314453,0.07677073776721954,0.009856526739895344,-2.0928807258605957
1790341581350900000,40.38889990234375,0.8643719553947449,0.014164872467517853,-0.0364563912153244,0.5013297200202942,0.07730890810489655,0.012066200375556946,-2.090902090072632
1790341581367371500,40.40537158203125,0.8638405203819275,0.013173221610486507,-0.03759004920721054,0.5021882653236389,0.07826314866542816,0.014995998702943325,-2.0890026092529297
1790341581383814100,40.42181420898437,0.8634665012359619,0.012906059622764587,-0.038294777274131775,0.5027848482131958,0.07920365035533905,0.016220880672335625,-2.087649345397949
1790341581400255000,40.4382548828125,0.863056480884552,0.012583062052726746,-0.03839101269841194,0.5034891963005066,0.07903166860342026,0.01693994365632534,-2.086045265197754
1790341581416697900,40.45469775390625,0.8626120090484619,0.012342731468379498,-0.038628555834293365,0.5042380094528198,0.07918532937765121,0.017662912607192993,-2.08433198928833
1790341581433140200,40.47114013671875,0.8621722459793091,0.011970202438533306,-0.03887486830353737,0.5049797296524048,0.07921963185071945,0.018622364848852158,-2.082644462585449
1790341581449581600,40.48758154296875,0.8617902398109436,0.011646229773759842,-0.03860914707183838,0.5056594610214233,0.07841846346855164,0.01897408440709114,-2.0810904502868652
1790341581466028500,40.50402856445312,0.8613098859786987,0.011735542677342892,-0.038861554116010666,0.5064557790756226,0.07892712205648422,0.019148608669638634,-2.0792407989501953
1790341581482472200,40.52047216796875,0.860959529876709,0.011258128099143505,-0.03876011446118355,0.5070698261260986,0.07825445383787155,0.019923901185393333,-2.0778496265411377
1790341581498912500,40.53691259765625,0.8606206178665161,0.011427431367337704,-0.0386657640337944,0.5076479315757751,0.07825016230344772,0.019589077681303024,-2.0764949321746826
1790341581515355600,40.55335571289063,0.8601918816566467,0.0112564442679286,-0.03825479373335838,0.5084089636802673,0.07735053449869156,0.019533997401595116,-2.0747361183166504
1790341581531798800,40.569798828125,0.8598399758338928,0.011419075541198254,-0.03826003521680832,0.5090001225471497,0.07751166075468063,0.019312772899866104,-2.073352098464966
1790341581548240600,40.58624072265625,0.8594624996185303,0.01129564456641674,-0.03820023685693741,0.5096443891525269,0.07726844400167465,0.01952194795012474,-2.0718631744384766
1790341581564705500,40.60270556640625,0.8590783476829529,0.01106705516576767,-0.03835688531398773,0.5102850198745728,0.07729043066501617,0.020132312551140785,-2.070391893386841
1790341581581141500,40.6191416015625,0.8587294816970825,0.011340799741446972,-0.03835335746407509,0.5108659267425537,0.07755032926797867,0.019710764288902283,-2.069021701812744
1790341581597577500,40.63557739257813,0.8584089279174805,0.011551990173757076,-0.03813718631863594,0.511415958404541,0.07738175988197327,0.01917644403874874,-2.067725419998169
1790341581614043400,40.65204345703125,0.858131468296051,0.011420627124607563,-0.0380982868373394,0.5118871331214905,0.07716991007328033,0.019404465332627296,-2.0666377544403076
1790341581630484500,40.668484375,0.8577925562858582,0.011279321275651455,-0.038256704807281494,0.5124462246894836,0.07728485763072968,0.019859679043293,-2.065347671508789
1790341581646926800,40.6849267578125,0.8574190735816956,0.01109805703163147,-0.03850577026605606,0.5130560994148254,0.07751286029815674,0.020481301471590996,-2.0639426708221436
1790341581663370200,40.701370361328124,0.8570184707641602,0.011211683973670006,-0.039009448140859604,0.5136848092079163,0.07847977429628372,0.020861392840743065,-2.06247615814209
1790341581679755000,40.71775512695312,0.8565852642059326,0.010911247693002224,-0.03917429968714714,0.5144007802009583,0.0784364566206932,0.02161143533885479,-2.0608301162719727
1790341581696196900,40.73419677734375,0.856178879737854,0.0109556270763278,-0.039576392620801926,0.5150450468063354,0.07915601134300232,0.022009072825312614,-2.059329032897949
1790341581712644400,40.750644287109374,0.8557305932044983,0.011308169923722744,-0.03950037807226181,0.5157877802848816,0.07937005162239075,0.021395761519670486,-2.057570695877075
1790341581729084000,40.767083984375,0.8551970720291138,0.011622470803558826,-0.03962542861700058,0.5166553854942322,0.07988737523555756,0.02106793411076069,-2.0555243492126465
1790341581745524500,40.7835244140625,0.8547031283378601,0.01161289680749178,-0.039904482662677765,0.5174509286880493,0.08033602684736252,0.02144770883023739,-2.0536701679229736
1790341581761996300,40.799996337890626,0.85430508852005,0.011491909623146057,-0.04008157178759575,0.5180967450141907,0.08049781620502472,0.021898820996284485,-2.052171468734741
1790341581778435600,40.816435546875,0.8538110852241516,0.011861306615173817,-0.04021385312080383,0.5188919305801392,0.08108706027269363,0.02148030884563923,-2.0502870082855225
1790341581794874400,40.83287426757813,0.8532885313034058,0.012450461275875568,-0.040298640727996826,0.5197305679321289,0.0818231850862503,0.020642664283514023,-2.048283100128174
1790341581811334100,40.84933422851562,0.8528233766555786,0.012775017879903316,-0.03987952321767807,0.5205179452896118,0.08142539858818054,0.01972762495279312,-2.0464112758636475
1790341581827774000,40.86577392578125,0.8523670434951782,0.013383912853896618,-0.03981577232480049,0.5212542414665222,0.08193409442901611,0.018693355843424797,-2.0446395874023438
1790341581844215300,40.88221533203125,0.8519812822341919,0.013943985104560852,-0.03964204713702202,0.5218831896781921,0.08220813423395157,0.01761792041361332,-2.043121099472046
1790341581860686300,40.898686279296875,0.8515055775642395,0.014262950979173183,-0.03961560130119324,0.5226522088050842,0.08248049765825272,0.01712123677134514,-2.041292667388916
1790341581877127700,40.91512768554688,0.8511577844619751,0.014461580663919449,-0.03967328369617462,0.5232087969779968,0.08277560025453568,0.016897452995181084,-2.0399725437164307
1790341581893570800,40.93157080078125,0.8507975339889526,0.015176060609519482,-0.03981602564454079,0.5237632989883423,0.08375652134418488,0.015885505825281143,-2.0386149883270264
1790341581910014700,40.9480146484375,0.8505421280860901,0.01567726768553257,-0.039899133145809174,0.524156928062439,0.08441639691591263,0.015159041620790958,-2.0376505851745605
1790341581926459100,40.96445922851562,0.850218653678894,0.01628963276743889,-0.04019409790635109,0.5246403813362122,0.08555322140455246,0.014475901611149311,-2.036466360092163
1790341581942901500,40.98090161132812,0.849947988986969,0.01650325581431389,-0.04088209196925163,0.5250187516212463,0.08694344758987427,0.014874461106956005,-2.035564422607422
1790341581959350500,40.9973505859375,0.8498207926750183,0.01682274602353573,-0.04129203408956528,0.5251825451850891,0.08797471970319748,0.014779610559344292,-2.0351552963256836
1790341581975791900,41.0137919921875,0.8496882915496826,0.017092248424887657,-0.041130851954221725,0.5254006385803223,0.08797965198755264,0.014174660667777061,-2.0346176624298096
1790341581992237600,41.030237548828126,0.8495953679084778,0.017615629360079765,-0.04142805188894272,0.5255104899406433,0.08903437107801437,0.01360985729843378,-2.034315347671509
1790341582008684800,41.04668481445312,0.8496679663658142,0.017933879047632217,-0.041765566915273666,0.5253555774688721,0.08994636684656143,0.013408263213932514,-2.0346524715423584
1790341582025066200,41.06306616210937,0.8496823310852051,0.01769941858947277,-0.04209751635789871,0.5253137946128845,0.09026608616113663,0.014151516370475292,-2.0347745418548584
1790341582041508900,41.0795087890625,0.8497039675712585,0.0175773985683918,-0.04221370443701744,0.5252734422683716,0.09033645689487457,0.014476810581982136,-2.034881114959717
1790341582058016800,41.096016845703126,0.8499494791030884,0.017300933599472046,-0.041756000369787216,0.5249220728874207,0.08927207440137863,0.014427955262362957,-2.0357282161712646
1790341582074456800,41.11245678710937,0.8499998450279236,0.0171788539737463,-0.04187288135290146,0.5248350501060486,0.08934453129768372,0.014749199151992798,-2.0359442234039307
1790341582090899000,41.12889892578125,0.8500626087188721,0.01709381304681301,-0.04242473468184471,0.5246917605400085,0.09019835293292999,0.01545881200581789,-2.036292552947998
1790341582107368200,41.1453681640625,0.8502727746963501,0.01701456308364868,-0.04239961877465248,0.5243558287620544,0.09007847309112549,0.015531560406088829,-2.037088394165039
1790341582123753000,41.1617529296875,0.8503742814064026,0.016902869567275047,-0.04279462993144989,0.5241627097129822,0.0906384214758873,0.016115866601467133,-2.037554979324341
1790341582140194600,41.17819458007813,0.8505110740661621,0.016693465411663055,-0.04293443262577057,0.5239360928535461,0.0906616598367691,0.016594605520367622,-2.038106918334961
1790341582156634600,41.194634521484375,0.850599467754364,0.016999512910842896,-0.0428306870162487,0.5237911939620972,0.09080820530653,0.015949796885252,-2.0384185314178467
1790341582173075500,41.211075439453126,0.850806474685669,0.016847897320985794,-0.042384855449199677,0.523496150970459,0.08989433944225311,0.015708664432168007,-2.03912091255188
1790341582189518000,41.22751806640625,0.8509478569030762,0.016963182017207146,-0.042443595826625824,0.5232576131820679,0.0901196151971817,0.015548928640782833,-2.03967022895813
1790341582205964500,41.24396459960938,0.8510812520980835,0.016496647149324417,-0.04287906736135483,0.5230202078819275,0.09037898480892181,0.016774049028754234,-2.0402727127075195
1790341582222405600,41.26040551757813,0.8512978553771973,0.016484171152114868,-0.043017253279685974,0.5226563215255737,0.09060896188020706,0.016901403665542603,-2.041127920150757
1790341582238848300,41.27684814453125,0.851473867893219,0.01690511405467987,-0.043185897171497345,0.5223422646522522,0.09134296327829361,0.016327837482094765,-2.041828155517578
1790341582255323000,41.293322998046875,0.8516446948051453,0.017212899401783943,-0.04324501007795334,0.5220487117767334,0.0917709618806839,0.01583411730825901,-2.0424888134002686
1790341582271764200,41.30976416015625,0.8517305850982666,0.01713799498975277,-0.04399259760975838,0.5218486785888672,0.09297342598438263,0.016721827909350395,-2.042971134185791
1790341582288208600,41.32620874023438,0.8519092798233032,0.017054177820682526,-0.044758301228284836,0.521494448184967,0.09420120716094971,0.017626097425818443,-2.0438156127929688
1790341582304674300,41.34267431640625,0.8520805835723877,0.017185254022479057,-0.045433711260557175,0.5211517810821533,0.09549928456544876,0.01807026006281376,-2.0446126461029053
1790341582321117700,41.35911767578125,0.8522850871086121,0.017570702359080315,-0.04580895975232124,0.5207715630531311,0.09655037522315979,0.01776244305074215,-2.0454704761505127
1790341582337563100,41.375563232421875,0.8525057435035706,0.01818489469587803,-0.04657753184437752,0.5203210711479187,0.09851346164941788,0.017465975135564804,-2.046473741531372
1790341582354036700,41.39203662109375,0.852674663066864,0.01845354028046131,-0.04777540639042854,0.5199260115623474,0.10085026919841766,0.018210627138614655,-2.0473833084106445
1790341582370482000,41.40848193359375,0.8529249429702759,0.01879185065627098,-0.04888543859124184,0.519399881362915,0.10311286151409149,0.018727201968431473,-2.048591136932373
1790341582386867200,41.4248671875,0.8532478213310242,0.018872035667300224,-0.04930886626243591,0.5188261866569519,0.1039336547255516,0.018961552530527115,-2.049928665161133
1790341582403310000,41.44131005859375,0.8535155653953552,0.019403986632823944,-0.05004895478487015,0.5182949900627136,0.10576473921537399,0.01875813491642475,-2.0511229038238525
1790341582419756300,41.45775634765625,0.8539091944694519,0.01919337920844555,-0.04991446062922478,0.5176671147346497,0.10532982647418976,0.018900468945503235,-2.052610397338867
1790341582436201200,41.474201171875,0.8542989492416382,0.019136354327201843,-0.04991982504725456,0.517025351524353,0.1052941381931305,0.018924422562122345,-2.0541152954101562
1790341582452650500,41.490650390625,0.8547900319099426,0.018681295216083527,-0.0498347133398056,0.5162379741668701,0.10469548404216766,0.019517211243510246,-2.0559990406036377
1790341582469095400,41.507095458984374,0.8552820086479187,0.018406106159090996,-0.04978343844413757,0.515437126159668,0.10434185713529587,0.019836939871311188,-2.057894468307495
1790341582485536500,41.52353662109375,0.8558739423751831,0.01830158568918705,-0.049610596150159836,0.5144740343093872,0.10395954549312592,0.019720301032066345,-2.0601487159729004
1790341582501978000,41.53997802734375,0.8564532399177551,0.017641259357333183,-0.04913027957081795,0.513578474521637,0.10247614979743958,0.020248062908649445,-2.062296152114868
1790341582518418400,41.55641845703125,0.8571291565895081,0.017294006422162056,-0.04931562766432762,0.5124437212944031,0.1024656817317009,0.02089809626340866,-2.064974546432495
1790341582534862000,41.572862060546875,0.857772171497345,0.017303163185715675,-0.04899691790342331,0.5113970041275024,0.1019517183303833,0.020430829375982285,-2.0674054622650146
1790341582551331000,41.5893310546875,0.8585341572761536,0.016817525029182434,-0.04864038527011871,0.5101670026779175,0.1008710116147995,0.020754089578986168,-2.070307731628418
1790341582567774500,41.6057744140625,0.8592914342880249,0.016906917095184326,-0.04860867187380791,0.508890688419342,0.10093790292739868,0.020418483763933182,-2.073263645172119
1790341582584219100,41.62221923828125,0.8600140810012817,0.016942506656050682,-0.04854756221175194,0.507672905921936,0.10089723765850067,0.020152339711785316,-2.0760855674743652
1790341582600690700,41.63869067382812,0.860837996006012,0.01671718619763851,-0.04840020835399628,0.5062962770462036,0.10044651478528976,0.02022949419915676,-2.0792977809906006
1790341582617134000,41.655134033203126,0.8615931868553162,0.01664496585726738,-0.04855061322450638,0.504997968673706,0.10066384077072144,0.020354948937892914,-2.0823142528533936
1790341582633573600,41.67157373046875,0.862417995929718,0.016666512936353683,-0.04864351451396942,0.5035786032676697,0.10087954252958298,0.020246047526597977,-2.0855987071990967
1790341582650013200,41.68801318359375,0.863204300403595,0.016618208959698677,-0.04871101677417755,0.5022245645523071,0.10097943991422653,0.02023930288851261,-2.0887348651885986
1790341582666453800,41.704453857421875,0.8639835715293884,0.016681088134646416,-0.04878945276141167,0.5008731484413147,0.10120979696512222,0.02005162462592125,-2.0918519496917725
1790341582682897400,41.7208974609375,0.8647868633270264,0.016669172793626785,-0.048894595354795456,0.49947497248649597,0.10141249001026154,0.020014025270938873,-2.095081329345703
1790341582699347200,41.73734716796875,0.8656324744224548,0.01660263165831566,-0.048996131867170334,0.49800023436546326,0.10155638307332993,0.020057961344718933,-2.09848952293396
1790341582715793200,41.75379321289063,0.866510272026062,0.01639842614531517,-0.048888493329286575,0.49648863077163696,0.1012011468410492,0.020127713680267334,-2.101989984512329
1790341582732239400,41.7702392578125,0.8674677610397339,0.016448266804218292,-0.04889877885580063,0.49481114745140076,0.10130693763494492,0.01985594443976879,-2.1058454513549805
1790341582748648700,41.78664868164063,0.8684417605400085,0.016447613015770912,-0.04871778190135956,0.49311766028404236,0.10102924704551697,0.019480841234326363,-2.109736204147339
1790341582765090800,41.8030908203125,0.8695390820503235,0.016483793035149574,-0.04879109188914299,0.49117162823677063,0.10123585164546967,0.019264187663793564,-2.114201307296753
1790341582781533000,41.819532958984375,0.8707923293113708,0.016156740486621857,-0.048977598547935486,0.48893868923187256,0.10129079967737198,0.019757039844989777,-2.1193549633026123
1790341582798012700,41.8360126953125,0.8721208572387695,0.0159487035125494,-0.04890748858451843,0.4865788221359253,0.101018525660038,0.019777590408921242,-2.124776601791382
1790341582814459400,41.85245947265625,0.8733761310577393,0.016241705045104027,-0.04898567870259285,0.48430436849594116,0.10149027407169342,0.019078878685832024,-2.129948377609253
1790341582830904600,41.868904541015624,0.874717652797699,0.016423970460891724,-0.049004290252923965,0.4818691611289978,0.10175110399723053,0.018495691940188408,-2.1354892253875732
1790341582847381200,41.88538134765625,0.8760804533958435,0.01625843718647957,-0.049411047250032425,0.47935083508491516,0.10235996544361115,0.01888417825102806,-2.141249179840088
1790341582863822600,41.90182250976562,0.8773850202560425,0.015445058234035969,-0.0504961833357811,0.4768724739551544,0.10354769229888916,0.021059509366750717,-2.146981716156006
1790341582880265200,41.91826513671875,0.8786817789077759,0.01499141938984394,-0.05046366527676582,0.4744967222213745,0.10311629623174667,0.021545980125665665,-2.152423143386841
1790341582896706300,41.934706298828125,0.8800192475318909,0.01698950305581093,-0.05006566643714905,0.47198620438575745,0.10436014831066132,0.017359301447868347,-2.157914638519287
1790341582913148700,41.951148681640625,0.8813552856445312,0.01658957451581955,-0.049293458461761475,0.46958255767822266,0.10266561061143875,0.0170529056340456,-2.16339111328125
1790341582929590800,41.9675908203125,0.8824443817138672,0.015471883118152618,-0.0504939928650856,0.4674430191516876,0.10378747433423996,0.01990129053592682,-2.16835618019104
1790341582946038000,41.9840380859375,0.8832373023033142,0.014633185230195522,-0.05150780826807022,0.4658590853214264,0.10483884066343307,0.022143419831991196,-2.1720309257507324
1790341582962478300,42.000478271484376,0.8841090798377991,0.014960776083171368,-0.05196776241064072,0.4641408920288086,0.10600167512893677,0.02178853750228882,-2.1758837699890137
1790341582978917600,42.01691772460938,0.8849781155586243,0.014906397089362144,-0.05143032968044281,0.4625435471534729,0.10503572970628738,0.02119545079767704,-2.179483652114868
1790341582995359700,42.03335986328125,0.885779619216919,0.014711413532495499,-0.052027590572834015,0.4609460234642029,0.10595580190420151,0.02190343104302883,-2.183110475540161
1790341583011802000,42.049802001953125,0.8866874575614929,0.01368197426199913,-0.05266385152935982,0.4591563940048218,0.10618730634450912,0.024100953713059425,-2.187248706817627
1790341583028244200,42.066244140625,0.8873974680900574,0.013165881857275963,-0.053759898990392685,0.4576706290245056,0.10770811140537262,0.025844790041446686,-2.1906580924987793
1790341583044705000,42.082705078125,0.8887189030647278,0.011581224389374256,-0.0532299280166626,0.45520466566085815,0.10539241880178452,0.027879729866981506,-2.196338415145874
1790341583061109000,42.09910888671875,0.8894751667976379,0.012270208448171616,-0.05424819886684418,0.45358625054359436,0.10788559168577194,0.02738780714571476,-2.199922561645508
1790341583077549600,42.115549560546874,0.8902691602706909,0.012648225761950016,-0.05359192565083504,0.45209386944770813,0.10709943622350693,0.025939419865608215,-2.2032198905944824
1790341583093995500,42.13199560546875,0.8910728693008423,0.012090908363461494,-0.05341196805238724,0.4505443871021271,0.1063205823302269,0.02658429555594921,-2.206740140914917
1790341583110203000,42.14820288085937,0.8917073607444763,0.0122074568644166,-0.055101167410612106,0.4490799605846405,0.10949312150478363,0.027722250670194626,-2.210036039352417
1790341583126608400,42.1646083984375,0.8923110365867615,0.012238217517733574,-0.05543654412031174,0.4478371739387512,0.11015993356704712,0.027816085144877434,-2.212818145751953
1790341583143048700,42.18104858398438,0.8930382132530212,0.012721121311187744,-0.05503401160240173,0.44642162322998047,0.10991237312555313,0.02641892433166504,-2.215925693511963
1790341583159490800,42.19749072265625,0.8935812711715698,0.013856233097612858,-0.05586720257997513,0.4451960623264313,0.11245312541723251,0.02498297393321991,-2.2185609340667725
1790341583175934000,42.21393383789062,0.8941732048988342,0.014274077489972115,-0.05618170276284218,0.4439529776573181,0.11342300474643707,0.024359483271837234,-2.2212955951690674
1790341583192381700,42.23038159179688,0.893899142742157,0.012751009315252304,-0.05642600730061531,0.44451984763145447,0.11249364167451859,0.027372146025300026,-2.2201924324035645
1790341583208824000,42.24682397460938,0.8929402232170105,0.011726981960237026,-0.057038478553295135,0.4463934004306793,0.11262204498052597,0.02998470701277256,-2.21612548828125
1790341583225270000,42.26327001953125,0.8919361233711243,0.011873479001224041,-0.05701236054301262,0.44839563965797424,0.11263924837112427,0.029951894655823708,-2.2116363048553467
1790341583241745000,42.27974487304687,0.891283392906189,0.012861544266343117,-0.056338295340538025,0.4497493505477905,0.11227459460496902,0.027753224596381187,-2.2084968090057373
1790341583258190300,42.2961904296875,0.8907285928726196,0.014038264751434326,-0.05613689124584198,0.45083707571029663,0.11294032633304596,0.02561141550540924,-2.2059388160705566
1790341583274640100,42.31264013671875,0.890387773513794,0.014060433954000473,-0.05670144036412239,0.4514387547969818,0.11395274847745895,0.02615896239876747,-2.204599380493164
1790341583291094500,42.32909448242187,0.8910278081893921,0.01309230923652649,-0.05590839684009552,0.45030248165130615,0.11169568449258804,0.027023447677493095,-2.207227945327759
1790341583307536000,42.345535888671876,0.8913507461547852,0.014787768945097923,-0.05712538957595825,0.4494572877883911,0.11542253196239471,0.024991272017359734,-2.2089643478393555
1790341583323978200,42.361978271484375,0.8921647667884827,0.015351509675383568,-0.05580167472362518,0.44798728823661804,0.11359625309705734,0.022606655955314636,-2.212169647216797
1790341583340450800,42.37845092773438,0.8928043246269226,0.01590871810913086,-0.05582121014595032,0.4466893672943115,0.1141614019870758,0.021464385092258453,-2.2150094509124756
1790341583356891000,42.394890869140625,0.8935477137565613,0.01583092473447323,-0.05624504014849663,0.44515007734298706,0.11488930881023407,0.021785318851470947,-2.2184603214263916
1790341583373335000,42.4113349609375,0.8941657543182373,0.016085004433989525,-0.056853700429201126,0.44382044672966003,0.11623986810445786,0.021702053025364876,-2.2214064598083496
1790341583389777700,42.427777587890624,0.8949093818664551,0.016011446714401245,-0.056547291576862335,0.442361056804657,0.11565913259983063,0.021372681483626366,-2.2246625423431396
1790341583406221800,42.444221923828124,0.8956007957458496,0.01611769199371338,-0.056350287050008774,0.4409809708595276,0.11543107032775879,0.02083027921617031,-2.2277212142944336
1790341583422666800,42.460666748046876,0.896305501461029,0.016476556658744812,-0.05637851357460022,0.4395298659801483,0.11583063006401062,0.020025363191962242,-2.230910539627075
1790341583439120000,42.477119873046874,0.8970584273338318,0.01710358075797558,-0.05663053318858147,0.4379347264766693,0.1168690174818039,0.018916260451078415,-2.2343897819519043
1790341583455564800,42.493564697265626,0.8977347016334534,0.016330303624272346,-0.057044487446546555,0.4365222156047821,0.11696974188089371,0.020483242347836494,-2.2376198768615723
1790341583472010800,42.5100107421875,0.8990547060966492,0.015512857586145401,-0.05638305842876434,0.4339134693145752,0.11512494832277298,0.021038474515080452,-2.2434895038604736
1790341583488455700,42.52645556640625,0.9003769755363464,0.015258672647178173,-0.05638286471366882,0.43117234110832214,0.11496865004301071,0.021145924925804138,-2.24959135055542
1790341583504898600,42.54289868164062,0.9016213417053223,0.014892570674419403,-0.056277111172676086,0.4285908043384552,0.11452323943376541,0.021386414766311646,-2.2553417682647705
1790341583521341400,42.559341552734374,0.9026073217391968,0.014726274646818638,-0.05609628185629845,0.4265400767326355,0.11410170793533325,0.021272141486406326,-2.2598891258239746
1790341583537797000,42.575797119140624,0.9036616086959839,0.012473058886826038,-0.0557427741587162,0.42442062497138977,0.11159853637218475,0.024776453152298927,-2.2647993564605713
1790341583554241300,42.5922412109375,0.9044842720031738,0.011030104011297226,-0.05563065782189369,0.4227197766304016,0.11022278666496277,0.02708255872130394,-2.2686944007873535
1790341583570686500,42.6086865234375,0.9051868319511414,0.010542813688516617,-0.05578821524977684,0.4212045967578888,0.11014427244663239,0.027913697063922882,-2.2720844745635986
1790341583587160300,42.62516040039063,0.9059830904006958,0.009362885728478432,-0.05532607063651085,0.4195786416530609,0.10836482048034668,0.029466306790709496,-2.2757699489593506
1790341583603603700,42.64160375976562,0.9066369533538818,0.00784879270941019,-0.05508390814065933,0.41822680830955505,0.1067037433385849,0.03184850886464119,-2.2788801193237305
1790341583620052700,42.658052734375,0.9072577953338623,0.0071304249577224255,-0.05564488098025322,0.4168168306350708,0.10717760026454926,0.033455416560173035,-2.28205943107605
1790341583636504600,42.67450463867188,0.9079185128211975,0.0053818365558981895,-0.05652236193418503,0.41528353095054626,0.10738572478294373,0.03718164190649986,-2.285607099533081
1790341583652953600,42.69095361328125,0.9085043668746948,0.004222385119646788,-0.05679069086909294,0.4139770567417145,0.10697169601917267,0.03935813531279564,-2.288583993911743
1790341583669399600,42.70739965820312,0.9089650511741638,0.0035878659691661596,-0.05813247337937355,0.4127836525440216,0.10895175486803055,0.04148167744278908,-2.291297197341919
1790341583685847800,42.72384790039062,0.9093772768974304,0.0030803729314357042,-0.05975455045700073,0.4116465151309967,0.11155194789171219,0.04360688105225563,-2.2938859462738037
1790341583702291200,42.74029125976563,0.9096335172653198,0.002208216581493616,-0.06038321927189827,0.4109939634799957,0.11201882362365723,0.045632779598236084,-2.29541277885437
1790341583718736600,42.75673657226562,0.9096930623054504,0.0017430114094167948,-0.06159862503409386,0.41068360209465027,0.11387715488672256,0.04744167625904083,-2.2961742877960205
1790341583735212300,42.77321240234375,0.909777820110321,0.0013237145030871034,-0.06198582798242569,0.41043922305107117,0.11425572633743286,0.04849326238036156,-2.296759605407715
1790341583751656400,42.78965649414062,0.9097333550453186,0.0007335058180615306,-0.06272320449352264,0.41042742133140564,0.11512356996536255,0.05017310380935669,-2.2968626022338867
1790341583768103700,42.80610375976563,0.9097442030906677,0.0006064769113436341,-0.06270415335893631,0.41040632128715515,0.1149861142039299,0.05038619786500931,-2.2969188690185547
1790341583784602400,42.82260229492187,0.9096981287002563,0.0003739523235708475,-0.06306689977645874,0.41045305132865906,0.11545746773481369,0.05111388862133026,-2.296849489212036
1790341583801013800,42.839013671875,0.9096935987472534,0.0005458135856315494,-0.0631658062338829,0.4104478657245636,0.11577910929918289,0.05088144540786743,-2.2968499660491943
1790341583817423400,42.85542333984375,0.9097021818161011,0.0007066545658744872,-0.06325382739305496,0.4104148745536804,0.1160733625292778,0.05065659433603287,-2.2969117164611816
1790341583833896700,42.87189672851562,0.9098589420318604,0.001301225391216576,-0.06302586942911148,0.410101056098938,0.11615869402885437,0.049346111714839935,-2.2975401878356934
1790341583850343400,42.888343505859375,0.9100623726844788,0.001885264297015965,-0.06281257420778275,0.4096798002719879,0.11626710742712021,0.048053160309791565,-2.2984046936035156
1790341583866785500,42.90478564453125,0.9103804230690002,0.00198921631090343,-0.062282755970954895,0.40905290842056274,0.11541452258825302,0.04734968766570091,-2.299750566482544
1790341583883229700,42.92122973632812,0.9108836054801941,0.0023795461747795343,-0.06221713870763779,0.4079393148422241,0.11566876620054245,0.04644334688782692,-2.3021528720855713
1790341583899678500,42.937678466796875,0.9114330410957336,0.0024177604354918003,-0.06193384900689125,0.4067533016204834,0.11524046957492828,0.04599255323410034,-2.3047358989715576
1790341583916122400,42.95412231445312,0.9121013283729553,0.0025008865632116795,-0.06137963384389877,0.4053362309932709,0.11436202377080917,0.04521205276250839,-2.307809829711914
1790341583932569600,42.97056958007813,0.9128026962280273,0.0028281784616410732,-0.06093898043036461,0.4038190245628357,0.11389106512069702,0.04406776279211044,-2.311082601547241
1790341583949013000,42.98701293945312,0.9138164520263672,0.00273509556427598,-0.06039310246706009,0.40160268545150757,0.11291978508234024,0.04352305084466934,-2.315913200378418
1790341583965455600,43.00345556640625,0.9148486852645874,0.0027034743689000607,-0.060373999178409576,0.39924898743629456,0.11297054588794708,0.04327548295259476,-2.3210501670837402
1790341583981900000,43.019900146484375,0.9160998463630676,0.002054919023066759,-0.059688057750463486,0.39647725224494934,0.11132518202066422,0.04357868432998657,-2.3271236419677734
1790341583998342400,43.03634228515625,0.9174250960350037,0.0013094877358525991,-0.05913097783923149,0.39348840713500977,0.10985466092824936,0.0441463328897953,-2.3336730003356934
1790341584014787000,43.052787109375,0.9188166856765747,0.0017138610128313303,-0.05893412232398987,0.39025625586509705,0.10995924472808838,0.04286249354481697,-2.3406548500061035
1790341584031251000,43.0692509765625,0.9204831719398499,0.0009386673336848617,-0.05815565586090088,0.3864297866821289,0.10809928178787231,0.04323156923055649,-2.3489959239959717
1790341584047697000,43.08569677734375,0.9221463203430176,0.0006517036817967892,-0.057818807661533356,0.3824956715106964,0.10743924230337143,0.04304224252700806,-2.3575282096862793
1790341584064091600,43.10209155273437,0.9238804578781128,-0.00020281324395909905,-0.05732505023479462,0.3783631920814514,0.10606968402862549,0.04376810044050217,-2.3665149211883545
1790341584080430300,43.11843041992187,0.9256646037101746,-0.0004756269045174122,-0.0565958209335804,0.3740880489349365,0.10471057146787643,0.043237652629613876,-2.375737190246582
1790341584096875000,43.134875,0.9268021583557129,-0.00031203817343339324,-0.05638592690229416,0.37129274010658264,0.10457004606723785,0.04246252402663231,-2.3817386627197266
1790341584113316900,43.15131689453125,0.927602231502533,0.00008082538261078298,-0.05652400478720665,0.369268536567688,0.1052081435918808,0.04160713031888008,-2.3860676288604736
1790341584129624800,43.16762475585937,0.9283753037452698,0.00016411593242082745,-0.05678856372833252,0.3672797977924347,0.1058509349822998,0.04142170399427414,-2.390345335006714
1790341584146068500,43.184068359375,0.9291836023330688,0.00014762017235625535,-0.0568077489733696,0.36522695422172546,0.10596559196710587,0.04123279079794884,-2.3947572708129883
1790341584162513000,43.20051293945313,0.9299629330635071,0.00007961802475620061,-0.05685262009501457,0.3632308840751648,0.1060880795121193,0.04116479679942131,-2.3990485668182373
1790341584178964700,43.21696484375,0.9307103753089905,0.00010117847705259919,-0.056910160928964615,0.36130258440971375,0.10629585385322571,0.040946681052446365,-2.403184175491333
1790341584195408000,43.23340795898437,0.9345021843910217,-0.000992150278761983,-0.056303463876247406,0.3514748513698578,0.10481563955545425,0.04144470393657684,-2.424281358718872
1790341584211851800,43.24985180664063,0.9381250143051147,-0.001817164709791541,-0.05601036921143532,0.34173235297203064,0.10412591695785522,0.04170265048742294,-2.4451022148132324
1790341584228329000,43.266328857421875,0.9415119886398315,-0.002639623824506998,-0.05556231737136841,0.33235689997673035,0.10314379632472992,0.041915785521268845,-2.4650607109069824
1790341584244770800,43.28277075195312,0.9448896646499634,-0.004073949996381998,-0.05537595972418785,0.3226459324359894,0.10229413211345673,0.043446190655231476,-2.4857163429260254
1790341584261215500,43.299215576171875,0.9479429125785828,-0.004901550710201263,-0.05538549646735191,0.3135487735271454,0.10220760852098465,0.044039126485586166,-2.5049664974212646
1790341584277681200,43.31568115234375,0.9498580098152161,-0.005321458913385868,-0.054766878485679626,0.30780208110809326,0.10103430598974228,0.043838020414114,-2.517063617706299
1790341584294124000,43.3321240234375,0.9504992961883545,-0.005295241717249155,-0.05463067814707756,0.30584076046943665,0.10088012367486954,0.04349653795361519,-2.5211760997772217
1790341584310567200,43.348567138671875,0.9511294364929199,-0.005568835884332657,-0.054174356162548065,0.30395224690437317,0.09992910921573639,0.04353995621204376,-2.5251450538635254
1790341584327036200,43.3650361328125,0.9517872333526611,-0.00574639905244112,-0.05397025868296623,0.3019194006919861,0.09952490031719208,0.043541792780160904,-2.5294158458709717
1790341584343476000,43.38147607421875,0.952409029006958,-0.006137889344245195,-0.05373600125312805,0.2999865412712097,0.09893139451742172,0.04394586384296417,-2.53348970413208
1790341584359917000,43.3979169921875,0.953053891658783,-0.006972638890147209,-0.05325479805469513,0.2979995608329773,0.09760746359825134,0.0450456477701664,-2.5376980304718018
1790341584376360200,43.41436010742188,0.9559776186943054,-0.008806446567177773,-0.053012214601039886,0.2884770929813385,0.0965343713760376,0.047440942376852036,-2.5577409267425537
1790341584392804000,43.43080419921875,0.9587695002555847,-0.010346032679080963,-0.052305854856967926,0.2791382074356079,0.09477827697992325,0.04905972629785538,-2.577298402786255
1790341584409243000,43.44724291992188,0.9613932371139526,-0.011972230859100819,-0.05163511633872986,0.2700251340866089,0.09307250380516052,0.05092761293053627,-2.596337080001831
1790341584425692400,43.4636923828125,0.9638700485229492,-0.01382606290280819,-0.050756797194480896,0.261126846075058,0.09087856858968735,0.05318605154752731,-2.614882707595825
1790341584442139600,43.4801396484375,0.9660264253616333,-0.01549940649420023,-0.049918461591005325,0.2531029284000397,0.0888514369726181,0.055242784321308136,-2.6315603256225586
1790341584458587000,43.4965869140625,0.9680505990982056,-0.01662812940776348,-0.04913177713751793,0.2453315705060959,0.08721396327018738,0.05633068084716797,-2.6476457118988037
1790341584474976300,43.51297631835938,0.969035804271698,-0.017720840871334076,-0.04820435866713524,0.24152018129825592,0.08510759472846985,0.05766085907816887,-2.655526638031006
1790341584491418000,43.529418212890626,0.9699380993843079,-0.01859191805124283,-0.04766956716775894,0.23791202902793884,0.0838695541024208,0.058782193809747696,-2.6629860401153564
1790341584507858700,43.545858642578125,0.9708898067474365,-0.0198113564401865,-0.04603848606348038,0.2342246025800705,0.08034718036651611,0.06007210537791252,-2.670559883117676
1790341584524311300,43.56231127929688,0.9717945456504822,-0.020938750356435776,-0.04502973333001137,0.23054134845733643,0.07809161394834518,0.061497513204813004,-2.678142547607422
1790341584540754200,43.57875415039062,0.9726500511169434,-0.02179795131087303,-0.04411761462688446,0.2270030677318573,0.07614757120609283,0.062473855912685394,-2.6854090690612793
1790341584557197300,43.595197265625,0.9734514951705933,-0.022722501307725906,-0.04332350194454193,0.22360458970069885,0.07440412789583206,0.06365615874528885,-2.6923904418945312
1790341584573668400,43.61166845703125,0.9742333292961121,-0.023261746391654015,-0.04334694892168045,0.22011233866214752,0.07444284856319427,0.06445175409317017,-2.699587345123291
1790341584590110200,43.628110107421875,0.9749939441680908,-0.023855816572904587,-0.042843226343393326,0.21675385534763336,0.07342361658811569,0.06513747572898865,-2.706475019454956
1790341584606550000,43.64455004882812,0.9757407903671265,-0.02404959313571453,-0.042558424174785614,0.2134019434452057,0.07300706952810287,0.06514249742031097,-2.7133381366729736
1790341584622991400,43.660991455078126,0.9765295386314392,-0.024403780698776245,-0.0423986092209816,0.20975451171398163,0.07278957217931747,0.06549543887376785,-2.720816135406494
1790341584639434500,43.6774345703125,0.9772751927375793,-0.024773048236966133,-0.04192022606730461,0.2063065469264984,0.0719308853149414,0.0657643973827362,-2.7278614044189453
1790341584655875300,43.69387524414063,0.9779793620109558,-0.024972790852189064,-0.04192740470170975,0.20291602611541748,0.07209233939647675,0.06590893864631653,-2.7348060607910156
1790341584672323800,43.71032373046875,0.9786701798439026,-0.024842381477355957,-0.04177885502576828,0.1996048539876938,0.07207421958446503,0.06535002589225769,-2.741558074951172
1790341584688764000,43.72676391601563,0.9793406128883362,-0.024743463844060898,-0.04141974076628685,0.19637751579284668,0.07162124663591385,0.0647776648402214,-2.7481229305267334
1790341584705206000,43.7432060546875,0.9800064563751221,-0.024707749485969543,-0.0412762314081192,0.19306251406669617,0.07157102972269058,0.06440982222557068,-2.754878282546997
1790341584721672400,43.75967236328125,0.9806302189826965,-0.024761976674199104,-0.04098571091890335,0.18992476165294647,0.07118434458971024,0.06417713314294815,-2.761263370513916
1790341584738116400,43.776116455078125,0.9812026023864746,-0.02481917105615139,-0.04089706391096115,0.1869574636220932,0.0711822435259819,0.06404105573892593,-2.7673094272613525
1790341584754559200,43.792559326171876,0.981774628162384,-0.02493937872350216,-0.04042430594563484,0.1840178519487381,0.07039818912744522,0.06389074772596359,-2.773275136947632
1790341584771015700,43.809015625,0.9823286533355713,-0.02478594332933426,-0.04038075730204582,0.18106749653816223,0.07055849581956863,0.06336155533790588,-2.7792720794677734
1790341584787457300,43.825457275390626,0.9828668832778931,-0.024830132722854614,-0.0402127169072628,0.17815491557121277,0.07039874792098999,0.06317964196205139,-2.785191059112549
1790341584803898000,43.84189819335938,0.9833343625068665,-0.025021091103553772,-0.04019923135638237,0.17553192377090454,0.07047419995069504,0.06336309015750885,-2.790534496307373
1790341584820413400,43.85841333007812,0.9838210344314575,-0.02510330080986023,-0.039881978183984756,0.17284542322158813,0.06999233365058899,0.06322325766086578,-2.795980930328369
1790341584836858000,43.874858154296874,0.9842568039894104,-0.02539551444351673,-0.03937521204352379,0.17042066156864166,0.06904850900173187,0.06345468759536743,-2.800891637802124
1790341584853301200,43.89130126953125,0.9847412109375,-0.025729238986968994,-0.03872183710336685,0.1677006632089615,0.06782180070877075,0.06370371580123901,-2.8063926696777344
1790341584869744400,43.90774438476563,0.985201895236969,-0.02610972709953785,-0.038120072335004807,0.16505305469036102,0.06667908281087875,0.06407420337200165,-2.81174898147583
1790341584886189600,43.924189453125,0.9856473207473755,-0.026544401422142982,-0.03762597218155861,0.16241639852523804,0.06573370099067688,0.06459389626979828,-2.817089557647705
1790341584902633700,43.9406337890625,0.9860600233078003,-0.026762496680021286,-0.03698272258043289,0.16000553965568542,0.06454968452453613,0.06465878337621689,-2.8219501972198486
1790341584919083000,43.9570830078125,0.9864373803138733,-0.027104733511805534,-0.0362868495285511,0.15776585042476654,0.06321237236261368,0.06496959179639816,-2.8264636993408203
1790341584935526400,43.9735263671875,0.9868357181549072,-0.027472207322716713,-0.0356711782515049,0.15533262491226196,0.06204066053032875,0.06534941494464874,-2.831373691558838
1790341584951968500,43.98996850585937,0.9872210621833801,-0.02727355808019638,-0.03516964614391327,0.1530163735151291,0.06126006692647934,0.06465817242860794,-2.8360276222229004
1790341584968411100,44.0064111328125,0.9876198172569275,-0.027381980791687965,-0.034228354692459106,0.15061792731285095,0.05951937660574913,0.06444137543439865,-2.840831756591797
1790341584984852500,44.0228525390625,0.9880195260047913,-0.02675173245370388,-0.033653613179922104,0.1482207030057907,0.05872025713324547,0.06288022547960281,-2.8456249237060547
1790341585001294800,44.039294921875,0.9884195923805237,-0.025715092197060585,-0.03276582807302475,0.14591775834560394,0.057404447346925735,0.06043361499905586,-2.8501908779144287
1790341585017752800,44.0557529296875,0.988792359828949,-0.025120096281170845,-0.03177410364151001,0.14369840919971466,0.05574183538556099,0.058842845261096954,-2.854599952697754
1790341585034195200,44.0721953125,0.9891960620880127,-0.023750893771648407,-0.030946284532546997,0.1413138508796692,0.05462324991822243,0.05576375499367714,-2.8593220710754395
1790341585050636500,44.08863647460937,0.9895683526992798,-0.022557273507118225,-0.02951030805706978,0.13919349014759064,0.05222199112176895,0.05288385972380638,-2.8634860515594482
1790341585067048000,44.1050478515625,0.9899122714996338,-0.020736172795295715,-0.02864387258887291,0.1371978372335434,0.05110330879688263,0.04893326386809349,-2.867406129837036
1790341585083490600,44.121490478515625,0.9903309941291809,-0.018702421337366104,-0.027058016508817673,0.13476918637752533,0.048618707805871964,0.04435088858008385,-2.8721628189086914
1790341585099929300,44.137929443359376,0.9906789064407349,-0.01724066771566868,-0.025973152369260788,0.13260295987129211,0.04694657772779465,0.0410597026348114,-2.8764374256134033
1790341585116369400,44.15436938476562,0.9909862875938416,-0.016422713175415993,-0.024771790951490402,0.1306251734495163,0.044855762273073196,0.03903091326355934,-2.880352735519409
1790341585132810800,44.170810791015626,0.9912154674530029,-0.015340233221650124,-0.02410188317298889,0.1291344165802002,0.04386191442608833,0.036643918603658676,-2.88329815864563
1790341585149298200,44.18729809570313,0.9915039539337158,-0.014311227947473526,-0.022675974294543266,0.12728291749954224,0.041359398514032364,0.03415844962000847,-2.886948585510254
1790341585165743900,44.203743896484376,0.9917507171630859,-0.012735500000417233,-0.02181834541261196,0.12566755712032318,0.04010554403066635,0.030749443918466568,-2.890127182006836
1790341585182183400,44.22018334960938,0.992051899433136,-0.012098798528313637,-0.020482514053583145,0.12356030941009521,0.037674397230148315,0.02907101809978485,-2.8943161964416504
1790341585198622700,44.236622802734374,0.9922927021980286,-0.011535899713635445,-0.019639816135168076,0.12180548906326294,0.03618837893009186,0.02768198773264885,-2.897812604904175
1790341585215092500,44.25309252929687,0.9924716949462891,-0.011190168559551239,-0.018432477489113808,0.12056148797273636,0.03390776365995407,0.02665950171649456,-2.9002773761749268
1790341585231530800,44.26953076171875,0.992685079574585,-0.010810859501361847,-0.017747344449162483,0.11893097311258316,0.032680150121450424,0.025687800720334053,-2.903534412384033
1790341585247968500,44.28596850585937,0.9928507208824158,-0.010066882707178593,-0.017622238025069237,0.11762458086013794,0.032639577984809875,0.02413778379559517,-2.9061427116394043
1790341585264437800,44.302437744140626,0.9930213689804077,-0.009536247700452805,-0.017211856320500374,0.11628204584121704,0.03197956085205078,0.022944269701838493,-2.908822774887085
1790341585280881700,44.318881591796874,0.9931867718696594,-0.009201579727232456,-0.017155028879642487,0.11489637196063995,0.03197517991065979,0.022221703082323074,-2.911602735519409
1790341585297328600,44.33532861328125,0.9933251738548279,-0.009498140774667263,-0.017143527045845985,0.11367078125476837,0.031912557780742645,0.022768886759877205,-2.9140779972076416
1790341585313801200,44.35180126953125,0.9934845566749573,-0.00965172704309225,-0.016978897154331207,0.11228130757808685,0.031582724303007126,0.022992534562945366,-2.9168756008148193
1790341585330243600,44.36824365234375,0.9936205744743347,-0.009567782282829285,-0.01683897152543068,0.11109934747219086,0.03135040029883385,0.02275705337524414,-2.9192490577697754
1790341585346685400,44.384685546875,0.9937729835510254,-0.009115595370531082,-0.01698615588247776,0.10974355041980743,0.03177293762564659,0.021847644820809364,-2.921968698501587
1790341585363126300,44.40112622070313,0.9939261674880981,-0.008718004450201988,-0.017118707299232483,0.10835996270179749,0.032152749598026276,0.0210416242480278,-2.9247446060180664
1790341585379569400,44.4175693359375,0.9940654039382935,-0.008616384118795395,-0.017382770776748657,0.10703980922698975,0.03272758796811104,0.020853305235505104,-2.9274027347564697
1790341585396011300,44.43401123046875,0.9941911101341248,-0.008521337993443012,-0.017744816839694977,0.10581381618976593,0.03349356725811958,0.020700449123978615,-2.929873466491699
1790341585412458800,44.450458740234374,0.9943239688873291,-0.008369069546461105,-0.017871106043457985,0.104549340903759,0.033802829682826996,0.020381368696689606,-2.9324147701263428
1790341585428898300,44.46689819335938,0.9944813251495361,-0.00807130616158247,-0.01771797053515911,0.10309142619371414,0.03358905389904976,0.019707942381501198,-2.9353346824645996
1790341585445336000,44.483336181640624,0.9946532249450684,-0.0075296456925570965,-0.017686752602458,0.10146636515855789,0.03366852551698685,0.018569061532616615,-2.938585042953491
1790341585461775600,44.499775634765626,0.9948106408119202,-0.007167126052081585,-0.01775064319372177,0.0999276340007782,0.03389653190970421,0.01780836656689644,-2.9416682720184326
1790341585478216000,44.5162158203125,0.9949929118156433,-0.0071458518505096436,-0.01757718436419964,0.09812804311513901,0.033587489277124405,0.01767069287598133,-2.945281505584717
1790341585494659000,44.5326591796875,0.9951278567314148,-0.007021667901426554,-0.01763579249382019,0.0967489555478096,0.03375256806612015,0.017388278618454933,-2.948050022125244
1790341585511118800,44.54911889648437,0.9952813386917114,-0.006250525824725628,-0.017175517976284027,0.09529489278793335,0.033007729798555374,0.01571618765592575,-2.9509406089782715
1790341585527561000,44.56556103515625,0.9954342842102051,-0.005302146077156067,-0.0165698304772377,0.0938505157828331,0.03200158476829529,0.013666476123034954,-2.9538052082061768
1790341585544001000,44.5820009765625,0.9955829977989197,-0.00462304288521409,-0.016421383246779442,0.09232320636510849,0.03185184299945831,0.012237700633704662,-2.95685076713562
1790341585560470500,44.59847045898437,0.9957208037376404,-0.004578486550599337,-0.015932878479361534,0.09091449528932571,0.030904043465852737,0.012015136890113354,-2.9596729278564453
1790341585576912600,44.61491259765625,0.9958512783050537,-0.004745683632791042,-0.015762021765112877,0.08949507772922516,0.03055088222026825,0.012273545376956463,-2.9625258445739746
1790341585593352000,44.63135205078125,0.995993435382843,-0.00475896755233407,-0.015480242669582367,0.0879485011100769,0.03000609017908573,0.012203032150864601,-2.965628147125244
1790341585609790000,44.6477900390625,0.9961323738098145,-0.0043267919681966305,-0.015097766183316708,0.08645088970661163,0.02933669462800026,0.011230780743062496,-2.968618154525757
1790341585626231000,44.66423095703125,0.9962571859359741,-0.0036164557095617056,-0.015207025222480297,0.0850139856338501,0.02969110570847988,0.009791616350412369,-2.9714837074279785
1790341585642672600,44.680672607421876,0.9963895678520203,-0.0030412885826081038,-0.0149189792573452,0.08352331817150116,0.029227422550320625,0.008552886545658112,-2.974456787109375
1790341585659118300,44.697118408203124,0.9965094923973083,-0.002847410039976239,-0.014906436204910278,0.08208900690078735,0.029246460646390915,0.008122340776026249,-2.9773294925689697
1790341585675560200,44.71356030273437,0.9966307282447815,-0.0027894224040210247,-0.014998133294284344,0.08058971166610718,0.029450798407197,0.00797752384096384,-2.980336904525757
1790341585692002300,44.73000219726563,0.9967539310455322,-0.0023830805439502,-0.014728584326803684,0.07911418378353119,0.028989264741539955,0.007081228774040937,-2.983283758163452
1790341585708475600,44.7464755859375,0.9968743324279785,-0.0019565157126635313,-0.014808474108576775,0.07757890224456787,0.029225526377558708,0.006198490504175425,-2.98635196685791
1790341585724916500,44.76291650390625,0.9969987273216248,-0.0013538968050852418,-0.014775809831917286,0.07598262280225754,0.029261717572808266,0.004945096559822559,-2.9895362854003906
1790341585741359600,44.77935961914063,0.9971144795417786,-0.0011325913947075605,-0.014661246910691261,0.07447507977485657,0.029073566198349,0.004442455712705851,-2.9925529956817627
1790341585757824500,44.79582446289062,0.9972193241119385,-0.0009771013865247369,-0.015108532272279263,0.0729692205786705,0.029995199292898178,0.004153696820139885,-2.995569944381714
1790341585774265600,44.812265625,0.9973340630531311,-0.0006547741941176355,-0.01503672357648611,0.07140273600816727,0.029904402792453766,0.0034533904399722815,-2.9987010955810547
1790341585790706700,44.828706787109375,0.9974298477172852,-0.0001297666458413005,-0.015385661274194717,0.06997809559106827,0.030678976327180862,0.0024121871683746576,-3.001542329788208
1790341585807172400,44.84517236328125,0.9975306987762451,0.00024277379270642996,-0.015736589208245277,0.06844647228717804,0.031433913856744766,0.001669880235567689,-3.0046019554138184
1790341585823495000,44.86149487304687,0.997622013092041,0.000362955906894058,-0.016094785183668137,0.06701692193746567,0.03216725215315819,0.001433060853742063,-3.0074639320373535
1790341585839938600,44.8779384765625,0.9977083802223206,0.000255419930908829,-0.01647137850522995,0.0656260997056961,0.03290677070617676,0.0016522362129762769,-3.0102553367614746
1790341585856379600,44.89437963867187,0.9977996349334717,0.0003379132831469178,-0.016701504588127136,0.06416282057762146,0.03337910771369934,0.0014688923256471753,-3.013185501098633
1790341585872820000,44.91082006835938,0.9978870749473572,0.0005456400685943663,-0.0168325062841177,0.06275271624326706,0.03366874158382416,0.0010235968511551619,-3.0160040855407715
1790341585889262300,44.92726245117188,0.997974157333374,0.0007450769771821797,-0.017088809981942177,0.06127947196364403,0.03420637547969818,0.0006072514806874096,-3.018949270248413
1790341585905713700,44.943713623046875,0.9980575442314148,0.0010493156732991338,-0.017351878806948662,0.05982617288827896,0.034768905490636826,-0.000018361955881118774,-3.021850347518921
1790341585922156500,44.96015649414063,0.9981411099433899,0.0013839397579431534,-0.01768629625439644,0.058306001126766205,0.03547567129135132,-0.0007003001519478858,-3.02488374710083
1790341585938600200,44.97660009765625,0.9982267022132874,0.0018822862766683102,-0.01778949424624443,0.05677485466003418,0.035737294703722,-0.0017379058990627527,-3.027932643890381
1790341585955044600,44.993044677734375,0.9983094930648804,0.002470562933012843,-0.017775680869817734,0.05528218671679497,0.03577220439910889,-0.0029674202669411898,-3.0309009552001953
1790341585971486700,45.00948681640625,0.9983870387077332,0.003277606563642621,-0.017947472631931305,0.053763601928949356,0.03619776666164398,-0.004614814650267363,-3.033912181854248
1790341585987931100,45.02593115234375,0.9984592795372009,0.004425767343491316,-0.017988460138440132,0.05230605602264404,0.03639339655637741,-0.006956142373383045,-3.03678822517395
1790341586004398800,45.04239892578125,0.9985266327857971,0.0063140615820884705,-0.01833951473236084,0.05067911744117737,0.037275757640600204,-0.010750862769782543,-3.0399715900421143
1790341586020843500,45.05884350585937,0.9985732436180115,0.008556162007153034,-0.019097769632935524,0.04912872612476349,0.0389961376786232,-0.015211996622383595,-3.0429773330688477
1790341586037288200,45.0752880859375,0.9986182451248169,0.01093460526317358,-0.019773386418819427,0.047446295619010925,0.04054893180727959,-0.01996397040784359,-3.0462353229522705
1790341586053741300,45.0917412109375,0.9986499547958374,0.013582073152065277,-0.0202835351228714,0.04585281386971474,0.04178334400057793,-0.025270048528909683,-3.049299478530884
1790341586070150000,45.10814990234375,0.9986631870269775,0.01623528264462948,-0.020835373550653458,0.044432200491428375,0.04309125244617462,-0.03058040142059326,-3.052008867263794
1790341586086598100,45.12459814453125,0.9986799359321594,0.01897289976477623,-0.020965605974197388,0.04288412258028984,0.04354526847600937,-0.03610537201166153,-3.0549774169921875
1790341586103046000,45.1410458984375,0.9986832141876221,0.021765995770692825,-0.02131606452167034,0.041276294738054276,0.04442610219120979,-0.041727080941200256,-3.058051109313965
1790341586119496400,45.15749633789063,0.9986886978149414,0.024271400645375252,-0.021390359848737717,0.039678629487752914,0.04471457377076149,-0.04679874703288078,-3.061126232147217
1790341586135942700,45.17394262695313,0.9986986517906189,0.026541536673903465,-0.021177949383854866,0.03805508464574814,0.0443941093981266,-0.051424797624349594,-3.0642783641815186
1790341586152364800,45.19036474609375,0.9986956715583801,0.028437605127692223,-0.02126062847673893,0.03669120743870735,0.04463556781411171,-0.05526900291442871,-3.066913366317749
1790341586168773600,45.20677368164063,0.9987045526504517,0.030085086822509766,-0.021189551800489426,0.03514502942562103,0.04453010857105255,-0.05863640457391739,-3.069934368133545
1790341586185217300,45.22321728515625,0.9987252354621887,0.031219040974974632,-0.020816227421164513,0.033765312284231186,0.043782997876405716,-0.060990557074546814,-3.0726656913757324
1790341586201692700,45.23969262695312,0.9987534284591675,0.03198007121682167,-0.020606307312846184,0.03231560066342354,0.04332651570439339,-0.06258945912122726,-3.0755467414855957
1790341586218137300,45.256137451171874,0.9987237453460693,0.032433219254016876,-0.02026267535984516,0.03299102187156677,0.042712654918432236,-0.06348933279514313,-3.0741937160491943
1790341586234582000,45.27258203125,0.9987659454345703,0.032754506915807724,-0.0201810784637928,0.031410712748765945,0.04247027635574341,-0.06420446932315826,-3.077350378036499
1790341586251050200,45.28905029296875,0.9987762570381165,0.03307813033461571,-0.020018335431814194,0.03084060363471508,0.042129065841436386,-0.06488607078790665,-3.0784881114959717
1790341586267496200,45.30549609375,0.9987640380859375,0.03321419656276703,-0.020122535526752472,0.031021829694509506,0.04235854744911194,-0.0651438757777214,-3.0781118869781494
1790341586283938800,45.32193872070312,0.9987990856170654,0.03341134637594223,-0.01994265988469124,0.029772983863949776,0.04192937910556793,-0.06560198217630386,-3.0806167125701904
1790341586300408800,45.33840893554687,0.9988167881965637,0.03355724737048149,-0.019912075251340866,0.02902524173259735,0.04182807728648186,-0.0659269243478775,-3.0821101665496826
1790341586316849000,45.35484887695313,0.9988134503364563,0.033695969730615616,-0.01992599479854107,0.028969209641218185,0.041860900819301605,-0.06620584428310394,-3.0822153091430664
1790341586333289000,45.3712890625,0.9988336563110352,0.033904898911714554,-0.019864581525325775,0.028056932613253593,0.04169001430273056,-0.0666653960943222,-3.0840377807617188
1790341586349728800,45.38772875976562,0.9988550543785095,0.03407958149909973,-0.01984555460512638,0.027080725878477097,0.041596919298172,-0.06705649942159653,-3.085987091064453
1790341586366170400,45.40417041015625,0.9988730549812317,0.03427441790699959,-0.019670583307743073,0.026287727057933807,0.04120425879955292,-0.06748861819505692,-3.0875790119171143
1790341586382615000,45.42061499023438,0.9988607168197632,0.034513022750616074,-0.019399095326662064,0.026642823591828346,0.04069821164011955,-0.067966029047966,-3.0868752002716064
1790341586399067000,45.43706689453125,0.9988864660263062,0.034872956573963165,-0.018818235024809837,0.025605948641896248,0.03948400169610977,-0.06875869631767273,-3.0889768600463867
1790341586415510500,45.453510498046874,0.9988963603973389,0.0353507399559021,-0.019029933959245682,0.024378199130296707,0.03984886035323143,-0.06975217163562775,-3.0914015769958496
1790341586431950800,45.469950927734374,0.9989124536514282,0.035643722862005234,-0.018793931230902672,0.023458542302250862,0.03932677209377289,-0.07038626819849014,-3.0932483673095703
1790341586448391400,45.48639135742187,0.9989066123962402,0.035760413855314255,-0.018933385610580444,0.02341868169605732,0.039609335362911224,-0.07061450928449631,-3.093313455581665
1790341586464832800,45.502832763671876,0.9989262819290161,0.03584566339850426,-0.018882781267166138,0.022470591589808464,0.039445050060749054,-0.07082492858171463,-3.0952131748199463
1790341586481279000,45.519279052734376,0.9989444017410278,0.0357511043548584,-0.018846038728952408,0.021839158609509468,0.039322078227996826,-0.07066236436367035,-3.096485137939453
1790341586497685200,45.53568530273437,0.9989734292030334,0.03559204190969467,-0.01886729523539543,0.020723480731248856,0.03927837312221527,-0.07038712501525879,-3.0987260341644287
1790341586514129400,45.55212939453125,0.9989979267120361,0.035552866756916046,-0.019010117277503014,0.019439253956079483,0.039472248405218124,-0.0703534260392189,-3.101290702819824
1790341586530574000,45.56857397460937,0.9990237355232239,0.035372909158468246,-0.0195250753313303,0.01786804012954235,0.04038607329130173,-0.07003624737262726,-3.104410409927368
1790341586547046700,45.585046630859374,0.9990580677986145,0.035089295357465744,-0.019678369164466858,0.016265129670500755,0.04057025536894798,-0.06952835619449615,-3.107623338699341
1790341586563489300,45.6014892578125,0.9990878105163574,0.03482856974005699,-0.01976235769689083,0.014830885455012321,0.04062974825501442,-0.06906230002641678,-3.110502243041992
1790341586579933700,45.61793359375,0.999117910861969,0.034468721598386765,-0.020009830594062805,0.013225038535892963,0.041003406047821045,-0.06840069591999054,-3.113717794418335
1790341586596378600,45.63437866210938,0.9991520047187805,0.033929213881492615,-0.020140035077929497,0.011773448437452316,0.0411497987806797,-0.06737761944532394,-3.1166398525238037
1790341586612824000,45.650823974609374,0.9991853833198547,0.0333406999707222,-0.020325081422924995,0.010191217064857483,0.041399262845516205,-0.06626127660274506,-3.1198220252990723
1790341586629270800,45.667270751953126,0.9992083311080933,0.03279631957411766,-0.02022711932659149,0.00990114826709032,0.041170697659254074,-0.06518632173538208,-3.1204328536987305
1790341586645722600,45.68372265625,0.9992241263389587,0.03240411728620529,-0.020475152879953384,0.009046870283782482,0.041603147983551025,-0.0644320473074913,-3.1221444606781006
1790341586662167600,45.70016748046875,0.999260663986206,0.03166048601269722,-0.02015393041074276,0.008347636088728905,0.04089910537004471,-0.0629793107509613,-3.1235969066619873
1790341586678610700,45.71661059570312,0.9992875456809998,0.03093959391117096,-0.020283840596675873,0.0074636200442910194,0.04109002277255058,-0.06157121807336807,-3.125389575958252
1790341586695085600,45.73308544921875,0.999318540096283,0.030248891562223434,-0.020205559208989143,0.006271352060139179,0.04084841534495354,-0.06023954972624779,-3.1278107166290283
1790341586711526700,45.74952661132812,0.9993501305580139,0.029565177857875824,-0.01997203752398491,0.00513039855286479,0.04030230641365051,-0.05892108753323555,-3.1301374435424805
1790341586727969500,45.76596948242187,0.9993714094161987,0.02895139902830124,-0.020019814372062683,0.004228280391544104,0.04033740609884262,-0.05772916227579117,-3.1319661140441895
1790341586744438300,45.782438232421875,0.9993915557861328,0.028149981051683426,-0.02042037807404995,0.0026961371768265963,0.041043970733881,-0.056185152381658554,-3.1350436210632324
1790341586760883500,45.79888354492188,0.9994093179702759,0.02750251069664955,-0.020544379949569702,0.001650853082537651,0.04122914373874664,-0.05493232235312462,-3.1371562480926514
1790341586777327600,45.81532763671875,0.9994206428527832,0.027049504220485687,-0.020644793286919594,0.000755897315684706,0.04137880355119705,-0.05406278744339943,-3.13896107673645
1790341586793799400,45.83179931640625,-0.9994303584098816,-0.026544440537691116,0.020843584090471268,0.00021604866196867079,0.04172283038496971,-0.0530925877392292,-3.1409170627593994
1790341586810243800,45.84824389648438,-0.9994392395019531,-0.026309672743082047,0.020675405859947205,0.0012963569024577737,0.041328467428684235,-0.05266778916120529,3.140087127685547
1790341586826649900,45.86464990234375,-0.9994617104530334,-0.02568769082427025,0.020395776256918907,0.0007547019049525261,0.040796004235744476,-0.05140114203095436,3.1411314010620117
1790341586842970000,45.88097021484375,0.9994763731956482,0.025456365197896957,-0.019971245899796486,0.00027831332408823073,0.03999819606542587,-0.05089692771434784,-3.140017509460449
1790341586859411200,45.8974111328125,-0.9995004534721375,-0.024942239746451378,0.01940201222896576,0.0005876036011613905,0.038813382387161255,-0.04990307241678238,3.141385555267334
1790341586875853800,45.91385375976562,-0.9995256066322327,-0.024483051151037216,0.01859370991587639,0.0018985971109941602,0.037129953503608704,-0.04903312399983406,3.138704299926758
1790341586892321000,45.930321044921875,-0.9995436668395996,-0.02442643791437149,0.01748807542026043,0.003172708908095956,0.034854013472795486,-0.04896111041307449,3.1360979080200195
1790341586908765400,45.946765380859375,-0.9995632171630859,-0.024178555235266685,0.01645534299314022,0.0042459722608327866,0.03273531049489975,-0.04849473387002945,3.1338911056518555
1790341586925212700,45.96321264648437,-0.9995912313461304,-0.024034690111875534,0.014818834140896797,0.004488855600357056,0.02944822981953621,-0.04820143058896065,3.1333212852478027
1790341586941659000,45.97965893554687,-0.9996143579483032,-0.02382710948586464,0.013593096286058426,0.004329415503889322,0.02700347825884819,-0.04777171090245247,3.133575677871704
1790341586958102300,45.996102294921876,-0.9996351599693298,-0.023668015375733376,0.011973295360803604,0.0051017580553889275,0.023725293576717377,-0.047458745539188385,3.131948709487915
1790341586974546400,46.01254638671875,-0.99965500831604,-0.023455947637557983,0.010384530760347843,0.005646930076181889,0.020521115511655807,-0.04703032597899437,3.130777597427368
1790341586991012400,46.02901245117187,-0.9996760487556458,-0.022977083921432495,0.00888300035148859,0.00640830909833312,0.017485199496150017,-0.0460694245994091,3.1291749477386475
1790341587007453000,46.04545288085937,-0.9997081756591797,-0.022238407284021378,0.007394399959594011,0.0058671277947723866,0.014538479968905449,-0.0445653535425663,3.1301791667938232
1790341587023941600,46.06194165039062,-0.9997372627258301,-0.0213320329785347,0.005583147518336773,0.006256971508264542,0.010906587354838848,-0.04273573309183121,3.1293087005615234
1790341587040432400,46.07843237304687,-0.9997658729553223,-0.020075887441635132,0.0035721994936466217,0.0072467452846467495,0.006857351865619421,-0.0402049794793129,3.1272339820861816
1790341587057003000,46.0950029296875,-0.9997961521148682,-0.01845032162964344,0.0015138896415010095,0.008056249469518661,0.0027317467611283064,-0.03692590445280075,3.1255276203155518
1790341587073511000,46.11151098632813,-0.9998233914375305,-0.01662427745759487,-0.0007697133696638048,0.008733749389648438,-0.0018305513076484203,-0.03323535621166229,3.1240921020507812
1790341587090002400,46.12800244140625,-0.9998461604118347,-0.014787164516746998,-0.0027303271926939487,0.009041216224431992,-0.00572973070666194,-0.029524696990847588,3.1234233379364014
1790341587106465000,46.14446508789062,-0.9998574256896973,-0.013335617259144783,-0.004622418433427811,0.009277530945837498,-0.009494459256529808,-0.026584792882204056,3.1229093074798584
1790341587122891300,46.160891357421875,-0.9998636841773987,-0.011783646419644356,-0.006350384093821049,0.009671621024608612,-0.012930884025990963,-0.02344338968396187,3.122095823287964
1790341587139377700,46.17737768554687,-0.9998615980148315,-0.010652282275259495,-0.007835941389203072,0.010102475062012672,-0.015889162197709084,-0.021144866943359375,3.1212174892425537
1790341587155863800,46.19386376953125,-0.99985671043396,-0.00979700218886137,-0.008991874754428864,0.01047662366181612,-0.018190879374742508,-0.019404007121920586,3.1204607486724854
1790341587172246800,46.210246826171876,-0.9998466372489929,-0.009403866715729237,-0.010527748614549637,0.01036642212420702,-0.021252507343888283,-0.01858764886856079,3.120659828186035
1790341587188745500,46.22674536132813,-0.9998416304588318,-0.009527316316962242,-0.011198781430721283,0.010037757456302643,-0.022591207176446915,-0.018827905878424644,3.1213018894195557
1790341587205207800,46.243207763671876,-0.9998282194137573,-0.009625253267586231,-0.012085429392755032,0.010242737829685211,-0.024370696395635605,-0.019000768661499023,3.120872735977173
1790341587221720300,46.25972021484375,-0.9998099207878113,-0.009771006181836128,-0.012432224117219448,0.011407405138015747,-0.0250899288803339,-0.019255850464105606,3.11853289604187
1790341587238234600,46.276234619140624,-0.9997811317443848,-0.009990576654672623,-0.012626474723219872,0.013358941301703453,-0.02552204206585884,-0.019640689715743065,3.1146199703216553
1790341587254705200,46.292705078125,-0.9997643828392029,-0.010676052421331406,-0.013158749788999557,0.013571136631071568,-0.02661007270216942,-0.020991457626223564,3.114166259765625
1790341587271205600,46.30920556640625,-0.9997360706329346,-0.0120522640645504,-0.013815696351230145,0.013846834190189838,-0.02796938456594944,-0.023717781528830528,3.1135616302490234
1790341587287696000,46.32569580078125,-0.9996996521949768,-0.013654653914272785,-0.01481751911342144,0.01395393069833517,-0.030022570863366127,-0.026890819892287254,3.113274574279785
1790341587304211000,46.3422109375,-0.9996610879898071,-0.015599342063069344,-0.015417320653796196,0.014025860466063023,-0.03128167614340782,-0.030760478228330612,3.1130521297454834
1790341587320699100,46.35869921875,-0.9996041059494019,-0.01805868186056614,-0.015821361914277077,0.014667206443846226,-0.032185934484004974,-0.035646501928567886,3.1116750240325928
1790341587337186800,46.37518676757813,-0.9995372295379639,-0.020963842049241066,-0.016325728967785835,0.014813289046287537,-0.03329215943813324,-0.041436463594436646,3.111264705657959
1790341587353685800,46.391685791015625,-0.9994556307792664,-0.024243079125881195,-0.016832124441862106,0.014744823798537254,-0.034407224506139755,-0.04798180237412453,3.1112632751464844
1790341587370143700,46.40814379882813,-0.9993538856506348,-0.02771114371716976,-0.017076870426535606,0.015243182890117168,-0.035036418586969376,-0.054893430322408676,3.1101269721984863
1790341587386631400,46.42463134765625,-0.9992501735687256,-0.03084636479616165,-0.017409835010766983,0.015641212463378906,-0.03583311662077904,-0.06113993003964424,3.1091933250427246
1790341587403114800,46.44111474609375,-0.9991536140441895,-0.03359217941761017,-0.017392605543136597,0.01615794003009796,-0.03592872992157936,-0.06661469489336014,3.1080548763275146
1790341587419579600,46.45757958984375,-0.9990590810775757,-0.03602670505642891,-0.0176409799605608,0.016487376764416695,-0.03653810918331146,-0.07146472483873367,3.107283592224121
1790341587436047000,46.47404711914062,-0.9989753365516663,-0.038104236125946045,-0.017811967059969902,0.016705531626939774,-0.03697456419467926,-0.0756072849035263,3.1067519187927246
1790341587452538000,46.4905380859375,-0.9988802671432495,-0.03980812057852745,-0.018067819997668266,0.018086008727550507,-0.037661321461200714,-0.07895555347204208,3.103896379470825
1790341587469017300,46.50701733398437,-0.9988247752189636,-0.04100269451737404,-0.018236329779028893,0.018312914296984673,-0.03806654363870621,-0.08133072406053543,3.1033787727355957
1790341587485528800,46.52352880859375,-0.9987683892250061,-0.041938502341508865,-0.0185563787817955,0.018940603360533714,-0.038799531757831573,-0.08316659927368164,3.1020548343658447
1790341587502016800,46.54001684570313,-0.9987384676933289,-0.0425349660217762,-0.018768660724163055,0.01897379755973816,-0.03925367072224617,-0.08435037732124329,3.101944923400879
1790341587518462000,46.5564619140625,-0.998683512210846,-0.043523337692022324,-0.019082117825746536,0.019313784316182137,-0.03995448350906372,-0.08630207180976868,3.10119366645813
1790341587534988800,46.57298876953125,-0.9986426830291748,-0.044268205761909485,-0.019296914339065552,0.019512545317411423,-0.040435660630464554,-0.08777584135532379,3.100743532180786
1790341587551507700,46.5895078125,-0.9985894560813904,-0.04513108357787132,-0.01985381916165352,0.019701898097991943,-0.04160834848880768,-0.08947186172008514,3.1002755165100098
1790341587567966700,46.605966796875,-0.9985459446907043,-0.046014681458473206,-0.019944576546549797,0.01977391727268696,-0.04183708131313324,-0.09123329818248749,3.1000823974609375
1790341587584457500,46.62245751953125,-0.9984648823738098,-0.04735838621854782,-0.020519433543086052,0.02010372281074524,-0.04308302700519562,-0.09388419985771179,3.099304676055908
1790341587600959200,46.638959228515624,-0.9983735680580139,-0.04894501715898514,-0.02089982107281685,0.020443996414542198,-0.04395374655723572,-0.09702844172716141,3.0985093116760254
1790341587617454000,46.6554541015625,-0.9982812404632568,-0.05058930814266205,-0.021032027900218964,0.020811529830098152,-0.04433469846844673,-0.10029736161231995,3.0976784229278564
1790341587633972200,46.67197216796875,-0.9981628656387329,-0.05232369154691696,-0.02150392159819603,0.021694792434573174,-0.045458950102329254,-0.10370788723230362,3.0957703590393066
1790341587650454300,46.68845434570313,-0.998012363910675,-0.054362569004297256,-0.022037768736481667,0.0230302382260561,-0.04677991196513176,-0.10770206898450851,3.092926502227783
1790341587666940400,46.7049404296875,-0.9978942275047302,-0.05644332244992256,-0.02242046594619751,0.022776775062084198,-0.047633301466703415,-0.1118607372045517,3.0932834148406982
1790341587683405800,46.72140576171875,-0.9977560639381409,-0.05849950388073921,-0.023093612864613533,0.022967984899878502,-0.04912017658352852,-0.11593518406152725,3.092710256576538
1790341587699864000,46.737864013671874,-0.9976342916488647,-0.06055383384227753,-0.023122988641262054,0.02290049009025097,-0.04928452521562576,-0.12005025893449783,3.092728614807129
1790341587716380700,46.754380615234375,-0.9975101947784424,-0.06233735755085945,-0.023715347051620483,0.0229148231446743,-0.05057668685913086,-0.1235918328166008,3.09252667427063
1790341587732898800,46.77089892578125,-0.9973931908607483,-0.06406636536121368,-0.023859404027462006,0.023087387904524803,-0.050985440611839294,-0.12703843414783478,3.092061758041382
1790341587749379600,46.78737963867187,-0.997259259223938,-0.06550976634025574,-0.0239108819514513,0.02471204847097397,-0.05138340964913368,-0.12984322011470795,3.0887014865875244
1790341587765885200,46.80388525390625,-0.9971786141395569,-0.0663709044456482,-0.024269547313451767,0.025312595069408417,-0.052236851304769516,-0.1315174698829651,3.0873944759368896
1790341587782412300,46.82041235351563,-0.9971451163291931,-0.06691621989011765,-0.024037828668951988,0.025420596823096275,-0.05181849002838135,-0.13261662423610687,3.087175130844116
1790341587798907100,46.8369072265625,-0.9971126914024353,-0.06725544482469559,-0.024232441559433937,0.02561136707663536,-0.05225694552063942,-0.13327546417713165,3.086744546890259
1790341587815388400,46.85338842773437,-0.9970932602882385,-0.06748578697443008,-0.024163132533431053,0.025824928656220436,-0.05216057598590851,-0.1337294578552246,3.0863101482391357
1790341587831910400,46.86991040039062,-0.9970811009407043,-0.06759794056415558,-0.024285104125738144,0.025886109098792076,-0.052421461790800095,-0.13394410908222198,3.0861637592315674
1790341587848455000,46.886454833984374,-0.9970817565917969,-0.0676378384232521,-0.024275995790958405,0.025764238089323044,-0.05238918587565422,-0.13403093814849854,3.0864078998565674
1790341587864915500,46.90291552734375,-0.9971175789833069,-0.06748705357313156,-0.024158958345651627,0.02486933209002018,-0.052023470401763916,-0.13378213346004486,3.0882346630096436
1790341587881450200,46.9194501953125,-0.9970959424972534,-0.06770291179418564,-0.024201586842536926,0.02510794997215271,-0.05215473473072052,-0.13419973850250244,3.087735414505005
1790341587897940000,46.93593994140625,-0.9970800280570984,-0.06783177703619003,-0.024296876043081284,0.025296026840806007,-0.05238000676035881,-0.13444283604621887,3.0873360633850098
1790341587914427400,46.95242749023438,-0.9970922470092773,-0.06790381669998169,-0.02420159988105297,0.024705825373530388,-0.052112579345703125,-0.13462315499782562,3.0885331630706787
1790341587930930000,46.96892993164062,-0.9970946311950684,-0.06798137724399567,-0.023774689063429832,0.02481188252568245,-0.05127207934856415,-0.13479578495025635,3.0883729457855225
1790341587947428600,46.9854287109375,-0.9970754981040955,-0.06808829307556152,-0.024081408977508545,0.024991026148200035,-0.0519205704331398,-0.13498423993587494,3.0879640579223633
1790341587963946000,47.00194604492187,-0.9970532059669495,-0.06843051314353943,-0.024274583905935287,0.02475844696164131,-0.05229877680540085,-0.13567155599594116,3.088385581970215
1790341587980460800,47.01846069335937,-0.9970020651817322,-0.06905312091112137,-0.024302877485752106,0.025059236213564873,-0.05243527516722679,-0.13690142333507538,3.087738513946533
1790341587996948700,47.03494873046875,-0.9969514608383179,-0.06952042877674103,-0.024810858070850372,0.025282569229602814,-0.05351836606860161,-0.13779810070991516,3.0871896743774414
1790341588013448400,47.05144848632813,-0.996915876865387,-0.07019031792879105,-0.025135718286037445,0.02450278215110302,-0.054105330258607864,-0.13916465640068054,3.0886735916137695
1790341588029938200,47.067938232421874,-0.9968422651290894,-0.07092560827732086,-0.025640469044446945,0.024854205548763275,-0.0552171990275383,-0.14059144258499146,3.08784818649292
1790341588046453500,47.08445361328125,-0.9967498779296875,-0.07220129668712616,-0.025850342586636543,0.02466864511370659,-0.05569298192858696,-0.14314624667167664,3.0881106853485107
1790341588062882800,47.1008828125,-0.9967159628868103,-0.07289252430200577,-0.027053432539105415,0.022631799802184105,-0.057864267379045486,-0.14458498358726501,3.091996192932129
1790341588079373800,47.11737377929688,-0.996634304523468,-0.07374322414398193,-0.027579888701438904,0.022832922637462616,-0.05900546535849571,-0.14625141024589539,3.091456890106201
1790341588095876400,47.13387646484375,-0.9965853691101074,-0.0742826834321022,-0.027991915121674538,0.02271788753569126,-0.05985139310359955,-0.1473185271024704,3.0915911197662354
1790341588112308000,47.15030786132812,-0.9965173602104187,-0.07480388879776001,-0.029079344123601913,0.02262720838189125,-0.062062084674835205,-0.14831392467021942,3.0915756225585938
1790341588128804400,47.166804443359375,-0.99651038646698,-0.07502206414937973,-0.02907899022102356,0.022210469469428062,-0.06201191991567612,-0.1487770527601242,3.092400550842285
1790341588145124600,47.18312451171875,-0.9964839220046997,-0.07516181468963623,-0.029619472101330757,0.022212112322449684,-0.06311062723398209,-0.14903031289577484,3.092306137084961
1790341588161577500,47.19957739257813,-0.9964784979820251,-0.0751492828130722,-0.02958223968744278,0.022541305050253868,-0.06308426707983017,-0.14898620545864105,3.091648817062378
1790341588178043000,47.21604296875,-0.9964957237243652,-0.07498154044151306,-0.02987666428089142,0.02194490097463131,-0.06357858330011368,-0.14867337048053741,3.0928192138671875
1790341588194564400,47.232564453125,-0.9964969754219055,-0.07490362226963043,-0.029942534863948822,0.022064510732889175,-0.06372476369142532,-0.14850640296936035,3.092573642730713
1790341588211078700,47.24907861328125,-0.9964844584465027,-0.07501526921987534,-0.029999950900673866,0.022170811891555786,-0.06386315077543259,-0.14872047305107117,3.0923426151275635
1790341588227591000,47.2655908203125,-0.9964849352836609,-0.07500933855772018,-0.030140560120344162,0.021978480741381645,-0.06411755830049515,-0.14871400594711304,3.09270977973938
1790341588244079900,47.282079833984376,-0.9964989423751831,-0.0749327540397644,-0.03008252941071987,0.021678855642676353,-0.0639510452747345,-0.1485826075077057,3.0933279991149902
1790341588260544500,47.29854443359375,-0.9965246915817261,-0.07467705011367798,-0.03004426322877407,0.021433020010590553,-0.0638221874833107,-0.14808784425258636,3.0938477516174316
1790341588277036300,47.315036376953124,-0.99653160572052,-0.07451089471578598,-0.03016974963247776,0.021509448066353798,-0.06407703459262848,-0.14774397015571594,3.093687057495117
1790341588293516500,47.3315166015625,-0.9965142011642456,-0.07468198239803314,-0.030212782323360443,0.021662486717104912,-0.0641966387629509,-0.14807488024234772,3.0933597087860107
1790341588309972500,47.34797241210938,-0.9965069890022278,-0.07493481785058975,-0.030504420399665833,0.020688630640506744,-0.06465369462966919,-0.14863058924674988,3.0952610969543457
1790341588326462200,47.364462158203125,-0.996512770652771,-0.07491954416036606,-0.030631115660071373,0.02027500420808792,-0.06484637409448624,-0.14862100780010223,3.0960769653320312
1790341588342929200,47.38092919921875,-0.9965120553970337,-0.07487855106592178,-0.0306668970733881,0.020409831777215004,-0.06493646651506424,-0.14852844178676605,3.0958027839660645
1790341588359424800,47.3974248046875,-0.9965251684188843,-0.07487206906080246,-0.030677540227770805,0.019765786826610565,-0.06486105918884277,-0.1485568881034851,3.097100019454956
1790341588375944400,47.4139443359375,-0.9965186715126038,-0.07517725974321365,-0.030748145654797554,0.018803797662258148,-0.06487544625997543,-0.14922797679901123,3.0990068912506104
1790341588392429000,47.43042895507813,-0.9965296387672424,-0.07533839344978333,-0.03108982741832733,0.01691780611872673,-0.06528865545988083,-0.14966000616550446,3.10274600982666
1790341588408915000,47.4469150390625,-0.9965185523033142,-0.07544755935668945,-0.03138897567987442,0.016530657187104225,-0.06583905965089798,-0.1498926728963852,3.103473424911499
1790341588425413400,47.463413330078126,-0.9965278506278992,-0.075420081615448,-0.031185386702418327,0.016482526436448097,-0.06541968137025833,-0.1498485505580902,3.1036033630371094
1790341588441872000,47.47987182617187,-0.9965139031410217,-0.0754033774137497,-0.031762126833200455,0.016299085691571236,-0.06655479222536087,-0.14980532228946686,3.1038870811462402
1790341588458382800,47.4963828125,-0.9965204000473022,-0.07539834082126617,-0.031604472547769547,0.01622999645769596,-0.06622601300477982,-0.14980576932430267,3.104050636291504
1790341588474893000,47.51289306640625,-0.996516764163971,-0.07537253946065903,-0.031654998660087585,0.01647600345313549,-0.0663638785481453,-0.14973580837249756,3.103548765182495
1790341588491378000,47.5293779296875,-0.9965103268623352,-0.07533103972673416,-0.03171427175402641,0.01693495362997055,-0.06655074656009674,-0.14961975812911987,3.1026177406311035
1790341588507875800,47.54587573242188,-0.996526837348938,-0.07524681091308594,-0.03149251267313957,0.016747217625379562,-0.06607084721326828,-0.14947207272052765,3.1030356884002686
1790341588524409900,47.56240991210937,-0.996551513671875,-0.07488101720809937,-0.031672824174165726,0.016577793285250664,-0.0663912445306778,-0.14874331653118134,3.103376865386963
1790341588540926500,47.578926513671874,-0.9965800642967224,-0.07459189742803574,-0.03137495741248131,0.016727684065699577,-0.06579868495464325,-0.14816544950008392,3.103140354156494
1790341588557414700,47.59541455078125,-0.9966087341308594,-0.07411519438028336,-0.03147328272461891,0.01695200800895691,-0.06600705534219742,-0.14719153940677643,3.102708101272583
1790341588573904000,47.61190380859375,-0.9966683387756348,-0.07346788793802261,-0.031067796051502228,0.01701684668660164,-0.06516701728105545,-0.14590603113174438,3.102684259414673
1790341588590367700,47.62836767578125,-0.9967010021209717,-0.07298336178064346,-0.031034205108880997,0.01724781095981598,-0.06510928273200989,-0.14492137730121613,3.1022584438323975
1790341588606861600,47.644861572265626,-0.9967575073242188,-0.07222454249858856,-0.030697781592607498,0.017771655693650246,-0.06446932256221771,-0.14338037371635437,3.101306200027466
1790341588623393300,47.66139331054688,-0.9968093633651733,-0.07156063616275787,-0.03078717365860939,0.01738911122083664,-0.06456150114536285,-0.14207135140895844,3.1021111011505127
1790341588639876400,47.67787646484375,-0.9968702793121338,-0.07052385807037354,-0.030895162373781204,0.017929961904883385,-0.06480446457862854,-0.1399548053741455,3.1010801792144775
1790341588656358700,47.69435864257812,-0.9969274401664734,-0.06959915161132812,-0.03090600110590458,0.018344637006521225,-0.06483768671751022,-0.13807499408721924,3.1003096103668213
1790341588672854300,47.71085424804688,-0.9969632625579834,-0.06876195967197418,-0.03128988668322563,0.01889406330883503,-0.0656440407037735,-0.1363459676504135,3.099210262298584
1790341588689290800,47.72729077148438,-0.9970120787620544,-0.06802583485841751,-0.03112988919019699,0.019243551418185234,-0.06533107161521912,-0.13485543429851532,3.098581552505493
1790341588705768000,47.743767822265625,-0.997054398059845,-0.06672293692827225,-0.031073350459337234,0.021562792360782623,-0.06545770913362503,-0.1320965737104416,3.094015121459961
1790341588722242300,47.7602421875,-0.9971179366111755,-0.06563375145196915,-0.031329862773418427,0.021601276472210884,-0.06591737270355225,-0.12990066409111023,3.0939831733703613
1790341588738721000,47.77672094726562,-0.9971941113471985,-0.06439458578824997,-0.03136352449655533,0.02176523581147194,-0.06593597680330276,-0.12740693986415863,3.0937390327453613
1790341588755215000,47.79321508789062,-0.9972389340400696,-0.06343082338571548,-0.03183136135339737,0.02186131477355957,-0.06683487445116043,-0.12544840574264526,3.0935568809509277
1790341588771734300,47.809734375,-0.9972960948944092,-0.06240846589207649,-0.03211112692952156,0.021784868091344833,-0.06733012944459915,-0.12339325249195099,3.0937509536743164
1790341588788238600,47.82623852539062,-0.9973090887069702,-0.06163068488240242,-0.03203181177377701,0.023461248725652695,-0.06733181327581406,-0.12172706425189972,3.0904476642608643
1790341588804689700,47.84268969726563,-0.9973570704460144,-0.0606716051697731,-0.031707216054201126,0.024343978613615036,-0.06672795116901398,-0.11976484954357147,3.0887832641601562
1790341588821172000,47.859171875,-0.9974014759063721,-0.05991026386618614,-0.03167961537837982,0.024446452036499977,-0.06663798540830612,-0.11823555082082748,3.088636636734009
1790341588837664800,47.875664794921875,-0.997466504573822,-0.058990005403757095,-0.031240621581673622,0.02459176629781723,-0.06571599096059799,-0.11640730500221252,3.088463544845581
1790341588854152400,47.89215234375,-0.99751216173172,-0.058624520897865295,-0.03136686235666275,0.02342711016535759,-0.06581199169158936,-0.11574594676494598,3.090815782546997
1790341588870696700,47.90869677734375,-0.9975327849388123,-0.05814239755272865,-0.03124856948852539,0.023906704038381577,-0.06560113281011581,-0.11475549638271332,3.0899007320404053
1790341588887178200,47.92517822265625,-0.9975661635398865,-0.05767358839511871,-0.030585676431655884,0.024498125538229942,-0.06430835276842117,-0.11381341516971588,3.0888218879699707
1790341588903658200,47.941658203125,-0.9975956082344055,-0.05717303976416588,-0.030497057363390923,0.024581924080848694,-0.0641094371676445,-0.11281091719865799,3.0886991024017334
1790341588920154000,47.95815405273437,-0.9976348876953125,-0.05677049979567528,-0.02983277291059494,0.02473594807088375,-0.0627674013376236,-0.11203078180551529,3.0884928703308105
1790341588936642300,47.97464233398438,-0.9976102113723755,-0.05652005970478058,-0.02938174270093441,0.026759888976812363,-0.06207255274057388,-0.1114279106259346,3.0844945907592773
1790341588953151200,47.991151123046876,-0.9975957870483398,-0.05634526163339615,-0.02917996607720852,0.027864955365657806,-0.06177913770079613,-0.11102132499217987,3.0823090076446533
1790341588969660400,48.00766040039063,-0.9976116418838501,-0.05612810701131821,-0.02879295125603676,0.028135979548096657,-0.061017200350761414,-0.11059317737817764,3.081822395324707
1790341588986147300,48.02414721679688,-0.9976102113723755,-0.055975764989852905,-0.028309382498264313,0.02897060289978981,-0.06012794002890587,-0.1102670207619667,3.080209493637085
1790341589002645500,48.0406455078125,-0.9975981712341309,-0.055871762335300446,-0.02815752662718296,0.029721638187766075,-0.05989876762032509,-0.11002320051193237,3.0787243843078613
1790341589019136000,48.05713598632813,-0.9976099133491516,-0.055794212967157364,-0.027822531759738922,0.02978946827352047,-0.05922785773873329,-0.1098850890994072,3.0786304473876953
1790341589035646700,48.07364672851563,-0.9975928664207458,-0.055827539414167404,-0.027503132820129395,0.030585551634430885,-0.05867650359869003,-0.10992515832185745,3.077064037322998
1790341589052070100,48.090070068359374,-0.9975792765617371,-0.05595516785979271,-0.027422083541750908,0.030864613130688667,-0.05855370685458183,-0.110169418156147,3.0765037536621094
1790341589068419300,48.10641943359375,-0.9975619316101074,-0.05605247989296913,-0.027158895507454872,0.03147709369659424,-0.05809994041919708,-0.11034566909074783,3.075295925140381
1790341589084799000,48.12279907226562,-0.9975483417510986,-0.05608273670077324,-0.027148935943841934,0.03185884281992912,-0.05812449753284454,-0.11038464307785034,3.0745279788970947
1790341589101259500,48.13925952148438,-0.9975337982177734,-0.056086115539073944,-0.02712707221508026,0.032324131578207016,-0.058132436126470566,-0.11036579310894012,3.0735950469970703
1790341589117715200,48.15571508789063,-0.9975296258926392,-0.056141968816518784,-0.026994779706001282,0.0324663370847702,-0.057886671274900436,-0.11047831177711487,3.0733203887939453
1790341589134168800,48.1721689453125,-0.9974728226661682,-0.0563897043466568,-0.02690325863659382,0.03383062779903412,-0.057873569428920746,-0.11090127378702164,3.0705726146698
1790341589150657000,48.188656982421875,-0.9974671602249146,-0.056438930332660675,-0.026945382356643677,0.03388054296374321,-0.057967592030763626,-0.1109938696026802,3.0704643726348877
1790341589167157800,48.20515771484375,-0.997451663017273,-0.05659684166312218,-0.02671719156205654,0.03425291180610657,-0.057563215494155884,-0.1113046258687973,3.0697309970855713
1790341589183650000,48.22165014648437,-0.9974047541618347,-0.05667365342378616,-0.026662172749638557,0.035511601716279984,-0.05759971961379051,-0.11138971894979477,3.067202568054199
1790341589200117800,48.23811767578125,-0.997412383556366,-0.05661555379629135,-0.026430713012814522,0.03556397557258606,-0.0571359284222126,-0.11128772050142288,3.067126989364624
1790341589216592600,48.25459252929687,-0.9973942041397095,-0.05670270696282387,-0.026452915742993355,0.03591548278927803,-0.0572269968688488,-0.11144028604030609,3.0664122104644775
1790341589233076000,48.27107592773437,-0.9974002838134766,-0.056699950248003006,-0.02630234695971012,0.03586180880665779,-0.056918319314718246,-0.11144916713237762,3.0665371417999268
1790341589249571600,48.28757153320313,-0.9973962903022766,-0.05662315711379051,-0.02633194625377655,0.0360703207552433,-0.05699480324983597,-0.1112813875079155,3.066119909286499
1790341589266094800,48.3040947265625,-0.9974135756492615,-0.05639610439538956,-0.02608473412692547,0.03613031283020973,-0.05648624524474144,-0.11084241420030594,3.0660417079925537
1790341589282606800,48.32060693359375,-0.9974243640899658,-0.05615856498479843,-0.026113150641322136,0.036180220544338226,-0.056529272347688675,-0.11036217957735062,3.0659537315368652
1790341589299059700,48.33705981445313,-0.9974335432052612,-0.056008901447057724,-0.02604144811630249,0.03621131554245949,-0.05637636408209801,-0.11006642878055573,3.0659091472625732
1790341589315541500,48.35354150390625,-0.9973892569541931,-0.056060079485177994,-0.025889340788125992,0.03743894398212433,-0.05621100217103958,-0.11011127382516861,3.06345534324646
1790341589332032800,48.37003271484375,-0.9973857998847961,-0.05590103939175606,-0.025629153475165367,0.03794534504413605,-0.05573086440563202,-0.10978519916534424,3.062476634979248
1790341589348525000,48.386525146484374,-0.997395932674408,-0.0556296780705452,-0.025778016075491905,0.03797556832432747,-0.05600981414318085,-0.10922883450984955,3.0624172687530518
1790341589365013200,48.40301318359375,-0.9973852634429932,-0.05536160618066788,-0.025615813210606575,0.03875022754073143,-0.055745698511600494,-0.10866217315196991,3.0608956813812256
1790341589381505300,48.41950537109375,-0.997387707233429,-0.055173054337501526,-0.025486117228865623,0.03904280066490173,-0.055500660091638565,-0.10827921330928802,3.0603339672088623
1790341589397996000,48.43599609375,-0.997389554977417,-0.05508461594581604,-0.025566870346665382,0.039064981043338776,-0.05565742775797844,-0.1080944836139679,3.060286283493042
1790341589414495200,48.4524951171875,-0.9974052906036377,-0.054963093250989914,-0.025204582139849663,0.039070818573236465,-0.05491999164223671,-0.10788057744503021,3.060321807861328
1790341589430985500,48.4689853515625,-0.9973921179771423,-0.05462989956140518,-0.025411324575543404,0.03973504528403282,-0.05537734553217888,-0.10716038942337036,3.058986186981201
1790341589447497700,48.48549780273437,-0.9973998069763184,-0.054347746074199677,-0.025541139766573906,0.03984513878822327,-0.0556245818734169,-0.10657913982868195,3.0587692260742188
1790341589464006400,48.50200634765625,-0.9974212050437927,-0.0541585236787796,-0.02560368925333023,0.039526116102933884,-0.055699195712804794,-0.10621327906847,3.0594160556793213
1790341589480489200,48.5184892578125,-0.9974453449249268,-0.0541655533015728,-0.02598404325544834,0.03864913061261177,-0.05636976286768913,-0.10624560713768005,3.0611369609832764
1790341589496951800,48.534951904296875,-0.9974389672279358,-0.054053790867328644,-0.02600742131471634,0.03895338997244835,-0.05643937736749649,-0.10600297152996063,3.060530662536621
1790341589513470500,48.551470458984376,-0.997419536113739,-0.05376935750246048,-0.02642083168029785,0.039560478180646896,-0.05730860307812691,-0.10536563396453857,3.0592856407165527
1790341589529975300,48.567975341796874,-0.9974420666694641,-0.05344049260020256,-0.026713183149695396,0.03923993930220604,-0.057832468301057816,-0.10470234602689743,3.0599207878112793
1790341589546457000,48.58445703125,-0.9974344372749329,-0.05336713790893555,-0.02688021957874298,0.039419688284397125,-0.05818016082048416,-0.10453148931264877,3.059547185897827
1790341589562939400,48.600939453125,-0.9974305033683777,-0.05322445556521416,-0.02718714438378811,0.03950197622179985,-0.058792177587747574,-0.10421604663133621,3.059359312057495
1790341589579433000,48.617432861328126,-0.9974175691604614,-0.05322527512907982,-0.0274389386177063,0.03965416178107262,-0.059313587844371796,-0.10418790578842163,3.0590271949768066
1790341589595886000,48.633885986328124,-0.9974296689033508,-0.052959829568862915,-0.027687562629580498,0.039532341063022614,-0.059776220470666885,-0.1036437600851059,3.0592641830444336
1790341589612367400,48.650367431640625,-0.9974299669265747,-0.05255643278360367,-0.028152627870440483,0.039732709527015686,-0.060694366693496704,-0.10278645157814026,3.0588417053222656
1790341589628851000,48.666850830078126,-0.9974388480186462,-0.05246239900588989,-0.028286566957831383,0.039538949728012085,-0.060934800654649734,-0.102599136531353,3.0592236518859863
1790341589645332700,48.68333276367188,-0.9974288940429688,-0.05227184668183327,-0.02897590771317482,0.03954311087727547,-0.062301717698574066,-0.10216091573238373,3.0591578483581543
1790341589661822200,48.699822265625,-0.997474730014801,-0.05224036052823067,-0.029007278382778168,0.038389481604099274,-0.06224356219172478,-0.10216737538576126,3.061473846435547
1790341589678306800,48.71630688476562,-0.9974819421768188,-0.052148669958114624,-0.02913890965282917,0.03822650760412216,-0.062483083456754684,-0.10198364406824112,3.0617942810058594
1790341589694778000,48.732778076171876,-0.9974911212921143,-0.051938872784376144,-0.029325326904654503,0.03812914341688156,-0.06282910704612732,-0.10155531018972397,3.061985731124878
1790341589711278600,48.74927856445313,-0.9974835515022278,-0.05185501649975777,-0.029286997392773628,0.03847169503569603,-0.06277979910373688,-0.10136912763118744,3.061307668685913
1790341589727754000,48.76575390625,-0.9974687099456787,-0.05199718475341797,-0.029485994949936867,0.038512345403432846,-0.06319573521614075,-0.10163486748933792,3.0611956119537354
1790341589744248800,48.78224877929687,-0.997462809085846,-0.052097074687480927,-0.0293626319617033,0.03862316161394119,-0.0629681944847107,-0.10183756053447723,3.060978412628174
1790341589760766700,48.7987666015625,-0.997464656829834,-0.05209723860025406,-0.029368499293923378,0.038570139557123184,-0.06297457218170166,-0.10184076428413391,3.061084270477295
1790341589777239600,48.81523950195312,-0.997463047504425,-0.05192883685231209,-0.029565729200839996,0.03868971765041351,-0.06336785852909088,-0.10148049890995026,3.06083607673645
1790341589793685500,48.831685546875,-0.997480571269989,-0.05171738564968109,-0.02949659712612629,0.03857226297259331,-0.06319864839315414,-0.10107065737247467,3.061094284057617
1790341589810167000,48.8481669921875,-0.9974722862243652,-0.05180220305919647,-0.02949170581996441,0.03867580369114876,-0.06320676952600479,-0.10123411566019058,3.060880661010742
1790341589826675700,48.86467578125,-0.9974595308303833,-0.052051443606615067,-0.029476648196578026,0.03868286311626434,-0.06319913268089294,-0.10173332691192627,3.060850143432617
1790341589843201000,48.881200927734376,-0.9974765181541443,-0.05215015262365341,-0.02940419875085354,0.03816128894686699,-0.06300899386405945,-0.10196951776742935,3.0618979930877686
1790341589859732700,48.89773266601563,-0.9974926114082336,-0.05207660421729088,-0.029613453894853592,0.03767947107553482,-0.06337335705757141,-0.10183634608983994,3.062849521636963
1790341589876263700,48.914263671875,-0.997508704662323,-0.052068810909986496,-0.029468959197402,0.03737661615014076,-0.06305170059204102,-0.10185129195451736,3.0634729862213135
1790341589892748000,48.930748046875,-0.997519850730896,-0.05224190652370453,-0.02938906103372574,0.03689611703157425,-0.0628567561507225,-0.10223398357629776,3.0644338130950928
1790341589909244200,48.947244140625,-0.997444212436676,-0.05251969024538994,-0.02974485419690609,0.03823757544159889,-0.06373267620801926,-0.10267649590969086,3.061683177947998
1790341589925700900,48.96370092773437,-0.9974433779716492,-0.05252448469400406,-0.02966168336570263,0.038317710161209106,-0.06357441842556,-0.10268763452768326,3.061530351638794
1790341589942204000,48.98020385742188,-0.9974277019500732,-0.05254669860005379,-0.029844654724001884,0.03855137899518013,-0.06396771222352982,-0.10270241647958755,3.0610406398773193
1790341589958707500,48.99670751953125,-0.9974353313446045,-0.05240398645401001,-0.02982805296778679,0.03855998069047928,-0.06392276287078857,-0.10241779685020447,3.061035394668579
1790341589975190500,49.0131904296875,-0.997434139251709,-0.05228523537516594,-0.029765494167804718,0.03880184888839722,-0.06381160765886307,-0.10216990858316422,3.0605647563934326
1790341589991686700,49.02968676757813,-0.997356116771698,-0.05267585441470146,-0.029889527708292007,0.0401579849421978,-0.06423512101173401,-0.10285381227731705,3.057799816131592
1790341590008192800,49.04619287109375,-0.9973573088645935,-0.052855055779218674,-0.029882080852985382,0.039899274706840515,-0.06420967727899551,-0.10322945564985275,3.05830717086792
1790341590024707000,49.06270703125,-0.9973621368408203,-0.05274347960948944,-0.029957206919789314,0.0398685485124588,-0.06434718519449234,-0.10300203412771225,3.0583691596984863
1790341590041195500,49.07919555664063,-0.9973775744438171,-0.05236832797527313,-0.029910607263445854,0.04001353681087494,-0.06423462927341461,-0.10224639624357224,3.058110237121582
1790341590057662000,49.095661865234376,-0.9973565340042114,-0.05240006372332573,-0.030022384598851204,0.04041063413023949,-0.06450262665748596,-0.10227485746145248,3.0572988986968994
1790341590074126000,49.1121259765625,-0.9973294734954834,-0.05266503989696503,-0.02997315675020218,0.040768466889858246,-0.0644650086760521,-0.10278576612472534,3.056565761566162
1790341590090619000,49.128618896484376,-0.9973058104515076,-0.05295823514461517,-0.03024599328637123,0.04076574370265007,-0.06503940373659134,-0.1033489927649498,3.056521415710449
1790341590107138300,49.14513818359375,-0.9973035454750061,-0.052886415272951126,-0.030393512919545174,0.04080348461866379,-0.06533276289701462,-0.1031903401017189,3.0564355850219727
1790341590123605500,49.16160546875,-0.9973098039627075,-0.05273556709289551,-0.0307387113571167,0.04058590158820152,-0.0659891813993454,-0.10287363082170486,3.0568482875823975
1790341590140094000,49.178093994140625,-0.9973068833351135,-0.052736204117536545,-0.030713696032762527,0.04067534953355789,-0.06594826281070709,-0.1028711199760437,3.056671142578125
1790341590156592000,49.194592041015625,-0.997242271900177,-0.05307605490088463,-0.03077981248497963,0.041753869503736496,-0.06622447073459625,-0.10347355902194977,3.0544722080230713
1790341590173085200,49.21108520507813,-0.9972017407417297,-0.05325768142938614,-0.030922742560505867,0.042381979525089264,-0.06659401208162308,-0.10378237068653107,3.0531818866729736
1790341590189601800,49.22760180664063,-0.9971914887428284,-0.05307072028517723,-0.031158069148659706,0.04268315061926842,-0.06707964837551117,-0.10336747020483017,3.0525667667388916
1790341590206119700,49.24411962890625,-0.9971715211868286,-0.05296694114804268,-0.03117499314248562,0.043263718485832214,-0.06716372072696686,-0.10311941802501678,3.0514068603515625
1790341590222535400,49.26053540039062,-0.9971297979354858,-0.05303273722529411,-0.031310658901929855,0.0440383106470108,-0.06752270460128784,-0.10318632423877716,3.0498316287994385
1790341590239033600,49.27703369140625,-0.9970428943634033,-0.05318241938948631,-0.03131925314664841,0.045784175395965576,-0.06773615628480911,-0.1033664271235466,3.046311855316162
1790341590255557400,49.29355737304687,-0.9970221519470215,-0.05306493118405342,-0.03128443658351898,0.04639137163758278,-0.0677170678973198,-0.1030936911702156,3.045104742050171
1790341590272039000,49.310038818359374,-0.9970051050186157,-0.05283968150615692,-0.03113286755979061,0.04711300507187843,-0.06746385991573334,-0.1026092991232872,3.0436882972717285
1790341590288527000,49.32652709960937,-0.9969615936279297,-0.052717745304107666,-0.030908869579434395,0.04830186069011688,-0.06712374836206436,-0.10230761021375656,3.041332244873047
1790341590305012700,49.3430126953125,-0.9969440698623657,-0.05286271125078201,-0.030994318425655365,0.04845108091831207,-0.06732620298862457,-0.10257871448993683,3.0410125255584717
1790341590321509000,49.359509033203125,-0.9968096613883972,-0.05296434462070465,-0.030743230134248734,0.05118909105658531,-0.0671159103512764,-0.1026233360171318,3.0355288982391357
1790341590337969200,49.37596923828125,-0.9967519640922546,-0.052958060055971146,-0.0308616254478693,0.05223551392555237,-0.06746049970388412,-0.10252748429775238,3.033414363861084
1790341590354488600,49.392488525390625,-0.9967499375343323,-0.052854254841804504,-0.030814483761787415,0.05240779370069504,-0.06737162917852402,-0.10231351852416992,3.033081293106079
1790341590370941400,49.40894140625,-0.9966812133789062,-0.05259517580270767,-0.030834484845399857,0.053941480815410614,-0.06753839552402496,-0.1016899049282074,3.030017614364624
1790341590387430100,49.42543017578125,-0.996663510799408,-0.05247936770319939,-0.03086889162659645,0.05435965955257416,-0.06763621419668198,-0.10142631083726883,3.0291831493377686
1790341590403897600,49.44189770507813,-0.9966583847999573,-0.05245146527886391,-0.030974164605140686,0.05442078039050102,-0.06785020977258682,-0.10135455429553986,3.0290517807006836
1790341590420390400,49.45839038085938,-0.9966068863868713,-0.05261322855949402,-0.030881524085998535,0.055253032594919205,-0.06776884943246841,-0.10163167864084244,3.0273756980895996
1790341590436845300,49.47484521484375,-0.9965863823890686,-0.05247197300195694,-0.03109203465282917,0.05563906952738762,-0.0682130828499794,-0.10129900276660919,3.026589870452881
1790341590453357000,49.49135717773437,-0.9964572787284851,-0.052105627954006195,-0.031153671443462372,0.05820014700293541,-0.0685502141714096,-0.10038428008556366,3.0214662551879883
1790341590469830400,49.507830322265626,-0.9963676333427429,-0.051833149045705795,-0.031110526993870735,0.059975188225507736,-0.06860684603452682,-0.09972322732210159,3.0179250240325928
1790341590486325800,49.52432568359375,-0.9963274002075195,-0.05171408876776695,-0.031205980107188225,0.060692477971315384,-0.06885422021150589,-0.09942411631345749,3.0164835453033447
1790341590502814000,49.54081396484375,-0.9963048696517944,-0.05173182860016823,-0.030956532806158066,0.061172764748334885,-0.06840456277132034,-0.09945784509181976,3.0155415534973145
1790341590519295700,49.55729565429687,-0.9961288571357727,-0.05137256905436516,-0.03166227787733078,0.06392072886228561,-0.0700431689620018,-0.09845864772796631,3.0099778175354004
1790341590535748400,49.573748291015626,-0.9961631298065186,-0.05089321732521057,-0.030982868745923042,0.06410165876150131,-0.06863275915384293,-0.09757856279611588,3.0097203254699707
1790341590552206800,49.59020678710937,-0.9961403012275696,-0.05013969540596008,-0.03073097951710224,0.06516308337450027,-0.06812559813261032,-0.09603483974933624,3.0076727867126465
1790341590568659000,49.606658935546875,-0.9961820840835571,-0.049555372446775436,-0.030447786673903465,0.06510426849126816,-0.06747021526098251,-0.09491020441055298,3.0078651905059814
1790341590585097700,49.62309765625,-0.9961224794387817,-0.048711422830820084,-0.030632084235548973,0.06655142456293106,-0.06785596162080765,-0.09310231357812881,3.005007743835449
1790341590601575400,49.639575439453125,-0.9958317875862122,-0.04742972180247307,-0.030323412269353867,0.07176373153924942,-0.06752732396125793,-0.09023420512676239,2.9946632385253906
1790341590618047000,49.656046875,-0.9958786368370056,-0.04594004154205322,-0.0303348358720541,0.07207807898521423,-0.06734900176525116,-0.08723907917737961,2.9941511154174805
1790341590634515500,49.67251538085937,-0.9959399104118347,-0.04479648917913437,-0.03073381818830967,0.07178015261888504,-0.06794598698616028,-0.08491909503936768,2.9948081970214844
1790341590650982700,49.688982666015626,-0.9959707260131836,-0.04330773651599884,-0.030710391700267792,0.07227612286806107,-0.06771215796470642,-0.08191880583763123,2.9939334392547607
1790341590667477000,49.70547705078125,-0.9960240721702576,-0.041858941316604614,-0.030502574518322945,0.0724814161658287,-0.0670902281999588,-0.07904557883739471,2.9936532974243164
1790341590683990800,49.72199072265625,-0.9960836172103882,-0.04063147306442261,-0.030907271429896355,0.07218987494707108,-0.06768860667943954,-0.07655706256628036,2.994304895401001
1790341590700472000,49.73847216796875,-0.996114194393158,-0.03891047462821007,-0.030573930591344833,0.07285405695438385,-0.06680794060230255,-0.0731288492679596,2.993131399154663
1790341590716959700,49.754959716796876,-0.9961463212966919,-0.037915248423814774,-0.03049740567803383,0.07297305017709732,-0.06651050597429276,-0.07114730030298233,2.9929752349853516
1790341590733460200,49.77146020507813,-0.9961459636688232,-0.03690071031451225,-0.0305152740329504,0.0734884962439537,-0.06642607599496841,-0.06908689439296722,2.9920175075531006
1790341590749985300,49.7879853515625,-0.9961572289466858,-0.0360993891954422,-0.03030136600136757,0.07382000237703323,-0.06589719653129578,-0.06749888509511948,2.9914278984069824
1790341590766463700,49.80446362304688,-0.9962040185928345,-0.034667350351810455,-0.03014698252081871,0.07393819838762283,-0.06537464261054993,-0.06465853005647659,2.991309404373169
1790341590782904300,49.820904296875,-0.9961545467376709,-0.03360925614833832,-0.029846277087926865,0.07520484179258347,-0.06468953937292099,-0.06251156330108643,2.9888648986816406
1790341590799391200,49.83739111328125,-0.9960833787918091,-0.03280675783753395,-0.02957180142402649,0.07659793645143509,-0.06410031765699387,-0.06086382269859314,2.986144542694092
1790341590815890700,49.853890625,-0.996110737323761,-0.03204803168773651,-0.029130613431334496,0.07673142105340958,-0.06310595571994781,-0.05941125005483627,2.9859585762023926
1790341590832381400,49.87038134765625,-0.9959583282470703,-0.031641844660043716,-0.029118068516254425,0.07885397225618362,-0.06314070522785187,-0.058469075709581375,2.981727361679077
1790341590848906800,49.88690673828125,-0.9959813356399536,-0.031272564083337784,-0.02841440588235855,0.07896720618009567,-0.06168162822723389,-0.05783841013908386,2.981567144393921
1790341590865391000,49.90339111328125,-0.995966374874115,-0.031002704054117203,-0.02835855819284916,0.07928192615509033,-0.06154400110244751,-0.05728999525308609,2.9809577465057373
1790341590881857500,49.919857421875,-0.9959439039230347,-0.030817868188023567,-0.028086069971323013,0.07973204553127289,-0.06099524348974228,-0.05693777650594711,2.9800825119018555
1790341590898336800,49.93633666992187,-0.9958451390266418,-0.03069758415222168,-0.02747129648923874,0.08121183514595032,-0.059832144528627396,-0.056708481162786484,2.977154016494751
1790341590914828800,49.95282885742188,-0.9955621957778931,-0.03101266548037529,-0.027310168370604515,0.08454801142215729,-0.05975515767931938,-0.05716315656900406,2.970440626144409
1790341590931340300,49.96934033203125,-0.9954978227615356,-0.031239336356520653,-0.02687564678490162,0.08535843342542648,-0.05897444114089012,-0.0576411709189415,2.9688215255737305
1790341590947849700,49.985849609375,-0.9954407215118408,-0.031358376145362854,-0.02693158946931362,0.08596059679985046,-0.059142060577869415,-0.05783293396234512,2.9676003456115723
1790341590964331500,50.00233154296875,-0.9953756332397461,-0.03129827231168747,-0.026520611718297005,0.08685917407274246,-0.058363333344459534,-0.05773201957345009,2.965822458267212
1790341590980828000,50.01882788085938,-0.9953574538230896,-0.031229691579937935,-0.026533374562859535,0.08708823472261429,-0.05838974565267563,-0.057579733431339264,2.9653663635253906
1790341590997350400,50.03535034179688,-0.9953585863113403,-0.031124474480748177,-0.026140369474887848,0.08723139762878418,-0.05759488046169281,-0.057431068271398544,2.9651081562042236
1790341591013834200,50.051834228515624,-0.9953478574752808,-0.031273458153009415,-0.025885744020342827,0.08737623691558838,-0.05712203308939934,-0.057764459401369095,2.9648215770721436
1790341591030293500,50.06829345703125,-0.9953410625457764,-0.03126194700598717,-0.025639347732067108,0.08753009885549545,-0.056637246161699295,-0.057776305824518204,2.9645273685455322
1790341591046759400,50.08475952148437,-0.9953277111053467,-0.030988601967692375,-0.025655562058091164,0.08777511119842529,-0.0566343329846859,-0.05721500143408775,2.964052438735962
1790341591063294700,50.10129467773437,-0.9953302145004272,-0.03077750839293003,-0.025433393195271492,0.087884820997715,-0.0561591275036335,-0.05682773143053055,2.9638586044311523
1790341591079782700,50.11778271484375,-0.995328426361084,-0.03053051233291626,-0.025120291858911514,0.08808080106973648,-0.0555008202791214,-0.05638040602207184,2.963498592376709
1790341591096295000,50.134294921875,-0.995303213596344,-0.03040497936308384,-0.024955179542303085,0.0884554386138916,-0.055169764906167984,-0.056138988584280014,2.9627633094787598
1790341591112825600,50.15082568359375,-0.9952617883682251,-0.030180711299180984,-0.024666927754878998,0.08907714486122131,-0.0545886754989624,-0.055709708482027054,2.9615445137023926
1790341591129310000,50.16731005859375,-0.9952263236045837,-0.029811188578605652,-0.02439190074801445,0.08967193216085434,-0.0540052205324173,-0.05499093234539032,2.96038818359375
1790341591145807000,50.18380712890625,-0.9952225089073181,-0.029581503942608833,-0.024022864177823067,0.08988948166370392,-0.05323873460292816,-0.05458866432309151,2.9599857330322266
1790341591162265300,50.20026538085938,-0.9951931834220886,-0.02930976077914238,-0.023652823641896248,0.09039898961782455,-0.05247819423675537,-0.05408773198723793,2.958998680114746
1790341591178742500,50.216742431640625,-0.9951457381248474,-0.029196348041296005,-0.023476283997297287,0.09100259840488434,-0.05213773250579834,-0.053862474858760834,2.9578020572662354
1790341591195251500,50.23325146484375,-0.9951435923576355,-0.0289093516767025,-0.02303433045744896,0.09123069792985916,-0.05121501907706261,-0.05336035415530205,2.9573848247528076
1790341591211736800,50.24973681640625,-0.9951333403587341,-0.02883952669799328,-0.02282312512397766,0.09141655266284943,-0.05079072341322899,-0.053250689059495926,2.957026720046997
1790341591228204800,50.266204833984375,-0.9951072931289673,-0.028751706704497337,-0.02266998589038849,0.09176506847143173,-0.05048748478293419,-0.05308637022972107,2.9563395977020264
1790341591244696600,50.28269653320312,-0.995021641254425,-0.028772836551070213,-0.02227165363729,0.09277985990047455,-0.04975138604640961,-0.05315149202942848,2.954319477081299
1790341591261208300,50.299208251953125,-0.9949647784233093,-0.02876044251024723,-0.022207777947187424,0.09340719133615494,-0.049655161798000336,-0.05310748144984245,2.9530625343322754
1790341591277659600,50.31565966796875,-0.9948946833610535,-0.02880222536623478,-0.02194007858633995,0.09420092403888702,-0.04917188733816147,-0.05320190265774727,2.9514782428741455
1790341591294145000,50.33214501953125,-0.9948463439941406,-0.028982531279325485,-0.02178127132356167,0.09469150751829147,-0.04891647771000862,-0.05356694385409355,2.9504897594451904
1790341591310641700,50.3486416015625,-0.9947494864463806,-0.02912602201104164,-0.021569566801190376,0.09570774435997009,-0.04857727885246277,-0.05384345352649689,2.948448896408081
1790341591327132000,50.3651318359375,-0.994663417339325,-0.02921913005411625,-0.021314328536391258,0.09662666916847229,-0.048136673867702484,-0.05403362587094307,2.9466092586517334
1790341591343647700,50.38164770507812,-0.9946162700653076,-0.029180658981204033,-0.02112026885151863,0.09716466814279556,-0.047771479934453964,-0.05396902561187744,2.945539712905884
1790341591360134100,50.39813403320313,-0.994550883769989,-0.02917661890387535,-0.020668987184762955,0.09792905300855637,-0.0469127893447876,-0.054013337939977646,2.9440267086029053
1790341591376621000,50.41462109375,-0.9944401979446411,-0.02928425371646881,-0.020586492493748665,0.09903255105018616,-0.04683009162545204,-0.05419193580746651,2.941805362701416
1790341591393088000,50.431087890625,-0.9943371415138245,-0.029202956706285477,-0.020121995359659195,0.10018003731966019,-0.045950502157211304,-0.05406986549496651,2.939526319503784
1790341591409579000,50.4475791015625,-0.9942591786384583,-0.029145820066332817,-0.019904062151908875,0.1010107472538948,-0.045549701899290085,-0.05396213382482529,2.9378700256347656
1790341591426059500,50.4640595703125,-0.9942119121551514,-0.028954295441508293,-0.01949501596391201,0.10160919278860092,-0.04472761228680611,-0.05363738164305687,2.9366984367370605
1790341591442571300,50.4805712890625,-0.994145929813385,-0.02879643812775612,-0.019118474796414375,0.10236808657646179,-0.04398556798696518,-0.053366806358098984,2.9351999759674072
1790341591459056400,50.497056396484375,-0.9940561652183533,-0.028607018291950226,-0.018983999267220497,0.10331367701292038,-0.04372858256101608,-0.052976127713918686,2.933314800262451
1790341591475557000,50.51355712890625,-0.9940208196640015,-0.028548067435622215,-0.018663723021745682,0.10372760891914368,-0.04310033842921257,-0.052907537668943405,2.9325015544891357
1790341591492080600,50.53008056640625,-0.9939523935317993,-0.028592320159077644,-0.018548546358942986,0.10438865423202515,-0.04291556403040886,-0.05299109220504761,2.9311747550964355
1790341591508594000,50.54659399414062,-0.9938586950302124,-0.02855839766561985,-0.018425429239869118,0.1053091287612915,-0.04271220788359642,-0.0529099740087986,2.929330348968506
1790341591525081000,50.5630810546875,-0.9937586188316345,-0.028410911560058594,-0.01821536384522915,0.10632416605949402,-0.04231606051325798,-0.052617985755205154,2.9273059368133545
1790341591541569800,50.57956982421875,-0.9936524629592896,-0.028420500457286835,-0.01834571547806263,0.1072869598865509,-0.042628608644008636,-0.052567895501852036,2.9253604412078857
1790341591558041000,50.596041015625,-0.9935265183448792,-0.028491724282503128,-0.018310563638806343,0.10843461006879807,-0.042635057121515274,-0.05266791209578514,2.9230477809906006
1790341591574502700,50.61250268554687,-0.9934159517288208,-0.028684258460998535,-0.01814584620296955,0.10941978543996811,-0.04240232706069946,-0.053044643253088,2.9210619926452637
1790341591591025000,50.62902490234375,-0.9932998418807983,-0.02883918583393097,-0.018042366951704025,0.11044616252183914,-0.042286019772291183,-0.053331777453422546,2.918992042541504
1790341591607512600,50.6455126953125,-0.9932024478912354,-0.028954878449440002,-0.017793118953704834,0.11132874339818954,-0.04186364635825157,-0.05357997491955757,2.9172213077545166
1790341591623999500,50.66199951171875,-0.9931273460388184,-0.029053756967186928,-0.017811274155974388,0.11196793615818024,-0.04195677861571312,-0.05374545231461525,2.9159274101257324
1790341591640500500,50.67850048828125,-0.9930179119110107,-0.02917308546602726,-0.017528697848320007,0.1129475086927414,-0.04147501662373543,-0.054005395621061325,2.9139623641967773
1790341591656995600,50.69499560546875,-0.9928852915763855,-0.029345108196139336,-0.017375599592924118,0.11408708989620209,-0.0412723571062088,-0.054334722459316254,2.911665201187134
1790341591673511200,50.71151123046875,-0.9927840232849121,-0.029612096026539803,-0.017300736159086227,0.11490734666585922,-0.04123074561357498,-0.054848361760377884,2.910001754760742
1790341591690024400,50.7280244140625,-0.9926874041557312,-0.0297095850110054,-0.017320819199085236,0.11571145802736282,-0.04133806750178337,-0.05500395968556404,2.9083750247955322
1790341591706512600,50.7445126953125,-0.9925890564918518,-0.029811494052410126,-0.016948014497756958,0.11658088862895966,-0.040668997913599014,-0.055257610976696014,2.906637191772461
1790341591722979300,50.76097924804687,-0.9924721717834473,-0.029964996501803398,-0.016788452863693237,0.11755568534135818,-0.04044267162680626,-0.05556027218699455,2.904672622680664
1790341591739470600,50.777470703125,-0.9923272728919983,-0.03011535480618477,-0.016750557348132133,0.1187397912144661,-0.04046991467475891,-0.05581964552402496,2.9022793769836426
1790341591755986000,50.79398583984375,-0.9921952486038208,-0.030466627329587936,-0.016323914751410484,0.11980799585580826,-0.03976740315556526,-0.05657638981938362,2.900130033493042
1790341591772439800,50.81043969726562,-0.9920532703399658,-0.030671002343297005,-0.016289524734020233,0.12093126773834229,-0.03981335833668709,-0.05694548040628433,2.897855520248413
1790341591788930000,50.82692993164063,-0.9919297099113464,-0.030694803223013878,-0.016229771077632904,0.12194221466779709,-0.03975851833820343,-0.05696679651737213,2.8958184719085693
1790341591805432800,50.843432861328125,-0.9917985796928406,-0.03087197057902813,-0.016142960637807846,0.12297116965055466,-0.03968939557671547,-0.05729866400361061,2.893738031387329
1790341591821897000,50.85989697265625,-0.9917069673538208,-0.031101971864700317,-0.016085227951407433,0.12365797907114029,-0.039672184735536575,-0.057742033153772354,2.892343282699585
1790341591838388700,50.876388671875,-0.9915971159934998,-0.031393252313137054,-0.015862202271819115,0.12449081242084503,-0.03935126215219498,-0.05834261327981949,2.8906595706939697
1790341591854876700,50.892876708984375,-0.9914748668670654,-0.031637970358133316,-0.01576911471784115,0.12541209161281586,-0.039282940328121185,-0.058815132826566696,2.8887925148010254
1790341591871373800,50.90937377929688,-0.9913738965988159,-0.031700342893600464,-0.015606220811605453,0.12621204555034637,-0.03902279585599899,-0.05894853174686432,2.887183904647827
1790341591887873300,50.92587329101563,-0.9912654757499695,-0.03195735439658165,-0.015478554181754589,0.12701155245304108,-0.038883112370967865,-0.059459563344717026,2.885563611984253
1790341591904269800,50.94226977539063,-0.9911635518074036,-0.0322439968585968,-0.01554193627089262,0.12772497534751892,-0.039126262068748474,-0.05998392775654793,2.884103775024414
1790341591920747800,50.95874780273437,-0.991033673286438,-0.032601188868284225,-0.01543479599058628,0.12865202128887177,-0.03906304016709328,-0.06068355590105057,2.882218837738037
1790341591937254100,50.975254150390626,-0.9908967018127441,-0.032845042645931244,-0.015226281248033047,0.1296655684709549,-0.038775332272052765,-0.061181601136922836,2.880171060562134
1790341591953736700,50.99173681640625,-0.990803062915802,-0.033018808811903,-0.015339098870754242,0.13032229244709015,-0.039085980504751205,-0.06147092953324318,2.878828287124634
1790341591970234000,51.00823413085938,-0.9907045364379883,-0.033020228147506714,-0.015097136609256268,0.13109654188156128,-0.03865398094058037,-0.06150698661804199,2.877279043197632
1790341591986724600,51.024724609375,-0.9905639290809631,-0.03328283131122589,-0.01483135111629963,0.1321195363998413,-0.03826039656996727,-0.06205834448337555,2.875213861465454
1790341592003239000,51.04123901367188,-0.9904217720031738,-0.03357208892703056,-0.014850766398012638,0.13310573995113373,-0.038439031690359116,-0.06258846819400787,2.873204231262207
1790341592019725600,51.0577255859375,-0.9902718663215637,-0.0338367335498333,-0.014499575830996037,0.13418807089328766,-0.03788260743021965,-0.06316579133272171,2.8710238933563232
1790341592036213500,51.07421362304687,-0.9901486039161682,-0.03397731855511665,-0.014549869112670422,0.1350540667772293,-0.038076288998126984,-0.0633976086974144,2.8692626953125
1790341592052678700,51.0906787109375,-0.9900238513946533,-0.03396519273519516,-0.014394998550415039,0.1359848827123642,-0.03782523795962334,-0.06338012218475342,2.867391347885132
1790341592069162000,51.107161865234374,-0.98993319272995,-0.03403717651963234,-0.014367368072271347,0.13662870228290558,-0.03783164918422699,-0.06350575387477875,2.8660876750946045
1790341592085682400,51.123682373046876,-0.9898678660392761,-0.034323278814554214,-0.014207109808921814,0.13704651594161987,-0.03762021288275719,-0.06410084664821625,2.86523699760437
1790341592102138600,51.140138671875,-0.9897060990333557,-0.034629471600055695,-0.014099007472395897,0.13814491033554077,-0.037562914192676544,-0.06469570845365524,2.8630056381225586
1790341592118629400,51.15662939453125,-0.9895620942115784,-0.03472890704870224,-0.01396162249147892,0.13916189968585968,-0.03738504275679588,-0.06489250808954239,2.860952138900757
1790341592135172400,51.17317236328125,-0.9894769191741943,-0.03491803631186485,-0.013868452049791813,0.13972793519496918,-0.037291113287210464,-0.06527189910411835,2.859802484512329
1790341592151634200,51.18963427734375,-0.989393413066864,-0.0351315476000309,-0.013915173709392548,0.14025996625423431,-0.03747978433966637,-0.06566152721643448,2.8587112426757812
1790341592168147200,51.20614721679687,-0.9892861843109131,-0.0352519154548645,-0.013648216612637043,0.14101038873195648,-0.03703470528125763,-0.06594717502593994,2.857203245162964
1790341592184659700,51.22265966796875,-0.9892042279243469,-0.035374440252780914,-0.01363817322999239,0.14155453443527222,-0.03708634898066521,-0.0661722794175148,2.856096029281616
1790341592201143000,51.23914306640625,-0.9891626834869385,-0.03560452535748482,-0.013550697825849056,0.14179545640945435,-0.036995355039834976,-0.06664380431175232,2.8556013107299805
1790341592217643000,51.25564306640625,-0.9890888929367065,-0.035852011293172836,-0.013537218794226646,0.14224863052368164,-0.03707076981663704,-0.0671207383275032,2.8546712398529053
1790341592234215000,51.27221484375,-0.9890097975730896,-0.03598112612962723,-0.0134394196793437,0.1427737921476364,-0.0369500033557415,-0.0673847645521164,2.853607416152954
1790341592250710000,51.2887099609375,-0.9889335036277771,-0.03612027317285538,-0.013473615050315857,0.1432630717754364,-0.037091705948114395,-0.06763210892677307,2.852607011795044
1790341592267198500,51.30519848632812,-0.9888972640037537,-0.036282382905483246,-0.013224699534475803,0.143495574593544,-0.03666142374277115,-0.0680161565542221,2.8521435260772705
1790341592283687200,51.32168725585937,-0.9888356328010559,-0.03656531870365143,-0.013322368264198303,0.14383871853351593,-0.036961447447538376,-0.06853527575731277,2.851426362991333
1790341592300189200,51.338189208984375,-0.9887942671775818,-0.036690980195999146,-0.01305981632322073,0.14411546289920807,-0.03649697080254555,-0.06884980201721191,2.8508763313293457
1790341592316683800,51.354683837890626,-0.9887136816978455,-0.03693438321352005,-0.012830195017158985,0.14462542533874512,-0.03614890202879906,-0.06937956809997559,2.8498454093933105
1790341592333207300,51.371207275390624,-0.9886630177497864,-0.03690322861075401,-0.012804524041712284,0.1449822187423706,-0.036113888025283813,-0.06931234151124954,2.8491265773773193
1790341592349695200,51.3876953125,-0.9886388182640076,-0.036899007856845856,-0.012652951292693615,0.14516077935695648,-0.03582471236586571,-0.06934171169996262,2.848775625228882
1790341592366183400,51.404183349609376,-0.9886178374290466,-0.036952175199985504,-0.012507124803960323,0.14530305564403534,-0.035561349242925644,-0.0694844126701355,2.848494291305542
1790341592382654700,51.42065478515625,-0.9885181188583374,-0.03699890524148941,-0.012540415860712528,0.14596500992774963,-0.03568776696920395,-0.06954329460859299,2.847148895263672
1790341592399120400,51.43712036132813,-0.9884387850761414,-0.036996614187955856,-0.012372376397252083,0.14651654660701752,-0.0353928878903389,-0.06956836581230164,2.846043586730957
1790341592415604200,51.45360424804687,-0.9883910417556763,-0.03696202114224434,-0.012354053556919098,0.14684848487377167,-0.0353696346282959,-0.06949343532323837,2.845374345779419
1790341592432120600,51.47012060546875,-0.9883741140365601,-0.03690367564558983,-0.012110678479075432,0.14699724316596985,-0.034880366176366806,-0.06944460421800613,2.8450927734375
1790341592448609500,51.48660961914062,-0.9883490204811096,-0.036924418061971664,-0.012190023437142372,0.14715369045734406,-0.035054806619882584,-0.06945665180683136,2.8447694778442383
1790341592465080600,51.50308056640625,-0.988316535949707,-0.03686457872390747,-0.012175947427749634,0.14738798141479492,-0.035025469958782196,-0.06933410465717316,2.844299077987671
1790341592481572400,51.519572265625,-0.9882581830024719,-0.03689585626125336,-0.011927208863198757,0.14779140055179596,-0.034570325165987015,-0.06945560872554779,2.8434970378875732
1790341592498089000,51.5360888671875,-0.9882098436355591,-0.03685368597507477,-0.012085048481822014,0.14811210334300995,-0.03489292785525322,-0.06931395828723907,2.842839241027832
1790341592514576000,51.552575927734374,-0.9881832003593445,-0.03670574724674225,-0.01184258796274662,0.1483457386493683,-0.0343843549489975,-0.06908535212278366,2.842390298843384
1790341592531065600,51.56906567382813,-0.9881452322006226,-0.03670435771346092,-0.011725099757313728,0.14860834181308746,-0.03416954725980759,-0.06910857558250427,2.8418664932250977
1790341592547567000,51.58556713867188,-0.9880799055099487,-0.03674259036779404,-0.011703714728355408,0.14903433620929718,-0.03416857868432999,-0.06917587667703629,2.8410027027130127
1790341592564063000,51.60206298828125,-0.9880450963973999,-0.036681026220321655,-0.011480575427412987,0.14929713308811188,-0.0337262898683548,-0.06911198794841766,2.8404886722564697
1790341592580649500,51.6186494140625,-0.9880214333534241,-0.03663284704089165,-0.011420641094446182,0.14946992695331573,-0.03360503539443016,-0.06902879476547241,2.8401451110839844
1790341592597137200,51.63513720703125,-0.987993597984314,-0.03646436333656311,-0.011456324718892574,0.149692565202713,-0.033640071749687195,-0.06867723166942596,2.839700937271118
1790341592613623800,51.65162377929688,-0.9879778027534485,-0.03630516678094864,-0.011195180006325245,0.14985504746437073,-0.03308567404747009,-0.06843549758195877,2.839397668838501
1790341592630096400,51.66809643554687,-0.987960934638977,-0.036147404462099075,-0.011226953938603401,0.15000192821025848,-0.03311074897646904,-0.06810896098613739,2.839106559753418
1790341592646595300,51.68459521484375,-0.9879261255264282,-0.036033302545547485,-0.011087991297245026,0.1502687633037567,-0.03281912952661514,-0.06791632622480392,2.838581085205078
1790341592663115800,51.70111572265625,-0.9878982901573181,-0.035906292498111725,-0.011029353365302086,0.15048643946647644,-0.03267918527126312,-0.0676756352186203,2.8381507396698
1790341592679598300,51.717598388671874,-0.9878674149513245,-0.03567859157919884,-0.010877382010221481,0.150753915309906,-0.03232691437005997,-0.06726252287626266,2.8376309871673584
1790341592696085200,51.734085205078124,-0.9878480434417725,-0.035127051174640656,-0.01053492072969675,0.15103484690189362,-0.031498949974775314,-0.06626658886671066,2.8371129035949707
1790341592712584000,51.750583984375,-0.987822413444519,-0.03476855158805847,-0.010576168075203896,0.1512816995382309,-0.03148723021149635,-0.06553724408149719,2.8366284370422363
1790341592729107700,51.767107666015626,-0.9877924919128418,-0.03445686772465706,-0.010431107133626938,0.15155842900276184,-0.031122645363211632,-0.06495629251003265,2.8360931873321533
1790341592745617400,51.78361743164062,-0.9877769351005554,-0.033870354294776917,-0.010008642449975014,0.15182006359100342,-0.030123068019747734,-0.06391719728708267,2.8356189727783203
1790341592762103000,51.80010302734375,-0.9877452254295349,-0.033535268157720566,-0.010095864534378052,0.1520945429801941,-0.030210284516215324,-0.06321965157985687,2.8350741863250732
1790341592778588400,51.81658837890625,-0.9877248406410217,-0.03323207050561905,-0.010147646069526672,0.15229031443595886,-0.030231816694140434,-0.06259837746620178,2.8346893787384033
1790341592795086300,51.83308642578125,-0.9877109527587891,-0.03271085023880005,-0.009867195039987564,0.15251129865646362,-0.02952980063855648,-0.06164705380797386,2.8342843055725098
1790341592811544000,51.8495439453125,-0.9876850247383118,-0.03233952820301056,-0.009815244004130363,0.15276186168193817,-0.029327837750315666,-0.06092142313718796,2.8337976932525635
1790341592828060200,51.86606005859375,-0.9876588582992554,-0.031910281628370285,-0.009865254163742065,0.15301749110221863,-0.029309691861271858,-0.06004991754889488,2.8332974910736084
1790341592844514600,51.8825146484375,-0.9876488447189331,-0.031505171209573746,-0.009635565802454948,0.15318110585212708,-0.028739595785737038,-0.059314895421266556,2.832998514175415
1790341592861001500,51.89900146484375,-0.9876276850700378,-0.03097177855670452,-0.009494398720562458,0.15343454480171204,-0.028310012072324753,-0.05829664692282677,2.8325181007385254
1790341592877407500,51.91540747070312,-0.9876075983047485,-0.03058331087231636,-0.009595309384167194,0.15363553166389465,-0.028400901705026627,-0.05749192461371422,2.832123279571533
1790341592893867800,51.93186767578125,-0.9875929951667786,-0.030113698914647102,-0.009547591209411621,0.1538253277540207,-0.028171557933092117,-0.05657300353050232,2.8317630290985107
1790341592910325800,51.94832568359375,-0.9875811338424683,-0.029689891263842583,-0.00962089654058218,0.15397903323173523,-0.028193539008498192,-0.05570833384990692,2.8314671516418457
1790341592926803500,51.96480346679687,-0.9875629544258118,-0.029299940913915634,-0.009606349281966686,0.15417087078094482,-0.028054140508174896,-0.054936666041612625,2.831096887588501
1790341592943293200,51.98129321289063,-0.9875321388244629,-0.02890046127140522,-0.00961590837687254,0.1544431746006012,-0.027963601052761078,-0.0541364848613739,2.8305628299713135
1790341592959795500,51.99779541015625,-0.987510085105896,-0.02847718447446823,-0.00963806826621294,0.15466080605983734,-0.02788717858493328,-0.05328696221113205,2.830139636993408
1790341592976317700,52.01431762695312,-0.9874923229217529,-0.028108227998018265,-0.009494594298303127,0.1548510491847992,-0.027498342096805573,-0.05259707197546959,2.829777956008911
1790341592992833300,52.030833251953126,-0.9874623417854309,-0.028011783957481384,-0.009640512987971306,0.15505000948905945,-0.027767352759838104,-0.052355557680130005,2.829371452331543
1790341593009289200,52.04728930664062,-0.9874460101127625,-0.027859725058078766,-0.009585668332874775,0.1551852822303772,-0.02761843614280224,-0.05206836387515068,2.8291070461273193
1790341593025778000,52.06377783203125,-0.9874157905578613,-0.02747226133942604,-0.009541917592287064,0.15544924139976501,-0.027424288913607597,-0.05130903050303459,2.8285913467407227
1790341593042278000,52.08027783203125,-0.9873912334442139,-0.02703220769762993,-0.00951759796589613,0.15568332374095917,-0.02725014090538025,-0.050440654158592224,2.8281373977661133
1790341593058705000,52.096704833984376,-0.9873697757720947,-0.026715269312262535,-0.009491329081356525,0.1558753401041031,-0.02710835263133049,-0.04981737583875656,2.827763080596924
1790341593075195400,52.1131953125,-0.9873305559158325,-0.026595087721943855,-0.009590841829776764,0.15613849461078644,-0.027280546724796295,-0.049541547894477844,2.827230453491211
1790341593091684600,52.1296845703125,-0.9873055815696716,-0.02647513896226883,-0.009574046358466148,0.15631720423698425,-0.027218490839004517,-0.04930490255355835,2.826874256134033
1790341593108112000,52.14611181640625,-0.9873008728027344,-0.02630917727947235,-0.00977375265210867,0.15636292099952698,-0.02756327949464321,-0.048913147300481796,2.826779365539551
1790341593124653300,52.1626533203125,-0.9873074293136597,-0.026066314429044724,-0.00978193711489439,0.15636181831359863,-0.027502821758389473,-0.04843081906437874,2.826791524887085
1790341593141047600,52.17904760742187,-0.9872863292694092,-0.025801099836826324,-0.009943382814526558,0.15652839839458466,-0.02774645946919918,-0.0478515587747097,2.826457977294922
1790341593157567200,52.195567138671876,-0.987259030342102,-0.025620480999350548,-0.009945147670805454,0.15673047304153442,-0.027702663093805313,-0.047488532960414886,2.8260562419891357
1790341593174084400,52.21208447265625,-0.9872584342956543,-0.02556845173239708,-0.010195638053119183,0.15672631561756134,-0.02818121202290058,-0.04730713367462158,2.8260552883148193
1790341593190573000,52.22857299804687,-0.9872437119483948,-0.025287101045250893,-0.010325676761567593,0.15685631334781647,-0.028355522081255913,-0.04670674726366997,2.825798273086548
1790341593207042300,52.245042236328125,-0.9872202277183533,-0.0249615628272295,-0.010770461522042751,0.15702609717845917,-0.029139703139662743,-0.045918770134449005,2.825448513031006
1790341593223569200,52.26156909179687,-0.9872069358825684,-0.024279288947582245,-0.011074206791818142,0.15719570219516754,-0.029531752690672874,-0.04447038471698761,2.8251216411590576
1790341593240080600,52.27808056640625,-0.9872191548347473,-0.023791713640093803,-0.01130155473947525,0.15717743337154388,-0.029825812205672264,-0.04343622922897339,2.8251705169677734
1790341593256607700,52.29460766601562,-0.9872289299964905,-0.022966528311371803,-0.011468633078038692,0.15722636878490448,-0.029896726831793785,-0.04175223037600517,2.8251004219055176
1790341593273092900,52.3110927734375,-0.9872284531593323,-0.021853849291801453,-0.011883293278515339,0.15735705196857452,-0.030369020998477936,-0.03941984847187996,2.8248677253723145
1790341593289595100,52.32759521484375,-0.9872376322746277,-0.020450858399271965,-0.012066091410815716,0.1574741005897522,-0.030290059745311737,-0.036587681621313095,2.824683904647827
1790341593306087400,52.34408740234375,-0.9872430562973022,-0.01947326771914959,-0.01242847554385662,0.15753600001335144,-0.030698461458086967,-0.034540701657533646,2.824587345123291
1790341593322604500,52.3606044921875,-0.9872514009475708,-0.01813146285712719,-0.012649775482714176,0.15762604773044586,-0.030713370069861412,-0.031818125396966934,2.824453592300415
1790341593339092500,52.377092529296874,-0.987247884273529,-0.016861218959093094,-0.013010243885219097,0.15775947272777557,-0.031026901677250862,-0.029191572219133377,2.8242247104644775
1790341593355579000,52.39357885742187,-0.9872428774833679,-0.015621422789990902,-0.013242882676422596,0.1578996628522873,-0.031097183004021645,-0.02666534297168255,2.823984384536743
1790341593372045800,52.4100458984375,-0.9872344732284546,-0.01483224704861641,-0.01324843242764473,0.1580270528793335,-0.030861029401421547,-0.025101223960518837,2.8237574100494385
1790341593388540400,52.42654052734375,-0.9872369170188904,-0.014218172989785671,-0.01358109526336193,0.15804021060466766,-0.03132358193397522,-0.023782934993505478,2.823746919631958
1790341593405023000,52.44302294921875,-0.9872329235076904,-0.013510070741176605,-0.01370674092322588,0.15811656415462494,-0.031348779797554016,-0.022342506796121597,2.8236172199249268
1790341593421540400,52.459540283203125,-0.9872270226478577,-0.01294434443116188,-0.013825329020619392,0.15819017589092255,-0.031405020505189896,-0.021185535937547684,2.8234875202178955
1790341593438029300,52.476029296875,-0.9872148633003235,-0.012413485907018185,-0.014180611819028854,0.15827696025371552,-0.03193999081850052,-0.020021963864564896,2.8233251571655273
1790341593454517500,52.492517578125,-0.9872015714645386,-0.012097656726837158,-0.014339204877614975,0.1583707481622696,-0.03215475752949715,-0.019345035776495934,2.8231444358825684
1790341593471041000,52.509041015625,-0.9871858358383179,-0.011732341721653938,-0.014756415039300919,0.15845723450183868,-0.03286433219909668,-0.018488533794879913,2.8229758739471436
1790341593487560400,52.525560546875,-0.9871588349342346,-0.011276056990027428,-0.01517380028963089,0.15861952304840088,-0.033546507358551025,-0.01744968257844448,2.822657823562622
1790341593504050400,52.542050537109375,-0.9871556162834167,-0.010929851792752743,-0.01518834475427866,0.15866205096244812,-0.03346576914191246,-0.01676008477807045,2.822585105895996
1790341593520541400,52.55854150390625,-0.9871308207511902,-0.010405495762825012,-0.015793178230524063,0.158792644739151,-0.03449549525976181,-0.015528114512562752,2.8223319053649902
1790341593537042000,52.5750419921875,-0.9871154427528381,-0.010291079059243202,-0.015868576243519783,0.15888825058937073,-0.03460944443941116,-0.015274899080395699,2.822141647338867
1790341593553535500,52.591535400390626,-0.9870897531509399,-0.010074770078063011,-0.01603827252984047,0.15904434025287628,-0.03487798571586609,-0.014788351021707058,2.821831703186035
1790341593570059300,52.608059326171876,-0.9870884418487549,-0.009763863869011402,-0.016156738623976707,0.1590600609779358,-0.03501299023628235,-0.014136282727122307,2.821810722351074
1790341593586480000,52.62448022460938,-0.9870799779891968,-0.009463717229664326,-0.01648736745119095,0.15909668803215027,-0.03557070344686508,-0.013437123969197273,2.821744203567505
1790341593602964200,52.640964111328124,-0.9870615601539612,-0.00941352266818285,-0.016498006880283356,0.15921267867088318,-0.03557726368308067,-0.013330463320016861,2.8215110301971436
1790341593619430100,52.65743017578125,-0.9870496988296509,-0.009237848222255707,-0.016564074903726578,0.15928985178470612,-0.03565266355872154,-0.012959815561771393,2.8213610649108887
1790341593635923000,52.6739228515625,-0.987051248550415,-0.009060322307050228,-0.016750799492001534,0.15927115082740784,-0.0359644778072834,-0.01255049742758274,2.821403741836548
1790341593652435500,52.690435546875,-0.9870355129241943,-0.008773837238550186,-0.017004389315843582,0.1593574583530426,-0.03637481853365898,-0.011900907382369041,2.821237564086914
1790341593668946200,52.7069462890625,-0.9870333671569824,-0.008423915132880211,-0.016649238765239716,0.15942737460136414,-0.035562485456466675,-0.011320923455059528,2.8211140632629395
1790341593685431600,52.723431640625,-0.9870238304138184,-0.00813004095107317,-0.01682181842625141,0.15948325395584106,-0.03580997884273529,-0.0106836948543787,2.8210105895996094
1790341593701933800,52.739933837890625,-0.9870167970657349,-0.008145062252879143,-0.01687939465045929,0.15952007472515106,-0.035928875207901,-0.010693625546991825,2.820934772491455
1790341593718426600,52.756426513671876,-0.9870218634605408,-0.007993328385055065,-0.0165064949542284,0.15953542292118073,-0.03514415770769119,-0.010512633249163628,2.820913553237915
1790341593734940200,52.77294018554687,-0.987001359462738,-0.007923560217022896,-0.01685488037765026,0.15962913632392883,-0.03581077978014946,-0.010260248556733131,2.820722818374634
1790341593751425500,52.78942553710937,-0.9870094060897827,-0.007574591785669327,-0.01679864712059498,0.15960218012332916,-0.03558783978223801,-0.00959033239632845,2.820791721343994
1790341593767913000,52.805912841796875,-0.9870138764381409,-0.007412447594106197,-0.016933072358369827,0.15956823527812958,-0.03580110892653465,-0.009228547103703022,2.8208656311035156
1790341593784414700,52.822414794921876,-0.9870357513427734,-0.007379837334156036,-0.017006129026412964,0.15942631661891937,-0.03593362867832184,-0.009146005846560001,2.8211538791656494
1790341593800906500,52.83890649414062,-0.9870261549949646,-0.007509173359721899,-0.017032397910952568,0.15947692096233368,-0.03602730482816696,-0.009391089901328087,2.8210458755493164
1790341593817427000,52.855427001953124,-0.9870128631591797,-0.007591376081109047,-0.017214566469192505,0.15953609347343445,-0.03641388565301895,-0.009493024088442326,2.8209211826324463
1790341593833913000,52.8719130859375,-0.9870246052742004,-0.0074880910106003284,-0.01722618006169796,0.1594666838645935,-0.03640313819050789,-0.00928798969835043,2.821065902709961
1790341593850399500,52.8883994140625,-0.9870160818099976,-0.007045928388834,-0.01728922873735428,0.15953296422958374,-0.036386918276548386,-0.008392583578824997,2.820948600769043
1790341593866900200,52.90490014648437,-0.9869866967201233,-0.0069014690816402435,-0.01751701533794403,0.15969645977020264,-0.03679188713431358,-0.00802859291434288,2.8206212520599365
1790341593883393500,52.9213935546875,-0.9869927167892456,-0.007020464166998863,-0.01759348437190056,0.15964506566524506,-0.0369805283844471,-0.008240961469709873,2.8207199573516846
1790341593899864000,52.93786401367188,-0.9869868159294128,-0.006970069371163845,-0.017926886677742004,0.1596471667289734,-0.03762279450893402,-0.00803486630320549,2.8207151889801025
1790341593916374800,52.95437475585938,-0.9869899153709412,-0.006731101311743259,-0.01815897226333618,0.15961144864559174,-0.03800437971949577,-0.007490368094295263,2.8207955360412598
1790341593932895500,52.9708955078125,-0.9869822263717651,-0.006734919268637896,-0.018347078934311867,0.15963739156723022,-0.03837725147604942,-0.007436799816787243,2.8207414150238037
1790341593949395500,52.9873955078125,-0.9869812726974487,-0.006805188488215208,-0.018382078036665916,0.15963663160800934,-0.03846883773803711,-0.0075643532909452915,2.820739984512329
1790341593965887200,53.00388720703125,-0.9869773387908936,-0.005946937017142773,-0.018548382446169853,0.15967576205730438,-0.038523007184267044,-0.005815562326461077,2.820694923400879
1790341593982388500,53.020388427734375,-0.9869546294212341,-0.005842016078531742,-0.0189508069306612,0.15977293252944946,-0.039284657686948776,-0.00547598535194993,2.820500135421753
1790341593998874000,53.0368740234375,-0.9869685173034668,-0.006091894581913948,-0.018932560458779335,0.1596800535917282,-0.03932802751660347,-0.005978747271001339,2.8206779956817627
1790341594015357200,53.05335717773438,-0.9869535565376282,-0.00624999962747097,-0.018899675458669662,0.15977030992507935,-0.03931424021720886,-0.0062977466732263565,2.820488929748535
1790341594031853300,53.06985327148438,-0.9869818687438965,-0.005939241964370012,-0.018968164920806885,0.15959888696670532,-0.03934904932975769,-0.005669282283633947,2.8208487033843994
1790341594048348700,53.0863486328125,-0.9870264530181885,-0.005660948343575001,-0.019192900508642197,0.1593063771724701,-0.039702389389276505,-0.00505993003025651,2.8214516639709473
1790341594064646100,53.10264624023438,-0.9870749711990356,-0.005715972278267145,-0.019084440544247627,0.15901602804660797,-0.03950422257184982,-0.005214746575802565,2.822037935256958
1790341594081138000,53.119137939453125,-0.987056314945221,-0.006044607609510422,-0.01909988559782505,0.15911801159381866,-0.039639998227357864,-0.005854498129338026,2.821817398071289
1790341594097626600,53.135626708984375,-0.9870570302009583,-0.006077560596168041,-0.019483784213662148,0.15906602144241333,-0.04040835425257683,-0.005799414124339819,2.8219192028045654
1790341594114094300,53.15209423828125,-0.9870991706848145,-0.006051681935787201,-0.019334491342306137,0.15882320702075958,-0.040103841572999954,-0.005805721040815115,2.8224129676818848
1790341594130592300,53.16859228515625,-0.987121045589447,-0.0058102174662053585,-0.01953926496207714,0.15867109596729279,-0.040430646389722824,-0.005270167253911495,2.822730302810669
1790341594147107000,53.18510717773437,-0.9871917366981506,-0.005836418829858303,-0.019846118986606598,0.15819203853607178,-0.04104248434305191,-0.005244357045739889,2.823697805404663
1790341594163621400,53.20162133789062,-0.9872602820396423,-0.006020302418619394,-0.019702035933732986,0.15777483582496643,-0.040813762694597244,-0.005670270882546902,2.824535369873047
1790341594180109800,53.21810986328125,-0.9872677326202393,-0.006901342421770096,-0.019614852964878082,0.1577025055885315,-0.04091949015855789,-0.007440390530973673,2.824644088745117
1790341594196599600,53.234599609375,-0.9873417019844055,-0.0075041200034320354,-0.019986771047115326,0.1571645885705948,-0.04184003919363022,-0.008535939268767834,2.8257038593292236
1790341594213128200,53.25112817382813,-0.9873972535133362,-0.0077176871709525585,-0.019937464967370033,0.1568109095096588,-0.041806697845458984,-0.008988143876194954,2.8264105319976807
1790341594229608000,53.26760791015625,-0.9874711632728577,-0.007957764901220798,-0.02025996893644333,0.1562911868095398,-0.04251440614461899,-0.00938335433602333,2.827449083328247
1790341594246096000,53.28409594726563,-0.9874921441078186,-0.008302400819957256,-0.02007223106920719,0.15616507828235626,-0.042250167578458786,-0.010128121823072433,2.827690362930298
1790341594262627800,53.3006279296875,-0.9875516891479492,-0.009411970153450966,-0.019848767668008804,0.15575343370437622,-0.042150985449552536,-0.012406905181705952,2.828474760055542
1790341594279101700,53.31710180664062,-0.9876396059989929,-0.01048375479876995,-0.019636908546090126,0.15515345335006714,-0.04205844923853874,-0.014615395106375217,2.829641819000244
1790341594295600600,53.3336005859375,-0.9876768589019775,-0.011126345954835415,-0.019159359857439995,0.15493109822273254,-0.04131120815873146,-0.016042394563555717,2.830068826675415
1790341594312076300,53.350076171875,-0.9877173900604248,-0.011558370664715767,-0.019233614206314087,0.15463124215602875,-0.041587233543395996,-0.01688537560403347,2.8306541442871094
1790341594328562000,53.36656201171875,-0.9877876043319702,-0.013035308569669724,-0.01857024058699608,0.15414632856845856,-0.04072502255439758,-0.020028503611683846,2.831577777862549
1790341594345005800,53.383005859375,-0.987843930721283,-0.015652479603886604,-0.016920633614063263,0.15373089909553528,-0.03826442360877991,-0.025724802166223526,2.832331895828247
1790341594361496800,53.39949682617188,-0.9878067374229431,-0.01757148467004299,-0.01737619750201702,0.15371188521385193,-0.039758164435625076,-0.02937682904303074,2.832266092300415
1790341594377990100,53.415990234375,-0.9878125786781311,-0.019275140017271042,-0.017308734357357025,0.15347719192504883,-0.04014449566602707,-0.032773327082395554,2.832658052444458
1790341594394495700,53.432495849609374,-0.9878460168838501,-0.02066313847899437,-0.01715707592666149,0.15309785306453705,-0.04026040807366371,-0.035578083246946335,2.833359956741333
1790341594411001900,53.449001953125,-0.987841010093689,-0.02197754569351673,-0.017435919493436813,0.15291552245616913,-0.041210807859897614,-0.03809741511940956,2.8336498737335205
1790341594427486200,53.465486328125,-0.9879055619239807,-0.023042969405651093,-0.017429446801543236,0.15234141051769257,-0.041503578424453735,-0.0402289517223835,2.8347549438476562
1790341594443957000,53.48195703125,-0.9879070520401001,-0.023535724729299545,-0.017861953005194664,0.15220628678798676,-0.042505111545324326,-0.04107636213302612,2.834984540939331
1790341594460449300,53.49844921875,-0.987956702709198,-0.023718157783150673,-0.01757572963833809,0.15188847482204437,-0.04198168218135834,-0.04153786972165108,2.8356292247772217
1790341594476963300,53.51496337890625,-0.9879767298698425,-0.024289457127451897,-0.017976196482777596,0.15162114799022675,-0.04293777793645859,-0.04255653917789459,2.8361222743988037
1790341594493417200,53.531417236328124,-0.9880068898200989,-0.02459220588207245,-0.018749499693512917,0.15128213167190552,-0.04454576224088669,-0.04293480142951012,2.836759328842163
1790341594509900500,53.547900634765625,-0.9880443811416626,-0.024285487830638885,-0.019016392529010773,0.15105313062667847,-0.04497016593813896,-0.0422578863799572,2.8372297286987305
1790341594526399200,53.56439916992188,-0.9881182312965393,-0.024282950907945633,-0.018858851864933968,0.15058888494968414,-0.04463781788945198,-0.042321618646383286,2.8381757736206055
1790341594542894300,53.58089428710937,-0.9882156252861023,-0.02426050417125225,-0.019074460491538048,0.1499250829219818,-0.04502924531698227,-0.042242299765348434,2.8395118713378906
1790341594559370500,53.59737060546875,-0.988350510597229,-0.023865675553679466,-0.01937900111079216,0.14905764162540436,-0.04547585919499397,-0.041409965604543686,2.841277837753296
1790341594575827700,53.61382763671875,-0.9884848594665527,-0.02283158153295517,-0.01895136758685112,0.14838236570358276,-0.044290944933891296,-0.03952353820204735,2.8427202701568604
1790341594592317400,53.6303173828125,-0.9885504245758057,-0.021965382620692253,-0.019092777743935585,0.1480579823255539,-0.04429874196648598,-0.03778309002518654,2.8434200286865234
1790341594608755500,53.64675537109375,-0.9886472821235657,-0.020854108035564423,-0.018953461199998856,0.14758872985839844,-0.043673861771821976,-0.03564763069152832,2.844435691833496
1790341594625246500,53.66324658203125,-0.9887406826019287,-0.020207617431879044,-0.018457826226949692,0.14711548388004303,-0.04248381778597832,-0.03453618660569191,2.845444679260254
1790341594641730600,53.67973046875,-0.9888244867324829,-0.0188123881816864,-0.018231039866805077,0.1467648595571518,-0.04160970449447632,-0.03185833618044853,2.846234083175659
1790341594658226700,53.696226806640624,-0.9889534711837769,-0.017810629680752754,-0.017877504229545593,0.14606282114982605,-0.04059239849448204,-0.030009794980287552,2.847714900970459
1790341594674713900,53.7127138671875,-0.9890412092208862,-0.01698409393429756,-0.017365138977766037,0.1456284075975418,-0.03932255506515503,-0.02854209765791893,2.8486483097076416
1790341594691216400,53.72921630859375,-0.9891679286956787,-0.016528001055121422,-0.01728338934481144,0.14482709765434265,-0.039004597812891006,-0.027695273980498314,2.850292205810547
1790341594707745000,53.7457451171875,-0.9892195463180542,-0.015980079770088196,-0.017217319458723068,0.1445438265800476,-0.0387064591050148,-0.026641452684998512,2.8508925437927246
1790341594724227000,53.76222705078125,-0.9893050789833069,-0.016086064279079437,-0.017124271020293236,0.14395689964294434,-0.03853713721036911,-0.02690098062157631,2.852076292037964
1790341594740714200,53.77871435546875,-0.9894136786460876,-0.01644386723637581,-0.016875455155968666,0.14319734275341034,-0.03812692314386368,-0.0277100782841444,2.8536014556884766
1790341594757203700,53.79520361328125,-0.9895231127738953,-0.016689712181687355,-0.017241107299923897,0.1423666924238205,-0.038898251950740814,-0.02812430076301098,2.8552587032318115
1790341594773702700,53.81170263671875,-0.989647388458252,-0.016333427280187607,-0.01707378216087818,0.14156176149845123,-0.038442425429821014,-0.027498144656419754,2.8569064140319824
1790341594790144500,53.82814453125,-0.9897083640098572,-0.016024697571992874,-0.017582397907972336,0.14110849797725677,-0.039349570870399475,-0.02676069736480713,2.857823371887207
1790341594806630000,53.8446298828125,-0.9897693991661072,-0.01599079556763172,-0.017901787534356117,0.1406428962945938,-0.03996005281805992,-0.026622023433446884,2.858757257461548
1790341594823083500,53.86108349609375,-0.9898756742477417,-0.01660950854420662,-0.018060605973005295,0.13980042934417725,-0.040426209568977356,-0.027836531400680542,2.8604252338409424
1790341594839568600,53.87756860351563,-0.9899463057518005,-0.01747000589966774,-0.018398674204945564,0.13914962112903595,-0.04131898283958435,-0.02947266586124897,2.8616878986358643
1790341594856034800,53.894034912109376,-0.9900261163711548,-0.017464471980929375,-0.01836651749908924,0.13858596980571747,-0.041236940771341324,-0.029494158923625946,2.8628275394439697
1790341594872493600,53.91049365234375,-0.9901533126831055,-0.017715033143758774,-0.018886728212237358,0.13757169246673584,-0.04230719432234764,-0.02988908812403679,2.8648483753204346
1790341594889044200,53.92704418945313,-0.9902167320251465,-0.01886206679046154,-0.019116077572107315,0.13692989945411682,-0.043059200048446655,-0.03212546929717064,2.8660783767700195
1790341594905553700,53.9435537109375,-0.9902715682983398,-0.02019963413476944,-0.0192802082747221,0.13631777465343475,-0.04373276233673096,-0.034756772220134735,2.8672380447387695
1790341594922039800,53.960039794921876,-0.9902836084365845,-0.021333463490009308,-0.020081885159015656,0.13594137132167816,-0.045620426535606384,-0.036800745874643326,2.867908000946045
1790341594938588700,53.97658862304687,-0.990359365940094,-0.02215336076915264,-0.02030305005609989,0.13522398471832275,-0.046256545931100845,-0.03839809447526932,2.8693020343780518
1790341594955111200,53.993111083984374,-0.990402340888977,-0.022745471447706223,-0.020487166941165924,0.13478250801563263,-0.04676605015993118,-0.03954201564192772,2.870152235031128
1790341594971622400,54.009622314453125,-0.9904653429985046,-0.02319713868200779,-0.020522860810160637,0.134235680103302,-0.04693775624036789,-0.04045315459370613,2.8712286949157715
1790341594988105500,54.02610546875,-0.9905345439910889,-0.023482996970415115,-0.020577281713485718,0.13366588950157166,-0.04709981009364128,-0.04103199020028114,2.8723602294921875
1790341595004590000,54.04259008789062,-0.9905904531478882,-0.02371250092983246,-0.020484786480665207,0.13322418928146362,-0.04695996269583702,-0.04153255373239517,2.873242139816284
1790341595021053200,54.05905322265625,-0.9906856417655945,-0.023987965658307076,-0.02056800201535225,0.13245221972465515,-0.0471666157245636,-0.0420929417014122,2.8747808933258057
1790341595037510000,54.07551000976562,-0.9907907247543335,-0.02400454878807068,-0.020376065745949745,0.13169080018997192,-0.04675786569714546,-0.042212825268507004,2.8763248920440674
1790341595054025500,54.092025390625,-0.990896463394165,-0.024028567597270012,-0.02051054872572422,0.13086721301078796,-0.04699600860476494,-0.042263906449079514,2.8779799938201904
1790341595070577000,54.108576904296875,-0.9909926056861877,-0.02420707419514656,-0.020326022058725357,0.13013280928134918,-0.04664556309580803,-0.0427008718252182,2.8794593811035156
1790341595087070700,54.12507080078125,-0.9910706281661987,-0.02434583753347397,-0.020192742347717285,0.12953175604343414,-0.0463915690779686,-0.04303897172212601,2.8806698322296143
1790341595103575600,54.14157543945313,-0.9911401271820068,-0.024264637380838394,-0.020257337018847466,0.1290048360824585,-0.04647567495703697,-0.04288586974143982,2.88173508644104
1790341595120053000,54.15805297851563,-0.9912029504776001,-0.02396443858742714,-0.020478924736380577,0.12854193150997162,-0.04681728407740593,-0.04225501790642738,2.8826770782470703
1790341595136555500,54.17455541992187,-0.9913336634635925,-0.023852212354540825,-0.020433425903320312,0.12755846977233887,-0.04665601998567581,-0.0420905165374279,2.884669542312622
1790341595153035500,54.191035400390625,-0.9914121627807617,-0.024361221119761467,-0.019580895081162453,0.12698499858379364,-0.045070067048072815,-0.04334463179111481,2.8858327865600586
1790341595169522700,54.20752270507813,-0.991508424282074,-0.024803945794701576,-0.019768940284848213,0.12611523270606995,-0.04551864042878151,-0.04421472176909447,2.887554168701172
1790341595186024400,54.2240244140625,-0.9916136264801025,-0.02513204514980316,-0.019504953175783157,0.1252611130475998,-0.04503963887691498,-0.0449712909758091,2.8892695903778076
1790341595202513700,54.240513671875,-0.9916672706604004,-0.025756265968084335,-0.01956469938158989,0.12469952553510666,-0.04529076814651489,-0.0462203286588192,2.890364170074463
1790341595219027000,54.25702685546875,-0.9917216897010803,-0.026545729488134384,-0.01947963237762451,0.12411309033632278,-0.04529336839914322,-0.047834835946559906,2.891505479812622
1790341595235479600,54.2734794921875,-0.9917531609535217,-0.028075341135263443,-0.01942346803843975,0.12353205680847168,-0.04553769901394844,-0.050910767167806625,2.8925909996032715
1790341595251966500,54.28996655273438,-0.9917503595352173,-0.029821332544088364,-0.02001253142952919,0.12305059283971786,-0.047120675444602966,-0.05425213649868965,2.8934273719787598
1790341595268430000,54.30643017578125,-0.9917831420898438,-0.03151712194085121,-0.02000974677503109,0.12236249446868896,-0.04750043526291847,-0.0576513446867466,2.8947110176086426
1790341595284867600,54.32286767578125,-0.9917531609535217,-0.033000215888023376,-0.020785802975296974,0.12208522856235504,-0.04939662292599678,-0.06041760742664337,2.8951313495635986
1790341595301391600,54.3393916015625,-0.9918097257614136,-0.034460216760635376,-0.0211018119007349,0.12116449326276779,-0.05033062770962715,-0.06328460574150085,2.896873712539673
1790341595317879300,54.35587939453125,-0.9918386340141296,-0.03568344563245773,-0.021417871117591858,0.12051615118980408,-0.05121975019574165,-0.0656692385673523,2.8980796337127686
1790341595334363400,54.37236328125,-0.9918926954269409,-0.03673370182514191,-0.02194167859852314,0.11965841054916382,-0.052462659776210785,-0.06767240911722183,2.8997039794921875
1790341595350863600,54.388863525390626,-0.9919208288192749,-0.03735853731632233,-0.02217244543135166,0.11918845772743225,-0.053042635321617126,-0.06888248026371002,2.900592803955078
1790341595367326700,54.40532666015625,-0.9919794201850891,-0.03774699196219444,-0.022200772538781166,0.11857159435749054,-0.05315079912543297,-0.06968008726835251,2.901808023452759
1790341595383840000,54.42184008789062,-0.992074191570282,-0.037788499146699905,-0.022342238575220108,0.11773546040058136,-0.05338359251618385,-0.06977364420890808,2.903481960296631
1790341595400352000,54.43835205078125,-0.9921429753303528,-0.03788788989186287,-0.02231220155954361,0.11712817847728729,-0.05330502614378929,-0.07001080363988876,2.9047019481658936
1790341595416840000,54.45483984375,-0.9922211766242981,-0.037817228585481644,-0.02223658561706543,0.11650144308805466,-0.05309336259961128,-0.06992188096046448,2.9059760570526123
1790341595433336800,54.4713369140625,-0.992283284664154,-0.03765682131052017,-0.022189466282725334,0.11603304743766785,-0.05292828381061554,-0.06963931769132614,2.906934976577759
1790341595449858800,54.48785888671875,-0.9923422932624817,-0.03782479092478752,-0.022110465914011,0.11548712849617004,-0.05277260020375252,-0.07002053409814835,2.908029556274414
1790341595466324700,54.50432470703125,-0.9923790097236633,-0.038351647555828094,-0.021651674062013626,0.1150841936469078,-0.05195560306310654,-0.0711953416466713,2.90883731842041
1790341595482809900,54.52080981445312,-0.9924139380455017,-0.0389239527285099,-0.021294116973876953,0.11465629935264587,-0.05134807154536247,-0.07243767380714417,2.9096860885620117
1790341595499293400,54.53729345703125,-0.9924869537353516,-0.03935898467898369,-0.02103988453745842,0.11392076313495636,-0.050890158861875534,-0.07339868694543839,2.9111578464508057
1790341595515789000,54.5537890625,-0.9926084280014038,-0.03945425525307655,-0.02073832042515278,0.1128792092204094,-0.05023466423153877,-0.0737101286649704,2.913273334503174
1790341595532276700,54.57027685546875,-0.9926868677139282,-0.039405375719070435,-0.020535007119178772,0.11224266141653061,-0.04977115988731384,-0.07369126379489899,2.9145748615264893
1790341595548757800,54.5867578125,-0.9927541613578796,-0.0395866259932518,-0.020081205293536186,0.11166375130414963,-0.04886597394943237,-0.0741829127073288,2.9157629013061523
1790341595565209000,54.603208984375,-0.9928110837936401,-0.040073953568935394,-0.019530706107616425,0.11108065396547318,-0.04783724620938301,-0.07530391961336136,2.91694712638855
1790341595581695700,54.61969580078125,-0.9929046034812927,-0.04045027866959572,-0.019082283601164818,0.1101817935705185,-0.04696100577712059,-0.07619520276784897,2.9187684059143066
1790341595598192400,54.6361923828125,-0.9929953217506409,-0.04055439680814743,-0.018991589546203613,0.10933970659971237,-0.04673905670642853,-0.07646206021308899,2.920466184616089
1790341595614665700,54.65266577148437,-0.9930555820465088,-0.04052980989217758,-0.018782462924718857,0.10883574932813644,-0.04627799987792969,-0.07648283988237381,2.921499490737915
1790341595631177500,54.669177490234375,-0.993134617805481,-0.040750760585069656,-0.018654173240065575,0.10805090516805649,-0.04601099342107773,-0.07698680460453033,2.92307710647583
1790341595647689500,54.685689453125,-0.9931610226631165,-0.04105763882398605,-0.018742794170975685,0.10767615586519241,-0.04622659087181091,-0.07759522646665573,2.9238064289093018
1790341595664177400,54.70217749023438,-0.9931926727294922,-0.04139252007007599,-0.018743721768260002,0.10725531727075577,-0.04626954346895218,-0.07828068733215332,2.924633264541626
1790341595680646000,54.71864599609375,-0.9932282567024231,-0.04152435064315796,-0.018784424290060997,0.10686767101287842,-0.04634912684559822,-0.07855217903852463,2.925403118133545
1790341595697174800,54.7351748046875,-0.9932501316070557,-0.04165278375148773,-0.018859023228287697,0.10659999400377274,-0.04650486260652542,-0.07880406081676483,2.9259285926818848
1790341595713689000,54.751689208984374,-0.9932742714881897,-0.04193054139614105,-0.019099848344922066,0.1062232255935669,-0.04701587185263634,-0.07932251691818237,2.9266514778137207
1790341595730177000,54.76817700195313,-0.9933092594146729,-0.04218883812427521,-0.019094355404376984,0.10579428821802139,-0.04702702537178993,-0.07985783368349075,2.927499771118164
1790341595746665700,54.78466577148438,-0.9933409690856934,-0.042436983436346054,-0.01914229802787304,0.10538768768310547,-0.04714387655258179,-0.0803605243563652,2.9282994270324707
1790341595763161000,54.8011611328125,-0.993396520614624,-0.042563505470752716,-0.019268790259957314,0.10478749126195908,-0.04737485572695732,-0.08061390370130539,2.9294910430908203
1790341595779653600,54.817653564453124,-0.9934229254722595,-0.042565710842609406,-0.01917366497218609,0.10455343127250671,-0.04716664180159569,-0.08064956218004227,2.9299700260162354
1790341595796171800,54.834171875,-0.9934574365615845,-0.04278519004583359,-0.01908736489713192,0.10415122658014297,-0.04700908064842224,-0.08112353831529617,2.9307732582092285
1790341595812657400,54.850657470703126,-0.9934782981872559,-0.043292086571455,-0.019251316785812378,0.10371185094118118,-0.04740879312157631,-0.08211857825517654,2.931612730026245
1790341595829142300,54.867142333984376,-0.9934722185134888,-0.04380059614777565,-0.01923004910349846,0.10356001555919647,-0.04746272787451744,-0.08314217627048492,2.93188738822937
1790341595845609000,54.88360888671875,-0.9935320615768433,-0.04438704997301102,-0.01911580003798008,0.1027548611164093,-0.0472920760512352,-0.08437149226665497,2.933481216430664
1790341595862051600,54.900051513671876,-0.9935478568077087,-0.044881824404001236,-0.01905299536883831,0.10239811986684799,-0.047241367399692535,-0.08538621664047241,2.934173107147217
1790341595878565000,54.91656518554687,-0.9935575723648071,-0.04567614942789078,-0.018762720748782158,0.1020049899816513,-0.04679626226425171,-0.08704587072134018,2.934938430786133
1790341595895058700,54.93305859375,-0.9935580492019653,-0.04678012803196907,-0.01853793114423752,0.10154058784246445,-0.04653940722346306,-0.08931153267621994,2.935822010040283
1790341595911523800,54.94952392578125,-0.9935286641120911,-0.04855424538254738,-0.018317917361855507,0.10103391110897064,-0.04642685875296593,-0.0929122343659401,2.936746597290039
1790341595927972600,54.96597265625,-0.9934881925582886,-0.05009274184703827,-0.018447550013661385,0.1006568893790245,-0.04697253182530403,-0.09596657752990723,2.937392473220825
1790341595944499700,54.98249975585937,-0.9935187101364136,-0.050644680857658386,-0.018295451998710632,0.10010572522878647,-0.04673054441809654,-0.09712253510951996,2.938481569290161
1790341595960960000,54.9989599609375,-0.9935761094093323,-0.049899034202098846,-0.018577946349978447,0.09985773265361786,-0.0471152700483799,-0.0955921933054924,2.93900465965271
1790341595977431800,55.015431884765626,-0.9936981201171875,-0.04825181886553764,-0.018515443429350853,0.09946446865797043,-0.04661160707473755,-0.09234341233968735,2.939912796020508
1790341595993878500,55.03187841796875,-0.9937562346458435,-0.04720002040266991,-0.018565407022833824,0.09937818348407745,-0.04648611322045326,-0.09024307876825333,2.9401509761810303
1790341596010368500,55.048368408203125,-0.9937661290168762,-0.047105710953474045,-0.018513163551688194,0.09933435916900635,-0.0463583841919899,-0.09006786346435547,2.9402501583099365
1790341596026861300,55.064861328125,-0.9937506914138794,-0.04748399928212166,-0.018564144149422646,0.09929914027452469,-0.046534981578588486,-0.09081247448921204,2.9402918815612793
1790341596043350500,55.0813505859375,-0.9937646985054016,-0.047739457339048386,-0.018725302070379257,0.09900568425655365,-0.04688241332769394,-0.0913025513291359,2.940852165222168
1790341596058759700,55.096759765625,-0.9938292503356934,-0.0475270114839077,-0.018576055765151978,0.09848703444004059,-0.04649321362376213,-0.09093373268842697,2.941924810409546
1790341596075251200,55.11325122070313,-0.9938938617706299,-0.047127969563007355,-0.018832940608263016,0.09797628223896027,-0.04687803238630295,-0.09011194109916687,2.9429571628570557
1790341596091754000,55.12975390625,-0.9939263463020325,-0.046917036175727844,-0.01893463358283043,0.09772828966379166,-0.047015707939863205,-0.0896834284067154,2.9434616565704346
