time,seconds_elapsed,z,y,x
1790341541101071000,0.139071044921875,7.089231014251709,8.147468566894531,-2.343923568725586
1790341541117539800,0.155539794921875,6.976703643798828,8.090007781982422,-2.2218191623687744
1790341541134009300,0.17200927734375,6.993463039398193,7.99184513092041,-2.0853497982025146
1790341541150503000,0.1885029296875,6.952761650085449,7.797914981842041,-1.9967641830444336
1790341541166972200,0.20497216796875,6.624756336212158,7.666234016418457,-1.889025092124939
1790341541183443200,0.221443115234375,6.418854713439941,7.625532627105713,-1.8794482946395874
1790341541199942100,0.237942138671875,6.086060523986816,7.587224960327148,-2.1547815799713135
1790341541216413700,0.25441357421875,5.762843608856201,7.527369976043701,-2.583343744277954
1790341541232913400,0.270913330078125,5.568912982940674,7.568071365356445,-2.8610711097717285
1790341541249385000,0.287385009765625,5.360617637634277,7.704541206359863,-2.8826189041137695
1790341541265780500,0.303780517578125,5.16429328918457,7.7763671875,-2.7509377002716064
1790341541282278700,0.320278564453125,5.171475887298584,7.802703380584717,-2.5330653190612793
1790341541298744300,0.336744384765625,5.506663799285889,7.790732383728027,-2.3702597618103027
1790341541315183400,0.353183349609375,6.0836663246154785,7.565677165985107,-2.3750481605529785
1790341541331646700,0.369646728515625,6.512228488922119,7.309497833251953,-2.4636335372924805
1790341541348109800,0.38610986328125,6.528987884521484,7.134721279144287,-2.6647465229034424
1790341541364627700,0.402627685546875,6.347028732299805,7.177816867828369,-2.8155810832977295
1790341541381088800,0.4190888671875,6.2847795486450195,7.314286231994629,-2.7485435009002686
1790341541397578800,0.435578857421875,6.232107162475586,7.4100542068481445,-2.6360161304473877
1790341541414012200,0.45201220703125,5.889736175537109,7.8098859786987305,-2.4612393379211426
1790341541430441500,0.46844140625,5.7556610107421875,8.154650688171387,-2.31758713722229
1790341541446928000,0.484927978515625,5.765237808227539,8.123526573181152,-2.22660756111145
1790341541463389400,0.501389404296875,5.849034786224365,7.929595947265625,-2.0374655723571777
1790341541479876600,0.517876708984375,6.076483726501465,7.6997528076171875,-1.7381904125213623
1790341541496337400,0.53433740234375,5.901707172393799,7.433996200561523,-1.6903064250946045
1790341541512816000,0.550816162109375,5.65031623840332,7.196970462799072,-1.8291701078414917
1790341541529302500,0.567302490234375,5.492298603057861,7.067683219909668,-2.0231003761291504
1790341541545764000,0.58376416015625,5.523423194885254,7.053318023681641,-2.161964178085327
1790341541562283000,0.600282958984375,5.6670756340026855,7.003039836883545,-1.987187385559082
1790341541578743600,0.61674365234375,5.633556365966797,7.058106422424316,-1.8411411046981812
1790341541595207200,0.633207275390625,5.7987565994262695,7.108384609222412,-1.699883222579956
1790341541611725800,0.649725830078125,6.0190229415893555,7.117961883544922,-1.4844050407409668
1790341541628186400,0.666186279296875,6.512228488922119,6.938396453857422,-1.1228805780410767
1790341541644675800,0.68267578125,6.658275127410889,6.842628479003906,-0.7445967197418213
1790341541661134000,0.699134033203125,6.557718276977539,7.053318023681641,-0.6224924325942993
1790341541677592600,0.715592529296875,6.172252178192139,7.465120792388916,-0.7374141216278076
1790341541694087000,0.7320869140625,6.078877925872803,7.750030994415283,-1.1971008777618408
1790341541710547700,0.748547607421875,6.2632317543029785,7.967903137207031,-1.4963760375976562
1790341541727008000,0.765008056640625,6.806715488433838,8.106766700744629,-1.3742717504501343
1790341541743466800,0.781466796875,7.127538681030273,8.190564155578613,-1.0079588890075684
1790341541759990300,0.797990234375,7.0988078117370605,8.111555099487305,-0.8331822156906128
1790341541776482600,0.814482666015625,6.303933143615723,8.154650688171387,-0.5961562395095825
1790341541792943000,0.830943115234375,5.6670756340026855,8.209717750549316,-0.4692635238170624
1790341541809379800,0.8473798828125,5.449203014373779,8.054094314575195,-0.49799394607543945
1790341541825839600,0.863839599609375,5.51624059677124,7.706935405731201,-0.6655880808830261
1790341541842298600,0.880298583984375,5.442020416259766,7.445967197418213,-0.8068459630012512
1790341541858811000,0.896810791015625,5.193023681640625,7.479485988616943,-1.1061211824417114
1790341541875266800,0.913266845703125,4.99669885635376,7.522581577301025,-1.3623007535934448
1790341541891755300,0.92975537109375,4.934449672698975,7.570465564727783,-1.3982137441635132
1790341541908217300,0.94621728515625,5.307945251464844,7.869740962982178,-1.400607943534851
1790341541924682500,0.9626826171875,5.736507415771484,8.111555099487305,-1.3048399686813354
1790341541941173500,0.979173583984375,6.208165168762207,7.891288757324219,-0.950498104095459
1790341541957635300,0.99563525390625,6.011840343475342,7.524975776672363,-0.4141969084739685
1790341541974098700,1.0120986328125,5.212177276611328,7.47230339050293,-0.28969839215278625
1790341541990559000,1.02855908203125,4.54419469833374,7.73087739944458,-0.6368576288223267
1790341542007041300,1.045041259765625,4.417302131652832,8.037335395812988,-1.137245774269104
1790341542023531300,1.06153125,4.824316501617432,8.209717750549316,-1.558625340461731
1790341542039994000,1.077994140625,5.343858242034912,8.281543731689453,-1.7693150043487549
1790341542056480300,1.094480224609375,5.770026206970215,8.29590892791748,-1.6711528301239014
1790341542072924000,1.110923828125,5.858611583709717,8.312667846679688,-1.6376339197158813
1790341542089391000,1.12739111328125,5.652710437774658,8.406042098999023,-1.6687586307525635
1790341542105922600,1.143922607421875,5.348646640777588,8.597578048706055,-1.403002142906189
1790341542122426400,1.16042626953125,5.092466831207275,8.755595207214355,-1.091755986213684
1790341542138876200,1.176876220703125,5.188235282897949,8.904036521911621,-1.2282254695892334
1790341542155383000,1.193383056640625,5.336675643920898,8.87051773071289,-1.556231141090393
1790341542171842000,1.209842041015625,5.327098846435547,8.451532363891602,-1.7573440074920654
1790341542188301800,1.2263017578125,5.018246650695801,8.17141056060791,-1.8052281141281128
1790341542204759600,1.242759521484375,4.680664539337158,8.209717750549316,-1.7549498081207275
1790341542221217500,1.259217529296875,4.173093795776367,8.406042098999023,-1.5897499322891235
1790341542237734700,1.275734619140625,4.098873138427734,8.53532886505127,-1.4891934394836426
1790341542254234600,1.292234619140625,4.438849925994873,8.396465301513672,-1.5610195398330688
1790341542270690300,1.308690185546875,5.044582843780518,8.135497093200684,-1.6687586307525635
1790341542287147500,1.3251474609375,5.729324817657471,8.010998725891113,-1.7310078144073486
1790341542303626200,1.341626220703125,6.658275127410889,8.010998725891113,-1.7046716213226318
1790341542320079600,1.35807958984375,6.967126846313477,8.185775756835938,-1.6400281190872192
1790341542336534300,1.3745341796875,6.660669326782227,8.322244644165039,-1.400607943534851
1790341542353017300,1.391017333984375,6.009446144104004,8.38449478149414,-1.1252747774124146
1790341542369502200,1.407502197265625,5.513846397399902,8.44434928894043,-1.1779472827911377
1790341542385981200,1.423981201171875,5.4228668212890625,8.401253700256348,-1.3120225667953491
1790341542402489600,1.440489501953125,5.549759387969971,8.192957878112793,-1.414973258972168
1790341542418945000,1.456945068359375,5.700594425201416,8.042123794555664,-1.359906554222107
1790341542435478800,1.473478759765625,5.640739440917969,8.070854187011719,-1.1659762859344482
1790341542451933000,1.489932861328125,5.47075080871582,8.152256965637207,-1.039083480834961
1790341542468432400,1.506432373046875,5.403713226318359,8.111555099487305,-0.8906430602073669
1790341542484939500,1.522939453125,5.434837818145752,8.037335395812988,-0.768538773059845
1790341542501396500,1.539396484375,5.5329999923706055,8.04691219329834,-0.730231523513794
1790341542517882400,1.55588232421875,5.39174222946167,8.085219383239746,-0.6919242739677429
1790341542534384600,1.572384521484375,5.382165431976318,8.1139497756958,-0.7422025203704834
1790341542550888000,1.588887939453125,5.643133640289307,8.075642585754395,-0.9097966551780701
1790341542567344000,1.60534423828125,6.098031520843506,8.044517517089844,-1.05105459690094
1790341542583831800,1.621831787109375,6.248866558074951,8.097189903259277,-1.213860273361206
1790341542600361700,1.63836181640625,6.205770969390869,8.128314971923828,-1.2401964664459229
1790341542616867800,1.654867919921875,5.8442463874816895,8.224082946777344,-1.3000515699386597
1790341542633354500,1.6713544921875,5.5545477867126465,8.367734909057617,-1.3096283674240112
1790341542649808100,1.68780810546875,5.485116004943848,8.343792915344238,-1.2042834758758545
1790341542666305500,1.704305419921875,5.413290023803711,8.274360656738281,-1.237802267074585
1790341542682761200,1.72076123046875,5.365406036376953,8.219294548034668,-1.3479355573654175
1790341542699212300,1.73721240234375,5.434837818145752,8.066065788269043,-1.3694833517074585
1790341542715667200,1.753667236328125,5.353435039520264,7.94635534286499,-1.479616641998291
1790341542732123100,1.770123046875,5.152322292327881,7.857769966125488,-1.5131354331970215
1790341542748580400,1.786580322265625,4.903325080871582,7.824251174926758,-1.5610195398330688
1790341542764977400,1.802977294921875,4.903325080871582,7.934384346008301,-1.7118542194366455
1790341542781461200,1.819461181640625,5.0254292488098145,8.070854187011719,-1.7932571172714233
1790341542798008000,1.836008056640625,5.281609058380127,8.109161376953125,-1.6950948238372803
1790341542814494000,1.852493896484375,5.489904403686523,8.200140953063965,-1.4867992401123047
1790341542830952700,1.86895263671875,5.497087001800537,8.180987358093262,-1.3120225667953491
1790341542847467300,1.88546728515625,5.343858242034912,8.109161376953125,-1.1899182796478271
1790341542863924000,1.901924072265625,5.207388877868652,8.01339340209961,-1.1994950771331787
1790341542880414000,1.9184140625,4.98472785949707,7.989450931549072,-1.2210428714752197
1790341542896872400,1.93487255859375,4.896142482757568,7.979874134063721,-1.1180921792984009
1790341542913331700,1.951331787109375,4.960785865783691,7.999027729034424,-1.01753568649292
1790341542929819600,1.967819580078125,4.977545261383057,7.915230751037598,-0.8858546018600464
1790341542946276600,1.984276611328125,5.415684223175049,7.637503623962402,-0.6775590777397156
1790341542962766300,2.000766357421875,5.657498836517334,7.354987621307373,-0.5482721924781799
1790341542979220200,2.01722021484375,5.530605792999268,6.998251438140869,-0.9433154463768005
1790341542995699700,2.03369970703125,5.48272180557251,6.715735912322998,-1.2282254695892334
1790341543012155600,2.05015576171875,5.571307182312012,6.538564682006836,-1.5298948287963867
1790341543028612600,2.066612548828125,5.7125654220581055,6.691793918609619,-1.8100165128707886
1790341543044967000,2.082966796875,6.13633918762207,6.993463039398193,-1.7070658206939697
1790341543061380900,2.099380859375,6.912060260772705,7.175422668457031,-1.1540051698684692
1790341543077839000,2.115839111328125,7.340622425079346,7.433996200561523,-0.5339069962501526
1790341543094326800,2.132326904296875,6.7708024978637695,7.599195957183838,-0.028730420395731926
1790341543110760200,2.14876025390625,5.791574001312256,7.601590633392334,0.2298433631658554
1790341543127049700,2.1650498046875,5.116408824920654,7.690176010131836,0.3256114423274994
1790341543143505700,2.181505615234375,5.018246650695801,8.015787124633789,0.4429273009300232
1790341543159962600,2.197962646484375,4.668693542480469,8.358158111572266,0.33518823981285095
1790341543176446500,2.214446533203125,4.4292731285095215,8.585607528686523,0.12210428714752197
1790341543192901600,2.230901611328125,4.884171485900879,8.580819129943848,0.023942016065120697
1790341543209360400,2.2473603515625,6.205770969390869,8.226476669311523,-0.07661445438861847
1790341543225815600,2.263815673828125,7.357381820678711,7.592013359069824,-0.07661445438861847
1790341543242297600,2.280297607421875,7.881711959838867,6.648698329925537,-0.12689268589019775
1790341543258754600,2.296754638671875,7.489062786102295,5.803544998168945,-0.43335050344467163
1790341543275208200,2.313208251953125,6.811503887176514,5.43723201751709,-0.9265560507774353
1790341543291606300,2.329606201171875,6.471527099609375,5.4659624099731445,-1.5179238319396973
1790341543308059400,2.346059326171875,7.445967197418213,5.676652431488037,-1.6519991159439087
1790341543324514800,2.362514892578125,8.583212852478027,5.793968200683594,-1.0295066833496094
1790341543340997400,2.378997314453125,7.884106159210205,5.518634796142578,-0.42377370595932007
1790341543357451500,2.395451416015625,5.980715751647949,5.2265424728393555,-0.26575639843940735
1790341543373909000,2.411908935546875,4.412513732910156,5.066130638122559,-0.28969839215278625
1790341543390366000,2.428365966796875,3.7205893993377686,5.56173038482666,-0.48602294921875
1790341543406823700,2.44482373046875,4.264073371887207,6.172252178192139,-0.4908113479614258
1790341543423312000,2.461311767578125,5.52821159362793,6.200982570648193,-0.35434186458587646
1790341543439766800,2.477766845703125,7.146692276000977,5.870582580566406,-0.47884035110473633
1790341543456190000,2.49418994140625,8.355764389038086,5.652710437774658,-0.6727706789970398
1790341543472610800,2.51061083984375,9.107542991638184,5.5545477867126465,-0.9217676520347595
1790341543489087500,2.52708740234375,9.557653427124023,5.497087001800537,-1.4173674583435059
1790341543505621500,2.54362158203125,10.194510459899902,5.319916248321533,-1.821987509727478
1790341543522072800,2.56007275390625,10.532093048095703,5.058948040008545,-2.255337953567505
1790341543538577000,2.576576904296875,10.309432983398438,4.853046894073486,-2.406172752380371
1790341543555031000,2.593031005859375,9.536105155944824,4.838681697845459,-2.363077163696289
1790341543571488500,2.609488525390625,8.796297073364258,4.9368438720703125,-2.030282974243164
1790341543587971000,2.62597119140625,8.851364135742188,4.922478675842285,-1.644816517829895
1790341543604429000,2.642428955078125,8.96149730682373,5.035006046295166,-1.821987509727478
1790341543620888800,2.658888916015625,10.457873344421387,7.101202011108398,1.5705963373184204
1790341543637346800,2.675346923828125,11.367670059204102,8.655038833618164,4.896142482757568
1790341543653806800,2.691806884765625,8.89445972442627,7.86734676361084,2.185906171798706
1790341543670265600,2.708265625,8.731653213500977,8.125920295715332,1.522712230682373
1790341543686723800,2.724723876953125,6.509834289550781,6.756437301635742,-1.7405846118927002
1790341543703212300,2.74121240234375,5.039794445037842,5.949591159820557,-4.20421838760376
1790341543719664600,2.75766455078125,4.6040496826171875,5.544970989227295,-5.197812080383301
1790341543736050200,2.77405029296875,4.824316501617432,4.881777286529541,-4.525041103363037
1790341543752501800,2.790501708984375,5.25527286529541,4.809951305389404,-2.942473888397217
1790341543768953300,2.806953369140625,5.279214859008789,4.9799394607543945,-1.9033904075622559
1790341543785365800,2.82336572265625,5.750872611999512,5.738901615142822,-0.8523358106613159
1790341543801818600,2.839818603515625,5.643133640289307,6.6391215324401855,0.19632454216480255
1790341543818272000,2.85627197265625,5.75326681137085,6.981492042541504,1.2114660739898682
1790341543834784300,2.8727841796875,4.73573112487793,6.627150535583496,2.070984363555908
1790341543851238400,2.88923828125,4.2329487800598145,6.078877925872803,2.832340717315674
1790341543867698700,2.90569873046875,5.681440830230713,5.6910176277160645,2.52109432220459
1790341543884155600,2.92215576171875,6.624756336212158,5.971138954162598,1.1300631761550903
1790341543900614000,2.93861376953125,7.141903877258301,6.042964935302734,0.48602294921875
1790341543917069300,2.9550693359375,7.331045627593994,6.210559368133545,0.8954314589500427
1790341543933525200,2.971525146484375,8.147468566894531,6.01423454284668,0.6536170840263367
1790341543949980000,2.98797998046875,8.394071578979492,5.475539207458496,0.42377370595932007
1790341543966430000,3.004429931640625,8.367734909057617,5.25527286529541,-0.19393034279346466
1790341543982908700,3.02090869140625,8.030152320861816,5.485116004943848,-0.7709329724311829
1790341543999362300,3.0373623046875,7.728483200073242,5.825092792510986,-1.0414776802062988
1790341544015812400,3.053812255859375,7.484274387359619,6.212953567504883,-0.5291185975074768
1790341544032318500,3.070318359375,7.398083209991455,6.502651691436768,0.05746084079146385
1790341544048770000,3.08677001953125,7.462726593017578,6.651092529296875,0.23702596127986908
1790341544065186600,3.1031865234375,7.747636795043945,6.775590896606445,-0.2753331959247589
1790341544081698800,3.11969873046875,7.953537940979004,6.861782073974609,-1.2306196689605713
1790341544098150700,3.136150634765625,7.881711959838867,6.823474884033203,-1.9919757843017578
1790341544114603000,3.15260302734375,7.987056732177734,6.643909931182861,-2.516305923461914
1790341544131053800,3.1690537109375,7.9846625328063965,6.722918510437012,-1.256955862045288
1790341544147435500,3.185435546875,8.403648376464844,6.828263282775879,0.3280056416988373
1790341544163920400,3.20192041015625,8.56645393371582,6.718130111694336,1.6735470294952393
1790341544180369400,3.218369384765625,8.580819129943848,5.75326681137085,1.8507179021835327
1790341544196852500,3.2348525390625,7.69735860824585,5.403713226318359,2.1547815799713135
1790341544213298700,3.251298583984375,6.3973069190979,5.451597213745117,2.4899697303771973
1790341544229773800,3.26777392578125,5.355829238891602,5.413290023803711,2.52109432220459
1790341544246256600,3.284256591796875,4.841075897216797,5.485116004943848,2.671929121017456
1790341544262709500,3.30070947265625,4.809951305389404,5.506663799285889,2.604891538619995
1790341544279087400,3.31708740234375,5.063736438751221,5.082890033721924,2.2242133617401123
1790341544295538000,3.333537841796875,5.4013190269470215,4.6255974769592285,1.9967641830444336
1790341544311988000,3.349988037109375,6.469132900238037,4.417302131652832,1.8962076902389526
1790341544328501800,3.366501708984375,6.6127848625183105,4.182670593261719,1.4652514457702637
1790341544344955100,3.382955078125,8.159439086914062,3.869029998779297,1.0797849893569946
1790341544361443800,3.39944384765625,8.164227485656738,3.4165258407592773,0.28730419278144836
1790341544377899500,3.4158994140625,8.595184326171875,2.8227639198303223,-0.5363011956214905
1790341544394358800,3.43235888671875,9.265560150146484,2.628833532333374,-0.5267243981361389
1790341544410845000,3.448844970703125,10.225635528564453,2.389413356781006,0
1790341544427296300,3.465296142578125,10.474632263183594,2.3726539611816406,0.8547300100326538
1790341544443750000,3.48175,10.362105369567871,2.6024973392486572,1.2210428714752197
1790341544460201500,3.498201416015625,10.668562889099121,2.5043349266052246,0.9457096457481384
1790341544476653000,3.514653076171875,10.699687004089355,2.229001760482788,0.6584054827690125
1790341544493106200,3.531106201171875,10.409989356994629,2.0159177780151367,0.667982280254364
1790341544509606400,3.5476064453125,10.441113471984863,1.6328455209732056,0.6584054827690125
1790341544526121500,3.56412158203125,10.87446403503418,1.3431471586227417,0.7086837291717529
1790341544542572800,3.58057275390625,11.370063781738281,1.3742717504501343,1.05105459690094
1790341544559024000,3.597024169921875,11.695674896240234,1.3048399686813354,1.1061211824417114
1790341544575537400,3.613537353515625,11.765107154846191,0.7709329724311829,0.7086837291717529
1790341544591989200,3.6299892578125,11.338939666748047,0.4908113479614258,0.524330198764801
1790341544608474000,3.64647412109375,11.171344757080078,0.35434186458587646,0.45010992884635925
1790341544624925700,3.66292578125,10.781089782714844,0.10055647045373917,0.3926490843296051
1790341544641378300,3.67937841796875,10.450690269470215,-0.2849099934101105,0.363918662071228
1790341544657827600,3.69582763671875,10.132261276245117,-0.4596867263317108,0.5602431893348694
1790341544674276600,3.712276611328125,9.964667320251465,-0.5410895943641663,0.7350199222564697
1790341544690760000,3.728760009765625,9.986215591430664,-0.6631938815116882,0.8451532125473022
1790341544707212500,3.745212646484375,9.995792388916016,-0.6033388376235962,0.993593692779541
1790341544723689000,3.76168896484375,9.787496566772461,-0.4812345504760742,1.436521053314209
1790341544740139500,3.778139404296875,9.66299819946289,-0.30885201692581177,1.7118542194366455
1790341544756590000,3.794590087890625,9.708487510681152,-0.1388636976480484,1.5705963373184204
1790341544772980700,3.810980712890625,9.44752025604248,-0.22026655077934265,0.9169792532920837
1790341544789429500,3.827429443359375,9.528923034667969,-0.5913678407669067,0.12689268589019775
1790341544805881900,3.8438818359375,9.780313491821289,-0.8643068075180054,-0.3519476354122162
1790341544822370300,3.860370361328125,10.02452278137207,-1.0199298858642578,-0.17956513166427612
1790341544838786800,3.876786865234375,2.5474305152893066,4.060565948486328,3.3039982318878174
1790341544855240200,3.893240234375,17.159242630004883,-3.8738183975219727,1.4508862495422363
1790341544871693800,3.90969384765625,10.134655952453613,0.23702596127986908,0.14365209639072418
1790341544888146700,3.926146728515625,9.172186851501465,-0.6607996821403503,-0.38546648621559143
1790341544904597000,3.942596923828125,8.959102630615234,0.5051765441894531,-0.6823474764823914
1790341544921046000,3.9590458984375,9.835380554199219,0.4812345504760742,-0.4668693244457245
1790341544937530600,3.975530517578125,9.368511199951172,-0.002394201699644327,-0.5985504388809204
1790341544953981400,3.9919814453125,9.476250648498535,0.9169792532920837,-0.3256114423274994
1790341544970455300,4.008455322265625,8.7484130859375,1.3551181554794312,0.5003881454467773
1790341544986938600,4.024938720703125,9.349357604980469,0.8643068075180054,-0.6440402865409851
1790341545003389000,4.041388916015625,9.351752281188965,1.137245774269104,-0.5841852426528931
1790341545019902700,4.05790283203125,9.366117477416992,1.5107412338256836,-0.7972691655158997
1790341545036349700,4.074349609375,10.280701637268066,1.139639973640442,-2.03507137298584
1790341545052798500,4.090798583984375,9.986215591430664,1.5729905366897583,-0.9145850539207458
1790341545069274600,4.107274658203125,10.733205795288086,1.170764684677124,-0.6248866319656372
1790341545085723100,4.12372314453125,10.266336441040039,1.161187767982483,-0.8571242094039917
1790341545102205200,4.140205078125,12.12902545928955,2.784456491470337,0.2849099934101105
1790341545118724900,4.156724853515625,13.235146522521973,1.5203180313110352,-0.5339069962501526
1790341545135097300,4.173097412109375,12.02846908569336,2.3032219409942627,-0.2537853717803955
1790341545151543800,4.189543701171875,10.690110206604004,1.8148049116134644,0.10534487664699554
1790341545168044000,4.2060439453125,10.316615104675293,1.9153614044189453,0.22266076505184174
1790341545184497000,4.222496826171875,8.51138687133789,4.089296340942383,1.1013327836990356
1790341545200948200,4.2389482421875,11.185709953308105,1.6160861253738403,-1.2880805730819702
1790341545217422300,4.25542236328125,12.643778800964355,3.751713991165161,0.21547815203666687
1790341545233905200,4.2719052734375,11.628637313842773,6.19379997253418,0.667982280254364
1790341545250353700,4.288353759765625,13.06515884399414,1.6639702320098877,0.8355764150619507
1790341545266765800,4.304765869140625,10.833763122558594,2.346317768096924,0.5386953949928284
1790341545283214600,4.321214599609375,10.1753568649292,2.190694570541382,-0.05267243832349777
1790341545299663000,4.3376630859375,9.619902610778809,1.1516109704971313,0.9026140570640564
1790341545316141300,4.354141357421875,9.255983352661133,2.2577321529388428,1.3120225667953491
1790341545332591600,4.370591552734375,8.650250434875488,1.7980455160140991,1.0223240852355957
1790341545349043700,4.387043701171875,7.826645374298096,0.7805097699165344,1.115697979927063
1790341545365496600,4.40349658203125,8.760383605957031,3.0406360626220703,1.4844050407409668
1790341545381948700,4.41994873046875,8.83939266204834,1.4844050407409668,1.2521674633026123
1790341545398434300,4.436434326171875,9.126696586608887,2.1499931812286377,1.800439715385437
1790341545414887000,4.452886962890625,8.899248123168945,1.37906014919281,1.5131354331970215
1790341545431367200,4.4693671875,10.805032730102539,1.7860745191574097,2.695871114730835
1790341545447820000,4.485820068359375,11.317391395568848,2.049436569213867,2.8443117141723633
1790341545464302000,4.502302001953125,11.894393920898438,2.3127987384796143,1.6352397203445435
1790341545480756000,4.518755859375,11.707646369934082,2.38462495803833,0.6751648783683777
1790341545497207300,4.535207275390625,10.29746150970459,1.8124107122421265,0.2513911724090576
1790341545513627100,4.551627197265625,9.244012832641602,2.2601263523101807,0.8523358106613159
1790341545530078200,4.568078125,8.638279914855957,2.537853717803955,0.8978256583213806
1790341545546531800,4.58453173828125,8.468291282653809,2.7078421115875244,0.8307880163192749
1790341545563013000,4.60101318359375,8.010998725891113,3.0382418632507324,0.7182605266571045
1790341545579462000,4.6174619140625,7.8098859786987305,3.2106244564056396,0.569819986820221
1790341545595944000,4.63394384765625,7.91283655166626,3.426102638244629,0.8930372595787048
1790341545612394500,4.65039453125,7.876923561096191,3.5673606395721436,0.6727706789970398
1790341545628859000,4.66685888671875,7.467514991760254,3.5889084339141846,0.11013327538967133
1790341545645308400,4.683308349609375,7.237671852111816,3.2321722507476807,-0.6967126727104187
1790341545661758000,4.699758056640625,6.514622688293457,2.985569477081299,-0.6009446382522583
1790341545678207000,4.71620703125,29.21644401550293,-6.303933143615723,11.683704376220703
1790341545694657300,4.7326572265625,2.6791117191314697,6.962338447570801,0.06464344263076782
1790341545711109400,4.749109375,15.5311861038208,0.9959878921508789,3.552995204925537
1790341545727561200,4.765561279296875,6.801927089691162,4.632780075073242,1.7549498081207275
1790341545744012000,4.782011962890625,11.111490249633789,2.3511061668395996,1.9919757843017578
1790341545760483800,4.79848388671875,8.329427719116211,4.197035789489746,1.357512354850769
1790341545776932400,4.814932373046875,8.571242332458496,4.098873138427734,1.3096283674240112
1790341545793379800,4.8313798828125,9.96945571899414,3.464409828186035,1.4437036514282227
1790341545809852200,4.84785205078125,8.59997272491455,3.450044631958008,0.8882488012313843
1790341545826327800,4.864327880859375,9.042900085449219,2.942473888397217,1.0582371950149536
1790341545842773200,4.880773193359375,7.393294811248779,3.5625722408294678,1.644816517829895
1790341545859263200,4.89726318359375,8.396465301513672,2.3487119674682617,1.1803414821624756
1790341545875708700,4.913708740234375,9.607931137084961,1.5969325304031372,0.8164227604866028
1790341545892156400,4.930156494140625,8.47547435760498,2.1116859912872314,0.6967126727104187
1790341545908601000,4.94660107421875,9.514557838439941,2.5761611461639404,0.7733271718025208
1790341545925048000,4.963048095703125,9.892841339111328,3.155557870864868,1.4484920501708984
1790341545941493200,4.9794931640625,8.853757858276367,3.485957622528076,1.479616641998291
1790341545957934600,4.9959345703125,10.824186325073242,3.40216064453125,1.434126853942871
1790341545974377000,5.012376953125,10.122684478759766,3.600879430770874,2.4851813316345215
1790341545990824200,5.02882421875,9.464279174804688,3.6391866207122803,2.7461493015289307
1790341546007269600,5.04526953125,8.374917984008789,3.689464807510376,3.1268274784088135
1790341546023718000,5.0617177734375,9.01895809173584,3.3949780464172363,2.7892448902130127
1790341546040164000,5.0781640625,12.356474876403809,2.1930887699127197,0.9840168952941895
1790341546056636200,5.09463623046875,7.333439826965332,1.9105730056762695,1.0127472877502441
1790341546073012500,5.111012451171875,5.504269599914551,1.2641384601593018,0.19632454216480255
1790341546089329200,5.1273291015625,10.881647109985352,0.4836287498474121,-1.2641384601593018
1790341546105775600,5.143775634765625,9.749189376831055,0.6512228846549988,-0.6799532771110535
1790341546122223900,5.160223876953125,10.244789123535156,-0.047884032130241394,-0.5506663918495178
1790341546138674000,5.176673828125,9.888052940368652,0.12928688526153564,-0.31124621629714966
1790341546155123700,5.193123779296875,9.402029991149902,-0.06464344263076782,-0.3016694188117981
1790341546171575000,5.209574951171875,11.599906921386719,-0.3926490843296051,0.3926490843296051
1790341546187995400,5.225995361328125,10.582371711730957,-0.3016694188117981,0.20350714027881622
1790341546204439800,5.242439697265625,11.293449401855469,0.26336219906806946,1.1324573755264282
1790341546220888000,5.25888818359375,10.766724586486816,0.6488286852836609,0.031124621629714966
1790341546237335000,5.2753349609375,10.615890502929688,1.1540051698684692,0.3471592366695404
1790341546253810000,5.291809814453125,10.402806282043457,0.689530074596405,0.545877993106842
1790341546270256400,5.30825634765625,10.280701637268066,1.139639973640442,-0.11971008777618408
1790341546286700500,5.324700439453125,9.660603523254395,1.5322890281677246,0.6847416758537292
1790341546303169800,5.341169677734375,10.108319282531738,1.3694833517074585,1.1420341730117798
1790341546319613700,5.35761376953125,9.775525093078613,1.4389152526855469,0.2992752194404602
1790341546336084500,5.37408447265625,9.217676162719727,1.6496049165725708,0.6607996821403503
1790341546352581400,5.390581298828125,8.473079681396484,1.7741034030914307,0.7326257228851318
1790341546369028000,5.407028076171875,9.883264541625977,1.3862427473068237,0.2801215946674347
1790341546385473300,5.423473388671875,8.904036521911621,1.6112977266311646,0.6727706789970398
1790341546401967000,5.439967041015625,9.299078941345215,1.5969325304031372,0.7661445140838623
1790341546418427400,5.456427490234375,9.32302188873291,2.499546527862549,1.0893617868423462
1790341546434874000,5.4728740234375,9.526528358459473,2.346317768096924,0.7230489253997803
1790341546451320300,5.4893203125,9.53849983215332,1.2258312702178955,0.038307227194309235
1790341546467809000,5.50580908203125,9.765948295593262,0.5027823448181152,-0.42856210470199585
1790341546484255700,5.522255859375,9.931148529052734,-0.15322890877723694,-0.1364694982767105
1790341546500626000,5.5386259765625,10.230423927307129,-0.47644615173339844,0.5027823448181152
1790341546517072400,5.555072265625,9.988609313964844,-0.363918662071228,0.6631938815116882
1790341546533560300,5.571560302734375,9.105149269104004,0.43095630407333374,1.0414776802062988
1790341546550036000,5.588035888671875,9.619902610778809,1.2042834758758545,0.5027823448181152
1790341546566483700,5.604483642578125,9.500192642211914,1.2641384601593018,-0.06464344263076782
1790341546582934000,5.62093408203125,10.321403503417969,0.6368576288223267,-0.18914192914962769
1790341546599382800,5.6373828125,10.216058731079102,0.8738836050033569,0.3064578175544739
1790341546615829200,5.653829345703125,10.125079154968262,1.1540051698684692,0.23702596127986908
1790341546632277000,5.670277099609375,9.921571731567383,1.4676456451416016,0.6272808313369751
1790341546648725000,5.68672509765625,9.402029991149902,1.580173134803772,1.2186486721038818
1790341546665172000,5.703171875,9.430760383605957,1.3431471586227417,0.9145850539207458
1790341546681615000,5.719614990234375,9.006986618041992,1.8363527059555054,0.9026140570640564
1790341546698085000,5.736085205078125,9.17697525024414,2.2601263523101807,1.0773907899856567
1790341546714529000,5.752529052734375,8.724471092224121,2.2146365642547607,1.259350061416626
1790341546730971000,5.768970947265625,8.56884765625,1.9393033981323242,1.1803414821624756
1790341546747383800,5.7853837890625,8.69095230102539,1.7477672100067139,0.9409212470054626
1790341546763827000,5.801826904296875,10.697293281555176,0.8858546018600464,0.9409212470054626
1790341546780272000,5.818272216796875,10.24239444732666,0.7589619159698486,0.7206547260284424
1790341546796777000,5.83477685546875,9.409213066101074,0.6392518281936646,0.10773907601833344
1790341546813224000,5.851223876953125,10.220847129821777,0.3423708379268646,0.038307227194309235
1790341546829703200,5.867703125,10.26394271850586,0.3998316824436188,0.16759411990642548
1790341546846152700,5.884152587890625,10.11550235748291,-0.06464344263076782,-0.5578489899635315
1790341546862532600,5.90053271484375,9.706093788146973,-0.33039984107017517,-0.5099649429321289
1790341546879010300,5.91701025390625,10.070012092590332,-0.038307227194309235,-0.8690952062606812
1790341546895454000,5.933453857421875,10.376470565795898,0.038307227194309235,-1.3718775510787964
1790341546911899000,5.94989892578125,9.911994934082031,0.19871874153614044,-0.8044517636299133
1790341546928343300,5.96634326171875,10.704475402832031,1.3000515699386597,-0.6655880808830261
1790341546944811500,5.9828115234375,10.340557098388672,0.9744400978088379,0.21547815203666687
1790341546961255400,5.99925537109375,10.407594680786133,1.723825216293335,0.9672574996948242
1790341546977700400,6.015700439453125,7.95832633972168,2.875436305999756,0.17477671802043915
1790341546994064600,6.032064697265625,9.68933391571045,1.656787633895874,0.6512228846549988
1790341547010505200,6.048505126953125,8.188169479370117,2.6384103298187256,1.3934253454208374
1790341547026949400,6.064949462890625,9.2033109664917,3.706224203109741,0.3878606855869293
1790341547043453000,6.081452880859375,8.949525833129883,2.9281086921691895,1.8315643072128296
1790341547059879700,6.097879638671875,9.251194953918457,3.069366693496704,0.7613561153411865
1790341547076359200,6.114359130859375,9.694122314453125,3.098097085952759,0.4836287498474121
1790341547092806100,6.13080615234375,9.799467086791992,2.4444799423217773,0.4189853072166443
1790341547109254000,6.14725390625,9.473855972290039,2.2697031497955322,0.22026655077934265
1790341547125735400,6.1637353515625,10.307038307189941,2.8155810832977295,0.6703764796257019
1790341547142181400,6.180181396484375,9.600749015808105,3.5625722408294678,0.08619125932455063
1790341547158630100,6.196630126953125,8.705317497253418,3.318363666534424,-0.14365209639072418
1790341547175078000,6.213077880859375,8.322244644165039,4.146757125854492,0.47884035110473633
1790341547191549700,6.2295498046875,8.283937454223633,3.141192674636841,0.45010992884635925
1790341547207959800,6.245959716796875,8.884882926940918,4.572925090789795,0.2849099934101105
1790341547224438500,6.2624384765625,8.779537200927734,3.450044631958008,0.5578489899635315
1790341547240932400,6.278932373046875,9.344569206237793,3.9863457679748535,0.9050082564353943
1790341547257377800,6.295377685546875,9.093177795410156,3.1675288677215576,0.5554547905921936
1790341547273850600,6.3118505859375,10.402806282043457,3.643975019454956,1.0271124839782715
1790341547290326800,6.328326904296875,9.074024200439453,3.4979286193847656,0.5027823448181152
1790341547306773800,6.344773681640625,9.074024200439453,3.287238836288452,0.5291185975074768
1790341547323222300,6.36122216796875,9.897629737854004,3.0861260890960693,-0.15083470940589905
1790341547339669500,6.37766943359375,9.749189376831055,3.0166940689086914,-0.47644615173339844
1790341547356117500,6.394117431640625,9.320627212524414,3.2585084438323975,0.0454898327589035
1790341547372564200,6.410564208984375,9.337387084960938,3.203441858291626,0.5099649429321289
1790341547389011700,6.42701171875,9.301473617553711,3.5266590118408203,0.6392518281936646
1790341547405458400,6.44345849609375,9.244012832641602,3.1220390796661377,0.7015010714530945
1790341547421904100,6.459904052734375,9.622296333312988,3.3231520652770996,0.8523358106613159
1790341547438348300,6.476348388671875,9.217676162719727,3.1507694721221924,0.29209262132644653
1790341547454793200,6.492793212890625,10.007762908935547,2.6839001178741455,-0.026336219161748886
1790341547471238400,6.50923828125,9.737217903137207,2.8850131034851074,-0.5051765441894531
1790341547487714300,6.52571435546875,9.66299819946289,4.077325344085693,0.3232172429561615
1790341547504161800,6.542161865234375,9.11233139038086,2.7054479122161865,-0.22266076505184174
1790341547520690700,6.558690673828125,10.105925559997559,3.3734302520751953,-0.011971008032560349
1790341547537038600,6.57503857421875,9.155426979064941,3.6990416049957275,0.28730419278144836
1790341547553517800,6.591517822265625,9.100360870361328,2.31758713722229,-0.05746084079146385
1790341547569962200,6.607962158203125,10.005369186401367,3.5482068061828613,1.8938134908676147
1790341547586407000,6.624406982421875,9.375694274902344,3.9408559799194336,0.6512228846549988
1790341547602848800,6.640848876953125,9.466673851013184,3.222595453262329,-0.4572925269603729
1790341547619294500,6.65729443359375,8.846575736999512,3.2154128551483154,0.8523358106613159
1790341547635686700,6.673686767578125,8.992621421813965,3.1196448802948,1.1061211824417114
1790341547652181000,6.690180908203125,9.138668060302734,3.44765043258667,-0.31842881441116333
1790341547668630500,6.706630615234375,9.05487060546875,2.7940332889556885,0.7805097699165344
1790341547685102600,6.7231025390625,9.9000244140625,3.6391866207122803,0.3495534360408783
1790341547701544200,6.739544189453125,8.705317497253418,3.0334534645080566,-0.45010992884635925
1790341547717986000,6.755986083984375,8.944737434387207,3.2800562381744385,1.2401964664459229
1790341547734431200,6.77243115234375,9.399636268615723,2.5522189140319824,0.4405331015586853
1790341547750873300,6.788873291015625,9.093177795410156,3.6296098232269287,0.2106897532939911
1790341547767319300,6.8053193359375,9.832986831665039,2.7006595134735107,0.5578489899635315
1790341547783793700,6.821793701171875,9.445125579833984,3.3279404640197754,0.8762778043746948
1790341547800237600,6.838237548828125,9.05247688293457,3.0597896575927734,0.8355764150619507
1790341547816679200,6.85467919921875,10.091560363769531,2.4013843536376953,0.12928688526153564
1790341547833121000,6.87112109375,9.514557838439941,2.5977089405059814,0.7422025203704834
1790341547849564400,6.887564453125,9.011775016784668,2.5953147411346436,0.37828385829925537
1790341547866009300,6.90400927734375,10.445901870727539,1.8411411046981812,1.6687586307525635
1790341547882488300,6.92048828125,8.96389102935791,4.048594951629639,0.4692635238170624
1790341547898933800,6.936933837890625,10.079588890075684,2.389413356781006,0.6200982332229614
1790341547915373800,6.953373779296875,8.863334655761719,2.4420857429504395,1.1659762859344482
1790341547931816400,6.96981640625,8.820239067077637,3.380612850189209,0.47405192255973816
1790341547948256500,6.986256591796875,8.951920509338379,0.7876923680305481,-0.5339069962501526
1790341547964695600,7.002695556640625,10.579977035522461,2.161964178085327,-0.181959331035614
1790341547981162200,7.019162353515625,9.643844604492188,2.9305028915405273,-0.5817909836769104
1790341547997604400,7.035604248046875,9.99100399017334,2.0901381969451904,-1.2761094570159912
1790341548014048500,7.052048583984375,7.972691535949707,2.0039467811584473,-0.6967126727104187
1790341548030522000,7.068522216796875,10.54645824432373,0.21308395266532898,-0.8834604024887085
1790341548046967000,7.084967041015625,10.613495826721191,2.959233283996582,-0.27054479718208313
1790341548062449400,7.100449462890625,12.038045883178711,0.7493851184844971,-0.8834604024887085
1790341548078891300,7.116891357421875,8.81784439086914,4.153939723968506,0.933738648891449
1790341548095337200,7.133337158203125,7.187393665313721,2.233790159225464,-0.1412578970193863
1790341548111784200,7.1497841796875,7.728483200073242,2.655169725418091,2.121262788772583
1790341548127219200,7.16521923828125,8.418013572692871,3.8307228088378906,0.3878606855869293
1790341548143720200,7.18172021484375,7.1921820640563965,1.824381709098816,-1.9536685943603516
1790341548160165400,7.198165283203125,11.705251693725586,4.137180328369141,3.2082302570343018
1790341548176608500,7.2146083984375,8.133103370666504,-0.1149216815829277,0.05985504388809204
1790341548193054200,7.23105419921875,8.583212852478027,0.4884171485900879,-1.3311761617660522
1790341548209538000,7.2475380859375,5.772420406341553,0.727837324142456,-0.7493851184844971
1790341548226002700,7.264002685546875,12.631808280944824,2.4660277366638184,1.601720929145813
1790341548242452200,7.2804521484375,11.408370971679688,2.801215887069702,-1.1468225717544556
1790341548258901500,7.296901611328125,8.688557624816895,2.564189910888672,0.2825157940387726
1790341548275379200,7.313379150390625,6.67982292175293,2.9951462745666504,1.623268723487854
1790341548291827700,7.32982763671875,7.182605266571045,-0.9074024558067322,-0.090979665517807
1790341548308277000,7.346277099609375,12.418724060058594,0.3711012601852417,0.45250412821769714
1790341548324723700,7.3627236328125,10.611102104187012,1.2641384601593018,1.1252747774124146
1790341548341167400,7.37916748046875,14.528016090393066,1.867477297782898,2.0159177780151367
1790341548357611000,7.395611083984375,7.247248649597168,0.6416460275650024,0.16759411990642548
1790341548374058000,7.41205810546875,7.364564418792725,-0.22505496442317963,-1.113303780555725
1790341548390506200,7.42850634765625,7.493851184844971,0.1388636976480484,0.7350199222564697
1790341548406951700,7.44495166015625,7.223306655883789,-0.40462008118629456,0.8738836050033569
1790341548423398400,7.4613984375,13.414711952209473,0.6847416758537292,-0.8738836050033569
1790341548439846700,7.4778466796875,10.163386344909668,0.3471592366695404,-0.6775590777397156
1790341548456297500,7.49429736328125,9.334992408752441,0.751779317855835,0.4620809257030487
1790341548472764700,7.5107646484375,11.171344757080078,2.2218191623687744,1.6041151285171509
1790341548489213700,7.527213623046875,10.84094524383545,2.585737943649292,2.964021682739258
1790341548505661700,7.54366162109375,10.266336441040039,0.4644751250743866,1.7812861204147339
1790341548522135000,7.560135009765625,7.85537576675415,0.12449848651885986,-0.12689268589019775
1790341548538518300,7.576518310546875,9.715670585632324,0.3447650372982025,0.6631938815116882
1790341548554963700,7.592963623046875,9.421183586120605,1.7836803197860718,1.4724340438842773
1790341548571409000,7.609408935546875,8.60236644744873,0.6655880808830261,0.5937620401382446
1790341548587888600,7.625888671875,9.102754592895508,-0.07182604819536209,0.727837324142456
1790341548604348400,7.642348388671875,10.20887565612793,-0.5339069962501526,-0.17238251864910126
1790341548620814000,7.65881396484375,9.955090522766113,-0.21787235140800476,0.3758896589279175
1790341548637318000,7.67531787109375,9.138668060302734,0.2322375625371933,0.14844051003456116
1790341548653816300,7.69181640625,8.899248123168945,0.31842881441116333,-0.19393034279346466
1790341548670263600,7.708263671875,10.29746150970459,1.1037269830703735,0.6655880808830261
1790341548686711300,7.724711181640625,10.137049674987793,0.2513911724090576,0.3926490843296051
1790341548703159600,7.74115966796875,10.548852920532227,0.7805097699165344,-0.7996633648872375
1790341548719635700,7.7576357421875,10.575188636779785,0.811634361743927,0.2585737705230713
1790341548736082000,7.77408203125,10.828974723815918,1.2713210582733154,0.2298433631658554
1790341548752528400,7.7905283203125,9.02135181427002,1.5442601442337036,1.37906014919281
1790341548769003000,7.8070029296875,10.955866813659668,0.9145850539207458,-0.08140286058187485
1790341548785450800,7.82345068359375,9.083600997924805,1.1228805780410767,0.16519992053508759
1790341548801899300,7.839899169921875,9.155426979064941,0.7637503147125244,0.7781155705451965
1790341548818346000,7.856345947265625,12.658143997192383,1.0103530883789062,-1.6065093278884888
1790341548834794000,7.8727939453125,9.528923034667969,1.4389152526855469,-0.2801215946674347
1790341548851242500,7.889242431640625,8.734047889709473,1.161187767982483,2.118868589401245
1790341548867690000,7.90568994140625,11.585541725158691,1.434126853942871,-0.2322375625371933
1790341548884183300,7.922183349609375,8.920795440673828,1.7860745191574097,0.2059013396501541
1790341548900630500,7.938630615234375,9.725247383117676,1.137245774269104,1.0414776802062988
1790341548917077500,7.955077392578125,9.78989028930664,1.678335428237915,0.2585737705230713
1790341548933524000,7.97152392578125,9.600749015808105,2.3487119674682617,0.49799394607543945
1790341548949971500,7.987971435546875,8.973467826843262,1.0749965906143188,1.0797849893569946
1790341548966477000,8.00447705078125,10.493785858154297,1.3527239561080933,-0.12449848651885986
1790341548982924300,8.02092431640625,9.792284965515137,1.2282254695892334,0.6224924325942993
1790341548999371800,8.037371826171874,9.509769439697266,1.3263877630233765,0.12689268589019775
1790341549015879000,8.05387890625,9.121908187866211,1.072602391242981,-0.26096799969673157
1790341549032326100,8.070326171875,10.091560363769531,0.9648633003234863,0.9840168952941895
1790341549048801300,8.08680126953125,10.716446876525879,2.032677173614502,-0.06224924325942993
1790341549065150200,8.103150146484374,9.785101890563965,1.9177556037902832,-0.7541735172271729
1790341549081614300,8.1196142578125,7.8745293617248535,0.9313444495201111,1.1061211824417114
1790341549098135300,8.13613525390625,11.295844078063965,2.056619167327881,0.14604631066322327
1790341549114584600,8.15258447265625,8.980650901794434,0.7829039692878723,-0.10773907601833344
1790341549131063600,8.1690634765625,9.399636268615723,1.3407529592514038,1.1635819673538208
1790341549147513300,8.185513427734374,9.555258750915527,0.5147533416748047,-0.13407529890537262
1790341549163979500,8.2019794921875,10.127472877502441,1.5418659448623657,0.42616790533065796
1790341549180453600,8.21845361328125,9.495404243469238,1.4460978507995605,0.7565677165985107
1790341549196903000,8.23490283203125,9.531316757202148,1.4460978507995605,0.0454898327589035
1790341549213318700,8.251318603515625,10.362105369567871,0.6919242739677429,-0.42377370595932007
1790341549229722400,8.267722412109375,9.105149269104004,0.1604115068912506,0.5961562395095825
1790341549246241800,8.28424169921875,9.229647636413574,1.280897855758667,0.27054479718208313
1790341549262764800,8.300764892578124,9.828198432922363,0.7326257228851318,0.7374141216278076
1790341549279254800,8.3172548828125,9.919178009033203,0.4908113479614258,0.2777273952960968
1790341549295765000,8.333764892578126,9.5624418258667,1.8411411046981812,0.7781155705451965
1790341549312266000,8.350265869140625,10.232817649841309,0.17717093229293823,0.2537853717803955
1790341549328746800,8.366746826171875,9.14585018157959,1.7334020137786865,0.9241618514060974
1790341549345241600,8.38324169921875,9.583989143371582,1.0271124839782715,-0.09576806426048279
1790341549361708800,8.399708740234376,9.593565940856934,0.016759412363171577,0.993593692779541
1790341549378205700,8.416205810546876,10.378864288330078,1.1468225717544556,1.1180921792984009
1790341549394706400,8.43270654296875,9.619902610778809,1.2473790645599365,0.16759411990642548
1790341549411230000,8.44922998046875,9.284713745117188,1.0295066833496094,0.9648633003234863
1790341549427724800,8.465724853515624,9.9000244140625,1.237802267074585,0.8164227604866028
1790341549444193000,8.482193115234375,9.105149269104004,0.9457096457481384,0.3711012601852417
1790341549460716000,8.498716064453125,10.163386344909668,0.9672574996948242,0.9816226959228516
1790341549477220600,8.515220703125,9.919178009033203,1.1468225717544556,0.2849099934101105
1790341549493673000,8.5316728515625,10.108319282531738,0.727837324142456,0.016759412363171577
1790341549510151400,8.5481513671875,9.931148529052734,0.9816226959228516,0.21308395266532898
1790341549526602200,8.564602294921874,9.263166427612305,1.3527239561080933,-0.08379705995321274
1790341549543051000,8.581051025390625,9.718064308166504,0.8451532125473022,0.5530605912208557
1790341549559443500,8.597443359375,9.308655738830566,1.137245774269104,-0.10295066982507706
1790341549575894300,8.613894287109375,10.158597946166992,0.811634361743927,0.3974374830722809
1790341549592346000,8.63034619140625,8.552088737487793,1.3024457693099976,0.7637503147125244
1790341549608793900,8.6467939453125,9.945513725280762,0.8786720037460327,0.507570743560791
1790341549625242400,8.663242431640626,10.462661743164062,0.6344634294509888,-0.7254431247711182
1790341549641619000,8.679618896484374,9.0859956741333,0.871489405632019,1.1276689767837524
1790341549658067500,8.6960673828125,9.859322547912598,0.6129156351089478,0.47165772318840027
1790341549674515500,8.712515380859376,10.527304649353027,0.4381389021873474,0.11971008777618408
1790341549690962400,8.72896240234375,10.36449909210205,1.5921441316604614,0.9720458984375
1790341549707440400,8.7454404296875,10.259154319763184,0.5291185975074768,0.0071826050989329815
1790341549723889200,8.76188916015625,9.732429504394531,0.6344634294509888,0.5171475410461426
1790341549740408300,8.778408203125,9.9000244140625,0.45010992884635925,0.4357447028160095
1790341549756930600,8.7949306640625,10.620678901672363,0.6440402865409851,0.6248866319656372
1790341549773424400,8.81142431640625,9.684545516967773,0.21308395266532898,0.06703764945268631
1790341549789885700,8.8278857421875,9.634267807006836,0.7254431247711182,0.38546648621559143
1790341549806334700,8.844334716796874,10.098742485046387,1.015141487121582,1.460463047027588
1790341549822783000,8.860782958984375,10.254365921020508,0.8379706144332886,0.3064578175544739
1790341549839228000,8.877227783203125,9.5408935546875,0.7254431247711182,0.33518823981285095
1790341549855671300,8.89367138671875,9.097966194152832,0.7422025203704834,0.5291185975074768
1790341549872116200,8.9101162109375,9.940725326538086,0.363918662071228,0.33279404044151306
1790341549888563200,8.926563232421875,9.387664794921875,0.608127236366272,0.272938996553421
1790341549905117000,8.943116943359374,10.02691650390625,0.40462008118629456,0.2059013396501541
1790341549921607000,8.95960693359375,10.002974510192871,0.8307880163192749,0.545877993106842
1790341549938074000,8.97607421875,9.531316757202148,1.0678139925003052,0.17717093229293823
1790341549954551600,8.992551513671875,10.18493366241455,0.7374141216278076,0.4644751250743866
1790341549971000300,9.009000244140625,8.611943244934082,1.290474772453308,0.26815059781074524
1790341549987447600,9.025447509765625,9.248801231384277,0.6057330369949341,0.545877993106842
1790341550003955500,9.04195556640625,10.041281700134277,0.7733271718025208,0.40940847992897034
1790341550020446500,9.058446533203124,8.944737434387207,1.0103530883789062,0.5027823448181152
1790341550036951300,9.074951416015624,10.553641319274902,0.3687070608139038,0.12928688526153564
1790341550053382400,9.09138232421875,9.952696800231934,0.5219359993934631,0.545877993106842
1790341550069900000,9.107900146484376,8.195352554321289,0.8690952062606812,0.23942017555236816
1790341550086364200,9.1243642578125,10.098742485046387,0.1364694982767105,0.5506663918495178
1790341550102837000,9.1408369140625,10.474632263183594,0.31124621629714966,0.3495534360408783
1790341550119289900,9.157289794921875,9.157821655273438,0.9193734526634216,-0.5195417404174805
1790341550135737600,9.173737548828125,9.385271072387695,0.9217676520347595,0.8236053586006165
1790341550152226800,9.190226806640625,10.204087257385254,0.706289529800415,0.0694318488240242
1790341550168701000,9.206700927734374,9.739612579345703,0.6057330369949341,-0.35913026332855225
1790341550185209000,9.223208984375,10.376470565795898,0.3423708379268646,0.15083470940589905
1790341550201747000,9.239746826171874,9.8784761428833,-0.10773907601833344,0.11971008777618408
1790341550218199300,9.25619921875,10.160991668701172,1.3527239561080933,-0.21787235140800476
1790341550234562600,9.2725625,10.3549222946167,1.4197616577148438,0.48602294921875
1790341550251086300,9.28908642578125,9.277531623840332,1.7597382068634033,-0.3878606855869293
1790341550267579400,9.305579345703125,9.50737476348877,-0.05267243832349777,-1.0414776802062988
1790341550284086500,9.32208642578125,9.44991397857666,1.4700398445129395,0.002394201699644327
1790341550300568600,9.338568603515625,9.5408935546875,0.5123591423034668,-0.038307227194309235
1790341550317018400,9.355018310546875,10.441113471984863,0.43335050344467163,-0.09576806426048279
1790341550333497600,9.37149755859375,9.964667320251465,0.7469909191131592,-0.17956513166427612
1790341550349948000,9.387947998046876,9.519346237182617,0.8092401623725891,1.5322890281677246
1790341550366415400,9.404415283203125,10.108319282531738,0.6607996821403503,-0.043095629662275314
1790341550382861600,9.420861572265625,9.44991397857666,1.0797849893569946,-0.19632454216480255
1790341550399328800,9.437328857421875,9.624691009521484,0.040701430290937424,0.48602294921875
1790341550415801300,9.45380126953125,10.304644584655762,0.7637503147125244,0.026336219161748886
1790341550432252200,9.470252197265625,10.24239444732666,0.6703764796257019,-0.8523358106613159
1790341550448776000,9.48677587890625,9.62947940826416,0.29209262132644653,0.6320692300796509
1790341550465222400,9.503222412109375,9.641449928283691,0.8379706144332886,0.038307227194309235
1790341550481739000,9.519739013671876,9.734824180603027,0.5793967843055725,-0.26336219906806946
1790341550498262300,9.53626220703125,8.975862503051758,0.6248866319656372,0.3998316824436188
1790341550514725000,9.55272509765625,9.48343276977539,0.8810662031173706,-0.42856210470199585
1790341550531169500,9.56916943359375,9.32302188873291,0.4596867263317108,0.2801215946674347
1790341550547611100,9.585611083984375,10.08198356628418,0.5770025849342346,-0.44771572947502136
1790341550564093700,9.60209375,9.296685218811035,-0.05746084079146385,-0.07422025501728058
1790341550580541000,9.618541015625,9.93354320526123,0.4908113479614258,0.6009446382522583
1790341550596920000,9.634920166015625,9.818621635437012,0.05267243832349777,-0.49799394607543945
1790341550613423400,9.65142333984375,9.605537414550781,0.5770025849342346,0.2801215946674347
1790341550629870300,9.667870361328125,9.603142738342285,0.45250412821769714,0.14604631066322327
1790341550646315300,9.684315185546875,9.466673851013184,0.8643068075180054,0.19871874153614044
1790341550662760400,9.700760498046876,9.854534149169922,0.031124621629714966,-0.0454898327589035
1790341550679205600,9.71720556640625,9.35654067993164,0.40222588181495667,-0.47884035110473633
1790341550695682600,9.7336826171875,8.453926086425781,-0.33039984107017517,0.19393034279346466
1790341550712128500,9.75012841796875,10.053253173828125,0.9792284965515137,0.7565677165985107
1790341550728575700,9.76657568359375,8.87291145324707,0.30885201692581177,0.0071826050989329815
1790341550745084400,9.78308447265625,9.533711433410645,0.730231523513794,0.13168109953403473
1790341550761576000,9.799575927734375,10.350133895874023,0.8092401623725891,0.9002198576927185
1790341550778085400,9.81608544921875,8.9064302444458,0.6991068720817566,-0.5339069962501526
1790341550794533600,9.83253369140625,9.660603523254395,0.8978256583213806,0.47165772318840027
1790341550810980600,9.848980712890626,10.163386344909668,0.2106897532939911,0.30885201692581177
1790341550827430700,9.8654306640625,10.553641319274902,0.5315127968788147,-0.1149216815829277
1790341550843904000,9.881904052734376,9.801861763000488,0.4620809257030487,0.16759411990642548
1790341550860405800,9.89840576171875,9.461885452270508,0.6129156351089478,0.4405331015586853
1790341550876900600,9.914900634765624,9.81143856048584,0.035913024097681046,0.24420857429504395
1790341550893393200,9.93139306640625,10.484209060668945,0.33518823981285095,0
1790341550909858300,9.9478583984375,8.959102630615234,1.8483237028121948,0.5650315880775452
1790341550926389200,9.96438916015625,9.75397777557373,0.10534487664699554,-0.2585737705230713
1790341550942927000,9.980927001953125,9.643844604492188,1.824381709098816,0.6129156351089478
1790341550959377700,9.997377685546875,8.846575736999512,0.3902548849582672,0.9074024558067322
1790341550975828700,10.013828857421874,10.137049674987793,0.7493851184844971,-0.2082955539226532
1790341550992308200,10.03030810546875,10.014945983886719,0.4668693244457245,0.6943184733390808
1790341551008759000,10.046759033203125,10.362105369567871,0.9433154463768005,1.381454348564148
1790341551025209600,10.063209716796875,9.59596061706543,-0.10295066982507706,-0.1149216815829277
1790341551041659000,10.079658935546876,10.400412559509277,0.8882488012313843,0.9648633003234863
1790341551057967600,10.095967529296875,10.36449909210205,0.49559974670410156,0.22026655077934265
1790341551074348000,10.11234814453125,9.17697525024414,0.6057330369949341,0.06464344263076782
1790341551090759400,10.128759521484374,10.086771965026855,-0.47884035110473633,0.8188169598579407
1790341551107206400,10.145206298828125,10.055646896362305,0.828393816947937,-0.033518824726343155
1790341551123653400,10.1616533203125,9.907206535339355,-0.14844051003456116,0.26575639843940735
1790341551140102700,10.1781025390625,9.847352027893066,0.33039984107017517,0.7781155705451965
1790341551156551400,10.194551513671875,8.951920509338379,0.7637503147125244,0.22505496442317963
1790341551172995800,10.210995849609375,9.26795482635498,0.4405331015586853,0.629675030708313
1790341551189473500,10.2274736328125,9.787496566772461,0.6033388376235962,0.9074024558067322
1790341551205922800,10.2439228515625,10.029311180114746,0.23942017555236816,0.3687070608139038
1790341551222372000,10.2603720703125,9.452308654785156,0.09816227108240128,-0.7469909191131592
1790341551238849300,10.276849365234375,9.979032516479492,0.7398083209991455,0.7445967197418213
1790341551255298000,10.293298095703125,10.32858657836914,0.8858546018600464,0.30885201692581177
1790341551271747300,10.309747314453125,8.65743350982666,0.5817909836769104,-0.5267243981361389
1790341551288194800,10.32619482421875,9.62947940826416,0.17238251864910126,0.8667010068893433
1790341551304656100,10.34265625,9.66299819946289,0.26336219906806946,-0.19153612852096558
1790341551321105700,10.359105712890624,9.84256362915039,1.290474772453308,0.20111294090747833
1790341551337553700,10.3755537109375,8.712499618530273,0.19393034279346466,0.44532153010368347
1790341551354010000,10.392010009765626,9.550470352172852,0.5051765441894531,0.23702596127986908
1790341551370507500,10.408507568359376,9.59596061706543,0.689530074596405,-0.1149216815829277
1790341551387026700,10.425026611328125,9.801861763000488,0.42856210470199585,0.011971008032560349
1790341551403482600,10.441482666015625,9.038111686706543,0.15801730751991272,0.12928688526153564
1790341551419928300,10.45792822265625,10.134655952453613,0.26575639843940735,0.8667010068893433
1790341551436409300,10.474409423828124,10.036493301391602,0.8307880163192749,0.3711012601852417
1790341551452860000,10.49085986328125,9.641449928283691,0.19153612852096558,0.35913026332855225
1790341551469310200,10.507310302734375,10.077195167541504,1.2114660739898682,0.7948749661445618
1790341551485787400,10.523787353515624,9.430760383605957,-0.6991068720817566,-0.21308395266532898
1790341551502279200,10.540279052734375,10.690110206604004,1.1803414821624756,0.09576806426048279
1790341551518738700,10.55673876953125,10.108319282531738,-0.3926490843296051,0.8212111592292786
1790341551535218000,10.573218017578125,10.536881446838379,0.2513911724090576,0.6631938815116882
1790341551551667500,10.58966748046875,10.06043529510498,1.1875240802764893,0.07661445438861847
1790341551568184300,10.606184326171874,9.41400146484375,0.3208230137825012,0.5554547905921936
1790341551584632600,10.622632568359375,10.15141487121582,1.2258312702178955,0.6272808313369751
1790341551600092700,10.6380927734375,9.418789863586426,0.26815059781074524,-0.7996633648872375
1790341551616539000,10.654538818359375,8.918401718139648,0.2992752194404602,0.43335050344467163
1790341551633017000,10.67101708984375,8.968679428100586,0.47644615173339844,1.3120225667953491
1790341551649505500,10.687505615234375,9.363722801208496,-0.09816227108240128,-0.5171475410461426
1790341551665949000,10.703948974609375,9.289502143859863,1.0247182846069336,1.2330138683319092
1790341551682362000,10.720362060546876,9.99339771270752,0.24660277366638184,0.7661445140838623
1790341551698808600,10.73680859375,10.402806282043457,0.4118026793003082,-0.5410895943641663
1790341551715330600,10.75333056640625,9.255983352661133,0.37828385829925537,0.7829039692878723
1790341551731821600,10.769821533203125,11.010933876037598,0.42377370595932007,0.1173158809542656
1790341551748274700,10.786274658203125,9.835380554199219,0.40462008118629456,-0.9217676520347595
1790341551764723700,10.8027236328125,10.283096313476562,0.21308395266532898,0.9241618514060974
1790341551781168600,10.819168701171876,10.271124839782715,1.3479355573654175,0.3519476354122162
1790341551797654300,10.835654296875,9.126696586608887,0.1173158809542656,-1.048660397529602
1790341551814113500,10.852113525390624,9.99339771270752,0.950498104095459,1.3862427473068237
1790341551830587100,10.868587158203125,10.599130630493164,0.7876923680305481,-0.031124621629714966
1790341551847060500,10.885060546875,8.53532886505127,0.304063618183136,-0.10534487664699554
1790341551863552800,10.901552734375,8.904036521911621,0.09816227108240128,0.8810662031173706
1790341551879998200,10.917998291015625,10.584765434265137,1.1420341730117798,0.6105214357376099
1790341551896479200,10.934479248046875,9.370905876159668,0.7374141216278076,-0.5530605912208557
1790341551912926000,10.950926025390626,8.796297073364258,0.4668693244457245,1.259350061416626
1790341551929433600,10.96743359375,9.885659217834473,1.745373010635376,0.10295066982507706
1790341551945916400,10.98391650390625,9.428366661071777,-0.47405192255973816,-0.3064578175544739
1790341551962365700,11.00036572265625,10.129867553710938,0.8667010068893433,0.7398083209991455
1790341551978870500,11.01687060546875,10.505757331848145,0.05267243832349777,0.047884032130241394
1790341551995342600,11.033342529296876,10.522516250610352,0.08379705995321274,0.5386953949928284
1790341552011818000,11.04981787109375,10.074800491333008,0.44532153010368347,0.10295066982507706
1790341552028269300,11.066269287109375,9.246406555175781,-0.871489405632019,0.7781155705451965
1790341552044721700,11.0827216796875,10.72602367401123,0.4836287498474121,-0.4836287498474121
1790341552061130200,11.099130126953124,8.315062522888184,0.363918662071228,1.1755530834197998
1790341552077604400,11.115604248046875,10.165780067443848,0.8738836050033569,0.4644751250743866
1790341552094076000,11.132075927734375,8.53532886505127,-0.3064578175544739,-0.5171475410461426
1790341552110524000,11.14852392578125,10.663774490356445,0.8978256583213806,1.4915876388549805
1790341552126968300,11.16496826171875,8.53532886505127,0.07182604819536209,-0.8906430602073669
1790341552143414500,11.18141455078125,9.114726066589355,0.7733271718025208,0.6919242739677429
1790341552159861000,11.197861083984375,10.24000072479248,0.7015010714530945,0.24660277366638184
1790341552176337700,11.214337646484376,9.351752281188965,-0.4836287498474121,-0.5650315880775452
1790341552192801000,11.230801025390624,10.168174743652344,1.0271124839782715,0.07422025501728058
1790341552209247200,11.247247314453125,9.423578262329102,-0.0694318488240242,0.3878606855869293
1790341552225723100,11.26372314453125,9.725247383117676,0.43095630407333374,-0.7422025203704834
1790341552242172700,11.280172607421875,9.083600997924805,0.26575639843940735,0.2777273952960968
1790341552258622200,11.296622314453124,10.644620895385742,0.6009446382522583,0.7541735172271729
1790341552274908700,11.31290869140625,9.624691009521484,0.5506663918495178,-0.629675030708313
1790341552291358200,11.329358154296875,9.421183586120605,0.2777273952960968,1.0773907899856567
1790341552307805000,11.345804931640625,10.278307914733887,1.335964560508728,0.26815059781074524
1790341552324298500,11.362298583984375,9.732429504394531,0.23702596127986908,-0.26815059781074524
1790341552340758300,11.37875830078125,10.366893768310547,1.8626888990402222,0.7254431247711182
1790341552357255400,11.39525537109375,9.308655738830566,0.31364041566848755,-0.5195417404174805
1790341552373744000,11.411744140625,9.543288230895996,1.3455413579940796,-0.42377370595932007
1790341552390237200,11.4282373046875,9.385271072387695,0.47165772318840027,-0.26096799969673157
1790341552406731800,11.444731689453125,9.660603523254395,0.2346317619085312,0.8738836050033569
1790341552423257600,11.461257568359375,11.834539413452148,0.7350199222564697,-0.028730420395731926
1790341552439724500,11.477724609375,8.054094314575195,-0.06224924325942993,-0.5770025849342346
1790341552456202500,11.494202392578124,9.852140426635742,0.20350714027881622,1.2689268589019775
1790341552472692000,11.51069189453125,10.417171478271484,0.45489832758903503,-0.40701428055763245
1790341552489144300,11.527144287109374,9.904812812805176,0.38546648621559143,-0.7709329724311829
1790341552505621800,11.543621826171876,9.636661529541016,-0.14844051003456116,0.569819986820221
1790341552522068200,11.560068115234374,10.532093048095703,1.2497732639312744,0.272938996553421
1790341552538516200,11.57651611328125,9.334992408752441,0.8882488012313843,0.569819986820221
1790341552554991400,11.592991455078124,9.421183586120605,0.5602431893348694,-0.4141969084739685
1790341552571377000,11.609376953125,8.99740982055664,0.706289529800415,-0.272938996553421
1790341552587849700,11.625849609375,9.852140426635742,0.35673606395721436,0.07900865375995636
1790341552604264200,11.64226416015625,9.928754806518555,1.0342950820922852,-0.12928688526153564
1790341552620692200,11.658692138671874,8.465897560119629,-0.028730420395731926,0.14844051003456116
1790341552637165600,11.67516552734375,10.170568466186523,0.11013327538967133,0.9241618514060974
1790341552653612500,11.691612548828125,10.046070098876953,0.524330198764801,0.26096799969673157
1790341552670032600,11.70803271484375,9.605537414550781,0.48602294921875,0.8020575642585754
1790341552686530800,11.72453076171875,10.515334129333496,0.1867477297782898,0.629675030708313
1790341552703050500,11.741050537109375,9.466673851013184,1.3096283674240112,-0.6224924325942993
1790341552719572000,11.757572021484375,8.899248123168945,-0.08379705995321274,0.912190854549408
1790341552736021200,11.774021240234376,11.310209274291992,1.8842366933822632,0.08140286058187485
1790341552752499500,11.79049951171875,7.692570209503174,0.4405331015586853,0.27054479718208313
1790341552768948200,11.8069482421875,8.458714485168457,-0.6033388376235962,0.9050082564353943
1790341552785395500,11.8233955078125,12.088324546813965,1.5203180313110352,-0.8978256583213806
1790341552801870300,11.839870361328124,7.85537576675415,-0.9002198576927185,0.7805097699165344
1790341552818317300,11.8563173828125,10.469843864440918,0.5913678407669067,-0.12449848651885986
1790341552834793700,11.872793701171876,9.437943458557129,-0.9696516990661621,-1.335964560508728
1790341552851263000,11.889262939453126,10.699687004089355,0.17956513166427612,0.07182604819536209
1790341552867746300,11.905746337890625,9.251194953918457,-0.24899697303771973,-0.37828385829925537
1790341552884206300,11.922206298828126,9.691728591918945,-0.033518824726343155,-0.040701430290937424
1790341552900650000,11.93864990234375,8.468291282653809,1.647210717201233,-0.028730420395731926
1790341552917143800,11.955143798828125,10.565611839294434,-1.7525556087493896,-0.040701430290937424
1790341552933590500,11.971590576171875,9.955090522766113,0.3663128614425659,1.745373010635376
1790341552949979600,11.987979736328125,8.355764389038086,3.0813376903533936,-0.2346317619085312
1790341552966482400,12.004482421875,10.335768699645996,-2.4157495498657227,-0.1388636976480484
1790341552982928100,12.02092822265625,9.536105155944824,2.652775526046753,0.10055647045373917
1790341552999388000,12.037387939453126,9.567230224609375,3.064578056335449,1.9057846069335938
1790341553015836700,12.053836669921875,12.619836807250977,-3.315969467163086,-0.38546648621559143
1790341553032287700,12.070287841796874,11.192893028259277,2.7126305103302,-1.5059528350830078
1790341553048788000,12.0867880859375,6.414066314697266,-0.31124621629714966,1.4844050407409668
1790341553065237200,12.1032373046875,10.074800491333008,2.9089550971984863,-0.05985504388809204
1790341553081688000,12.11968798828125,8.243236541748047,-1.7980455160140991,-2.1499931812286377
1790341553098139100,12.13613916015625,9.528923034667969,1.7334020137786865,1.3958195447921753
1790341553114558000,12.152557861328125,9.641449928283691,-0.6248866319656372,-0.6560112833976746
1790341553130995500,12.168995361328125,9.35654067993164,0.811634361743927,-0.9074024558067322
1790341553147383000,12.185383056640624,9.27034854888916,0.38307225704193115,1.3024457693099976
1790341553163849700,12.201849609375,10.292673110961914,0.5363011956214905,-0.14844051003456116
1790341553180299300,12.21829931640625,9.68933391571045,0.10534487664699554,-0.608127236366272
1790341553196750000,12.23475,7.68538761138916,-0.5530605912208557,1.9991583824157715
1790341553213232400,12.251232421875,12.952630996704102,0.1628057211637497,-0.42377370595932007
1790341553229684000,12.26768408203125,8.757989883422852,0,1.7836803197860718
1790341553246131500,12.28413134765625,11.18092155456543,1.558625340461731,0.24181437492370605
1790341553262583000,12.3005830078125,11.798625946044922,-0.646434485912323,-1.0031704902648926
1790341553278984200,12.316984130859375,8.899248123168945,-0.15083470940589905,1.86508309841156
1790341553295432000,12.333431884765625,6.157886981964111,-1.4508862495422363,-3.4093432426452637
1790341553311878000,12.3498779296875,11.686098098754883,0.395043283700943,5.853823184967041
1790341553328322600,12.366322509765626,16.062698364257812,2.145204782485962,3.600879430770874
1790341553344766700,12.3827666015625,3.97916316986084,-2.609679937362671,-3.584120035171509
1790341553361215200,12.39921533203125,6.423643112182617,1.072602391242981,2.7700912952423096
1790341553377664000,12.4156640625,9.318233489990234,-1.3862427473068237,-0.17956513166427612
1790341553394111200,12.432111328125,8.60236644744873,1.6208745241165161,0.2944868206977844
1790341553410571300,12.4485712890625,10.093954086303711,-1.1348515748977661,0.2944868206977844
1790341553427015400,12.465015380859375,9.442731857299805,1.1875240802764893,-1.1635819673538208
1790341553443459800,12.4814599609375,7.532158374786377,-0.9265560507774353,0.10295066982507706
1790341553459935700,12.497935791015625,11.379640579223633,-0.24660277366638184,-0.3208230137825012
1790341553476383200,12.51438330078125,11.025299072265625,-0.9433154463768005,-1.1994950771331787
1790341553492830000,12.530829833984376,10.26394271850586,-0.5291185975074768,0.8379706144332886
1790341553509277000,12.54727685546875,11.192893028259277,0.24181437492370605,-0.047884032130241394
1790341553525721900,12.563721923828124,9.141061782836914,0.8427590131759644,1.1252747774124146
1790341553542164500,12.58016455078125,9.57201862335205,0.4596867263317108,-0.1388636976480484
1790341553558607000,12.596607177734375,8.918401718139648,0.040701430290937424,0.7733271718025208
1790341553575010600,12.613010498046876,8.4108304977417,0.16759411990642548,-0.5530605912208557
1790341553591454000,12.629453857421876,10.687716484069824,-0.6871358752250671,-0.667982280254364
1790341553607902200,12.645902099609375,9.86650562286377,1.3910311460494995,0.2801215946674347
1790341553624361200,12.662361328125,10.517727851867676,-0.021547814831137657,0.15562310814857483
1790341553640810000,12.67881005859375,11.310209274291992,0.4405331015586853,-0.1412578970193863
1790341553657287000,12.695286865234374,10.529699325561523,0.2825157940387726,0.3447650372982025
1790341553673732400,12.711732421875,10.81700325012207,0.49559974670410156,0.8259995579719543
1790341553690175000,12.728175048828126,9.229647636413574,-0.05746084079146385,-1.2258312702178955
1790341553706650400,12.744650390625,9.648633003234863,-0.181959331035614,0.42856210470199585
1790341553723097900,12.761097900390626,10.498574256896973,0.6153098344802856,-0.8044517636299133
1790341553739545600,12.777545654296874,9.064447402954102,-0.5530605912208557,-0.7637503147125244
1790341553755993900,12.793993896484375,9.885659217834473,1.1563993692398071,0.706289529800415
1790341553772441300,12.81044140625,9.730035781860352,0.2537853717803955,-0.1173158809542656
1790341553788891100,12.82689111328125,10.232817649841309,1.070208191871643,-0.9433154463768005
1790341553805336800,12.8433369140625,9.643844604492188,0.4596867263317108,-0.8212111592292786
1790341553821784000,12.8597841796875,9.41400146484375,0.7661445140838623,0.07182604819536209
1790341553838231000,12.87623095703125,9.461885452270508,0.2585737705230713,-0.8475474119186401
1790341553854680800,12.892680908203126,10.843339920043945,0.24899697303771973,0.004788403399288654
1790341553871127000,12.909126953125,10.704475402832031,0.871489405632019,-0.08140286058187485
1790341553887573500,12.925573486328124,8.99740982055664,-0.06464344263076782,0.7158663272857666
1790341553904052500,12.942052490234374,11.094730377197266,0.8810662031173706,1.4101848602294922
1790341553920498200,12.958498291015625,10.32858657836914,0.9768342971801758,-0.181959331035614
1790341553936944000,12.974944091796875,9.5624418258667,0.5554547905921936,1.1468225717544556
1790341553953352400,12.9913525390625,9.363722801208496,0.26815059781074524,0.11013327538967133
1790341553969800700,13.00780078125,8.96149730682373,0.3926490843296051,-0.6344634294509888
1790341553986250800,13.024250732421875,8.69334602355957,-0.4165911078453064,1.072602391242981
1790341554002698800,13.04069873046875,10.608707427978516,0.9145850539207458,0.4429273009300232
1790341554019146000,13.05714599609375,9.35654067993164,-0.043095629662275314,-0.8930372595787048
1790341554035592200,13.07359228515625,8.422801971435547,0.42856210470199585,1.0534487962722778
1790341554052039200,13.0900390625,10.093954086303711,0.17956513166427612,-0.0694318488240242
1790341554068419300,13.10641943359375,9.406818389892578,0.5051765441894531,-0.5961562395095825
1790341554084832500,13.12283251953125,9.229647636413574,0.7445967197418213,1.2761094570159912
1790341554101247500,13.13924755859375,10.465055465698242,-0.026336219161748886,0.3256114423274994
1790341554117693700,13.155693603515624,10.347740173339844,-0.1149216815829277,-0.646434485912323
1790341554134141700,13.1721416015625,9.50498104095459,-0.033518824726343155,0.1604115068912506
1790341554150611000,13.18861083984375,10.831368446350098,-0.22266076505184174,-0.3256114423274994
1790341554167057400,13.205057373046875,10.24000072479248,0.035913024097681046,-0.22026655077934265
1790341554183509800,13.221509765625,9.959878921508789,0.0933738648891449,0.5985504388809204
1790341554200022300,13.238022216796875,10.158597946166992,-0.002394201699644327,-0.6751648783683777
1790341554216490500,13.254490478515624,9.911994934082031,0.6416460275650024,0.2561795711517334
1790341554232937700,13.270937744140625,10.189722061157227,0.5027823448181152,-0.19393034279346466
1790341554249383000,13.2873828125,10.20887565612793,0.19153612852096558,0.2322375625371933
1790341554265830400,13.303830322265625,10.065223693847656,0.20111294090747833,0.8930372595787048
1790341554282261200,13.32026123046875,9.552865028381348,0.31364041566848755,0.05267243832349777
1790341554298658600,13.336658447265625,10.54645824432373,0.15322890877723694,0.646434485912323
1790341554315104800,13.353104736328126,9.749189376831055,0.05506663769483566,0.28969839215278625
1790341554331548200,13.369548095703125,8.540117263793945,0.8786720037460327,-0.1364694982767105
1790341554348051000,13.386051025390625,10.900800704956055,0.3471592366695404,0.3447650372982025
1790341554364505300,13.40250537109375,9.387664794921875,0.3902548849582672,-0.19153612852096558
1790341554380966400,13.41896630859375,8.17380428314209,0.6272808313369751,-0.5578489899635315
1790341554397436200,13.435436279296875,10.613495826721191,0.10773907601833344,-0.004788403399288654
1790341554413875500,13.45187548828125,11.171344757080078,-0.16759411990642548,0.21787235140800476
1790341554430320000,13.468320068359375,8.760383605957031,0.5817909836769104,-0.09816227108240128
1790341554446790700,13.484790771484375,8.803479194641113,0.7613561153411865,-0.5889736413955688
1790341554463230500,13.50123046875,10.704475402832031,0.10534487664699554,0.043095629662275314
1790341554479671300,13.51767138671875,9.859322547912598,-0.05267243832349777,-0.3280056416988373
1790341554496111400,13.534111328125,9.576807022094727,-0.043095629662275314,-0.5099649429321289
1790341554512555300,13.55055517578125,10.072406768798828,-0.4357447028160095,-0.3926490843296051
1790341554529002500,13.56700244140625,10.15141487121582,-0.6727706789970398,-0.14604631066322327
1790341554545447700,13.58344775390625,9.476250648498535,-0.8307880163192749,-0.5291185975074768
1790341554561894700,13.599894775390625,10.644620895385742,-1.2449848651885986,-0.4189853072166443
1790341554578344000,13.616343994140625,10.187328338623047,-1.0031704902648926,0.021547814831137657
1790341554594790400,13.632790283203125,9.77791976928711,-0.5482721924781799,0.8834604024887085
1790341554611238700,13.64923876953125,8.920795440673828,-0.09576806426048279,1.1755530834197998
1790341554627665400,13.66566552734375,10.153809547424316,0.009576806798577309,2.250549554824829
1790341554644134700,13.682134765625,9.66539192199707,-0.40222588181495667,2.3942017555236816
1790341554660578600,13.69857861328125,9.615114212036133,-1.2018892765045166,2.5929205417633057
1790341554677020400,13.7150205078125,9.241618156433105,-0.20350714027881622,0.014365210197865963
1790341554693493200,13.7314931640625,9.627084732055664,-0.3974374830722809,-0.12689268589019775
1790341554709954600,13.74795458984375,9.782708168029785,0.1867477297782898,0.26096799969673157
1790341554726437000,13.76443701171875,11.152191162109375,0.950498104095459,0.31842881441116333
1790341554742886700,13.78088671875,8.698134422302246,-0.3471592366695404,-0.17717093229293823
1790341554759333600,13.797333740234375,10.378864288330078,0.10055647045373917,0.7565677165985107
1790341554775811800,13.813811767578125,10.187328338623047,0.035913024097681046,0.6416460275650024
1790341554792264700,13.8302646484375,10.680533409118652,0.2753331959247589,0.31842881441116333
1790341554808745200,13.8467451171875,10.194510459899902,0.15801730751991272,-0.13407529890537262
1790341554825193200,13.863193115234376,10.216058731079102,0.9816226959228516,0.9600749015808105
1790341554841667600,13.87966748046875,10.237606048583984,0.8930372595787048,0.5027823448181152
1790341554858119400,13.896119384765624,10.488997459411621,0.9696516990661621,0.4189853072166443
1790341554874567000,13.91256689453125,9.864110946655273,0.7445967197418213,0.6512228846549988
1790341554891036700,13.92903662109375,9.677363395690918,1.048660397529602,0.37828385829925537
1790341554907484400,13.945484375,8.166622161865234,1.4317326545715332,0.35913026332855225
1790341554923933000,13.961932861328124,7.671022415161133,1.5897499322891235,1.1324573755264282
1790341554940435700,13.978435791015626,8.937555313110352,1.4437036514282227,0.4405331015586853
1790341554956878000,13.994878173828125,9.430760383605957,0.24181437492370605,0.021547814831137657
1790341554973268700,14.011268798828125,9.730035781860352,0.7852981686592102,0.9528923034667969
1790341554989714700,14.027714599609375,9.909601211547852,-1.3838485479354858,0.9624691009521484
1790341555006165000,14.0441650390625,10.51054573059082,2.1978771686553955,0.768538773059845
1790341555022673000,14.0606728515625,9.050082206726074,-1.5322890281677246,0.10773907601833344
1790341555039163100,14.0771630859375,10.778696060180664,2.4827871322631836,0.22505496442317963
1790341555055590000,14.09358984375,8.061277389526367,-0.6440402865409851,0.181959331035614
1790341555072057600,14.1100576171875,10.304644584655762,2.6024973392486572,-0.021547814831137657
1790341555088534500,14.126534423828126,7.8960771560668945,-0.5195417404174805,1.2641384601593018
1790341555104980500,14.14298046875,12.045228958129883,0.6967126727104187,0.5817909836769104
1790341555121429800,14.1594296875,9.78989028930664,0.3232172429561615,0.689530074596405
1790341555137941200,14.175941162109375,10.445901870727539,-0.004788403399288654,0.629675030708313
1790341555154385700,14.1923857421875,11.331756591796875,0.4189853072166443,0.040701430290937424
1790341555170832400,14.208832275390625,9.411606788635254,-0.023942016065120697,0.667982280254364
1790341555187308300,14.225308349609374,10.539276123046875,1.1228805780410767,0.9385270476341248
1790341555203754000,14.24175390625,9.445125579833984,-0.06224924325942993,-0.033518824726343155
1790341555220198700,14.25819873046875,10.864887237548828,1.8100165128707886,0.524330198764801
1790341555236641800,14.274641845703124,9.57441234588623,1.0534487962722778,0.5315127968788147
1790341555253090800,14.2910908203125,9.26795482635498,1.359906554222107,0.1628057211637497
1790341555269539000,14.3075390625,9.346963882446289,1.6855180263519287,0.40222588181495667
1790341555285993000,14.323992919921874,9.308655738830566,1.8938134908676147,0.40940847992897034
1790341555302383600,14.340383544921876,9.155426979064941,1.623268723487854,0.30885201692581177
1790341555318831900,14.356831787109375,10.072406768798828,2.2697031497955322,-0.2968810200691223
1790341555335311000,14.37331103515625,8.638279914855957,1.1994950771331787,0.16998831927776337
1790341555351801300,14.38980126953125,9.425971984863281,1.4077905416488647,0.40222588181495667
1790341555368263700,14.406263671875,9.75637149810791,1.9967641830444336,0.36152446269989014
1790341555384734500,14.422734375,9.473855972290039,0.608127236366272,0.3878606855869293
1790341555401210600,14.439210693359374,10.721235275268555,1.7573440074920654,0.8188169598579407
1790341555417725400,14.455725341796875,9.528923034667969,0.7230489253997803,-0.047884032130241394
1790341555434242000,14.472241943359375,9.552865028381348,1.623268723487854,0.5506663918495178
1790341555450702600,14.48870263671875,9.835380554199219,1.3455413579940796,0.5841852426528931
1790341555467158000,14.505157958984375,8.918401718139648,1.6304513216018677,-0.11971008777618408
1790341555483632000,14.521632080078126,8.576030731201172,2.2625205516815186,0.17956513166427612
1790341555500074800,14.53807470703125,9.071630477905273,0.7110779285430908,-0.031124621629714966
1790341555516521500,14.554521484375,10.417171478271484,1.2401964664459229,0.4213795065879822
1790341555532972800,14.570972900390625,9.030928611755371,0.5889736413955688,0.2992752194404602
1790341555549420500,14.587420654296874,9.746794700622559,0.5099649429321289,0.45489832758903503
1790341555565868800,14.603868896484375,10.383652687072754,1.1300631761550903,0.4429273009300232
1790341555582339600,14.620339599609375,9.583989143371582,0.3471592366695404,0.33279404044151306
1790341555598858200,14.636858154296876,11.12346076965332,0.22505496442317963,0.002394201699644327
1790341555615301600,14.653301513671876,10.433931350708008,0.20111294090747833,0.4908113479614258
1790341555631714300,14.66971435546875,10.44350814819336,-0.14365209639072418,-0.090979665517807
1790341555648199200,14.68619921875,10.584765434265137,0.3519476354122162,0.6392518281936646
1790341555664686800,14.702686767578125,9.818621635437012,0.40222588181495667,0.5291185975074768
1790341555681203500,14.719203369140626,9.832986831665039,0.2322375625371933,0.31603461503982544
1790341555697666800,14.735666748046874,9.72285270690918,1.742978811264038,0.07422025501728058
1790341555714113500,14.752113525390625,8.844181060791016,0.9624691009521484,-0.7254431247711182
1790341555730559500,14.7685595703125,8.810662269592285,0.8810662031173706,-0.3256114423274994
1790341555747005400,14.78500537109375,9.016563415527344,0.6631938815116882,-0.3423708379268646
1790341555763450600,14.80145068359375,10.496180534362793,0.42616790533065796,0.15083470940589905
1790341555779898600,14.817898681640624,9.660603523254395,0.5027823448181152,0.021547814831137657
1790341555796344000,14.834343994140625,10.014945983886719,0.5602431893348694,0.7158663272857666
1790341555812793600,14.850793701171876,9.873687744140625,0.3663128614425659,0.9481038451194763
1790341555829243400,14.867243408203125,9.318233489990234,0.24181437492370605,1.0414776802062988
1790341555845693700,14.883693603515624,9.959878921508789,0.11971008777618408,1.8291701078414917
1790341555862139600,14.9001396484375,10.000580787658691,-0.5410895943641663,1.6160861253738403
1790341555878611000,14.91661083984375,10.690110206604004,-1.0199298858642578,1.4197616577148438
1790341555895057700,14.9330576171875,10.503362655639648,-1.3000515699386597,1.534683346748352
1790341555911502300,14.94950244140625,10.160991668701172,-1.577778935432434,1.357512354850769
1790341555927975400,14.965975341796875,10.228029251098633,-1.9105730056762695,1.0031704902648926
1790341555944420000,14.982420166015626,9.93354320526123,-0.768538773059845,-0.24181437492370605
1790341555960864300,14.9988642578125,9.284713745117188,-0.4836287498474121,-1.278503656387329
1790341555977147100,15.015147216796874,10.587160110473633,0.28969839215278625,1.479616641998291
1790341555993595000,15.031594970703125,9.9000244140625,0.0694318488240242,0.19153612852096558
1790341556010042600,15.048042724609376,8.810662269592285,0.31124621629714966,0.028730420395731926
1790341556026535700,15.06453564453125,9.100360870361328,-0.4572925269603729,0.9217676520347595
1790341556043004700,15.081004638671875,9.536105155944824,1.0414776802062988,1.158793568611145
1790341556059443500,15.097443359375,9.50737476348877,-0.033518824726343155,0.5315127968788147
1790341556075927000,15.113927001953124,8.844181060791016,-0.22744916379451752,1.1755530834197998
1790341556092382200,15.13038232421875,8.959102630615234,0.4884171485900879,1.821987509727478
1790341556108857600,15.146857666015626,8.757989883422852,-0.9217676520347595,-0.06703764945268631
1790341556125262800,15.163262939453125,11.17852783203125,-2.054224967956543,0.6272808313369751
1790341556141708500,15.17970849609375,10.809821128845215,1.2952631711959839,2.2864625453948975
1790341556158159000,15.1961591796875,10.18493366241455,-3.071760892868042,0.0933738648891449
1790341556174667300,15.212667236328125,10.299856185913086,1.946485996246338,0.021547814831137657
1790341556191114200,15.2291142578125,9.21288776397705,1.216254472732544,-0.4165911078453064
1790341556207589600,15.245589599609374,7.436390399932861,0.608127236366272,-3.404554843902588
1790341556224040400,15.26204052734375,8.53532886505127,-2.9735984802246094,2.896984100341797
1790341556240493600,15.27849365234375,13.115436553955078,3.7684733867645264,2.7557260990142822
1790341556256970800,15.294970703125,7.0317702293396,-1.400607943534851,-3.8139634132385254
1790341556273424000,15.311423828125,10.742782592773438,3.799597978591919,1.137245774269104
1790341556289898000,15.32789794921875,7.046135425567627,-2.403778553009033,2.2649147510528564
1790341556306345000,15.344344970703125,12.617443084716797,2.2385785579681396,-1.6927006244659424
1790341556322806300,15.36080615234375,5.906495571136475,-1.5083470344543457,-0.3423708379268646
1790341556339253500,15.37725341796875,10.347740173339844,0.05746084079146385,1.9512743949890137
1790341556355701800,15.39370166015625,10.105925559997559,2.4636335372924805,-1.1492167711257935
1790341556372167400,15.41016748046875,9.040505409240723,-0.35673606395721436,1.6831238269805908
1790341556388617000,15.426616943359376,11.779472351074219,1.8100165128707886,2.612074136734009
1790341556405069000,15.443069091796875,8.169015884399414,0.395043283700943,-0.8858546018600464
1790341556421559300,15.459559326171876,8.851364135742188,-1.4484920501708984,1.2018892765045166
1790341556438007800,15.4760078125,11.91354751586914,-3.318363666534424,0.6320692300796509
1790341556454458400,15.492458251953124,14.664484977722168,2.188300371170044,3.2609026432037354
1790341556470901000,15.50890087890625,7.163451671600342,-3.00711727142334,1.4101848602294922
1790341556487350300,15.525350341796875,9.734824180603027,0.4572925269603729,-1.7094600200653076
1790341556503797800,15.5417978515625,17.944541931152344,9.41639518737793,-0.9528923034667969
1790341556520252200,15.558252197265626,1.1492167711257935,-0.5985504388809204,0.272938996553421
1790341556536751000,15.574751220703124,9.926360130310059,-0.9672574996948242,-4.654327869415283
1790341556553201400,15.591201416015625,3.56017804145813,-2.492363929748535,-1.9105730056762695
1790341556569680600,15.6076806640625,7.762001991271973,-2.0039467811584473,3.1052796840667725
1790341556586128400,15.62412841796875,17.161638259887695,-2.2218191623687744,1.8698714971542358
1790341556602505000,15.6405048828125,7.216124057769775,1.0295066833496094,-3.734954595565796
1790341556618969600,15.656969482421875,10.1753568649292,1.1180921792984009,2.9281086921691895
1790341556635422000,15.673421875,10.642226219177246,-1.1180921792984009,1.5658079385757446
1790341556651805700,15.6898056640625,9.500192642211914,1.45806884765625,-2.920926094055176
1790341556668284200,15.7062841796875,8.020575523376465,-1.338358759880066,2.322375535964966
1790341556684749800,15.722749755859375,11.099518775939941,0.5315127968788147,0.6033388376235962
1790341556701222700,15.73922265625,10.299856185913086,-0.3663128614425659,-0.9528923034667969
1790341556717719800,15.7557197265625,10.137049674987793,0.26336219906806946,2.346317768096924
1790341556734166300,15.772166259765624,9.59596061706543,0.629675030708313,-0.6177040338516235
1790341556750611000,15.78861083984375,9.102754592895508,0.011971008032560349,-0.1149216815829277
1790341556767059000,15.805058837890625,10.007762908935547,-0.2561795711517334,1.3694833517074585
1790341556783548200,15.821548095703125,10.266336441040039,0.4165911078453064,0.05267243832349777
1790341556800043500,15.83804345703125,9.351752281188965,-0.14844051003456116,0.6177040338516235
1790341556816525600,15.854525634765626,9.801861763000488,0.15562310814857483,0.9265560507774353
1790341556833013200,15.87101318359375,9.921571731567383,0.31603461503982544,0.07182604819536209
1790341556849489200,15.8874892578125,9.617507934570312,-0.3711012601852417,0.3016694188117981
1790341556865967900,15.9039677734375,11.257535934448242,0.38307225704193115,0.6631938815116882
1790341556882463000,15.920462890625,9.821015357971191,0.09816227108240128,-0.002394201699644327
1790341556898942700,15.936942626953124,10.177751541137695,0.27054479718208313,0.0933738648891449
1790341556915459600,15.95345947265625,10.072406768798828,0.6440402865409851,0.9265560507774353
1790341556931946200,15.9699462890625,9.739612579345703,0.15322890877723694,-0.2801215946674347
1790341556948413200,15.9864130859375,10.515334129333496,0.5195417404174805,0.507570743560791
1790341556964874200,16.002874267578125,10.093954086303711,-0.1604115068912506,0.6488286852836609
1790341556981416200,16.019416259765624,10.101137161254883,0.20350714027881622,0.1628057211637497
1790341556997905700,16.03590576171875,10.687716484069824,0.6512228846549988,0.8355764150619507
1790341557014397000,16.05239697265625,9.715670585632324,0.24899697303771973,0.8236053586006165
1790341557030861800,16.06886181640625,9.224859237670898,0.6488286852836609,-0.4644751250743866
1790341557047354000,16.08535400390625,9.093177795410156,0.44771572947502136,0.6991068720817566
1790341557063802000,16.101802001953125,9.428366661071777,0.33758243918418884,0.6200982332229614
1790341557080248000,16.118248046875,9.435548782348633,-0.4165911078453064,-0.8427590131759644
1790341557096762600,16.1347626953125,10.735600471496582,-0.21308395266532898,0.8140285611152649
1790341557113244200,16.151244140625,9.979032516479492,-0.5746083855628967,0.7924807667732239
1790341557129740300,16.167740234375,9.785101890563965,0.811634361743927,-0.05506663769483566
1790341557146256100,16.184256103515626,9.11233139038086,-0.6200982332229614,1.170764684677124
1790341557162775000,16.200775146484375,9.938331604003906,0.45010992884635925,-0.2801215946674347
1790341557179260200,16.21726025390625,9.93354320526123,0.0454898327589035,0.3208230137825012
1790341557195760000,16.233760009765625,10.38844108581543,-0.1364694982767105,0.5195417404174805
1790341557212220200,16.25022021484375,9.696516990661621,0.6129156351089478,0.27054479718208313
1790341557228735200,16.2667353515625,9.658209800720215,0.23942017555236816,0.4141969084739685
1790341557245222700,16.28322265625,9.062053680419922,0.181959331035614,1.015141487121582
1790341557261715500,16.299715576171874,9.188945770263672,-0.8547300100326538,0.17717093229293823
1790341557278214000,16.3162138671875,10.747570991516113,0.4357447028160095,0.5985504388809204
1790341557294673700,16.332673583984374,9.349357604980469,-1.4891934394836426,0.3423708379268646
1790341557311200000,16.349199951171876,11.154585838317871,0.9888052940368652,1.0773907899856567
1790341557327732500,16.365732421875,8.983044624328613,0.4118026793003082,-0.6344634294509888
1790341557344214800,16.38221484375,7.881711959838867,-0.48602294921875,-0.569819986820221
1790341557360685600,16.398685546875,10.38844108581543,0.9193734526634216,2.6599581241607666
1790341557377161000,16.415160888671874,8.216899871826172,-1.8195933103561401,-0.2106897532939911
1790341557393668400,16.43166845703125,11.12106704711914,1.4269442558288574,0.7781155705451965
1790341557410151200,16.448151123046873,8.803479194641113,-0.37828385829925537,2.1284453868865967
1790341557426607000,16.464607177734376,8.382100105285645,0.002394201699644327,-1.1468225717544556
1790341557443063300,16.481063232421874,9.41400146484375,1.0223240852355957,0.9600749015808105
1790341557459525000,16.497525146484374,9.095572471618652,-1.601720929145813,1.4915876388549805
1790341557476033300,16.514033203125,11.27190113067627,1.259350061416626,-0.47644615173339844
1790341557492521500,16.530521484375,9.440337181091309,-0.363918662071228,2.31758713722229
1790341557509004500,16.547004638671876,9.346963882446289,-0.7326257228851318,0.031124621629714966
1790341557525491200,16.5634912109375,10.120290756225586,0.1364694982767105,-0.18914192914962769
1790341557541986000,16.579986083984377,10.256759643554688,-0.8236053586006165,2.1356279850006104
1790341557558478000,16.59647802734375,10.742782592773438,0.912190854549408,-0.1867477297782898
1790341557574967800,16.6129677734375,7.862558364868164,-0.4692635238170624,0.17717093229293823
1790341557591459000,16.629458984375,9.619902610778809,0.4884171485900879,0.569819986820221
1790341557608011300,16.64601123046875,10.225635528564453,-0.2992752194404602,-0.3495534360408783
1790341557624509200,16.66250927734375,11.085153579711914,1.0678139925003052,0.3519476354122162
1790341557641027000,16.679027099609375,9.059659004211426,-0.6703764796257019,0.24181437492370605
1790341557657494800,16.695494873046876,9.943120002746582,0.2561795711517334,-0.5482721924781799
1790341557673981400,16.7119814453125,9.976638793945312,-0.1388636976480484,0.7996633648872375
1790341557690439400,16.728439453125,9.821015357971191,0.21308395266532898,2.051830768585205
1790341557706935800,16.744935791015624,8.655038833618164,-0.9265560507774353,-0.5746083855628967
1790341557723438800,16.76143896484375,11.161767959594727,0.5003881454467773,2.296039342880249
1790341557739927800,16.777927734375,7.802703380584717,-0.8738836050033569,-0.5530605912208557
1790341557756416300,16.794416259765626,9.378087997436523,1.1085153818130493,1.4317326545715332
1790341557772917800,16.810917724609375,8.382100105285645,-1.1635819673538208,-0.09816227108240128
1790341557789411600,16.82741162109375,10.38844108581543,0.4572925269603729,0.9576807022094727
1790341557805929000,16.843928955078123,9.411606788635254,-0.8451532125473022,-0.1388636976480484
1790341557822381300,16.86038134765625,11.018115997314453,0.5913678407669067,0.10534487664699554
1790341557838865400,16.876865478515626,9.337387084960938,-0.3663128614425659,1.766920804977417
1790341557855389700,16.8933896484375,9.651026725769043,0.6560112833976746,-1.2042834758758545
1790341557871880700,16.909880615234375,10.153809547424316,0.395043283700943,0.8236053586006165
1790341557888359700,16.926359619140626,9.828198432922363,0.11971008777618408,0.2513911724090576
1790341557904875300,16.942875244140627,10.831368446350098,0.7829039692878723,0.3064578175544739
1790341557921357600,16.959357666015624,10.093954086303711,0.5195417404174805,1.3431471586227417
1790341557937818000,16.975818115234375,9.928754806518555,0.28730419278144836,0.6177040338516235
1790341557954308400,16.992308349609374,8.621520042419434,0.8427590131759644,0.08619125932455063
1790341557970774000,17.00877392578125,8.38449478149414,-0.5171475410461426,0.6991068720817566
1790341557987257600,17.025257568359375,10.500968933105469,0.1173158809542656,0.05746084079146385
1790341558003750100,17.041750244140626,10.223240852355957,-0.10534487664699554,0.6991068720817566
1790341558020251000,17.0582509765625,9.701305389404297,-0.1628057211637497,0.2753331959247589
1790341558036744400,17.074744384765626,9.672574996948242,0.26815059781074524,1.0534487962722778
1790341558053226500,17.0912265625,9.32541561126709,-0.181959331035614,0.9648633003234863
1790341558069710600,17.107710693359376,9.064447402954102,-0.06464344263076782,-0.4189853072166443
1790341558086167600,17.12416748046875,9.550470352172852,-0.1173158809542656,1.2449848651885986
1790341558102698000,17.140697998046875,9.983820915222168,-0.11013327538967133,0.19632454216480255
1790341558119190800,17.157190673828126,10.022128105163574,0.0694318488240242,0.730231523513794
1790341558135704000,17.1737041015625,10.134655952453613,0.08140286058187485,0.9648633003234863
1790341558152224500,17.190224609375,8.987833023071289,0.40222588181495667,0.8643068075180054
1790341558168712200,17.206712158203125,8.899248123168945,0.011971008032560349,-0.45010992884635925
1790341558185168000,17.22316796875,10.596736907958984,0.19393034279346466,1.1300631761550903
1790341558201661000,17.239660888671875,9.93354320526123,0.2513911724090576,-0.45250412821769714
1790341558218140400,17.256140380859375,9.607931137084961,0.5770025849342346,0.3878606855869293
1790341558234591700,17.272591796875,9.296685218811035,-0.2537853717803955,1.2665326595306396
1790341558251079700,17.28907958984375,10.793061256408691,0.871489405632019,-0.33997663855552673
1790341558267580000,17.305579833984375,9.78989028930664,-0.3734954595565796,0.7637503147125244
1790341558284076000,17.322075927734375,10.077195167541504,-0.009576806798577309,1.0223240852355957
1790341558300590600,17.338590576171875,9.576807022094727,0.12449848651885986,0.17477671802043915
1790341558317038800,17.355038818359375,9.277531623840332,0.3734954595565796,0.9792284965515137
1790341558333560300,17.371560302734373,8.829815864562988,0.3280056416988373,0.33997663855552673
1790341558350050000,17.388050048828124,9.05247688293457,-0.48602294921875,0.49559974670410156
1790341558366547200,17.404547119140624,10.72841739654541,0.3423708379268646,0.19871874153614044
1790341558383062300,17.421062255859376,9.825803756713867,-0.5267243981361389,1.0342950820922852
1790341558399546000,17.437546142578125,9.883264541625977,1.1061211824417114,-0.3423708379268646
1790341558416029200,17.454029296875,9.023746490478516,-1.1085153818130493,0.7350199222564697
1790341558432528600,17.470528564453126,11.279084205627441,0.2585737705230713,0.31603461503982544
1790341558449023700,17.487023681640625,9.979032516479492,0.07182604819536209,1.3335703611373901
1790341558465539000,17.5035390625,10.232817649841309,-0.6607996821403503,0.15083470940589905
1790341558481992000,17.519991943359376,10.333374977111816,0.3423708379268646,0.5889736413955688
1790341558498482700,17.536482666015626,9.490615844726562,-0.08619125932455063,0.5147533416748047
1790341558514997500,17.55299755859375,9.586383819580078,1.1468225717544556,0.2346317619085312
1790341558531457800,17.569457763671874,9.028534889221191,-0.09576806426048279,0.5961562395095825
1790341558547939800,17.58593994140625,10.168174743652344,-0.1412578970193863,-0.3256114423274994
1790341558564395500,17.6023955078125,11.580753326416016,1.01753568649292,1.5897499322891235
1790341558580880400,17.61888037109375,9.548076629638672,-0.181959331035614,0.2801215946674347
1790341558597404400,17.635404296875,9.493009567260742,0.5506663918495178,0.038307227194309235
1790341558613897500,17.6518974609375,9.186552047729492,-0.42377370595932007,0.7972691655158997
1790341558630411300,17.668411376953124,10.29746150970459,0.8427590131759644,-0.27054479718208313
1790341558646931700,17.684931640625,9.749189376831055,-0.44771572947502136,0.26815059781074524
1790341558663421000,17.7014208984375,10.864887237548828,0.3687070608139038,0.3663128614425659
1790341558679849700,17.717849609375,9.813833236694336,0.35673606395721436,0.47644615173339844
1790341558696347100,17.73434716796875,9.263166427612305,0.4165911078453064,0.33039984107017517
1790341558712829700,17.75082958984375,10.08198356628418,0.6967126727104187,0.950498104095459
1790341558729284600,17.76728466796875,9.39245319366455,-0.5937620401382446,-0.5003881454467773
1790341558745778700,17.78377880859375,10.924742698669434,0.27054479718208313,0.48602294921875
1790341558762247000,17.800246826171875,10.357316970825195,-0.17956513166427612,1.8267759084701538
1790341558778686700,17.816686767578126,9.172186851501465,0.09576806426048279,-0.6631938815116882
1790341558795198000,17.833197998046874,9.581595420837402,-0.2059013396501541,0.6967126727104187
1790341558811683000,17.84968310546875,10.402806282043457,0.05985504388809204,0.7661445140838623
1790341558828171300,17.866171142578125,9.792284965515137,0.17477671802043915,0.15801730751991272
1790341558844684300,17.882684326171876,9.02135181427002,-0.5722141861915588,0.8475474119186401
1790341558861179000,17.899178955078124,9.327810287475586,0.8307880163192749,0.19153612852096558
1790341558877697800,17.91569775390625,8.597578048706055,-0.6129156351089478,0.21547815203666687
1790341558894188000,17.93218798828125,9.545681953430176,0.5099649429321289,0.004788403399288654
1790341558910679000,17.948678955078126,9.512163162231445,-0.9720458984375,1.1276689767837524
1790341558927184000,17.965183837890624,10.924742698669434,-0.05027823522686958,-0.7110779285430908
1790341558943649000,17.98164892578125,10.450690269470215,-0.47405192255973816,1.072602391242981
1790341558960151300,17.9981513671875,10.125079154968262,0.12689268589019775,0.912190854549408
1790341558976604200,18.014604248046876,8.633491516113281,0.26575639843940735,-0.35434186458587646
1790341558993098200,18.03109814453125,9.0859956741333,-0.12928688526153564,0.5650315880775452
1790341559009540000,18.0475400390625,9.818621635437012,-0.2801215946674347,0.7086837291717529
1790341559026037000,18.064037109375,9.852140426635742,-0.33039984107017517,-0.38546648621559143
1790341559042553300,18.08055322265625,9.818621635437012,0.2513911724090576,1.2401964664459229
1790341559058980600,18.096980712890623,9.394847869873047,-0.06464344263076782,0.7230489253997803
1790341559075468000,18.113468017578125,9.378087997436523,0.09816227108240128,-1.41257905960083
1790341559091971300,18.129971435546874,10.38604736328125,-0.12210428714752197,0.9289502501487732
1790341559108438000,18.14643798828125,9.825803756713867,-0.3902548849582672,0.9361328482627869
1790341559124960300,18.162960205078125,9.437943458557129,-0.07900865375995636,-1.2114660739898682
1790341559141449500,18.179449462890624,10.11789608001709,0.031124621629714966,1.501164436340332
1790341559157919700,18.195919677734373,9.313444137573242,-0.35913026332855225,0.5051765441894531
1790341559174423300,18.21242333984375,9.591172218322754,-0.12689268589019775,-0.48602294921875
1790341559190919200,18.228919189453126,10.034099578857422,-0.5123591423034668,0.8667010068893433
1790341559207437300,18.245437255859375,10.33098030090332,-0.0454898327589035,0.6631938815116882
1790341559223923500,18.26192333984375,9.988609313964844,0.2753331959247589,0.4572925269603729
1790341559240422700,18.278422607421874,8.96389102935791,-0.4572925269603729,0.5339069962501526
1790341559256928800,18.2949287109375,10.093954086303711,-0.5817909836769104,0.8355764150619507
1790341559273427700,18.311427734375,10.781089782714844,0.5027823448181152,-0.36152446269989014
1790341559289950000,18.327949951171874,9.342175483703613,-1.2761094570159912,0.5123591423034668
1790341559306442200,18.344442138671877,10.187328338623047,0.17238251864910126,0.6823474764823914
1790341559322926300,18.36092626953125,8.777143478393555,-0.06224924325942993,0.22505496442317963
1790341559339411500,18.377411376953123,9.038111686706543,-0.9983820915222168,0.10534487664699554
1790341559355890000,18.393889892578127,10.994174003601074,-0.10773907601833344,0.8140285611152649
1790341559372334800,18.4103349609375,1.599326729774475,-1.7764976024627686,-0.016759412363171577
1790341559388841700,18.426841796875,9.071630477905273,0.42856210470199585,-0.2322375625371933
1790341559405286400,18.443286376953125,11.73398208618164,-2.2864625453948975,1.2952631711959839
1790341559421734000,18.45973388671875,11.508927345275879,-1.8914192914962769,-0.3519476354122162
1790341559438177500,18.476177490234374,10.553641319274902,-1.4053963422775269,0.9911994934082031
1790341559454621000,18.492620849609374,10.924742698669434,-1.4413094520568848,0.7493851184844971
1790341559471066400,18.50906640625,10.17296314239502,-0.608127236366272,1.170764684677124
1790341559487515000,18.525514892578126,10.369287490844727,-0.7876923680305481,0.8307880163192749
1790341559503991300,18.5419912109375,8.947132110595703,-0.6392518281936646,0.22505496442317963
1790341559520435700,18.558435791015626,8.537723541259766,-1.314416766166687,0.912190854549408
1790341559536901600,18.574901611328126,10.192116737365723,-0.6488286852836609,-0.8690952062606812
1790341559553377800,18.591377685546874,10.292673110961914,-0.5578489899635315,0.17956513166427612
1790341559569867000,18.607866943359376,9.591172218322754,-0.6416460275650024,0.8858546018600464
1790341559586353700,18.624353759765626,8.820239067077637,-0.3495534360408783,-0.090979665517807
1790341559602800400,18.64080029296875,9.66299819946289,-1.0438719987869263,1.1061211824417114
1790341559619286800,18.657286865234376,10.122684478759766,-1.5753847360610962,-0.31364041566848755
1790341559635760000,18.673760009765626,10.33098030090332,-0.5793967843055725,0.9552865028381348
1790341559652207400,18.690207275390627,8.908824920654297,-1.702277421951294,-0.16998831927776337
1790341559668679200,18.70667919921875,9.914389610290527,-0.9481038451194763,0.37828385829925537
1790341559685097500,18.723097412109375,10.070012092590332,-1.9153614044189453,-0.05985504388809204
1790341559701545000,18.739544921875,9.78989028930664,-0.9840168952941895,0.7829039692878723
1790341559718018300,18.756018310546875,10.47702693939209,-0.38067805767059326,0.7924807667732239
1790341559734468400,18.77246826171875,9.23682975769043,-1.3215993642807007,-0.033518824726343155
1790341559750941200,18.788941162109374,10.122684478759766,-0.3758896589279175,0.9026140570640564
1790341559767385000,18.805385009765626,8.844181060791016,-0.7374141216278076,0.33279404044151306
1790341559783868400,18.821868408203127,9.222464561462402,-0.6057330369949341,0.10055647045373917
1790341559800358400,18.8383583984375,9.342175483703613,-0.6871358752250671,0.6129156351089478
1790341559816846800,18.854846923828124,10.223240852355957,-1.2713210582733154,-0.5219359993934631
1790341559833342000,18.871342041015627,11.17852783203125,-0.5434837937355042,1.036689281463623
1790341559849835800,18.887835693359374,9.339780807495117,-0.9289502501487732,-0.1173158809542656
1790341559866351600,18.9043515625,9.481039047241211,-0.5482721924781799,0.14844051003456116
1790341559882837000,18.9208369140625,9.129091262817383,-1.3982137441635132,0.6943184733390808
1790341559899334700,18.937334716796876,11.013327598571777,-0.3519476354122162,-1.091755986213684
1790341559915843300,18.95384326171875,9.947908401489258,-1.0342950820922852,0.4908113479614258
1790341559932348200,18.97034814453125,8.990227699279785,-0.5363011956214905,-0.4668693244457245
1790341559948835600,18.986835693359374,9.337387084960938,-1.4173674583435059,0.37828385829925537
1790341559965324800,19.00332470703125,11.568782806396484,-1.3431471586227417,-0.181959331035614
1790341559981797000,19.019797119140627,11.353304862976074,-0.5051765441894531,0.5793967843055725
1790341559998247400,19.036247314453124,9.904812812805176,-0.8978256583213806,0.3280056416988373
1790341560014697000,19.052697021484374,8.990227699279785,-0.1843535304069519,0.1843535304069519
1790341560031167500,19.06916748046875,7.845798969268799,-0.6416460275650024,-0.15322890877723694
1790341560047608800,19.08560888671875,10.029311180114746,0.2777273952960968,0.19632454216480255
1790341560063968800,19.10196875,10.17296314239502,-1.1324573755264282,-0.2849099934101105
1790341560080445000,19.11844482421875,10.879252433776855,-1.5682021379470825,0.49320554733276367
1790341560096928000,19.134927978515623,11.118672370910645,-0.7589619159698486,0.13168109953403473
1790341560113376000,19.1513759765625,9.818621635437012,-1.139639973640442,0.009576806798577309
1790341560129914000,19.1679140625,9.9000244140625,-0.3902548849582672,0.5003881454467773
1790341560146406700,19.18440673828125,8.901641845703125,-1.5203180313110352,-0.3471592366695404
1790341560162911500,19.200911376953126,10.752359390258789,-0.6991068720817566,0.8523358106613159
1790341560179409000,19.217408935546874,9.160215377807617,-0.8451532125473022,0.023942016065120697
1790341560195926500,19.233926513671875,9.627084732055664,-0.5626373887062073,-0.1364694982767105
1790341560212418300,19.250418212890626,10.189722061157227,-0.912190854549408,-0.06224924325942993
1790341560228915500,19.26691552734375,9.856928825378418,-1.4317326545715332,0.21787235140800476
1790341560245420800,19.2834208984375,10.445901870727539,0.1364694982767105,0.33758243918418884
1790341560261918000,19.29991796875,9.107542991638184,-1.644816517829895,0.5339069962501526
1790341560278435800,19.316435791015625,10.256759643554688,-0.6919242739677429,-0.30885201692581177
1790341560294925300,19.33292529296875,9.334992408752441,-0.5722141861915588,-0.06703764945268631
1790341560311414500,19.34941455078125,9.251194953918457,-0.6416460275650024,0.5530605912208557
1790341560327943200,19.365943115234376,9.600749015808105,-0.5746083855628967,-0.7661445140838623
1790341560344438000,19.38243798828125,9.445125579833984,-0.9265560507774353,0.2944868206977844
1790341560360888600,19.398888671875,9.77791976928711,-0.5770025849342346,0.12210428714752197
1790341560377406500,19.415406494140626,9.66539192199707,-0.9576807022094727,0.004788403399288654
1790341560393895000,19.43189501953125,9.593565940856934,-1.173158884048462,-0.27054479718208313
1790341560410396000,19.44839599609375,10.587160110473633,-0.4141969084739685,0.1843535304069519
1790341560426892500,19.464892578125,10.426748275756836,-0.727837324142456,0.47165772318840027
1790341560443406800,19.48140673828125,10.029311180114746,-0.8738836050033569,-0.5602431893348694
1790341560459895000,19.49789501953125,9.876082420349121,-0.9409212470054626,0.7445967197418213
1790341560476390400,19.514390380859375,10.979808807373047,-0.29209262132644653,-0.3663128614425659
1790341560492893400,19.5308935546875,9.39245319366455,-1.7166426181793213,0.11252748221158981
1790341560509390800,19.547390869140624,9.141061782836914,-1.6112977266311646,-0.4692635238170624
1790341560525875500,19.56387548828125,9.627084732055664,-1.194706678390503,0.2825157940387726
1790341560542366700,19.58036669921875,9.655815124511719,-1.7932571172714233,0.1388636976480484
1790341560558831400,19.596831298828125,10.529699325561523,-1.2473790645599365,-0.40222588181495667
1790341560575361500,19.613361572265624,9.876082420349121,-0.8810662031173706,0.5817909836769104
1790341560591859200,19.629859130859376,9.260771751403809,-0.871489405632019,-1.1300631761550903
1790341560608373800,19.646373779296876,9.172186851501465,-1.0965443849563599,-0.4141969084739685
1790341560624909300,19.662909423828125,9.646238327026367,-0.9409212470054626,0.3016694188117981
1790341560641397000,19.67939697265625,10.359710693359375,-0.47644615173339844,-0.8068459630012512
1790341560657898800,19.695898681640625,9.821015357971191,-1.036689281463623,0.05506663769483566
1790341560674396000,19.71239599609375,9.679757118225098,-0.7398083209991455,-0.05985504388809204
1790341560690876200,19.728876220703125,10.120290756225586,-0.33997663855552673,-0.19153612852096558
1790341560707315500,19.7453154296875,9.679757118225098,-0.8427590131759644,-0.22026655077934265
1790341560723816700,19.761816650390625,9.655815124511719,-0.8331822156906128,-0.6153098344802856
1790341560740323800,19.77832373046875,9.765948295593262,-0.35913026332855225,0.1149216815829277
1790341560756826000,19.794826171875,9.32302188873291,-1.5418659448623657,-0.5123591423034668
1790341560773337900,19.811337890625,10.493785858154297,-0.5650315880775452,-0.37828385829925537
1790341560789828000,19.827828125,9.41400146484375,-1.256955862045288,0.5722141861915588
1790341560806317300,19.8443173828125,10.431536674499512,-0.9361328482627869,-1.0630255937576294
1790341560822844400,19.860844482421875,10.134655952453613,-0.6847416758537292,0.2298433631658554
1790341560839338200,19.877338134765626,9.41639518737793,-0.811634361743927,0.035913024097681046
1790341560855855000,19.893855224609375,10.259154319763184,-0.629675030708313,-0.33758243918418884
1790341560872340000,19.910340087890624,10.493785858154297,-0.29209262132644653,-0.5195417404174805
1790341560888803800,19.926803955078125,9.856928825378418,-0.667982280254364,0.6488286852836609
1790341560905302800,19.943302734375,10.192116737365723,-0.5315127968788147,-0.06703764945268631
1790341560921764400,19.959764404296877,9.964667320251465,-1.1516109704971313,-0.6799532771110535
1790341560938281000,19.976281005859374,9.995792388916016,-0.8164227604866028,0.4213795065879822
1790341560954772000,19.99277197265625,9.971850395202637,-1.237802267074585,-0.05746084079146385
1790341560971268400,20.009268310546876,9.75637149810791,-0.8858546018600464,-0.6153098344802856
1790341560987771100,20.025771240234373,10.101137161254883,-0.9672574996948242,0.5602431893348694
1790341561004267800,20.042267822265625,9.818621635437012,-0.912190854549408,-0.38546648621559143
1790341561020752600,20.058752685546875,9.433155059814453,-0.8236053586006165,-0.8140285611152649
1790341561037147600,20.075147705078123,8.882488250732422,-1.1013327836990356,0.2992752194404602
1790341561053638700,20.091638671875,9.701305389404297,-1.1516109704971313,-0.6248866319656372
1790341561070116900,20.108116943359374,10.271124839782715,-0.3902548849582672,-0.5626373887062073
1790341561086613200,20.12461328125,9.23682975769043,-1.580173134803772,0.0933738648891449
1790341561102101200,20.140101318359374,11.022904396057129,-0.3758896589279175,-0.3423708379268646
1790341561118523100,20.156523193359376,9.952696800231934,-0.7350199222564697,0.2513911724090576
1790341561134978600,20.172978515625,9.785101890563965,-1.0965443849563599,-0.5722141861915588
1790341561151478000,20.18947802734375,9.986215591430664,-0.33279404044151306,-0.14844051003456116
1790341561167938300,20.205938232421875,9.437943458557129,-1.2425906658172607,-0.4429273009300232
1790341561184452400,20.222452392578123,10.055646896362305,-0.4405331015586853,-0.35434186458587646
1790341561200938500,20.2389384765625,9.150638580322266,-1.5849615335464478,0.07182604819536209
1790341561217431000,20.25543115234375,10.6709566116333,-0.6703764796257019,-0.5889736413955688
1790341561233934600,20.2719345703125,9.981427192687988,-1.0845733880996704,0.6224924325942993
1790341561250397200,20.288397216796874,10.158597946166992,-0.7948749661445618,-0.3256114423274994
1790341561266909200,20.3049091796875,9.466673851013184,-1.2952631711959839,-0.21547815203666687
1790341561283400400,20.321400390625,9.955090522766113,-0.6631938815116882,0.12449848651885986
1790341561299886600,20.337886474609373,9.888052940368652,-0.524330198764801,-0.49799394607543945
1790341561316376300,20.354376220703124,9.318233489990234,-1.0630255937576294,-0.4668693244457245
1790341561332867300,20.370867431640626,10.690110206604004,-0.08140286058187485,0.44532153010368347
1790341561349379800,20.3873798828125,9.75637149810791,-0.7158663272857666,-0.5578489899635315
1790341561365831700,20.403831787109375,9.979032516479492,-0.08379705995321274,-0.5363011956214905
1790341561382260500,20.420260498046876,9.636661529541016,-0.17477671802043915,0.4165911078453064
1790341561398757600,20.436757568359376,9.799467086791992,-0.6751648783683777,-0.363918662071228
1790341561415229400,20.4532294921875,10.254365921020508,0.10055647045373917,-0.27054479718208313
1790341561431741400,20.469741455078125,9.44991397857666,-0.6727706789970398,-0.10534487664699554
1790341561448226000,20.48622607421875,10.074800491333008,-0.014365210197865963,-0.2082955539226532
1790341561464719600,20.5027197265625,9.696516990661621,-0.08858546614646912,-0.5578489899635315
1790341561481218000,20.519218017578126,9.682151794433594,-0.40222588181495667,-0.19871874153614044
1790341561497710800,20.5357109375,10.08198356628418,0.002394201699644327,-0.14365209639072418
1790341561514222000,20.55222216796875,9.47146224975586,-0.2825157940387726,-0.12928688526153564
1790341561530703000,20.568703125,9.730035781860352,-0.17477671802043915,-0.6200982332229614
1790341561547189500,20.585189453125,9.428366661071777,0.033518824726343155,0.11252748221158981
1790341561563713800,20.6017138671875,9.17697525024414,-0.4429273009300232,-0.6943184733390808
1790341561580174000,20.618174072265624,10.235212326049805,0.14604631066322327,-0.5650315880775452
1790341561596685800,20.634685791015624,9.720458984375,-0.5434837937355042,0.2106897532939911
1790341561613170700,20.651170654296877,11.111490249633789,0.11013327538967133,-0.05267243832349777
1790341561629564000,20.66756396484375,9.50498104095459,-0.4213795065879822,-0.18914192914962769
1790341561646028800,20.68402880859375,9.72285270690918,-0.19153612852096558,-0.12689268589019775
1790341561662487800,20.70048779296875,10.153809547424316,0.1173158809542656,-0.18914192914962769
1790341561679001300,20.71700146484375,9.062053680419922,-0.49559974670410156,-0.9672574996948242
1790341561695487000,20.733487060546874,10.098742485046387,0.19632454216480255,-0.8140285611152649
1790341561710951700,20.74895166015625,9.476250648498535,0.12449848651885986,-0.730231523513794
1790341561727449000,20.765448974609374,9.165003776550293,-0.5315127968788147,-0.5219359993934631
1790341561743906300,20.78190625,10.103530883789062,0.4884171485900879,0.24899697303771973
1790341561760386800,20.79838671875,9.301473617553711,-0.8164227604866028,-0.23702596127986908
1790341561776836000,20.814836181640626,10.611102104187012,0.3878606855869293,-0.4572925269603729
1790341561793318700,20.831318603515626,9.409213066101074,-0.751779317855835,-0.06224924325942993
1790341561809842000,20.847842041015625,9.907206535339355,-0.26815059781074524,0.08379705995321274
1790341561826334000,20.864333984375,10.036493301391602,1.0007762908935547,-0.5003881454467773
1790341561842810000,20.88081005859375,8.65743350982666,-0.6105214357376099,-0.6560112833976746
1790341561859322600,20.897322509765626,9.921571731567383,1.0773907899856567,0.2585737705230713
1790341561875781000,20.913781005859374,8.722076416015625,-0.4141969084739685,0.16519992053508759
1790341561892225500,20.9302255859375,9.80904483795166,0.7996633648872375,-1.4748282432556152
1790341561908669700,20.946669677734373,10.472238540649414,-1.7357962131500244,0.6057330369949341
1790341561925144600,20.96314453125,10.764330863952637,0.9840168952941895,-1.7764976024627686
1790341561941628200,20.979628173828125,8.808267593383789,0.42377370595932007,0.8331822156906128
1790341561958089200,20.996089111328125,8.525752067565918,-0.05746084079146385,-0.6105214357376099
1790341561974557400,21.012557373046874,10.496180534362793,2.765302896499634,-2.5067291259765625
1790341561990996700,21.028996826171873,9.404424667358398,-2.3918075561523438,1.1659762859344482
1790341562007453400,21.045453369140624,12.60307788848877,2.6791117191314697,-0.0454898327589035
1790341562023919600,21.061919677734377,9.165003776550293,-1.723825216293335,-0.7015010714530945
1790341562040371500,21.078371337890626,10.474632263183594,-1.5825673341751099,-0.43095630407333374
1790341562056760800,21.0947607421875,13.555970191955566,3.9049429893493652,1.1755530834197998
1790341562073104000,21.111103759765626,9.071630477905273,-1.2258312702178955,-0.3064578175544739
1790341562089579000,21.1275791015625,8.877699851989746,1.259350061416626,-2.7246015071868896
1790341562106063600,21.144063720703127,8.118738174438477,-0.8738836050033569,1.8100165128707886
1790341562122504400,21.16050439453125,12.557587623596191,1.5059528350830078,-0.6655880808830261
1790341562138946000,21.176946044921873,9.543288230895996,-0.10295066982507706,-0.016759412363171577
1790341562155408000,21.193407958984373,7.201758861541748,1.53707754611969,-0.4572925269603729
1790341562171853000,21.20985302734375,8.252813339233398,0.2849099934101105,2.169146776199341
1790341562188304400,21.226304443359375,8.329427719116211,-0.7876923680305481,-3.2106244564056396
1790341562204749600,21.24274951171875,12.1194486618042,2.207453966140747,-0.4668693244457245
1790341562221236200,21.259236328125,10.089165687561035,-0.47644615173339844,1.723825216293335
1790341562237676000,21.275676025390624,9.988609313964844,1.1013327836990356,-2.0039467811584473
1790341562254119400,21.292119384765623,9.265560150146484,1.235408067703247,0.17956513166427612
1790341562270562600,21.3085625,9.399636268615723,0.05506663769483566,0.45489832758903503
1790341562287026200,21.325026123046875,9.696516990661621,0.5722141861915588,-1.9345149993896484
1790341562303494700,21.34149462890625,9.737217903137207,0.9959878921508789,-0.27054479718208313
1790341562319954700,21.35795458984375,9.701305389404297,0.6368576288223267,-0.304063618183136
1790341562336412400,21.374412353515623,9.423578262329102,0.6967126727104187,-1.8722656965255737
1790341562352915000,21.3909150390625,10.24239444732666,2.5761611461639404,0.3423708379268646
1790341562369363500,21.407363525390625,8.889671325683594,-0.12928688526153564,-1.3455413579940796
1790341562385830100,21.423830078125,14.985308647155762,4.383783340454102,-1.4628572463989258
1790341562402253800,21.44025390625,6.335057735443115,-0.7110779285430908,-0.42856210470199585
1790341562418731500,21.4567314453125,12.15057373046875,2.2433669567108154,-1.0055646896362305
1790341562435189000,21.47318896484375,16.29014778137207,5.9735331535339355,1.0989385843276978
1790341562451637200,21.48963720703125,7.510610580444336,2.650381326675415,-4.738125324249268
1790341562468078800,21.506078857421876,8.676587104797363,-0.5937620401382446,4.244919776916504
1790341562484522200,21.522522216796876,11.523292541503906,0.9528923034667969,-2.3511061668395996
1790341562500964600,21.538964599609375,13.804966926574707,1.3838485479354858,-1.4867992401123047
1790341562517415000,21.555414794921877,9.306262016296387,-0.3711012601852417,0.5003881454467773
1790341562533855200,21.571855224609376,9.495404243469238,2.2673089504241943,1.1492167711257935
1790341562550311200,21.588311279296875,8.554482460021973,0.5123591423034668,-0.9097966551780701
1790341562566752000,21.604751953125,7.510610580444336,1.400607943534851,1.1204863786697388
1790341562583192600,21.621192626953125,7.536946773529053,0.23702596127986908,-0.8259995579719543
1790341562599662600,21.63766259765625,10.845733642578125,2.9065608978271484,0.5482721924781799
1790341562616119000,21.654119140625,8.487444877624512,0.933738648891449,-1.802833914756775
1790341562632589600,21.670589599609375,11.109095573425293,-0.6775590777397156,1.5729905366897583
1790341562648973300,21.686973388671873,12.892776489257812,3.7421371936798096,-1.0342950820922852
1790341562665417500,21.70341748046875,7.931990146636963,-0.545877993106842,-0.629675030708313
1790341562681887500,21.719887451171875,11.233593940734863,2.604891538619995,0.6129156351089478
1790341562698351600,21.7363515625,8.4108304977417,0.6224924325942993,-2.583343744277954
1790341562714818800,21.75281884765625,10.429142951965332,1.644816517829895,-0.22266076505184174
1790341562731297300,21.76929736328125,10.438719749450684,0.8164227604866028,-0.9696516990661621
1790341562747756000,21.785756103515624,11.03248119354248,1.6496049165725708,-0.5147533416748047
1790341562764224500,21.802224609375,9.378087997436523,-0.05027823522686958,-0.09576806426048279
1790341562780663600,21.81866357421875,11.221623420715332,1.9823989868164062,-0.4357447028160095
1790341562797151000,21.83515087890625,8.899248123168945,0.6105214357376099,-0.6368576288223267
1790341562813590300,21.85159033203125,8.877699851989746,-0.10295066982507706,-1.5394717454910278
1790341562830029800,21.86802978515625,10.977415084838867,2.2385785579681396,-0.569819986820221
1790341562846557000,21.884556884765626,7.9846625328063965,-0.9385270476341248,-0.47884035110473633
1790341562862997500,21.90099755859375,11.36048698425293,0.7781155705451965,-1.5634137392044067
1790341562879452000,21.917451904296875,11.097125053405762,1.7357962131500244,-0.31603461503982544
1790341562895913200,21.933913330078123,8.236053466796875,-0.8547300100326538,-0.5530605912208557
1790341562912353500,21.950353515625,11.161767959594727,1.9800047874450684,-1.7884687185287476
1790341562928795100,21.966795166015626,8.762778282165527,-0.6344634294509888,-0.42616790533065796
1790341562945279000,21.983279052734375,10.424354553222656,0.45010992884635925,-0.4357447028160095
1790341562961744600,21.99974462890625,10.091560363769531,0.5602431893348694,-1.45806884765625
1790341562978203600,22.01620361328125,8.571242332458496,0.22266076505184174,-0.9576807022094727
1790341562994676200,22.03267626953125,9.931148529052734,0.6153098344802856,-1.2114660739898682
1790341563011121000,22.049120849609373,9.895236015319824,0.47165772318840027,-1.7501614093780518
1790341563027563800,22.065563720703125,9.406818389892578,-0.181959331035614,-0.6536170840263367
1790341563044019000,22.08201904296875,9.830592155456543,0.689530074596405,-1.048660397529602
1790341563060421000,22.098421142578125,9.32302188873291,-0.272938996553421,-1.5322890281677246
1790341563076800000,22.114800048828126,11.4849853515625,1.4724340438842773,-0.9265560507774353
1790341563093269800,22.131269775390624,8.801085472106934,-0.8140285611152649,-0.8762778043746948
1790341563109747500,22.14774755859375,9.59596061706543,0.751779317855835,-1.7860745191574097
1790341563126192600,22.164192626953124,9.694122314453125,-0.5626373887062073,0.16759411990642548
1790341563142640000,22.18064013671875,10.02452278137207,-0.05267243832349777,-1.4724340438842773
1790341563159086600,22.197086669921877,10.146626472473145,0.9840168952941895,-0.7158663272857666
1790341563175535400,22.213535400390626,8.80587387084961,-0.8427590131759644,0.1173158809542656
1790341563191984600,22.229984619140627,10.44350814819336,0.4165911078453064,-1.036689281463623
1790341563208430800,22.246430908203124,10.220847129821777,0.5937620401382446,-1.4317326545715332
1790341563224874200,22.262874267578123,10.000580787658691,-0.2968810200691223,-1.0199298858642578
1790341563241316400,22.27931640625,10.790667533874512,0.5434837937355042,-1.6184803247451782
1790341563257758200,22.29575830078125,9.895236015319824,0.28730419278144836,0.1173158809542656
1790341563274200000,22.312199951171873,10.247182846069336,-0.14365209639072418,-0.4668693244457245
1790341563290656800,22.32865673828125,10.168174743652344,0.181959331035614,-1.6376339197158813
1790341563307101400,22.345101318359376,9.981427192687988,1.0438719987869263,0.3663128614425659
1790341563323547600,22.361547607421876,8.925583839416504,0.0071826050989329815,0.11971008777618408
1790341563340021000,22.37802099609375,9.339780807495117,-0.05027823522686958,-2.367865562438965
1790341563356462600,22.394462646484374,10.668562889099121,0.9744400978088379,-0.22744916379451752
1790341563372904700,22.41090478515625,9.950302124023438,0.35434186458587646,-0.3016694188117981
1790341563389347800,22.427347900390625,10.223240852355957,0.871489405632019,-1.280897855758667
1790341563405790200,22.443790283203125,9.327810287475586,-0.2082955539226532,0.15322890877723694
1790341563422278100,22.460278076171875,10.441113471984863,0.4118026793003082,-0.019153613597154617
1790341563438727000,22.476726806640624,9.064447402954102,0.05746084079146385,-1.843535304069519
1790341563455170800,22.4931708984375,8.880094528198242,-0.33518823981285095,0.14604631066322327
1790341563471613700,22.50961376953125,9.940725326538086,0.7781155705451965,-0.31842881441116333
1790341563488088000,22.526088134765626,8.664615631103516,0.0071826050989329815,-1.6112977266311646
1790341563504531500,22.542531494140626,8.523358345031738,-0.5722141861915588,-0.5506663918495178
1790341563520972800,22.558972900390625,11.051634788513184,1.0199298858642578,0.33997663855552673
1790341563537436700,22.575436767578125,9.710882186889648,0.9169792532920837,-2.027888774871826
1790341563553882000,22.591882080078125,8.858546257019043,-0.7398083209991455,-0.20350714027881622
1790341563570324200,22.60832421875,10.99896240234375,1.3527239561080933,-0.3495534360408783
1790341563586796300,22.62479638671875,9.828198432922363,-0.21787235140800476,-2.3965959548950195
1790341563603236000,22.641236083984374,11.116278648376465,0.1412578970193863,-0.7134721279144287
1790341563619677000,22.657677001953125,10.079588890075684,-0.2944868206977844,0.038307227194309235
1790341563636121300,22.674121337890625,9.224859237670898,-0.43335050344467163,-2.5737667083740234
1790341563652617700,22.69061767578125,9.99100399017334,0.20350714027881622,-0.6991068720817566
1790341563669061600,22.7070615234375,9.528923034667969,-0.15801730751991272,0.2801215946674347
1790341563685525800,22.72352587890625,10.02452278137207,0.5530605912208557,-2.185906171798706
1790341563701969200,22.73996923828125,9.10993766784668,-0.569819986820221,-0.8619126081466675
1790341563718413800,22.756413818359373,10.225635528564453,0.4908113479614258,0.3064578175544739
1790341563734856200,22.772856201171876,8.892065048217773,-0.5339069962501526,-1.4724340438842773
1790341563751231700,22.789231689453125,9.682151794433594,-0.07182604819536209,-0.28730419278144836
1790341563767672000,22.805672119140624,10.065223693847656,-0.6823474764823914,0.31603461503982544
1790341563784135000,22.822135009765624,9.95748519897461,-0.1149216815829277,-1.0199298858642578
1790341563800577800,22.838577880859376,10.14902114868164,0.6584054827690125,-0.5315127968788147
1790341563817023200,22.855023193359376,8.834604263305664,-0.17956513166427612,0.45489832758903503
1790341563833496800,22.871496826171875,9.648633003234863,-0.15083470940589905,-1.0678139925003052
1790341563849940700,22.887940673828126,9.93354320526123,0.05506663769483566,-1.1037269830703735
1790341563866382300,22.90438232421875,10.553641319274902,0.1867477297782898,-0.023942016065120697
1790341563882823200,22.9208232421875,10.046070098876953,-0.2849099934101105,-0.19153612852096558
1790341563899269600,22.93726953125,10.031704902648926,-0.790086567401886,-1.01753568649292
1790341563915711500,22.95371142578125,10.953473091125488,0.4572925269603729,0.7541735172271729
1790341563932156400,22.970156494140625,9.028534889221191,-0.11013327538967133,-0.6368576288223267
1790341563948597000,22.986596923828124,8.678980827331543,0.6799532771110535,-1.6065093278884888
1790341563965036000,23.0030361328125,8.920795440673828,-0.8427590131759644,0.9050082564353943
1790341563981507800,23.0195078125,11.075576782226562,0.1628057211637497,-0.5770025849342346
1790341563997955600,23.03595556640625,9.679757118225098,-0.8475474119186401,-2.518700122833252
1790341564014402000,23.052402099609374,10.402806282043457,0.033518824726343155,1.6543933153152466
1790341564030870800,23.068870849609375,8.286332130432129,-0.6631938815116882,-0.5410895943641663
1790341564047314200,23.085314208984375,9.282320022583008,-0.19632454216480255,-1.173158884048462
1790341564063697200,23.101697265625,10.682928085327148,-0.16759411990642548,0.5530605912208557
1790341564080171500,23.118171630859376,9.95748519897461,-1.1468225717544556,-0.9241618514060974
1790341564096561200,23.13456103515625,10.807426452636719,0.871489405632019,-1.5059528350830078
1790341564113007000,23.151007080078124,9.284713745117188,-0.9026140570640564,-0.22026655077934265
1790341564129448400,23.167448486328126,10.6709566116333,-1.0989385843276978,0.6320692300796509
1790341564145983500,23.1839833984375,10.647014617919922,-0.2944868206977844,-0.6919242739677429
1790341564162427000,23.200427001953123,9.588777542114258,-0.5961562395095825,-0.3016694188117981
1790341564178872000,23.2168720703125,9.931148529052734,0.6272808313369751,-0.42616790533065796
1790341564195311400,23.233311279296874,8.453926086425781,-1.094150185585022,-0.5650315880775452
1790341564211751200,23.249751220703125,10.773907661437988,0.48602294921875,-1.4867992401123047
1790341564228194000,23.266194091796876,9.605537414550781,-0.6727706789970398,0.5482721924781799
1790341564243607600,23.281607666015624,10.462661743164062,-0.38307225704193115,-0.524330198764801
1790341564260049700,23.298049560546875,11.350910186767578,-0.38307225704193115,0.24181437492370605
1790341564276504000,23.314504150390626,10.5344877243042,0.40222588181495667,0.10773907601833344
1790341564292945700,23.330945556640625,8.094796180725098,0.10055647045373917,-0.4165911078453064
1790341564309388300,23.34738818359375,9.490615844726562,-0.08379705995321274,0.011971008032560349
1790341564325859600,23.363859619140626,9.502586364746094,0.6129156351089478,-1.3886369466781616
1790341564342301200,23.38030126953125,9.852140426635742,-1.173158884048462,0.8379706144332886
1790341564358745300,23.396745361328126,10.283096313476562,0.15562310814857483,-1.455674648284912
1790341564375188500,23.4131884765625,9.684545516967773,0,0.2513911724090576
1790341564391632100,23.429632080078125,8.973467826843262,-0.5985504388809204,-0.21787235140800476
1790341564408073700,23.44607373046875,9.588777542114258,0.31603461503982544,-1.2330138683319092
1790341564424521200,23.462521240234373,9.370905876159668,-1.2042834758758545,-0.43335050344467163
1790341564440896300,23.478896240234373,10.704475402832031,0.38067805767059326,-0.9720458984375
1790341564457337900,23.495337890625,9.895236015319824,-0.6536170840263367,-0.8355764150619507
1790341564473809400,23.511809326171875,10.730812072753906,0.5961562395095825,-0.47165772318840027
1790341564490251000,23.5282509765625,9.428366661071777,0.3878606855869293,-0.993593692779541
1790341564506694700,23.544694580078126,8.803479194641113,0.035913024097681046,0.09816227108240128
1790341564523164000,23.561163818359375,8.56645393371582,-0.3447650372982025,-2.0422539710998535
1790341564539607600,23.577607666015624,10.005369186401367,1.1492167711257935,-1.678335428237915
1790341564556048400,23.59404833984375,8.621520042419434,-0.31124621629714966,-1.0127472877502441
1790341564572517000,23.61051708984375,9.84495735168457,0.4908113479614258,-1.6615760326385498
1790341564588958700,23.626958740234375,9.86889934539795,-0.1843535304069519,-1.2042834758758545
1790341564605401900,23.64340185546875,8.461109161376953,-0.14604631066322327,-1.723825216293335
1790341564621844000,23.659843994140626,10.663774490356445,0.8738836050033569,-1.292868971824646
1790341564638285300,23.676285400390626,12.169727325439453,-2.0614075660705566,-0.3064578175544739
1790341564654723300,23.692723388671876,13.663708686828613,0.6129156351089478,-0.811634361743927
1790341564671182600,23.7091826171875,10.381258964538574,-0.30885201692581177,-2.2361843585968018
1790341564687619600,23.72561962890625,7.965508937835693,1.8195933103561401,0.3064578175544739
1790341564704058400,23.742058349609376,6.94079065322876,-1.161187767982483,-1.987187385559082
1790341564720497400,23.758497314453123,9.892841339111328,1.1492167711257935,-1.1899182796478271
1790341564736934400,23.774934326171874,11.219228744506836,-1.7477672100067139,0.9648633003234863
1790341564753375000,23.791375,11.820174217224121,0.30885201692581177,0.6344634294509888
1790341564769836800,23.8078369140625,9.545681953430176,1.2042834758758545,-1.1540051698684692
1790341564786274600,23.824274658203127,9.126696586608887,-2.1547815799713135,0.1843535304069519
1790341564802716200,23.840716064453126,10.754754066467285,0.6129156351089478,0.26815059781074524
1790341564819193300,23.857193359375,9.485827445983887,-0.6727706789970398,-2.5713725090026855
1790341564835643600,23.8736435546875,11.961431503295898,-2.628833532333374,-0.6655880808830261
1790341564852091000,23.8900908203125,14.00607967376709,-0.08858546614646912,1.1013327836990356
1790341564868533200,23.906533203125,9.57201862335205,2.2433669567108154,-1.1204863786697388
1790341564884977200,23.92297705078125,6.380547523498535,-0.7972691655158997,-2.054224967956543
1790341564901418500,23.93941845703125,11.17852783203125,-1.3311761617660522,2.9161376953125
1790341564917860000,23.955860107421874,11.219228744506836,0.6488286852836609,-3.162740468978882
1790341564934299100,23.972299072265624,10.357316970825195,0.0071826050989329815,-2.4229321479797363
1790341564950739200,23.9887392578125,8.121131896972656,0.43335050344467163,-0.5506663918495178
1790341564967210000,24.0052099609375,9.251194953918457,0.9624691009521484,0.15322890877723694
1790341564983650800,24.02165087890625,8.640673637390137,-2.0015525817871094,-2.5713725090026855
1790341565000091400,24.03809130859375,12.413935661315918,1.113303780555725,-0.2968810200691223
1790341565016553200,24.05455322265625,9.332598686218262,-0.44771572947502136,-0.7948749661445618
1790341565032994800,24.070994873046875,8.769960403442383,0.0071826050989329815,-1.1276689767837524
1790341565049436200,24.087436279296874,9.08838939666748,0.950498104095459,-1.3455413579940796
1790341565065854500,24.1038544921875,10.548852920532227,-0.9576807022094727,0.2968810200691223
1790341565082292700,24.120292724609374,12.576741218566895,0.8355764150619507,-2.1787235736846924
1790341565098733600,24.136733642578125,8.801085472106934,0.6416460275650024,-1.8962076902389526
1790341565115114000,24.153114013671875,7.225700855255127,-1.8531121015548706,1.1683704853057861
1790341565131555000,24.16955517578125,12.746729850769043,2.9759926795959473,0.181959331035614
1790341565147994600,24.18599462890625,12.205639839172363,0.272938996553421,-4.065354347229004
1790341565164441600,24.202441650390625,8.305485725402832,-2.118868589401245,3.397372245788574
1790341565180882700,24.218882568359376,11.128249168395996,2.5713725090026855,-0.35434186458587646
1790341565197324300,24.23532421875,9.030928611755371,-0.3495534360408783,-2.8658595085144043
1790341565213803300,24.25180322265625,9.485827445983887,-2.741360902786255,-0.5003881454467773
1790341565230247000,24.268246826171875,14.176068305969238,0.7230489253997803,-2.1571757793426514
1790341565246689000,24.28468896484375,13.074735641479492,-2.631227731704712,-0.28969839215278625
1790341565263171600,24.301171630859375,12.51449203491211,0.5841852426528931,-1.9153614044189453
1790341565279613400,24.317613525390627,10.180145263671875,-0.17238251864910126,1.3048399686813354
1790341565296055300,24.33405517578125,7.225700855255127,-2.43011474609375,-3.1699230670928955
1790341565312556300,24.350556396484375,11.456254959106445,1.9273324012756348,-1.8195933103561401
1790341565328996900,24.366996826171874,10.022128105163574,-2.542642116546631,2.387019157409668
1790341565345467100,24.383467041015624,9.971850395202637,0.11013327538967133,-2.832340717315674
1790341565361941200,24.399941162109375,8.556877136230469,-1.5418659448623657,-1.5155296325683594
1790341565378378800,24.416378662109373,10.66137981414795,0.33279404044151306,1.1516109704971313
1790341565394844700,24.4328447265625,9.437943458557129,-0.586579442024231,-0.8236053586006165
1790341565411287800,24.449287841796874,9.514557838439941,0.6153098344802856,-2.3056161403656006
1790341565427758000,24.465758056640624,9.636661529541016,-0.44771572947502136,0.22266076505184174
1790341565444242400,24.482242431640625,10.319009780883789,0.8667010068893433,-0.10055647045373917
1790341565460706600,24.49870654296875,8.777143478393555,0.38067805767059326,-2.473210334777832
1790341565477179400,24.515179443359376,9.44991397857666,1.0869675874710083,0.1149216815829277
1790341565493622800,24.531622802734375,8.834604263305664,0.608127236366272,0.043095629662275314
1790341565510025200,24.548025146484374,9.466673851013184,1.0845733880996704,-1.1540051698684692
1790341565526464500,24.564464599609376,9.361329078674316,0.8427590131759644,-1.1803414821624756
1790341565542905600,24.580905517578124,9.86650562286377,1.6663644313812256,-0.38067805767059326
1790341565559400000,24.59739990234375,8.975862503051758,0.019153613597154617,-1.5658079385757446
1790341565575839200,24.613839111328126,10.608707427978516,0.8379706144332886,-1.2856862545013428
1790341565592303400,24.630303466796875,9.732429504394531,-0.040701430290937424,-0.6560112833976746
1790341565608747500,24.64674755859375,10.158597946166992,0.11013327538967133,-1.7693150043487549
1790341565625193000,24.66319287109375,9.600749015808105,0.4620809257030487,-0.6560112833976746
1790341565641666000,24.679666015625,9.421183586120605,-0.009576806798577309,-0.9217676520347595
1790341565658056400,24.696056396484376,10.041281700134277,-0.3711012601852417,-0.811634361743927
1790341565674527200,24.71252734375,10.216058731079102,-0.10055647045373917,-1.5155296325683594
1790341565690967300,24.72896728515625,9.674968719482422,0.0071826050989329815,-1.335964560508728
1790341565707425500,24.745425537109377,9.57441234588623,-0.043095629662275314,-1.3192051649093628
1790341565723892000,24.76189208984375,9.251194953918457,-0.6440402865409851,-1.8722656965255737
1790341565740331300,24.778331298828125,11.015722274780273,0.3902548849582672,-1.113303780555725
1790341565756824800,24.794824951171876,9.758766174316406,-0.1412578970193863,-1.0773907899856567
1790341565773264100,24.81126416015625,10.11789608001709,0.38067805767059326,-1.0893617868423462
1790341565789635800,24.8276357421875,9.591172218322754,0.21547815203666687,-0.4141969084739685
1790341565806129400,24.84412939453125,9.703699111938477,0.22744916379451752,-1.1109095811843872
1790341565822569000,24.86056884765625,10.177751541137695,0.6631938815116882,-1.0438719987869263
1790341565839039500,24.87703955078125,9.248801231384277,-0.3663128614425659,-0.4118026793003082
1790341565855481900,24.89348193359375,10.898406028747559,0.524330198764801,-1.1683704853057861
1790341565871926000,24.909926025390625,10.271124839782715,0.5841852426528931,-0.507570743560791
1790341565888398000,24.926398193359375,9.174580574035645,0.5746083855628967,-0.5937620401382446
1790341565904848400,24.942848388671877,9.557653427124023,0.26336219906806946,-1.1252747774124146
1790341565921320200,24.9593203125,10.539276123046875,0.9050082564353943,-0.6751648783683777
1790341565937766000,24.975765869140623,10.314221382141113,1.3239935636520386,-0.5770025849342346
1790341565954129400,24.99212939453125,8.899248123168945,1.0534487962722778,-0.7733271718025208
1790341565970602200,25.008602294921875,8.935160636901855,0.9145850539207458,-1.2186486721038818
1790341565987044000,25.025044189453126,9.852140426635742,0.6871358752250671,-0.8858546018600464
1790341566003444500,25.041444580078124,10.134655952453613,0.4189853072166443,-0.6129156351089478
1790341566019885000,25.057885009765624,10.398017883300781,0.5482721924781799,-1.5897499322891235
1790341566036326000,25.074325927734375,9.378087997436523,0.849941611289978,-1.3742717504501343
1790341566052826000,25.090826171875,9.227252960205078,0.05985504388809204,-1.5753847360610962
1790341566068342000,25.106342041015626,10.302249908447266,0.6200982332229614,-1.7381904125213623
1790341566084811300,25.122811279296876,10.429142951965332,-0.20350714027881622,-0.9888052940368652
1790341566101254000,25.13925390625,10.383652687072754,0.1388636976480484,-0.2992752194404602
1790341566117695700,25.15569580078125,9.615114212036133,-0.16759411990642548,-1.3982137441635132
1790341566134142200,25.17214208984375,10.797849655151367,0.5099649429321289,-1.235408067703247
1790341566150589200,25.188589111328124,9.536105155944824,-0.21787235140800476,-1.0606313943862915
1790341566166984000,25.20498388671875,10.139444351196289,0.7134721279144287,-1.1420341730117798
1790341566183423200,25.22142333984375,9.5408935546875,0.08379705995321274,-0.9361328482627869
1790341566199882200,25.23788232421875,9.557653427124023,0.8690952062606812,-1.699883222579956
1790341566216351000,25.25435107421875,9.330204010009766,0.17956513166427612,-1.1252747774124146
1790341566232792300,25.270792236328123,8.99740982055664,0.4596867263317108,-1.501164436340332
1790341566249288200,25.2872880859375,9.205705642700195,0.8331822156906128,-2.425326347351074
1790341566265730300,25.303730224609374,8.956708908081055,0.2968810200691223,-1.5442601442337036
1790341566282177000,25.320177001953127,9.349357604980469,0.07900865375995636,-2.274491548538208
1790341566298675700,25.33667578125,10.06043529510498,0.6033388376235962,-1.039083480834961
1790341566315116800,25.35311669921875,9.21288776397705,-0.5674257874488831,-1.9129672050476074
1790341566331586800,25.3695869140625,11.154585838317871,1.1420341730117798,-1.0295066833496094
1790341566348026400,25.3860263671875,8.803479194641113,-0.363918662071228,-1.357512354850769
1790341566364464400,25.40246435546875,9.569623947143555,0.5051765441894531,-1.802833914756775
1790341566380929500,25.418929443359374,9.921571731567383,0.5410895943641663,-1.45806884765625
1790341566397372000,25.435371826171874,9.404424667358398,0.7110779285430908,-1.8818424940109253
1790341566413835300,25.451835205078126,9.93593692779541,1.2713210582733154,-2.248155355453491
1790341566430275800,25.46827587890625,9.708487510681152,0.608127236366272,-1.170764684677124
1790341566446738000,25.484738037109373,9.423578262329102,0.790086567401886,-1.968033790588379
1790341566463205600,25.50120556640625,9.801861763000488,0.6368576288223267,-1.4772224426269531
1790341566479662000,25.517662109375,10.228029251098633,0.5339069962501526,-1.2856862545013428
1790341566496067000,25.534067138671876,9.967061996459961,0.4908113479614258,-1.5705963373184204
1790341566512503600,25.550503662109374,10.08437728881836,0.3016694188117981,-1.50355863571167
1790341566528938800,25.566938720703124,10.194510459899902,0.4572925269603729,-1.41257905960083
1790341566545431300,25.583431396484375,9.660603523254395,0.2753331959247589,-0.8595184087753296
1790341566561866500,25.599866455078125,10.575188636779785,-0.1628057211637497,-1.659181833267212
1790341566578329000,25.6163291015625,11.070788383483887,0.6248866319656372,-1.091755986213684
1790341566594768100,25.63276806640625,9.818621635437012,-0.304063618183136,-1.5131354331970215
1790341566611207200,25.649207275390626,10.486603736877441,0.6153098344802856,-1.403002142906189
1790341566627670500,25.66567041015625,9.818621635437012,-0.2082955539226532,-1.4987702369689941
1790341566644112400,25.6821123046875,10.706870079040527,0.5003881454467773,-0.49799394607543945
1790341566660576000,25.698575927734375,9.696516990661621,0.05746084079146385,-1.6328455209732056
1790341566677012000,25.715011962890625,9.588777542114258,0.6775590777397156,-0.811634361743927
1790341566693470000,25.731469970703124,8.942343711853027,-0.48602294921875,-1.4891934394836426
1790341566709933800,25.747933837890624,10.019734382629395,1.094150185585022,-1.0031704902648926
1790341566726370800,25.764370849609374,9.08838939666748,-0.4429273009300232,-1.9177556037902832
1790341566742861300,25.780861328125,10.129867553710938,0.5291185975074768,-1.072602391242981
1790341566759300400,25.79730029296875,10.295066833496094,0.5506663918495178,-1.7980455160140991
1790341566775739100,25.8137392578125,9.914389610290527,-0.05985504388809204,-1.403002142906189
1790341566792237800,25.83023779296875,10.268731117248535,0.608127236366272,-1.680729627609253
1790341566808615200,25.846615234375,9.734824180603027,0.1604115068912506,-0.9002198576927185
1790341566825085000,25.8630849609375,9.48343276977539,0.2346317619085312,-1.6759412288665771
1790341566841524500,25.8795244140625,9.806650161743164,0.5386953949928284,-1.0797849893569946
1790341566857964500,25.895964599609375,9.172186851501465,-0.1628057211637497,-1.9057846069335938
1790341566874431000,25.912430908203124,9.952696800231934,0.304063618183136,-1.5179238319396973
1790341566890875600,25.928875732421876,10.170568466186523,0.33279404044151306,-1.2617442607879639
1790341566907345200,25.94534521484375,9.701305389404297,0.2082955539226532,-1.6831238269805908
1790341566923784000,25.961783935546876,10.228029251098633,0.49559974670410156,-1.2042834758758545
1790341566940254700,25.978254638671874,9.706093788146973,0.06464344263076782,-1.7334020137786865
1790341566956721700,25.9947216796875,10.326191902160645,0.6775590777397156,-1.5298948287963867
1790341566973160700,26.01116064453125,9.615114212036133,0.10055647045373917,-1.9584569931030273
1790341566989563400,26.0275634765625,9.921571731567383,0.16519992053508759,-1.625662922859192
1790341567006006300,26.04400634765625,9.77791976928711,0.38067805767059326,-1.3718775510787964
1790341567022448600,26.06044873046875,10.254365921020508,0.1628057211637497,-1.3527239561080933
1790341567038944500,26.076944580078123,10.17296314239502,0.4596867263317108,-1.5825673341751099
1790341567055384800,26.093384765625,10.220847129821777,0.31364041566848755,-1.7094600200653076
1790341567071800000,26.109800048828124,10.022128105163574,0.40940847992897034,-0.9959878921508789
1790341567088139000,26.126138916015623,10.290278434753418,0.30885201692581177,-1.3646949529647827
1790341567104578800,26.142578857421874,10.273519515991211,0.7350199222564697,-1.4652514457702637
1790341567121091800,26.159091796875,9.14345645904541,0.05746084079146385,-1.3886369466781616
1790341567137537800,26.175537841796874,10.043676376342773,0.42377370595932007,-1.5466543436050415
1790341567153938000,26.19193798828125,10.137049674987793,1.0869675874710083,-1.7693150043487549
1790341567170378200,26.208378173828127,8.980650901794434,0.3878606855869293,-0.9433154463768005
1790341567186835200,26.224835205078126,9.509769439697266,0.16998831927776337,-1.278503656387329
1790341567203301000,26.241301025390626,10.266336441040039,0.7398083209991455,-0.7948749661445618
1790341567219739000,26.25773876953125,10.141838073730469,0.5985504388809204,-0.629675030708313
1790341567236230100,26.274230224609376,9.516951560974121,0.4668693244457245,-1.3934253454208374
1790341567252667600,26.290667724609374,9.8784761428833,0.689530074596405,-0.48602294921875
1790341567269113600,26.307113525390626,9.399636268615723,0.031124621629714966,-1.0223240852355957
1790341567285614800,26.32361474609375,10.141838073730469,0.3998316824436188,-1.5634137392044067
1790341567302059500,26.3400595703125,10.457873344421387,-0.15322890877723694,-1.0654197931289673
1790341567318528300,26.3565283203125,9.895236015319824,0.22266076505184174,-1.2330138683319092
1790341567334967800,26.3729677734375,10.26394271850586,0.5099649429321289,-0.6416460275650024
1790341567351411200,26.3894111328125,9.576807022094727,0.1364694982767105,-1.6352397203445435
1790341567367880400,26.40588037109375,9.311050415039062,-0.009576806798577309,-0.993593692779541
1790341567384329500,26.42232958984375,9.751583099365234,0.5602431893348694,-0.5482721924781799
1790341567400802300,26.43880224609375,9.490615844726562,0.42856210470199585,-1.7741034030914307
1790341567417246200,26.45524609375,9.59835433959961,0.14604631066322327,-1.0007762908935547
1790341567433706200,26.471706298828124,10.261548042297363,0.6344634294509888,-1.1180921792984009
1790341567450177500,26.488177490234374,10.065223693847656,-0.11252748221158981,-1.2665326595306396
1790341567466622000,26.5046220703125,11.077971458435059,1.072602391242981,-1.6041151285171509
1790341567483007700,26.5210078125,10.11789608001709,0.13168109953403473,-0.7661445140838623
1790341567499451000,26.537450927734376,9.739612579345703,0.5913678407669067,-0.9457096457481384
1790341567515894300,26.553894287109376,9.430760383605957,1.216254472732544,-1.9847931861877441
1790341567532395500,26.5703955078125,8.616731643676758,0.30885201692581177,-1.3838485479354858
1790341567548838700,26.586838623046877,9.44752025604248,0.7374141216278076,-1.4197616577148438
1790341567565311000,26.60331103515625,9.911994934082031,0.5195417404174805,-1.6519991159439087
1790341567581755400,26.61975537109375,9.907206535339355,0.2561795711517334,-0.8619126081466675
1790341567598198500,26.636198486328126,9.708487510681152,0.031124621629714966,-1.6615760326385498
1790341567614667000,26.6526669921875,10.20648193359375,0.3495534360408783,-1.3958195447921753
1790341567631112400,26.669112548828124,9.490615844726562,0.0071826050989329815,-1.381454348564148
1790341567647582200,26.685582275390626,9.593565940856934,0.5099649429321289,-1.4221558570861816
1790341567664061400,26.7020615234375,9.38048267364502,0.22744916379451752,-0.6775590777397156
1790341567680521700,26.718521728515626,9.387664794921875,0.35434186458587646,-1.3718775510787964
1790341567696991500,26.734991455078124,9.761159896850586,0.31364041566848755,-0.9864110946655273
1790341567713434600,26.7514345703125,9.167398452758789,0.7326257228851318,-0.9648633003234863
1790341567729930200,26.76793017578125,8.707711219787598,0.29209262132644653,-2.2816741466522217
1790341567746373000,26.784373046875,9.605537414550781,1.015141487121582,-1.3455413579940796
1790341567762816300,26.800816162109374,9.217676162719727,-0.28730419278144836,-1.37906014919281
1790341567779313200,26.817313232421874,11.176133155822754,1.0414776802062988,-2.3319525718688965
1790341567795758000,26.833758056640626,10.17296314239502,-0.2059013396501541,-0.05985504388809204
1790341567812229600,26.850229736328124,10.103530883789062,0.6368576288223267,-2.1763293743133545
1790341567828671500,26.86667138671875,9.895236015319824,0.8667010068893433,-0.23702596127986908
1790341567845116400,26.883116455078124,8.645462036132812,-0.5961562395095825,-2.4396915435791016
1790341567861590300,26.89959033203125,11.614272117614746,1.2856862545013428,-0.950498104095459
1790341567878038500,26.91603857421875,9.39245319366455,-0.31603461503982544,-1.5059528350830078
1790341567894514400,26.932514404296874,10.800244331359863,0.8930372595787048,-0.2585737705230713
1790341567910959600,26.948959716796875,9.813833236694336,0.0933738648891449,-1.9249382019042969
1790341567927420200,26.965420166015626,10.517727851867676,0.43335050344467163,-1.01753568649292
1790341567943892000,26.98189208984375,10.3549222946167,0.5722141861915588,-1.173158884048462
1790341567960335000,26.998335205078124,8.633491516113281,-0.1388636976480484,-1.414973258972168
1790341567976743000,27.014742919921876,9.78989028930664,0.1149216815829277,-1.8746598958969116
1790341567993185800,27.031185791015623,9.770736694335938,0.05985504388809204,-1.139639973640442
1790341568009628700,27.047628662109375,10.15141487121582,-0.4668693244457245,-1.9919757843017578
1790341568026131200,27.064131103515624,10.072406768798828,0.05506663769483566,-1.5131354331970215
1790341568042577200,27.0805771484375,9.617507934570312,0.2992752194404602,-1.3838485479354858
1790341568059019300,27.097019287109376,9.181763648986816,0.10055647045373917,-1.802833914756775
1790341568075466800,27.113466796875,9.847352027893066,-0.5051765441894531,-2.3726539611816406
1790341568091918000,27.12991796875,11.520898818969727,-0.10055647045373917,-2.832340717315674
1790341568108431000,27.14643115234375,11.90157699584961,-0.6919242739677429,-1.3670891523361206
1790341568124883200,27.16288330078125,11.085153579711914,-0.040701430290937424,-0.44771572947502136
1790341568141355800,27.179355712890626,9.962273597717285,0.1843535304069519,-1.656787633895874
1790341568157802800,27.195802734375,9.904812812805176,0.8475474119186401,-1.4867992401123047
1790341568174209800,27.212209716796874,9.512163162231445,0.7326257228851318,-1.7621324062347412
1790341568190683400,27.228683349609376,9.057265281677246,-0.0694318488240242,-1.8962076902389526
1790341568207129300,27.24512939453125,10.527304649353027,1.0438719987869263,-0.40701428055763245
1790341568223626800,27.261626708984377,9.385271072387695,0.026336219161748886,-1.659181833267212
1790341568240070700,27.278070556640625,9.907206535339355,0.10773907601833344,-1.7381904125213623
1790341568256514300,27.294514404296876,10.29746150970459,-0.3280056416988373,-1.766920804977417
1790341568273017600,27.311017578125,10.733205795288086,0.2106897532939911,-1.3096283674240112
1790341568289466400,27.32746630859375,9.854534149169922,-0.31603461503982544,-0.8978256583213806
1790341568305940500,27.3439404296875,9.660603523254395,0.24420857429504395,-1.7477672100067139
1790341568322384600,27.360384521484374,9.5624418258667,-0.05746084079146385,-1.4700398445129395
1790341568338828500,27.37682861328125,9.014169692993164,-0.7972691655158997,-1.1085153818130493
1790341568355300000,27.393300048828124,9.730035781860352,0.08379705995321274,-1.8387469053268433
1790341568371749000,27.4097490234375,9.96945571899414,0.0454898327589035,-1.3503297567367554
1790341568388220200,27.42622021484375,10.699687004089355,0.1843535304069519,-1.6160861253738403
1790341568404662800,27.442662841796874,9.41400146484375,0.1149216815829277,-0.8571242094039917
1790341568421023500,27.4590234375,9.545681953430176,0.038307227194309235,-0.9768342971801758
1790341568437494300,27.475494384765625,9.555258750915527,-0.20350714027881622,-2.233790159225464
1790341568453934300,27.491934326171876,11.044452667236328,0.07422025501728058,-1.8124107122421265
1790341568470341400,27.50834130859375,10.005369186401367,-0.5530605912208557,-1.6160861253738403
1790341568486778600,27.524778564453126,11.57357120513916,0.3447650372982025,-2.1739351749420166
1790341568503216600,27.541216552734376,10.314221382141113,0.4572925269603729,-1.5825673341751099
1790341568519688200,27.557688232421874,11.176133155822754,0.5841852426528931,-1.965639591217041
1790341568536131300,27.57413134765625,10.019734382629395,0.05027823522686958,-1.2042834758758545
1790341568552602000,27.59060205078125,10.51054573059082,-0.090979665517807,-1.3670891523361206
1790341568569045500,27.60704541015625,10.400412559509277,0.09576806426048279,-0.5195417404174805
1790341568585490000,27.623489990234376,9.674968719482422,0.272938996553421,-1.5849615335464478
1790341568601962800,27.639962646484374,8.403648376464844,-0.5315127968788147,-1.889025092124939
1790341568618411300,27.656411376953123,9.792284965515137,1.0965443849563599,-1.381454348564148
1790341568634881300,27.67288134765625,9.308655738830566,-0.28969839215278625,-1.2761094570159912
1790341568651320300,27.6893203125,9.995792388916016,-0.28730419278144836,-1.5682021379470825
1790341568667778000,27.705778076171875,10.493785858154297,-0.05746084079146385,-1.455674648284912
1790341568684247600,27.72224755859375,10.376470565795898,-0.5267243981361389,-0.5817909836769104
1790341568700691500,27.73869140625,11.051634788513184,0.2298433631658554,-0.9696516990661621
1790341568717186600,27.7551865234375,9.859322547912598,-0.16998831927776337,-0.7757213711738586
1790341568733627400,27.77162744140625,9.17697525024414,0.05027823522686958,-2.628833532333374
1790341568750070800,27.78807080078125,10.678139686584473,0.17956513166427612,-0.6560112833976746
1790341568766571800,27.80457177734375,9.84256362915039,-0.8547300100326538,-1.7262194156646729
1790341568783015200,27.82101513671875,12.143390655517578,0.7206547260284424,-0.5913678407669067
1790341568799487000,27.837487060546874,9.627084732055664,-0.950498104095459,-0.4572925269603729
1790341568815930000,27.85393017578125,10.038887977600098,0.1149216815829277,-3.2848446369171143
1790341568832375000,27.870375,11.05402946472168,1.0893617868423462,-0.5171475410461426
1790341568848843300,27.88684326171875,9.105149269104004,-1.3886369466781616,-1.5849615335464478
1790341568865289000,27.9032890625,10.682928085327148,1.0342950820922852,-2.518700122833252
1790341568881758500,27.919758544921876,8.667010307312012,-1.4987702369689941,-1.5155296325683594
1790341568898201300,27.936201416015624,10.091560363769531,1.2018892765045166,-2.183511972427368
1790341568914664000,27.952663818359376,10.144232749938965,-0.19153612852096558,-1.6711528301239014
1790341568931138600,27.969138671875,10.326191902160645,-0.8762778043746948,-0.8236053586006165
1790341568947582000,27.98558203125,10.788272857666016,1.1420341730117798,0.19393034279346466
1790341568963966200,28.00196630859375,8.537723541259766,-0.1604115068912506,-2.5234885215759277
1790341568980405000,28.018405029296876,9.157821655273438,-0.3687070608139038,-2.1715409755706787
1790341568996844800,28.0348447265625,11.243170738220215,0.5410895943641663,-1.3479355573654175
1790341569013341200,28.051341064453126,8.841787338256836,-0.17238251864910126,-0.7613561153411865
1790341569029782500,28.067782470703126,9.260771751403809,0.10055647045373917,-2.051830768585205
1790341569046251300,28.084251220703123,10.019734382629395,2.0183119773864746,-0.40701428055763245
1790341569062646800,28.100646728515624,8.7268648147583,-0.9600749015808105,-2.454056739807129
1790341569079090700,28.117090576171876,11.382035255432129,1.6831238269805908,-2.2361843585968018
1790341569095560000,28.133559814453125,8.53293514251709,-0.9217676520347595,-1.1300631761550903
1790341569112058000,28.15005810546875,10.153809547424316,0.7876923680305481,-3.179499864578247
1790341569128527400,28.16652734375,10.623072624206543,0.4596867263317108,-1.1516109704971313
1790341569144970000,28.182969970703127,9.493009567260742,-0.6991068720817566,-2.2840683460235596
1790341569161432000,28.19943212890625,11.17852783203125,0.9983820915222168,-1.2856862545013428
1790341569177901600,28.215901611328125,8.69334602355957,-0.9097966551780701,-0.40222588181495667
1790341569194340900,28.2323408203125,9.773131370544434,-0.5051765441894531,-3.0550012588500977
1790341569210821000,28.248821044921876,11.18092155456543,0.2944868206977844,-0.5817909836769104
1790341569227260000,28.265260009765626,9.026140213012695,0.5291185975074768,-1.5442601442337036
1790341569243700500,28.281700439453125,8.856152534484863,0.10773907601833344,-1.0271124839782715
1790341569260196400,28.2981962890625,9.86889934539795,1.6855180263519287,-0.7398083209991455
1790341569276635400,28.314635498046876,7.108384609222412,-0.8690952062606812,-2.889801502227783
1790341569293076200,28.331076171875,11.537657737731934,1.944091796875,-2.7126305103302
1790341569309517800,28.347517822265626,10.620678901672363,-1.2976573705673218,0.38546648621559143
1790341569325960700,28.363960693359374,10.881647109985352,-0.15562310814857483,-2.7461493015289307
1790341569342434000,28.38043408203125,10.467450141906738,-0.3902548849582672,-0.5602431893348694
1790341569358881300,28.39688134765625,9.682151794433594,-1.1085153818130493,-1.1204863786697388
1790341569375351300,28.413351318359375,10.656591415405273,0.8331822156906128,-2.3104045391082764
1790341569391794000,28.4297939453125,7.934384346008301,-0.8068459630012512,-0.7086837291717529
1790341569408256500,28.446256591796875,9.75397777557373,-0.20111294090747833,-3.2082302570343018
1790341569424728000,28.46272802734375,10.685321807861328,0.028730420395731926,-2.499546527862549
1790341569441172700,28.4791728515625,9.648633003234863,-1.5322890281677246,-1.6112977266311646
1790341569457572900,28.49557275390625,12.018892288208008,1.3215993642807007,-2.0446481704711914
1790341569474015200,28.51201513671875,10.036493301391602,-1.0558429956436157,-1.845929503440857
1790341569490458000,28.5284580078125,10.508151054382324,-0.011971008032560349,-0.047884032130241394
1790341569506958300,28.544958251953126,8.688557624816895,-0.6512228846549988,-1.2090718746185303
1790341569523400000,28.56139990234375,8.987833023071289,-0.15562310814857483,0.05267243832349777
1790341569539870500,28.577870361328124,9.428366661071777,-0.12689268589019775,-2.006340980529785
1790341569556311300,28.594311279296875,9.672574996948242,0.4884171485900879,-0.6057330369949341
1790341569572754200,28.610754150390626,8.078036308288574,-1.6950948238372803,-2.0829553604125977
1790341569589224700,28.627224609375,11.848904609680176,1.764526605606079,-0.5386953949928284
1790341569605673500,28.643673583984373,8.20492935180664,-0.4692635238170624,-0.7996633648872375
1790341569622145800,28.660145751953124,9.282320022583008,0.9050082564353943,-2.0685901641845703
1790341569638590500,28.676590576171876,9.100360870361328,0.28730419278144836,-1.45806884765625
1790341569655050000,28.693050048828123,9.548076629638672,0.07900865375995636,-2.7557260990142822
1790341569671520000,28.70952001953125,11.386823654174805,-0.7733271718025208,-0.22026655077934265
1790341569688006700,28.726006591796875,11.099518775939941,-1.2282254695892334,-1.699883222579956
1790341569704493600,28.74249365234375,12.162544250488281,0.38307225704193115,-0.9600749015808105
1790341569720941300,28.75894140625,8.274360656738281,-1.0414776802062988,-1.0773907899856567
1790341569737389600,28.7753896484375,10.091560363769531,0.5554547905921936,-0.5123591423034668
1790341569753895700,28.791895751953124,9.53849983215332,-0.2082955539226532,-2.513911724090576
1790341569770344700,28.8083447265625,10.584765434265137,0.8978256583213806,-0.8906430602073669
1790341569786820400,28.8248203125,7.716512203216553,-1.091755986213684,-1.482010841369629
1790341569803266000,28.84126611328125,10.3549222946167,1.0630255937576294,-1.764526605606079
1790341569819709400,28.85770947265625,9.344569206237793,-0.2322375625371933,-1.9249382019042969
1790341569836181800,28.874181640625,10.105925559997559,-0.13168109953403473,-1.5658079385757446
1790341569852608500,28.8906083984375,10.824186325073242,-0.9457096457481384,-0.7733271718025208
1790341569869044200,28.907044189453124,11.082759857177734,1.01753568649292,-1.9129672050476074
1790341569885484800,28.92348486328125,9.720458984375,-0.6344634294509888,-0.7661445140838623
1790341569901946400,28.9399462890625,9.21288776397705,-0.09816227108240128,-1.091755986213684
1790341569918410800,28.95641064453125,9.655815124511719,1.2952631711959839,-1.6160861253738403
1790341569934849300,28.972849365234374,8.35097599029541,0.31842881441116333,-1.1013327836990356
1790341569951254300,28.989254150390625,8.705317497253418,-0.12449848651885986,-1.3407529592514038
1790341569967697000,29.00569677734375,10.450690269470215,-0.31603461503982544,-1.4915876388549805
1790341569984139000,29.022138916015624,10.884040832519531,-0.021547814831137657,-0.35913026332855225
1790341570000638000,29.038637939453125,8.226476669311523,-0.6560112833976746,-1.4915876388549805
1790341570017081900,29.055081787109376,9.670180320739746,-0.40701428055763245,-0.5051765441894531
1790341570033553000,29.071552978515626,10.24000072479248,-0.33997663855552673,-1.886630892753601
1790341570049996500,29.08799658203125,9.792284965515137,0.6799532771110535,-2.054224967956543
1790341570066486500,29.104486572265625,9.258378028869629,-0.47644615173339844,-0.6200982332229614
1790341570082959600,29.120959716796875,8.683769226074219,-0.5027823448181152,-1.6424223184585571
1790341570099387000,29.137386962890623,10.922348022460938,1.1492167711257935,-1.3958195447921753
1790341570115819300,29.1538193359375,8.762778282165527,-2.1954829692840576,-1.5897499322891235
1790341570132262700,29.1702626953125,11.417947769165039,0.6368576288223267,-1.6280571222305298
1790341570148722700,29.18672265625,9.248801231384277,-0.38067805767059326,0.3734954595565796
1790341570165192700,29.203192626953125,9.397241592407227,0.5434837937355042,-2.5977089405059814
1790341570181633800,29.2196337890625,8.923190116882324,0.035913024097681046,-1.8770540952682495
1790341570198006800,29.2360068359375,9.102754592895508,-1.0462661981582642,-1.4676456451416016
1790341570214449200,29.25244921875,12.564770698547363,0.8403648138046265,-1.213860273361206
1790341570230890200,29.26889013671875,10.213664054870605,-1.2234370708465576,-0.9672574996948242
1790341570247388200,29.28538818359375,10.60152530670166,-0.2849099934101105,-0.30885201692581177
1790341570263830500,29.30183056640625,10.63504409790039,1.4317326545715332,-0.7709329724311829
1790341570280300300,29.31830029296875,7.960720539093018,-1.4939818382263184,-1.2497732639312744
1790341570296741000,29.3347412109375,11.331756591796875,1.7046716213226318,-1.2114660739898682
1790341570313180000,29.351179931640626,9.3828763961792,-0.090979665517807,-1.1779472827911377
1790341570329644300,29.367644287109375,8.973467826843262,0.33758243918418884,-2.6024973392486572
1790341570346090500,29.384090576171875,10.199298858642578,0.016759412363171577,-0.40940847992897034
1790341570362557000,29.400556884765624,8.992621421813965,-0.9409212470054626,-0.24899697303771973
1790341570378999000,29.4169990234375,9.440337181091309,-0.4812345504760742,-1.6280571222305298
1790341570395456300,29.433456298828126,10.572794914245605,0.4596867263317108,-0.8858546018600464
1790341570411924200,29.44992431640625,8.868123054504395,-0.7493851184844971,-0.24420857429504395
1790341570428366300,29.466366455078123,9.967061996459961,0.33997663855552673,-2.784456491470337
1790341570444761000,29.482760986328124,10.125079154968262,0.016759412363171577,-1.6903064250946045
1790341570461205200,29.499205322265624,9.44991397857666,-1.3096283674240112,-2.1475989818573
1790341570477650000,29.51564990234375,12.052411079406738,0.19871874153614044,-1.4939818382263184
1790341570494151000,29.53215087890625,10.826580047607422,-1.0295066833496094,0.9840168952941895
1790341570510599000,29.548598876953125,8.987833023071289,-0.023942016065120697,-2.4133553504943848
1790341570527074800,29.56507470703125,9.548076629638672,-0.23702596127986908,-1.4915876388549805
1790341570543463000,29.581462890625,9.567230224609375,-0.2082955539226532,-0.8140285611152649
1790341570559912400,29.597912353515625,10.647014617919922,1.1204863786697388,-2.4157495498657227
1790341570576389600,29.6143896484375,9.639056205749512,0.3902548849582672,-0.9457096457481384
1790341570592837400,29.63083740234375,9.232041358947754,-0.33758243918418884,-0.5937620401382446
1790341570609308400,29.647308349609375,9.976638793945312,0.2753331959247589,-0.3256114423274994
1790341570625750300,29.663750244140626,11.176133155822754,-1.1492167711257935,-3.2752678394317627
1790341570642211000,29.680211181640626,11.008539199829102,0.15083470940589905,1.9752163887023926
1790341570658683100,29.69668310546875,9.979032516479492,0.6919242739677429,-2.698265314102173
1790341570675125800,29.713125732421876,9.29189682006836,0.4572925269603729,-2.5258827209472656
1790341570691609900,29.72960986328125,9.255983352661133,-1.6855180263519287,2.0422539710998535
1790341570708052700,29.746052734375,12.289437294006348,1.7142484188079834,-2.6384103298187256
1790341570724493300,29.762493408203124,9.124302864074707,-2.0685901641845703,-2.322375535964966
1790341570740992500,29.778992431640624,10.04846477508545,2.0374655723571777,0.4908113479614258
1790341570757437200,29.795437255859376,9.885659217834473,-0.021547814831137657,1.577778935432434
1790341570773912300,29.811912353515623,10.251971244812012,-1.2713210582733154,-3.7493197917938232
1790341570790357500,29.828357421875,11.168951034545898,3.141192674636841,-0.27054479718208313
1790341570806802700,29.844802734375,7.070077419281006,-0.5961562395095825,-1.403002142906189
1790341570823277600,29.861277587890626,10.740388870239258,0.1388636976480484,-1.8746598958969116
1790341570839725800,29.877725830078123,10.06043529510498,1.2665326595306396,-1.501164436340332
1790341570856199000,29.894198974609374,10.02452278137207,0.4357447028160095,0.07661445438861847
1790341570872642800,29.910642822265626,8.44434928894043,-0.5003881454467773,-2.434903144836426
1790341570889009700,29.927009765625,9.44752025604248,0.12210428714752197,-0.4429273009300232
1790341570905483000,29.94348291015625,9.425971984863281,1.091755986213684,-0.6105214357376099
1790341570921926000,29.95992578125,8.465897560119629,0.14604631066322327,-1.8794482946395874
1790341570938326300,29.976326171875,9.220070838928223,0.45250412821769714,-1.070208191871643
1790341570954770700,29.992770751953124,8.681375503540039,0.22266076505184174,-0.9983820915222168
1790341570971212800,30.009212890625,8.978256225585938,0.44771572947502136,-0.4405331015586853
1790341570987715800,30.0257158203125,13.297396659851074,-0.5793967843055725,-3.5386300086975098
1790341571004162000,30.042162109375,13.960590362548828,1.7932571172714233,-0.016759412363171577
1790341571020637400,30.058637451171876,9.167398452758789,-0.0071826050989329815,-1.3934253454208374
1790341571037084700,30.075084716796876,9.57441234588623,0.9672574996948242,-1.601720929145813
1790341571053511700,30.09151171875,5.849034786224365,-2.626439332962036,-1.3192051649093628
1790341571069832000,30.10783203125,11.78665542602539,2.145204782485962,-2.9664158821105957
1790341571086281700,30.12428173828125,11.18092155456543,-0.6799532771110535,0.7015010714530945
1790341571102735000,30.140735107421875,7.548917770385742,0.033518824726343155,-1.1180921792984009
1790341571119184000,30.157183837890624,4.812345504760742,-3.2393548488616943,-1.256955862045288
1790341571135648300,30.173648193359377,13.287819862365723,2.4205379486083984,-1.0606313943862915
1790341571152120800,30.190120849609375,8.315062522888184,-1.9752163887023926,1.4532804489135742
1790341571168565000,30.20656494140625,9.600749015808105,1.9823989868164062,-2.782062292098999
1790341571185054200,30.22305419921875,6.368576526641846,-2.0853497982025146,-0.6560112833976746
1790341571201460000,30.2394599609375,12.49055004119873,3.2082302570343018,-0.30885201692581177
1790341571217867500,30.255867431640624,6.1315507888793945,-3.5386300086975098,-1.6711528301239014
1790341571234369000,30.272369140625,12.916718482971191,1.2521674633026123,-0.22266076505184174
1790341571250811600,30.288811767578125,7.7883381843566895,-2.2625205516815186,-1.5610195398330688
1790341571267285800,30.30528564453125,9.105149269104004,0.4812345504760742,-1.1276689767837524
1790341571283732500,30.321732421875,9.339780807495117,-0.4620809257030487,-0.8571242094039917
1790341571300177200,30.33817724609375,8.746018409729004,-0.7876923680305481,-0.8475474119186401
1790341571316651000,30.354651123046875,10.527304649353027,0.44771572947502136,-1.0103530883789062
1790341571333100800,30.371100830078124,9.818621635437012,-0.10773907601833344,-1.659181833267212
1790341571349574100,30.38757421875,9.469067573547363,-0.047884032130241394,-1.7334020137786865
1790341571366020600,30.4040205078125,10.584765434265137,0.8690952062606812,-0.9864110946655273
1790341571382489000,30.420489013671876,10.54645824432373,0.33997663855552673,-0.9050082564353943
1790341571398968300,30.43696826171875,9.979032516479492,0.6703764796257019,-1.3838485479354858
1790341571415411700,30.45341162109375,10.376470565795898,0.5889736413955688,-1.2545616626739502
1790341571431789300,30.469789306640624,8.485051155090332,-0.5674257874488831,-0.950498104095459
1790341571448231200,30.486231201171876,10.532093048095703,0.5602431893348694,-2.4372973442077637
1790341571464676000,30.502676025390624,10.644620895385742,0.7134721279144287,0.1388636976480484
1790341571481175800,30.51917578125,8.425195693969727,-1.800439715385437,-1.8531121015548706
1790341571497617000,30.535616943359376,11.805809020996094,1.5634137392044067,-0.6392518281936646
1790341571514090200,30.55209033203125,8.099584579467773,-1.625662922859192,-2.0638017654418945
1790341571530533000,30.568533203125,11.015722274780273,1.3072341680526733,-0.8690952062606812
1790341571546990600,30.584990478515625,9.394847869873047,-0.7206547260284424,-1.4532804489135742
1790341571563461000,30.601461181640627,9.229647636413574,-0.2968810200691223,-2.319981336593628
1790341571579905300,30.6179052734375,11.690886497497559,1.158793568611145,-0.0694318488240242
1790341571596372000,30.6343720703125,7.328651428222656,-1.4221558570861816,-1.414973258972168
1790341571612813300,30.650813232421875,9.512163162231445,0.3734954595565796,-3.19865345954895
1790341571629274000,30.667274169921875,11.24795913696289,-0.40940847992897034,-0.08619125932455063
1790341571645742800,30.683742919921876,11.168951034545898,-0.5770025849342346,-0.6967126727104187
1790341571662184400,30.700184326171875,9.627084732055664,-0.4836287498474121,-2.5905263423919678
1790341571678672600,30.716672607421874,10.17296314239502,-0.33997663855552673,-0.272938996553421
1790341571695110100,30.733110107421876,9.734824180603027,-0.9768342971801758,-0.033518824726343155
1790341571711547400,30.74954736328125,9.337387084960938,0.5841852426528931,-2.3032219409942627
1790341571728044000,30.7660439453125,9.14345645904541,-0.22505496442317963,-1.338358759880066
1790341571744482800,30.78248291015625,9.904812812805176,-0.45010992884635925,-1.3551181554794312
1790341571760930800,30.798930908203126,11.195286750793457,0.706289529800415,0.35913026332855225
1790341571777370000,30.8153701171875,9.07641887664795,-0.05506663769483566,-2.293645143508911
1790341571793813800,30.831813720703124,9.971850395202637,-0.23942017555236816,-0.9983820915222168
1790341571810285000,30.84828515625,10.433931350708008,0.16998831927776337,-0.1843535304069519
1790341571826735000,30.864735107421875,9.971850395202637,-0.6727706789970398,-1.8746598958969116
1790341571843209200,30.881209228515626,9.691728591918945,-0.5913678407669067,-0.1843535304069519
1790341571859654700,30.897654541015626,9.813833236694336,-0.3064578175544739,-0.7709329724311829
1790341571876131300,30.91413134765625,8.913613319396973,0.3256114423274994,-1.2210428714752197
1790341571892521000,30.93052099609375,7.5968017578125,-0.0071826050989329815,-1.8124107122421265
1790341571908966700,30.946966552734374,8.439560890197754,-0.6823474764823914,-1.0462661981582642
1790341571925376300,30.963376220703125,10.237606048583984,0.6607996821403503,-1.6065093278884888
1790341571941819000,30.97981884765625,8.71489429473877,-1.6687586307525635,-2.6575639247894287
1790341571958263000,30.996262939453125,11.741165161132812,1.0558429956436157,-0.3663128614425659
1790341571974760400,31.012760498046877,8.89685344696045,-1.4915876388549805,-1.2473790645599365
1790341571991204400,31.029204345703125,10.860098838806152,1.6543933153152466,-2.449268341064453
1790341572007669200,31.045669189453125,9.320627212524414,-1.4317326545715332,-1.0342950820922852
1790341572024111600,31.062111572265625,11.815385818481445,0.6560112833976746,-1.0127472877502441
1790341572040557600,31.0785576171875,10.939107894897461,0.9768342971801758,-0.6177040338516235
1790341572056999200,31.094999267578125,8.418013572692871,-0.5386953949928284,-0.3758896589279175
1790341572073411600,31.11141162109375,10.357316970825195,2.1499931812286377,-0.646434485912323
1790341572089880300,31.12788037109375,7.328651428222656,-0.5171475410461426,-0.5626373887062073
1790341572106324700,31.14432470703125,9.330204010009766,0.5554547905921936,-2.22660756111145
1790341572123689500,31.161689453125,10.141838073730469,1.357512354850769,-0.6727706789970398
1790341572140156000,31.178156005859375,9.255983352661133,0.9074024558067322,0.20111294090747833
1790341572156597200,31.19459716796875,8.111555099487305,-0.5219359993934631,-3.488351821899414
1790341572173001700,31.211001708984377,12.157755851745605,2.0159177780151367,-0.49559974670410156
1790341572189444400,31.2274443359375,8.439560890197754,-1.501164436340332,-1.036689281463623
1790341572205887500,31.243887451171876,11.384428977966309,1.7717092037200928,-2.209848165512085
1790341572222383600,31.260383544921876,9.119514465332031,-0.22266076505184174,-0.7876923680305481
1790341572238822000,31.27682177734375,9.526528358459473,0.15562310814857483,-1.9297266006469727
1790341572255286800,31.293286865234375,9.885659217834473,0.033518824726343155,-0.811634361743927
1790341572271723800,31.309723876953125,10.450690269470215,0.6751648783683777,0.16998831927776337
1790341572288163300,31.326163330078124,8.887276649475098,-0.14604631066322327,-0.3519476354122162
1790341572304633000,31.342633056640626,10.309432983398438,1.1803414821624756,-0.9744400978088379
1790341572321078500,31.35907861328125,8.678980827331543,-0.6272808313369751,-1.8986018896102905
1790341572337547300,31.37554736328125,11.403582572937012,1.0797849893569946,-0.9959878921508789
1790341572353989000,31.391989013671875,9.768342971801758,-0.6057330369949341,-0.7613561153411865
1790341572370446600,31.408446533203126,10.433931350708008,0.18914192914962769,-0.44771572947502136
1790341572386914000,31.4249140625,9.258378028869629,-0.06703764945268631,-0.9313444495201111
1790341572403355100,31.441355224609374,8.643068313598633,-0.22266076505184174,-1.0127472877502441
1790341572419742700,31.45774267578125,9.888052940368652,0.011971008032560349,-1.1468225717544556
1790341572436182000,31.47418212890625,10.316615104675293,0.019153613597154617,-2.389413356781006
1790341572452621800,31.490621826171875,10.970232009887695,-0.35673606395721436,-2.051830768585205
1790341572469120000,31.5071201171875,11.403582572937012,-0.35434186458587646,0.16998831927776337
1790341572485561300,31.523561279296874,11.094730377197266,-0.11252748221158981,-1.2856862545013428
1790341572502035500,31.540035400390625,9.674968719482422,0.8906430602073669,-0.6536170840263367
1790341572518475800,31.556475830078124,8.032546997070312,0.05506663769483566,-0.9768342971801758
1790341572534919000,31.5729189453125,9.14345645904541,1.1635819673538208,-0.37828385829925537
1790341572551389200,31.58938916015625,8.365341186523438,-0.19153612852096558,-1.3910311460494995
1790341572567838200,31.605838134765627,9.244012832641602,0.3711012601852417,-1.0079588890075684
1790341572584310000,31.62231005859375,10.180145263671875,0.22505496442317963,-0.11013327538967133
1790341572600752600,31.638752685546876,9.160215377807617,-0.10055647045373917,-2.0422539710998535
1790341572617210000,31.655210205078124,10.60152530670166,0.727837324142456,-0.18914192914962769
1790341572633673500,31.671673583984376,9.066842079162598,0.17717093229293823,-1.3527239561080933
1790341572650112000,31.688112060546874,9.943120002746582,0.5003881454467773,-2.6360161304473877
1790341572666601700,31.704601806640625,10.180145263671875,0.181959331035614,0.033518824726343155
1790341572683042600,31.72104248046875,9.409213066101074,-0.8331822156906128,-1.9297266006469727
1790341572699483600,31.737483642578123,10.000580787658691,0.05985504388809204,-1.192312479019165
1790341572715981000,31.75398095703125,10.90798282623291,0.44532153010368347,-1.482010841369629
1790341572732416800,31.770416748046873,9.763554573059082,0.33758243918418884,-1.316810965538025
1790341572748882700,31.786882568359374,10.086771965026855,1.2689268589019775,-1.3623007535934448
1790341572765320200,31.8033203125,9.318233489990234,0.1149216815829277,-2.6791117191314697
1790341572781758000,31.819758056640627,10.685321807861328,0.7876923680305481,-1.3958195447921753
1790341572798227000,31.83622705078125,10.673351287841797,0.6392518281936646,-1.3742717504501343
1790341572814669600,31.852669677734376,9.612719535827637,-0.090979665517807,-1.5921441316604614
1790341572831138000,31.869137939453125,9.569623947143555,0.7469909191131592,-0.7110779285430908
1790341572847578400,31.885578369140624,9.895236015319824,0.646434485912323,-0.8619126081466675
1790341572864034300,31.902034423828123,8.403648376464844,-0.7182605266571045,-2.0853497982025146
1790341572880503300,31.91850341796875,9.643844604492188,0.4836287498474121,-0.8092401623725891
1790341572896943000,31.934943115234375,10.36449909210205,0.040701430290937424,-0.849941611289978
1790341572913337000,31.951337158203124,9.519346237182617,-0.6991068720817566,-1.987187385559082
1790341572929775600,31.967775634765626,10.156203269958496,0.13407529890537262,-1.161187767982483
1790341572946217500,31.984217529296874,8.791508674621582,-1.2018892765045166,-0.8331822156906128
1790341572962712600,32.000712646484374,9.90241813659668,-0.7924807667732239,-2.9305028915405273
1790341572979148300,32.017148193359375,10.424354553222656,-0.6655880808830261,-0.9888052940368652
1790341572995617500,32.03361743164062,9.78989028930664,-1.5682021379470825,-1.0055646896362305
1790341573012061700,32.05006176757813,10.168174743652344,0.181959331035614,-2.051830768585205
1790341573028504300,32.06650439453125,9.749189376831055,-0.5171475410461426,-0.7733271718025208
1790341573044968700,32.08296875,9.619902610778809,-0.2849099934101105,-1.6950948238372803
1790341573061309400,32.09930932617188,10.47942066192627,0.2944868206977844,-0.751779317855835
1790341573077670700,32.11567065429688,8.643068313598633,0.7374141216278076,-1.2521674633026123
1790341573094106600,32.132106689453124,7.960720539093018,-0.7493851184844971,-0.9050082564353943
1790341573110562300,32.148562255859375,10.429142951965332,1.194706678390503,-0.8355764150619507
1790341573127023900,32.16502392578125,9.081207275390625,0.3256114423274994,-2.33913516998291
1790341573143466000,32.181466064453126,10.029311180114746,0.363918662071228,-1.53707754611969
1790341573159950600,32.19795068359375,11.080365180969238,0.40701428055763245,-1.4508862495422363
1790341573176393200,32.214393310546875,10.623072624206543,-0.3447650372982025,-1.8794482946395874
1790341573192836600,32.23083666992188,11.561599731445312,-0.3447650372982025,-0.828393816947937
1790341573209335000,32.2473349609375,10.065223693847656,0.31124621629714966,-0.7924807667732239
1790341573225774600,32.263774658203126,8.283937454223633,-0.5339069962501526,-1.6759412288665771
1790341573242181400,32.28018139648437,9.667786598205566,-0.06224924325942993,-2.425326347351074
1790341573258620400,32.296620361328124,10.539276123046875,-0.6607996821403503,-0.31842881441116333
1790341573275059200,32.31305908203125,10.122684478759766,-0.33518823981285095,-2.477998733520508
1790341573291531000,32.32953100585937,9.047688484191895,-0.42856210470199585,-2.209848165512085
1790341573307976200,32.34597607421875,10.855310440063477,-0.028730420395731926,-2.4636335372924805
1790341573324452400,32.36245239257813,10.433931350708008,-0.23942017555236816,-0.9289502501487732
1790341573340891400,32.37889135742188,9.99339771270752,-0.8212111592292786,-1.4700398445129395
1790341573357256700,32.39525659179687,10.891223907470703,0.29209262132644653,-1.1276689767837524
1790341573373722600,32.41172265625,9.782708168029785,-0.17717093229293823,-1.2880805730819702
1790341573390160600,32.42816064453125,9.823410034179688,-0.21308395266532898,-0.3758896589279175
1790341573406567400,32.4445673828125,9.80904483795166,-0.043095629662275314,-2.1763293743133545
1790341573423004400,32.46100439453125,9.643844604492188,0.16998831927776337,0.26575639843940735
1790341573439441700,32.477441650390624,9.947908401489258,0.304063618183136,-1.2952631711959839
1790341573455944200,32.49394409179688,9.943120002746582,0.7829039692878723,-0.9624691009521484
1790341573472381700,32.51038159179687,8.406042098999023,-0.8140285611152649,-0.38307225704193115
1790341573488849000,32.526848876953125,9.749189376831055,0.6033388376235962,-2.346317768096924
1790341573505287400,32.54328735351562,9.23443603515625,-0.706289529800415,-0.6703764796257019
1790341573521730000,32.55972998046875,10.08198356628418,-0.5506663918495178,-2.406172752380371
1790341573538199600,32.57619946289063,11.554417610168457,-0.1628057211637497,-1.1468225717544556
1790341573554644000,32.59264404296875,10.374075889587402,-0.9792284965515137,-0.8379706144332886
1790341573571031300,32.60903125,9.684545516967773,-0.545877993106842,-0.7469909191131592
1790341573587469600,32.62546948242188,9.660603523254395,-0.2777273952960968,-0.3711012601852417
1790341573603929000,32.64192919921875,8.877699851989746,0.2513911724090576,-1.4724340438842773
1790341573620389600,32.6583896484375,9.030928611755371,-0.3926490843296051,-2.322375535964966
1790341573636828700,32.67482861328125,10.60152530670166,-0.2322375625371933,-1.946485996246338
1790341573653321200,32.6913212890625,10.716446876525879,-1.1563993692398071,-1.45806884765625
1790341573669759000,32.707759033203125,11.355698585510254,-0.06224924325942993,-1.1180921792984009
1790341573686197000,32.72419702148437,10.02691650390625,-0.790086567401886,-0.950498104095459
1790341573702694100,32.740694091796875,9.526528358459473,-0.004788403399288654,-0.40701428055763245
1790341573719173400,32.75717333984375,8.664615631103516,0.1843535304069519,-1.659181833267212
1790341573735644200,32.77364404296875,9.162610054016113,-0.5793967843055725,-0.7398083209991455
1790341573752084200,32.790084228515624,9.99100399017334,0.9552865028381348,-0.768538773059845
1790341573768522500,32.8065224609375,8.248024940490723,-0.5578489899635315,-1.7764976024627686
1790341573784992000,32.822991943359376,9.732429504394531,0.3256114423274994,-0.5530605912208557
1790341573801439000,32.83943896484375,10.053253173828125,1.173158884048462,-1.3192051649093628
1790341573817915100,32.8559150390625,9.315838813781738,0.2059013396501541,-1.2401964664459229
1790341573834360600,32.87236059570313,9.727641105651855,0.2753331959247589,-0.35673606395721436
1790341573850824700,32.88882470703125,9.397241592407227,-0.17477671802043915,-1.235408067703247
1790341573867295000,32.905294921875,9.442731857299805,0.5291185975074768,-0.7876923680305481
1790341573883736600,32.92173657226562,8.80587387084961,0.043095629662275314,-0.13407529890537262
1790341573900140500,32.938140625,9.030928611755371,0.3423708379268646,-1.2330138683319092
1790341573916535300,32.954535400390625,9.586383819580078,1.0414776802062988,-0.8451532125473022
1790341573932979500,32.9709794921875,8.78193187713623,0.22026655077934265,-1.338358759880066
1790341573949472000,32.987471923828124,10.0580415725708,0.828393816947937,-2.1595699787139893
1790341573965913900,33.00391381835937,9.861717224121094,-0.05985504388809204,-0.790086567401886
1790341573982380300,33.02038037109375,10.498574256896973,0.11971008777618408,-1.4652514457702637
1790341573998823700,33.03682373046875,10.5344877243042,0.5770025849342346,-0.545877993106842
1790341574015267300,33.05326733398437,9.641449928283691,0.33758243918418884,-1.1994950771331787
1790341574031738400,33.06973828125,9.876082420349121,0.5889736413955688,-2.013523578643799
1790341574048185600,33.086185546875,9.964667320251465,0.24181437492370605,-1.0462661981582642
1790341574064586200,33.102586181640625,9.725247383117676,-0.05267243832349777,-1.3646949529647827
1790341574081031700,33.11903173828125,9.979032516479492,0.004788403399288654,-1.6759412288665771
1790341574097492200,33.1354921875,10.773907661437988,-0.3256114423274994,-0.933738648891449
1790341574113904600,33.151904541015625,9.394847869873047,-0.9169792532920837,-0.6488286852836609
1790341574130349800,33.16834985351562,10.488997459411621,0.43335050344467163,-1.4963760375976562
1790341574146848500,33.1848486328125,9.344569206237793,-1.2090718746185303,-1.1109095811843872
1790341574163291100,33.201291015625,10.83855152130127,0.3447650372982025,-1.1971008777618408
1790341574179733800,33.217733642578125,9.641449928283691,-0.5267243981361389,-1.3527239561080933
1790341574196228000,33.23422802734375,10.072406768798828,-0.12449848651885986,-1.41257905960083
1790341574212671500,33.25067138671875,10.805032730102539,0.44532153010368347,-0.7445967197418213
1790341574229143000,33.26714306640625,9.639056205749512,0.10295066982507706,-0.49320554733276367
1790341574245510000,33.28351000976563,8.992621421813965,0.7565677165985107,-0.6823474764823914
1790341574261951000,33.29995092773437,8.973467826843262,0.26815059781074524,-0.9528923034667969
1790341574278420700,33.31642065429688,10.390835762023926,0.849941611289978,-0.6320692300796509
1790341574294868200,33.3328681640625,10.062829971313477,0.6320692300796509,-0.9768342971801758
1790341574311336400,33.34933642578125,10.764330863952637,0.7948749661445618,-1.1492167711257935
1790341574327774700,33.36577465820312,9.2033109664917,0.2968810200691223,-0.4908113479614258
1790341574344230000,33.38222998046875,9.859322547912598,0.3519476354122162,-0.7996633648872375
1790341574360696300,33.3986962890625,9.509769439697266,0.3519476354122162,-1.1779472827911377
1790341574377136600,33.41513671875,10.153809547424316,0.2753331959247589,-0.272938996553421
1790341574393543200,33.431543212890624,9.038111686706543,0.4812345504760742,-1.170764684677124
1790341574409983500,33.4479833984375,9.26795482635498,0.9888052940368652,-1.314416766166687
1790341574426424600,33.464424560546874,9.17936897277832,-0.014365210197865963,-1.4221558570861816
1790341574442923800,33.480923828125,10.304644584655762,1.0869675874710083,-0.586579442024231
1790341574459363800,33.49736376953125,9.53849983215332,-0.3734954595565796,-1.1037269830703735
1790341574475835400,33.51383544921875,10.582371711730957,1.0869675874710083,-0.4644751250743866
1790341574492275200,33.53027514648438,9.11233139038086,-0.6631938815116882,-0.40940847992897034
1790341574508715300,33.54671533203125,9.885659217834473,0.7661445140838623,-0.49320554733276367
1790341574525182700,33.5631826171875,9.490615844726562,-0.040701430290937424,-0.6919242739677429
1790341574541626600,33.57962670898438,9.435548782348633,0.43335050344467163,-0.7086837291717529
1790341574558098400,33.59609838867188,9.670180320739746,0.30885201692581177,-0.6847416758537292
1790341574574539500,33.61253955078125,10.101137161254883,-0.033518824726343155,-1.0558429956436157
1790341574591001900,33.629001953125,10.287884712219238,0.24660277366638184,-1.0295066833496094
1790341574607472000,33.64547216796875,9.751583099365234,-0.35673606395721436,-0.7996633648872375
1790341574623912200,33.661912109375,10.24239444732666,-0.10773907601833344,-0.8188169598579407
1790341574640418300,33.67841821289063,10.357316970825195,-0.08140286058187485,-1.0438719987869263
1790341574656863000,33.69486303710938,9.93593692779541,-0.3471592366695404,-0.15801730751991272
1790341574673306000,33.71130615234375,9.696516990661621,-0.2513911724090576,-0.5219359993934631
1790341574689808100,33.72780810546875,10.139444351196289,0.2585737705230713,-1.0773907899856567
1790341574706249700,33.74424975585937,9.938331604003906,-0.21787235140800476,0.10055647045373917
1790341574722721800,33.7607216796875,10.26394271850586,0.06464344263076782,-0.950498104095459
1790341574739163400,33.777163330078125,10.359710693359375,0.31364041566848755,-0.9528923034667969
1790341574755606000,33.79360595703125,9.655815124511719,0.19871874153614044,-0.40701428055763245
1790341574772078800,33.81007885742188,9.117119789123535,0.4213795065879822,-1.0845733880996704
1790341574788543500,33.82654345703125,9.452308654785156,-0.11013327538967133,-0.20111294090747833
1790341574805017600,33.843017578125,9.873687744140625,0.38307225704193115,-0.6560112833976746
1790341574821459700,33.85945971679688,9.655815124511719,0.23702596127986908,0.22744916379451752
1790341574837922000,33.875922119140625,9.550470352172852,0.45489832758903503,-1.0606313943862915
1790341574854360000,33.89236010742187,9.926360130310059,0.5315127968788147,-0.5554547905921936
1790341574870798000,33.908798095703126,9.50737476348877,0.16519992053508759,-0.15801730751991272
1790341574887208200,33.92520825195312,10.139444351196289,0.4213795065879822,-0.8738836050033569
1790341574903650300,33.941650390625,9.677363395690918,0.2992752194404602,-0.6272808313369751
1790341574920094700,33.9580947265625,9.801861763000488,-0.21308395266532898,0.15562310814857483
1790341574936596200,33.97459619140625,10.072406768798828,0.35673606395721436,-0.545877993106842
1790341574953039600,33.99103955078125,9.931148529052734,0.014365210197865963,-0.5961562395095825
1790341574969508900,34.0075087890625,10.529699325561523,0.6248866319656372,0.023942016065120697
1790341574985951200,34.023951171875,9.20091724395752,0.6320692300796509,-0.45489832758903503
1790341575002398200,34.04039819335937,9.880870819091797,0.38546648621559143,-0.6272808313369751
1790341575018872300,34.05687231445312,9.86650562286377,0.3232172429561615,-0.9672574996948242
1790341575035319600,34.07331958007813,10.156203269958496,-0.15801730751991272,-0.2968810200691223
1790341575051788800,34.089788818359374,9.737217903137207,-0.07661445438861847,-0.19153612852096558
1790341575068159500,34.106159423828124,9.947908401489258,-0.08379705995321274,-0.2537853717803955
1790341575084632600,34.12263256835938,10.204087257385254,-0.16998831927776337,-0.2322375625371933
1790341575101103000,34.13910302734375,10.041281700134277,0.07422025501728058,-0.7398083209991455
1790341575117546500,34.15554638671875,10.54406452178955,0.2801215946674347,-0.3495534360408783
1790341575134044700,34.17204467773438,9.495404243469238,-0.033518824726343155,-0.8331822156906128
1790341575150488600,34.188488525390625,10.259154319763184,0.646434485912323,0.10534487664699554
1790341575166934000,34.20493408203125,9.658209800720215,-0.10773907601833344,-0.7493851184844971
1790341575183433000,34.221432861328125,9.979032516479492,0.4620809257030487,-0.2777273952960968
1790341575199873800,34.237873779296876,9.684545516967773,-0.29209262132644653,-0.3758896589279175
1790341575216343800,34.25434375,10.295066833496094,0.15322890877723694,-0.6560112833976746
1790341575232782600,34.270782470703125,10.292673110961914,0.3687070608139038,-0.6105214357376099
1790341575249248000,34.287248046875,9.806650161743164,0.07900865375995636,-0.37828385829925537
1790341575265739300,34.3037392578125,9.80904483795166,0.363918662071228,-0.49320554733276367
1790341575282188300,34.32018823242188,9.751583099365234,0.38067805767059326,-0.26575639843940735
1790341575298662700,34.33666259765625,10.079588890075684,0.47405192255973816,-0.014365210197865963
1790341575315124500,34.35312451171875,9.478644371032715,0.24899697303771973,-0.33758243918418884
1790341575331598000,34.36959814453125,9.943120002746582,0.7733271718025208,0.17956513166427612
1790341575348040700,34.386040771484375,9.074024200439453,0.47884035110473633,-0.43335050344467163
1790341575364484400,34.402484375,9.21288776397705,0.2322375625371933,-0.17956513166427612
1790341575380962000,34.41896215820312,10.273519515991211,0.21547815203666687,-0.031124621629714966
1790341575397438000,34.43543798828125,10.611102104187012,-0.06464344263076782,0.44532153010368347
1790341575413882000,34.45188208007813,10.450690269470215,0.07422025501728058,-0.22744916379451752
1790341575430418200,34.468418212890626,11.135432243347168,0.22505496442317963,0.3471592366695404
1790341575446864600,34.48486474609375,9.883264541625977,0.11971008777618408,-0.004788403399288654
1790341575463334100,34.501334228515624,9.739612579345703,0.6344634294509888,-0.038307227194309235
1790341575479813400,34.5178134765625,9.136273384094238,-0.12449848651885986,-0.031124621629714966
1790341575496329500,34.53432958984375,9.615114212036133,0.13168109953403473,-0.3495534360408783
1790341575512783000,34.550783203125,9.196128845214844,0.014365210197865963,0.2825157940387726
1790341575529279200,34.567279296875,10.065223693847656,0.05027823522686958,-0.12449848651885986
1790341575545781200,34.58378125,10.096348762512207,-0.18914192914962769,-0.011971008032560349
1790341575562256600,34.60025659179688,10.362105369567871,-0.17477671802043915,0.3232172429561615
1790341575578757600,34.616757568359375,10.647014617919922,0.6392518281936646,-0.4836287498474121
1790341575595278000,34.63327807617188,9.66539192199707,-0.181959331035614,0.06703764945268631
1790341575611761200,34.64976123046875,9.452308654785156,0.6943184733390808,-0.181959331035614
1790341575628283000,34.666282958984375,9.198522567749023,0.07900865375995636,0.22026655077934265
1790341575644775200,34.682775146484374,9.607931137084961,-0.05267243832349777,-0.5434837937355042
1790341575661289200,34.69928930664062,10.232817649841309,0.6847416758537292,0.42856210470199585
1790341575677771000,34.71577099609375,9.421183586120605,-0.004788403399288654,0.1173158809542656
1790341575694255000,34.73225512695313,9.830592155456543,0.3974374830722809,-0.2537853717803955
1790341575710753000,34.7487529296875,9.641449928283691,0.7493851184844971,0.4692635238170624
1790341575727244800,34.765244873046875,9.452308654785156,-0.13407529890537262,-0.3256114423274994
1790341575743657700,34.78165771484375,10.144232749938965,0.19632454216480255,0.043095629662275314
1790341575760109800,34.79810986328125,10.213664054870605,0.2322375625371933,0.4165911078453064
1790341575776615000,34.814614990234375,9.983820915222168,0.22026655077934265,-0.2322375625371933
1790341575793079600,34.83107958984375,10.158597946166992,0.47884035110473633,0.35673606395721436
1790341575809568800,34.84756884765625,9.99339771270752,0.6967126727104187,0.0933738648891449
1790341575826079700,34.86407983398438,9.947908401489258,-0.19153612852096558,0.08619125932455063
1790341575842563300,34.88056323242188,9.720458984375,-0.21787235140800476,0.2849099934101105
1790341575859047700,34.897047607421875,10.29746150970459,-0.20350714027881622,0.2322375625371933
1790341575875559700,34.9135595703125,11.42752456665039,0.6488286852836609,0.2537853717803955
1790341575892020000,34.93002001953125,9.17697525024414,-0.6584054827690125,-0.0071826050989329815
1790341575908496400,34.94649633789062,9.667786598205566,1.2689268589019775,1.05105459690094
1790341575924984300,34.962984375,8.647856712341309,-0.011971008032560349,-0.6009446382522583
1790341575941419800,34.97941967773438,8.40843677520752,0.15801730751991272,-0.42856210470199585
1790341575957861600,34.995861572265625,9.186552047729492,0.016759412363171577,0.2346317619085312
1790341575974320600,35.012320556640624,10.132261276245117,0.038307227194309235,0.6631938815116882
1790341575990796300,35.02879638671875,10.673351287841797,0.40462008118629456,0.035913024097681046
1790341576007283200,35.045283203125,9.892841339111328,0.43095630407333374,0.38546648621559143
1790341576023775700,35.061775634765624,9.370905876159668,-0.023942016065120697,0.1628057211637497
1790341576040242700,35.07824267578125,9.397241592407227,0.569819986820221,-0.33279404044151306
1790341576056713000,35.094712890625,9.282320022583008,0.22266076505184174,-0.043095629662275314
1790341576073176800,35.1111767578125,9.5624418258667,0.5506663918495178,0.5051765441894531
1790341576089630500,35.12763037109375,9.739612579345703,-0.023942016065120697,-0.12689268589019775
1790341576106114800,35.14411474609375,10.673351287841797,0.5123591423034668,0.33518823981285095
1790341576122639400,35.16063940429687,10.019734382629395,-0.11252748221158981,0.9145850539207458
1790341576139179800,35.1771796875,9.643844604492188,0.3016694188117981,-0.15322890877723694
1790341576155621000,35.19362109375,8.35336971282959,0.31124621629714966,-0.08379705995321274
1790341576172127700,35.21012768554687,9.011775016784668,-0.1604115068912506,-0.12928688526153564
1790341576188604000,35.22660400390625,9.677363395690918,-0.2801215946674347,0.689530074596405
1790341576205105700,35.243105712890625,10.8505220413208,0.8355764150619507,0.5123591423034668
1790341576221603800,35.259603759765625,10.433931350708008,0.17956513166427612,0.2944868206977844
1790341576238088400,35.27608837890625,8.65982723236084,-0.6871358752250671,-0.2968810200691223
1790341576254579200,35.2925791015625,10.338163375854492,1.2401964664459229,0.730231523513794
1790341576271107600,35.30910766601563,9.289502143859863,-1.235408067703247,-0.5123591423034668
1790341576287611400,35.325611328125,10.287884712219238,0.5554547905921936,0.22505496442317963
1790341576304111400,35.342111328125,10.000580787658691,-0.36152446269989014,0.608127236366272
1790341576320627200,35.358627197265626,10.031704902648926,-0.043095629662275314,-0.28969839215278625
1790341576337083600,35.37508374023437,9.691728591918945,-0.3256114423274994,0.11971008777618408
1790341576353573000,35.391572998046875,10.06043529510498,0.014365210197865963,0.4405331015586853
1790341576370064600,35.40806469726562,9.694122314453125,-0.5267243981361389,0.38307225704193115
1790341576386557400,35.42455737304687,9.785101890563965,-0.15322890877723694,0.19871874153614044
1790341576403072500,35.441072509765625,9.402029991149902,0.19632454216480255,0.09576806426048279
1790341576419556900,35.45755688476562,8.813055992126465,0.08858546614646912,-0.10534487664699554
1790341576436044300,35.474044189453124,9.097966194152832,1.1492167711257935,-0.004788403399288654
1790341576452501000,35.4905009765625,8.860940933227539,-0.4908113479614258,0.6775590777397156
1790341576468998000,35.506997802734375,10.594342231750488,0.706289529800415,-0.42616790533065796
1790341576485515800,35.523515869140624,9.68694019317627,0.43095630407333374,0.629675030708313
1790341576502002200,35.54000219726562,9.224859237670898,0.5291185975074768,-0.0071826050989329815
1790341576518493700,35.55649365234375,9.260771751403809,0.16759411990642548,0.5386953949928284
1790341576534993000,35.57299291992187,9.011775016784668,-0.2059013396501541,-0.24181437492370605
1790341576551483600,35.589483642578124,10.014945983886719,0.5434837937355042,0.05746084079146385
1790341576567996200,35.60599609375,9.01895809173584,-0.4572925269603729,0.727837324142456
1790341576584494600,35.62249462890625,9.86889934539795,0.6607996821403503,-0.33997663855552673
1790341576600944400,35.6389443359375,9.57201862335205,0.40222588181495667,0.31603461503982544
1790341576617430300,35.65543017578125,8.71489429473877,-0.004788403399288654,0.21787235140800476
1790341576633923300,35.67192333984375,9.852140426635742,0.10773907601833344,-0.24899697303771973
1790341576650440000,35.68843994140625,9.725247383117676,-0.17956513166427612,0.6105214357376099
1790341576666956300,35.70495629882812,9.99100399017334,0.2298433631658554,0.5793967843055725
1790341576683443200,35.72144311523437,9.892841339111328,-0.028730420395731926,0.363918662071228
1790341576699944200,35.73794409179688,9.643844604492188,0.23942017555236816,0.28969839215278625
1790341576716440000,35.754440185546876,9.514557838439941,0.8140285611152649,0.5147533416748047
1790341576732956400,35.770956298828125,8.899248123168945,-0.545877993106842,0.028730420395731926
1790341576749447000,35.787447021484375,9.823410034179688,0.8858546018600464,-0.2082955539226532
1790341576765960200,35.80396020507813,8.7484130859375,-0.4213795065879822,0.29209262132644653
1790341576782429000,35.82042895507813,11.183316230773926,-0.5027823448181152,-0.12928688526153564
1790341576798873000,35.836873046875,10.383652687072754,2.2457611560821533,0.8307880163192749
1790341576815380200,35.85338012695313,7.194576263427734,-0.9816226959228516,-1.647210717201233
1790341576831822300,35.869822265625,10.199298858642578,1.7693150043487549,2.6575639247894287
1790341576848264700,35.8862646484375,9.6989107131958,-4.055777549743652,0.768538773059845
1790341576864721400,35.90272143554687,12.986149787902832,1.9584569931030273,0.9481038451194763
1790341576881184300,35.91918432617187,6.411672115325928,-1.6376339197158813,-0.033518824726343155
1790341576897640200,35.93564013671875,10.11550235748291,1.7501614093780518,-0.038307227194309235
1790341576914171600,35.952171630859375,10.038887977600098,-2.63362193107605,0.849941611289978
1790341576930612000,35.968612060546874,12.169727325439453,-0.14604631066322327,1.256955862045288
1790341576947025200,35.985025146484375,11.006145477294922,-0.08858546614646912,-0.7182605266571045
1790341576963501000,36.0015009765625,9.284713745117188,0.031124621629714966,0.6919242739677429
1790341576980004000,36.018004150390624,9.557653427124023,-0.48602294921875,1.0462661981582642
1790341576996457700,36.034457763671874,11.257535934448242,-0.2801215946674347,1.0055646896362305
1790341577012902400,36.05090234375,9.548076629638672,-0.33279404044151306,0.28969839215278625
1790341577029399600,36.06739965820312,9.75637149810791,0.5386953949928284,0.3471592366695404
1790341577045838800,36.0838388671875,9.29189682006836,-0.828393816947937,-0.21308395266532898
1790341577062242000,36.10024194335937,9.715670585632324,0.6512228846549988,1.0989385843276978
1790341577078698200,36.1166982421875,9.294290542602539,0.6392518281936646,-0.05506663769483566
1790341577095161600,36.13316162109375,8.283937454223633,-1.3862427473068237,0.21547815203666687
1790341577111635700,36.1496357421875,12.291831970214844,0.9026140570640564,-0.004788403399288654
1790341577128054300,36.16605419921875,10.706870079040527,1.9632453918457031,1.7908629179000854
1790341577144499500,36.18249951171875,4.51067590713501,-3.737348794937134,0.2106897532939911
1790341577160904200,36.198904296875,13.273454666137695,5.875370979309082,-0.8786720037460327
1790341577177311500,36.2153115234375,8.992621421813965,-3.3925838470458984,3.337517261505127
1790341577193784000,36.2317841796875,13.917494773864746,4.881777286529541,-0.6584054827690125
1790341577210225200,36.24822509765625,5.2672438621521,-4.034229755401611,0.828393816947937
1790341577226669000,36.2646689453125,11.724405288696289,2.693476915359497,-1.292868971824646
1790341577243142700,36.281142578125,11.537657737731934,-3.4380736351013184,1.0534487962722778
1790341577259590000,36.29758984375,11.899182319641113,4.390965938568115,-0.2298433631658554
1790341577276063500,36.3140634765625,2.762908697128296,-4.532223701477051,1.6759412288665771
1790341577292544300,36.33054418945313,11.429919242858887,4.146757125854492,0.6033388376235962
1790341577309046500,36.347046630859374,7.3238630294799805,-2.4660277366638184,1.680729627609253
1790341577325491200,36.3634912109375,12.179304122924805,1.256955862045288,-0.31842881441116333
1790341577341954300,36.379954345703126,9.512163162231445,-0.6368576288223267,1.9560627937316895
1790341577358410200,36.39641015625,9.457097053527832,2.4660277366638184,0.031124621629714966
1790341577374871000,36.41287109375,7.833827972412109,-0.9600749015808105,1.2521674633026123
1790341577391313700,36.42931372070313,9.078812599182129,0.47644615173339844,-0.48602294921875
1790341577407787800,36.44578784179687,9.852140426635742,-0.45010992884635925,0.3447650372982025
1790341577424252000,36.462251953125,10.029311180114746,-1.0582371950149536,0.6655880808830261
1790341577440710100,36.47871020507812,11.106701850891113,0.7852981686592102,0.10055647045373917
1790341577457176600,36.49517651367187,8.825027465820312,-0.6991068720817566,0.5913678407669067
1790341577473645800,36.511645751953125,9.880870819091797,0.5363011956214905,0.24181437492370605
1790341577490120200,36.5281201171875,8.757989883422852,-0.5386953949928284,0.2059013396501541
1790341577506593300,36.54459326171875,9.75397777557373,0.011971008032560349,-0.1364694982767105
1790341577523094300,36.56109423828125,9.423578262329102,-0.24181437492370605,0.43335050344467163
1790341577539556900,36.57755688476563,9.284713745117188,0.15801730751991272,0.031124621629714966
1790341577556073000,36.594072998046876,9.083600997924805,-0.31124621629714966,0.10055647045373917
1790341577572528000,36.610528076171875,9.564835548400879,-0.1364694982767105,0.26575639843940735
1790341577589017300,36.62701733398438,9.99339771270752,-0.09576806426048279,-0.13407529890537262
1790341577605545500,36.64354541015625,9.150638580322266,-0.3974374830722809,0.5195417404174805
1790341577621984000,36.65998388671875,9.430760383605957,0.16759411990642548,0.31842881441116333
1790341577638499800,36.676499755859375,9.002198219299316,0.45489832758903503,-0.035913024097681046
1790341577655017500,36.693017578125,9.14345645904541,-0.14844051003456116,0.4884171485900879
1790341577671505200,36.709505126953125,10.062829971313477,0.5961562395095825,0.3902548849582672
1790341577688006000,36.726005859375,8.736441612243652,-0.2777273952960968,0.27054479718208313
1790341577704467000,36.74246704101562,9.481039047241211,-0.016759412363171577,0.18914192914962769
1790341577720982300,36.758982177734374,9.583989143371582,0.6967126727104187,-0.07900865375995636
1790341577737435000,36.77543481445313,9.493009567260742,-0.730231523513794,0.4620809257030487
1790341577753940000,36.79193994140625,9.710882186889648,-0.08140286058187485,-0.002394201699644327
1790341577770431200,36.80843115234375,10.309432983398438,1.0414776802062988,0.3016694188117981
1790341577786908400,36.82490844726563,9.674968719482422,-1.0271124839782715,0.09816227108240128
1790341577803397400,36.8413974609375,11.386823654174805,0.912190854549408,0.07422025501728058
1790341577819861500,36.85786157226563,10.216058731079102,0.2585737705230713,0.5674257874488831
1790341577836352800,36.87435278320312,9.847352027893066,-0.1388636976480484,0.15801730751991272
1790341577852882700,36.89088256835937,10.51054573059082,0.26815059781074524,0.12449848651885986
1790341577869379300,36.90737939453125,10.165780067443848,0.2968810200691223,0.7422025203704834
1790341577885894100,36.92389404296875,9.86889934539795,0.2082955539226532,-0.2777273952960968
1790341577902414000,36.9404140625,9.945513725280762,0.08619125932455063,-0.06464344263076782
1790341577918905300,36.9569052734375,10.199298858642578,0.1388636976480484,0.5530605912208557
1790341577935409400,36.97340942382812,9.952696800231934,0.4189853072166443,-0.07182604819536209
1790341577951905000,36.98990502929688,9.32541561126709,0.2777273952960968,0.20111294090747833
1790341577968398300,37.0063984375,9.84256362915039,0.5554547905921936,0.2585737705230713
1790341577984883200,37.02288330078125,9.84256362915039,0.40222588181495667,0.06464344263076782
1790341578001375500,37.03937548828125,9.897629737854004,-0.043095629662275314,0.06224924325942993
1790341578017876700,37.05587670898438,10.101137161254883,-0.3064578175544739,0.33518823981285095
1790341578034369000,37.072369140625,10.409989356994629,0.16519992053508759,0.3711012601852417
1790341578050847500,37.088847412109374,9.641449928283691,-0.8954314589500427,0.21787235140800476
1790341578067197400,37.105197509765624,10.611102104187012,1.280897855758667,0.29209262132644653
1790341578083634200,37.12163427734375,8.291120529174805,-1.357512354850769,1.0414776802062988
1790341578100124200,37.13812426757813,10.41956615447998,0.2777273952960968,-0.8355764150619507
1790341578116629800,37.15462963867188,9.751583099365234,-0.5003881454467773,1.1420341730117798
1790341578132129500,37.170129638671874,9.634267807006836,-0.07900865375995636,-0.13168109953403473
1790341578148611000,37.186611083984374,9.86889934539795,0.090979665517807,0.42377370595932007
1790341578165097000,37.20309692382813,10.022128105163574,0.07422025501728058,0.24899697303771973
1790341578181595000,37.21959497070313,9.8784761428833,0.031124621629714966,0.6009446382522583
1790341578198055700,37.2360556640625,9.768342971801758,0.181959331035614,0.6584054827690125
1790341578214567200,37.25256713867188,9.342175483703613,0.043095629662275314,-0.22266076505184174
1790341578231050500,37.26905053710937,9.29189682006836,0.05746084079146385,0.3064578175544739
1790341578247538000,37.285537841796874,9.600749015808105,0.13407529890537262,0.2298433631658554
1790341578264032500,37.302032470703125,10.098742485046387,0.16759411990642548,0.5315127968788147
1790341578280523300,37.318523193359376,9.437943458557129,0.016759412363171577,0.4596867263317108
1790341578297035000,37.33503491210938,9.023746490478516,0.2298433631658554,0.4405331015586853
1790341578313485800,37.35148583984375,9.390059471130371,0.6655880808830261,0.6272808313369751
1790341578329971500,37.36797143554688,9.569623947143555,0.5554547905921936,-0.363918662071228
1790341578346493700,37.38449365234375,9.246406555175781,-0.2849099934101105,0.5027823448181152
1790341578362955500,37.40095556640625,10.362105369567871,0.4405331015586853,0.5147533416748047
1790341578379471600,37.4174716796875,9.86889934539795,0.5099649429321289,0.7206547260284424
1790341578395993600,37.43399365234375,9.174580574035645,0.30885201692581177,-0.011971008032560349
1790341578412480500,37.45048046875,9.801861763000488,0.44532153010368347,0.4405331015586853
1790341578428946000,37.46694580078125,9.370905876159668,-0.07422025501728058,0.5434837937355042
1790341578445442000,37.483442138671876,9.387664794921875,0.16519992053508759,0.05985504388809204
1790341578461957400,37.49995727539063,9.39245319366455,0.4908113479614258,0.33758243918418884
1790341578478445800,37.51644580078125,9.552865028381348,0.4908113479614258,-0.033518824726343155
1790341578494935600,37.532935546875,9.41400146484375,0.31364041566848755,0.6775590777397156
1790341578511434200,37.54943432617188,9.332598686218262,0.15562310814857483,0.038307227194309235
1790341578527927000,37.56592700195313,9.313444137573242,0.7230489253997803,0.24181437492370605
1790341578544438300,37.58243823242187,9.425971984863281,-0.3016694188117981,-0.05267243832349777
1790341578560925700,37.59892578125,11.034875869750977,1.1492167711257935,-0.21787235140800476
1790341578577412900,37.615412841796875,9.792284965515137,-0.28730419278144836,0.3878606855869293
1790341578593940000,37.63193994140625,10.299856185913086,0.5219359993934631,0.3447650372982025
1790341578610432300,37.64843237304687,10.156203269958496,0.08140286058187485,0.5123591423034668
1790341578626908400,37.664908447265624,10.160991668701172,0.4572925269603729,-0.2753331959247589
1790341578643427600,37.68142749023438,10.38604736328125,0.4620809257030487,0.9169792532920837
1790341578659915800,37.697915771484375,9.971850395202637,0.1604115068912506,0.038307227194309235
1790341578676417500,37.71441748046875,9.816226959228516,0.07182604819536209,-0.07661445438861847
1790341578692882200,37.730882080078125,9.986215591430664,0.3471592366695404,0.43095630407333374
1790341578709398500,37.7473984375,9.895236015319824,0.3878606855869293,-0.08858546614646912
1790341578725892000,37.76389208984375,9.931148529052734,0.3878606855869293,0.23942017555236816
1790341578742389000,37.780388916015625,9.612719535827637,0.5722141861915588,0.12689268589019775
1790341578758897700,37.79689770507812,10.029311180114746,0.7254431247711182,0.06464344263076782
1790341578775436300,37.81343627929687,9.406818389892578,0.21547815203666687,0.3687070608139038
1790341578791949800,37.82994970703125,9.370905876159668,0.2825157940387726,-0.30885201692581177
1790341578808434200,37.84643408203125,9.706093788146973,-0.23702596127986908,0.23942017555236816
1790341578824920300,37.86292041015625,10.319009780883789,0.3495534360408783,0.15322890877723694
1790341578841414000,37.879413818359374,9.720458984375,-0.3687070608139038,0.22744916379451752
1790341578857904600,37.895904541015625,10.050858497619629,0.7876923680305481,0.20350714027881622
1790341578874391300,37.912391357421875,9.20091724395752,-0.06464344263076782,0.44771572947502136
1790341578890909200,37.9289091796875,8.96149730682373,0.19632454216480255,-0.15322890877723694
1790341578907396400,37.94539624023437,9.337387084960938,0.5770025849342346,-0.8379706144332886
1790341578923896800,37.961896728515626,9.9000244140625,0.35913026332855225,0.3663128614425659
1790341578940356400,37.9783564453125,9.636661529541016,-0.2059013396501541,0.31603461503982544
1790341578956837400,37.99483740234375,10.948684692382812,0.9720458984375,-0.6153098344802856
1790341578973381400,38.01138134765625,8.999804496765137,-0.35434186458587646,0.7350199222564697
1790341578989836500,38.02783642578125,10.35252857208252,0.7350199222564697,-0.38067805767059326
1790341579006292700,38.04429272460938,9.651026725769043,-0.047884032130241394,-0.2777273952960968
1790341579022753500,38.06075341796875,10.000580787658691,0.1149216815829277,0.36152446269989014
1790341579039268000,38.07726806640625,9.885659217834473,0.2059013396501541,-0.2346317619085312
1790341579055723300,38.09372314453125,9.361329078674316,0.49320554733276367,0.4405331015586853
1790341579072151300,38.1101513671875,9.397241592407227,0.14365209639072418,-0.5003881454467773
1790341579088646700,38.126646728515624,9.93354320526123,0.6368576288223267,-0.08379705995321274
1790341579105107200,38.14310717773437,9.684545516967773,-0.17956513166427612,-0.10295066982507706
1790341579121623800,38.15962377929687,10.345345497131348,0.2801215946674347,-0.6033388376235962
1790341579138109200,38.17610913085937,9.859322547912598,0.13407529890537262,0.16519992053508759
1790341579154574800,38.19257495117188,9.825803756713867,0.2513911724090576,-0.6799532771110535
1790341579171044000,38.209044189453124,10.290278434753418,0.023942016065120697,0.10773907601833344
1790341579187540700,38.225540771484376,9.481039047241211,-0.363918662071228,-0.22505496442317963
1790341579203999200,38.24199926757812,10.366893768310547,0.524330198764801,-0.7134721279144287
1790341579220488000,38.25848803710937,9.373299598693848,0.035913024097681046,0.0454898327589035
1790341579236964900,38.27496484375,9.66539192199707,0.3447650372982025,-0.2059013396501541
1790341579253468700,38.29146875,9.040505409240723,-0.586579442024231,-0.6871358752250671
1790341579269964500,38.30796459960938,10.053253173828125,0.22744916379451752,0.395043283700943
1790341579286480100,38.324480224609374,9.536105155944824,0.2537853717803955,-0.3423708379268646
1790341579302936600,38.3409365234375,9.667786598205566,-0.2992752194404602,-0.5770025849342346
1790341579319372300,38.35737231445312,10.414777755737305,0.272938996553421,0.43335050344467163
1790341579335899000,38.37389892578125,8.877699851989746,0.272938996553421,-0.45250412821769714
1790341579352342500,38.39034252929687,9.5408935546875,0.19632454216480255,-0.2777273952960968
1790341579368788700,38.406788818359374,9.612719535827637,0.24420857429504395,-0.36152446269989014
1790341579385264400,38.42326440429687,10.407594680786133,0.3447650372982025,0.05506663769483566
1790341579401709000,38.439708984375,10.08437728881836,0.26096799969673157,-0.40222588181495667
1790341579418154800,38.45615478515625,9.526528358459473,-0.3447650372982025,0.48602294921875
1790341579434598400,38.47259838867188,10.56800651550293,0.727837324142456,-1.0414776802062988
1790341579451044600,38.48904467773438,8.920795440673828,-0.5937620401382446,0.11013327538967133
1790341579467489300,38.5054892578125,10.204087257385254,0.047884032130241394,-0.4357447028160095
1790341579483941600,38.52194165039062,9.509769439697266,-0.1604115068912506,-0.5051765441894531
1790341579500433200,38.53843310546875,9.097966194152832,0.3495534360408783,-0.035913024097681046
1790341579516877800,38.5548779296875,8.556877136230469,-0.44771572947502136,0.3734954595565796
1790341579533324300,38.57132421875,9.509769439697266,0.14844051003456116,-1.8315643072128296
1790341579549774600,38.587774658203124,10.350133895874023,-0.9528923034667969,-0.35673606395721436
1790341579566221600,38.6042216796875,10.577583312988281,-0.05506663769483566,0.4836287498474121
1790341579582698500,38.62069848632812,9.399636268615723,0.2849099934101105,-0.8978256583213806
1790341579599161000,38.6371611328125,9.196128845214844,-0.5578489899635315,-0.26336219906806946
1790341579615603700,38.65360375976562,10.127472877502441,-0.9433154463768005,0.8140285611152649
1790341579632076500,38.67007666015625,9.749189376831055,0.6847416758537292,-1.534683346748352
1790341579648555500,38.68655541992187,8.865729331970215,-0.7613561153411865,0.45250412821769714
1790341579664961300,38.702961181640624,10.211270332336426,-0.18914192914962769,-0.9313444495201111
1790341579681404000,38.71940380859375,9.612719535827637,-0.5147533416748047,-0.5123591423034668
1790341579697849600,38.735849609375,10.285490036010742,-0.6871358752250671,-0.0454898327589035
1790341579714320000,38.75231982421875,10.285490036010742,-0.6033388376235962,-0.10773907601833344
1790341579730769200,38.76876904296875,10.010157585144043,-0.08619125932455063,-0.6751648783683777
1790341579747241700,38.78524169921875,9.873687744140625,-0.7015010714530945,-0.38067805767059326
1790341579763689000,38.80168896484375,10.072406768798828,-0.11252748221158981,-0.48602294921875
1790341579780201500,38.818201416015626,9.615114212036133,0.031124621629714966,-0.6775590777397156
1790341579796675000,38.834675048828124,10.649409294128418,-0.363918662071228,-0.545877993106842
1790341579813120300,38.85112036132813,10.6925048828125,-0.21547815203666687,-0.07661445438861847
1790341579829527800,38.86752783203125,8.971074104309082,-1.4939818382263184,-0.8882488012313843
1790341579845969700,38.8839697265625,10.766724586486816,0.6631938815116882,0.6919242739677429
1790341579862413600,38.90041357421875,8.10437297821045,-1.6615760326385498,0.24420857429504395
1790341579878912300,38.91691235351563,10.108319282531738,0.35434186458587646,-1.2473790645599365
1790341579895356000,38.93335595703125,8.954314231872559,-0.9696516990661621,0.5961562395095825
1790341579911847400,38.94984741210938,9.792284965515137,-0.45489832758903503,-1.0654197931289673
1790341579928293000,38.966293212890626,10.089165687561035,-0.3495534360408783,-0.6919242739677429
1790341579944739000,38.982739013671875,10.484209060668945,-0.23942017555236816,-0.22026655077934265
1790341579961182200,38.99918212890625,10.400412559509277,0.07900865375995636,-1.2210428714752197
1790341579977628200,39.01562817382813,9.552865028381348,-0.828393816947937,0.3471592366695404
1790341579994013200,39.03201318359375,10.287884712219238,0.35673606395721436,-1.290474772453308
1790341580010456000,39.0484560546875,9.20091724395752,-0.4668693244457245,-0.7374141216278076
1790341580026902500,39.06490258789062,10.467450141906738,-0.3878606855869293,-0.4405331015586853
1790341580043348200,39.08134814453125,10.558429718017578,-0.20350714027881622,-0.7805097699165344
1790341580059775700,39.097775634765625,10.481815338134766,-0.47165772318840027,-0.7445967197418213
1790341580076233000,39.11423291015625,9.708487510681152,-0.5051765441894531,-0.14365209639072418
1790341580092678100,39.13067822265625,10.362105369567871,-0.47165772318840027,-1.0414776802062988
1790341580109122000,39.1471220703125,10.587160110473633,-0.5841852426528931,0.22026655077934265
1790341580125594000,39.163593994140626,9.818621635437012,-0.9744400978088379,-0.5506663918495178
1790341580142041000,39.180041015625,10.891223907470703,-0.2346317619085312,-0.43095630407333374
1790341580158485800,39.19648583984375,9.706093788146973,-0.3878606855869293,-0.272938996553421
1790341580174930400,39.212930419921875,9.639056205749512,-0.7422025203704834,-0.7015010714530945
1790341580191379000,39.22937890625,10.704475402832031,0.5937620401382446,-0.40462008118629456
1790341580207828000,39.24582788085937,9.246406555175781,-0.6991068720817566,-0.29209262132644653
1790341580224281300,39.26228125,10.213664054870605,0.5626373887062073,-0.363918662071228
1790341580240729000,39.27872900390625,9.220070838928223,0.18914192914962769,0.23702596127986908
1790341580257174000,39.295174072265624,9.658209800720215,0.5195417404174805,-0.47405192255973816
1790341580273653000,39.31165307617187,9.66539192199707,-0.2561795711517334,0.016759412363171577
1790341580290100500,39.3281005859375,9.931148529052734,0.3758896589279175,-0.5961562395095825
1790341580306549200,39.34454931640625,9.93593692779541,0.3902548849582672,-0.16998831927776337
1790341580323063800,39.36106372070312,10.292673110961914,-0.2298433631658554,0.08140286058187485
1790341580339512000,39.37751196289062,9.564835548400879,0.0071826050989329815,-0.5291185975074768
1790341580355963000,39.393962890625,9.708487510681152,0.15801730751991272,0.3447650372982025
1790341580372441600,39.410441650390624,9.48343276977539,0.2561795711517334,-0.4213795065879822
1790341580388891000,39.42689086914063,9.68933391571045,0.14365209639072418,-0.8403648138046265
1790341580405338600,39.44333862304688,10.323798179626465,0.15801730751991272,-0.21787235140800476
1790341580421784600,39.45978466796875,10.290278434753418,0.5793967843055725,-0.19871874153614044
1790341580438227200,39.47622729492188,9.880870819091797,0.272938996553421,-1.1492167711257935
1790341580454666200,39.49266625976563,9.557653427124023,0.8834604024887085,0.0454898327589035
1790341580471108600,39.50910864257813,9.569623947143555,-0.1388636976480484,-1.072602391242981
1790341580487548000,39.5255478515625,10.225635528564453,0.20350714027881622,-0.6129156351089478
1790341580503984600,39.54198461914063,10.08437728881836,-0.23702596127986908,-0.4620809257030487
1790341580520420900,39.5584208984375,10.3549222946167,0.42856210470199585,-0.6344634294509888
1790341580536856000,39.57485595703125,9.99339771270752,0.3926490843296051,-0.6177040338516235
1790341580553292800,39.591292724609374,10.014945983886719,-0.019153613597154617,-0.4812345504760742
1790341580569754400,39.60775439453125,10.409989356994629,0.5267243981361389,-0.37828385829925537
1790341580586192400,39.6241923828125,9.837775230407715,0.23942017555236816,-0.395043283700943
1790341580602632000,39.6406318359375,9.959878921508789,0.26575639843940735,-0.6799532771110535
1790341580619100400,39.65710034179688,10.08198356628418,0.3495534360408783,-0.3016694188117981
1790341580635541500,39.67354150390625,9.404424667358398,-0.8259995579719543,-0.45250412821769714
1790341580651983600,39.68998364257813,10.802638053894043,0.272938996553421,-0.3232172429561615
1790341580668466400,39.706466552734376,9.418789863586426,-0.9217676520347595,-0.43095630407333374
1790341580684907500,39.72290747070313,9.674968719482422,0.4620809257030487,-1.05105459690094
1790341580701345800,39.739345703125,9.337387084960938,-0.49559974670410156,-0.6368576288223267
1790341580717789200,39.7557890625,10.577583312988281,-0.12210428714752197,-1.0247182846069336
1790341580734230300,39.77223022460937,10.709263801574707,0.3256114423274994,-0.7781155705451965
1790341580750668800,39.78866870117187,10.062829971313477,-0.21787235140800476,0.031124621629714966
1790341580767138300,39.80513818359375,9.734824180603027,0.6392518281936646,-1.091755986213684
1790341580783515000,39.82151489257812,9.708487510681152,0.3447650372982025,-0.24660277366638184
1790341580799952400,39.837952392578124,9.940725326538086,0.05746084079146385,-0.8619126081466675
1790341580816424000,39.854423828125,9.859322547912598,0.4381389021873474,-0.2825157940387726
1790341580832868900,39.870868896484374,9.6989107131958,-0.011971008032560349,-1.2737152576446533
1790341580849312800,39.88731274414062,9.871294021606445,0.14365209639072418,-0.7326257228851318
1790341580865786400,39.90378637695313,9.955090522766113,0.40222588181495667,-0.7134721279144287
1790341580882230500,39.92023046875,9.979032516479492,0.30885201692581177,-0.8212111592292786
1790341580898674700,39.9366748046875,9.102754592895508,-0.17238251864910126,-0.4165911078453064
1790341580915122000,39.95312182617187,10.527304649353027,0.3280056416988373,-1.1061211824417114
1790341580931567400,39.9695673828125,10.474632263183594,0.2322375625371933,-0.6344634294509888
1790341580948014300,39.986014404296874,9.928754806518555,-0.07422025501728058,-0.17956513166427612
1790341580964467500,40.00246752929687,9.59835433959961,0.08858546614646912,-1.3287819623947144
1790341580980913700,40.01891357421875,9.3828763961792,0.22744916379451752,-0.586579442024231
1790341580997317000,40.03531713867188,8.868123054504395,-0.2513911724090576,-1.5179238319396973
1790341581013761800,40.05176171875,10.14902114868164,-0.569819986820221,-0.6847416758537292
1790341581030205200,40.068205078125,10.618284225463867,-0.6392518281936646,-0.9576807022094727
1790341581046648300,40.0846484375,11.183316230773926,-0.05746084079146385,-0.8547300100326538
1790341581063107300,40.101107421875,9.77791976928711,-0.5746083855628967,-0.05267243832349777
1790341581079551500,40.11755151367188,9.655815124511719,-0.10534487664699554,-1.039083480834961
1790341581095997000,40.133996826171874,9.672574996948242,-0.933738648891449,-0.2537853717803955
1790341581112468500,40.15046850585937,10.51054573059082,0.3998316824436188,-1.3072341680526733
1790341581128858400,40.1668583984375,8.7484130859375,-0.849941611289978,-0.24420857429504395
1790341581145302800,40.183302734375,9.01895809173584,0.23942017555236816,-2.497152328491211
1790341581161746200,40.19974609375,10.177751541137695,0.5339069962501526,-0.9911994934082031
1790341581178193000,40.21619287109375,10.091560363769531,-1.5466543436050415,-0.42856210470199585
1790341581194641200,40.23264111328125,11.939884185791016,0.2825157940387726,-1.5179238319396973
1790341581211094300,40.24909423828125,10.146626472473145,-0.5602431893348694,0.3208230137825012
1790341581227539700,40.26553979492188,9.950302124023438,0.12928688526153564,-0.545877993106842
1790341581243982000,40.28198217773438,9.062053680419922,-0.5003881454467773,-1.843535304069519
1790341581260454700,40.29845458984375,10.043676376342773,-0.31124621629714966,-0.44771572947502136
1790341581276897000,40.31489697265625,10.132261276245117,-0.2801215946674347,-0.8259995579719543
1790341581293336600,40.331336669921875,8.370129585266113,-0.5746083855628967,-1.0654197931289673
1790341581309797000,40.34779711914062,10.014945983886719,0.33518823981285095,-0.6775590777397156
1790341581326238500,40.364238525390626,8.856152534484863,-0.9911994934082031,-1.8052281141281128
1790341581342679800,40.3806796875,10.237606048583984,-0.4836287498474121,-0.8379706144332886
1790341581359150000,40.39715014648438,10.038887977600098,-1.292868971824646,-0.6703764796257019
1790341581375592400,40.41359252929688,10.558429718017578,0.24660277366638184,-1.5275006294250488
1790341581392034300,40.430034423828126,9.418789863586426,-0.4357447028160095,0.2968810200691223
1790341581408476400,40.44647631835937,9.533711433410645,-0.1867477297782898,-0.6655880808830261
1790341581424919800,40.462919921875,9.655815124511719,-0.31364041566848755,-0.9265560507774353
1790341581441361400,40.479361328125,9.452308654785156,-0.667982280254364,-0.002394201699644327
1790341581457806600,40.495806640625,10.046070098876953,0.4141969084739685,-1.3646949529647827
1790341581474250000,40.51225,9.277531623840332,-1.3982137441635132,0.05506663769483566
1790341581490692900,40.52869287109375,11.319786071777344,-0.016759412363171577,-1.4317326545715332
1790341581507134200,40.54513427734375,10.910377502441406,0.11013327538967133,0.38067805767059326
1790341581523578400,40.561578369140626,9.773131370544434,-0.31124621629714966,-1.1420341730117798
1790341581540019500,40.57801953125,10.086771965026855,0.4429273009300232,-0.5985504388809204
1790341581556486000,40.59448583984375,9.710882186889648,-0.5650315880775452,-0.4812345504760742
1790341581572923400,40.61092333984375,10.345345497131348,0.031124621629714966,-1.403002142906189
1790341581589359400,40.627359375,10.84094524383545,-0.2992752194404602,0.1149216815829277
1790341581605824500,40.64382446289063,9.53849983215332,-1.048660397529602,-1.3862427473068237
1790341581622263600,40.660263671875,10.975020408630371,0.4572925269603729,-0.5961562395095825
1790341581638705400,40.676705322265626,9.72285270690918,-0.8571242094039917,-0.6009446382522583
1790341581655148300,40.69314819335938,9.651026725769043,-0.44532153010368347,-2.030282974243164
1790341581671590700,40.70959057617188,10.426748275756836,-0.7876923680305481,-0.21787235140800476
1790341581687975700,40.7259755859375,10.8720703125,-0.8044517636299133,-1.0606313943862915
1790341581704423200,40.742423095703124,11.559206008911133,0.14604631066322327,-0.9959878921508789
1790341581720863700,40.75886376953125,9.550470352172852,-0.9864110946655273,-0.44532153010368347
1790341581737303800,40.7753037109375,9.433155059814453,-0.2849099934101105,-1.6496049165725708
1790341581753775600,40.79177563476563,9.418789863586426,0.009576806798577309,-0.27054479718208313
1790341581770216200,40.80821630859375,10.146626472473145,-0.3447650372982025,-0.1843535304069519
1790341581786654700,40.82465478515625,9.72285270690918,-0.3663128614425659,-1.556231141090393
1790341581803114200,40.8411142578125,10.517727851867676,-0.0071826050989329815,0.47884035110473633
1790341581819553800,40.8575537109375,9.742006301879883,-0.30885201692581177,-0.5003881454467773
1790341581835994400,40.87399438476562,9.131484985351562,-0.031124621629714966,-1.920149803161621
1790341581852464600,40.89046459960937,9.983820915222168,0.2777273952960968,0.05027823522686958
1790341581868906500,40.90690649414063,9.232041358947754,-0.5195417404174805,-0.9169792532920837
1790341581885348900,40.92334887695313,10.790667533874512,0.8164227604866028,-1.599326729774475
1790341581901792800,40.939792724609376,8.401253700256348,-0.6607996821403503,-1.3694833517074585
1790341581918237700,40.95623779296875,9.224859237670898,0.10295066982507706,-1.9488801956176758
1790341581934680000,40.97268017578125,10.78587818145752,-0.43335050344467163,-1.0989385843276978
1790341581951128300,40.98912841796875,11.070788383483887,-0.6584054827690125,-2.4372973442077637
1790341581967571700,41.00557177734375,11.932701110839844,0.033518824726343155,-0.5554547905921936
1790341581984013800,41.022013916015624,9.734824180603027,-0.4836287498474121,-1.764526605606079
1790341582000461300,41.03846142578125,10.896012306213379,0.17956513166427612,-2.0661959648132324
1790341582016841500,41.05484155273437,10.165780067443848,-0.706289529800415,-0.6799532771110535
1790341582033288200,41.0712880859375,12.047622680664062,-0.20350714027881622,-1.659181833267212
1790341582049749800,41.08774975585938,9.593565940856934,-0.871489405632019,-1.778891921043396
1790341582066236000,41.10423583984375,10.78587818145752,-0.6727706789970398,0.507570743560791
1790341582082678300,41.12067822265625,9.945513725280762,-0.26815059781074524,-1.6615760326385498
1790341582099146200,41.13714624023437,9.165003776550293,-1.115697979927063,-0.19632454216480255
1790341582115531000,41.15353100585938,9.859322547912598,-0.6775590777397156,-0.6105214357376099
1790341582131974100,41.16997412109375,10.369287490844727,-1.072602391242981,-0.3734954595565796
1790341582148415500,41.18641552734375,10.577583312988281,0.11013327538967133,-0.2346317619085312
1790341582164855300,41.20285522460937,8.125920295715332,-0.689530074596405,-0.5889736413955688
1790341582181297400,41.21929736328125,8.983044624328613,0.5554547905921936,-0.9145850539207458
1790341582197743900,41.23574389648437,9.30386734008789,-1.2521674633026123,-1.072602391242981
1790341582214185200,41.252185302734375,11.142614364624023,-0.16759411990642548,-1.2665326595306396
1790341582230627600,41.268627685546875,10.644620895385742,-0.5123591423034668,-0.7326257228851318
1790341582247102000,41.28510205078125,10.108319282531738,-0.5770025849342346,-1.216254472732544
1790341582263543800,41.30154370117187,10.223240852355957,-0.5147533416748047,-1.314416766166687
1790341582279985400,41.3179853515625,9.859322547912598,0.14365209639072418,-1.8267759084701538
1790341582296453400,41.334453369140626,9.370905876159668,-0.36152446269989014,-1.525106430053711
1790341582312895200,41.35089526367187,9.876082420349121,-0.2106897532939911,-1.292868971824646
1790341582329341200,41.36734106445312,9.244012832641602,-0.1867477297782898,-1.1180921792984009
1790341582345814800,41.38381469726563,9.040505409240723,-0.7996633648872375,-1.455674648284912
1790341582362258400,41.400258544921876,10.11789608001709,-0.23942017555236816,-1.4700398445129395
1790341582378643500,41.4166435546875,10.917559623718262,-0.7805097699165344,-1.1228805780410767
1790341582395088600,41.43308862304688,10.582371711730957,0.0933738648891449,-1.9273324012756348
1790341582411533800,41.449533935546874,10.043676376342773,-0.8738836050033569,0.42616790533065796
1790341582427979500,41.4659794921875,10.156203269958496,-0.12449848651885986,-1.2449848651885986
1790341582444428500,41.482428466796875,9.619902610778809,-0.49799394607543945,-0.023942016065120697
1790341582460872200,41.4988720703125,9.042900085449219,-1.2856862545013428,-0.5770025849342346
1790341582477316600,41.51531665039062,10.632649421691895,0.19153612852096558,-1.7094600200653076
1790341582493757000,41.5317568359375,9.583989143371582,-0.21787235140800476,0.2537853717803955
1790341582510198000,41.548197998046874,9.39245319366455,-0.8786720037460327,-1.1468225717544556
1790341582526640000,41.56464013671875,10.307038307189941,0.49559974670410156,-1.4221558570861816
1790341582543109600,41.581109619140626,8.757989883422852,-0.689530074596405,0.5123591423034668
1790341582559552500,41.59755249023438,9.799467086791992,-0.16759411990642548,-0.9792284965515137
1790341582575997400,41.61399755859375,10.158597946166992,-0.49559974670410156,-1.139639973640442
1790341582592468700,41.63046875,10.321403503417969,-0.35434186458587646,-0.6416460275650024
1790341582608912400,41.646912353515624,10.005369186401367,0.24181437492370605,-1.256955862045288
1790341582625354000,41.66335400390625,9.454702377319336,-0.6943184733390808,-1.0821791887283325
1790341582641793000,41.67979296875,9.610325813293457,-0.31364041566848755,-1.0797849893569946
1790341582658232800,41.69623291015625,9.543288230895996,0.11252748221158981,-0.7876923680305481
1790341582674675500,41.71267553710938,9.26795482635498,-0.5051765441894531,-0.9385270476341248
1790341582691125500,41.72912548828125,9.773131370544434,-0.569819986820221,-0.7326257228851318
1790341582707569400,41.7455693359375,10.675745010375977,-0.3280056416988373,-0.3663128614425659
1790341582724017000,41.76201684570312,10.08198356628418,-0.6033388376235962,-1.290474772453308
1790341582740462000,41.778462158203126,10.400412559509277,-0.014365210197865963,-0.8667010068893433
1790341582756870400,41.79487036132812,9.708487510681152,-0.2322375625371933,-1.2832920551300049
1790341582773310700,41.81131079101562,9.205705642700195,-0.6823474764823914,-1.0199298858642578
1790341582789778700,41.82777880859375,10.005369186401367,-0.569819986820221,-1.1563993692398071
1790341582806236200,41.84423608398438,9.457097053527832,0.035913024097681046,-1.3527239561080933
1790341582822682400,41.86068237304688,8.71489429473877,-0.2585737705230713,-1.2306196689605713
1790341582839157000,41.87715698242187,9.17936897277832,0.009576806798577309,-1.3982137441635132
1790341582855601400,41.89360131835937,10.383652687072754,0.19393034279346466,-1.8746598958969116
1790341582872044500,41.91004443359375,10.474632263183594,0.6991068720817566,-0.5195417404174805
1790341582888486100,41.92648608398437,9.66539192199707,2.032677173614502,-2.43011474609375
1790341582904928300,41.94292822265625,7.314286231994629,-1.678335428237915,1.9704279899597168
1790341582921369300,41.95936938476562,8.698134422302246,-0.6368576288223267,-2.4133553504943848
1790341582937815600,41.97581567382812,11.197681427001953,1.9033904075622559,0.090979665517807
1790341582954258200,41.99225805664062,10.093954086303711,-2.9161376953125,-0.8355764150619507
1790341582970698200,42.0086982421875,12.260706901550293,-0.028730420395731926,-1.4173674583435059
1790341582987138000,42.025137939453124,9.971850395202637,0.3447650372982025,0.2106897532939911
1790341583003581200,42.04158129882813,9.531316757202148,-3.40216064453125,-0.47644615173339844
1790341583020022500,42.0580224609375,12.342109680175781,1.1085153818130493,-2.537853717803955
1790341583036484900,42.07448486328125,7.86734676361084,-1.2713210582733154,-0.395043283700943
1790341583052926000,42.09092602539062,9.967061996459961,-0.7589619159698486,-1.8124107122421265
1790341583069329400,42.10732934570313,11.750741958618164,0.0694318488240242,-2.9233202934265137
1790341583085800000,42.12380004882812,10.881647109985352,-1.3766659498214722,2.5450363159179688
1790341583102125300,42.14012524414063,9.703699111938477,-0.4836287498474121,-1.8148049116134644
1790341583118388200,42.15638818359375,11.947066307067871,-0.37828385829925537,-2.5665841102600098
1790341583134828500,42.17282861328125,10.005369186401367,-0.5841852426528931,0.9528923034667969
1790341583151271200,42.189271240234376,9.495404243469238,0.5219359993934631,-0.44771572947502136
1790341583167711700,42.205711669921875,8.449137687683105,-0.4381389021873474,-2.3726539611816406
1790341583184160000,42.222159912109376,9.361329078674316,-0.6344634294509888,0.15562310814857483
1790341583200602400,42.238602294921876,9.947908401489258,-0.7876923680305481,-1.015141487121582
1790341583217047300,42.25504736328125,11.257535934448242,-0.363918662071228,-1.656787633895874
1790341583233523200,42.27152319335938,9.730035781860352,-0.12928688526153564,-0.8307880163192749
1790341583249967000,42.28796704101563,6.950367450714111,-0.35913026332855225,0.3974374830722809
1790341583266415900,42.30441577148437,8.904036521911621,2.212242364883423,-4.02465295791626
1790341583282872600,42.32087255859375,8.537723541259766,-1.922544002532959,1.922544002532959
1790341583299314700,42.337314697265626,13.867216110229492,2.0925323963165283,-3.6104562282562256
1790341583315757600,42.35375756835938,9.208099365234375,-1.623268723487854,-1.5083470344543457
1790341583332229400,42.3702294921875,10.27591323852539,1.9129672050476074,-0.009576806798577309
1790341583348670700,42.38667065429688,5.872976779937744,-1.1180921792984009,-2.784456491470337
1790341583365112300,42.4031123046875,14.537592887878418,2.5761611461639404,-0.07661445438861847
1790341583381556500,42.419556396484374,8.276755332946777,-2.183511972427368,-0.6943184733390808
1790341583398000600,42.436000732421874,10.860098838806152,-0.21787235140800476,-2.875436305999756
1790341583414444000,42.45244409179688,12.816162109375,0.9840168952941895,-0.5578489899635315
1790341583430895900,42.46889575195313,9.215282440185547,-1.158793568611145,-1.7980455160140991
1790341583447342800,42.4853427734375,9.672574996948242,0.13407529890537262,-1.8195933103561401
1790341583463788300,42.50178833007813,10.08437728881836,-0.002394201699644327,1.4437036514282227
1790341583480232700,42.51823266601563,10.369287490844727,-0.38067805767059326,-1.6328455209732056
1790341583496677400,42.53467749023437,8.482656478881836,-1.5155296325683594,-1.4197616577148438
1790341583513120800,42.551120849609376,10.757147789001465,-0.019153613597154617,-0.4429273009300232
1790341583529575400,42.56757543945312,8.731653213500977,-2.2242133617401123,0.42377370595932007
1790341583546019300,42.58401928710938,10.563218116760254,0.11971008777618408,-0.6416460275650024
1790341583562464000,42.60046411132812,9.232041358947754,-0.6703764796257019,-2.4181437492370605
1790341583578937000,42.61693701171875,9.028534889221191,-1.137245774269104,-0.30885201692581177
1790341583595382300,42.63338232421875,9.9000244140625,-0.1149216815829277,-0.7230489253997803
1790341583611827700,42.64982763671875,10.611102104187012,-0.1149216815829277,-1.2066776752471924
1790341583628278000,42.66627807617188,9.08838939666748,-1.8555063009262085,-1.4197616577148438
1790341583644729300,42.682729248046876,10.093954086303711,0.40222588181495667,0.2585737705230713
1790341583661177000,42.699177001953124,8.422801971435547,-1.2401964664459229,-2.4899697303771973
1790341583677625900,42.7156259765625,10.122684478759766,-0.8188169598579407,-2.3247697353363037
1790341583694069000,42.73206909179687,11.128249168395996,-1.015141487121582,0.05985504388809204
1790341583710514000,42.748513916015625,10.919954299926758,-1.4484920501708984,-1.6208745241165161
1790341583726990000,42.764989990234376,10.17296314239502,-0.6584054827690125,-0.9959878921508789
1790341583743434000,42.78143408203125,9.99100399017334,-1.766920804977417,-0.31364041566848755
1790341583759879700,42.79787963867187,10.04846477508545,-0.12210428714752197,-0.8092401623725891
1790341583776381400,42.81438134765625,7.354987621307373,-1.460463047027588,-1.4748282432556152
1790341583792824000,42.83082397460937,9.612719535827637,-0.011971008032560349,-1.7310078144073486
1790341583809201000,42.84720092773438,9.44991397857666,-0.3447650372982025,-1.8339585065841675
1790341583825674000,42.863674072265624,9.75397777557373,-0.9528923034667969,-1.2018892765045166
1790341583842119700,42.88011962890625,10.211270332336426,-0.05985504388809204,-1.3455413579940796
1790341583858564600,42.896564697265624,9.591172218322754,-1.5466543436050415,-0.6488286852836609
1790341583875007000,42.913007080078124,11.858481407165527,-0.13168109953403473,-1.9369091987609863
1790341583891454000,42.929453857421876,11.291055679321289,-0.8164227604866028,-0.36152446269989014
1790341583907900400,42.945900390625,10.654197692871094,-1.3934253454208374,-0.9361328482627869
1790341583924347400,42.962347412109374,10.848128318786621,-0.3232172429561615,-1.1324573755264282
1790341583940791300,42.97879125976562,9.148244857788086,-1.0965443849563599,-0.689530074596405
1790341583957234200,42.99523413085937,9.265560150146484,-0.8523358106613159,-1.3407529592514038
1790341583973678800,43.011678955078125,9.473855972290039,-0.4908113479614258,-0.16998831927776337
1790341583990121500,43.02812158203125,8.492233276367188,-1.3479355573654175,-0.912190854549408
1790341584006563800,43.044563720703124,10.493785858154297,0.6392518281936646,-2.1284453868865967
1790341584023029000,43.061029052734376,8.688557624816895,-1.922544002532959,-0.33758243918418884
1790341584039473700,43.0774736328125,12.430695533752441,0.2992752194404602,-0.47165772318840027
1790341584055973600,43.0939736328125,11.54005241394043,-1.01753568649292,0.15322890877723694
1790341584072244200,43.110244140625,9.785101890563965,0.0933738648891449,-1.5131354331970215
1790341584088652500,43.126652587890625,8.645462036132812,0.3998316824436188,0.8595184087753296
1790341584105096200,43.14309619140625,7.951143741607666,-1.0965443849563599,-2.27209734916687
1790341584121438700,43.15943872070312,11.250353813171387,0.28730419278144836,-0.6440402865409851
1790341584137847600,43.17584765625,9.861717224121094,-1.3694833517074585,-1.4652514457702637
1790341584154289700,43.19228955078125,10.797849655151367,-0.9696516990661621,-0.6320692300796509
1790341584170741800,43.20874169921875,11.446678161621094,-0.43335050344467163,-1.158793568611145
1790341584187186400,43.2251865234375,10.012551307678223,-0.5841852426528931,0.1388636976480484
1790341584203629300,43.24162939453125,8.815450668334961,-1.4676456451416016,-1.3670891523361206
1790341584220106200,43.25810620117188,10.14902114868164,-0.035913024097681046,-1.335964560508728
1790341584236550100,43.274550048828125,9.641449928283691,-1.7956513166427612,-1.4676456451416016
1790341584252992300,43.2909921875,12.42111873626709,-0.3423708379268646,-1.6974890232086182
1790341584269458700,43.307458740234374,10.436325073242188,-1.9249382019042969,0.17956513166427612
1790341584285902600,43.32390258789062,11.034875869750977,-0.8020575642585754,-1.0654197931289673
1790341584302345700,43.340345703125,10.266336441040039,-0.35434186458587646,-1.0342950820922852
1790341584318816300,43.356816162109375,9.588777542114258,-1.5322890281677246,-0.45250412821769714
1790341584335254300,43.37325415039062,10.35252857208252,-0.363918662071228,-1.4724340438842773
1790341584351696100,43.38969604492188,9.718064308166504,-0.8786720037460327,-0.5315127968788147
1790341584368139000,43.40613891601563,9.66299819946289,-1.3072341680526733,-2.0183119773864746
1790341584384583000,43.4225830078125,11.410765647888184,-0.4692635238170624,-0.3064578175544739
1790341584401023200,43.439023193359375,9.667786598205566,-1.3239935636520386,-0.7541735172271729
1790341584417470000,43.45546997070313,10.615890502929688,-0.9145850539207458,-0.3423708379268646
1790341584433915400,43.471915283203124,9.543288230895996,-0.6799532771110535,-0.7254431247711182
1790341584450364700,43.48836474609375,9.667786598205566,-0.24660277366638184,-1.1683704853057861
1790341584466789000,43.5047890625,10.216058731079102,-0.5913678407669067,-0.3495534360408783
1790341584483198700,43.52119873046875,10.146626472473145,-0.545877993106842,-0.828393816947937
1790341584499637800,43.5376376953125,10.826580047607422,-0.42856210470199585,0.9169792532920837
1790341584516091600,43.55409155273438,9.437943458557129,-1.1994950771331787,-0.0933738648891449
1790341584532532500,43.57053247070313,10.031704902648926,-0.5674257874488831,-0.5267243981361389
1790341584548977400,43.58697729492187,8.78432559967041,-0.8619126081466675,-0.17477671802043915
1790341584565447200,43.603447265625,9.421183586120605,-0.9169792532920837,-1.8483237028121948
1790341584581889000,43.619888916015626,10.66137981414795,-0.8643068075180054,-0.689530074596405
1790341584598329900,43.63632983398438,10.125079154968262,-0.7637503147125244,-0.4884171485900879
1790341584614771200,43.65277124023437,9.485827445983887,-0.9624691009521484,-1.2545616626739502
1790341584631213000,43.66921313476563,9.66299819946289,-0.016759412363171577,0.2082955539226532
1790341584647654100,43.68565405273438,8.882488250732422,-1.2689268589019775,-1.216254472732544
1790341584664103200,43.702103271484376,10.594342231750488,-0.1628057211637497,-1.2641384601593018
1790341584680543700,43.718543701171875,10.1753568649292,-0.6631938815116882,-0.7230489253997803
1790341584696985300,43.7349853515625,10.019734382629395,-0.8882488012313843,-1.3623007535934448
1790341584713452000,43.7514521484375,10.311826705932617,-1.216254472732544,-0.22026655077934265
1790341584729894700,43.76789477539062,10.366893768310547,-0.8882488012313843,-0.6224924325942993
1790341584746337000,43.7843369140625,9.648633003234863,-0.689530074596405,-0.5650315880775452
1790341584762793700,43.80079370117188,8.808267593383789,-0.24899697303771973,-1.5107412338256836
1790341584779237000,43.81723706054687,9.10993766784668,-0.7829039692878723,-0.9576807022094727
1790341584795678000,43.833677978515624,10.20887565612793,-1.0055646896362305,-1.2234370708465576
1790341584812191000,43.85019091796875,11.05402946472168,-0.7374141216278076,-0.629675030708313
1790341584828636200,43.86663623046875,10.441113471984863,-1.1468225717544556,-0.31364041566848755
1790341584845079600,43.88307958984375,9.86889934539795,-1.2617442607879639,-0.42377370595932007
1790341584861522700,43.89952270507813,10.623072624206543,-0.5841852426528931,-0.6368576288223267
1790341584877967000,43.91596704101563,9.849745750427246,-0.8954314589500427,-0.8547300100326538
1790341584894411800,43.93241186523438,10.08437728881836,-0.7254431247711182,-0.6033388376235962
1790341584910860500,43.948860595703124,10.630255699157715,-1.0319008827209473,-0.2849099934101105
1790341584927304200,43.96530419921875,10.417171478271484,-1.0079588890075684,-0.6607996821403503
1790341584943747000,43.9817470703125,12.018892288208008,0.1149216815829277,0.08140286058187485
1790341584960189700,43.99818969726562,9.739612579345703,-1.2066776752471924,0.11013327538967133
1790341584976632300,44.01463232421875,10.287884712219238,0.7876923680305481,-0.35434186458587646
1790341584993073700,44.03107373046875,8.33182144165039,0.23702596127986908,-0.3016694188117981
1790341585009533700,44.04753369140625,8.118738174438477,-0.5147533416748047,-0.35673606395721436
1790341585025973800,44.06397387695313,9.588777542114258,1.1228805780410767,-1.048660397529602
1790341585042416600,44.08041674804687,8.75080680847168,-0.6823474764823914,0.20350714027881622
1790341585058825700,44.09682568359375,10.532093048095703,0.5051765441894531,-0.7422025203704834
1790341585075269400,44.113269287109375,9.837775230407715,0.3064578175544739,-0.016759412363171577
1790341585091709700,44.129709716796874,9.835380554199219,-0.38067805767059326,-0.1149216815829277
1790341585108149200,44.14614916992188,10.42195987701416,0,0.6009446382522583
1790341585124590600,44.16259057617187,9.3828763961792,0.24660277366638184,-1.0558429956436157
1790341585141078000,44.179078125,9.35893440246582,-0.49799394607543945,0.33758243918418884
1790341585157523500,44.1955234375,10.089165687561035,1.039083480834961,-0.1843535304069519
1790341585173963800,44.2119638671875,8.274360656738281,-0.667982280254364,0.47165772318840027
1790341585190403600,44.228403564453124,9.763554573059082,0.15562310814857483,-0.090979665517807
1790341585206873300,44.24487329101562,10.735600471496582,0.23702596127986908,0.24899697303771973
1790341585223311400,44.261311279296876,10.007762908935547,-1.1851298809051514,-0.9983820915222168
1790341585239749600,44.27774951171875,11.982979774475098,0.5793967843055725,-0.8978256583213806
1790341585256215000,44.29421508789063,10.218452453613281,-0.5434837937355042,0.37828385829925537
1790341585272660000,44.31065991210937,10.591948509216309,0.35913026332855225,-0.993593692779541
1790341585289105700,44.32710571289063,10.675745010375977,-0.1628057211637497,-0.646434485912323
1790341585305580500,44.34358056640625,10.54645824432373,-0.3232172429561615,-0.9050082564353943
1790341585322021400,44.360021484375,11.013327598571777,0.1867477297782898,-0.6272808313369751
1790341585338465800,44.3764658203125,9.856928825378418,-0.3423708379268646,-0.9217676520347595
1790341585354905900,44.39290576171875,10.199298858642578,0.16998831927776337,-1.2617442607879639
1790341585371349200,44.40934936523438,10.144232749938965,-0.45010992884635925,-0.6224924325942993
1790341585387790000,44.4257900390625,10.802638053894043,-0.07182604819536209,-0.5171475410461426
1790341585404236800,44.44223681640625,11.283872604370117,-0.28969839215278625,-0.35673606395721436
1790341585420679000,44.45867895507813,11.015722274780273,-0.10773907601833344,-0.22744916379451752
1790341585437116700,44.47511669921875,10.620678901672363,0.912190854549408,-0.5051765441894531
1790341585453556500,44.49155639648438,8.022970199584961,-0.6057330369949341,-0.6823474764823914
1790341585469995800,44.50799584960937,8.89685344696045,0.608127236366272,0.1364694982767105
1790341585486437400,44.524437255859375,8.863334655761719,0.004788403399288654,-0.3256114423274994
1790341585502898200,44.540898193359375,9.533711433410645,0.38546648621559143,-0.706289529800415
1790341585519339800,44.55733984375,9.653421401977539,-0.2777273952960968,0.6105214357376099
1790341585535781600,44.57378173828125,9.488221168518066,-0.12689268589019775,-1.2617442607879639
1790341585552251100,44.590251220703124,9.464279174804688,0.07900865375995636,0.2753331959247589
1790341585568690400,44.6066904296875,8.494627952575684,-0.33758243918418884,0.3280056416988373
1790341585585132500,44.623132568359374,8.96389102935791,-0.06464344263076782,-1.3024457693099976
1790341585601569800,44.63956982421875,9.457097053527832,-0.17717093229293823,0.7086837291717529
1790341585618010000,44.65601000976562,9.457097053527832,0.026336219161748886,-0.49320554733276367
1790341585634451500,44.672451416015626,9.593565940856934,0.11971008777618408,-0.07182604819536209
1790341585650898700,44.68889868164062,9.952696800231934,0.07661445438861847,0.14604631066322327
1790341585667338800,44.7053388671875,10.290278434753418,0.09576806426048279,-0.9026140570640564
1790341585683782000,44.721781982421874,10.558429718017578,0.6631938815116882,0.05267243832349777
1790341585700255000,44.7382548828125,9.516951560974121,-0.24660277366638184,-0.5386953949928284
1790341585716696000,44.75469604492187,10.20648193359375,0.3878606855869293,-0.9433154463768005
1790341585733139500,44.771139404296875,10.778696060180664,0.08619125932455063,0.395043283700943
1790341585749604900,44.78760498046875,10.11789608001709,-0.19632454216480255,-0.8738836050033569
1790341585766045200,44.80404516601563,10.065223693847656,0.1843535304069519,-0.05027823522686958
1790341585782486500,44.82048657226562,9.634267807006836,0.22505496442317963,-0.33997663855552673
1790341585798954200,44.83695434570313,9.294290542602539,-0.24899697303771973,-0.7326257228851318
1790341585815308300,44.85330834960938,10.76193618774414,0.09576806426048279,-0.40940847992897034
1790341585831716900,44.869716796875,10.898406028747559,-0.11252748221158981,-0.31124621629714966
1790341585848159700,44.88615966796875,10.077195167541504,-0.05267243832349777,-0.0694318488240242
1790341585864599800,44.902599853515625,9.674968719482422,0.31364041566848755,-0.10534487664699554
1790341585881040000,44.91903979492187,9.174580574035645,-0.033518824726343155,-0.6871358752250671
1790341585897491500,44.93549145507812,10.572794914245605,0.5195417404174805,-0.49559974670410156
1790341585913934600,44.9519345703125,10.383652687072754,-0.12210428714752197,-0.5985504388809204
1790341585930379500,44.96837963867188,10.881647109985352,0.5386953949928284,-0.5650315880775452
1790341585946822400,44.98482250976563,9.943120002746582,0.2968810200691223,0.17477671802043915
1790341585963265800,45.001265869140624,9.66539192199707,0.49320554733276367,-0.8475474119186401
1790341585979708200,45.017708251953124,9.162610054016113,0.6057330369949341,-0.45250412821769714
1790341585996177400,45.03417749023438,9.308655738830566,0.7493851184844971,-0.7493851184844971
1790341586012621300,45.050621337890625,9.854534149169922,0.9552865028381348,-1.01753568649292
1790341586029066000,45.06706591796875,9.646238327026367,0.828393816947937,-1.0845733880996704
1790341586045539800,45.083539794921876,9.952696800231934,1.4437036514282227,-0.33039984107017517
1790341586061927000,45.09992700195313,9.117119789123535,1.3000515699386597,-0.9193734526634216
1790341586078374700,45.116374755859376,9.296685218811035,1.280897855758667,-0.014365210197865963
1790341586094822100,45.132822265625,9.337387084960938,1.237802267074585,-0.8571242094039917
1790341586111270700,45.149270751953125,9.14345645904541,1.0462661981582642,-0.6416460275650024
1790341586127719400,45.16571948242188,9.294290542602539,0.8451532125473022,-0.035913024097681046
1790341586144170200,45.182170166015624,9.9000244140625,0.6129156351089478,-0.9289502501487732
1790341586160552000,45.198552001953125,10.445901870727539,0.629675030708313,-0.6177040338516235
1790341586176995800,45.21499584960937,10.541669845581055,0.3663128614425659,0.4118026793003082
1790341586193470500,45.231470458984376,10.005369186401367,0.5195417404174805,-0.5841852426528931
1790341586209914400,45.247914306640624,10.017339706420898,0.7781155705451965,0.35434186458587646
1790341586226358800,45.26435888671875,9.35893440246582,0.8786720037460327,-0.545877993106842
1790341586242829600,45.28082958984375,9.5624418258667,0.9050082564353943,-0.22744916379451752
1790341586259275500,45.297275634765626,9.181763648986816,1.2473790645599365,-1.070208191871643
1790341586275717600,45.31371752929687,9.141061782836914,0.17717093229293823,-0.11971008777618408
1790341586292189000,45.33018896484375,10.625467300415039,0.950498104095459,-0.31124621629714966
1790341586308628200,45.34662817382812,10.474632263183594,0.05985504388809204,-0.7206547260284424
1790341586325069000,45.36306909179687,11.499350547790527,0.8954314589500427,-0.05027823522686958
1790341586341508400,45.37950830078125,10.678139686584473,0.7398083209991455,0.33279404044151306
1790341586357949700,45.39594970703125,9.057265281677246,1.2425906658172607,-0.17477671802043915
1790341586374392000,45.41239208984375,8.932766914367676,1.0438719987869263,-0.026336219161748886
1790341586390843400,45.428843505859376,8.678980827331543,0.5889736413955688,0.33279404044151306
1790341586407288600,45.44528857421875,10.074800491333008,0.871489405632019,-1.2689268589019775
1790341586423731000,45.46173095703125,10.11550235748291,0.4165911078453064,-0.2992752194404602
1790341586440171500,45.47817163085937,10.41956615447998,0.6727706789970398,-0.33997663855552673
1790341586456611600,45.494611572265626,9.823410034179688,1.3479355573654175,-0.7852981686592102
1790341586473055200,45.51105517578125,8.863334655761719,0.4357447028160095,-0.272938996553421
1790341586489497900,45.52749780273437,9.346963882446289,0.3974374830722809,-0.9648633003234863
1790341586505907700,45.54390771484375,10.445901870727539,0.8906430602073669,-0.9026140570640564
1790341586522352000,45.56035205078125,9.828198432922363,-0.22505496442317963,-1.05105459690094
1790341586538824700,45.57682470703125,10.654197692871094,0.07900865375995636,-0.21308395266532898
1790341586555268000,45.59326806640625,10.125079154968262,0.8259995579719543,0.23702596127986908
1790341586571711200,45.60971118164063,9.009381294250488,0.43335050344467163,-0.5195417404174805
1790341586588156000,45.62615600585937,8.949525833129883,0.13407529890537262,0.14365209639072418
1790341586604601300,45.642601318359375,9.41639518737793,-0.05746084079146385,-0.9074024558067322
1790341586621047300,45.65904736328125,10.11789608001709,0.304063618183136,-0.009576806798577309
1790341586637500000,45.6755,9.801861763000488,0.07182604819536209,-1.3096283674240112
1790341586653945600,45.691945556640626,10.218452453613281,0.13168109953403473,-0.1149216815829277
1790341586670389800,45.7083896484375,10.230423927307129,0.5171475410461426,-0.5793967843055725
1790341586686864100,45.724864013671876,9.794678688049316,0.23702596127986908,-0.17717093229293823
1790341586703306000,45.741305908203124,9.531316757202148,0.10534487664699554,-0.5937620401382446
1790341586719746800,45.757746826171875,10.536881446838379,0.8020575642585754,-0.6344634294509888
1790341586736216800,45.774216796875,9.816226959228516,0.08140286058187485,-1.0199298858642578
1790341586752660500,45.79066040039063,9.955090522766113,0.3926490843296051,-1.0247182846069336
1790341586769106000,45.80710595703125,9.962273597717285,0.7829039692878723,-0.3926490843296051
1790341586785577500,45.82357739257812,9.749189376831055,-0.031124621629714966,-0.363918662071228
1790341586802021400,45.840021484375,10.733205795288086,0.6607996821403503,-0.33758243918418884
1790341586818467000,45.85646704101563,9.763554573059082,-0.2944868206977844,0.33758243918418884
1790341586834749400,45.87274951171875,10.187328338623047,0.6033388376235962,-0.363918662071228
1790341586851191300,45.88919140625,9.282320022583008,0.1604115068912506,-0.16519992053508759
1790341586867632000,45.90563208007813,8.966285705566406,0.26096799969673157,-0.26096799969673157
1790341586884097800,45.922097900390625,9.758766174316406,0.7493851184844971,0.2298433631658554
1790341586900543500,45.93854345703125,9.174580574035645,-0.2849099934101105,-0.5913678407669067
1790341586916990000,45.954989990234374,10.347740173339844,0.35673606395721436,0.7230489253997803
1790341586933436700,45.971436767578126,10.335768699645996,0.10295066982507706,-0.10295066982507706
1790341586949880000,45.98788012695312,9.44752025604248,0.3016694188117981,0.33758243918418884
1790341586966324000,46.00432397460938,9.394847869873047,0.4836287498474121,0.28969839215278625
1790341586982792400,46.02079248046875,8.987833023071289,0.1843535304069519,-0.15322890877723694
1790341586999233000,46.03723291015625,9.14345645904541,-0.31842881441116333,0.004788403399288654
1790341587015708000,46.0537080078125,10.338163375854492,0.10055647045373917,0.6560112833976746
1790341587032192300,46.07019213867188,9.974244117736816,-0.17238251864910126,0.4596867263317108
1790341587048679400,46.08667944335937,9.579200744628906,-0.16519992053508759,0.8858546018600464
1790341587065254000,46.10325390625,9.476250648498535,0.19393034279346466,1.0558429956436157
1790341587081754400,46.11975439453125,9.222464561462402,-0.37828385829925537,0.33997663855552673
1790341587098268700,46.1362685546875,9.77791976928711,-0.21308395266532898,-0.090979665517807
1790341587114651400,46.1526513671875,10.086771965026855,-0.9050082564353943,0.2968810200691223
1790341587131144400,46.16914453125,10.591948509216309,0.06224924325942993,0.0933738648891449
1790341587147610000,46.18561010742187,10.589553833007812,0.07422025501728058,0.5003881454467773
1790341587164087300,46.20208740234375,9.919178009033203,0.06224924325942993,0.9074024558067322
1790341587180514300,46.218514404296876,10.196905136108398,0.7709329724311829,0.13168109953403473
1790341587196966400,46.23496630859375,9.57441234588623,0.019153613597154617,0.5291185975074768
1790341587213454600,46.25145458984375,10.141838073730469,0.05746084079146385,0.1173158809542656
1790341587229979400,46.2679794921875,10.819397926330566,-0.14604631066322327,0.3687070608139038
1790341587246456600,46.28445654296875,10.5344877243042,0.49559974670410156,0.7637503147125244
1790341587262972200,46.30097216796875,10.699687004089355,0.9744400978088379,0.7326257228851318
1790341587279455700,46.317455810546875,9.775525093078613,0.8619126081466675,0.8427590131759644
1790341587295943200,46.333943115234376,9.502586364746094,1.0007762908935547,0.48602294921875
1790341587312445200,46.35044506835938,9.591172218322754,1.599326729774475,0.1173158809542656
1790341587328939800,46.36693969726562,9.557653427124023,1.9321208000183105,0.4165911078453064
1790341587345452500,46.38345263671875,9.14345645904541,1.6903064250946045,0.45489832758903503
1790341587361906000,46.39990600585938,9.691728591918945,1.5969325304031372,-0.1604115068912506
1790341587378397700,46.416397705078126,10.031704902648926,1.5514427423477173,0.26336219906806946
1790341587394862300,46.4328623046875,10.496180534362793,1.5155296325683594,0.28969839215278625
1790341587411353300,46.44935327148438,9.828198432922363,1.2545616626739502,0.4644751250743866
1790341587427813600,46.465813720703125,9.44991397857666,1.0223240852355957,0.3878606855869293
1790341587444300500,46.482300537109374,9.706093788146973,1.01753568649292,0.45250412821769714
1790341587460783600,46.49878369140625,10.177751541137695,1.0127472877502441,0.44771572947502136
1790341587477275100,46.51527514648438,9.758766174316406,1.1420341730117798,0.6847416758537292
1790341587493769200,46.53176928710938,9.184157371520996,0.6009446382522583,0.40701428055763245
1790341587510227200,46.54822729492187,9.988609313964844,1.9393033981323242,0.5051765441894531
1790341587526747600,46.56474755859375,9.011775016784668,0.9720458984375,0.524330198764801
1790341587543239000,46.581239013671876,9.375694274902344,1.0773907899856567,1.0630255937576294
1790341587559742500,46.597742431640626,9.478644371032715,1.1827356815338135,0.3926490843296051
1790341587576208600,46.614208740234375,9.545681953430176,1.5825673341751099,0.7374141216278076
1790341587592725800,46.63072583007813,9.516951560974121,1.5275006294250488,0.26815059781074524
1790341587609213400,46.64721337890625,10.51054573059082,1.5634137392044067,0.3471592366695404
1790341587625706200,46.663706298828124,10.050858497619629,1.4915876388549805,0.545877993106842
1790341587642202600,46.68020263671875,9.931148529052734,1.987187385559082,1.3742717504501343
1790341587658694000,46.69669384765625,9.17697525024414,1.8339585065841675,0.17717093229293823
1790341587675173000,46.71317309570313,9.220070838928223,1.7741034030914307,0.9600749015808105
1790341587691624700,46.729624755859376,9.682151794433594,2.3127987384796143,0.10295066982507706
1790341587708112100,46.74611206054688,8.068459510803223,0.9911994934082031,0.7086837291717529
1790341587724641500,46.7626416015625,9.251194953918457,1.6663644313812256,0.38546648621559143
1790341587741142500,46.779142578125,9.765948295593262,1.4293384552001953,0.21308395266532898
1790341587757650400,46.795650390625,10.733205795288086,0.9409212470054626,1.0678139925003052
1790341587774172400,46.81217236328125,11.5065336227417,1.4437036514282227,-0.0071826050989329815
1790341587790644000,46.82864404296875,10.38844108581543,0.7996633648872375,0.5889736413955688
1790341587807136800,46.84513671875,10.63504409790039,1.764526605606079,0.545877993106842
1790341587823626500,46.86162646484375,9.033323287963867,1.314416766166687,0.0933738648891449
1790341587840175400,46.87817529296875,9.208099365234375,1.5442601442337036,0.4692635238170624
1790341587856675300,46.89467529296875,9.397241592407227,0.569819986820221,-0.1843535304069519
1790341587873184000,46.91118408203125,10.613495826721191,1.6711528301239014,0.6655880808830261
1790341587889684000,46.92768408203125,9.409213066101074,0.7829039692878723,0.4644751250743866
1790341587906178800,46.9441787109375,10.429142951965332,1.4748282432556152,0.181959331035614
1790341587922695700,46.96069580078125,11.113883972167969,1.3958195447921753,-0.040701430290937424
1790341587939186700,46.977186767578125,10.57040023803711,1.5729905366897583,1.534683346748352
1790341587955677200,46.99367724609375,8.96149730682373,1.3335703611373901,0.7948749661445618
1790341587972205000,47.010205078125,9.583989143371582,1.8483237028121948,-0.24899697303771973
1790341587988701000,47.026700927734375,10.098742485046387,0.993593692779541,1.235408067703247
1790341588005215700,47.0432158203125,10.730812072753906,2.030282974243164,0.21547815203666687
1790341588021698600,47.059698486328124,8.81784439086914,1.194706678390503,0.47165772318840027
1790341588038187000,47.07618701171875,9.78989028930664,2.7126305103302,0.23702596127986908
1790341588054679300,47.09267919921875,8.520963668823242,1.173158884048462,1.0773907899856567
1790341588071124500,47.10912451171875,9.758766174316406,1.8722656965255737,0.6775590777397156
1790341588087641900,47.12564184570312,9.466673851013184,1.7094600200653076,0.002394201699644327
1790341588104098600,47.1420986328125,8.777143478393555,0.8810662031173706,1.7118542194366455
1790341588120527600,47.158527587890624,9.962273597717285,2.123656988143921,-0.5267243981361389
1790341588136970800,47.174970703125,9.430760383605957,1.2330138683319092,1.1683704853057861
1790341588153329200,47.1913291015625,9.533711433410645,1.1228805780410767,0.26336219906806946
1790341588169811700,47.20781176757812,10.261548042297363,1.5969325304031372,1.1252747774124146
1790341588186323500,47.224323486328124,10.002974510192871,0.8667010068893433,0.8140285611152649
1790341588202810000,47.24081005859375,10.919954299926758,1.7286136150360107,0.7445967197418213
1790341588219335400,47.25733544921875,9.864110946655273,1.2306196689605713,0.5961562395095825
1790341588235832000,47.27383203125,10.326191902160645,1.4460978507995605,1.05105459690094
1790341588252313900,47.29031396484375,10.271124839782715,0.9600749015808105,0.5985504388809204
1790341588268797000,47.306796875,10.900800704956055,1.723825216293335,1.1540051698684692
1790341588285282000,47.323281982421875,9.976638793945312,1.0558429956436157,0.8164227604866028
1790341588301751000,47.3397509765625,9.404424667358398,1.6160861253738403,0.9552865028381348
1790341588318214400,47.35621435546875,9.279925346374512,1.5418659448623657,0.7972691655158997
1790341588334697500,47.37269750976562,9.928754806518555,1.7908629179000854,0.912190854549408
1790341588351183000,47.38918310546875,9.576807022094727,1.0654197931289673,0.5267243981361389
1790341588367677200,47.40567724609375,10.105925559997559,2.0422539710998535,0.9097966551780701
1790341588384175900,47.42217578125,9.014169692993164,1.1635819673538208,0.7158663272857666
1790341588400669000,47.4386689453125,9.01895809173584,0.7422025203704834,1.0606313943862915
1790341588417182000,47.45518188476562,10.579977035522461,1.7525556087493896,0.4405331015586853
1790341588433633300,47.47163330078125,9.682151794433594,1.0271124839782715,1.41257905960083
1790341588450117600,47.48811767578125,9.402029991149902,1.2090718746185303,0.3974374830722809
1790341588466640600,47.504640625,9.995792388916016,2.056619167327881,0.2801215946674347
1790341588483131400,47.52113134765625,8.47786808013916,1.1300631761550903,1.2282254695892334
1790341588499644000,47.53764379882813,9.078812599182129,1.3838485479354858,-0.1173158809542656
1790341588516124400,47.55412451171875,9.409213066101074,0.8906430602073669,0.8140285611152649
1790341588532658700,47.57065869140625,10.04846477508545,0.9911994934082031,-0.12210428714752197
1790341588549159400,47.587159423828126,9.84495735168457,0.7924807667732239,1.501164436340332
1790341588565655000,47.603655029296874,9.909601211547852,1.3527239561080933,-0.6033388376235962
1790341588582135300,47.62013525390625,9.775525093078613,1.6041151285171509,0.9409212470054626
1790341588598622700,47.63662280273437,9.289502143859863,0.5889736413955688,0.5051765441894531
1790341588615112400,47.653112548828126,10.611102104187012,1.7310078144073486,0.8667010068893433
1790341588631624200,47.66962426757812,9.260771751403809,0.706289529800415,1.2425906658172607
1790341588648113400,47.686113525390624,10.211270332336426,0.9385270476341248,0.6153098344802856
1790341588664623400,47.70262329101563,10.160991668701172,1.0534487962722778,0.6512228846549988
1790341588681072000,47.71907202148437,9.919178009033203,1.4676456451416016,0.3280056416988373
1790341588697535500,47.735535400390624,9.363722801208496,0.4692635238170624,-0.05506663769483566
1790341588714025000,47.75202490234375,9.926360130310059,1.280897855758667,1.50355863571167
1790341588730481000,47.76848095703125,9.342175483703613,0.5434837937355042,-0.004788403399288654
1790341588746985200,47.784985107421875,10.350133895874023,1.1444283723831177,1.5131354331970215
1790341588763498000,47.801498046875,9.457097053527832,0.8140285611152649,0.7733271718025208
1790341588779974100,47.81797412109375,9.610325813293457,0.8978256583213806,0.1412578970193863
1790341588796471000,47.83447094726562,9.516951560974121,0.5817909836769104,0.49320554733276367
1790341588812927700,47.850927734375,10.36449909210205,1.4844050407409668,0.811634361743927
1790341588829435100,47.86743505859375,9.253589630126953,0.28969839215278625,0.4381389021873474
1790341588845916000,47.883916015625,10.211270332336426,1.3718775510787964,0.6129156351089478
1790341588862433800,47.900433837890624,9.624691009521484,0.5506663918495178,1.4700398445129395
1790341588878927000,47.91692700195313,9.552865028381348,1.113303780555725,-0.36152446269989014
1790341588895414000,47.9334140625,10.113107681274414,0.8930372595787048,1.1324573755264282
1790341588911923700,47.949923828125,9.885659217834473,1.0462661981582642,0.49799394607543945
1790341588928405200,47.9664052734375,9.533711433410645,0.9097966551780701,0.20350714027881622
1790341588944886500,47.98288647460937,9.653421401977539,0.8595184087753296,1.2234370708465576
1790341588961407500,47.999407470703126,9.586383819580078,1.072602391242981,0.23702596127986908
1790341588977901300,48.0159013671875,9.114726066589355,0.9672574996948242,0.1628057211637497
1790341588994413300,48.03241333007813,9.519346237182617,0.7996633648872375,0.9816226959228516
1790341589010897400,48.0488974609375,9.63187313079834,1.1276689767837524,0.16519992053508759
1790341589027381000,48.06538110351563,9.59835433959961,0.6919242739677429,-0.49320554733276367
1790341589043880400,48.08188037109375,11.05642318725586,0.9169792532920837,0.8236053586006165
1790341589060173300,48.09817333984375,10.83855152130127,1.1085153818130493,0.2106897532939911
1790341589076566500,48.11456640625,9.919178009033203,0.7086837291717529,0.11013327538967133
1790341589093020000,48.13102001953125,10.177751541137695,1.192312479019165,1.137245774269104
1790341589109511700,48.14751171875,9.375694274902344,0.9672574996948242,0.13407529890537262
1790341589125913900,48.163913818359376,9.909601211547852,0.8930372595787048,0.37828385829925537
1790341589142409700,48.18040966796875,9.856928825378418,0.790086567401886,1.6543933153152466
1790341589158925300,48.19692529296875,9.107542991638184,1.1444283723831177,0.3758896589279175
1790341589175411200,48.2134111328125,9.35893440246582,0.9002198576927185,0.8403648138046265
1790341589191896600,48.229896484375,9.742006301879883,1.6519991159439087,0.40701428055763245
1790341589208340000,48.24634008789062,9.308655738830566,1.1180921792984009,0.912190854549408
1790341589224831700,48.26283178710938,9.44752025604248,1.45806884765625,0.38546648621559143
1790341589241340200,48.279340087890624,8.983044624328613,1.4317326545715332,0.22266076505184174
1790341589257856800,48.295856689453124,9.78989028930664,0.7972691655158997,0.9241618514060974
1790341589274341000,48.31234106445312,10.02452278137207,1.1851298809051514,0.3232172429561615
1790341589290838300,48.32883837890625,9.818621635437012,1.1085153818130493,0.19153612852096558
1790341589307298800,48.345298828125,9.68694019317627,1.235408067703247,0.5770025849342346
1790341589323804700,48.3618046875,9.41400146484375,0.912190854549408,-0.13407529890537262
1790341589340284700,48.37828466796875,9.926360130310059,1.0438719987869263,0.6105214357376099
1790341589356778500,48.39477856445313,10.072406768798828,0.7733271718025208,0.3663128614425659
1790341589373248500,48.41124853515625,9.90241813659668,0.7134721279144287,-0.42616790533065796
1790341589389748000,48.427748046875,9.519346237182617,0.3878606855869293,0.9552865028381348
1790341589406263000,48.444262939453125,10.551246643066406,0.9672574996948242,-0.13407529890537262
1790341589422746400,48.460746337890626,10.307038307189941,0.6488286852836609,1.01753568649292
1790341589439232000,48.47723193359375,9.847352027893066,1.0821791887283325,1.6711528301239014
1790341589455754000,48.49375390625,9.591172218322754,1.3862427473068237,0.28730419278144836
1790341589472243500,48.510243408203124,8.746018409729004,1.05105459690094,0.4668693244457245
1790341589488721200,48.52672119140625,9.583989143371582,1.6136919260025024,0.6560112833976746
1790341589505233000,48.54323291015625,9.366117477416992,1.1779472827911377,0.19153612852096558
1790341589521710300,48.55971044921875,9.931148529052734,1.3886369466781616,0.6344634294509888
1790341589538205700,48.576205810546874,9.821015357971191,1.335964560508728,0.3016694188117981
1790341589554695400,48.5926953125,9.876082420349121,0.44771572947502136,0.9074024558067322
1790341589571204000,48.6092041015625,10.503362655639648,1.0534487962722778,0.44532153010368347
1790341589587650300,48.625650390625,9.856928825378418,0.43335050344467163,0.9840168952941895
1790341589604135200,48.64213525390625,9.832986831665039,0.5889736413955688,0.9911994934082031
1790341589620600600,48.6586005859375,9.66539192199707,1.987187385559082,0.4405331015586853
1790341589637088800,48.6750888671875,8.446743965148926,0.22266076505184174,0.8690952062606812
1790341589653594400,48.69159448242188,9.445125579833984,1.534683346748352,0.3016694188117981
1790341589670071600,48.708071533203125,9.210494041442871,0.44532153010368347,0.5195417404174805
1790341589686549500,48.724549560546876,10.44350814819336,1.2306196689605713,1.3742717504501343
1790341589703031000,48.74103100585938,9.421183586120605,0.6009446382522583,0.019153613597154617
1790341589719513000,48.75751318359375,10.488997459411621,0.730231523513794,0.9720458984375
1790341589736018400,48.77401831054687,10.60391902923584,1.4652514457702637,0.524330198764801
1790341589752530400,48.79053051757813,9.11233139038086,0.6200982332229614,0.40701428055763245
1790341589769010000,48.80701000976563,9.579200744628906,0.3663128614425659,0.47405192255973816
1790341589785468000,48.82346801757812,10.362105369567871,1.8100165128707886,1.2258312702178955
1790341589801923300,48.83992333984375,9.126696586608887,0.5626373887062073,0.33997663855552673
1790341589818429400,48.856429443359374,9.586383819580078,1.1659762859344482,1.0630255937576294
1790341589834926600,48.87292651367188,9.258378028869629,0.9600749015808105,0.6775590777397156
1790341589851467800,48.8894677734375,9.404424667358398,0.8331822156906128,0.8188169598579407
1790341589867964400,48.90596435546875,10.153809547424316,0.9576807022094727,0.9552865028381348
1790341589884502000,48.922501953125,9.825803756713867,0.38067805767059326,-0.0454898327589035
1790341589901012700,48.9390126953125,10.290278434753418,0.828393816947937,0.8571242094039917
1790341589917463000,48.95546313476562,9.363722801208496,0.8762778043746948,0.7924807667732239
1790341589933940000,48.97193994140625,9.550470352172852,0.22744916379451752,-0.09816227108240128
1790341589950455600,48.98845556640625,10.84094524383545,1.2617442607879639,0.629675030708313
1790341589966945800,49.00494580078125,9.758766174316406,0.3902548849582672,0.7852981686592102
1790341589983456000,49.0214560546875,10.1753568649292,1.403002142906189,0.7110779285430908
1790341589999971000,49.03797119140625,9.095572471618652,1.522712230682373,0.7972691655158997
1790341590016440300,49.0544404296875,9.222464561462402,1.414973258972168,0.8092401623725891
1790341590032941800,49.07094189453125,9.47146224975586,0.4644751250743866,-0.047884032130241394
1790341590049435600,49.087435546875,10.917559623718262,1.534683346748352,0.7350199222564697
1790341590065894000,49.103893798828125,9.610325813293457,1.1180921792984009,0.09816227108240128
1790341590082379300,49.120379150390626,9.923966407775879,1.070208191871643,1.2282254695892334
1790341590098871000,49.13687109375,10.072406768798828,1.0199298858642578,0.6847416758537292
1790341590115372000,49.1533720703125,9.600749015808105,0.751779317855835,0.7350199222564697
1790341590131846400,49.16984643554687,10.627861022949219,1.41257905960083,1.2641384601593018
1790341590148361200,49.186361328125,8.980650901794434,0.6943184733390808,-0.06464344263076782
1790341590164844300,49.20284423828125,10.424354553222656,1.280897855758667,0.8762778043746948
1790341590181333800,49.219333740234376,10.228029251098633,0.8140285611152649,1.0007762908935547
1790341590197863000,49.23586279296875,11.015722274780273,1.0103530883789062,0.4405331015586853
1790341590214289700,49.25228955078125,10.005369186401367,0.7733271718025208,0.05985504388809204
1790341590230802200,49.26880224609375,10.376470565795898,1.113303780555725,1.7262194156646729
1790341590247318800,49.28531884765625,8.920795440673828,1.0845733880996704,-0.3495534360408783
1790341590263804000,49.30180395507813,9.617507934570312,1.2856862545013428,0.5985504388809204
1790341590280273400,49.3182734375,9.361329078674316,0.9768342971801758,0.7326257228851318
1790341590296767700,49.334767822265626,9.545681953430176,0.9576807022094727,0.6967126727104187
1790341590313278200,49.3512783203125,9.947908401489258,1.072602391242981,0.4429273009300232
1790341590329729300,49.36772924804688,9.806650161743164,0.7445967197418213,0.8331822156906128
1790341590346222600,49.38422265625,9.516951560974121,1.072602391242981,-0.12928688526153564
1790341590362720800,49.400720703125,9.344569206237793,0.6703764796257019,0.7733271718025208
1790341590379182000,49.41718212890625,9.619902610778809,1.280897855758667,-0.004788403399288654
1790341590395666200,49.43366625976562,10.369287490844727,0.9097966551780701,0.9888052940368652
1790341590412150800,49.45015087890625,9.792284965515137,0.8547300100326538,0.7134721279144287
1790341590428624000,49.466623779296874,10.752359390258789,0.6991068720817566,0.6416460275650024
1790341590445103000,49.48310302734375,10.663774490356445,1.1563993692398071,0.9457096457481384
1790341590461597700,49.49959765625,10.417171478271484,0.6416460275650024,0.6153098344802856
1790341590478096000,49.516095947265626,10.24000072479248,1.0821791887283325,0.3423708379268646
1790341590494575600,49.53257568359375,9.294290542602539,0.9816226959228516,1.0845733880996704
1790341590511061000,49.54906103515625,8.762778282165527,0.3974374830722809,0.545877993106842
1790341590527528200,49.56552807617187,9.986215591430664,1.9129672050476074,-1.2018892765045166
1790341590543987500,49.581987548828124,9.126696586608887,0.12449848651885986,0.07422025501728058
1790341590560439800,49.598439697265626,10.647014617919922,0.9026140570640564,0.395043283700943
1790341590576877800,49.6148779296875,10.33098030090332,0.7254431247711182,0.849941611289978
1790341590593342500,49.63134252929687,10.034099578857422,-0.019153613597154617,0.6153098344802856
1790341590609794800,49.647794921875,11.135432243347168,0.090979665517807,0.27054479718208313
1790341590626283500,49.664283447265625,10.577583312988281,0.7733271718025208,1.5514427423477173
1790341590642751000,49.6807509765625,9.378087997436523,0.4644751250743866,0.7182605266571045
1790341590659236400,49.697236328125,8.9064302444458,0.5913678407669067,0.0933738648891449
1790341590675723500,49.7137236328125,8.980650901794434,0.6655880808830261,1.0845733880996704
1790341590692250600,49.73025073242187,9.023746490478516,-0.2585737705230713,0.19393034279346466
1790341590708711700,49.74671166992187,10.56800651550293,0.9768342971801758,-0.090979665517807
1790341590725227500,49.7632275390625,9.804255485534668,-0.12449848651885986,1.0414776802062988
1790341590741746000,49.77974584960938,9.519346237182617,0.7374141216278076,0.08140286058187485
1790341590758230500,49.79623046875,9.749189376831055,-0.26336219906806946,0.9241618514060974
1790341590774684200,49.81268408203125,10.213664054870605,0.21547815203666687,0.12928688526153564
1790341590791144000,49.82914404296875,10.919954299926758,0.5482721924781799,0.5410895943641663
1790341590807657700,49.84565771484375,9.50737476348877,0.031124621629714966,0.38546648621559143
1790341590824143600,49.8621435546875,10.347740173339844,0.6727706789970398,0.6536170840263367
1790341590840633600,49.878633544921875,10.431536674499512,1.8531121015548706,-0.7613561153411865
1790341590857137700,49.8951376953125,9.799467086791992,1.161187767982483,0.9888052940368652
1790341590873631700,49.9116318359375,9.033323287963867,0.3998316824436188,1.036689281463623
1790341590890104000,49.92810400390625,10.651803016662598,1.2497732639312744,-0.507570743560791
1790341590906590200,49.944590087890624,9.885659217834473,1.3407529592514038,1.7310078144073486
1790341590923074600,49.96107446289062,9.255983352661133,0.40940847992897034,0.0071826050989329815
1790341590939597000,49.97759716796875,10.077195167541504,1.4700398445129395,0.689530074596405
1790341590956088000,49.994088134765626,9.026140213012695,0.9097966551780701,-0.023942016065120697
1790341590972597500,50.01059741210938,9.294290542602539,0.45250412821769714,0.586579442024231
1790341590989111300,50.027111328125,9.765948295593262,0.11971008777618408,0.7110779285430908
1790341591005598700,50.0435986328125,9.849745750427246,0.11252748221158981,-0.014365210197865963
1790341591022070800,50.06007080078125,10.113107681274414,0.20111294090747833,0.8547300100326538
1790341591038513700,50.076513671875,10.18493366241455,0.12928688526153564,0.28969839215278625
1790341591055062500,50.0930625,10.917559623718262,1.0749965906143188,0.3974374830722809
1790341591071547000,50.109546875,9.217676162719727,0.16759411990642548,0.047884032130241394
1790341591088032000,50.12603198242188,9.593565940856934,0.5985504388809204,0.8379706144332886
1790341591104570600,50.14257055664063,9.411606788635254,0.6009446382522583,0.42377370595932007
1790341591121064400,50.159064453125,9.32302188873291,0.15322890877723694,0.45489832758903503
1790341591137575400,50.17557543945313,10.18493366241455,0.6105214357376099,0.24660277366638184
1790341591154026200,50.19202612304687,9.521739959716797,0.0694318488240242,0.10055647045373917
1790341591170509800,50.208509765625,10.189722061157227,0.689530074596405,0.3447650372982025
1790341591186998500,50.22499853515625,9.734824180603027,0.3734954595565796,0.2825157940387726
1790341591203491000,50.241490966796874,10.27591323852539,1.072602391242981,0.18914192914962769
1790341591219987500,50.257987548828126,9.885659217834473,0.8212111592292786,1.5179238319396973
1790341591236457500,50.27445751953125,9.006986618041992,0.26815059781074524,0.15801730751991272
1790341591252941600,50.29094165039062,10.074800491333008,1.1324573755264282,0.7350199222564697
1790341591269440000,50.30743994140625,8.83699893951416,0.5386953949928284,0.5817909836769104
1790341591285898800,50.32389868164063,9.481039047241211,0.8571242094039917,0.090979665517807
1790341591302410800,50.34041064453125,9.141061782836914,0.5602431893348694,0.2059013396501541
1790341591318893800,50.356893798828125,9.320627212524414,0.31364041566848755,0.038307227194309235
1790341591335382300,50.37338232421875,10.086771965026855,0.23942017555236816,0.8092401623725891
1790341591351880200,50.38988012695312,9.876082420349121,-0.12928688526153564,0.15801730751991272
1790341591368374300,50.40637426757812,10.278307914733887,0.4572925269603729,0.7613561153411865
1790341591384855800,50.42285571289062,9.840168952941895,0.33758243918418884,0.3687070608139038
1790341591401341200,50.439341064453124,9.880870819091797,0.9792284965515137,0.2059013396501541
1790341591417825500,50.45582543945312,9.473855972290039,0.6991068720817566,-0.08619125932455063
1790341591434317300,50.4723173828125,9.028534889221191,0.37828385829925537,-0.2801215946674347
1790341591450809300,50.488809326171875,9.615114212036133,0.15801730751991272,0.5554547905921936
1790341591467324200,50.50532421875,10.146626472473145,0.6727706789970398,0.4213795065879822
1790341591483840800,50.5218408203125,9.732429504394531,0.38546648621559143,0.33039984107017517
1790341591500327400,50.538327392578125,10.153809547424316,0.35434186458587646,0.6631938815116882
1790341591516826400,50.55482641601562,10.644620895385742,0.5793967843055725,0.33997663855552673
1790341591533322000,50.57132202148438,9.959878921508789,0.7398083209991455,0.6320692300796509
1790341591549838000,50.587838134765626,9.581595420837402,0.6991068720817566,0.36152446269989014
1790341591566260700,50.6042607421875,8.918401718139648,0.9050082564353943,0.27054479718208313
1790341591582757400,50.62075732421875,8.724471092224121,0.3256114423274994,0.6224924325942993
1790341591599258400,50.63725830078125,9.763554573059082,0.8882488012313843,0.47405192255973816
1790341591615752000,50.653751953125,9.78989028930664,0.4644751250743866,0.5027823448181152
1790341591632266200,50.67026635742187,9.861717224121094,0.569819986820221,0.21547815203666687
1790341591648756000,50.686755859375,9.885659217834473,0.667982280254364,0.40462008118629456
1790341591665244000,50.70324389648437,9.84495735168457,0.7493851184844971,0.10055647045373917
1790341591681770500,50.7197705078125,9.186552047729492,0.608127236366272,0.5817909836769104
1790341591698265600,50.736265625,9.62947940826416,0.42377370595932007,-0.12928688526153564
1790341591714746600,50.75274658203125,10.050858497619629,0.6416460275650024,0.2849099934101105
1790341591731231200,50.76923120117188,9.995792388916016,0.5027823448181152,1.1540051698684692
1790341591747718400,50.78571850585938,10.290278434753418,1.0055646896362305,-0.26096799969673157
1790341591764219000,50.802218994140624,9.8784761428833,0.6560112833976746,0.5482721924781799
1790341591780682200,50.81868212890625,9.828198432922363,0.8451532125473022,0.7852981686592102
1790341591797197600,50.83519750976563,9.742006301879883,0.7996633648872375,-0.1173158809542656
1790341591813655600,50.85165551757812,9.30386734008789,0.8547300100326538,0.5339069962501526
1790341591830153200,50.8681533203125,9.440337181091309,0.5674257874488831,0.22026655077934265
1790341591846624300,50.884624267578126,9.394847869873047,0.768538773059845,0.586579442024231
1790341591863129000,50.901129150390624,9.488221168518066,0.3663128614425659,0.7015010714530945
1790341591879639800,50.91763989257812,10.098742485046387,1.3335703611373901,0.13407529890537262
1790341591896064300,50.934064208984374,9.648633003234863,0.6655880808830261,0.586579442024231
1790341591912515000,50.95051513671875,9.141061782836914,0.5339069962501526,0.42377370595932007
1790341591929003500,50.96700341796875,9.35893440246582,0.5770025849342346,-0.05267243832349777
1790341591945491500,50.98349145507812,9.038111686706543,0.629675030708313,0.4165911078453064
1790341591962002000,51.000001953125,9.47146224975586,0.35434186458587646,0.5817909836769104
1790341591978484500,51.016484375,10.445901870727539,0.8379706144332886,-0.3064578175544739
1790341591994972200,51.03297216796875,9.782708168029785,0.7422025203704834,0.7637503147125244
1790341592011471400,51.04947143554688,9.734824180603027,0.8044517636299133,-0.30885201692581177
1790341592027966000,51.06596606445312,10.24000072479248,1.1061211824417114,0.7182605266571045
1790341592044480300,51.08248022460938,9.160215377807617,0.21547815203666687,0.40701428055763245
1790341592060921900,51.098921875,10.127472877502441,0.4429273009300232,0.49320554733276367
1790341592077415000,51.115414794921875,10.335768699645996,0.8259995579719543,0.3687070608139038
1790341592093917000,51.1319169921875,9.660603523254395,0.6057330369949341,0.5506663918495178
1790341592110381000,51.148381103515625,10.551246643066406,0.6823474764823914,0.33758243918418884
1790341592126901200,51.1649013671875,10.426748275756836,1.3287819623947144,0.20350714027881622
1790341592143394300,51.18139428710938,9.260771751403809,0.4165911078453064,0.7637503147125244
1790341592159880400,51.19788037109375,9.952696800231934,0.9050082564353943,-0.13407529890537262
1790341592176405500,51.21440551757812,10.002974510192871,0.4189853072166443,0.9002198576927185
1790341592192897300,51.230897216796876,9.919178009033203,0.667982280254364,0.3974374830722809
1790341592209409800,51.247409912109376,9.363722801208496,1.2090718746185303,-0.043095629662275314
1790341592225931300,51.26393115234375,9.2033109664917,0.4213795065879822,0.181959331035614
1790341592242444300,51.2804443359375,10.417171478271484,1.1899182796478271,0.028730420395731926
1790341592258942700,51.296942626953125,9.433155059814453,0.304063618183136,0.3878606855869293
1790341592275439900,51.31343994140625,10.165780067443848,0.5482721924781799,0.5650315880775452
1790341592291954700,51.32995458984375,9.162610054016113,0.6177040338516235,0.44532153010368347
1790341592308444000,51.34644384765625,9.86650562286377,1.0055646896362305,-0.17717093229293823
1790341592324939500,51.362939453125,9.519346237182617,0.7829039692878723,0.8331822156906128
1790341592341440800,51.37944067382813,9.313444137573242,1.0271124839782715,-0.36152446269989014
1790341592357935600,51.395935546875,9.430760383605957,1.094150185585022,0.33997663855552673
1790341592374419200,51.412419189453125,8.96149730682373,0.47644615173339844,0.790086567401886
1790341592390879000,51.42887890625,9.418789863586426,0.6368576288223267,-0.3926490843296051
1790341592407368700,51.44536865234375,10.041281700134277,0.8451532125473022,0.8619126081466675
1790341592423865000,51.461864990234375,9.931148529052734,0.33758243918418884,0.2992752194404602
1790341592440362000,51.47836206054688,10.596736907958984,1.139639973640442,0.021547814831137657
1790341592456845600,51.49484545898437,10.055646896362305,0.5674257874488831,1.0127472877502441
1790341592473332000,51.51133203125,9.66539192199707,0.7158663272857666,-0.24181437492370605
1790341592489820700,51.52782055664063,10.235212326049805,0.8379706144332886,0.9433154463768005
1790341592506321700,51.54432177734375,9.411606788635254,0.5267243981361389,0.4596867263317108
1790341592522816800,51.56081665039063,10.249577522277832,0.8307880163192749,-0.21547815203666687
1790341592539334700,51.57733471679688,10.393229484558105,1.1875240802764893,0.4213795065879822
1790341592555821300,51.5938212890625,9.758766174316406,0.6799532771110535,0.26815059781074524
1790341592572382000,51.6103818359375,9.493009567260742,1.0031704902648926,0.07422025501728058
1790341592588883200,51.62688330078125,8.875306129455566,0.14844051003456116,0.45489832758903503
1790341592605376000,51.6433759765625,9.696516990661621,0.6177040338516235,0.11971008777618408
1790341592621859800,51.65985986328125,9.914389610290527,0.6775590777397156,0.5626373887062073
1790341592638353400,51.676353515625,9.68933391571045,0.6631938815116882,0.002394201699644327
1790341592654846000,51.692845947265624,9.48343276977539,0.47165772318840027,-0.033518824726343155
1790341592671377400,51.70937744140625,9.873687744140625,0.7637503147125244,0.26815059781074524
1790341592687839000,51.7258388671875,8.968679428100586,0.011971008032560349,-0.05027823522686958
1790341592704351200,51.742351318359376,9.96945571899414,0.26575639843940735,0.6631938815116882
1790341592720869000,51.758869140625,10.335768699645996,0.1843535304069519,0.3016694188117981
1790341592737353200,51.77535327148438,9.995792388916016,0.0071826050989329815,-0.15562310814857483
1790341592753849600,51.791849609375,9.892841339111328,0.689530074596405,0.5051765441894531
1790341592770342700,51.8083427734375,9.50498104095459,0.5123591423034668,0.4118026793003082
1790341592786855400,51.82485546875,9.390059471130371,0.2537853717803955,-0.5195417404174805
1790341592803305700,51.8413056640625,9.818621635437012,0.2849099934101105,0.3663128614425659
1790341592819795200,51.85779516601563,9.823410034179688,0.002394201699644327,0.4644751250743866
1790341592836292900,51.87429296875,10.433931350708008,0.8547300100326538,0.26815059781074524
1790341592852754200,51.89075415039063,10.26394271850586,0.07900865375995636,-0.10055647045373917
1790341592869174500,51.90717456054688,10.38604736328125,0.3734954595565796,1.2018892765045166
1790341592885627600,51.923627685546876,9.59835433959961,0.45489832758903503,-0.11252748221158981
1790341592902115800,51.94011572265625,9.983820915222168,0.19871874153614044,0.7350199222564697
1790341592918582800,51.956582763671875,9.157821655273438,0.2537853717803955,0.22266076505184174
1790341592935044600,51.97304467773437,9.368511199951172,0.20111294090747833,0.047884032130241394
1790341592951562800,51.98956274414063,9.864110946655273,0.569819986820221,0.3256114423274994
1790341592968077800,52.00607788085937,10.08198356628418,0.6631938815116882,-0.1867477297782898
1790341592984565000,52.02256494140625,10.062829971313477,0.5171475410461426,0.4189853072166443
1790341593001068000,52.03906811523437,9.548076629638672,0.4429273009300232,0.4692635238170624
1790341593017531000,52.05553076171875,9.093177795410156,0.304063618183136,-0.36152446269989014
1790341593034043100,52.07204321289063,9.744400978088379,0.40462008118629456,0.4668693244457245
1790341593050462000,52.0884619140625,10.295066833496094,0.8738836050033569,-0.038307227194309235
1790341593066960000,52.1049599609375,9.883264541625977,0.5961562395095825,0.011971008032560349
1790341593083429000,52.12142919921875,9.787496566772461,0.43095630407333374,0.26336219906806946
1790341593099898400,52.1378984375,9.643844604492188,0.3519476354122162,0.35434186458587646
1790341593116380400,52.15438037109375,9.44991397857666,0.37828385829925537,0.3687070608139038
1790341593132840200,52.170840087890625,9.770736694335938,0.3902548849582672,0.2849099934101105
1790341593149297200,52.187297119140624,9.749189376831055,0.043095629662275314,0.21547815203666687
1790341593165828400,52.20382836914062,10.046070098876953,0.6703764796257019,0.4596867263317108
1790341593182325500,52.22032543945313,9.828198432922363,0.23702596127986908,0.6655880808830261
1790341593198808600,52.23680859375,9.904812812805176,0.4884171485900879,0.0694318488240242
1790341593215329800,52.253329833984374,9.672574996948242,-0.29209262132644653,0.6009446382522583
1790341593231815400,52.2698154296875,9.99339771270752,0.19393034279346466,-0.08140286058187485
1790341593248355300,52.28635522460937,10.105925559997559,-0.10534487664699554,0.49559974670410156
1790341593264847400,52.30284741210937,9.964667320251465,-0.31603461503982544,0.43335050344467163
1790341593281362400,52.319362548828124,10.642226219177246,-0.05267243832349777,0.016759412363171577
1790341593297849600,52.335849609375,10.06043529510498,0.17956513166427612,0.545877993106842
1790341593314338600,52.352338623046876,9.579200744628906,-0.40701428055763245,0.5554547905921936
1790341593330837800,52.36883764648437,9.706093788146973,0.1604115068912506,0.38067805767059326
1790341593347332000,52.38533203125,9.169792175292969,-0.4572925269603729,0.7924807667732239
1790341593363813000,52.40181323242187,10.201693534851074,-0.06464344263076782,-0.15801730751991272
1790341593380300000,52.41830004882812,9.466673851013184,0.27054479718208313,0.6248866319656372
1790341593396787700,52.43478759765625,9.425971984863281,0.06703764945268631,0.5003881454467773
1790341593413284600,52.45128466796875,9.995792388916016,0.33997663855552673,0.22026655077934265
1790341593429782000,52.467781982421876,8.609549522399902,-0.17956513166427612,0.47644615173339844
1790341593446284800,52.48428491210937,9.519346237182617,0.30885201692581177,0.8930372595787048
1790341593462800600,52.50080053710938,9.069235801696777,-0.043095629662275314,0.31124621629714966
1790341593479289900,52.51728979492187,10.299856185913086,0.1364694982767105,0.42856210470199585
1790341593495794700,52.53379467773438,10.36449909210205,0.20350714027881622,0.08619125932455063
1790341593512292600,52.55029272460938,9.555258750915527,-0.35673606395721436,0.8690952062606812
1790341593528809200,52.56680932617188,10.055646896362305,0.7733271718025208,0.019153613597154617
1790341593545296400,52.58329638671875,8.93037223815918,-0.33758243918418884,0.2801215946674347
1790341593561789400,52.59978955078125,9.90241813659668,-0.23942017555236816,0.5147533416748047
1790341593578292500,52.61629248046875,10.891223907470703,0.014365210197865963,0.667982280254364
1790341593594718200,52.63271826171875,9.986215591430664,0.05506663769483566,0.5267243981361389
1790341593611198000,52.64919799804687,9.646238327026367,-0.26575639843940735,0.12689268589019775
1790341593627684400,52.66568432617188,10.11789608001709,0.33039984107017517,1.0271124839782715
1790341593644169200,52.68216918945313,8.968679428100586,-0.15562310814857483,-0.11971008777618408
1790341593660693200,52.698693359375,9.68694019317627,0.33758243918418884,-0.23942017555236816
1790341593677183500,52.71518359375,9.732429504394531,-0.44771572947502136,0.3064578175544739
1790341593693699300,52.73169921875,10.857705116271973,0.2753331959247589,0.9816226959228516
1790341593710187000,52.74818701171875,9.715670585632324,0.22026655077934265,-0.7757213711738586
1790341593726674700,52.7646748046875,10.137049674987793,0.36152446269989014,0.9959878921508789
1790341593743172000,52.78117211914063,9.258378028869629,0.24899697303771973,-0.016759412363171577
1790341593759665000,52.79766479492187,9.691728591918945,-0.0071826050989329815,0.35913026332855225
1790341593776181200,52.81418115234375,10.228029251098633,-0.021547814831137657,0.6536170840263367
1790341593792668000,52.83066796875,9.29189682006836,0.19153612852096558,0.2849099934101105
1790341593809160400,52.84716040039063,9.033323287963867,-0.22744916379451752,1.0462661981582642
1790341593825660000,52.86365991210938,9.435548782348633,-0.1412578970193863,0.10534487664699554
1790341593842152700,52.88015258789063,10.005369186401367,-0.3998316824436188,0.19871874153614044
1790341593858666000,52.896666015625,10.994174003601074,-0.14604631066322327,0.6248866319656372
1790341593875153700,52.913153564453125,10.414777755737305,-0.17238251864910126,0.11971008777618408
1790341593891628300,52.92962817382813,9.588777542114258,-0.17238251864910126,0.6344634294509888
1790341593908122000,52.9461220703125,9.923966407775879,0.06464344263076782,0.8451532125473022
1790341593924650800,52.96265063476562,9.0859956741333,0.2561795711517334,0.3926490843296051
1790341593941162000,52.979161865234374,8.695740699768066,0.10055647045373917,-0.13407529890537262
1790341593957646300,52.99564624023437,9.421183586120605,-0.730231523513794,0.12928688526153564
1790341593974121200,53.012121337890626,10.565611839294434,1.0295066833496094,1.0462661981582642
1790341593990622000,53.0286220703125,9.564835548400879,0.17238251864910126,0.45010992884635925
1790341594007111400,53.045111328125,9.732429504394531,-0.3423708379268646,-0.002394201699644327
1790341594023623000,53.06162280273438,9.955090522766113,0.22266076505184174,0.8954314589500427
1790341594040107800,53.078107666015626,10.54645824432373,0.002394201699644327,1.1109095811843872
1790341594056481000,53.09448095703125,10.481815338134766,0.11252748221158981,-0.22505496442317963
1790341594072882400,53.11088232421875,9.337387084960938,-0.2825157940387726,0.6967126727104187
1790341594089378300,53.12737841796875,9.327810287475586,-0.18914192914962769,0.8188169598579407
1790341594105861400,53.143861328125,9.86650562286377,0.7158663272857666,0.3519476354122162
1790341594122349800,53.160349853515626,9.536105155944824,-0.8762778043746948,0.5985504388809204
1790341594138840300,53.17684033203125,11.085153579711914,0.4213795065879822,0.9409212470054626
1790341594155366000,53.193365966796875,9.821015357971191,-0.15562310814857483,0.3998316824436188
1790341594171862300,53.2098623046875,10.08198356628418,1.280897855758667,-0.14844051003456116
1790341594188365600,53.226365478515625,9.026140213012695,-0.009576806798577309,1.3479355573654175
1790341594204888600,53.242888671875,9.536105155944824,0.5770025849342346,-1.015141487121582
1790341594221375200,53.25937524414063,10.319009780883789,0.7158663272857666,1.2258312702178955
1790341594237842000,53.27584204101562,9.045293807983398,-0.7565677165985107,0.019153613597154617
1790341594254336000,53.2923359375,10.146626472473145,0.7924807667732239,-0.09576806426048279
1790341594270865200,53.308865234375,8.822632789611816,-0.07182604819536209,1.1061211824417114
1790341594287357400,53.325357421875,9.191340446472168,0.14604631066322327,-0.363918662071228
1790341594303843000,53.34184301757813,10.182539939880371,0.7134721279144287,0.3878606855869293
1790341594320307500,53.35830737304688,10.716446876525879,1.0630255937576294,0.9792284965515137
1790341594336784400,53.374784423828125,9.251194953918457,1.0247182846069336,-1.6974890232086182
1790341594353246700,53.39124682617187,9.780313491821289,0.5506663918495178,2.1547815799713135
1790341594369751300,53.407751220703126,9.277531623840332,1.3694833517074585,0.4429273009300232
1790341594386229800,53.42422973632812,10.012551307678223,0.7805097699165344,0.1149216815829277
1790341594402747100,53.4407470703125,9.825803756713867,-0.14604631066322327,0.871489405632019
1790341594419242200,53.4572421875,11.259930610656738,1.455674648284912,-0.1412578970193863
1790341594435722200,53.47372216796875,10.606313705444336,-0.28730419278144836,1.7908629179000854
1790341594452209000,53.490208984375,10.860098838806152,0.40701428055763245,-0.5291185975074768
1790341594468695800,53.50669580078125,10.141838073730469,0.9385270476341248,1.0582371950149536
1790341594485196500,53.52319653320313,9.478644371032715,0.22744916379451752,1.522712230682373
1790341594501658600,53.53965869140625,10.405200958251953,-0.05506663769483566,0.026336219161748886
1790341594518167000,53.5561669921875,11.034875869750977,1.1875240802764893,0.1173158809542656
1790341594534654200,53.572654296875,8.38688850402832,-0.6727706789970398,0.4812345504760742
1790341594551135500,53.58913549804687,9.72285270690918,0.8547300100326538,0.9002198576927185
1790341594567605500,53.60560546875,9.23443603515625,-0.730231523513794,-0.40462008118629456
1790341594584070400,53.6220703125,10.441113471984863,0.23702596127986908,0.021547814831137657
1790341594600522000,53.63852197265625,10.074800491333008,-0.5099649429321289,1.1180921792984009
1790341594617008000,53.655008056640625,10.139444351196289,0.5219359993934631,-0.5099649429321289
1790341594633493500,53.671493408203126,9.555258750915527,-0.5099649429321289,0.5434837937355042
1790341594649993200,53.6879931640625,10.623072624206543,0.4165911078453064,0.37828385829925537
1790341594666467000,53.704467041015626,9.93593692779541,0.1173158809542656,0.0454898327589035
1790341594682982700,53.72098266601562,9.028534889221191,0.3447650372982025,0.3256114423274994
1790341594699503900,53.73750390625,9.402029991149902,-0.30885201692581177,0.2825157940387726
1790341594715993300,53.75399340820312,11.314997673034668,1.3024457693099976,0.17238251864910126
1790341594732460000,53.7704599609375,8.53293514251709,0.090979665517807,-0.3280056416988373
1790341594748956000,53.78695581054688,9.509769439697266,0.5291185975074768,0.8020575642585754
1790341594765470500,53.80347045898438,9.299078941345215,0.3256114423274994,-0.0071826050989329815
1790341594781923600,53.81992358398438,10.168174743652344,0.1149216815829277,0.569819986820221
1790341594798396200,53.83639624023437,10.254365921020508,0.08619125932455063,1.400607943534851
1790341594814862000,53.852862060546876,9.9000244140625,0.8858546018600464,0.11971008777618408
1790341594831323400,53.86932348632813,9.823410034179688,0.9265560507774353,0.9409212470054626
1790341594847802000,53.885802001953124,8.83939266204834,0.06703764945268631,0.0454898327589035
1790341594864254200,53.902254150390625,10.886435508728027,0.8834604024887085,1.0773907899856567
1790341594880779300,53.918779296875,9.962273597717285,0.9074024558067322,0.828393816947937
1790341594897301000,53.93530102539062,9.078812599182129,0.21308395266532898,0.6153098344802856
1790341594913794300,53.951794189453125,9.045293807983398,0.35673606395721436,1.1420341730117798
1790341594930306000,53.96830615234375,10.204087257385254,1.1851298809051514,0.524330198764801
1790341594946872300,53.98487231445313,9.591172218322754,0.13407529890537262,0.9888052940368652
1790341594963356700,54.001356689453125,9.75637149810791,0.14844051003456116,0.6631938815116882
1790341594979852500,54.0178525390625,10.000580787658691,0.5506663918495178,0.569819986820221
1790341594996345000,54.034344970703124,9.926360130310059,0.4189853072166443,0.8475474119186401
1790341595012822500,54.050822509765624,9.84495735168457,0.26815059781074524,0.6536170840263367
1790341595029272000,54.06727197265625,9.888052940368652,0.304063618183136,0.07422025501728058
1790341595045760300,54.08376025390625,10.043676376342773,0.7757213711738586,0.6967126727104187
1790341595062322000,54.100322021484374,10.103530883789062,0.44771572947502136,0.811634361743927
1790341595078819300,54.1168193359375,9.370905876159668,0.5602431893348694,-0.4405331015586853
1790341595095340000,54.13334008789062,8.69334602355957,0.22744916379451752,0.42377370595932007
1790341595111810800,54.149810791015625,8.616731643676758,0.10773907601833344,0.6105214357376099
1790341595128288800,54.16628881835938,9.411606788635254,0.2585737705230713,0.1843535304069519
1790341595144814600,54.18281469726563,10.14902114868164,0.7661445140838623,-0.9265560507774353
1790341595161276000,54.19927587890625,10.113107681274414,0.4381389021873474,1.314416766166687
1790341595177791000,54.215791015625,10.110713958740234,0.706289529800415,0.181959331035614
1790341595194275000,54.232275146484376,10.335768699645996,1.1444283723831177,0.5817909836769104
1790341595210761200,54.24876123046875,9.93593692779541,0.6129156351089478,0.9074024558067322
1790341595227258000,54.265258056640626,10.326191902160645,1.4963760375976562,-0.06464344263076782
1790341595243720400,54.281720458984374,9.852140426635742,1.0821791887283325,1.434126853942871
1790341595260233700,54.298233642578126,9.610325813293457,1.1540051698684692,0.004788403399288654
1790341595276627700,54.314627685546874,9.768342971801758,0.6153098344802856,1.2042834758758545
1790341595293121300,54.33112133789062,10.005369186401367,1.3239935636520386,0.5171475410461426
1790341595309625300,54.34762524414062,9.32302188873291,0.5817909836769104,0.2082955539226532
1790341595326119200,54.364119140625,9.99100399017334,0.5410895943641663,1.316810965538025
1790341595342630700,54.380630615234374,10.44350814819336,0.8044517636299133,0.5722141861915588
1790341595359085800,54.3970859375,10.196905136108398,0.8092401623725891,0.6727706789970398
1790341595375573000,54.413572998046874,9.938331604003906,0.3208230137825012,0.7493851184844971
1790341595392097000,54.430096923828124,10.29746150970459,1.2473790645599365,0.6775590777397156
1790341595408592100,54.44659204101563,9.222464561462402,0.7829039692878723,0.2537853717803955
1790341595425106700,54.46310668945313,9.607931137084961,0.6033388376235962,0.36152446269989014
1790341595441619000,54.479618896484375,9.765948295593262,1.2114660739898682,0.4357447028160095
1790341595458104800,54.49610473632813,9.02135181427002,0.19632454216480255,-0.07900865375995636
1790341595474557200,54.51255712890625,10.158597946166992,1.0749965906143188,0.12689268589019775
1790341595491049200,54.52904931640625,9.346963882446289,0.6272808313369751,0.7589619159698486
1790341595507559700,54.5455595703125,9.14345645904541,0.5219359993934631,0.043095629662275314
1790341595524039700,54.56203979492187,9.876082420349121,0.9002198576927185,0.4572925269603729
1790341595540525600,54.578525634765626,10.474632263183594,1.094150185585022,0.43335050344467163
1790341595556989000,54.59498901367188,10.407594680786133,1.256955862045288,0.07182604819536209
1790341595573449200,54.61144921875,9.543288230895996,0.8930372595787048,0.21787235140800476
1790341595589962800,54.62796264648438,9.62947940826416,1.2018892765045166,0.4836287498474121
1790341595606411800,54.644411865234375,9.715670585632324,0.9074024558067322,0.40462008118629456
1790341595622911000,54.66091088867187,9.804255485534668,1.1420341730117798,0.16519992053508759
1790341595639434200,54.67743432617188,9.165003776550293,0.4141969084739685,0.7230489253997803
1790341595655929300,54.69392944335937,9.672574996948242,1.0869675874710083,0.1604115068912506
1790341595672413200,54.7104130859375,9.84495735168457,0.586579442024231,0.6799532771110535
1790341595688933000,54.72693310546875,9.847352027893066,0.608127236366272,0.43335050344467163
1790341595705421800,54.743421875,9.914389610290527,0.9840168952941895,0.7134721279144287
1790341595721923000,54.75992309570312,9.713275909423828,0.7805097699165344,0.7589619159698486
1790341595738417700,54.776417724609374,10.062829971313477,0.7829039692878723,0.4381389021873474
1790341595754930200,54.79293017578125,9.461885452270508,0.6248866319656372,0.6536170840263367
1790341595771415300,54.80941528320312,9.390059471130371,0.768538773059845,0.5578489899635315
1790341595787905300,54.8259052734375,9.847352027893066,1.036689281463623,0.4213795065879822
1790341595804403200,54.8424033203125,9.500192642211914,1.0989385843276978,0.9026140570640564
1790341595820895700,54.85889575195313,9.306262016296387,0.9888052940368652,0.7134721279144287
1790341595837376300,54.875376220703124,8.995016098022461,1.072602391242981,0.21547815203666687
1790341595853829600,54.89182958984375,9.035717010498047,0.7158663272857666,0.47405192255973816
1790341595870298000,54.908298095703124,9.979032516479492,1.6519991159439087,0.019153613597154617
1790341595886803000,54.92480297851562,10.465055465698242,1.1444283723831177,0.40701428055763245
1790341595903300000,54.941300048828126,9.923966407775879,1.070208191871643,-0.05506663769483566
1790341595919748900,54.95774877929688,10.11550235748291,1.1803414821624756,0.8068459630012512
1790341595936259000,54.974259033203126,9.07641887664795,0.9074024558067322,0.1388636976480484
1790341595952739600,54.99073950195312,9.318233489990234,0.8786720037460327,0.811634361743927
1790341595969209900,55.0072099609375,9.95748519897461,1.314416766166687,0.6488286852836609
1790341595985654300,55.023654296875,10.211270332336426,1.1348515748977661,0.5051765441894531
1790341596002134300,55.04013427734375,10.27591323852539,1.1204863786697388,1.036689281463623
1790341596018622200,55.05662231445312,9.81143856048584,1.2832920551300049,0.1628057211637497
1790341596035114800,55.07311474609375,9.425971984863281,0.7230489253997803,0.6512228846549988
1790341596050538500,55.08853857421875,9.696516990661621,0.7972691655158997,0.16759411990642548
1790341596067001300,55.10500146484375,10.046070098876953,0.7613561153411865,0.49559974670410156
1790341596083520800,55.12152075195313,9.952696800231934,0.8906430602073669,1.0103530883789062
1790341596100009700,55.138009765625,9.435548782348633,0.7134721279144287,0.3998316824436188
