{
  "type": "FeatureCollection",
  "features": [
    {
      "type": "Feature",
      "properties": {
        "type": "corridor_ribbon_boundary",
        "default_width_m": 175.0,
        "junction_width_m": 350.0,
        "num_road_segments": 848
      },
      "geometry": {
        "type": "Polygon",
        "coordinates": [
          [
            [
              78.37384038488821,
              17.44213945254293
            ],
            [
              78.37382354095824,
              17.44305118011347
            ],
            [
              78.37676072669382,
              17.44029536285898
            ],
            [
              78.37643282132846,
              17.440336216130795
            ],
            [
              78.37642644216086,
              17.440338808001265
            ],
            [
              78.37611192033384,
              17.440393458619344
            ],
            [
              78.37614794115282,
              17.44038660451676
            ],
            [
              78.37643900699047,
              17.44193439619602
            ],
            [
              78.37611508809573,
              17.441997460923876
            ],
            [
              78.37542115134119,
              17.440528071599974
            ],
            [
              78.37530107671036,
              17.440553020788276
            ],
            [
              78.37451108649132,
              17.44068181419287
            ],
            [
              78.37263304846758,
              17.44144508432398
            ],
            [
              78.37261397399696,
              17.44146219457803
            ],
            [
              78.37148934401466,
              17.44303252859146
            ],
            [
              78.37137034287903,
              17.444696085083137
            ],
            [
              78.37139011889562,
              17.444790028471957
            ],
            [
              78.3714382620028,
              17.44501840304035
            ],
            [
              78.37148419839293,
              17.445230195105097
            ],
            [
              78.37173071336365,
              17.446192520687607
            ],
            [
              78.37162817442159,
              17.445622699666703
            ],
            [
              78.37186207344106,
              17.444336329578206
            ],
            [
              78.37189136748322,
              17.44428324998872
            ],
            [
              78.37211424163698,
              17.443922714534953
            ],
            [
              78.37181259801837,
              17.444364633744147
            ],
            [
              78.37292689830076,
              17.445880496153173
            ],
            [
              78.37289023046159,
              17.44636431380606
            ],
            [
              78.37126162857523,
              17.4464688694851
            ],
            [
              78.37126415674075,
              17.446467829747988
            ],
            [
              78.37125512493091,
              17.446610400775075
            ],
            [
              78.37124164155072,
              17.446769912066372
            ],
            [
              78.37126129511469,
              17.446640669446378
            ],
            [
              78.37128626590435,
              17.446553506430835
            ],
            [
              78.37126349731724,
              17.446647183397577
            ],
            [
              78.37117274234333,
              17.446998185262117
            ],
            [
              78.37389110880352,
              17.451101813331704
            ],
            [
              78.37434498972125,
              17.451138141284044
            ],
            [
              78.3755052778353,
              17.451032184202084
            ],
            [
              78.3755569068513,
              17.45101877988701
            ],
            [
              78.37626473234043,
              17.450782278015037
            ],
            [
              78.3762839124798,
              17.450731953016493
            ],
            [
              78.37641599503904,
              17.450693682481788
            ],
            [
              78.37596265071646,
              17.449181500772095
            ],
            [
              78.37274971902781,
              17.44850604706178
            ],
            [
              78.37281638005273,
              17.44870660998731
            ],
            [
              78.3756719037369,
              17.4469359117414
            ],
            [
              78.3752262033406,
              17.447076011741387
            ],
            [
              78.37625760510736,
              17.450062186930854
            ],
            [
              78.37670330471097,
              17.44992208693086
            ],
            [
              78.37908418648891,
              17.44676034098109
            ],
            [
              78.37903384826342,
              17.446608303651338
            ],
            [
              78.37499115728895,
              17.446177098049972
            ],
            [
              78.37441603782806,
              17.44470191252609
            ],
            [
              78.37438951881431,
              17.444709042504467
            ],
            [
              78.37342071191023,
              17.445109511889765
            ],
            [
              78.37383232185692,
              17.44494961640089
            ],
            [
              78.37377455096765,
              17.44496461205933
            ],
            [
              78.37445800832978,
              17.44485085870002
            ],
            [
              78.37473687672987,
              17.444865585775506
            ],
            [
              78.37758148350237,
              17.448468563476503
            ],
            [
              78.37766292912931,
              17.4481539654907
            ],
            [
              78.37770395934236,
              17.44798784216566
            ],
            [
              78.37778132139422,
              17.44756387749819
            ],
            [
              78.37781796612776,
              17.447195633958337
            ],
            [
              78.37782408441844,
              17.447129345370765
            ],
            [
              78.37784205052746,
              17.44687071625179
            ],
            [
              78.37785097428382,
              17.446627076326827
            ],
            [
              78.37617736749522,
              17.446137672709025
            ],
            [
              78.37618210608609,
              17.44637189062269
            ],
            [
              78.37754945069877,
              17.447461125183203
            ],
            [
              78.3775634112334,
              17.44746064840882
            ],
            [
              78.37784927646625,
              17.446973105713003
            ],
            [
              78.37798716558068,
              17.44665942360285
            ],
            [
              78.37819601601343,
              17.445091646501538
            ],
            [
              78.3779922529071,
              17.444228230384972
            ],
            [
              78.377907176733,
              17.443817953413774
            ],
            [
              78.3779005160508,
              17.443779944847318
            ],
            [
              78.37785205913363,
              17.443550119421378
            ],
            [
              78.37783263517905,
              17.443457862804767
            ],
            [
              78.37780068736699,
              17.444845821702856
            ],
            [
              78.37678608169696,
              17.446330383701337
            ],
            [
              78.3769372077404,
              17.446207492558745
            ],
            [
              78.37560893217423,
              17.446882184303146
            ],
            [
              78.37641134216008,
              17.44675137767353
            ],
            [
              78.37673687088873,
              17.44668972623988
            ],
            [
              78.37677371746794,
              17.44507813853484
            ],
            [
              78.37709799857612,
              17.445015003262085
            ],
            [
              78.37746708113227,
              17.446547593311873
            ],
            [
              78.3775999046604,
              17.44651933861786
            ],
            [
              78.37737477402061,
              17.446561590876534
            ],
            [
              78.3775815981761,
              17.446528182222476
            ],
            [
              78.37745848526966,
              17.4465482365335
            ],
            [
              78.38041226222477,
              17.443227365717963
            ],
            [
              78.38043061713265,
              17.442251293266224
            ],
            [
              78.37384038488821,
              17.44213945254293
            ]
          ]
        ]
      }
    },
    {
      "type": "Feature",
      "properties": {
        "type": "route_centerline",
        "length_m": 1203.9937572738784
      },
      "geometry": {
        "type": "LineString",
        "coordinates": [
          [
            78.3771355,
            17.4421954
          ],
          [
            78.3771179,
            17.4431393
          ],
          [
            78.3771096,
            17.4434218
          ],
          [
            78.3770072,
            17.4434322
          ],
          [
            78.3769006,
            17.4434502
          ],
          [
            78.3768559,
            17.4434564
          ],
          [
            78.3768075,
            17.4434671
          ],
          [
            78.3767685,
            17.4434747
          ],
          [
            78.3764444,
            17.4435378
          ],
          [
            78.376079,
            17.4436089
          ],
          [
            78.3758562,
            17.4436522
          ],
          [
            78.37506,
            17.443782
          ],
          [
            78.3747851,
            17.4438263
          ],
          [
            78.3747,
            17.4438963
          ],
          [
            78.374645,
            17.4439392
          ],
          [
            78.3746015,
            17.444077
          ],
          [
            78.3746211,
            17.4441701
          ],
          [
            78.3746694,
            17.4443992
          ],
          [
            78.3746957,
            17.4445241
          ],
          [
            78.3748615,
            17.4452104
          ],
          [
            78.3749121,
            17.4453572
          ],
          [
            78.3749246,
            17.4454979
          ],
          [
            78.3748703,
            17.4456282
          ],
          [
            78.3748388,
            17.4456917
          ],
          [
            78.374681,
            17.4459129
          ],
          [
            78.3745545,
            17.4461262
          ],
          [
            78.3745338,
            17.446251
          ],
          [
            78.3745563,
            17.446548
          ],
          [
            78.3745531,
            17.4466693
          ],
          [
            78.3745396,
            17.4468699
          ],
          [
            78.3745298,
            17.4469828
          ],
          [
            78.3745213,
            17.4471023
          ],
          [
            78.3744951,
            17.4472707
          ],
          [
            78.3744632,
            17.4474006
          ],
          [
            78.3743771,
            17.4477334
          ],
          [
            78.374314,
            17.4479837
          ],
          [
            78.3744015,
            17.4479945
          ],
          [
            78.3746399,
            17.4479984
          ],
          [
            78.3746946,
            17.4479842
          ],
          [
            78.3748427,
            17.4479459
          ],
          [
            78.3753367,
            17.4477205
          ],
          [
            78.375416,
            17.4476978
          ],
          [
            78.3754769,
            17.4476793
          ],
          [
            78.3758918,
            17.4475572
          ],
          [
            78.3759503,
            17.4477335
          ],
          [
            78.3761876,
            17.448429
          ],
          [
            78.3757419,
            17.4485691
          ]
        ]
      }
    },
    {
      "type": "Feature",
      "properties": {
        "from": "8107800973",
        "to": 8107800974,
        "dist_m": 1.04,
        "name": "Service",
        "highway": "service",
        "oneway": false
      },
      "geometry": {
        "type": "LineString",
        "coordinates": [
          [
            78.3777078,
            17.4425953
          ],
          [
            78.3776984,
            17.4425927
          ]
        ]
      }
    },
    {
      "type": "Feature",
      "properties": {
        "from": "8107800973",
        "to": 8107800972,
        "dist_m": 1.2,
        "name": "Service",
        "highway": "service",
        "oneway": false
      },
      "geometry": {
        "type": "LineString",
        "coordinates": [
          [
            78.3777078,
            17.4425953
          ],
          [
            78.3777187,
            17.4425983
          ]
        ]
      }
    },
    {
      "type": "Feature",
      "properties": {
        "from": "8107800974",
        "to": 8107800973,
        "dist_m": 1.04,
        "name": "Service",
        "highway": "service",
        "oneway": false
      },
      "geometry": {
        "type": "LineString",
        "coordinates": [
          [
            78.3776984,
            17.4425927
          ],
          [
            78.3777078,
            17.4425953
          ]
        ]
      }
    },
    {
      "type": "Feature",
      "properties": {
        "from": "8107800974",
        "to": 827334113,
        "dist_m": 1.36,
        "name": "Service",
        "highway": "service",
        "oneway": false
      },
      "geometry": {
        "type": "LineString",
        "coordinates": [
          [
            78.3776984,
            17.4425927
          ],
          [
            78.3776861,
            17.4425893
          ]
        ]
      }
    },
    {
      "type": "Feature",
      "properties": {
        "from": "827334113",
        "to": 8107800974,
        "dist_m": 1.36,
        "name": "Service",
        "highway": "service",
        "oneway": false
      },
      "geometry": {
        "type": "LineString",
        "coordinates": [
          [
            78.3776861,
            17.4425893
          ],
          [
            78.3776984,
            17.4425927
          ]
        ]
      }
    },
    {
      "type": "Feature",
      "properties": {
        "from": "827334113",
        "to": 8107800971,
        "dist_m": 3.02,
        "name": "Service",
        "highway": "service",
        "oneway": false
      },
      "geometry": {
        "type": "LineString",
        "coordinates": [
          [
            78.3776861,
            17.4425893
          ],
          [
            78.3776709,
            17.4425664
          ]
        ]
      }
    },
    {
      "type": "Feature",
      "properties": {
        "from": "8107800971",
        "to": 827334113,
        "dist_m": 3.02,
        "name": "Service",
        "highway": "service",
        "oneway": false
      },
      "geometry": {
        "type": "LineString",
        "coordinates": [
          [
            78.3776709,
            17.4425664
          ],
          [
            78.3776861,
            17.4425893
          ]
        ]
      }
    },
    {
      "type": "Feature",
      "properties": {
        "from": "8107800971",
        "to": 8107800970,
        "dist_m": 3.31,
        "name": "Service",
        "highway": "service",
        "oneway": false
      },
      "geometry": {
        "type": "LineString",
        "coordinates": [
          [
            78.3776709,
            17.4425664
          ],
          [
            78.3776671,
            17.4425369
          ]
        ]
      }
    },
    {
      "type": "Feature",
      "properties": {
        "from": "8107800970",
        "to": 8107800971,
        "dist_m": 3.31,
        "name": "Service",
        "highway": "service",
        "oneway": false
      },
      "geometry": {
        "type": "LineString",
        "coordinates": [
          [
            78.3776671,
            17.4425369
          ],
          [
            78.3776709,
            17.4425664
          ]
        ]
      }
    },
    {
      "type": "Feature",
      "properties": {
        "from": "8107800970",
        "to": 827334205,
        "dist_m": 7.07,
        "name": "Service",
        "highway": "service",
        "oneway": false
      },
      "geometry": {
        "type": "LineString",
        "coordinates": [
          [
            78.3776671,
            17.4425369
          ],
          [
            78.3776734,
            17.4424737
          ]
        ]
      }
    },
    {
      "type": "Feature",
      "properties": {
        "from": "827334205",
        "to": 8107800970,
        "dist_m": 7.07,
        "name": "Service",
        "highway": "service",
        "oneway": false
      },
      "geometry": {
        "type": "LineString",
        "coordinates": [
          [
            78.3776734,
            17.4424737
          ],
          [
            78.3776671,
            17.4425369
          ]
        ]
      }
    },
    {
      "type": "Feature",
      "properties": {
        "from": "827334205",
        "to": 1042222179,
        "dist_m": 10.37,
        "name": "Service",
        "highway": "service",
        "oneway": false
      },
      "geometry": {
        "type": "LineString",
        "coordinates": [
          [
            78.3776734,
            17.4424737
          ],
          [
            78.3777502,
            17.4424162
          ]
        ]
      }
    },
    {
      "type": "Feature",
      "properties": {
        "from": "1042222179",
        "to": 827334205,
        "dist_m": 10.37,
        "name": "Service",
        "highway": "service",
        "oneway": false
      },
      "geometry": {
        "type": "LineString",
        "coordinates": [
          [
            78.3777502,
            17.4424162
          ],
          [
            78.3776734,
            17.4424737
          ]
        ]
      }
    },
    {
      "type": "Feature",
      "properties": {
        "from": "1042222179",
        "to": 1042222175,
        "dist_m": 36.94,
        "name": "Service",
        "highway": "service",
        "oneway": false
      },
      "geometry": {
        "type": "LineString",
        "coordinates": [
          [
            78.3777502,
            17.4424162
          ],
          [
            78.378097,
            17.4423911
          ]
        ]
      }
    },
    {
      "type": "Feature",
      "properties": {
        "from": "1042222175",
        "to": 1042222179,
        "dist_m": 36.94,
        "name": "Service",
        "highway": "service",
        "oneway": false
      },
      "geometry": {
        "type": "LineString",
        "coordinates": [
          [
            78.378097,
            17.4423911
          ],
          [
            78.3777502,
            17.4424162
          ]
        ]
      }
    },
    {
      "type": "Feature",
      "properties": {
        "from": "1042222175",
        "to": 1042222198,
        "dist_m": 22.09,
        "name": "Service",
        "highway": "service",
        "oneway": false
      },
      "geometry": {
        "type": "LineString",
        "coordinates": [
          [
            78.378097,
            17.4423911
          ],
          [
            78.3783049,
            17.4423976
          ]
        ]
      }
    },
    {
      "type": "Feature",
      "properties": {
        "from": "1042222198",
        "to": 1042222175,
        "dist_m": 22.09,
        "name": "Service",
        "highway": "service",
        "oneway": false
      },
      "geometry": {
        "type": "LineString",
        "coordinates": [
          [
            78.3783049,
            17.4423976
          ],
          [
            78.378097,
            17.4423911
          ]
        ]
      }
    },
    {
      "type": "Feature",
      "properties": {
        "from": "1042222198",
        "to": 827334151,
        "dist_m": 25.55,
        "name": "Service",
        "highway": "service",
        "oneway": false
      },
      "geometry": {
        "type": "LineString",
        "coordinates": [
          [
            78.3783049,
            17.4423976
          ],
          [
            78.3783804,
            17.4426155
          ]
        ]
      }
    },
    {
      "type": "Feature",
      "properties": {
        "from": "827334151",
        "to": 1042222198,
        "dist_m": 25.55,
        "name": "Service",
        "highway": "service",
        "oneway": false
      },
      "geometry": {
        "type": "LineString",
        "coordinates": [
          [
            78.3783804,
            17.4426155
          ],
          [
            78.3783049,
            17.4423976
          ]
        ]
      }
    },
    {
      "type": "Feature",
      "properties": {
        "from": "827334151",
        "to": 827334086,
        "dist_m": 59.79,
        "name": "Service",
        "highway": "service",
        "oneway": false
      },
      "geometry": {
        "type": "LineString",
        "coordinates": [
          [
            78.3783804,
            17.4426155
          ],
          [
            78.3784032,
            17.4431522
          ]
        ]
      }
    },
    {
      "type": "Feature",
      "properties": {
        "from": "827334086",
        "to": 827334151,
        "dist_m": 59.79,
        "name": "Service",
        "highway": "service",
        "oneway": false
      },
      "geometry": {
        "type": "LineString",
        "coordinates": [
          [
            78.3784032,
            17.4431522
          ],
          [
            78.3783804,
            17.4426155
          ]
        ]
      }
    },
    {
      "type": "Feature",
      "properties": {
        "from": "827334086",
        "to": 827334327,
        "dist_m": 50.01,
        "name": "Service",
        "highway": "service",
        "oneway": false
      },
      "geometry": {
        "type": "LineString",
        "coordinates": [
          [
            78.3784032,
            17.4431522
          ],
          [
            78.3784336,
            17.4436005
          ]
        ]
      }
    },
    {
      "type": "Feature",
      "properties": {
        "from": "827334327",
        "to": 827334086,
        "dist_m": 50.01,
        "name": "Service",
        "highway": "service",
        "oneway": false
      },
      "geometry": {
        "type": "LineString",
        "coordinates": [
          [
            78.3784336,
            17.4436005
          ],
          [
            78.3784032,
            17.4431522
          ]
        ]
      }
    },
    {
      "type": "Feature",
      "properties": {
        "from": "827334327",
        "to": 8107800979,
        "dist_m": 18.73,
        "name": "Service",
        "highway": "service",
        "oneway": false
      },
      "geometry": {
        "type": "LineString",
        "coordinates": [
          [
            78.3784336,
            17.4436005
          ],
          [
            78.3782573,
            17.443603
          ]
        ]
      }
    },
    {
      "type": "Feature",
      "properties": {
        "from": "827334327",
        "to": 1042222203,
        "dist_m": 5.66,
        "name": "Service",
        "highway": "service",
        "oneway": false
      },
      "geometry": {
        "type": "LineString",
        "coordinates": [
          [
            78.3784336,
            17.4436005
          ],
          [
            78.3784281,
            17.4436511
          ]
        ]
      }
    },
    {
      "type": "Feature",
      "properties": {
        "from": "8107800979",
        "to": 827334327,
        "dist_m": 18.73,
        "name": "Service",
        "highway": "service",
        "oneway": false
      },
      "geometry": {
        "type": "LineString",
        "coordinates": [
          [
            78.3782573,
            17.443603
          ],
          [
            78.3784336,
            17.4436005
          ]
        ]
      }
    },
    {
      "type": "Feature",
      "properties": {
        "from": "8107800979",
        "to": 827334122,
        "dist_m": 18.73,
        "name": "Service",
        "highway": "service",
        "oneway": false
      },
      "geometry": {
        "type": "LineString",
        "coordinates": [
          [
            78.3782573,
            17.443603
          ],
          [
            78.378081,
            17.4436055
          ]
        ]
      }
    },
    {
      "type": "Feature",
      "properties": {
        "from": "827334122",
        "to": 8107800979,
        "dist_m": 18.73,
        "name": "Service",
        "highway": "service",
        "oneway": false
      },
      "geometry": {
        "type": "LineString",
        "coordinates": [
          [
            78.378081,
            17.4436055
          ],
          [
            78.3782573,
            17.443603
          ]
        ]
      }
    },
    {
      "type": "Feature",
      "properties": {
        "from": "827334122",
        "to": 8107800976,
        "dist_m": 97.44,
        "name": "Service",
        "highway": "service",
        "oneway": false
      },
      "geometry": {
        "type": "LineString",
        "coordinates": [
          [
            78.378081,
            17.4436055
          ],
          [
            78.3780711,
            17.4427302
          ]
        ]
      }
    },
    {
      "type": "Feature",
      "properties": {
        "from": "3602305847",
        "to": 11037132273,
        "dist_m": 8.92,
        "name": "Residential",
        "highway": "residential",
        "oneway": false
      },
      "geometry": {
        "type": "LineString",
        "coordinates": [
          [
            78.3784356,
            17.447447
          ],
          [
            78.378508,
            17.4474064
          ]
        ]
      }
    },
    {
      "type": "Feature",
      "properties": {
        "from": "3602305847",
        "to": 10718148874,
        "dist_m": 13.83,
        "name": "Residential",
        "highway": "residential",
        "oneway": false
      },
      "geometry": {
        "type": "LineString",
        "coordinates": [
          [
            78.3784356,
            17.447447
          ],
          [
            78.378325,
            17.4475126
          ]
        ]
      }
    },
    {
      "type": "Feature",
      "properties": {
        "from": "3602305847",
        "to": 4198555687,
        "dist_m": 51.28,
        "name": "Residential",
        "highway": "residential",
        "oneway": false
      },
      "geometry": {
        "type": "LineString",
        "coordinates": [
          [
            78.3784356,
            17.447447
          ],
          [
            78.378185,
            17.4470532
          ]
        ]
      }
    },
    {
      "type": "Feature",
      "properties": {
        "from": "11037132273",
        "to": 3602305847,
        "dist_m": 8.92,
        "name": "Residential",
        "highway": "residential",
        "oneway": false
      },
      "geometry": {
        "type": "LineString",
        "coordinates": [
          [
            78.378508,
            17.4474064
          ],
          [
            78.3784356,
            17.447447
          ]
        ]
      }
    },
    {
      "type": "Feature",
      "properties": {
        "from": "827334170",
        "to": 4198555686,
        "dist_m": 57.64,
        "name": "Residential",
        "highway": "residential",
        "oneway": false
      },
      "geometry": {
        "type": "LineString",
        "coordinates": [
          [
            78.3789565,
            17.4471548
          ],
          [
            78.3786799,
            17.4467093
          ]
        ]
      }
    },
    {
      "type": "Feature",
      "properties": {
        "from": "13805555739",
        "to": 11980860806,
        "dist_m": 6.79,
        "name": "Deloitte driveway",
        "highway": "tertiary",
        "oneway": true
      },
      "geometry": {
        "type": "LineString",
        "coordinates": [
          [
            78.375416,
            17.4476978
          ],
          [
            78.3754769,
            17.4476793
          ]
        ]
      }
    },
    {
      "type": "Feature",
      "properties": {
        "from": "11980860806",
        "to": 13805555740,
        "dist_m": 46.11,
        "name": "Deloitte driveway",
        "highway": "tertiary",
        "oneway": true
      },
      "geometry": {
        "type": "LineString",
        "coordinates": [
          [
            78.3754769,
            17.4476793
          ],
          [
            78.3758918,
            17.4475572
          ]
        ]
      }
    },
    {
      "type": "Feature",
      "properties": {
        "from": "13805555740",
        "to": 10804199030,
        "dist_m": 71.02,
        "name": "Deloitte driveway",
        "highway": "tertiary",
        "oneway": true
      },
      "geometry": {
        "type": "LineString",
        "coordinates": [
          [
            78.3758918,
            17.4475572
          ],
          [
            78.3765309,
            17.4473692
          ]
        ]
      }
    },
    {
      "type": "Feature",
      "properties": {
        "from": "13805555740",
        "to": 13805555749,
        "dist_m": 20.59,
        "name": "Service",
        "highway": "service",
        "oneway": true
      },
      "geometry": {
        "type": "LineString",
        "coordinates": [
          [
            78.3758918,
            17.4475572
          ],
          [
            78.3759503,
            17.4477335
          ]
        ]
      }
    },
    {
      "type": "Feature",
      "properties": {
        "from": "10804199030",
        "to": 11891317197,
        "dist_m": 9.89,
        "name": "Deloitte driveway",
        "highway": "tertiary",
        "oneway": true
      },
      "geometry": {
        "type": "LineString",
        "coordinates": [
          [
            78.3765309,
            17.4473692
          ],
          [
            78.3766194,
            17.4473414
          ]
        ]
      }
    },
    {
      "type": "Feature",
      "properties": {
        "from": "10804199030",
        "to": 10804199031,
        "dist_m": 18.92,
        "name": "Service",
        "highway": "service",
        "oneway": true
      },
      "geometry": {
        "type": "LineString",
        "coordinates": [
          [
            78.3765309,
            17.4473692
          ],
          [
            78.3765831,
            17.4475317
          ]
        ]
      }
    },
    {
      "type": "Feature",
      "properties": {
        "from": "11891317197",
        "to": 4132723193,
        "dist_m": 3.83,
        "name": "Deloitte driveway",
        "highway": "tertiary",
        "oneway": true
      },
      "geometry": {
        "type": "LineString",
        "coordinates": [
          [
            78.3766194,
            17.4473414
          ],
          [
            78.3766536,
            17.4473306
          ]
        ]
      }
    },
    {
      "type": "Feature",
      "properties": {
        "from": "4132723193",
        "to": 10804178868,
        "dist_m": 18.68,
        "name": "Service",
        "highway": "service",
        "oneway": false
      },
      "geometry": {
        "type": "LineString",
        "coordinates": [
          [
            78.3766536,
            17.4473306
          ],
          [
            78.3767119,
            17.4474889
          ]
        ]
      }
    },
    {
      "type": "Feature",
      "properties": {
        "from": "3602305575",
        "to": 324836114,
        "dist_m": 57.84,
        "name": "Deloitte driveway",
        "highway": "tertiary",
        "oneway": true
      },
      "geometry": {
        "type": "LineString",
        "coordinates": [
          [
            78.3773012,
            17.4471425
          ],
          [
            78.3778204,
            17.4469855
          ]
        ]
      }
    },
    {
      "type": "Feature",
      "properties": {
        "from": "3602305575",
        "to": 10804178867,
        "dist_m": 20.97,
        "name": "Service",
        "highway": "service",
        "oneway": false
      },
      "geometry": {
        "type": "LineString",
        "coordinates": [
          [
            78.3773012,
            17.4471425
          ],
          [
            78.3773573,
            17.4473231
          ]
        ]
      }
    },
    {
      "type": "Feature",
      "properties": {
        "from": "3191163093",
        "to": 3191163094,
        "dist_m": 6.42,
        "name": "Service",
        "highway": "service",
        "oneway": false
      },
      "geometry": {
        "type": "LineString",
        "coordinates": [
          [
            78.3746307,
            17.4466046
          ],
          [
            78.3746908,
            17.4466104
          ]
        ]
      }
    },
    {
      "type": "Feature",
      "properties": {
        "from": "3191163093",
        "to": 3191131074,
        "dist_m": 41.9,
        "name": "HITEC City\u2013Madhapur Road",
        "highway": "secondary",
        "oneway": true
      },
      "geometry": {
        "type": "LineString",
        "coordinates": [
          [
            78.3746307,
            17.4466046
          ],
          [
            78.3746395,
            17.4462283
          ]
        ]
      }
    },
    {
      "type": "Feature",
      "properties": {
        "from": "3191163094",
        "to": 3191163093,
        "dist_m": 6.42,
        "name": "Service",
        "highway": "service",
        "oneway": false
      },
      "geometry": {
        "type": "LineString",
        "coordinates": [
          [
            78.3746908,
            17.4466104
          ],
          [
            78.3746307,
            17.4466046
          ]
        ]
      }
    },
    {
      "type": "Feature",
      "properties": {
        "from": "3191163094",
        "to": 3148714175,
        "dist_m": 146.41,
        "name": "Service",
        "highway": "service",
        "oneway": false
      },
      "geometry": {
        "type": "LineString",
        "coordinates": [
          [
            78.3746908,
            17.4466104
          ],
          [
            78.3760123,
            17.4462356
          ]
        ]
      }
    },
    {
      "type": "Feature",
      "properties": {
        "from": "3148714175",
        "to": 3191163094,
        "dist_m": 146.41,
        "name": "Service",
        "highway": "service",
        "oneway": false
      },
      "geometry": {
        "type": "LineString",
        "coordinates": [
          [
            78.3760123,
            17.4462356
          ],
          [
            78.3746908,
            17.4466104
          ]
        ]
      }
    },
    {
      "type": "Feature",
      "properties": {
        "from": "11041690389",
        "to": 11041690391,
        "dist_m": 64.12,
        "name": "Service",
        "highway": "service",
        "oneway": false
      },
      "geometry": {
        "type": "LineString",
        "coordinates": [
          [
            78.3764267,
            17.4461102
          ],
          [
            78.3770036,
            17.4459404
          ]
        ]
      }
    },
    {
      "type": "Feature",
      "properties": {
        "from": "11041690391",
        "to": 11041690389,
        "dist_m": 64.12,
        "name": "Service",
        "highway": "service",
        "oneway": false
      },
      "geometry": {
        "type": "LineString",
        "coordinates": [
          [
            78.3770036,
            17.4459404
          ],
          [
            78.3764267,
            17.4461102
          ]
        ]
      }
    },
    {
      "type": "Feature",
      "properties": {
        "from": "11041690391",
        "to": 324836112,
        "dist_m": 34.71,
        "name": "Service",
        "highway": "service",
        "oneway": false
      },
      "geometry": {
        "type": "LineString",
        "coordinates": [
          [
            78.3770036,
            17.4459404
          ],
          [
            78.3773137,
            17.4458418
          ]
        ]
      }
    },
    {
      "type": "Feature",
      "properties": {
        "from": "324836112",
        "to": 11041690391,
        "dist_m": 34.71,
        "name": "Service",
        "highway": "service",
        "oneway": false
      },
      "geometry": {
        "type": "LineString",
        "coordinates": [
          [
            78.3773137,
            17.4458418
          ],
          [
            78.3770036,
            17.4459404
          ]
        ]
      }
    },
    {
      "type": "Feature",
      "properties": {
        "from": "1257939493",
        "to": 6887537044,
        "dist_m": 26.53,
        "name": "Service",
        "highway": "service",
        "oneway": true
      },
      "geometry": {
        "type": "LineString",
        "coordinates": [
          [
            78.3742064,
            17.4500276
          ],
          [
            78.3742128,
            17.4502658
          ]
        ]
      }
    },
    {
      "type": "Feature",
      "properties": {
        "from": "1257939493",
        "to": 1257939508,
        "dist_m": 53.18,
        "name": "Service",
        "highway": "service",
        "oneway": true
      },
      "geometry": {
        "type": "LineString",
        "coordinates": [
          [
            78.3742064,
            17.4500276
          ],
          [
            78.3738577,
            17.4503705
          ]
        ]
      }
    },
    {
      "type": "Feature",
      "properties": {
        "from": "6887537044",
        "to": 1257939548,
        "dist_m": 40.43,
        "name": "Service",
        "highway": "service",
        "oneway": true
      },
      "geometry": {
        "type": "LineString",
        "coordinates": [
          [
            78.3742128,
            17.4502658
          ],
          [
            78.3742225,
            17.4506289
          ]
        ]
      }
    },
    {
      "type": "Feature",
      "properties": {
        "from": "6887537044",
        "to": 3602306657,
        "dist_m": 73.81,
        "name": "Service",
        "highway": "service",
        "oneway": false
      },
      "geometry": {
        "type": "LineString",
        "coordinates": [
          [
            78.3742128,
            17.4502658
          ],
          [
            78.3749078,
            17.4502656
          ]
        ]
      }
    },
    {
      "type": "Feature",
      "properties": {
        "from": "1257939548",
        "to": 1257939592,
        "dist_m": 8.66,
        "name": "Service",
        "highway": "service",
        "oneway": true
      },
      "geometry": {
        "type": "LineString",
        "coordinates": [
          [
            78.3742225,
            17.4506289
          ],
          [
            78.374185,
            17.450698
          ]
        ]
      }
    },
    {
      "type": "Feature",
      "properties": {
        "from": "1318402959",
        "to": 1257939496,
        "dist_m": 5.54,
        "name": "Service",
        "highway": "service",
        "oneway": false
      },
      "geometry": {
        "type": "LineString",
        "coordinates": [
          [
            78.3741384,
            17.448945
          ],
          [
            78.3741796,
            17.4489755
          ]
        ]
      }
    },
    {
      "type": "Feature",
      "properties": {
        "from": "1318402959",
        "to": 1257939480,
        "dist_m": 6.15,
        "name": "Service",
        "highway": "service",
        "oneway": false
      },
      "geometry": {
        "type": "LineString",
        "coordinates": [
          [
            78.3741384,
            17.448945
          ],
          [
            78.3741872,
            17.4489152
          ]
        ]
      }
    },
    {
      "type": "Feature",
      "properties": {
        "from": "1318402959",
        "to": 1257939559,
        "dist_m": 4.43,
        "name": "Service",
        "highway": "service",
        "oneway": false
      },
      "geometry": {
        "type": "LineString",
        "coordinates": [
          [
            78.3741384,
            17.448945
          ],
          [
            78.3741063,
            17.4489704
          ]
        ]
      }
    },
    {
      "type": "Feature",
      "properties": {
        "from": "1257939496",
        "to": 1318402959,
        "dist_m": 5.54,
        "name": "Service",
        "highway": "service",
        "oneway": false
      },
      "geometry": {
        "type": "LineString",
        "coordinates": [
          [
            78.3741796,
            17.4489755
          ],
          [
            78.3741384,
            17.448945
          ]
        ]
      }
    },
    {
      "type": "Feature",
      "properties": {
        "from": "1257939496",
        "to": 1257939615,
        "dist_m": 20.52,
        "name": "Service",
        "highway": "service",
        "oneway": false
      },
      "geometry": {
        "type": "LineString",
        "coordinates": [
          [
            78.3741796,
            17.4489755
          ],
          [
            78.374305,
            17.4491158
          ]
        ]
      }
    },
    {
      "type": "Feature",
      "properties": {
        "from": "1257939615",
        "to": 1257939496,
        "dist_m": 20.52,
        "name": "Service",
        "highway": "service",
        "oneway": false
      },
      "geometry": {
        "type": "LineString",
        "coordinates": [
          [
            78.374305,
            17.4491158
          ],
          [
            78.3741796,
            17.4489755
          ]
        ]
      }
    },
    {
      "type": "Feature",
      "properties": {
        "from": "1257939615",
        "to": 1257939449,
        "dist_m": 8.99,
        "name": "Service",
        "highway": "service",
        "oneway": false
      },
      "geometry": {
        "type": "LineString",
        "coordinates": [
          [
            78.374305,
            17.4491158
          ],
          [
            78.3742993,
            17.4491964
          ]
        ]
      }
    },
    {
      "type": "Feature",
      "properties": {
        "from": "1257939449",
        "to": 1257939615,
        "dist_m": 8.99,
        "name": "Service",
        "highway": "service",
        "oneway": false
      },
      "geometry": {
        "type": "LineString",
        "coordinates": [
          [
            78.3742993,
            17.4491964
          ],
          [
            78.374305,
            17.4491158
          ]
        ]
      }
    },
    {
      "type": "Feature",
      "properties": {
        "from": "1257939449",
        "to": 1257939450,
        "dist_m": 3.66,
        "name": "Service",
        "highway": "service",
        "oneway": false
      },
      "geometry": {
        "type": "LineString",
        "coordinates": [
          [
            78.3742993,
            17.4491964
          ],
          [
            78.3742691,
            17.4491805
          ]
        ]
      }
    },
    {
      "type": "Feature",
      "properties": {
        "from": "1257939450",
        "to": 1257939449,
        "dist_m": 3.66,
        "name": "Service",
        "highway": "service",
        "oneway": false
      },
      "geometry": {
        "type": "LineString",
        "coordinates": [
          [
            78.3742691,
            17.4491805
          ],
          [
            78.3742993,
            17.4491964
          ]
        ]
      }
    },
    {
      "type": "Feature",
      "properties": {
        "from": "1257939450",
        "to": 1257939464,
        "dist_m": 4.92,
        "name": "Service",
        "highway": "service",
        "oneway": false
      },
      "geometry": {
        "type": "LineString",
        "coordinates": [
          [
            78.3742691,
            17.4491805
          ],
          [
            78.3742699,
            17.4491363
          ]
        ]
      }
    },
    {
      "type": "Feature",
      "properties": {
        "from": "1257939464",
        "to": 1257939450,
        "dist_m": 4.92,
        "name": "Service",
        "highway": "service",
        "oneway": false
      },
      "geometry": {
        "type": "LineString",
        "coordinates": [
          [
            78.3742699,
            17.4491363
          ],
          [
            78.3742691,
            17.4491805
          ]
        ]
      }
    },
    {
      "type": "Feature",
      "properties": {
        "from": "1257939464",
        "to": 1257939572,
        "dist_m": 18.13,
        "name": "Service",
        "highway": "service",
        "oneway": false
      },
      "geometry": {
        "type": "LineString",
        "coordinates": [
          [
            78.3742699,
            17.4491363
          ],
          [
            78.3741651,
            17.4490077
          ]
        ]
      }
    },
    {
      "type": "Feature",
      "properties": {
        "from": "1257939572",
        "to": 1257939464,
        "dist_m": 18.13,
        "name": "Service",
        "highway": "service",
        "oneway": false
      },
      "geometry": {
        "type": "LineString",
        "coordinates": [
          [
            78.3741651,
            17.4490077
          ],
          [
            78.3742699,
            17.4491363
          ]
        ]
      }
    },
    {
      "type": "Feature",
      "properties": {
        "from": "1257939572",
        "to": 1257939559,
        "dist_m": 7.5,
        "name": "Service",
        "highway": "service",
        "oneway": false
      },
      "geometry": {
        "type": "LineString",
        "coordinates": [
          [
            78.3741651,
            17.4490077
          ],
          [
            78.3741063,
            17.4489704
          ]
        ]
      }
    },
    {
      "type": "Feature",
      "properties": {
        "from": "1257939559",
        "to": 1257939572,
        "dist_m": 7.5,
        "name": "Service",
        "highway": "service",
        "oneway": false
      },
      "geometry": {
        "type": "LineString",
        "coordinates": [
          [
            78.3741063,
            17.4489704
          ],
          [
            78.3741651,
            17.4490077
          ]
        ]
      }
    },
    {
      "type": "Feature",
      "properties": {
        "from": "1257939559",
        "to": 1318402959,
        "dist_m": 4.43,
        "name": "Service",
        "highway": "service",
        "oneway": false
      },
      "geometry": {
        "type": "LineString",
        "coordinates": [
          [
            78.3741063,
            17.4489704
          ],
          [
            78.3741384,
            17.448945
          ]
        ]
      }
    },
    {
      "type": "Feature",
      "properties": {
        "from": "1257939559",
        "to": 1257939575,
        "dist_m": 45.96,
        "name": "Service",
        "highway": "service",
        "oneway": false
      },
      "geometry": {
        "type": "LineString",
        "coordinates": [
          [
            78.3741063,
            17.4489704
          ],
          [
            78.3738175,
            17.4492779
          ]
        ]
      }
    },
    {
      "type": "Feature",
      "properties": {
        "from": "3191118780",
        "to": 11034011753,
        "dist_m": 89.12,
        "name": "Unclassified",
        "highway": "unclassified",
        "oneway": false
      },
      "geometry": {
        "type": "LineString",
        "coordinates": [
          [
            78.3741118,
            17.4486146
          ],
          [
            78.3746711,
            17.4492114
          ]
        ]
      }
    },
    {
      "type": "Feature",
      "properties": {
        "from": "11034011753",
        "to": 3191118780,
        "dist_m": 89.12,
        "name": "Unclassified",
        "highway": "unclassified",
        "oneway": false
      },
      "geometry": {
        "type": "LineString",
        "coordinates": [
          [
            78.3746711,
            17.4492114
          ],
          [
            78.3741118,
            17.4486146
          ]
        ]
      }
    },
    {
      "type": "Feature",
      "properties": {
        "from": "11034011753",
        "to": 3679821221,
        "dist_m": 27.56,
        "name": "Unclassified",
        "highway": "unclassified",
        "oneway": false
      },
      "geometry": {
        "type": "LineString",
        "coordinates": [
          [
            78.3746711,
            17.4492114
          ],
          [
            78.374844,
            17.449396
          ]
        ]
      }
    },
    {
      "type": "Feature",
      "properties": {
        "from": "11034011753",
        "to": 11034011761,
        "dist_m": 10.49,
        "name": "Service",
        "highway": "service",
        "oneway": false
      },
      "geometry": {
        "type": "LineString",
        "coordinates": [
          [
            78.3746711,
            17.4492114
          ],
          [
            78.3747423,
            17.4491461
          ]
        ]
      }
    },
    {
      "type": "Feature",
      "properties": {
        "from": "3679821221",
        "to": 11034011753,
        "dist_m": 27.56,
        "name": "Unclassified",
        "highway": "unclassified",
        "oneway": false
      },
      "geometry": {
        "type": "LineString",
        "coordinates": [
          [
            78.374844,
            17.449396
          ],
          [
            78.3746711,
            17.4492114
          ]
        ]
      }
    },
    {
      "type": "Feature",
      "properties": {
        "from": "3679821221",
        "to": 1257939540,
        "dist_m": 11.1,
        "name": "Unclassified",
        "highway": "unclassified",
        "oneway": false
      },
      "geometry": {
        "type": "LineString",
        "coordinates": [
          [
            78.374844,
            17.449396
          ],
          [
            78.3749341,
            17.4494466
          ]
        ]
      }
    },
    {
      "type": "Feature",
      "properties": {
        "from": "3679821221",
        "to": 10804188745,
        "dist_m": 7.06,
        "name": "Service",
        "highway": "service",
        "oneway": true
      },
      "geometry": {
        "type": "LineString",
        "coordinates": [
          [
            78.374844,
            17.449396
          ],
          [
            78.3747975,
            17.4494413
          ]
        ]
      }
    },
    {
      "type": "Feature",
      "properties": {
        "from": "1257939540",
        "to": 3679821221,
        "dist_m": 11.1,
        "name": "Unclassified",
        "highway": "unclassified",
        "oneway": false
      },
      "geometry": {
        "type": "LineString",
        "coordinates": [
          [
            78.3749341,
            17.4494466
          ],
          [
            78.374844,
            17.449396
          ]
        ]
      }
    },
    {
      "type": "Feature",
      "properties": {
        "from": "1257939540",
        "to": 7676158287,
        "dist_m": 7.25,
        "name": "Unclassified",
        "highway": "unclassified",
        "oneway": false
      },
      "geometry": {
        "type": "LineString",
        "coordinates": [
          [
            78.3749341,
            17.4494466
          ],
          [
            78.374999,
            17.4494263
          ]
        ]
      }
    },
    {
      "type": "Feature",
      "properties": {
        "from": "1257939504",
        "to": 1257939480,
        "dist_m": 88.05,
        "name": "Service",
        "highway": "service",
        "oneway": false
      },
      "geometry": {
        "type": "LineString",
        "coordinates": [
          [
            78.3747454,
            17.4495001
          ],
          [
            78.3741872,
            17.4489152
          ]
        ]
      }
    },
    {
      "type": "Feature",
      "properties": {
        "from": "1257939504",
        "to": 7676158289,
        "dist_m": 44.65,
        "name": "Service",
        "highway": "service",
        "oneway": false
      },
      "geometry": {
        "type": "LineString",
        "coordinates": [
          [
            78.3747454,
            17.4495001
          ],
          [
            78.3749561,
            17.4498472
          ]
        ]
      }
    },
    {
      "type": "Feature",
      "properties": {
        "from": "1257939504",
        "to": 11041844881,
        "dist_m": 5.26,
        "name": "Service",
        "highway": "service",
        "oneway": true
      },
      "geometry": {
        "type": "LineString",
        "coordinates": [
          [
            78.3747454,
            17.4495001
          ],
          [
            78.3747109,
            17.449534
          ]
        ]
      }
    },
    {
      "type": "Feature",
      "properties": {
        "from": "1257939480",
        "to": 1257939504,
        "dist_m": 88.05,
        "name": "Service",
        "highway": "service",
        "oneway": false
      },
      "geometry": {
        "type": "LineString",
        "coordinates": [
          [
            78.3741872,
            17.4489152
          ],
          [
            78.3747454,
            17.4495001
          ]
        ]
      }
    },
    {
      "type": "Feature",
      "properties": {
        "from": "1257939480",
        "to": 1318402959,
        "dist_m": 6.15,
        "name": "Service",
        "highway": "service",
        "oneway": false
      },
      "geometry": {
        "type": "LineString",
        "coordinates": [
          [
            78.3741872,
            17.4489152
          ],
          [
            78.3741384,
            17.448945
          ]
        ]
      }
    },
    {
      "type": "Feature",
      "properties": {
        "from": "1257939575",
        "to": 1257939559,
        "dist_m": 45.96,
        "name": "Service",
        "highway": "service",
        "oneway": false
      },
      "geometry": {
        "type": "LineString",
        "coordinates": [
          [
            78.3738175,
            17.4492779
          ],
          [
            78.3741063,
            17.4489704
          ]
        ]
      }
    },
    {
      "type": "Feature",
      "properties": {
        "from": "1257939575",
        "to": 1257939461,
        "dist_m": 14.11,
        "name": "Service",
        "highway": "service",
        "oneway": false
      },
      "geometry": {
        "type": "LineString",
        "coordinates": [
          [
            78.3738175,
            17.4492779
          ],
          [
            78.3737738,
            17.4493976
          ]
        ]
      }
    },
    {
      "type": "Feature",
      "properties": {
        "from": "1257939461",
        "to": 1257939575,
        "dist_m": 14.11,
        "name": "Service",
        "highway": "service",
        "oneway": false
      },
      "geometry": {
        "type": "LineString",
        "coordinates": [
          [
            78.3737738,
            17.4493976
          ],
          [
            78.3738175,
            17.4492779
          ]
        ]
      }
    },
    {
      "type": "Feature",
      "properties": {
        "from": "1257939461",
        "to": 11041844878,
        "dist_m": 12.93,
        "name": "Service",
        "highway": "service",
        "oneway": false
      },
      "geometry": {
        "type": "LineString",
        "coordinates": [
          [
            78.3737738,
            17.4493976
          ],
          [
            78.373695,
            17.4494862
          ]
        ]
      }
    },
    {
      "type": "Feature",
      "properties": {
        "from": "1257939461",
        "to": 1257939465,
        "dist_m": 82.73,
        "name": "Service",
        "highway": "service",
        "oneway": false
      },
      "geometry": {
        "type": "LineString",
        "coordinates": [
          [
            78.3737738,
            17.4493976
          ],
          [
            78.3743409,
            17.4499071
          ]
        ]
      }
    },
    {
      "type": "Feature",
      "properties": {
        "from": "11041844878",
        "to": 1257939461,
        "dist_m": 12.93,
        "name": "Service",
        "highway": "service",
        "oneway": false
      },
      "geometry": {
        "type": "LineString",
        "coordinates": [
          [
            78.373695,
            17.4494862
          ],
          [
            78.3737738,
            17.4493976
          ]
        ]
      }
    },
    {
      "type": "Feature",
      "properties": {
        "from": "1257939510",
        "to": 1257939476,
        "dist_m": 55.12,
        "name": "Service",
        "highway": "service",
        "oneway": false
      },
      "geometry": {
        "type": "LineString",
        "coordinates": [
          [
            78.3736633,
            17.4507932
          ],
          [
            78.3741823,
            17.450785
          ]
        ]
      }
    },
    {
      "type": "Feature",
      "properties": {
        "from": "1257939524",
        "to": 1257939589,
        "dist_m": 54.96,
        "name": "Service",
        "highway": "service",
        "oneway": false
      },
      "geometry": {
        "type": "LineString",
        "coordinates": [
          [
            78.3736713,
            17.4509078
          ],
          [
            78.3741877,
            17.4508745
          ]
        ]
      }
    },
    {
      "type": "Feature",
      "properties": {
        "from": "1257939589",
        "to": 1257939524,
        "dist_m": 54.96,
        "name": "Service",
        "highway": "service",
        "oneway": false
      },
      "geometry": {
        "type": "LineString",
        "coordinates": [
          [
            78.3741877,
            17.4508745
          ],
          [
            78.3736713,
            17.4509078
          ]
        ]
      }
    },
    {
      "type": "Feature",
      "properties": {
        "from": "1257939589",
        "to": 1257939476,
        "dist_m": 9.98,
        "name": "Service",
        "highway": "service",
        "oneway": false
      },
      "geometry": {
        "type": "LineString",
        "coordinates": [
          [
            78.3741877,
            17.4508745
          ],
          [
            78.3741823,
            17.450785
          ]
        ]
      }
    },
    {
      "type": "Feature",
      "properties": {
        "from": "1257939476",
        "to": 1257939589,
        "dist_m": 9.98,
        "name": "Service",
        "highway": "service",
        "oneway": false
      },
      "geometry": {
        "type": "LineString",
        "coordinates": [
          [
            78.3741823,
            17.450785
          ],
          [
            78.3741877,
            17.4508745
          ]
        ]
      }
    },
    {
      "type": "Feature",
      "properties": {
        "from": "1257939476",
        "to": 1257939510,
        "dist_m": 55.12,
        "name": "Service",
        "highway": "service",
        "oneway": false
      },
      "geometry": {
        "type": "LineString",
        "coordinates": [
          [
            78.3741823,
            17.450785
          ],
          [
            78.3736633,
            17.4507932
          ]
        ]
      }
    },
    {
      "type": "Feature",
      "properties": {
        "from": "1257939476",
        "to": 1257939592,
        "dist_m": 9.69,
        "name": "Service",
        "highway": "service",
        "oneway": false
      },
      "geometry": {
        "type": "LineString",
        "coordinates": [
          [
            78.3741823,
            17.450785
          ],
          [
            78.374185,
            17.450698
          ]
        ]
      }
    },
    {
      "type": "Feature",
      "properties": {
        "from": "11041844881",
        "to": 1257939494,
        "dist_m": 9.15,
        "name": "Service",
        "highway": "service",
        "oneway": true
      },
      "geometry": {
        "type": "LineString",
        "coordinates": [
          [
            78.3747109,
            17.449534
          ],
          [
            78.3746508,
            17.4495929
          ]
        ]
      }
    },
    {
      "type": "Feature",
      "properties": {
        "from": "1257939494",
        "to": 1257939465,
        "dist_m": 48.03,
        "name": "Service",
        "highway": "service",
        "oneway": true
      },
      "geometry": {
        "type": "LineString",
        "coordinates": [
          [
            78.3746508,
            17.4495929
          ],
          [
            78.3743409,
            17.4499071
          ]
        ]
      }
    },
    {
      "type": "Feature",
      "properties": {
        "from": "1257939465",
        "to": 1257939493,
        "dist_m": 19.59,
        "name": "Service",
        "highway": "service",
        "oneway": true
      },
      "geometry": {
        "type": "LineString",
        "coordinates": [
          [
            78.3743409,
            17.4499071
          ],
          [
            78.3742064,
            17.4500276
          ]
        ]
      }
    },
    {
      "type": "Feature",
      "properties": {
        "from": "1257939465",
        "to": 1257939461,
        "dist_m": 82.73,
        "name": "Service",
        "highway": "service",
        "oneway": false
      },
      "geometry": {
        "type": "LineString",
        "coordinates": [
          [
            78.3743409,
            17.4499071
          ],
          [
            78.3737738,
            17.4493976
          ]
        ]
      }
    },
    {
      "type": "Feature",
      "properties": {
        "from": "1257939508",
        "to": 1257939570,
        "dist_m": 4.99,
        "name": "Service",
        "highway": "service",
        "oneway": true
      },
      "geometry": {
        "type": "LineString",
        "coordinates": [
          [
            78.3738577,
            17.4503705
          ],
          [
            78.3738272,
            17.4504046
          ]
        ]
      }
    },
    {
      "type": "Feature",
      "properties": {
        "from": "1257939570",
        "to": 1257939451,
        "dist_m": 7.45,
        "name": "Service",
        "highway": "service",
        "oneway": true
      },
      "geometry": {
        "type": "LineString",
        "coordinates": [
          [
            78.3738272,
            17.4504046
          ],
          [
            78.3737817,
            17.4504555
          ]
        ]
      }
    },
    {
      "type": "Feature",
      "properties": {
        "from": "1257939451",
        "to": 1257939594,
        "dist_m": 10.32,
        "name": "Service",
        "highway": "service",
        "oneway": true
      },
      "geometry": {
        "type": "LineString",
        "coordinates": [
          [
            78.3737817,
            17.4504555
          ],
          [
            78.3737186,
            17.450526
          ]
        ]
      }
    },
    {
      "type": "Feature",
      "properties": {
        "from": "1257939594",
        "to": 1257939448,
        "dist_m": 7.95,
        "name": "Service",
        "highway": "service",
        "oneway": true
      },
      "geometry": {
        "type": "LineString",
        "coordinates": [
          [
            78.3737186,
            17.450526
          ],
          [
            78.37367,
            17.4505803
          ]
        ]
      }
    },
    {
      "type": "Feature",
      "properties": {
        "from": "1257939592",
        "to": 1257939476,
        "dist_m": 9.69,
        "name": "Service",
        "highway": "service",
        "oneway": false
      },
      "geometry": {
        "type": "LineString",
        "coordinates": [
          [
            78.374185,
            17.450698
          ],
          [
            78.3741823,
            17.450785
          ]
        ]
      }
    },
    {
      "type": "Feature",
      "properties": {
        "from": "1257939592",
        "to": 1257939609,
        "dist_m": 55.11,
        "name": "Service",
        "highway": "service",
        "oneway": false
      },
      "geometry": {
        "type": "LineString",
        "coordinates": [
          [
            78.374185,
            17.450698
          ],
          [
            78.3736661,
            17.4507043
          ]
        ]
      }
    },
    {
      "type": "Feature",
      "properties": {
        "from": "1257939609",
        "to": 1257939592,
        "dist_m": 55.11,
        "name": "Service",
        "highway": "service",
        "oneway": false
      },
      "geometry": {
        "type": "LineString",
        "coordinates": [
          [
            78.3736661,
            17.4507043
          ],
          [
            78.374185,
            17.450698
          ]
        ]
      }
    },
    {
      "type": "Feature",
      "properties": {
        "from": "1323672797",
        "to": 3670021159,
        "dist_m": 23.45,
        "name": "Residential",
        "highway": "residential",
        "oneway": false
      },
      "geometry": {
        "type": "LineString",
        "coordinates": [
          [
            78.3760973,
            17.4423945
          ],
          [
            78.3760946,
            17.4421839
          ]
        ]
      }
    },
    {
      "type": "Feature",
      "properties": {
        "from": "3670021159",
        "to": 1323672797,
        "dist_m": 23.45,
        "name": "Residential",
        "highway": "residential",
        "oneway": false
      },
      "geometry": {
        "type": "LineString",
        "coordinates": [
          [
            78.3760946,
            17.4421839
          ],
          [
            78.3760973,
            17.4423945
          ]
        ]
      }
    },
    {
      "type": "Feature",
      "properties": {
        "from": "3670021159",
        "to": 1323672798,
        "dist_m": 97.64,
        "name": "Residential",
        "highway": "residential",
        "oneway": false
      },
      "geometry": {
        "type": "LineString",
        "coordinates": [
          [
            78.3760946,
            17.4421839
          ],
          [
            78.3760947,
            17.4413068
          ]
        ]
      }
    },
    {
      "type": "Feature",
      "properties": {
        "from": "3670021159",
        "to": 6151667831,
        "dist_m": 92.16,
        "name": "Residential",
        "highway": "residential",
        "oneway": false
      },
      "geometry": {
        "type": "LineString",
        "coordinates": [
          [
            78.3760946,
            17.4421839
          ],
          [
            78.3769624,
            17.4421864
          ]
        ]
      }
    },
    {
      "type": "Feature",
      "properties": {
        "from": "3670021159",
        "to": 3602303319,
        "dist_m": 56.79,
        "name": "Residential",
        "highway": "residential",
        "oneway": false
      },
      "geometry": {
        "type": "LineString",
        "coordinates": [
          [
            78.3760946,
            17.4421839
          ],
          [
            78.3755601,
            17.4421701
          ]
        ]
      }
    },
    {
      "type": "Feature",
      "properties": {
        "from": "1323672798",
        "to": 3670021159,
        "dist_m": 97.64,
        "name": "Residential",
        "highway": "residential",
        "oneway": false
      },
      "geometry": {
        "type": "LineString",
        "coordinates": [
          [
            78.3760947,
            17.4413068
          ],
          [
            78.3760946,
            17.4421839
          ]
        ]
      }
    },
    {
      "type": "Feature",
      "properties": {
        "from": "14087345415",
        "to": 1368296071,
        "dist_m": 25.84,
        "name": "Service",
        "highway": "service",
        "oneway": true
      },
      "geometry": {
        "type": "LineString",
        "coordinates": [
          [
            78.3795859,
            17.4441589
          ],
          [
            78.3793441,
            17.4441846
          ]
        ]
      }
    },
    {
      "type": "Feature",
      "properties": {
        "from": "1368296071",
        "to": 1368296077,
        "dist_m": 23.23,
        "name": "Service",
        "highway": "service",
        "oneway": true
      },
      "geometry": {
        "type": "LineString",
        "coordinates": [
          [
            78.3793441,
            17.4441846
          ],
          [
            78.3791263,
            17.4442038
          ]
        ]
      }
    },
    {
      "type": "Feature",
      "properties": {
        "from": "1368296077",
        "to": 1368296082,
        "dist_m": 19.37,
        "name": "Service",
        "highway": "service",
        "oneway": true
      },
      "geometry": {
        "type": "LineString",
        "coordinates": [
          [
            78.3791263,
            17.4442038
          ],
          [
            78.3789567,
            17.4442678
          ]
        ]
      }
    },
    {
      "type": "Feature",
      "properties": {
        "from": "1368296082",
        "to": 1368296088,
        "dist_m": 28.63,
        "name": "Service",
        "highway": "service",
        "oneway": true
      },
      "geometry": {
        "type": "LineString",
        "coordinates": [
          [
            78.3789567,
            17.4442678
          ],
          [
            78.3789546,
            17.444525
          ]
        ]
      }
    },
    {
      "type": "Feature",
      "properties": {
        "from": "1368296088",
        "to": 1368296095,
        "dist_m": 45.01,
        "name": "Service",
        "highway": "service",
        "oneway": true
      },
      "geometry": {
        "type": "LineString",
        "coordinates": [
          [
            78.3789546,
            17.444525
          ],
          [
            78.3789599,
            17.4449293
          ]
        ]
      }
    },
    {
      "type": "Feature",
      "properties": {
        "from": "324836110",
        "to": 11299576772,
        "dist_m": 9.16,
        "name": "Service",
        "highway": "service",
        "oneway": true
      },
      "geometry": {
        "type": "LineString",
        "coordinates": [
          [
            78.3770984,
            17.4443227
          ],
          [
            78.3770141,
            17.4443401
          ]
        ]
      }
    },
    {
      "type": "Feature",
      "properties": {
        "from": "324836110",
        "to": 11037733490,
        "dist_m": 10.54,
        "name": "HITEC City Road",
        "highway": "primary",
        "oneway": true
      },
      "geometry": {
        "type": "LineString",
        "coordinates": [
          [
            78.3770984,
            17.4443227
          ],
          [
            78.3771024,
            17.4444173
          ]
        ]
      }
    },
    {
      "type": "Feature",
      "properties": {
        "from": "11299576772",
        "to": 3148714181,
        "dist_m": 17.94,
        "name": "Service",
        "highway": "service",
        "oneway": true
      },
      "geometry": {
        "type": "LineString",
        "coordinates": [
          [
            78.3770141,
            17.4443401
          ],
          [
            78.376849,
            17.4443743
          ]
        ]
      }
    },
    {
      "type": "Feature",
      "properties": {
        "from": "3148714181",
        "to": 3602304093,
        "dist_m": 47.38,
        "name": "Service",
        "highway": "service",
        "oneway": true
      },
      "geometry": {
        "type": "LineString",
        "coordinates": [
          [
            78.376849,
            17.4443743
          ],
          [
            78.3764104,
            17.4444521
          ]
        ]
      }
    },
    {
      "type": "Feature",
      "properties": {
        "from": "3602304093",
        "to": 3148714183,
        "dist_m": 4.44,
        "name": "Service",
        "highway": "service",
        "oneway": true
      },
      "geometry": {
        "type": "LineString",
        "coordinates": [
          [
            78.3764104,
            17.4444521
          ],
          [
            78.3763693,
            17.4444594
          ]
        ]
      }
    },
    {
      "type": "Feature",
      "properties": {
        "from": "3148714183",
        "to": 6887537073,
        "dist_m": 66.66,
        "name": "Service",
        "highway": "service",
        "oneway": true
      },
      "geometry": {
        "type": "LineString",
        "coordinates": [
          [
            78.3763693,
            17.4444594
          ],
          [
            78.3757648,
            17.4446208
          ]
        ]
      }
    },
    {
      "type": "Feature",
      "properties": {
        "from": "6887537073",
        "to": 6887537072,
        "dist_m": 9.95,
        "name": "Service",
        "highway": "service",
        "oneway": true
      },
      "geometry": {
        "type": "LineString",
        "coordinates": [
          [
            78.3757648,
            17.4446208
          ],
          [
            78.3757272,
            17.4447027
          ]
        ]
      }
    },
    {
      "type": "Feature",
      "properties": {
        "from": "6887537072",
        "to": 4173995199,
        "dist_m": 38.61,
        "name": "Service",
        "highway": "service",
        "oneway": true
      },
      "geometry": {
        "type": "LineString",
        "coordinates": [
          [
            78.3757272,
            17.4447027
          ],
          [
            78.3757852,
            17.4450451
          ]
        ]
      }
    },
    {
      "type": "Feature",
      "properties": {
        "from": "4173995199",
        "to": 3148714177,
        "dist_m": 109.5,
        "name": "Service",
        "highway": "service",
        "oneway": true
      },
      "geometry": {
        "type": "LineString",
        "coordinates": [
          [
            78.3757852,
            17.4450451
          ],
          [
            78.3759649,
            17.4460137
          ]
        ]
      }
    },
    {
      "type": "Feature",
      "properties": {
        "from": "3148714177",
        "to": 11482324390,
        "dist_m": 19.38,
        "name": "Service",
        "highway": "service",
        "oneway": true
      },
      "geometry": {
        "type": "LineString",
        "coordinates": [
          [
            78.3759649,
            17.4460137
          ],
          [
            78.3760013,
            17.4461843
          ]
        ]
      }
    },
    {
      "type": "Feature",
      "properties": {
        "from": "3148714177",
        "to": 3731239533,
        "dist_m": 55.54,
        "name": "Service",
        "highway": "service",
        "oneway": false
      },
      "geometry": {
        "type": "LineString",
        "coordinates": [
          [
            78.3759649,
            17.4460137
          ],
          [
            78.3764707,
            17.4458869
          ]
        ]
      }
    },
    {
      "type": "Feature",
      "properties": {
        "from": "11482324390",
        "to": 3148714175,
        "dist_m": 5.83,
        "name": "Service",
        "highway": "service",
        "oneway": true
      },
      "geometry": {
        "type": "LineString",
        "coordinates": [
          [
            78.3760013,
            17.4461843
          ],
          [
            78.3760123,
            17.4462356
          ]
        ]
      }
    },
    {
      "type": "Feature",
      "properties": {
        "from": "3731239533",
        "to": 3148714177,
        "dist_m": 55.54,
        "name": "Service",
        "highway": "service",
        "oneway": false
      },
      "geometry": {
        "type": "LineString",
        "coordinates": [
          [
            78.3764707,
            17.4458869
          ],
          [
            78.3759649,
            17.4460137
          ]
        ]
      }
    },
    {
      "type": "Feature",
      "properties": {
        "from": "3731239533",
        "to": 3148714178,
        "dist_m": 10.97,
        "name": "Service",
        "highway": "service",
        "oneway": false
      },
      "geometry": {
        "type": "LineString",
        "coordinates": [
          [
            78.3764707,
            17.4458869
          ],
          [
            78.3765706,
            17.4458618
          ]
        ]
      }
    },
    {
      "type": "Feature",
      "properties": {
        "from": "3148714178",
        "to": 3731239533,
        "dist_m": 10.97,
        "name": "Service",
        "highway": "service",
        "oneway": false
      },
      "geometry": {
        "type": "LineString",
        "coordinates": [
          [
            78.3765706,
            17.4458618
          ],
          [
            78.3764707,
            17.4458869
          ]
        ]
      }
    },
    {
      "type": "Feature",
      "properties": {
        "from": "3148714178",
        "to": 3148714179,
        "dist_m": 17.18,
        "name": "Service",
        "highway": "service",
        "oneway": false
      },
      "geometry": {
        "type": "LineString",
        "coordinates": [
          [
            78.3765706,
            17.4458618
          ],
          [
            78.3767193,
            17.4459225
          ]
        ]
      }
    },
    {
      "type": "Feature",
      "properties": {
        "from": "3148714179",
        "to": 3148714178,
        "dist_m": 17.18,
        "name": "Service",
        "highway": "service",
        "oneway": false
      },
      "geometry": {
        "type": "LineString",
        "coordinates": [
          [
            78.3767193,
            17.4459225
          ],
          [
            78.3765706,
            17.4458618
          ]
        ]
      }
    },
    {
      "type": "Feature",
      "properties": {
        "from": "13363130890",
        "to": 13363130891,
        "dist_m": 2.52,
        "name": "Service",
        "highway": "service",
        "oneway": false
      },
      "geometry": {
        "type": "LineString",
        "coordinates": [
          [
            78.3768721,
            17.4445704
          ],
          [
            78.3768796,
            17.4445489
          ]
        ]
      }
    },
    {
      "type": "Feature",
      "properties": {
        "from": "13363130891",
        "to": 13363130890,
        "dist_m": 2.52,
        "name": "Service",
        "highway": "service",
        "oneway": false
      },
      "geometry": {
        "type": "LineString",
        "coordinates": [
          [
            78.3768796,
            17.4445489
          ],
          [
            78.3768721,
            17.4445704
          ]
        ]
      }
    },
    {
      "type": "Feature",
      "properties": {
        "from": "13363130891",
        "to": 13363130893,
        "dist_m": 6.34,
        "name": "Service",
        "highway": "service",
        "oneway": false
      },
      "geometry": {
        "type": "LineString",
        "coordinates": [
          [
            78.3768796,
            17.4445489
          ],
          [
            78.3769377,
            17.4445359
          ]
        ]
      }
    },
    {
      "type": "Feature",
      "properties": {
        "from": "13363130893",
        "to": 13363130891,
        "dist_m": 6.34,
        "name": "Service",
        "highway": "service",
        "oneway": false
      },
      "geometry": {
        "type": "LineString",
        "coordinates": [
          [
            78.3769377,
            17.4445359
          ],
          [
            78.3768796,
            17.4445489
          ]
        ]
      }
    },
    {
      "type": "Feature",
      "properties": {
        "from": "13363130893",
        "to": 13363130892,
        "dist_m": 18.95,
        "name": "Service",
        "highway": "service",
        "oneway": false
      },
      "geometry": {
        "type": "LineString",
        "coordinates": [
          [
            78.3769377,
            17.4445359
          ],
          [
            78.3771114,
            17.4444971
          ]
        ]
      }
    },
    {
      "type": "Feature",
      "properties": {
        "from": "13363130892",
        "to": 13363130893,
        "dist_m": 18.95,
        "name": "Service",
        "highway": "service",
        "oneway": false
      },
      "geometry": {
        "type": "LineString",
        "coordinates": [
          [
            78.3771114,
            17.4444971
          ],
          [
            78.3769377,
            17.4445359
          ]
        ]
      }
    },
    {
      "type": "Feature",
      "properties": {
        "from": "13363130892",
        "to": 3163973604,
        "dist_m": 9.48,
        "name": "HITEC City Road",
        "highway": "primary",
        "oneway": true
      },
      "geometry": {
        "type": "LineString",
        "coordinates": [
          [
            78.3771114,
            17.4444971
          ],
          [
            78.3771209,
            17.4445818
          ]
        ]
      }
    },
    {
      "type": "Feature",
      "properties": {
        "from": "3148714195",
        "to": 6887537063,
        "dist_m": 13.41,
        "name": "Service",
        "highway": "service",
        "oneway": false
      },
      "geometry": {
        "type": "LineString",
        "coordinates": [
          [
            78.3754323,
            17.4446603
          ],
          [
            78.3753061,
            17.4446554
          ]
        ]
      }
    },
    {
      "type": "Feature",
      "properties": {
        "from": "3148714195",
        "to": 6887537071,
        "dist_m": 11.98,
        "name": "Service",
        "highway": "service",
        "oneway": false
      },
      "geometry": {
        "type": "LineString",
        "coordinates": [
          [
            78.3754323,
            17.4446603
          ],
          [
            78.3754925,
            17.4447513
          ]
        ]
      }
    },
    {
      "type": "Feature",
      "properties": {
        "from": "6887537063",
        "to": 3148714195,
        "dist_m": 13.41,
        "name": "Service",
        "highway": "service",
        "oneway": false
      },
      "geometry": {
        "type": "LineString",
        "coordinates": [
          [
            78.3753061,
            17.4446554
          ],
          [
            78.3754323,
            17.4446603
          ]
        ]
      }
    },
    {
      "type": "Feature",
      "properties": {
        "from": "6887537063",
        "to": 3148714184,
        "dist_m": 31.86,
        "name": "Service",
        "highway": "service",
        "oneway": false
      },
      "geometry": {
        "type": "LineString",
        "coordinates": [
          [
            78.3753061,
            17.4446554
          ],
          [
            78.3750089,
            17.4446947
          ]
        ]
      }
    },
    {
      "type": "Feature",
      "properties": {
        "from": "3148714184",
        "to": 6887537063,
        "dist_m": 31.86,
        "name": "Service",
        "highway": "service",
        "oneway": false
      },
      "geometry": {
        "type": "LineString",
        "coordinates": [
          [
            78.3750089,
            17.4446947
          ],
          [
            78.3753061,
            17.4446554
          ]
        ]
      }
    },
    {
      "type": "Feature",
      "properties": {
        "from": "3148714184",
        "to": 10727165472,
        "dist_m": 5.43,
        "name": "Service",
        "highway": "service",
        "oneway": false
      },
      "geometry": {
        "type": "LineString",
        "coordinates": [
          [
            78.3750089,
            17.4446947
          ],
          [
            78.3750176,
            17.4447428
          ]
        ]
      }
    },
    {
      "type": "Feature",
      "properties": {
        "from": "10727165472",
        "to": 3148714184,
        "dist_m": 5.43,
        "name": "Service",
        "highway": "service",
        "oneway": false
      },
      "geometry": {
        "type": "LineString",
        "coordinates": [
          [
            78.3750176,
            17.4447428
          ],
          [
            78.3750089,
            17.4446947
          ]
        ]
      }
    },
    {
      "type": "Feature",
      "properties": {
        "from": "10727165472",
        "to": 6887537065,
        "dist_m": 30.08,
        "name": "Service",
        "highway": "service",
        "oneway": false
      },
      "geometry": {
        "type": "LineString",
        "coordinates": [
          [
            78.3750176,
            17.4447428
          ],
          [
            78.3750655,
            17.4450091
          ]
        ]
      }
    },
    {
      "type": "Feature",
      "properties": {
        "from": "10727165472",
        "to": 11299576773,
        "dist_m": 14.24,
        "name": "Service",
        "highway": "service",
        "oneway": true
      },
      "geometry": {
        "type": "LineString",
        "coordinates": [
          [
            78.3750176,
            17.4447428
          ],
          [
            78.3748865,
            17.4447697
          ]
        ]
      }
    },
    {
      "type": "Feature",
      "properties": {
        "from": "6887537065",
        "to": 10727165472,
        "dist_m": 30.08,
        "name": "Service",
        "highway": "service",
        "oneway": false
      },
      "geometry": {
        "type": "LineString",
        "coordinates": [
          [
            78.3750655,
            17.4450091
          ],
          [
            78.3750176,
            17.4447428
          ]
        ]
      }
    },
    {
      "type": "Feature",
      "properties": {
        "from": "6887537065",
        "to": 3148714192,
        "dist_m": 18.0,
        "name": "Service",
        "highway": "service",
        "oneway": false
      },
      "geometry": {
        "type": "LineString",
        "coordinates": [
          [
            78.3750655,
            17.4450091
          ],
          [
            78.3750947,
            17.4451684
          ]
        ]
      }
    },
    {
      "type": "Feature",
      "properties": {
        "from": "6887537065",
        "to": 6887537064,
        "dist_m": 48.16,
        "name": "Service",
        "highway": "service",
        "oneway": false
      },
      "geometry": {
        "type": "LineString",
        "coordinates": [
          [
            78.3750655,
            17.4450091
          ],
          [
            78.3755127,
            17.4449371
          ]
        ]
      }
    },
    {
      "type": "Feature",
      "properties": {
        "from": "3148714192",
        "to": 6887537065,
        "dist_m": 18.0,
        "name": "Service",
        "highway": "service",
        "oneway": false
      },
      "geometry": {
        "type": "LineString",
        "coordinates": [
          [
            78.3750947,
            17.4451684
          ],
          [
            78.3750655,
            17.4450091
          ]
        ]
      }
    },
    {
      "type": "Feature",
      "properties": {
        "from": "3148714192",
        "to": 4201551897,
        "dist_m": 29.69,
        "name": "Service",
        "highway": "service",
        "oneway": false
      },
      "geometry": {
        "type": "LineString",
        "coordinates": [
          [
            78.3750947,
            17.4451684
          ],
          [
            78.3751217,
            17.4454339
          ]
        ]
      }
    },
    {
      "type": "Feature",
      "properties": {
        "from": "3148714192",
        "to": 3148714193,
        "dist_m": 43.22,
        "name": "Service",
        "highway": "service",
        "oneway": false
      },
      "geometry": {
        "type": "LineString",
        "coordinates": [
          [
            78.3750947,
            17.4451684
          ],
          [
            78.3754945,
            17.4450957
          ]
        ]
      }
    },
    {
      "type": "Feature",
      "properties": {
        "from": "4201551897",
        "to": 3148714192,
        "dist_m": 29.69,
        "name": "Service",
        "highway": "service",
        "oneway": false
      },
      "geometry": {
        "type": "LineString",
        "coordinates": [
          [
            78.3751217,
            17.4454339
          ],
          [
            78.3750947,
            17.4451684
          ]
        ]
      }
    },
    {
      "type": "Feature",
      "properties": {
        "from": "3148714186",
        "to": 10804111793,
        "dist_m": 6.54,
        "name": "Service",
        "highway": "service",
        "oneway": false
      },
      "geometry": {
        "type": "LineString",
        "coordinates": [
          [
            78.3748117,
            17.4461844
          ],
          [
            78.374806,
            17.4462429
          ]
        ]
      }
    },
    {
      "type": "Feature",
      "properties": {
        "from": "10804111793",
        "to": 3148714186,
        "dist_m": 6.54,
        "name": "Service",
        "highway": "service",
        "oneway": false
      },
      "geometry": {
        "type": "LineString",
        "coordinates": [
          [
            78.374806,
            17.4462429
          ],
          [
            78.3748117,
            17.4461844
          ]
        ]
      }
    },
    {
      "type": "Feature",
      "properties": {
        "from": "10804111793",
        "to": 6887537066,
        "dist_m": 4.61,
        "name": "Service",
        "highway": "service",
        "oneway": false
      },
      "geometry": {
        "type": "LineString",
        "coordinates": [
          [
            78.374806,
            17.4462429
          ],
          [
            78.3748019,
            17.4462841
          ]
        ]
      }
    },
    {
      "type": "Feature",
      "properties": {
        "from": "6887537066",
        "to": 10804111793,
        "dist_m": 4.61,
        "name": "Service",
        "highway": "service",
        "oneway": false
      },
      "geometry": {
        "type": "LineString",
        "coordinates": [
          [
            78.3748019,
            17.4462841
          ],
          [
            78.374806,
            17.4462429
          ]
        ]
      }
    },
    {
      "type": "Feature",
      "properties": {
        "from": "6887537066",
        "to": 6887537068,
        "dist_m": 8.98,
        "name": "Service",
        "highway": "service",
        "oneway": false
      },
      "geometry": {
        "type": "LineString",
        "coordinates": [
          [
            78.3748019,
            17.4462841
          ],
          [
            78.3748046,
            17.4463647
          ]
        ]
      }
    },
    {
      "type": "Feature",
      "properties": {
        "from": "6887537068",
        "to": 6887537066,
        "dist_m": 8.98,
        "name": "Service",
        "highway": "service",
        "oneway": false
      },
      "geometry": {
        "type": "LineString",
        "coordinates": [
          [
            78.3748046,
            17.4463647
          ],
          [
            78.3748019,
            17.4462841
          ]
        ]
      }
    },
    {
      "type": "Feature",
      "properties": {
        "from": "6887537068",
        "to": 3148714187,
        "dist_m": 6.91,
        "name": "Service",
        "highway": "service",
        "oneway": false
      },
      "geometry": {
        "type": "LineString",
        "coordinates": [
          [
            78.3748046,
            17.4463647
          ],
          [
            78.374838,
            17.446418
          ]
        ]
      }
    },
    {
      "type": "Feature",
      "properties": {
        "from": "3148714187",
        "to": 6887537068,
        "dist_m": 6.91,
        "name": "Service",
        "highway": "service",
        "oneway": false
      },
      "geometry": {
        "type": "LineString",
        "coordinates": [
          [
            78.374838,
            17.446418
          ],
          [
            78.3748046,
            17.4463647
          ]
        ]
      }
    },
    {
      "type": "Feature",
      "properties": {
        "from": "3148714187",
        "to": 6887537067,
        "dist_m": 5.39,
        "name": "Service",
        "highway": "service",
        "oneway": false
      },
      "geometry": {
        "type": "LineString",
        "coordinates": [
          [
            78.374838,
            17.446418
          ],
          [
            78.374885,
            17.4464363
          ]
        ]
      }
    },
    {
      "type": "Feature",
      "properties": {
        "from": "6887537067",
        "to": 3148714187,
        "dist_m": 5.39,
        "name": "Service",
        "highway": "service",
        "oneway": false
      },
      "geometry": {
        "type": "LineString",
        "coordinates": [
          [
            78.374885,
            17.4464363
          ],
          [
            78.374838,
            17.446418
          ]
        ]
      }
    },
    {
      "type": "Feature",
      "properties": {
        "from": "6887537067",
        "to": 6887537069,
        "dist_m": 6.34,
        "name": "Service",
        "highway": "service",
        "oneway": false
      },
      "geometry": {
        "type": "LineString",
        "coordinates": [
          [
            78.374885,
            17.4464363
          ],
          [
            78.374944,
            17.4464274
          ]
        ]
      }
    },
    {
      "type": "Feature",
      "properties": {
        "from": "6887537069",
        "to": 6887537067,
        "dist_m": 6.34,
        "name": "Service",
        "highway": "service",
        "oneway": false
      },
      "geometry": {
        "type": "LineString",
        "coordinates": [
          [
            78.374944,
            17.4464274
          ],
          [
            78.374885,
            17.4464363
          ]
        ]
      }
    },
    {
      "type": "Feature",
      "properties": {
        "from": "6887537069",
        "to": 6887537070,
        "dist_m": 32.13,
        "name": "Service",
        "highway": "service",
        "oneway": false
      },
      "geometry": {
        "type": "LineString",
        "coordinates": [
          [
            78.374944,
            17.4464274
          ],
          [
            78.3752337,
            17.4463442
          ]
        ]
      }
    },
    {
      "type": "Feature",
      "properties": {
        "from": "6887537070",
        "to": 6887537069,
        "dist_m": 32.13,
        "name": "Service",
        "highway": "service",
        "oneway": false
      },
      "geometry": {
        "type": "LineString",
        "coordinates": [
          [
            78.3752337,
            17.4463442
          ],
          [
            78.374944,
            17.4464274
          ]
        ]
      }
    },
    {
      "type": "Feature",
      "properties": {
        "from": "6887537070",
        "to": 3148714188,
        "dist_m": 28.64,
        "name": "Service",
        "highway": "service",
        "oneway": false
      },
      "geometry": {
        "type": "LineString",
        "coordinates": [
          [
            78.3752337,
            17.4463442
          ],
          [
            78.3754729,
            17.4462253
          ]
        ]
      }
    },
    {
      "type": "Feature",
      "properties": {
        "from": "3148714188",
        "to": 6887537070,
        "dist_m": 28.64,
        "name": "Service",
        "highway": "service",
        "oneway": false
      },
      "geometry": {
        "type": "LineString",
        "coordinates": [
          [
            78.3754729,
            17.4462253
          ],
          [
            78.3752337,
            17.4463442
          ]
        ]
      }
    },
    {
      "type": "Feature",
      "properties": {
        "from": "3148714189",
        "to": 3148714190,
        "dist_m": 37.37,
        "name": "Service",
        "highway": "service",
        "oneway": false
      },
      "geometry": {
        "type": "LineString",
        "coordinates": [
          [
            78.3756645,
            17.4458745
          ],
          [
            78.3757205,
            17.4455431
          ]
        ]
      }
    },
    {
      "type": "Feature",
      "properties": {
        "from": "3148714190",
        "to": 3148714189,
        "dist_m": 37.37,
        "name": "Service",
        "highway": "service",
        "oneway": false
      },
      "geometry": {
        "type": "LineString",
        "coordinates": [
          [
            78.3757205,
            17.4455431
          ],
          [
            78.3756645,
            17.4458745
          ]
        ]
      }
    },
    {
      "type": "Feature",
      "properties": {
        "from": "3148714190",
        "to": 3148714191,
        "dist_m": 42.96,
        "name": "Service",
        "highway": "service",
        "oneway": false
      },
      "geometry": {
        "type": "LineString",
        "coordinates": [
          [
            78.3757205,
            17.4455431
          ],
          [
            78.3756275,
            17.4451675
          ]
        ]
      }
    },
    {
      "type": "Feature",
      "properties": {
        "from": "3148714191",
        "to": 3148714190,
        "dist_m": 42.96,
        "name": "Service",
        "highway": "service",
        "oneway": false
      },
      "geometry": {
        "type": "LineString",
        "coordinates": [
          [
            78.3756275,
            17.4451675
          ],
          [
            78.3757205,
            17.4455431
          ]
        ]
      }
    },
    {
      "type": "Feature",
      "properties": {
        "from": "3148714191",
        "to": 6887537062,
        "dist_m": 7.17,
        "name": "Service",
        "highway": "service",
        "oneway": false
      },
      "geometry": {
        "type": "LineString",
        "coordinates": [
          [
            78.3756275,
            17.4451675
          ],
          [
            78.3755757,
            17.4451262
          ]
        ]
      }
    },
    {
      "type": "Feature",
      "properties": {
        "from": "6887537062",
        "to": 3148714191,
        "dist_m": 7.17,
        "name": "Service",
        "highway": "service",
        "oneway": false
      },
      "geometry": {
        "type": "LineString",
        "coordinates": [
          [
            78.3755757,
            17.4451262
          ],
          [
            78.3756275,
            17.4451675
          ]
        ]
      }
    },
    {
      "type": "Feature",
      "properties": {
        "from": "6887537062",
        "to": 3148714193,
        "dist_m": 9.27,
        "name": "Service",
        "highway": "service",
        "oneway": false
      },
      "geometry": {
        "type": "LineString",
        "coordinates": [
          [
            78.3755757,
            17.4451262
          ],
          [
            78.3754945,
            17.4450957
          ]
        ]
      }
    },
    {
      "type": "Feature",
      "properties": {
        "from": "3148714193",
        "to": 6887537062,
        "dist_m": 9.27,
        "name": "Service",
        "highway": "service",
        "oneway": false
      },
      "geometry": {
        "type": "LineString",
        "coordinates": [
          [
            78.3754945,
            17.4450957
          ],
          [
            78.3755757,
            17.4451262
          ]
        ]
      }
    },
    {
      "type": "Feature",
      "properties": {
        "from": "3148714193",
        "to": 3148714192,
        "dist_m": 43.22,
        "name": "Service",
        "highway": "service",
        "oneway": false
      },
      "geometry": {
        "type": "LineString",
        "coordinates": [
          [
            78.3754945,
            17.4450957
          ],
          [
            78.3750947,
            17.4451684
          ]
        ]
      }
    },
    {
      "type": "Feature",
      "properties": {
        "from": "3148714193",
        "to": 6887537064,
        "dist_m": 17.76,
        "name": "Service",
        "highway": "service",
        "oneway": false
      },
      "geometry": {
        "type": "LineString",
        "coordinates": [
          [
            78.3754945,
            17.4450957
          ],
          [
            78.3755127,
            17.4449371
          ]
        ]
      }
    },
    {
      "type": "Feature",
      "properties": {
        "from": "6887537064",
        "to": 3148714193,
        "dist_m": 17.76,
        "name": "Service",
        "highway": "service",
        "oneway": false
      },
      "geometry": {
        "type": "LineString",
        "coordinates": [
          [
            78.3755127,
            17.4449371
          ],
          [
            78.3754945,
            17.4450957
          ]
        ]
      }
    },
    {
      "type": "Feature",
      "properties": {
        "from": "6887537064",
        "to": 3148714194,
        "dist_m": 4.49,
        "name": "Service",
        "highway": "service",
        "oneway": false
      },
      "geometry": {
        "type": "LineString",
        "coordinates": [
          [
            78.3755127,
            17.4449371
          ],
          [
            78.3755173,
            17.444897
          ]
        ]
      }
    },
    {
      "type": "Feature",
      "properties": {
        "from": "6887537064",
        "to": 6887537065,
        "dist_m": 48.16,
        "name": "Service",
        "highway": "service",
        "oneway": false
      },
      "geometry": {
        "type": "LineString",
        "coordinates": [
          [
            78.3755127,
            17.4449371
          ],
          [
            78.3750655,
            17.4450091
          ]
        ]
      }
    },
    {
      "type": "Feature",
      "properties": {
        "from": "3148714194",
        "to": 6887537064,
        "dist_m": 4.49,
        "name": "Service",
        "highway": "service",
        "oneway": false
      },
      "geometry": {
        "type": "LineString",
        "coordinates": [
          [
            78.3755173,
            17.444897
          ],
          [
            78.3755127,
            17.4449371
          ]
        ]
      }
    },
    {
      "type": "Feature",
      "properties": {
        "from": "3148714194",
        "to": 6887537071,
        "dist_m": 16.43,
        "name": "Service",
        "highway": "service",
        "oneway": false
      },
      "geometry": {
        "type": "LineString",
        "coordinates": [
          [
            78.3755173,
            17.444897
          ],
          [
            78.3754925,
            17.4447513
          ]
        ]
      }
    },
    {
      "type": "Feature",
      "properties": {
        "from": "6887537071",
        "to": 3148714194,
        "dist_m": 16.43,
        "name": "Service",
        "highway": "service",
        "oneway": false
      },
      "geometry": {
        "type": "LineString",
        "coordinates": [
          [
            78.3754925,
            17.4447513
          ],
          [
            78.3755173,
            17.444897
          ]
        ]
      }
    },
    {
      "type": "Feature",
      "properties": {
        "from": "6887537071",
        "to": 3148714195,
        "dist_m": 11.98,
        "name": "Service",
        "highway": "service",
        "oneway": false
      },
      "geometry": {
        "type": "LineString",
        "coordinates": [
          [
            78.3754925,
            17.4447513
          ],
          [
            78.3754323,
            17.4446603
          ]
        ]
      }
    },
    {
      "type": "Feature",
      "properties": {
        "from": "12642928916",
        "to": 11124411580,
        "dist_m": 26.01,
        "name": "HITEC City\u2013Madhapur Road",
        "highway": "secondary",
        "oneway": true
      },
      "geometry": {
        "type": "LineString",
        "coordinates": [
          [
            78.3746211,
            17.4441701
          ],
          [
            78.3746694,
            17.4443992
          ]
        ]
      }
    },
    {
      "type": "Feature",
      "properties": {
        "from": "11124411580",
        "to": 11124411583,
        "dist_m": 14.18,
        "name": "HITEC City\u2013Madhapur Road",
        "highway": "secondary",
        "oneway": true
      },
      "geometry": {
        "type": "LineString",
        "coordinates": [
          [
            78.3746694,
            17.4443992
          ],
          [
            78.3746957,
            17.4445241
          ]
        ]
      }
    },
    {
      "type": "Feature",
      "properties": {
        "from": "11124411580",
        "to": 11124411584,
        "dist_m": 5.5,
        "name": "Service",
        "highway": "service",
        "oneway": true
      },
      "geometry": {
        "type": "LineString",
        "coordinates": [
          [
            78.3746694,
            17.4443992
          ],
          [
            78.3746184,
            17.444408
          ]
        ]
      }
    },
    {
      "type": "Feature",
      "properties": {
        "from": "11124411583",
        "to": 3602304465,
        "dist_m": 78.4,
        "name": "HITEC City\u2013Madhapur Road",
        "highway": "secondary",
        "oneway": true
      },
      "geometry": {
        "type": "LineString",
        "coordinates": [
          [
            78.3746957,
            17.4445241
          ],
          [
            78.3748615,
            17.4452104
          ]
        ]
      }
    },
    {
      "type": "Feature",
      "properties": {
        "from": "3191163095",
        "to": 12384250516,
        "dist_m": 29.79,
        "name": "HITEC City\u2013Madhapur Road",
        "highway": "secondary",
        "oneway": true
      },
      "geometry": {
        "type": "LineString",
        "coordinates": [
          [
            78.3748388,
            17.4456917
          ],
          [
            78.374681,
            17.4459129
          ]
        ]
      }
    },
    {
      "type": "Feature",
      "properties": {
        "from": "12384250516",
        "to": 1041967171,
        "dist_m": 27.28,
        "name": "HITEC City\u2013Madhapur Road",
        "highway": "secondary",
        "oneway": true
      },
      "geometry": {
        "type": "LineString",
        "coordinates": [
          [
            78.374681,
            17.4459129
          ],
          [
            78.3745545,
            17.4461262
          ]
        ]
      }
    },
    {
      "type": "Feature",
      "properties": {
        "from": "1041967171",
        "to": 1041967147,
        "dist_m": 14.07,
        "name": "HITEC City\u2013Madhapur Road",
        "highway": "secondary",
        "oneway": true
      },
      "geometry": {
        "type": "LineString",
        "coordinates": [
          [
            78.3745545,
            17.4461262
          ],
          [
            78.3745338,
            17.446251
          ]
        ]
      }
    },
    {
      "type": "Feature",
      "properties": {
        "from": "1041967147",
        "to": 1041967132,
        "dist_m": 33.15,
        "name": "HITEC City\u2013Madhapur Road",
        "highway": "secondary",
        "oneway": true
      },
      "geometry": {
        "type": "LineString",
        "coordinates": [
          [
            78.3745338,
            17.446251
          ],
          [
            78.3745563,
            17.446548
          ]
        ]
      }
    },
    {
      "type": "Feature",
      "properties": {
        "from": "1041967132",
        "to": 1042224686,
        "dist_m": 13.51,
        "name": "HITEC City\u2013Madhapur Road",
        "highway": "secondary",
        "oneway": true
      },
      "geometry": {
        "type": "LineString",
        "coordinates": [
          [
            78.3745563,
            17.446548
          ],
          [
            78.3745531,
            17.4466693
          ]
        ]
      }
    },
    {
      "type": "Feature",
      "properties": {
        "from": "1042224686",
        "to": 1042264044,
        "dist_m": 22.38,
        "name": "HITEC City\u2013Madhapur Road",
        "highway": "secondary",
        "oneway": true
      },
      "geometry": {
        "type": "LineString",
        "coordinates": [
          [
            78.3745531,
            17.4466693
          ],
          [
            78.3745396,
            17.4468699
          ]
        ]
      }
    },
    {
      "type": "Feature",
      "properties": {
        "from": "1042264044",
        "to": 6149332692,
        "dist_m": 12.61,
        "name": "HITEC City\u2013Madhapur Road",
        "highway": "secondary",
        "oneway": true
      },
      "geometry": {
        "type": "LineString",
        "coordinates": [
          [
            78.3745396,
            17.4468699
          ],
          [
            78.3745298,
            17.4469828
          ]
        ]
      }
    },
    {
      "type": "Feature",
      "properties": {
        "from": "1042264044",
        "to": 1042264043,
        "dist_m": 100.39,
        "name": "Service",
        "highway": "service",
        "oneway": true
      },
      "geometry": {
        "type": "LineString",
        "coordinates": [
          [
            78.3745396,
            17.4468699
          ],
          [
            78.3735947,
            17.4468435
          ]
        ]
      }
    },
    {
      "type": "Feature",
      "properties": {
        "from": "6149332692",
        "to": 1041967162,
        "dist_m": 13.33,
        "name": "HITEC City\u2013Madhapur Road",
        "highway": "secondary",
        "oneway": true
      },
      "geometry": {
        "type": "LineString",
        "coordinates": [
          [
            78.3745298,
            17.4469828
          ],
          [
            78.3745213,
            17.4471023
          ]
        ]
      }
    },
    {
      "type": "Feature",
      "properties": {
        "from": "1041967162",
        "to": 3602305799,
        "dist_m": 18.95,
        "name": "HITEC City\u2013Madhapur Road",
        "highway": "secondary",
        "oneway": true
      },
      "geometry": {
        "type": "LineString",
        "coordinates": [
          [
            78.3745213,
            17.4471023
          ],
          [
            78.3744951,
            17.4472707
          ]
        ]
      }
    },
    {
      "type": "Feature",
      "properties": {
        "from": "3602305799",
        "to": 1041967131,
        "dist_m": 14.85,
        "name": "HITEC City\u2013Madhapur Road",
        "highway": "secondary",
        "oneway": true
      },
      "geometry": {
        "type": "LineString",
        "coordinates": [
          [
            78.3744951,
            17.4472707
          ],
          [
            78.3744632,
            17.4474006
          ]
        ]
      }
    },
    {
      "type": "Feature",
      "properties": {
        "from": "3602305799",
        "to": 11187324948,
        "dist_m": 14.32,
        "name": "Service",
        "highway": "service",
        "oneway": false
      },
      "geometry": {
        "type": "LineString",
        "coordinates": [
          [
            78.3744951,
            17.4472707
          ],
          [
            78.3743696,
            17.4472236
          ]
        ]
      }
    },
    {
      "type": "Feature",
      "properties": {
        "from": "1041967131",
        "to": 11187324951,
        "dist_m": 38.16,
        "name": "HITEC City\u2013Madhapur Road",
        "highway": "secondary",
        "oneway": true
      },
      "geometry": {
        "type": "LineString",
        "coordinates": [
          [
            78.3744632,
            17.4474006
          ],
          [
            78.3743771,
            17.4477334
          ]
        ]
      }
    },
    {
      "type": "Feature",
      "properties": {
        "from": "11187324951",
        "to": 11187324950,
        "dist_m": 14.27,
        "name": "Service",
        "highway": "service",
        "oneway": false
      },
      "geometry": {
        "type": "LineString",
        "coordinates": [
          [
            78.3743771,
            17.4477334
          ],
          [
            78.3742464,
            17.4477038
          ]
        ]
      }
    },
    {
      "type": "Feature",
      "properties": {
        "from": "1041967173",
        "to": 1041967163,
        "dist_m": 55.3,
        "name": "HITEC City\u2013Madhapur Road",
        "highway": "secondary",
        "oneway": true
      },
      "geometry": {
        "type": "LineString",
        "coordinates": [
          [
            78.3740298,
            17.4485698
          ],
          [
            78.3737484,
            17.4489878
          ]
        ]
      }
    },
    {
      "type": "Feature",
      "properties": {
        "from": "1041967163",
        "to": 3602306501,
        "dist_m": 63.66,
        "name": "HITEC City\u2013Madhapur Road",
        "highway": "secondary",
        "oneway": true
      },
      "geometry": {
        "type": "LineString",
        "coordinates": [
          [
            78.3737484,
            17.4489878
          ],
          [
            78.3733348,
            17.4494018
          ]
        ]
      }
    },
    {
      "type": "Feature",
      "properties": {
        "from": "3163973595",
        "to": 3163973596,
        "dist_m": 11.93,
        "name": "Secondary",
        "highway": "secondary",
        "oneway": true
      },
      "geometry": {
        "type": "LineString",
        "coordinates": [
          [
            78.3747851,
            17.4438263
          ],
          [
            78.3747,
            17.4438963
          ]
        ]
      }
    },
    {
      "type": "Feature",
      "properties": {
        "from": "3163973596",
        "to": 1041967169,
        "dist_m": 7.54,
        "name": "Secondary",
        "highway": "secondary",
        "oneway": true
      },
      "geometry": {
        "type": "LineString",
        "coordinates": [
          [
            78.3747,
            17.4438963
          ],
          [
            78.374645,
            17.4439392
          ]
        ]
      }
    },
    {
      "type": "Feature",
      "properties": {
        "from": "1041967154",
        "to": 12254973173,
        "dist_m": 10.94,
        "name": "Secondary",
        "highway": "secondary",
        "oneway": true
      },
      "geometry": {
        "type": "LineString",
        "coordinates": [
          [
            78.3771096,
            17.4434218
          ],
          [
            78.3770072,
            17.4434322
          ]
        ]
      }
    },
    {
      "type": "Feature",
      "properties": {
        "from": "1041967154",
        "to": 3163973600,
        "dist_m": 10.26,
        "name": "HITEC City Road",
        "highway": "primary",
        "oneway": true
      },
      "geometry": {
        "type": "LineString",
        "coordinates": [
          [
            78.3771096,
            17.4434218
          ],
          [
            78.3771071,
            17.4435139
          ]
        ]
      }
    },
    {
      "type": "Feature",
      "properties": {
        "from": "12254973173",
        "to": 3167952665,
        "dist_m": 11.5,
        "name": "Secondary",
        "highway": "secondary",
        "oneway": true
      },
      "geometry": {
        "type": "LineString",
        "coordinates": [
          [
            78.3770072,
            17.4434322
          ],
          [
            78.3769006,
            17.4434502
          ]
        ]
      }
    },
    {
      "type": "Feature",
      "properties": {
        "from": "3167952665",
        "to": 3174084755,
        "dist_m": 4.8,
        "name": "Secondary",
        "highway": "secondary",
        "oneway": true
      },
      "geometry": {
        "type": "LineString",
        "coordinates": [
          [
            78.3769006,
            17.4434502
          ],
          [
            78.3768559,
            17.4434564
          ]
        ]
      }
    },
    {
      "type": "Feature",
      "properties": {
        "from": "3174084755",
        "to": 4206976940,
        "dist_m": 5.28,
        "name": "Secondary",
        "highway": "secondary",
        "oneway": true
      },
      "geometry": {
        "type": "LineString",
        "coordinates": [
          [
            78.3768559,
            17.4434564
          ],
          [
            78.3768075,
            17.4434671
          ]
        ]
      }
    },
    {
      "type": "Feature",
      "properties": {
        "from": "4206976940",
        "to": 6536460076,
        "dist_m": 4.23,
        "name": "Secondary",
        "highway": "secondary",
        "oneway": true
      },
      "geometry": {
        "type": "LineString",
        "coordinates": [
          [
            78.3768075,
            17.4434671
          ],
          [
            78.3767685,
            17.4434747
          ]
        ]
      }
    },
    {
      "type": "Feature",
      "properties": {
        "from": "6536460076",
        "to": 11478541475,
        "dist_m": 35.13,
        "name": "Secondary",
        "highway": "secondary",
        "oneway": true
      },
      "geometry": {
        "type": "LineString",
        "coordinates": [
          [
            78.3767685,
            17.4434747
          ],
          [
            78.3764444,
            17.4435378
          ]
        ]
      }
    },
    {
      "type": "Feature",
      "properties": {
        "from": "6536460076",
        "to": 11478541476,
        "dist_m": 8.16,
        "name": "Service",
        "highway": "service",
        "oneway": true
      },
      "geometry": {
        "type": "LineString",
        "coordinates": [
          [
            78.3767685,
            17.4434747
          ],
          [
            78.3767629,
            17.4434016
          ]
        ]
      }
    },
    {
      "type": "Feature",
      "properties": {
        "from": "11478541475",
        "to": 4206976942,
        "dist_m": 39.6,
        "name": "Secondary",
        "highway": "secondary",
        "oneway": true
      },
      "geometry": {
        "type": "LineString",
        "coordinates": [
          [
            78.3764444,
            17.4435378
          ],
          [
            78.376079,
            17.4436089
          ]
        ]
      }
    },
    {
      "type": "Feature",
      "properties": {
        "from": "4206976942",
        "to": 6536460062,
        "dist_m": 24.15,
        "name": "Secondary",
        "highway": "secondary",
        "oneway": true
      },
      "geometry": {
        "type": "LineString",
        "coordinates": [
          [
            78.376079,
            17.4436089
          ],
          [
            78.3758562,
            17.4436522
          ]
        ]
      }
    },
    {
      "type": "Feature",
      "properties": {
        "from": "6536460062",
        "to": 11478544253,
        "dist_m": 85.78,
        "name": "Secondary",
        "highway": "secondary",
        "oneway": true
      },
      "geometry": {
        "type": "LineString",
        "coordinates": [
          [
            78.3758562,
            17.4436522
          ],
          [
            78.37506,
            17.443782
          ]
        ]
      }
    },
    {
      "type": "Feature",
      "properties": {
        "from": "11478544253",
        "to": 3163973595,
        "dist_m": 29.61,
        "name": "Secondary",
        "highway": "secondary",
        "oneway": true
      },
      "geometry": {
        "type": "LineString",
        "coordinates": [
          [
            78.37506,
            17.443782
          ],
          [
            78.3747851,
            17.4438263
          ]
        ]
      }
    },
    {
      "type": "Feature",
      "properties": {
        "from": "3191131085",
        "to": 1257939603,
        "dist_m": 2.29,
        "name": "HITEC City\u2013Madhapur Road",
        "highway": "secondary",
        "oneway": true
      },
      "geometry": {
        "type": "LineString",
        "coordinates": [
          [
            78.373057,
            17.4498109
          ],
          [
            78.3730718,
            17.449796
          ]
        ]
      }
    },
    {
      "type": "Feature",
      "properties": {
        "from": "1257939603",
        "to": 3191131084,
        "dist_m": 54.12,
        "name": "HITEC City\u2013Madhapur Road",
        "highway": "secondary",
        "oneway": true
      },
      "geometry": {
        "type": "LineString",
        "coordinates": [
          [
            78.3730718,
            17.449796
          ],
          [
            78.3734231,
            17.4494438
          ]
        ]
      }
    },
    {
      "type": "Feature",
      "properties": {
        "from": "3191131084",
        "to": 11041844879,
        "dist_m": 15.39,
        "name": "HITEC City\u2013Madhapur Road",
        "highway": "secondary",
        "oneway": true
      },
      "geometry": {
        "type": "LineString",
        "coordinates": [
          [
            78.3734231,
            17.4494438
          ],
          [
            78.3735247,
            17.4493452
          ]
        ]
      }
    },
    {
      "type": "Feature",
      "properties": {
        "from": "11041844879",
        "to": 3191131083,
        "dist_m": 19.77,
        "name": "HITEC City\u2013Madhapur Road",
        "highway": "secondary",
        "oneway": true
      },
      "geometry": {
        "type": "LineString",
        "coordinates": [
          [
            78.3735247,
            17.4493452
          ],
          [
            78.3736552,
            17.4492186
          ]
        ]
      }
    },
    {
      "type": "Feature",
      "properties": {
        "from": "3191131083",
        "to": 6887537052,
        "dist_m": 22.78,
        "name": "HITEC City\u2013Madhapur Road",
        "highway": "secondary",
        "oneway": true
      },
      "geometry": {
        "type": "LineString",
        "coordinates": [
          [
            78.3736552,
            17.4492186
          ],
          [
            78.373796,
            17.4490642
          ]
        ]
      }
    },
    {
      "type": "Feature",
      "properties": {
        "from": "6887537052",
        "to": 3191131082,
        "dist_m": 21.12,
        "name": "HITEC City\u2013Madhapur Road",
        "highway": "secondary",
        "oneway": true
      },
      "geometry": {
        "type": "LineString",
        "coordinates": [
          [
            78.373796,
            17.4490642
          ],
          [
            78.3739194,
            17.4489154
          ]
        ]
      }
    },
    {
      "type": "Feature",
      "properties": {
        "from": "1041967169",
        "to": 3163973597,
        "dist_m": 8.65,
        "name": "Service",
        "highway": "service",
        "oneway": false
      },
      "geometry": {
        "type": "LineString",
        "coordinates": [
          [
            78.374645,
            17.4439392
          ],
          [
            78.3747195,
            17.4439707
          ]
        ]
      }
    },
    {
      "type": "Feature",
      "properties": {
        "from": "1041967169",
        "to": 11124411574,
        "dist_m": 36.28,
        "name": "Service",
        "highway": "service",
        "oneway": false
      },
      "geometry": {
        "type": "LineString",
        "coordinates": [
          [
            78.374645,
            17.4439392
          ],
          [
            78.3743043,
            17.4439155
          ]
        ]
      }
    },
    {
      "type": "Feature",
      "properties": {
        "from": "1041967169",
        "to": 1041967172,
        "dist_m": 16.02,
        "name": "HITEC City\u2013Madhapur Road",
        "highway": "secondary",
        "oneway": true
      },
      "geometry": {
        "type": "LineString",
        "coordinates": [
          [
            78.374645,
            17.4439392
          ],
          [
            78.3746015,
            17.444077
          ]
        ]
      }
    },
    {
      "type": "Feature",
      "properties": {
        "from": "3163973597",
        "to": 1041967169,
        "dist_m": 8.65,
        "name": "Service",
        "highway": "service",
        "oneway": false
      },
      "geometry": {
        "type": "LineString",
        "coordinates": [
          [
            78.3747195,
            17.4439707
          ],
          [
            78.374645,
            17.4439392
          ]
        ]
      }
    },
    {
      "type": "Feature",
      "properties": {
        "from": "3163973597",
        "to": 13363152712,
        "dist_m": 60.07,
        "name": "Service",
        "highway": "service",
        "oneway": false
      },
      "geometry": {
        "type": "LineString",
        "coordinates": [
          [
            78.3747195,
            17.4439707
          ],
          [
            78.3752552,
            17.4441439
          ]
        ]
      }
    },
    {
      "type": "Feature",
      "properties": {
        "from": "3163973597",
        "to": 7043902772,
        "dist_m": 10.49,
        "name": "Secondary",
        "highway": "secondary",
        "oneway": true
      },
      "geometry": {
        "type": "LineString",
        "coordinates": [
          [
            78.3747195,
            17.4439707
          ],
          [
            78.3748092,
            17.4439312
          ]
        ]
      }
    },
    {
      "type": "Feature",
      "properties": {
        "from": "11037733501",
        "to": 314941036,
        "dist_m": 15.62,
        "name": "HITEC City Road",
        "highway": "primary",
        "oneway": true
      },
      "geometry": {
        "type": "LineString",
        "coordinates": [
          [
            78.3783813,
            17.4476255
          ],
          [
            78.3782769,
            17.4475267
          ]
        ]
      }
    },
    {
      "type": "Feature",
      "properties": {
        "from": "314941036",
        "to": 11037733500,
        "dist_m": 14.29,
        "name": "HITEC City Road",
        "highway": "primary",
        "oneway": true
      },
      "geometry": {
        "type": "LineString",
        "coordinates": [
          [
            78.3782769,
            17.4475267
          ],
          [
            78.3782016,
            17.4474203
          ]
        ]
      }
    },
    {
      "type": "Feature",
      "properties": {
        "from": "314941036",
        "to": 10718148874,
        "dist_m": 5.34,
        "name": "Residential",
        "highway": "residential",
        "oneway": false
      },
      "geometry": {
        "type": "LineString",
        "coordinates": [
          [
            78.3782769,
            17.4475267
          ],
          [
            78.378325,
            17.4475126
          ]
        ]
      }
    },
    {
      "type": "Feature",
      "properties": {
        "from": "11037733500",
        "to": 11037733498,
        "dist_m": 13.37,
        "name": "HITEC City Road",
        "highway": "primary",
        "oneway": true
      },
      "geometry": {
        "type": "LineString",
        "coordinates": [
          [
            78.3782016,
            17.4474203
          ],
          [
            78.3781314,
            17.4473206
          ]
        ]
      }
    },
    {
      "type": "Feature",
      "properties": {
        "from": "11037733498",
        "to": 11041670974,
        "dist_m": 31.6,
        "name": "HITEC City Road",
        "highway": "primary",
        "oneway": true
      },
      "geometry": {
        "type": "LineString",
        "coordinates": [
          [
            78.3781314,
            17.4473206
          ],
          [
            78.3779818,
            17.4470752
          ]
        ]
      }
    },
    {
      "type": "Feature",
      "properties": {
        "from": "11041670974",
        "to": 314941037,
        "dist_m": 20.76,
        "name": "HITEC City Road",
        "highway": "primary",
        "oneway": true
      },
      "geometry": {
        "type": "LineString",
        "coordinates": [
          [
            78.3779818,
            17.4470752
          ],
          [
            78.3778848,
            17.4469133
          ]
        ]
      }
    },
    {
      "type": "Feature",
      "properties": {
        "from": "11041670974",
        "to": 11041670975,
        "dist_m": 9.59,
        "name": "Service",
        "highway": "service",
        "oneway": false
      },
      "geometry": {
        "type": "LineString",
        "coordinates": [
          [
            78.3779818,
            17.4470752
          ],
          [
            78.3780599,
            17.4470319
          ]
        ]
      }
    },
    {
      "type": "Feature",
      "properties": {
        "from": "314941037",
        "to": 11037130706,
        "dist_m": 25.89,
        "name": "HITEC City Road",
        "highway": "primary",
        "oneway": true
      },
      "geometry": {
        "type": "LineString",
        "coordinates": [
          [
            78.3778848,
            17.4469133
          ],
          [
            78.3777635,
            17.4467116
          ]
        ]
      }
    },
    {
      "type": "Feature",
      "properties": {
        "from": "11037130706",
        "to": 11037733497,
        "dist_m": 25.53,
        "name": "HITEC City Road",
        "highway": "primary",
        "oneway": true
      },
      "geometry": {
        "type": "LineString",
        "coordinates": [
          [
            78.3777635,
            17.4467116
          ],
          [
            78.3776429,
            17.4465132
          ]
        ]
      }
    },
    {
      "type": "Feature",
      "properties": {
        "from": "11037130706",
        "to": 11037130705,
        "dist_m": 11.26,
        "name": "Residential",
        "highway": "residential",
        "oneway": false
      },
      "geometry": {
        "type": "LineString",
        "coordinates": [
          [
            78.3777635,
            17.4467116
          ],
          [
            78.3778562,
            17.4466625
          ]
        ]
      }
    },
    {
      "type": "Feature",
      "properties": {
        "from": "11037733497",
        "to": 314941038,
        "dist_m": 15.55,
        "name": "HITEC City Road",
        "highway": "primary",
        "oneway": true
      },
      "geometry": {
        "type": "LineString",
        "coordinates": [
          [
            78.3776429,
            17.4465132
          ],
          [
            78.3775712,
            17.4463914
          ]
        ]
      }
    },
    {
      "type": "Feature",
      "properties": {
        "from": "11037733493",
        "to": 11478623708,
        "dist_m": 13.09,
        "name": "HITEC City Road",
        "highway": "primary",
        "oneway": true
      },
      "geometry": {
        "type": "LineString",
        "coordinates": [
          [
            78.3773575,
            17.4454705
          ],
          [
            78.3773405,
            17.445354
          ]
        ]
      }
    },
    {
      "type": "Feature",
      "properties": {
        "from": "11478623708",
        "to": 314941040,
        "dist_m": 16.82,
        "name": "HITEC City Road",
        "highway": "primary",
        "oneway": true
      },
      "geometry": {
        "type": "LineString",
        "coordinates": [
          [
            78.3773405,
            17.445354
          ],
          [
            78.3773186,
            17.4452044
          ]
        ]
      }
    },
    {
      "type": "Feature",
      "properties": {
        "from": "11478623708",
        "to": 13308148617,
        "dist_m": 13.21,
        "name": "Service",
        "highway": "service",
        "oneway": false
      },
      "geometry": {
        "type": "LineString",
        "coordinates": [
          [
            78.3773405,
            17.445354
          ],
          [
            78.3774646,
            17.4453465
          ]
        ]
      }
    },
    {
      "type": "Feature",
      "properties": {
        "from": "314941040",
        "to": 6575780483,
        "dist_m": 47.21,
        "name": "HITEC City Road",
        "highway": "primary",
        "oneway": true
      },
      "geometry": {
        "type": "LineString",
        "coordinates": [
          [
            78.3773186,
            17.4452044
          ],
          [
            78.377248,
            17.4447857
          ]
        ]
      }
    },
    {
      "type": "Feature",
      "properties": {
        "from": "6575780483",
        "to": 3163973605,
        "dist_m": 14.69,
        "name": "HITEC City Road",
        "highway": "primary",
        "oneway": true
      },
      "geometry": {
        "type": "LineString",
        "coordinates": [
          [
            78.377248,
            17.4447857
          ],
          [
            78.3772235,
            17.4446558
          ]
        ]
      }
    },
    {
      "type": "Feature",
      "properties": {
        "from": "3163973605",
        "to": 11037733492,
        "dist_m": 14.21,
        "name": "HITEC City Road",
        "highway": "primary",
        "oneway": true
      },
      "geometry": {
        "type": "LineString",
        "coordinates": [
          [
            78.3772235,
            17.4446558
          ],
          [
            78.3772062,
            17.4445292
          ]
        ]
      }
    },
    {
      "type": "Feature",
      "properties": {
        "from": "11037733492",
        "to": 11037733491,
        "dist_m": 13.2,
        "name": "HITEC City Road",
        "highway": "primary",
        "oneway": true
      },
      "geometry": {
        "type": "LineString",
        "coordinates": [
          [
            78.3772062,
            17.4445292
          ],
          [
            78.3771949,
            17.4444111
          ]
        ]
      }
    },
    {
      "type": "Feature",
      "properties": {
        "from": "11037733491",
        "to": 314941041,
        "dist_m": 13.12,
        "name": "HITEC City Road",
        "highway": "primary",
        "oneway": true
      },
      "geometry": {
        "type": "LineString",
        "coordinates": [
          [
            78.3771949,
            17.4444111
          ],
          [
            78.3771892,
            17.4442934
          ]
        ]
      }
    },
    {
      "type": "Feature",
      "properties": {
        "from": "314941041",
        "to": 827334124,
        "dist_m": 16.19,
        "name": "HITEC City Road",
        "highway": "primary",
        "oneway": true
      },
      "geometry": {
        "type": "LineString",
        "coordinates": [
          [
            78.3771892,
            17.4442934
          ],
          [
            78.3771897,
            17.444148
          ]
        ]
      }
    },
    {
      "type": "Feature",
      "properties": {
        "from": "827334124",
        "to": 1042222173,
        "dist_m": 56.57,
        "name": "HITEC City Road",
        "highway": "primary",
        "oneway": true
      },
      "geometry": {
        "type": "LineString",
        "coordinates": [
          [
            78.3771897,
            17.444148
          ],
          [
            78.3772007,
            17.4436399
          ]
        ]
      }
    },
    {
      "type": "Feature",
      "properties": {
        "from": "12642928914",
        "to": 3163973598,
        "dist_m": 15.38,
        "name": "Secondary",
        "highway": "secondary",
        "oneway": true
      },
      "geometry": {
        "type": "LineString",
        "coordinates": [
          [
            78.3749283,
            17.4439063
          ],
          [
            78.3750698,
            17.4438767
          ]
        ]
      }
    },
    {
      "type": "Feature",
      "properties": {
        "from": "3163973598",
        "to": 3163973599,
        "dist_m": 58.04,
        "name": "Secondary",
        "highway": "secondary",
        "oneway": true
      },
      "geometry": {
        "type": "LineString",
        "coordinates": [
          [
            78.3750698,
            17.4438767
          ],
          [
            78.3756034,
            17.4437642
          ]
        ]
      }
    },
    {
      "type": "Feature",
      "properties": {
        "from": "3163973599",
        "to": 3174084752,
        "dist_m": 134.15,
        "name": "Secondary",
        "highway": "secondary",
        "oneway": true
      },
      "geometry": {
        "type": "LineString",
        "coordinates": [
          [
            78.3756034,
            17.4437642
          ],
          [
            78.376845,
            17.4435426
          ]
        ]
      }
    },
    {
      "type": "Feature",
      "properties": {
        "from": "3174084752",
        "to": 12254973174,
        "dist_m": 18.22,
        "name": "Secondary",
        "highway": "secondary",
        "oneway": true
      },
      "geometry": {
        "type": "LineString",
        "coordinates": [
          [
            78.376845,
            17.4435426
          ],
          [
            78.3770153,
            17.4435225
          ]
        ]
      }
    },
    {
      "type": "Feature",
      "properties": {
        "from": "3174084752",
        "to": 7733015764,
        "dist_m": 6.92,
        "name": "Primary_link",
        "highway": "primary_link",
        "oneway": true
      },
      "geometry": {
        "type": "LineString",
        "coordinates": [
          [
            78.376845,
            17.4435426
          ],
          [
            78.3768993,
            17.443577
          ]
        ]
      }
    },
    {
      "type": "Feature",
      "properties": {
        "from": "12254973174",
        "to": 3163973600,
        "dist_m": 9.8,
        "name": "Secondary",
        "highway": "secondary",
        "oneway": true
      },
      "geometry": {
        "type": "LineString",
        "coordinates": [
          [
            78.3770153,
            17.4435225
          ],
          [
            78.3771071,
            17.4435139
          ]
        ]
      }
    },
    {
      "type": "Feature",
      "properties": {
        "from": "13951895993",
        "to": 3602303379,
        "dist_m": 62.01,
        "name": "Service",
        "highway": "service",
        "oneway": true
      },
      "geometry": {
        "type": "LineString",
        "coordinates": [
          [
            78.3787269,
            17.4430187
          ],
          [
            78.378605,
            17.4424739
          ]
        ]
      }
    },
    {
      "type": "Feature",
      "properties": {
        "from": "3602303379",
        "to": 5901589649,
        "dist_m": 4.13,
        "name": "Service",
        "highway": "service",
        "oneway": true
      },
      "geometry": {
        "type": "LineString",
        "coordinates": [
          [
            78.378605,
            17.4424739
          ],
          [
            78.3786105,
            17.4424372
          ]
        ]
      }
    },
    {
      "type": "Feature",
      "properties": {
        "from": "5901589649",
        "to": 13951895999,
        "dist_m": 3.32,
        "name": "Service",
        "highway": "service",
        "oneway": true
      },
      "geometry": {
        "type": "LineString",
        "coordinates": [
          [
            78.3786105,
            17.4424372
          ],
          [
            78.3786294,
            17.4424135
          ]
        ]
      }
    },
    {
      "type": "Feature",
      "properties": {
        "from": "13951895999",
        "to": 5901589646,
        "dist_m": 5.82,
        "name": "Service",
        "highway": "service",
        "oneway": true
      },
      "geometry": {
        "type": "LineString",
        "coordinates": [
          [
            78.3786294,
            17.4424135
          ],
          [
            78.3786797,
            17.4423927
          ]
        ]
      }
    },
    {
      "type": "Feature",
      "properties": {
        "from": "5901589646",
        "to": 5901589647,
        "dist_m": 101.21,
        "name": "Service",
        "highway": "service",
        "oneway": true
      },
      "geometry": {
        "type": "LineString",
        "coordinates": [
          [
            78.3786797,
            17.4423927
          ],
          [
            78.3796205,
            17.4422475
          ]
        ]
      }
    },
    {
      "type": "Feature",
      "properties": {
        "from": "5901589647",
        "to": 13951902201,
        "dist_m": 5.24,
        "name": "Service",
        "highway": "service",
        "oneway": true
      },
      "geometry": {
        "type": "LineString",
        "coordinates": [
          [
            78.3796205,
            17.4422475
          ],
          [
            78.3796692,
            17.4422553
          ]
        ]
      }
    },
    {
      "type": "Feature",
      "properties": {
        "from": "13951902201",
        "to": 5901589648,
        "dist_m": 4.67,
        "name": "Service",
        "highway": "service",
        "oneway": true
      },
      "geometry": {
        "type": "LineString",
        "coordinates": [
          [
            78.3796692,
            17.4422553
          ],
          [
            78.3797033,
            17.4422818
          ]
        ]
      }
    },
    {
      "type": "Feature",
      "properties": {
        "from": "5901589648",
        "to": 13951896000,
        "dist_m": 5.34,
        "name": "Service",
        "highway": "service",
        "oneway": true
      },
      "geometry": {
        "type": "LineString",
        "coordinates": [
          [
            78.3797033,
            17.4422818
          ],
          [
            78.3797296,
            17.4423227
          ]
        ]
      }
    },
    {
      "type": "Feature",
      "properties": {
        "from": "13951896000",
        "to": 4198555681,
        "dist_m": 5.48,
        "name": "Service",
        "highway": "service",
        "oneway": true
      },
      "geometry": {
        "type": "LineString",
        "coordinates": [
          [
            78.3797296,
            17.4423227
          ],
          [
            78.3797358,
            17.4423716
          ]
        ]
      }
    },
    {
      "type": "Feature",
      "properties": {
        "from": "11124411579",
        "to": 11124411578,
        "dist_m": 19.52,
        "name": "Service",
        "highway": "service",
        "oneway": true
      },
      "geometry": {
        "type": "LineString",
        "coordinates": [
          [
            78.3745673,
            17.4444167
          ],
          [
            78.3745348,
            17.4442441
          ]
        ]
      }
    },
    {
      "type": "Feature",
      "properties": {
        "from": "11124411578",
        "to": 11124411577,
        "dist_m": 14.33,
        "name": "Service",
        "highway": "service",
        "oneway": true
      },
      "geometry": {
        "type": "LineString",
        "coordinates": [
          [
            78.3745348,
            17.4442441
          ],
          [
            78.3745206,
            17.4441161
          ]
        ]
      }
    },
    {
      "type": "Feature",
      "properties": {
        "from": "11124411577",
        "to": 3602303907,
        "dist_m": 4.3,
        "name": "Service",
        "highway": "service",
        "oneway": true
      },
      "geometry": {
        "type": "LineString",
        "coordinates": [
          [
            78.3745206,
            17.4441161
          ],
          [
            78.3745084,
            17.4440793
          ]
        ]
      }
    },
    {
      "type": "Feature",
      "properties": {
        "from": "3602303907",
        "to": 3602303919,
        "dist_m": 44.19,
        "name": "Service",
        "highway": "service",
        "oneway": true
      },
      "geometry": {
        "type": "LineString",
        "coordinates": [
          [
            78.3745084,
            17.4440793
          ],
          [
            78.3740963,
            17.4441343
          ]
        ]
      }
    },
    {
      "type": "Feature",
      "properties": {
        "from": "3602303919",
        "to": 3602303936,
        "dist_m": 29.41,
        "name": "Service",
        "highway": "service",
        "oneway": true
      },
      "geometry": {
        "type": "LineString",
        "coordinates": [
          [
            78.3740963,
            17.4441343
          ],
          [
            78.3738243,
            17.4441841
          ]
        ]
      }
    },
    {
      "type": "Feature",
      "properties": {
        "from": "3602303936",
        "to": 3602303938,
        "dist_m": 11.09,
        "name": "Service",
        "highway": "service",
        "oneway": true
      },
      "geometry": {
        "type": "LineString",
        "coordinates": [
          [
            78.3738243,
            17.4441841
          ],
          [
            78.3737199,
            17.4441867
          ]
        ]
      }
    },
    {
      "type": "Feature",
      "properties": {
        "from": "3602303938",
        "to": 3602303954,
        "dist_m": 9.31,
        "name": "Service",
        "highway": "service",
        "oneway": true
      },
      "geometry": {
        "type": "LineString",
        "coordinates": [
          [
            78.3737199,
            17.4441867
          ],
          [
            78.373654,
            17.4442418
          ]
        ]
      }
    },
    {
      "type": "Feature",
      "properties": {
        "from": "3602303954",
        "to": 3602304132,
        "dist_m": 44.24,
        "name": "Service",
        "highway": "service",
        "oneway": true
      },
      "geometry": {
        "type": "LineString",
        "coordinates": [
          [
            78.373654,
            17.4442418
          ],
          [
            78.3737666,
            17.4446244
          ]
        ]
      }
    },
    {
      "type": "Feature",
      "properties": {
        "from": "3602304132",
        "to": 3602304402,
        "dist_m": 37.67,
        "name": "Service",
        "highway": "service",
        "oneway": true
      },
      "geometry": {
        "type": "LineString",
        "coordinates": [
          [
            78.3737666,
            17.4446244
          ],
          [
            78.3738436,
            17.4449547
          ]
        ]
      }
    },
    {
      "type": "Feature",
      "properties": {
        "from": "3602304402",
        "to": 3602304436,
        "dist_m": 12.18,
        "name": "Service",
        "highway": "service",
        "oneway": true
      },
      "geometry": {
        "type": "LineString",
        "coordinates": [
          [
            78.3738436,
            17.4449547
          ],
          [
            78.3738655,
            17.4450621
          ]
        ]
      }
    },
    {
      "type": "Feature",
      "properties": {
        "from": "3602304436",
        "to": 3602304441,
        "dist_m": 6.41,
        "name": "Service",
        "highway": "service",
        "oneway": true
      },
      "geometry": {
        "type": "LineString",
        "coordinates": [
          [
            78.3738655,
            17.4450621
          ],
          [
            78.3739177,
            17.445091
          ]
        ]
      }
    },
    {
      "type": "Feature",
      "properties": {
        "from": "3602304441",
        "to": 3602304401,
        "dist_m": 78.4,
        "name": "Service",
        "highway": "service",
        "oneway": true
      },
      "geometry": {
        "type": "LineString",
        "coordinates": [
          [
            78.3739177,
            17.445091
          ],
          [
            78.3746403,
            17.4449468
          ]
        ]
      }
    },
    {
      "type": "Feature",
      "properties": {
        "from": "11124411581",
        "to": 11124411582,
        "dist_m": 33.97,
        "name": "Service",
        "highway": "service",
        "oneway": true
      },
      "geometry": {
        "type": "LineString",
        "coordinates": [
          [
            78.3746243,
            17.4448531
          ],
          [
            78.3745694,
            17.4445525
          ]
        ]
      }
    },
    {
      "type": "Feature",
      "properties": {
        "from": "11187324948",
        "to": 3602305799,
        "dist_m": 14.32,
        "name": "Service",
        "highway": "service",
        "oneway": false
      },
      "geometry": {
        "type": "LineString",
        "coordinates": [
          [
            78.3743696,
            17.4472236
          ],
          [
            78.3744951,
            17.4472707
          ]
        ]
      }
    },
    {
      "type": "Feature",
      "properties": {
        "from": "11187324948",
        "to": 3602305562,
        "dist_m": 12.6,
        "name": "Service",
        "highway": "service",
        "oneway": false
      },
      "geometry": {
        "type": "LineString",
        "coordinates": [
          [
            78.3743696,
            17.4472236
          ],
          [
            78.3742575,
            17.4471864
          ]
        ]
      }
    },
    {
      "type": "Feature",
      "properties": {
        "from": "3602305562",
        "to": 11187324948,
        "dist_m": 12.6,
        "name": "Service",
        "highway": "service",
        "oneway": false
      },
      "geometry": {
        "type": "LineString",
        "coordinates": [
          [
            78.3742575,
            17.4471864
          ],
          [
            78.3743696,
            17.4472236
          ]
        ]
      }
    },
    {
      "type": "Feature",
      "properties": {
        "from": "3602305562",
        "to": 7676158345,
        "dist_m": 33.25,
        "name": "Service",
        "highway": "service",
        "oneway": false
      },
      "geometry": {
        "type": "LineString",
        "coordinates": [
          [
            78.3742575,
            17.4471864
          ],
          [
            78.373953,
            17.447117
          ]
        ]
      }
    },
    {
      "type": "Feature",
      "properties": {
        "from": "3602305562",
        "to": 6887537061,
        "dist_m": 58.93,
        "name": "Service",
        "highway": "service",
        "oneway": false
      },
      "geometry": {
        "type": "LineString",
        "coordinates": [
          [
            78.3742575,
            17.4471864
          ],
          [
            78.3740401,
            17.4476735
          ]
        ]
      }
    },
    {
      "type": "Feature",
      "properties": {
        "from": "7676158345",
        "to": 3602305562,
        "dist_m": 33.25,
        "name": "Service",
        "highway": "service",
        "oneway": false
      },
      "geometry": {
        "type": "LineString",
        "coordinates": [
          [
            78.373953,
            17.447117
          ],
          [
            78.3742575,
            17.4471864
          ]
        ]
      }
    },
    {
      "type": "Feature",
      "properties": {
        "from": "7676158345",
        "to": 3602305560,
        "dist_m": 18.84,
        "name": "Service",
        "highway": "service",
        "oneway": false
      },
      "geometry": {
        "type": "LineString",
        "coordinates": [
          [
            78.373953,
            17.447117
          ],
          [
            78.3737767,
            17.4470979
          ]
        ]
      }
    },
    {
      "type": "Feature",
      "properties": {
        "from": "3602305560",
        "to": 7676158345,
        "dist_m": 18.84,
        "name": "Service",
        "highway": "service",
        "oneway": false
      },
      "geometry": {
        "type": "LineString",
        "coordinates": [
          [
            78.3737767,
            17.4470979
          ],
          [
            78.373953,
            17.447117
          ]
        ]
      }
    },
    {
      "type": "Feature",
      "properties": {
        "from": "3602305560",
        "to": 4201551898,
        "dist_m": 11.37,
        "name": "Service",
        "highway": "service",
        "oneway": false
      },
      "geometry": {
        "type": "LineString",
        "coordinates": [
          [
            78.3737767,
            17.4470979
          ],
          [
            78.3736801,
            17.4471419
          ]
        ]
      }
    },
    {
      "type": "Feature",
      "properties": {
        "from": "4201551898",
        "to": 3602305560,
        "dist_m": 11.37,
        "name": "Service",
        "highway": "service",
        "oneway": false
      },
      "geometry": {
        "type": "LineString",
        "coordinates": [
          [
            78.3736801,
            17.4471419
          ],
          [
            78.3737767,
            17.4470979
          ]
        ]
      }
    },
    {
      "type": "Feature",
      "properties": {
        "from": "4201551898",
        "to": 3602305981,
        "dist_m": 101.92,
        "name": "Service",
        "highway": "service",
        "oneway": false
      },
      "geometry": {
        "type": "LineString",
        "coordinates": [
          [
            78.3736801,
            17.4471419
          ],
          [
            78.3732891,
            17.447978
          ]
        ]
      }
    },
    {
      "type": "Feature",
      "properties": {
        "from": "3602305981",
        "to": 4201551898,
        "dist_m": 101.92,
        "name": "Service",
        "highway": "service",
        "oneway": false
      },
      "geometry": {
        "type": "LineString",
        "coordinates": [
          [
            78.3732891,
            17.447978
          ],
          [
            78.3736801,
            17.4471419
          ]
        ]
      }
    },
    {
      "type": "Feature",
      "properties": {
        "from": "3602305981",
        "to": 4201576226,
        "dist_m": 125.4,
        "name": "Service",
        "highway": "service",
        "oneway": false
      },
      "geometry": {
        "type": "LineString",
        "coordinates": [
          [
            78.3732891,
            17.447978
          ],
          [
            78.3725522,
            17.4488582
          ]
        ]
      }
    },
    {
      "type": "Feature",
      "properties": {
        "from": "4201576226",
        "to": 3602305981,
        "dist_m": 125.4,
        "name": "Service",
        "highway": "service",
        "oneway": false
      },
      "geometry": {
        "type": "LineString",
        "coordinates": [
          [
            78.3725522,
            17.4488582
          ],
          [
            78.3732891,
            17.447978
          ]
        ]
      }
    },
    {
      "type": "Feature",
      "properties": {
        "from": "4201576226",
        "to": 3602306393,
        "dist_m": 7.23,
        "name": "Service",
        "highway": "service",
        "oneway": false
      },
      "geometry": {
        "type": "LineString",
        "coordinates": [
          [
            78.3725522,
            17.4488582
          ],
          [
            78.3725497,
            17.4489231
          ]
        ]
      }
    },
    {
      "type": "Feature",
      "properties": {
        "from": "3602306393",
        "to": 4201576226,
        "dist_m": 7.23,
        "name": "Service",
        "highway": "service",
        "oneway": false
      },
      "geometry": {
        "type": "LineString",
        "coordinates": [
          [
            78.3725497,
            17.4489231
          ],
          [
            78.3725522,
            17.4488582
          ]
        ]
      }
    },
    {
      "type": "Feature",
      "properties": {
        "from": "3602306393",
        "to": 4201576227,
        "dist_m": 5.83,
        "name": "Service",
        "highway": "service",
        "oneway": false
      },
      "geometry": {
        "type": "LineString",
        "coordinates": [
          [
            78.3725497,
            17.4489231
          ],
          [
            78.3725723,
            17.4489708
          ]
        ]
      }
    },
    {
      "type": "Feature",
      "properties": {
        "from": "4201576227",
        "to": 3602306393,
        "dist_m": 5.83,
        "name": "Service",
        "highway": "service",
        "oneway": false
      },
      "geometry": {
        "type": "LineString",
        "coordinates": [
          [
            78.3725723,
            17.4489708
          ],
          [
            78.3725497,
            17.4489231
          ]
        ]
      }
    },
    {
      "type": "Feature",
      "properties": {
        "from": "4201576227",
        "to": 3602306417,
        "dist_m": 7.52,
        "name": "Service",
        "highway": "service",
        "oneway": false
      },
      "geometry": {
        "type": "LineString",
        "coordinates": [
          [
            78.3725723,
            17.4489708
          ],
          [
            78.3726211,
            17.4490198
          ]
        ]
      }
    },
    {
      "type": "Feature",
      "properties": {
        "from": "3602306417",
        "to": 4201576227,
        "dist_m": 7.52,
        "name": "Service",
        "highway": "service",
        "oneway": false
      },
      "geometry": {
        "type": "LineString",
        "coordinates": [
          [
            78.3726211,
            17.4490198
          ],
          [
            78.3725723,
            17.4489708
          ]
        ]
      }
    },
    {
      "type": "Feature",
      "properties": {
        "from": "3602306417",
        "to": 4201576228,
        "dist_m": 37.39,
        "name": "Service",
        "highway": "service",
        "oneway": false
      },
      "geometry": {
        "type": "LineString",
        "coordinates": [
          [
            78.3726211,
            17.4490198
          ],
          [
            78.3729103,
            17.4492113
          ]
        ]
      }
    },
    {
      "type": "Feature",
      "properties": {
        "from": "4201576228",
        "to": 3602306417,
        "dist_m": 37.39,
        "name": "Service",
        "highway": "service",
        "oneway": false
      },
      "geometry": {
        "type": "LineString",
        "coordinates": [
          [
            78.3729103,
            17.4492113
          ],
          [
            78.3726211,
            17.4490198
          ]
        ]
      }
    },
    {
      "type": "Feature",
      "properties": {
        "from": "4201576228",
        "to": 5956987385,
        "dist_m": 26.02,
        "name": "Service",
        "highway": "service",
        "oneway": false
      },
      "geometry": {
        "type": "LineString",
        "coordinates": [
          [
            78.3729103,
            17.4492113
          ],
          [
            78.3731371,
            17.4492997
          ]
        ]
      }
    },
    {
      "type": "Feature",
      "properties": {
        "from": "4201576228",
        "to": 6887537053,
        "dist_m": 80.13,
        "name": "Service",
        "highway": "service",
        "oneway": false
      },
      "geometry": {
        "type": "LineString",
        "coordinates": [
          [
            78.3729103,
            17.4492113
          ],
          [
            78.3734205,
            17.448681
          ]
        ]
      }
    },
    {
      "type": "Feature",
      "properties": {
        "from": "5956987385",
        "to": 4201576228,
        "dist_m": 26.02,
        "name": "Service",
        "highway": "service",
        "oneway": false
      },
      "geometry": {
        "type": "LineString",
        "coordinates": [
          [
            78.3731371,
            17.4492997
          ],
          [
            78.3729103,
            17.4492113
          ]
        ]
      }
    },
    {
      "type": "Feature",
      "properties": {
        "from": "5956987385",
        "to": 10803922197,
        "dist_m": 5.07,
        "name": "Service",
        "highway": "service",
        "oneway": false
      },
      "geometry": {
        "type": "LineString",
        "coordinates": [
          [
            78.3731371,
            17.4492997
          ],
          [
            78.3731791,
            17.4493214
          ]
        ]
      }
    },
    {
      "type": "Feature",
      "properties": {
        "from": "10803922197",
        "to": 5956987385,
        "dist_m": 5.07,
        "name": "Service",
        "highway": "service",
        "oneway": false
      },
      "geometry": {
        "type": "LineString",
        "coordinates": [
          [
            78.3731791,
            17.4493214
          ],
          [
            78.3731371,
            17.4492997
          ]
        ]
      }
    },
    {
      "type": "Feature",
      "properties": {
        "from": "3602303335",
        "to": 11478632189,
        "dist_m": 3.28,
        "name": "Service",
        "highway": "service",
        "oneway": true
      },
      "geometry": {
        "type": "LineString",
        "coordinates": [
          [
            78.3785244,
            17.4422616
          ],
          [
            78.3785406,
            17.4422867
          ]
        ]
      }
    },
    {
      "type": "Feature",
      "properties": {
        "from": "11478632189",
        "to": 3602303343,
        "dist_m": 3.59,
        "name": "Service",
        "highway": "service",
        "oneway": true
      },
      "geometry": {
        "type": "LineString",
        "coordinates": [
          [
            78.3785406,
            17.4422867
          ],
          [
            78.3785731,
            17.4422957
          ]
        ]
      }
    },
    {
      "type": "Feature",
      "properties": {
        "from": "3602303343",
        "to": 3602303341,
        "dist_m": 11.7,
        "name": "Service",
        "highway": "service",
        "oneway": true
      },
      "geometry": {
        "type": "LineString",
        "coordinates": [
          [
            78.3785731,
            17.4422957
          ],
          [
            78.378683,
            17.4422878
          ]
        ]
      }
    },
    {
      "type": "Feature",
      "properties": {
        "from": "3602303341",
        "to": 3602303321,
        "dist_m": 56.37,
        "name": "Service",
        "highway": "service",
        "oneway": true
      },
      "geometry": {
        "type": "LineString",
        "coordinates": [
          [
            78.378683,
            17.4422878
          ],
          [
            78.3792023,
            17.442183
          ]
        ]
      }
    },
    {
      "type": "Feature",
      "properties": {
        "from": "3602303319",
        "to": 3670021159,
        "dist_m": 56.79,
        "name": "Residential",
        "highway": "residential",
        "oneway": false
      },
      "geometry": {
        "type": "LineString",
        "coordinates": [
          [
            78.3755601,
            17.4421701
          ],
          [
            78.3760946,
            17.4421839
          ]
        ]
      }
    },
    {
      "type": "Feature",
      "properties": {
        "from": "3602303319",
        "to": 11217150830,
        "dist_m": 19.37,
        "name": "Residential",
        "highway": "residential",
        "oneway": false
      },
      "geometry": {
        "type": "LineString",
        "coordinates": [
          [
            78.3755601,
            17.4421701
          ],
          [
            78.3753777,
            17.4421689
          ]
        ]
      }
    },
    {
      "type": "Feature",
      "properties": {
        "from": "10804178867",
        "to": 3602305575,
        "dist_m": 20.97,
        "name": "Service",
        "highway": "service",
        "oneway": false
      },
      "geometry": {
        "type": "LineString",
        "coordinates": [
          [
            78.3773573,
            17.4473231
          ],
          [
            78.3773012,
            17.4471425
          ]
        ]
      }
    },
    {
      "type": "Feature",
      "properties": {
        "from": "3602303693",
        "to": 3602303731,
        "dist_m": 23.16,
        "name": "Service",
        "highway": "service",
        "oneway": false
      },
      "geometry": {
        "type": "LineString",
        "coordinates": [
          [
            78.3777229,
            17.443643
          ],
          [
            78.3777698,
            17.4438462
          ]
        ]
      }
    },
    {
      "type": "Feature",
      "properties": {
        "from": "3602303693",
        "to": 1371237608,
        "dist_m": 31.12,
        "name": "Service",
        "highway": "service",
        "oneway": false
      },
      "geometry": {
        "type": "LineString",
        "coordinates": [
          [
            78.3777229,
            17.443643
          ],
          [
            78.3774299,
            17.4436397
          ]
        ]
      }
    },
    {
      "type": "Feature",
      "properties": {
        "from": "3602303693",
        "to": 1042222203,
        "dist_m": 74.9,
        "name": "Service",
        "highway": "service",
        "oneway": false
      },
      "geometry": {
        "type": "LineString",
        "coordinates": [
          [
            78.3777229,
            17.443643
          ],
          [
            78.3784281,
            17.4436511
          ]
        ]
      }
    },
    {
      "type": "Feature",
      "properties": {
        "from": "3602303731",
        "to": 3602303693,
        "dist_m": 23.16,
        "name": "Service",
        "highway": "service",
        "oneway": false
      },
      "geometry": {
        "type": "LineString",
        "coordinates": [
          [
            78.3777698,
            17.4438462
          ],
          [
            78.3777229,
            17.443643
          ]
        ]
      }
    },
    {
      "type": "Feature",
      "properties": {
        "from": "3602303731",
        "to": 3602303766,
        "dist_m": 12.96,
        "name": "Service",
        "highway": "service",
        "oneway": true
      },
      "geometry": {
        "type": "LineString",
        "coordinates": [
          [
            78.3777698,
            17.4438462
          ],
          [
            78.3776639,
            17.443904
          ]
        ]
      }
    },
    {
      "type": "Feature",
      "properties": {
        "from": "7676158289",
        "to": 1257939504,
        "dist_m": 44.65,
        "name": "Service",
        "highway": "service",
        "oneway": false
      },
      "geometry": {
        "type": "LineString",
        "coordinates": [
          [
            78.3749561,
            17.4498472
          ],
          [
            78.3747454,
            17.4495001
          ]
        ]
      }
    },
    {
      "type": "Feature",
      "properties": {
        "from": "7676158289",
        "to": 7676158288,
        "dist_m": 10.05,
        "name": "Service",
        "highway": "service",
        "oneway": false
      },
      "geometry": {
        "type": "LineString",
        "coordinates": [
          [
            78.3749561,
            17.4498472
          ],
          [
            78.3749896,
            17.4499316
          ]
        ]
      }
    },
    {
      "type": "Feature",
      "properties": {
        "from": "7676158288",
        "to": 7676158289,
        "dist_m": 10.05,
        "name": "Service",
        "highway": "service",
        "oneway": false
      },
      "geometry": {
        "type": "LineString",
        "coordinates": [
          [
            78.3749896,
            17.4499316
          ],
          [
            78.3749561,
            17.4498472
          ]
        ]
      }
    },
    {
      "type": "Feature",
      "properties": {
        "from": "7676158288",
        "to": 3602306563,
        "dist_m": 9.05,
        "name": "Service",
        "highway": "service",
        "oneway": false
      },
      "geometry": {
        "type": "LineString",
        "coordinates": [
          [
            78.3749896,
            17.4499316
          ],
          [
            78.3750004,
            17.4500122
          ]
        ]
      }
    },
    {
      "type": "Feature",
      "properties": {
        "from": "3602306563",
        "to": 7676158288,
        "dist_m": 9.05,
        "name": "Service",
        "highway": "service",
        "oneway": false
      },
      "geometry": {
        "type": "LineString",
        "coordinates": [
          [
            78.3750004,
            17.4500122
          ],
          [
            78.3749896,
            17.4499316
          ]
        ]
      }
    },
    {
      "type": "Feature",
      "properties": {
        "from": "3602306563",
        "to": 7676158290,
        "dist_m": 22.51,
        "name": "Service",
        "highway": "service",
        "oneway": false
      },
      "geometry": {
        "type": "LineString",
        "coordinates": [
          [
            78.3750004,
            17.4500122
          ],
          [
            78.374999,
            17.4502144
          ]
        ]
      }
    },
    {
      "type": "Feature",
      "properties": {
        "from": "7676158290",
        "to": 3602306563,
        "dist_m": 22.51,
        "name": "Service",
        "highway": "service",
        "oneway": false
      },
      "geometry": {
        "type": "LineString",
        "coordinates": [
          [
            78.374999,
            17.4502144
          ],
          [
            78.3750004,
            17.4500122
          ]
        ]
      }
    },
    {
      "type": "Feature",
      "properties": {
        "from": "7676158290",
        "to": 7676158291,
        "dist_m": 4.91,
        "name": "Service",
        "highway": "service",
        "oneway": false
      },
      "geometry": {
        "type": "LineString",
        "coordinates": [
          [
            78.374999,
            17.4502144
          ],
          [
            78.3749762,
            17.4502528
          ]
        ]
      }
    },
    {
      "type": "Feature",
      "properties": {
        "from": "7676158291",
        "to": 7676158290,
        "dist_m": 4.91,
        "name": "Service",
        "highway": "service",
        "oneway": false
      },
      "geometry": {
        "type": "LineString",
        "coordinates": [
          [
            78.3749762,
            17.4502528
          ],
          [
            78.374999,
            17.4502144
          ]
        ]
      }
    },
    {
      "type": "Feature",
      "properties": {
        "from": "7676158291",
        "to": 3602306657,
        "dist_m": 7.4,
        "name": "Service",
        "highway": "service",
        "oneway": false
      },
      "geometry": {
        "type": "LineString",
        "coordinates": [
          [
            78.3749762,
            17.4502528
          ],
          [
            78.3749078,
            17.4502656
          ]
        ]
      }
    },
    {
      "type": "Feature",
      "properties": {
        "from": "3602306657",
        "to": 7676158291,
        "dist_m": 7.4,
        "name": "Service",
        "highway": "service",
        "oneway": false
      },
      "geometry": {
        "type": "LineString",
        "coordinates": [
          [
            78.3749078,
            17.4502656
          ],
          [
            78.3749762,
            17.4502528
          ]
        ]
      }
    },
    {
      "type": "Feature",
      "properties": {
        "from": "3602306657",
        "to": 6887537044,
        "dist_m": 73.81,
        "name": "Service",
        "highway": "service",
        "oneway": false
      },
      "geometry": {
        "type": "LineString",
        "coordinates": [
          [
            78.3749078,
            17.4502656
          ],
          [
            78.3742128,
            17.4502658
          ]
        ]
      }
    },
    {
      "type": "Feature",
      "properties": {
        "from": "11299576774",
        "to": 3602304605,
        "dist_m": 53.92,
        "name": "Service",
        "highway": "service",
        "oneway": false
      },
      "geometry": {
        "type": "LineString",
        "coordinates": [
          [
            78.3747604,
            17.4452611
          ],
          [
            78.3742765,
            17.4454078
          ]
        ]
      }
    },
    {
      "type": "Feature",
      "properties": {
        "from": "3602304605",
        "to": 11299576774,
        "dist_m": 53.92,
        "name": "Service",
        "highway": "service",
        "oneway": false
      },
      "geometry": {
        "type": "LineString",
        "coordinates": [
          [
            78.3742765,
            17.4454078
          ],
          [
            78.3747604,
            17.4452611
          ]
        ]
      }
    },
    {
      "type": "Feature",
      "properties": {
        "from": "3602304605",
        "to": 11484606986,
        "dist_m": 4.46,
        "name": "Service",
        "highway": "service",
        "oneway": false
      },
      "geometry": {
        "type": "LineString",
        "coordinates": [
          [
            78.3742765,
            17.4454078
          ],
          [
            78.3742475,
            17.4454368
          ]
        ]
      }
    },
    {
      "type": "Feature",
      "properties": {
        "from": "11484606986",
        "to": 3602304605,
        "dist_m": 4.46,
        "name": "Service",
        "highway": "service",
        "oneway": false
      },
      "geometry": {
        "type": "LineString",
        "coordinates": [
          [
            78.3742475,
            17.4454368
          ],
          [
            78.3742765,
            17.4454078
          ]
        ]
      }
    },
    {
      "type": "Feature",
      "properties": {
        "from": "11484606986",
        "to": 3602304669,
        "dist_m": 25.43,
        "name": "Service",
        "highway": "service",
        "oneway": false
      },
      "geometry": {
        "type": "LineString",
        "coordinates": [
          [
            78.3742475,
            17.4454368
          ],
          [
            78.3742198,
            17.4456637
          ]
        ]
      }
    },
    {
      "type": "Feature",
      "properties": {
        "from": "3602304669",
        "to": 11484606986,
        "dist_m": 25.43,
        "name": "Service",
        "highway": "service",
        "oneway": false
      },
      "geometry": {
        "type": "LineString",
        "coordinates": [
          [
            78.3742198,
            17.4456637
          ],
          [
            78.3742475,
            17.4454368
          ]
        ]
      }
    },
    {
      "type": "Feature",
      "properties": {
        "from": "3602303323",
        "to": 3163973601,
        "dist_m": 105.09,
        "name": "HITEC City Road",
        "highway": "primary",
        "oneway": true
      },
      "geometry": {
        "type": "LineString",
        "coordinates": [
          [
            78.3771355,
            17.4421954
          ],
          [
            78.3771179,
            17.4431393
          ]
        ]
      }
    },
    {
      "type": "Feature",
      "properties": {
        "from": "6151667831",
        "to": 3670021159,
        "dist_m": 92.16,
        "name": "Residential",
        "highway": "residential",
        "oneway": false
      },
      "geometry": {
        "type": "LineString",
        "coordinates": [
          [
            78.3769624,
            17.4421864
          ],
          [
            78.3760946,
            17.4421839
          ]
        ]
      }
    },
    {
      "type": "Feature",
      "properties": {
        "from": "11217150830",
        "to": 3602303319,
        "dist_m": 19.37,
        "name": "Residential",
        "highway": "residential",
        "oneway": false
      },
      "geometry": {
        "type": "LineString",
        "coordinates": [
          [
            78.3753777,
            17.4421689
          ],
          [
            78.3755601,
            17.4421701
          ]
        ]
      }
    },
    {
      "type": "Feature",
      "properties": {
        "from": "11217150830",
        "to": 5901630343,
        "dist_m": 12.27,
        "name": "Residential",
        "highway": "residential",
        "oneway": false
      },
      "geometry": {
        "type": "LineString",
        "coordinates": [
          [
            78.3753777,
            17.4421689
          ],
          [
            78.3752622,
            17.4421682
          ]
        ]
      }
    },
    {
      "type": "Feature",
      "properties": {
        "from": "11217150830",
        "to": 11217150831,
        "dist_m": 29.3,
        "name": "Residential",
        "highway": "residential",
        "oneway": false
      },
      "geometry": {
        "type": "LineString",
        "coordinates": [
          [
            78.3753777,
            17.4421689
          ],
          [
            78.3753777,
            17.4424321
          ]
        ]
      }
    },
    {
      "type": "Feature",
      "properties": {
        "from": "5901630343",
        "to": 11217150830,
        "dist_m": 12.27,
        "name": "Residential",
        "highway": "residential",
        "oneway": false
      },
      "geometry": {
        "type": "LineString",
        "coordinates": [
          [
            78.3752622,
            17.4421682
          ],
          [
            78.3753777,
            17.4421689
          ]
        ]
      }
    },
    {
      "type": "Feature",
      "properties": {
        "from": "5901630343",
        "to": 13356929260,
        "dist_m": 24.39,
        "name": "Residential",
        "highway": "residential",
        "oneway": false
      },
      "geometry": {
        "type": "LineString",
        "coordinates": [
          [
            78.3752622,
            17.4421682
          ],
          [
            78.3750326,
            17.4421717
          ]
        ]
      }
    },
    {
      "type": "Feature",
      "properties": {
        "from": "13356929260",
        "to": 5901630343,
        "dist_m": 24.39,
        "name": "Residential",
        "highway": "residential",
        "oneway": false
      },
      "geometry": {
        "type": "LineString",
        "coordinates": [
          [
            78.3750326,
            17.4421717
          ],
          [
            78.3752622,
            17.4421682
          ]
        ]
      }
    },
    {
      "type": "Feature",
      "properties": {
        "from": "13356929260",
        "to": 4173995200,
        "dist_m": 20.45,
        "name": "Residential",
        "highway": "residential",
        "oneway": false
      },
      "geometry": {
        "type": "LineString",
        "coordinates": [
          [
            78.3750326,
            17.4421717
          ],
          [
            78.3748401,
            17.4421747
          ]
        ]
      }
    },
    {
      "type": "Feature",
      "properties": {
        "from": "4173995200",
        "to": 13356929260,
        "dist_m": 20.45,
        "name": "Residential",
        "highway": "residential",
        "oneway": false
      },
      "geometry": {
        "type": "LineString",
        "coordinates": [
          [
            78.3748401,
            17.4421747
          ],
          [
            78.3750326,
            17.4421717
          ]
        ]
      }
    },
    {
      "type": "Feature",
      "properties": {
        "from": "4173995200",
        "to": 4173995202,
        "dist_m": 56.15,
        "name": "Residential",
        "highway": "residential",
        "oneway": false
      },
      "geometry": {
        "type": "LineString",
        "coordinates": [
          [
            78.3748401,
            17.4421747
          ],
          [
            78.3748428,
            17.4426791
          ]
        ]
      }
    },
    {
      "type": "Feature",
      "properties": {
        "from": "11124411574",
        "to": 1041967169,
        "dist_m": 36.28,
        "name": "Service",
        "highway": "service",
        "oneway": false
      },
      "geometry": {
        "type": "LineString",
        "coordinates": [
          [
            78.3743043,
            17.4439155
          ],
          [
            78.374645,
            17.4439392
          ]
        ]
      }
    },
    {
      "type": "Feature",
      "properties": {
        "from": "11124411574",
        "to": 11478605727,
        "dist_m": 11.1,
        "name": "Service",
        "highway": "service",
        "oneway": false
      },
      "geometry": {
        "type": "LineString",
        "coordinates": [
          [
            78.3743043,
            17.4439155
          ],
          [
            78.3742021,
            17.4439363
          ]
        ]
      }
    },
    {
      "type": "Feature",
      "properties": {
        "from": "11124411574",
        "to": 11124411576,
        "dist_m": 7.89,
        "name": "Service",
        "highway": "service",
        "oneway": true
      },
      "geometry": {
        "type": "LineString",
        "coordinates": [
          [
            78.3743043,
            17.4439155
          ],
          [
            78.3742918,
            17.4438456
          ]
        ]
      }
    },
    {
      "type": "Feature",
      "properties": {
        "from": "11478605727",
        "to": 11124411574,
        "dist_m": 11.1,
        "name": "Service",
        "highway": "service",
        "oneway": false
      },
      "geometry": {
        "type": "LineString",
        "coordinates": [
          [
            78.3742021,
            17.4439363
          ],
          [
            78.3743043,
            17.4439155
          ]
        ]
      }
    },
    {
      "type": "Feature",
      "properties": {
        "from": "11478605727",
        "to": 3602303765,
        "dist_m": 5.71,
        "name": "Service",
        "highway": "service",
        "oneway": false
      },
      "geometry": {
        "type": "LineString",
        "coordinates": [
          [
            78.3742021,
            17.4439363
          ],
          [
            78.3741495,
            17.443947
          ]
        ]
      }
    },
    {
      "type": "Feature",
      "properties": {
        "from": "11478605727",
        "to": 11478605730,
        "dist_m": 6.41,
        "name": "Service",
        "highway": "service",
        "oneway": false
      },
      "geometry": {
        "type": "LineString",
        "coordinates": [
          [
            78.3742021,
            17.4439363
          ],
          [
            78.374191,
            17.4438797
          ]
        ]
      }
    },
    {
      "type": "Feature",
      "properties": {
        "from": "3602303765",
        "to": 11478605727,
        "dist_m": 5.71,
        "name": "Service",
        "highway": "service",
        "oneway": false
      },
      "geometry": {
        "type": "LineString",
        "coordinates": [
          [
            78.3741495,
            17.443947
          ],
          [
            78.3742021,
            17.4439363
          ]
        ]
      }
    },
    {
      "type": "Feature",
      "properties": {
        "from": "3602304155",
        "to": 3602304172,
        "dist_m": 12.7,
        "name": "Service",
        "highway": "service",
        "oneway": false
      },
      "geometry": {
        "type": "LineString",
        "coordinates": [
          [
            78.3782874,
            17.4447853
          ],
          [
            78.3783848,
            17.4448515
          ]
        ]
      }
    },
    {
      "type": "Feature",
      "properties": {
        "from": "3602304155",
        "to": 3602304140,
        "dist_m": 19.62,
        "name": "Service",
        "highway": "service",
        "oneway": true
      },
      "geometry": {
        "type": "LineString",
        "coordinates": [
          [
            78.3782874,
            17.4447853
          ],
          [
            78.3784258,
            17.4446686
          ]
        ]
      }
    },
    {
      "type": "Feature",
      "properties": {
        "from": "3602304172",
        "to": 3602304155,
        "dist_m": 12.7,
        "name": "Service",
        "highway": "service",
        "oneway": false
      },
      "geometry": {
        "type": "LineString",
        "coordinates": [
          [
            78.3783848,
            17.4448515
          ],
          [
            78.3782874,
            17.4447853
          ]
        ]
      }
    },
    {
      "type": "Feature",
      "properties": {
        "from": "3602304172",
        "to": 11101589516,
        "dist_m": 15.14,
        "name": "Service",
        "highway": "service",
        "oneway": false
      },
      "geometry": {
        "type": "LineString",
        "coordinates": [
          [
            78.3783848,
            17.4448515
          ],
          [
            78.3785254,
            17.4448742
          ]
        ]
      }
    },
    {
      "type": "Feature",
      "properties": {
        "from": "11101589516",
        "to": 3602304172,
        "dist_m": 15.14,
        "name": "Service",
        "highway": "service",
        "oneway": false
      },
      "geometry": {
        "type": "LineString",
        "coordinates": [
          [
            78.3785254,
            17.4448742
          ],
          [
            78.3783848,
            17.4448515
          ]
        ]
      }
    },
    {
      "type": "Feature",
      "properties": {
        "from": "11101589516",
        "to": 3602304179,
        "dist_m": 18.96,
        "name": "Service",
        "highway": "service",
        "oneway": false
      },
      "geometry": {
        "type": "LineString",
        "coordinates": [
          [
            78.3785254,
            17.4448742
          ],
          [
            78.3787038,
            17.4448811
          ]
        ]
      }
    },
    {
      "type": "Feature",
      "properties": {
        "from": "3602304179",
        "to": 11101589516,
        "dist_m": 18.96,
        "name": "Service",
        "highway": "service",
        "oneway": false
      },
      "geometry": {
        "type": "LineString",
        "coordinates": [
          [
            78.3787038,
            17.4448811
          ],
          [
            78.3785254,
            17.4448742
          ]
        ]
      }
    },
    {
      "type": "Feature",
      "properties": {
        "from": "1257939539",
        "to": 7676158287,
        "dist_m": 76.13,
        "name": "Unclassified",
        "highway": "unclassified",
        "oneway": false
      },
      "geometry": {
        "type": "LineString",
        "coordinates": [
          [
            78.3755436,
            17.4489816
          ],
          [
            78.374999,
            17.4494263
          ]
        ]
      }
    },
    {
      "type": "Feature",
      "properties": {
        "from": "3602306405",
        "to": 3602306379,
        "dist_m": 70.51,
        "name": "Service",
        "highway": "service",
        "oneway": false
      },
      "geometry": {
        "type": "LineString",
        "coordinates": [
          [
            78.375822,
            17.4489177
          ],
          [
            78.3764593,
            17.44874
          ]
        ]
      }
    },
    {
      "type": "Feature",
      "properties": {
        "from": "3602306379",
        "to": 3602306405,
        "dist_m": 70.51,
        "name": "Service",
        "highway": "service",
        "oneway": false
      },
      "geometry": {
        "type": "LineString",
        "coordinates": [
          [
            78.3764593,
            17.44874
          ],
          [
            78.375822,
            17.4489177
          ]
        ]
      }
    },
    {
      "type": "Feature",
      "properties": {
        "from": "3602306379",
        "to": 3602306342,
        "dist_m": 77.81,
        "name": "Service",
        "highway": "service",
        "oneway": false
      },
      "geometry": {
        "type": "LineString",
        "coordinates": [
          [
            78.3764593,
            17.44874
          ],
          [
            78.3771499,
            17.4485064
          ]
        ]
      }
    },
    {
      "type": "Feature",
      "properties": {
        "from": "3602306342",
        "to": 3602306379,
        "dist_m": 77.81,
        "name": "Service",
        "highway": "service",
        "oneway": false
      },
      "geometry": {
        "type": "LineString",
        "coordinates": [
          [
            78.3771499,
            17.4485064
          ],
          [
            78.3764593,
            17.44874
          ]
        ]
      }
    },
    {
      "type": "Feature",
      "properties": {
        "from": "13363152712",
        "to": 3163973597,
        "dist_m": 60.07,
        "name": "Service",
        "highway": "service",
        "oneway": false
      },
      "geometry": {
        "type": "LineString",
        "coordinates": [
          [
            78.3752552,
            17.4441439
          ],
          [
            78.3747195,
            17.4439707
          ]
        ]
      }
    },
    {
      "type": "Feature",
      "properties": {
        "from": "13363152712",
        "to": 3602303959,
        "dist_m": 15.0,
        "name": "Service",
        "highway": "service",
        "oneway": false
      },
      "geometry": {
        "type": "LineString",
        "coordinates": [
          [
            78.3752552,
            17.4441439
          ],
          [
            78.375389,
            17.4441871
          ]
        ]
      }
    },
    {
      "type": "Feature",
      "properties": {
        "from": "3602303959",
        "to": 13363152712,
        "dist_m": 15.0,
        "name": "Service",
        "highway": "service",
        "oneway": false
      },
      "geometry": {
        "type": "LineString",
        "coordinates": [
          [
            78.375389,
            17.4441871
          ],
          [
            78.3752552,
            17.4441439
          ]
        ]
      }
    },
    {
      "type": "Feature",
      "properties": {
        "from": "3602303959",
        "to": 12254999713,
        "dist_m": 5.09,
        "name": "Service",
        "highway": "service",
        "oneway": false
      },
      "geometry": {
        "type": "LineString",
        "coordinates": [
          [
            78.375389,
            17.4441871
          ],
          [
            78.3754291,
            17.4442122
          ]
        ]
      }
    },
    {
      "type": "Feature",
      "properties": {
        "from": "3602303959",
        "to": 3602303792,
        "dist_m": 20.52,
        "name": "Service",
        "highway": "service",
        "oneway": false
      },
      "geometry": {
        "type": "LineString",
        "coordinates": [
          [
            78.375389,
            17.4441871
          ],
          [
            78.3754892,
            17.4440295
          ]
        ]
      }
    },
    {
      "type": "Feature",
      "properties": {
        "from": "12254999713",
        "to": 3602303959,
        "dist_m": 5.09,
        "name": "Service",
        "highway": "service",
        "oneway": false
      },
      "geometry": {
        "type": "LineString",
        "coordinates": [
          [
            78.3754291,
            17.4442122
          ],
          [
            78.375389,
            17.4441871
          ]
        ]
      }
    },
    {
      "type": "Feature",
      "properties": {
        "from": "12254999713",
        "to": 12254999714,
        "dist_m": 4.2,
        "name": "Service",
        "highway": "service",
        "oneway": false
      },
      "geometry": {
        "type": "LineString",
        "coordinates": [
          [
            78.3754291,
            17.4442122
          ],
          [
            78.3754503,
            17.4442441
          ]
        ]
      }
    },
    {
      "type": "Feature",
      "properties": {
        "from": "12254999714",
        "to": 12254999713,
        "dist_m": 4.2,
        "name": "Service",
        "highway": "service",
        "oneway": false
      },
      "geometry": {
        "type": "LineString",
        "coordinates": [
          [
            78.3754503,
            17.4442441
          ],
          [
            78.3754291,
            17.4442122
          ]
        ]
      }
    },
    {
      "type": "Feature",
      "properties": {
        "from": "12254999714",
        "to": 12254999715,
        "dist_m": 4.27,
        "name": "Service",
        "highway": "service",
        "oneway": false
      },
      "geometry": {
        "type": "LineString",
        "coordinates": [
          [
            78.3754503,
            17.4442441
          ],
          [
            78.3754684,
            17.4442784
          ]
        ]
      }
    },
    {
      "type": "Feature",
      "properties": {
        "from": "12254999715",
        "to": 12254999714,
        "dist_m": 4.27,
        "name": "Service",
        "highway": "service",
        "oneway": false
      },
      "geometry": {
        "type": "LineString",
        "coordinates": [
          [
            78.3754684,
            17.4442784
          ],
          [
            78.3754503,
            17.4442441
          ]
        ]
      }
    },
    {
      "type": "Feature",
      "properties": {
        "from": "12254999715",
        "to": 12254999716,
        "dist_m": 14.0,
        "name": "Service",
        "highway": "service",
        "oneway": false
      },
      "geometry": {
        "type": "LineString",
        "coordinates": [
          [
            78.3754684,
            17.4442784
          ],
          [
            78.3755081,
            17.4443983
          ]
        ]
      }
    },
    {
      "type": "Feature",
      "properties": {
        "from": "12254999716",
        "to": 12254999715,
        "dist_m": 14.0,
        "name": "Service",
        "highway": "service",
        "oneway": false
      },
      "geometry": {
        "type": "LineString",
        "coordinates": [
          [
            78.3755081,
            17.4443983
          ],
          [
            78.3754684,
            17.4442784
          ]
        ]
      }
    },
    {
      "type": "Feature",
      "properties": {
        "from": "12254999716",
        "to": 3602303990,
        "dist_m": 4.23,
        "name": "Service",
        "highway": "service",
        "oneway": false
      },
      "geometry": {
        "type": "LineString",
        "coordinates": [
          [
            78.3755081,
            17.4443983
          ],
          [
            78.3755081,
            17.4444363
          ]
        ]
      }
    },
    {
      "type": "Feature",
      "properties": {
        "from": "3602303990",
        "to": 12254999716,
        "dist_m": 4.23,
        "name": "Service",
        "highway": "service",
        "oneway": false
      },
      "geometry": {
        "type": "LineString",
        "coordinates": [
          [
            78.3755081,
            17.4444363
          ],
          [
            78.3755081,
            17.4443983
          ]
        ]
      }
    },
    {
      "type": "Feature",
      "properties": {
        "from": "3602303990",
        "to": 3602304096,
        "dist_m": 3.49,
        "name": "Service",
        "highway": "service",
        "oneway": false
      },
      "geometry": {
        "type": "LineString",
        "coordinates": [
          [
            78.3755081,
            17.4444363
          ],
          [
            78.3754892,
            17.4444619
          ]
        ]
      }
    },
    {
      "type": "Feature",
      "properties": {
        "from": "3602304096",
        "to": 3602303990,
        "dist_m": 3.49,
        "name": "Service",
        "highway": "service",
        "oneway": false
      },
      "geometry": {
        "type": "LineString",
        "coordinates": [
          [
            78.3754892,
            17.4444619
          ],
          [
            78.3755081,
            17.4444363
          ]
        ]
      }
    },
    {
      "type": "Feature",
      "properties": {
        "from": "3602304096",
        "to": 3602304111,
        "dist_m": 41.9,
        "name": "Service",
        "highway": "service",
        "oneway": false
      },
      "geometry": {
        "type": "LineString",
        "coordinates": [
          [
            78.3754892,
            17.4444619
          ],
          [
            78.3751073,
            17.4445563
          ]
        ]
      }
    },
    {
      "type": "Feature",
      "properties": {
        "from": "3602304111",
        "to": 3602304096,
        "dist_m": 41.9,
        "name": "Service",
        "highway": "service",
        "oneway": false
      },
      "geometry": {
        "type": "LineString",
        "coordinates": [
          [
            78.3751073,
            17.4445563
          ],
          [
            78.3754892,
            17.4444619
          ]
        ]
      }
    },
    {
      "type": "Feature",
      "properties": {
        "from": "3602303792",
        "to": 3602303959,
        "dist_m": 20.52,
        "name": "Service",
        "highway": "service",
        "oneway": false
      },
      "geometry": {
        "type": "LineString",
        "coordinates": [
          [
            78.3754892,
            17.4440295
          ],
          [
            78.375389,
            17.4441871
          ]
        ]
      }
    },
    {
      "type": "Feature",
      "properties": {
        "from": "3602303792",
        "to": 3602303776,
        "dist_m": 5.17,
        "name": "Service",
        "highway": "service",
        "oneway": false
      },
      "geometry": {
        "type": "LineString",
        "coordinates": [
          [
            78.3754892,
            17.4440295
          ],
          [
            78.3755222,
            17.4439954
          ]
        ]
      }
    },
    {
      "type": "Feature",
      "properties": {
        "from": "3602303776",
        "to": 3602303792,
        "dist_m": 5.17,
        "name": "Service",
        "highway": "service",
        "oneway": false
      },
      "geometry": {
        "type": "LineString",
        "coordinates": [
          [
            78.3755222,
            17.4439954
          ],
          [
            78.3754892,
            17.4440295
          ]
        ]
      }
    },
    {
      "type": "Feature",
      "properties": {
        "from": "3602303776",
        "to": 3602303768,
        "dist_m": 11.82,
        "name": "Service",
        "highway": "service",
        "oneway": false
      },
      "geometry": {
        "type": "LineString",
        "coordinates": [
          [
            78.3755222,
            17.4439954
          ],
          [
            78.3756293,
            17.4439666
          ]
        ]
      }
    },
    {
      "type": "Feature",
      "properties": {
        "from": "3602303768",
        "to": 3602303776,
        "dist_m": 11.82,
        "name": "Service",
        "highway": "service",
        "oneway": false
      },
      "geometry": {
        "type": "LineString",
        "coordinates": [
          [
            78.3756293,
            17.4439666
          ],
          [
            78.3755222,
            17.4439954
          ]
        ]
      }
    },
    {
      "type": "Feature",
      "properties": {
        "from": "3602303768",
        "to": 7676315622,
        "dist_m": 5.69,
        "name": "Service",
        "highway": "service",
        "oneway": false
      },
      "geometry": {
        "type": "LineString",
        "coordinates": [
          [
            78.3756293,
            17.4439666
          ],
          [
            78.3756803,
            17.4439824
          ]
        ]
      }
    },
    {
      "type": "Feature",
      "properties": {
        "from": "7676315622",
        "to": 3602303768,
        "dist_m": 5.69,
        "name": "Service",
        "highway": "service",
        "oneway": false
      },
      "geometry": {
        "type": "LineString",
        "coordinates": [
          [
            78.3756803,
            17.4439824
          ],
          [
            78.3756293,
            17.4439666
          ]
        ]
      }
    },
    {
      "type": "Feature",
      "properties": {
        "from": "7676315622",
        "to": 3602303785,
        "dist_m": 5.29,
        "name": "Service",
        "highway": "service",
        "oneway": false
      },
      "geometry": {
        "type": "LineString",
        "coordinates": [
          [
            78.3756803,
            17.4439824
          ],
          [
            78.37572,
            17.4440111
          ]
        ]
      }
    },
    {
      "type": "Feature",
      "properties": {
        "from": "3602303785",
        "to": 7676315622,
        "dist_m": 5.29,
        "name": "Service",
        "highway": "service",
        "oneway": false
      },
      "geometry": {
        "type": "LineString",
        "coordinates": [
          [
            78.37572,
            17.4440111
          ],
          [
            78.3756803,
            17.4439824
          ]
        ]
      }
    },
    {
      "type": "Feature",
      "properties": {
        "from": "3602303785",
        "to": 7676315626,
        "dist_m": 26.02,
        "name": "Service",
        "highway": "service",
        "oneway": false
      },
      "geometry": {
        "type": "LineString",
        "coordinates": [
          [
            78.37572,
            17.4440111
          ],
          [
            78.3757279,
            17.4442447
          ]
        ]
      }
    },
    {
      "type": "Feature",
      "properties": {
        "from": "7676315626",
        "to": 3602303785,
        "dist_m": 26.02,
        "name": "Service",
        "highway": "service",
        "oneway": false
      },
      "geometry": {
        "type": "LineString",
        "coordinates": [
          [
            78.3757279,
            17.4442447
          ],
          [
            78.37572,
            17.4440111
          ]
        ]
      }
    },
    {
      "type": "Feature",
      "properties": {
        "from": "7676315626",
        "to": 7676315625,
        "dist_m": 1.8,
        "name": "Service",
        "highway": "service",
        "oneway": false
      },
      "geometry": {
        "type": "LineString",
        "coordinates": [
          [
            78.3757279,
            17.4442447
          ],
          [
            78.3757333,
            17.44426
          ]
        ]
      }
    },
    {
      "type": "Feature",
      "properties": {
        "from": "7676315625",
        "to": 7676315626,
        "dist_m": 1.8,
        "name": "Service",
        "highway": "service",
        "oneway": false
      },
      "geometry": {
        "type": "LineString",
        "coordinates": [
          [
            78.3757333,
            17.44426
          ],
          [
            78.3757279,
            17.4442447
          ]
        ]
      }
    },
    {
      "type": "Feature",
      "properties": {
        "from": "7676315625",
        "to": 3602303968,
        "dist_m": 3.23,
        "name": "Service",
        "highway": "service",
        "oneway": false
      },
      "geometry": {
        "type": "LineString",
        "coordinates": [
          [
            78.3757333,
            17.44426
          ],
          [
            78.3757554,
            17.4442799
          ]
        ]
      }
    },
    {
      "type": "Feature",
      "properties": {
        "from": "3602303968",
        "to": 7676315625,
        "dist_m": 3.23,
        "name": "Service",
        "highway": "service",
        "oneway": false
      },
      "geometry": {
        "type": "LineString",
        "coordinates": [
          [
            78.3757554,
            17.4442799
          ],
          [
            78.3757333,
            17.44426
          ]
        ]
      }
    },
    {
      "type": "Feature",
      "properties": {
        "from": "3602303968",
        "to": 3602303969,
        "dist_m": 8.69,
        "name": "Service",
        "highway": "service",
        "oneway": false
      },
      "geometry": {
        "type": "LineString",
        "coordinates": [
          [
            78.3757554,
            17.4442799
          ],
          [
            78.3758372,
            17.4442773
          ]
        ]
      }
    },
    {
      "type": "Feature",
      "properties": {
        "from": "3602303969",
        "to": 3602303968,
        "dist_m": 8.69,
        "name": "Service",
        "highway": "service",
        "oneway": false
      },
      "geometry": {
        "type": "LineString",
        "coordinates": [
          [
            78.3758372,
            17.4442773
          ],
          [
            78.3757554,
            17.4442799
          ]
        ]
      }
    },
    {
      "type": "Feature",
      "properties": {
        "from": "3602303969",
        "to": 7676315624,
        "dist_m": 2.17,
        "name": "Service",
        "highway": "service",
        "oneway": false
      },
      "geometry": {
        "type": "LineString",
        "coordinates": [
          [
            78.3758372,
            17.4442773
          ],
          [
            78.3758513,
            17.4442632
          ]
        ]
      }
    },
    {
      "type": "Feature",
      "properties": {
        "from": "7676315624",
        "to": 3602303969,
        "dist_m": 2.17,
        "name": "Service",
        "highway": "service",
        "oneway": false
      },
      "geometry": {
        "type": "LineString",
        "coordinates": [
          [
            78.3758513,
            17.4442632
          ],
          [
            78.3758372,
            17.4442773
          ]
        ]
      }
    },
    {
      "type": "Feature",
      "properties": {
        "from": "7676315624",
        "to": 7676315623,
        "dist_m": 2.48,
        "name": "Service",
        "highway": "service",
        "oneway": false
      },
      "geometry": {
        "type": "LineString",
        "coordinates": [
          [
            78.3758513,
            17.4442632
          ],
          [
            78.3758607,
            17.4442428
          ]
        ]
      }
    },
    {
      "type": "Feature",
      "properties": {
        "from": "7676315623",
        "to": 7676315624,
        "dist_m": 2.48,
        "name": "Service",
        "highway": "service",
        "oneway": false
      },
      "geometry": {
        "type": "LineString",
        "coordinates": [
          [
            78.3758607,
            17.4442428
          ],
          [
            78.3758513,
            17.4442632
          ]
        ]
      }
    },
    {
      "type": "Feature",
      "properties": {
        "from": "7676315623",
        "to": 3602303789,
        "dist_m": 24.91,
        "name": "Service",
        "highway": "service",
        "oneway": false
      },
      "geometry": {
        "type": "LineString",
        "coordinates": [
          [
            78.3758607,
            17.4442428
          ],
          [
            78.3758601,
            17.444019
          ]
        ]
      }
    },
    {
      "type": "Feature",
      "properties": {
        "from": "3602303789",
        "to": 7676315623,
        "dist_m": 24.91,
        "name": "Service",
        "highway": "service",
        "oneway": false
      },
      "geometry": {
        "type": "LineString",
        "coordinates": [
          [
            78.3758601,
            17.444019
          ],
          [
            78.3758607,
            17.4442428
          ]
        ]
      }
    },
    {
      "type": "Feature",
      "properties": {
        "from": "3602303766",
        "to": 3602303908,
        "dist_m": 12.97,
        "name": "Service",
        "highway": "service",
        "oneway": true
      },
      "geometry": {
        "type": "LineString",
        "coordinates": [
          [
            78.3776639,
            17.443904
          ],
          [
            78.3775737,
            17.4439825
          ]
        ]
      }
    },
    {
      "type": "Feature",
      "properties": {
        "from": "3602303908",
        "to": 3602303942,
        "dist_m": 12.95,
        "name": "Service",
        "highway": "service",
        "oneway": true
      },
      "geometry": {
        "type": "LineString",
        "coordinates": [
          [
            78.3775737,
            17.4439825
          ],
          [
            78.3775036,
            17.4440777
          ]
        ]
      }
    },
    {
      "type": "Feature",
      "properties": {
        "from": "3602303942",
        "to": 3602303977,
        "dist_m": 12.96,
        "name": "Service",
        "highway": "service",
        "oneway": true
      },
      "geometry": {
        "type": "LineString",
        "coordinates": [
          [
            78.3775036,
            17.4440777
          ],
          [
            78.3774569,
            17.4441853
          ]
        ]
      }
    },
    {
      "type": "Feature",
      "properties": {
        "from": "3602303977",
        "to": 3602304100,
        "dist_m": 12.95,
        "name": "Service",
        "highway": "service",
        "oneway": true
      },
      "geometry": {
        "type": "LineString",
        "coordinates": [
          [
            78.3774569,
            17.4441853
          ],
          [
            78.3774358,
            17.4442999
          ]
        ]
      }
    },
    {
      "type": "Feature",
      "properties": {
        "from": "3602304100",
        "to": 3602304112,
        "dist_m": 12.96,
        "name": "Service",
        "highway": "service",
        "oneway": true
      },
      "geometry": {
        "type": "LineString",
        "coordinates": [
          [
            78.3774358,
            17.4442999
          ],
          [
            78.3774413,
            17.4444162
          ]
        ]
      }
    },
    {
      "type": "Feature",
      "properties": {
        "from": "3602304112",
        "to": 3602304136,
        "dist_m": 12.97,
        "name": "Service",
        "highway": "service",
        "oneway": true
      },
      "geometry": {
        "type": "LineString",
        "coordinates": [
          [
            78.3774413,
            17.4444162
          ],
          [
            78.3774733,
            17.4445286
          ]
        ]
      }
    },
    {
      "type": "Feature",
      "properties": {
        "from": "3602304136",
        "to": 3679821213,
        "dist_m": 12.96,
        "name": "Service",
        "highway": "service",
        "oneway": true
      },
      "geometry": {
        "type": "LineString",
        "coordinates": [
          [
            78.3774733,
            17.4445286
          ],
          [
            78.3775301,
            17.4446316
          ]
        ]
      }
    },
    {
      "type": "Feature",
      "properties": {
        "from": "3679821213",
        "to": 3602304151,
        "dist_m": 12.96,
        "name": "Service",
        "highway": "service",
        "oneway": true
      },
      "geometry": {
        "type": "LineString",
        "coordinates": [
          [
            78.3775301,
            17.4446316
          ],
          [
            78.377609,
            17.4447204
          ]
        ]
      }
    },
    {
      "type": "Feature",
      "properties": {
        "from": "3602304151",
        "to": 3602304163,
        "dist_m": 12.96,
        "name": "Service",
        "highway": "service",
        "oneway": true
      },
      "geometry": {
        "type": "LineString",
        "coordinates": [
          [
            78.377609,
            17.4447204
          ],
          [
            78.3777063,
            17.4447907
          ]
        ]
      }
    },
    {
      "type": "Feature",
      "properties": {
        "from": "3602304163",
        "to": 3679821215,
        "dist_m": 12.95,
        "name": "Service",
        "highway": "service",
        "oneway": true
      },
      "geometry": {
        "type": "LineString",
        "coordinates": [
          [
            78.3777063,
            17.4447907
          ],
          [
            78.3778172,
            17.4448391
          ]
        ]
      }
    },
    {
      "type": "Feature",
      "properties": {
        "from": "3679821214",
        "to": 3602304155,
        "dist_m": 12.95,
        "name": "Service",
        "highway": "service",
        "oneway": true
      },
      "geometry": {
        "type": "LineString",
        "coordinates": [
          [
            78.3781775,
            17.4448358
          ],
          [
            78.3782874,
            17.4447853
          ]
        ]
      }
    },
    {
      "type": "Feature",
      "properties": {
        "from": "3602304140",
        "to": 3602304115,
        "dist_m": 19.61,
        "name": "Service",
        "highway": "service",
        "oneway": true
      },
      "geometry": {
        "type": "LineString",
        "coordinates": [
          [
            78.3784258,
            17.4446686
          ],
          [
            78.3785165,
            17.4445152
          ]
        ]
      }
    },
    {
      "type": "Feature",
      "properties": {
        "from": "3602304115",
        "to": 3602303983,
        "dist_m": 19.6,
        "name": "Service",
        "highway": "service",
        "oneway": true
      },
      "geometry": {
        "type": "LineString",
        "coordinates": [
          [
            78.3785165,
            17.4445152
          ],
          [
            78.3785498,
            17.444342
          ]
        ]
      }
    },
    {
      "type": "Feature",
      "properties": {
        "from": "3602303983",
        "to": 3602303909,
        "dist_m": 19.62,
        "name": "Service",
        "highway": "service",
        "oneway": true
      },
      "geometry": {
        "type": "LineString",
        "coordinates": [
          [
            78.3785498,
            17.444342
          ],
          [
            78.378522,
            17.4441678
          ]
        ]
      }
    },
    {
      "type": "Feature",
      "properties": {
        "from": "3602303909",
        "to": 3602303763,
        "dist_m": 19.61,
        "name": "Service",
        "highway": "service",
        "oneway": true
      },
      "geometry": {
        "type": "LineString",
        "coordinates": [
          [
            78.378522,
            17.4441678
          ],
          [
            78.378436,
            17.4440119
          ]
        ]
      }
    },
    {
      "type": "Feature",
      "properties": {
        "from": "3602303763",
        "to": 3602303740,
        "dist_m": 19.61,
        "name": "Service",
        "highway": "service",
        "oneway": true
      },
      "geometry": {
        "type": "LineString",
        "coordinates": [
          [
            78.378436,
            17.4440119
          ],
          [
            78.3783014,
            17.4438913
          ]
        ]
      }
    },
    {
      "type": "Feature",
      "properties": {
        "from": "3602303740",
        "to": 3602303725,
        "dist_m": 19.61,
        "name": "Service",
        "highway": "service",
        "oneway": true
      },
      "geometry": {
        "type": "LineString",
        "coordinates": [
          [
            78.3783014,
            17.4438913
          ],
          [
            78.3781329,
            17.4438192
          ]
        ]
      }
    },
    {
      "type": "Feature",
      "properties": {
        "from": "3602303725",
        "to": 3602303723,
        "dist_m": 19.61,
        "name": "Service",
        "highway": "service",
        "oneway": true
      },
      "geometry": {
        "type": "LineString",
        "coordinates": [
          [
            78.3781329,
            17.4438192
          ],
          [
            78.377949,
            17.4438036
          ]
        ]
      }
    },
    {
      "type": "Feature",
      "properties": {
        "from": "10804178868",
        "to": 6506285470,
        "dist_m": 5.57,
        "name": "Service",
        "highway": "service",
        "oneway": false
      },
      "geometry": {
        "type": "LineString",
        "coordinates": [
          [
            78.3767119,
            17.4474889
          ],
          [
            78.3767276,
            17.4475366
          ]
        ]
      }
    },
    {
      "type": "Feature",
      "properties": {
        "from": "10804178868",
        "to": 4132723193,
        "dist_m": 18.68,
        "name": "Service",
        "highway": "service",
        "oneway": false
      },
      "geometry": {
        "type": "LineString",
        "coordinates": [
          [
            78.3767119,
            17.4474889
          ],
          [
            78.3766536,
            17.4473306
          ]
        ]
      }
    },
    {
      "type": "Feature",
      "properties": {
        "from": "6506285470",
        "to": 10804178868,
        "dist_m": 5.57,
        "name": "Service",
        "highway": "service",
        "oneway": false
      },
      "geometry": {
        "type": "LineString",
        "coordinates": [
          [
            78.3767276,
            17.4475366
          ],
          [
            78.3767119,
            17.4474889
          ]
        ]
      }
    },
    {
      "type": "Feature",
      "properties": {
        "from": "6506285470",
        "to": 11037143946,
        "dist_m": 16.37,
        "name": "Service",
        "highway": "service",
        "oneway": false
      },
      "geometry": {
        "type": "LineString",
        "coordinates": [
          [
            78.3767276,
            17.4475366
          ],
          [
            78.3767781,
            17.4476755
          ]
        ]
      }
    },
    {
      "type": "Feature",
      "properties": {
        "from": "11037143946",
        "to": 6506285470,
        "dist_m": 16.37,
        "name": "Service",
        "highway": "service",
        "oneway": false
      },
      "geometry": {
        "type": "LineString",
        "coordinates": [
          [
            78.3767781,
            17.4476755
          ],
          [
            78.3767276,
            17.4475366
          ]
        ]
      }
    },
    {
      "type": "Feature",
      "properties": {
        "from": "11037143946",
        "to": 4132723196,
        "dist_m": 74.69,
        "name": "Service",
        "highway": "service",
        "oneway": false
      },
      "geometry": {
        "type": "LineString",
        "coordinates": [
          [
            78.3767781,
            17.4476755
          ],
          [
            78.3770085,
            17.4483094
          ]
        ]
      }
    },
    {
      "type": "Feature",
      "properties": {
        "from": "4132723196",
        "to": 11037143946,
        "dist_m": 74.69,
        "name": "Service",
        "highway": "service",
        "oneway": false
      },
      "geometry": {
        "type": "LineString",
        "coordinates": [
          [
            78.3770085,
            17.4483094
          ],
          [
            78.3767781,
            17.4476755
          ]
        ]
      }
    },
    {
      "type": "Feature",
      "properties": {
        "from": "4132723196",
        "to": 11037143940,
        "dist_m": 5.83,
        "name": "Service",
        "highway": "service",
        "oneway": false
      },
      "geometry": {
        "type": "LineString",
        "coordinates": [
          [
            78.3770085,
            17.4483094
          ],
          [
            78.3770552,
            17.4483369
          ]
        ]
      }
    },
    {
      "type": "Feature",
      "properties": {
        "from": "11037143940",
        "to": 4132723196,
        "dist_m": 5.83,
        "name": "Service",
        "highway": "service",
        "oneway": false
      },
      "geometry": {
        "type": "LineString",
        "coordinates": [
          [
            78.3770552,
            17.4483369
          ],
          [
            78.3770085,
            17.4483094
          ]
        ]
      }
    },
    {
      "type": "Feature",
      "properties": {
        "from": "11037143940",
        "to": 11037143941,
        "dist_m": 5.1,
        "name": "Service",
        "highway": "service",
        "oneway": false
      },
      "geometry": {
        "type": "LineString",
        "coordinates": [
          [
            78.3770552,
            17.4483369
          ],
          [
            78.3771002,
            17.448353
          ]
        ]
      }
    },
    {
      "type": "Feature",
      "properties": {
        "from": "11037143941",
        "to": 11037143940,
        "dist_m": 5.1,
        "name": "Service",
        "highway": "service",
        "oneway": false
      },
      "geometry": {
        "type": "LineString",
        "coordinates": [
          [
            78.3771002,
            17.448353
          ],
          [
            78.3770552,
            17.4483369
          ]
        ]
      }
    },
    {
      "type": "Feature",
      "properties": {
        "from": "11037143941",
        "to": 11037143942,
        "dist_m": 4.4,
        "name": "Service",
        "highway": "service",
        "oneway": false
      },
      "geometry": {
        "type": "LineString",
        "coordinates": [
          [
            78.3771002,
            17.448353
          ],
          [
            78.3771411,
            17.4483591
          ]
        ]
      }
    },
    {
      "type": "Feature",
      "properties": {
        "from": "11037143942",
        "to": 11037143941,
        "dist_m": 4.4,
        "name": "Service",
        "highway": "service",
        "oneway": false
      },
      "geometry": {
        "type": "LineString",
        "coordinates": [
          [
            78.3771411,
            17.4483591
          ],
          [
            78.3771002,
            17.448353
          ]
        ]
      }
    },
    {
      "type": "Feature",
      "properties": {
        "from": "11037143942",
        "to": 11037143943,
        "dist_m": 19.78,
        "name": "Service",
        "highway": "service",
        "oneway": false
      },
      "geometry": {
        "type": "LineString",
        "coordinates": [
          [
            78.3771411,
            17.4483591
          ],
          [
            78.3773228,
            17.44832
          ]
        ]
      }
    },
    {
      "type": "Feature",
      "properties": {
        "from": "11037143943",
        "to": 11037143942,
        "dist_m": 19.78,
        "name": "Service",
        "highway": "service",
        "oneway": false
      },
      "geometry": {
        "type": "LineString",
        "coordinates": [
          [
            78.3773228,
            17.44832
          ],
          [
            78.3771411,
            17.4483591
          ]
        ]
      }
    },
    {
      "type": "Feature",
      "properties": {
        "from": "4173995202",
        "to": 4173995200,
        "dist_m": 56.15,
        "name": "Residential",
        "highway": "residential",
        "oneway": false
      },
      "geometry": {
        "type": "LineString",
        "coordinates": [
          [
            78.3748428,
            17.4426791
          ],
          [
            78.3748401,
            17.4421747
          ]
        ]
      }
    },
    {
      "type": "Feature",
      "properties": {
        "from": "4198555681",
        "to": 11125033681,
        "dist_m": 37.9,
        "name": "Service",
        "highway": "service",
        "oneway": true
      },
      "geometry": {
        "type": "LineString",
        "coordinates": [
          [
            78.3797358,
            17.4423716
          ],
          [
            78.3797244,
            17.4427119
          ]
        ]
      }
    },
    {
      "type": "Feature",
      "properties": {
        "from": "4198555686",
        "to": 827334170,
        "dist_m": 57.64,
        "name": "Residential",
        "highway": "residential",
        "oneway": false
      },
      "geometry": {
        "type": "LineString",
        "coordinates": [
          [
            78.3786799,
            17.4467093
          ],
          [
            78.3789565,
            17.4471548
          ]
        ]
      }
    },
    {
      "type": "Feature",
      "properties": {
        "from": "4198555686",
        "to": 11041670976,
        "dist_m": 1.32,
        "name": "Residential",
        "highway": "residential",
        "oneway": false
      },
      "geometry": {
        "type": "LineString",
        "coordinates": [
          [
            78.3786799,
            17.4467093
          ],
          [
            78.3786738,
            17.446699
          ]
        ]
      }
    },
    {
      "type": "Feature",
      "properties": {
        "from": "11041670976",
        "to": 4198555686,
        "dist_m": 1.32,
        "name": "Residential",
        "highway": "residential",
        "oneway": false
      },
      "geometry": {
        "type": "LineString",
        "coordinates": [
          [
            78.3786738,
            17.446699
          ],
          [
            78.3786799,
            17.4467093
          ]
        ]
      }
    },
    {
      "type": "Feature",
      "properties": {
        "from": "11041670976",
        "to": 6438563933,
        "dist_m": 29.33,
        "name": "Residential",
        "highway": "residential",
        "oneway": false
      },
      "geometry": {
        "type": "LineString",
        "coordinates": [
          [
            78.3786738,
            17.446699
          ],
          [
            78.3785386,
            17.4464693
          ]
        ]
      }
    },
    {
      "type": "Feature",
      "properties": {
        "from": "11041670976",
        "to": 11041670977,
        "dist_m": 4.63,
        "name": "Service",
        "highway": "service",
        "oneway": false
      },
      "geometry": {
        "type": "LineString",
        "coordinates": [
          [
            78.3786738,
            17.446699
          ],
          [
            78.378636,
            17.4467198
          ]
        ]
      }
    },
    {
      "type": "Feature",
      "properties": {
        "from": "6438563933",
        "to": 11041670976,
        "dist_m": 29.33,
        "name": "Residential",
        "highway": "residential",
        "oneway": false
      },
      "geometry": {
        "type": "LineString",
        "coordinates": [
          [
            78.3785386,
            17.4464693
          ],
          [
            78.3786738,
            17.446699
          ]
        ]
      }
    },
    {
      "type": "Feature",
      "properties": {
        "from": "7676158287",
        "to": 1257939540,
        "dist_m": 7.25,
        "name": "Unclassified",
        "highway": "unclassified",
        "oneway": false
      },
      "geometry": {
        "type": "LineString",
        "coordinates": [
          [
            78.374999,
            17.4494263
          ],
          [
            78.3749341,
            17.4494466
          ]
        ]
      }
    },
    {
      "type": "Feature",
      "properties": {
        "from": "7676158287",
        "to": 1257939539,
        "dist_m": 76.13,
        "name": "Unclassified",
        "highway": "unclassified",
        "oneway": false
      },
      "geometry": {
        "type": "LineString",
        "coordinates": [
          [
            78.374999,
            17.4494263
          ],
          [
            78.3755436,
            17.4489816
          ]
        ]
      }
    },
    {
      "type": "Feature",
      "properties": {
        "from": "6887537076",
        "to": 6887537077,
        "dist_m": 39.68,
        "name": "Service",
        "highway": "service",
        "oneway": true
      },
      "geometry": {
        "type": "LineString",
        "coordinates": [
          [
            78.3737585,
            17.4431648
          ],
          [
            78.3738095,
            17.4428117
          ]
        ]
      }
    },
    {
      "type": "Feature",
      "properties": {
        "from": "6887537077",
        "to": 7676315614,
        "dist_m": 4.52,
        "name": "Service",
        "highway": "service",
        "oneway": true
      },
      "geometry": {
        "type": "LineString",
        "coordinates": [
          [
            78.3738095,
            17.4428117
          ],
          [
            78.3738296,
            17.4427759
          ]
        ]
      }
    },
    {
      "type": "Feature",
      "properties": {
        "from": "11478605721",
        "to": 7676315615,
        "dist_m": 6.07,
        "name": "Service",
        "highway": "service",
        "oneway": true
      },
      "geometry": {
        "type": "LineString",
        "coordinates": [
          [
            78.3741461,
            17.4427314
          ],
          [
            78.3741903,
            17.442766
          ]
        ]
      }
    },
    {
      "type": "Feature",
      "properties": {
        "from": "7676315615",
        "to": 4206976935,
        "dist_m": 29.29,
        "name": "Service",
        "highway": "service",
        "oneway": true
      },
      "geometry": {
        "type": "LineString",
        "coordinates": [
          [
            78.3741903,
            17.442766
          ],
          [
            78.3743848,
            17.4429525
          ]
        ]
      }
    },
    {
      "type": "Feature",
      "properties": {
        "from": "4206976935",
        "to": 11478605722,
        "dist_m": 4.43,
        "name": "Service",
        "highway": "service",
        "oneway": true
      },
      "geometry": {
        "type": "LineString",
        "coordinates": [
          [
            78.3743848,
            17.4429525
          ],
          [
            78.3744244,
            17.4429651
          ]
        ]
      }
    },
    {
      "type": "Feature",
      "properties": {
        "from": "11478605722",
        "to": 11478605723,
        "dist_m": 5.71,
        "name": "Service",
        "highway": "service",
        "oneway": true
      },
      "geometry": {
        "type": "LineString",
        "coordinates": [
          [
            78.3744244,
            17.4429651
          ],
          [
            78.3744781,
            17.4429682
          ]
        ]
      }
    },
    {
      "type": "Feature",
      "properties": {
        "from": "11478605723",
        "to": 4206976936,
        "dist_m": 12.18,
        "name": "Service",
        "highway": "service",
        "oneway": true
      },
      "geometry": {
        "type": "LineString",
        "coordinates": [
          [
            78.3744781,
            17.4429682
          ],
          [
            78.3745903,
            17.4429456
          ]
        ]
      }
    },
    {
      "type": "Feature",
      "properties": {
        "from": "4206976936",
        "to": 11478605724,
        "dist_m": 3.66,
        "name": "Service",
        "highway": "service",
        "oneway": true
      },
      "geometry": {
        "type": "LineString",
        "coordinates": [
          [
            78.3745903,
            17.4429456
          ],
          [
            78.3746222,
            17.442958
          ]
        ]
      }
    },
    {
      "type": "Feature",
      "properties": {
        "from": "11478605724",
        "to": 4206976937,
        "dist_m": 3.34,
        "name": "Service",
        "highway": "service",
        "oneway": true
      },
      "geometry": {
        "type": "LineString",
        "coordinates": [
          [
            78.3746222,
            17.442958
          ],
          [
            78.3746351,
            17.4429854
          ]
        ]
      }
    },
    {
      "type": "Feature",
      "properties": {
        "from": "4206976937",
        "to": 4206976941,
        "dist_m": 77.02,
        "name": "Service",
        "highway": "service",
        "oneway": true
      },
      "geometry": {
        "type": "LineString",
        "coordinates": [
          [
            78.3746351,
            17.4429854
          ],
          [
            78.3747621,
            17.4436666
          ]
        ]
      }
    },
    {
      "type": "Feature",
      "properties": {
        "from": "11125033677",
        "to": 11478613722,
        "dist_m": 32.53,
        "name": "Service",
        "highway": "service",
        "oneway": true
      },
      "geometry": {
        "type": "LineString",
        "coordinates": [
          [
            78.3798535,
            17.4430846
          ],
          [
            78.3795514,
            17.4431328
          ]
        ]
      }
    },
    {
      "type": "Feature",
      "properties": {
        "from": "11125033677",
        "to": 14007762555,
        "dist_m": 3.47,
        "name": "Service",
        "highway": "service",
        "oneway": false
      },
      "geometry": {
        "type": "LineString",
        "coordinates": [
          [
            78.3798535,
            17.4430846
          ],
          [
            78.3798654,
            17.4431136
          ]
        ]
      }
    },
    {
      "type": "Feature",
      "properties": {
        "from": "11478613722",
        "to": 5901597801,
        "dist_m": 55.99,
        "name": "Service",
        "highway": "service",
        "oneway": true
      },
      "geometry": {
        "type": "LineString",
        "coordinates": [
          [
            78.3795514,
            17.4431328
          ],
          [
            78.3790314,
            17.4432158
          ]
        ]
      }
    },
    {
      "type": "Feature",
      "properties": {
        "from": "11478613722",
        "to": 11478613721,
        "dist_m": 15.35,
        "name": "Service",
        "highway": "service",
        "oneway": false
      },
      "geometry": {
        "type": "LineString",
        "coordinates": [
          [
            78.3795514,
            17.4431328
          ],
          [
            78.3795703,
            17.4432695
          ]
        ]
      }
    },
    {
      "type": "Feature",
      "properties": {
        "from": "5901597801",
        "to": 5901597802,
        "dist_m": 15.01,
        "name": "Service",
        "highway": "service",
        "oneway": true
      },
      "geometry": {
        "type": "LineString",
        "coordinates": [
          [
            78.3790314,
            17.4432158
          ],
          [
            78.3788959,
            17.443254
          ]
        ]
      }
    },
    {
      "type": "Feature",
      "properties": {
        "from": "5901597802",
        "to": 11478613712,
        "dist_m": 4.1,
        "name": "Service",
        "highway": "service",
        "oneway": true
      },
      "geometry": {
        "type": "LineString",
        "coordinates": [
          [
            78.3788959,
            17.443254
          ],
          [
            78.3788694,
            17.4432808
          ]
        ]
      }
    },
    {
      "type": "Feature",
      "properties": {
        "from": "11478613712",
        "to": 5901597803,
        "dist_m": 5.64,
        "name": "Service",
        "highway": "service",
        "oneway": true
      },
      "geometry": {
        "type": "LineString",
        "coordinates": [
          [
            78.3788694,
            17.4432808
          ],
          [
            78.3788401,
            17.4433231
          ]
        ]
      }
    },
    {
      "type": "Feature",
      "properties": {
        "from": "5901597803",
        "to": 5901597804,
        "dist_m": 73.49,
        "name": "Service",
        "highway": "service",
        "oneway": true
      },
      "geometry": {
        "type": "LineString",
        "coordinates": [
          [
            78.3788401,
            17.4433231
          ],
          [
            78.3789544,
            17.4439742
          ]
        ]
      }
    },
    {
      "type": "Feature",
      "properties": {
        "from": "5901597804",
        "to": 5901597805,
        "dist_m": 8.02,
        "name": "Service",
        "highway": "service",
        "oneway": true
      },
      "geometry": {
        "type": "LineString",
        "coordinates": [
          [
            78.3789544,
            17.4439742
          ],
          [
            78.3789698,
            17.4440447
          ]
        ]
      }
    },
    {
      "type": "Feature",
      "properties": {
        "from": "5901597805",
        "to": 5901597806,
        "dist_m": 6.45,
        "name": "Service",
        "highway": "service",
        "oneway": true
      },
      "geometry": {
        "type": "LineString",
        "coordinates": [
          [
            78.3789698,
            17.4440447
          ],
          [
            78.3790253,
            17.4440682
          ]
        ]
      }
    },
    {
      "type": "Feature",
      "properties": {
        "from": "5901597806",
        "to": 5901597807,
        "dist_m": 125.9,
        "name": "Service",
        "highway": "service",
        "oneway": true
      },
      "geometry": {
        "type": "LineString",
        "coordinates": [
          [
            78.3790253,
            17.4440682
          ],
          [
            78.3801899,
            17.4438566
          ]
        ]
      }
    },
    {
      "type": "Feature",
      "properties": {
        "from": "6149332693",
        "to": 6149332692,
        "dist_m": 98.5,
        "name": "Service",
        "highway": "service",
        "oneway": true
      },
      "geometry": {
        "type": "LineString",
        "coordinates": [
          [
            78.3736033,
            17.4469417
          ],
          [
            78.3745298,
            17.4469828
          ]
        ]
      }
    },
    {
      "type": "Feature",
      "properties": {
        "from": "4198555683",
        "to": 3602304413,
        "dist_m": 37.4,
        "name": "Residential",
        "highway": "residential",
        "oneway": false
      },
      "geometry": {
        "type": "LineString",
        "coordinates": [
          [
            78.378502,
            17.4454448
          ],
          [
            78.3784955,
            17.4451089
          ]
        ]
      }
    },
    {
      "type": "Feature",
      "properties": {
        "from": "6149806117",
        "to": 6149806115,
        "dist_m": 12.29,
        "name": "Residential",
        "highway": "residential",
        "oneway": false
      },
      "geometry": {
        "type": "LineString",
        "coordinates": [
          [
            78.3783745,
            17.4454678
          ],
          [
            78.3782619,
            17.4454934
          ]
        ]
      }
    },
    {
      "type": "Feature",
      "properties": {
        "from": "6149806115",
        "to": 6149806117,
        "dist_m": 12.29,
        "name": "Residential",
        "highway": "residential",
        "oneway": false
      },
      "geometry": {
        "type": "LineString",
        "coordinates": [
          [
            78.3782619,
            17.4454934
          ],
          [
            78.3783745,
            17.4454678
          ]
        ]
      }
    },
    {
      "type": "Feature",
      "properties": {
        "from": "6149806115",
        "to": 6149806114,
        "dist_m": 3.74,
        "name": "Residential",
        "highway": "residential",
        "oneway": false
      },
      "geometry": {
        "type": "LineString",
        "coordinates": [
          [
            78.3782619,
            17.4454934
          ],
          [
            78.3782351,
            17.4455152
          ]
        ]
      }
    },
    {
      "type": "Feature",
      "properties": {
        "from": "6149806114",
        "to": 6149806115,
        "dist_m": 3.74,
        "name": "Residential",
        "highway": "residential",
        "oneway": false
      },
      "geometry": {
        "type": "LineString",
        "coordinates": [
          [
            78.3782351,
            17.4455152
          ],
          [
            78.3782619,
            17.4454934
          ]
        ]
      }
    },
    {
      "type": "Feature",
      "properties": {
        "from": "6149806114",
        "to": 6149806113,
        "dist_m": 4.84,
        "name": "Residential",
        "highway": "residential",
        "oneway": false
      },
      "geometry": {
        "type": "LineString",
        "coordinates": [
          [
            78.3782351,
            17.4455152
          ],
          [
            78.3782163,
            17.4455548
          ]
        ]
      }
    },
    {
      "type": "Feature",
      "properties": {
        "from": "6149806113",
        "to": 6149806114,
        "dist_m": 4.84,
        "name": "Residential",
        "highway": "residential",
        "oneway": false
      },
      "geometry": {
        "type": "LineString",
        "coordinates": [
          [
            78.3782163,
            17.4455548
          ],
          [
            78.3782351,
            17.4455152
          ]
        ]
      }
    },
    {
      "type": "Feature",
      "properties": {
        "from": "6149806113",
        "to": 6149806112,
        "dist_m": 6.14,
        "name": "Residential",
        "highway": "residential",
        "oneway": false
      },
      "geometry": {
        "type": "LineString",
        "coordinates": [
          [
            78.3782163,
            17.4455548
          ],
          [
            78.3782123,
            17.4456098
          ]
        ]
      }
    },
    {
      "type": "Feature",
      "properties": {
        "from": "6149806112",
        "to": 6149806113,
        "dist_m": 6.14,
        "name": "Residential",
        "highway": "residential",
        "oneway": false
      },
      "geometry": {
        "type": "LineString",
        "coordinates": [
          [
            78.3782123,
            17.4456098
          ],
          [
            78.3782163,
            17.4455548
          ]
        ]
      }
    },
    {
      "type": "Feature",
      "properties": {
        "from": "6149806112",
        "to": 6149806111,
        "dist_m": 11.84,
        "name": "Residential",
        "highway": "residential",
        "oneway": false
      },
      "geometry": {
        "type": "LineString",
        "coordinates": [
          [
            78.3782123,
            17.4456098
          ],
          [
            78.3782069,
            17.445716
          ]
        ]
      }
    },
    {
      "type": "Feature",
      "properties": {
        "from": "6149806111",
        "to": 6149806112,
        "dist_m": 11.84,
        "name": "Residential",
        "highway": "residential",
        "oneway": false
      },
      "geometry": {
        "type": "LineString",
        "coordinates": [
          [
            78.3782069,
            17.445716
          ],
          [
            78.3782123,
            17.4456098
          ]
        ]
      }
    },
    {
      "type": "Feature",
      "properties": {
        "from": "7733015764",
        "to": 7733015763,
        "dist_m": 7.12,
        "name": "Primary_link",
        "highway": "primary_link",
        "oneway": true
      },
      "geometry": {
        "type": "LineString",
        "coordinates": [
          [
            78.3768993,
            17.443577
          ],
          [
            78.3769472,
            17.4436217
          ]
        ]
      }
    },
    {
      "type": "Feature",
      "properties": {
        "from": "7733015763",
        "to": 11478583117,
        "dist_m": 8.07,
        "name": "Primary_link",
        "highway": "primary_link",
        "oneway": true
      },
      "geometry": {
        "type": "LineString",
        "coordinates": [
          [
            78.3769472,
            17.4436217
          ],
          [
            78.376996,
            17.4436773
          ]
        ]
      }
    },
    {
      "type": "Feature",
      "properties": {
        "from": "7676158381",
        "to": 11043949258,
        "dist_m": 13.29,
        "name": "Service",
        "highway": "service",
        "oneway": true
      },
      "geometry": {
        "type": "LineString",
        "coordinates": [
          [
            78.3766005,
            17.4475777
          ],
          [
            78.3764806,
            17.4476118
          ]
        ]
      }
    },
    {
      "type": "Feature",
      "properties": {
        "from": "7676158381",
        "to": 13344506524,
        "dist_m": 4.62,
        "name": "Service",
        "highway": "service",
        "oneway": false
      },
      "geometry": {
        "type": "LineString",
        "coordinates": [
          [
            78.3766005,
            17.4475777
          ],
          [
            78.3766423,
            17.4475663
          ]
        ]
      }
    },
    {
      "type": "Feature",
      "properties": {
        "from": "11043949258",
        "to": 6506285469,
        "dist_m": 35.22,
        "name": "Service",
        "highway": "service",
        "oneway": true
      },
      "geometry": {
        "type": "LineString",
        "coordinates": [
          [
            78.3764806,
            17.4476118
          ],
          [
            78.3761637,
            17.4477052
          ]
        ]
      }
    },
    {
      "type": "Feature",
      "properties": {
        "from": "6506285469",
        "to": 7676158380,
        "dist_m": 5.58,
        "name": "Service",
        "highway": "service",
        "oneway": true
      },
      "geometry": {
        "type": "LineString",
        "coordinates": [
          [
            78.3761637,
            17.4477052
          ],
          [
            78.376124,
            17.4477381
          ]
        ]
      }
    },
    {
      "type": "Feature",
      "properties": {
        "from": "7676158380",
        "to": 6506285468,
        "dist_m": 6.5,
        "name": "Service",
        "highway": "service",
        "oneway": true
      },
      "geometry": {
        "type": "LineString",
        "coordinates": [
          [
            78.376124,
            17.4477381
          ],
          [
            78.376114,
            17.4477957
          ]
        ]
      }
    },
    {
      "type": "Feature",
      "properties": {
        "from": "6506285468",
        "to": 11891317202,
        "dist_m": 62.25,
        "name": "Service",
        "highway": "service",
        "oneway": true
      },
      "geometry": {
        "type": "LineString",
        "coordinates": [
          [
            78.376114,
            17.4477957
          ],
          [
            78.3762886,
            17.4483295
          ]
        ]
      }
    },
    {
      "type": "Feature",
      "properties": {
        "from": "11891317202",
        "to": 6506285467,
        "dist_m": 21.28,
        "name": "Service",
        "highway": "service",
        "oneway": true
      },
      "geometry": {
        "type": "LineString",
        "coordinates": [
          [
            78.3762886,
            17.4483295
          ],
          [
            78.3763483,
            17.448512
          ]
        ]
      }
    },
    {
      "type": "Feature",
      "properties": {
        "from": "11891317202",
        "to": 11891317203,
        "dist_m": 16.73,
        "name": "Service",
        "highway": "service",
        "oneway": false
      },
      "geometry": {
        "type": "LineString",
        "coordinates": [
          [
            78.3762886,
            17.4483295
          ],
          [
            78.3764399,
            17.4482876
          ]
        ]
      }
    },
    {
      "type": "Feature",
      "properties": {
        "from": "6506285467",
        "to": 7676158375,
        "dist_m": 7.85,
        "name": "Service",
        "highway": "service",
        "oneway": true
      },
      "geometry": {
        "type": "LineString",
        "coordinates": [
          [
            78.3763483,
            17.448512
          ],
          [
            78.3763817,
            17.4485749
          ]
        ]
      }
    },
    {
      "type": "Feature",
      "properties": {
        "from": "7676158375",
        "to": 11891317199,
        "dist_m": 6.1,
        "name": "Service",
        "highway": "service",
        "oneway": true
      },
      "geometry": {
        "type": "LineString",
        "coordinates": [
          [
            78.3763817,
            17.4485749
          ],
          [
            78.3764268,
            17.4486089
          ]
        ]
      }
    },
    {
      "type": "Feature",
      "properties": {
        "from": "11891317199",
        "to": 7676158379,
        "dist_m": 6.4,
        "name": "Service",
        "highway": "service",
        "oneway": true
      },
      "geometry": {
        "type": "LineString",
        "coordinates": [
          [
            78.3764268,
            17.4486089
          ],
          [
            78.376486,
            17.4486197
          ]
        ]
      }
    },
    {
      "type": "Feature",
      "properties": {
        "from": "7676158379",
        "to": 6506285466,
        "dist_m": 45.36,
        "name": "Service",
        "highway": "service",
        "oneway": true
      },
      "geometry": {
        "type": "LineString",
        "coordinates": [
          [
            78.376486,
            17.4486197
          ],
          [
            78.3768942,
            17.4484998
          ]
        ]
      }
    },
    {
      "type": "Feature",
      "properties": {
        "from": "6506285466",
        "to": 7676158376,
        "dist_m": 5.32,
        "name": "Service",
        "highway": "service",
        "oneway": true
      },
      "geometry": {
        "type": "LineString",
        "coordinates": [
          [
            78.3768942,
            17.4484998
          ],
          [
            78.3769133,
            17.4484556
          ]
        ]
      }
    },
    {
      "type": "Feature",
      "properties": {
        "from": "7676158376",
        "to": 7676158378,
        "dist_m": 5.87,
        "name": "Service",
        "highway": "service",
        "oneway": true
      },
      "geometry": {
        "type": "LineString",
        "coordinates": [
          [
            78.3769133,
            17.4484556
          ],
          [
            78.3769104,
            17.4484029
          ]
        ]
      }
    },
    {
      "type": "Feature",
      "properties": {
        "from": "7676158378",
        "to": 11891317201,
        "dist_m": 1.73,
        "name": "Service",
        "highway": "service",
        "oneway": true
      },
      "geometry": {
        "type": "LineString",
        "coordinates": [
          [
            78.3769104,
            17.4484029
          ],
          [
            78.3769065,
            17.4483878
          ]
        ]
      }
    },
    {
      "type": "Feature",
      "properties": {
        "from": "11891317201",
        "to": 7676158377,
        "dist_m": 17.18,
        "name": "Service",
        "highway": "service",
        "oneway": true
      },
      "geometry": {
        "type": "LineString",
        "coordinates": [
          [
            78.3769065,
            17.4483878
          ],
          [
            78.3768677,
            17.448238
          ]
        ]
      }
    },
    {
      "type": "Feature",
      "properties": {
        "from": "11891317201",
        "to": 11891317200,
        "dist_m": 41.46,
        "name": "Service",
        "highway": "service",
        "oneway": false
      },
      "geometry": {
        "type": "LineString",
        "coordinates": [
          [
            78.3769065,
            17.4483878
          ],
          [
            78.3765302,
            17.448487
          ]
        ]
      }
    },
    {
      "type": "Feature",
      "properties": {
        "from": "7676158377",
        "to": 11891317198,
        "dist_m": 78.5,
        "name": "Service",
        "highway": "service",
        "oneway": true
      },
      "geometry": {
        "type": "LineString",
        "coordinates": [
          [
            78.3768677,
            17.448238
          ],
          [
            78.376684,
            17.4475549
          ]
        ]
      }
    },
    {
      "type": "Feature",
      "properties": {
        "from": "6536460075",
        "to": 6536460074,
        "dist_m": 4.98,
        "name": "Service",
        "highway": "service",
        "oneway": true
      },
      "geometry": {
        "type": "LineString",
        "coordinates": [
          [
            78.3767572,
            17.4433286
          ],
          [
            78.3767974,
            17.4433056
          ]
        ]
      }
    },
    {
      "type": "Feature",
      "properties": {
        "from": "6536460075",
        "to": 6536460063,
        "dist_m": 32.03,
        "name": "Service",
        "highway": "service",
        "oneway": false
      },
      "geometry": {
        "type": "LineString",
        "coordinates": [
          [
            78.3767572,
            17.4433286
          ],
          [
            78.3764595,
            17.4433747
          ]
        ]
      }
    },
    {
      "type": "Feature",
      "properties": {
        "from": "6536460074",
        "to": 6536460073,
        "dist_m": 7.86,
        "name": "Service",
        "highway": "service",
        "oneway": true
      },
      "geometry": {
        "type": "LineString",
        "coordinates": [
          [
            78.3767974,
            17.4433056
          ],
          [
            78.3768511,
            17.443257
          ]
        ]
      }
    },
    {
      "type": "Feature",
      "properties": {
        "from": "6536460073",
        "to": 6536460072,
        "dist_m": 7.4,
        "name": "Service",
        "highway": "service",
        "oneway": true
      },
      "geometry": {
        "type": "LineString",
        "coordinates": [
          [
            78.3768511,
            17.443257
          ],
          [
            78.3768779,
            17.4431956
          ]
        ]
      }
    },
    {
      "type": "Feature",
      "properties": {
        "from": "6536460072",
        "to": 6536460071,
        "dist_m": 13.44,
        "name": "Service",
        "highway": "service",
        "oneway": true
      },
      "geometry": {
        "type": "LineString",
        "coordinates": [
          [
            78.3768779,
            17.4431956
          ],
          [
            78.3768886,
            17.4430753
          ]
        ]
      }
    },
    {
      "type": "Feature",
      "properties": {
        "from": "6536460071",
        "to": 6536460070,
        "dist_m": 30.5,
        "name": "Service",
        "highway": "service",
        "oneway": true
      },
      "geometry": {
        "type": "LineString",
        "coordinates": [
          [
            78.3768886,
            17.4430753
          ],
          [
            78.3768994,
            17.4428015
          ]
        ]
      }
    },
    {
      "type": "Feature",
      "properties": {
        "from": "6536460070",
        "to": 6536460069,
        "dist_m": 4.15,
        "name": "Service",
        "highway": "service",
        "oneway": true
      },
      "geometry": {
        "type": "LineString",
        "coordinates": [
          [
            78.3768994,
            17.4428015
          ],
          [
            78.3768886,
            17.4427657
          ]
        ]
      }
    },
    {
      "type": "Feature",
      "properties": {
        "from": "6536460069",
        "to": 6536460068,
        "dist_m": 14.34,
        "name": "Service",
        "highway": "service",
        "oneway": true
      },
      "geometry": {
        "type": "LineString",
        "coordinates": [
          [
            78.3768886,
            17.4427657
          ],
          [
            78.3767545,
            17.442781
          ]
        ]
      }
    },
    {
      "type": "Feature",
      "properties": {
        "from": "6536460068",
        "to": 6536460067,
        "dist_m": 40.56,
        "name": "Service",
        "highway": "service",
        "oneway": true
      },
      "geometry": {
        "type": "LineString",
        "coordinates": [
          [
            78.3767545,
            17.442781
          ],
          [
            78.3763817,
            17.4428603
          ]
        ]
      }
    },
    {
      "type": "Feature",
      "properties": {
        "from": "6536460067",
        "to": 6536460066,
        "dist_m": 5.65,
        "name": "Service",
        "highway": "service",
        "oneway": true
      },
      "geometry": {
        "type": "LineString",
        "coordinates": [
          [
            78.3763817,
            17.4428603
          ],
          [
            78.3763415,
            17.4428936
          ]
        ]
      }
    },
    {
      "type": "Feature",
      "properties": {
        "from": "6536460066",
        "to": 6536460065,
        "dist_m": 5.51,
        "name": "Service",
        "highway": "service",
        "oneway": true
      },
      "geometry": {
        "type": "LineString",
        "coordinates": [
          [
            78.3763415,
            17.4428936
          ],
          [
            78.3763227,
            17.4429397
          ]
        ]
      }
    },
    {
      "type": "Feature",
      "properties": {
        "from": "6536460065",
        "to": 6536460064,
        "dist_m": 49.28,
        "name": "Service",
        "highway": "service",
        "oneway": true
      },
      "geometry": {
        "type": "LineString",
        "coordinates": [
          [
            78.3763227,
            17.4429397
          ],
          [
            78.37632,
            17.4433824
          ]
        ]
      }
    },
    {
      "type": "Feature",
      "properties": {
        "from": "6536460064",
        "to": 11478541474,
        "dist_m": 11.89,
        "name": "Service",
        "highway": "service",
        "oneway": true
      },
      "geometry": {
        "type": "LineString",
        "coordinates": [
          [
            78.37632,
            17.4433824
          ],
          [
            78.3764318,
            17.4433762
          ]
        ]
      }
    },
    {
      "type": "Feature",
      "properties": {
        "from": "7180262407",
        "to": 6536581986,
        "dist_m": 35.7,
        "name": "Service",
        "highway": "service",
        "oneway": false
      },
      "geometry": {
        "type": "LineString",
        "coordinates": [
          [
            78.377944,
            17.4466667
          ],
          [
            78.3781175,
            17.4469414
          ]
        ]
      }
    },
    {
      "type": "Feature",
      "properties": {
        "from": "6536581986",
        "to": 7180262407,
        "dist_m": 35.7,
        "name": "Service",
        "highway": "service",
        "oneway": false
      },
      "geometry": {
        "type": "LineString",
        "coordinates": [
          [
            78.3781175,
            17.4469414
          ],
          [
            78.377944,
            17.4466667
          ]
        ]
      }
    },
    {
      "type": "Feature",
      "properties": {
        "from": "6536581986",
        "to": 11041670973,
        "dist_m": 6.05,
        "name": "Service",
        "highway": "service",
        "oneway": false
      },
      "geometry": {
        "type": "LineString",
        "coordinates": [
          [
            78.3781175,
            17.4469414
          ],
          [
            78.3781466,
            17.4469881
          ]
        ]
      }
    },
    {
      "type": "Feature",
      "properties": {
        "from": "11041670973",
        "to": 6536581986,
        "dist_m": 6.05,
        "name": "Service",
        "highway": "service",
        "oneway": false
      },
      "geometry": {
        "type": "LineString",
        "coordinates": [
          [
            78.3781466,
            17.4469881
          ],
          [
            78.3781175,
            17.4469414
          ]
        ]
      }
    },
    {
      "type": "Feature",
      "properties": {
        "from": "11041670973",
        "to": 11041670977,
        "dist_m": 59.94,
        "name": "Service",
        "highway": "service",
        "oneway": false
      },
      "geometry": {
        "type": "LineString",
        "coordinates": [
          [
            78.3781466,
            17.4469881
          ],
          [
            78.378636,
            17.4467198
          ]
        ]
      }
    },
    {
      "type": "Feature",
      "properties": {
        "from": "11041670973",
        "to": 11041670978,
        "dist_m": 5.2,
        "name": "Service",
        "highway": "service",
        "oneway": false
      },
      "geometry": {
        "type": "LineString",
        "coordinates": [
          [
            78.3781466,
            17.4469881
          ],
          [
            78.3781033,
            17.44701
          ]
        ]
      }
    },
    {
      "type": "Feature",
      "properties": {
        "from": "6887537061",
        "to": 3602305562,
        "dist_m": 58.93,
        "name": "Service",
        "highway": "service",
        "oneway": false
      },
      "geometry": {
        "type": "LineString",
        "coordinates": [
          [
            78.3740401,
            17.4476735
          ],
          [
            78.3742575,
            17.4471864
          ]
        ]
      }
    },
    {
      "type": "Feature",
      "properties": {
        "from": "6887537061",
        "to": 11187324949,
        "dist_m": 14.37,
        "name": "Service",
        "highway": "service",
        "oneway": false
      },
      "geometry": {
        "type": "LineString",
        "coordinates": [
          [
            78.3740401,
            17.4476735
          ],
          [
            78.374002,
            17.4477974
          ]
        ]
      }
    },
    {
      "type": "Feature",
      "properties": {
        "from": "11187324949",
        "to": 6887537061,
        "dist_m": 14.37,
        "name": "Service",
        "highway": "service",
        "oneway": false
      },
      "geometry": {
        "type": "LineString",
        "coordinates": [
          [
            78.374002,
            17.4477974
          ],
          [
            78.3740401,
            17.4476735
          ]
        ]
      }
    },
    {
      "type": "Feature",
      "properties": {
        "from": "11187324949",
        "to": 6887537060,
        "dist_m": 2.84,
        "name": "Service",
        "highway": "service",
        "oneway": false
      },
      "geometry": {
        "type": "LineString",
        "coordinates": [
          [
            78.374002,
            17.4477974
          ],
          [
            78.3739945,
            17.4478219
          ]
        ]
      }
    },
    {
      "type": "Feature",
      "properties": {
        "from": "11187324949",
        "to": 11187324950,
        "dist_m": 27.97,
        "name": "Service",
        "highway": "service",
        "oneway": false
      },
      "geometry": {
        "type": "LineString",
        "coordinates": [
          [
            78.374002,
            17.4477974
          ],
          [
            78.3742464,
            17.4477038
          ]
        ]
      }
    },
    {
      "type": "Feature",
      "properties": {
        "from": "6887537060",
        "to": 11187324949,
        "dist_m": 2.84,
        "name": "Service",
        "highway": "service",
        "oneway": false
      },
      "geometry": {
        "type": "LineString",
        "coordinates": [
          [
            78.3739945,
            17.4478219
          ],
          [
            78.374002,
            17.4477974
          ]
        ]
      }
    },
    {
      "type": "Feature",
      "properties": {
        "from": "6887537060",
        "to": 6887537059,
        "dist_m": 8.3,
        "name": "Service",
        "highway": "service",
        "oneway": false
      },
      "geometry": {
        "type": "LineString",
        "coordinates": [
          [
            78.3739945,
            17.4478219
          ],
          [
            78.374016,
            17.4478936
          ]
        ]
      }
    },
    {
      "type": "Feature",
      "properties": {
        "from": "6887537059",
        "to": 6887537060,
        "dist_m": 8.3,
        "name": "Service",
        "highway": "service",
        "oneway": false
      },
      "geometry": {
        "type": "LineString",
        "coordinates": [
          [
            78.374016,
            17.4478936
          ],
          [
            78.3739945,
            17.4478219
          ]
        ]
      }
    },
    {
      "type": "Feature",
      "properties": {
        "from": "6887537059",
        "to": 6887537058,
        "dist_m": 12.17,
        "name": "Service",
        "highway": "service",
        "oneway": false
      },
      "geometry": {
        "type": "LineString",
        "coordinates": [
          [
            78.374016,
            17.4478936
          ],
          [
            78.3740777,
            17.4479857
          ]
        ]
      }
    },
    {
      "type": "Feature",
      "properties": {
        "from": "6887537058",
        "to": 6887537059,
        "dist_m": 12.17,
        "name": "Service",
        "highway": "service",
        "oneway": false
      },
      "geometry": {
        "type": "LineString",
        "coordinates": [
          [
            78.3740777,
            17.4479857
          ],
          [
            78.374016,
            17.4478936
          ]
        ]
      }
    },
    {
      "type": "Feature",
      "properties": {
        "from": "7676158343",
        "to": 7676158344,
        "dist_m": 2.77,
        "name": "Service",
        "highway": "service",
        "oneway": false
      },
      "geometry": {
        "type": "LineString",
        "coordinates": [
          [
            78.3736827,
            17.4487552
          ],
          [
            78.3736593,
            17.4487661
          ]
        ]
      }
    },
    {
      "type": "Feature",
      "properties": {
        "from": "7676158344",
        "to": 7676158343,
        "dist_m": 2.77,
        "name": "Service",
        "highway": "service",
        "oneway": false
      },
      "geometry": {
        "type": "LineString",
        "coordinates": [
          [
            78.3736593,
            17.4487661
          ],
          [
            78.3736827,
            17.4487552
          ]
        ]
      }
    },
    {
      "type": "Feature",
      "properties": {
        "from": "7676158344",
        "to": 6887537054,
        "dist_m": 6.66,
        "name": "Service",
        "highway": "service",
        "oneway": false
      },
      "geometry": {
        "type": "LineString",
        "coordinates": [
          [
            78.3736593,
            17.4487661
          ],
          [
            78.3735989,
            17.4487501
          ]
        ]
      }
    },
    {
      "type": "Feature",
      "properties": {
        "from": "6887537054",
        "to": 7676158344,
        "dist_m": 6.66,
        "name": "Service",
        "highway": "service",
        "oneway": false
      },
      "geometry": {
        "type": "LineString",
        "coordinates": [
          [
            78.3735989,
            17.4487501
          ],
          [
            78.3736593,
            17.4487661
          ]
        ]
      }
    },
    {
      "type": "Feature",
      "properties": {
        "from": "6887537054",
        "to": 7676158341,
        "dist_m": 10.85,
        "name": "Service",
        "highway": "service",
        "oneway": false
      },
      "geometry": {
        "type": "LineString",
        "coordinates": [
          [
            78.3735989,
            17.4487501
          ],
          [
            78.3735218,
            17.4486862
          ]
        ]
      }
    },
    {
      "type": "Feature",
      "properties": {
        "from": "7676158341",
        "to": 6887537054,
        "dist_m": 10.85,
        "name": "Service",
        "highway": "service",
        "oneway": false
      },
      "geometry": {
        "type": "LineString",
        "coordinates": [
          [
            78.3735218,
            17.4486862
          ],
          [
            78.3735989,
            17.4487501
          ]
        ]
      }
    },
    {
      "type": "Feature",
      "properties": {
        "from": "7676158341",
        "to": 7676158342,
        "dist_m": 6.16,
        "name": "Service",
        "highway": "service",
        "oneway": false
      },
      "geometry": {
        "type": "LineString",
        "coordinates": [
          [
            78.3735218,
            17.4486862
          ],
          [
            78.3734661,
            17.4486708
          ]
        ]
      }
    },
    {
      "type": "Feature",
      "properties": {
        "from": "7676158342",
        "to": 7676158341,
        "dist_m": 6.16,
        "name": "Service",
        "highway": "service",
        "oneway": false
      },
      "geometry": {
        "type": "LineString",
        "coordinates": [
          [
            78.3734661,
            17.4486708
          ],
          [
            78.3735218,
            17.4486862
          ]
        ]
      }
    },
    {
      "type": "Feature",
      "properties": {
        "from": "7676158342",
        "to": 6887537053,
        "dist_m": 4.97,
        "name": "Service",
        "highway": "service",
        "oneway": false
      },
      "geometry": {
        "type": "LineString",
        "coordinates": [
          [
            78.3734661,
            17.4486708
          ],
          [
            78.3734205,
            17.448681
          ]
        ]
      }
    },
    {
      "type": "Feature",
      "properties": {
        "from": "6887537053",
        "to": 7676158342,
        "dist_m": 4.97,
        "name": "Service",
        "highway": "service",
        "oneway": false
      },
      "geometry": {
        "type": "LineString",
        "coordinates": [
          [
            78.3734205,
            17.448681
          ],
          [
            78.3734661,
            17.4486708
          ]
        ]
      }
    },
    {
      "type": "Feature",
      "properties": {
        "from": "6887537053",
        "to": 4201576228,
        "dist_m": 80.13,
        "name": "Service",
        "highway": "service",
        "oneway": false
      },
      "geometry": {
        "type": "LineString",
        "coordinates": [
          [
            78.3734205,
            17.448681
          ],
          [
            78.3729103,
            17.4492113
          ]
        ]
      }
    },
    {
      "type": "Feature",
      "properties": {
        "from": "1042222203",
        "to": 827334327,
        "dist_m": 5.66,
        "name": "Service",
        "highway": "service",
        "oneway": false
      },
      "geometry": {
        "type": "LineString",
        "coordinates": [
          [
            78.3784281,
            17.4436511
          ],
          [
            78.3784336,
            17.4436005
          ]
        ]
      }
    },
    {
      "type": "Feature",
      "properties": {
        "from": "1042222203",
        "to": 3602303693,
        "dist_m": 74.9,
        "name": "Service",
        "highway": "service",
        "oneway": false
      },
      "geometry": {
        "type": "LineString",
        "coordinates": [
          [
            78.3784281,
            17.4436511
          ],
          [
            78.3777229,
            17.443643
          ]
        ]
      }
    },
    {
      "type": "Feature",
      "properties": {
        "from": "1371237608",
        "to": 3602303693,
        "dist_m": 31.12,
        "name": "Service",
        "highway": "service",
        "oneway": false
      },
      "geometry": {
        "type": "LineString",
        "coordinates": [
          [
            78.3774299,
            17.4436397
          ],
          [
            78.3777229,
            17.443643
          ]
        ]
      }
    },
    {
      "type": "Feature",
      "properties": {
        "from": "1371237608",
        "to": 13308148620,
        "dist_m": 13.32,
        "name": "Service",
        "highway": "service",
        "oneway": false
      },
      "geometry": {
        "type": "LineString",
        "coordinates": [
          [
            78.3774299,
            17.4436397
          ],
          [
            78.3773045,
            17.4436398
          ]
        ]
      }
    },
    {
      "type": "Feature",
      "properties": {
        "from": "8107800976",
        "to": 827334122,
        "dist_m": 97.44,
        "name": "Service",
        "highway": "service",
        "oneway": false
      },
      "geometry": {
        "type": "LineString",
        "coordinates": [
          [
            78.3780711,
            17.4427302
          ],
          [
            78.378081,
            17.4436055
          ]
        ]
      }
    },
    {
      "type": "Feature",
      "properties": {
        "from": "8107800976",
        "to": 8107800975,
        "dist_m": 13.14,
        "name": "Service",
        "highway": "service",
        "oneway": false
      },
      "geometry": {
        "type": "LineString",
        "coordinates": [
          [
            78.3780711,
            17.4427302
          ],
          [
            78.3780713,
            17.4426122
          ]
        ]
      }
    },
    {
      "type": "Feature",
      "properties": {
        "from": "8107800975",
        "to": 8107800976,
        "dist_m": 13.14,
        "name": "Service",
        "highway": "service",
        "oneway": false
      },
      "geometry": {
        "type": "LineString",
        "coordinates": [
          [
            78.3780713,
            17.4426122
          ],
          [
            78.3780711,
            17.4427302
          ]
        ]
      }
    },
    {
      "type": "Feature",
      "properties": {
        "from": "8107800975",
        "to": 8107800977,
        "dist_m": 2.44,
        "name": "Service",
        "highway": "service",
        "oneway": false
      },
      "geometry": {
        "type": "LineString",
        "coordinates": [
          [
            78.3780713,
            17.4426122
          ],
          [
            78.3780496,
            17.4426051
          ]
        ]
      }
    },
    {
      "type": "Feature",
      "properties": {
        "from": "8107800977",
        "to": 8107800975,
        "dist_m": 2.44,
        "name": "Service",
        "highway": "service",
        "oneway": false
      },
      "geometry": {
        "type": "LineString",
        "coordinates": [
          [
            78.3780496,
            17.4426051
          ],
          [
            78.3780713,
            17.4426122
          ]
        ]
      }
    },
    {
      "type": "Feature",
      "properties": {
        "from": "8107800977",
        "to": 827334448,
        "dist_m": 2.45,
        "name": "Service",
        "highway": "service",
        "oneway": false
      },
      "geometry": {
        "type": "LineString",
        "coordinates": [
          [
            78.3780496,
            17.4426051
          ],
          [
            78.3780281,
            17.4425971
          ]
        ]
      }
    },
    {
      "type": "Feature",
      "properties": {
        "from": "827334448",
        "to": 8107800977,
        "dist_m": 2.45,
        "name": "Service",
        "highway": "service",
        "oneway": false
      },
      "geometry": {
        "type": "LineString",
        "coordinates": [
          [
            78.3780281,
            17.4425971
          ],
          [
            78.3780496,
            17.4426051
          ]
        ]
      }
    },
    {
      "type": "Feature",
      "properties": {
        "from": "827334448",
        "to": 8107800978,
        "dist_m": 5.66,
        "name": "Service",
        "highway": "service",
        "oneway": false
      },
      "geometry": {
        "type": "LineString",
        "coordinates": [
          [
            78.3780281,
            17.4425971
          ],
          [
            78.3779765,
            17.4425843
          ]
        ]
      }
    },
    {
      "type": "Feature",
      "properties": {
        "from": "8107800978",
        "to": 827334448,
        "dist_m": 5.66,
        "name": "Service",
        "highway": "service",
        "oneway": false
      },
      "geometry": {
        "type": "LineString",
        "coordinates": [
          [
            78.3779765,
            17.4425843
          ],
          [
            78.3780281,
            17.4425971
          ]
        ]
      }
    },
    {
      "type": "Feature",
      "properties": {
        "from": "8107800978",
        "to": 8107800972,
        "dist_m": 27.42,
        "name": "Service",
        "highway": "service",
        "oneway": false
      },
      "geometry": {
        "type": "LineString",
        "coordinates": [
          [
            78.3779765,
            17.4425843
          ],
          [
            78.3777187,
            17.4425983
          ]
        ]
      }
    },
    {
      "type": "Feature",
      "properties": {
        "from": "8107800972",
        "to": 8107800978,
        "dist_m": 27.42,
        "name": "Service",
        "highway": "service",
        "oneway": false
      },
      "geometry": {
        "type": "LineString",
        "coordinates": [
          [
            78.3777187,
            17.4425983
          ],
          [
            78.3779765,
            17.4425843
          ]
        ]
      }
    },
    {
      "type": "Feature",
      "properties": {
        "from": "8107800972",
        "to": 8107800973,
        "dist_m": 1.2,
        "name": "Service",
        "highway": "service",
        "oneway": false
      },
      "geometry": {
        "type": "LineString",
        "coordinates": [
          [
            78.3777187,
            17.4425983
          ],
          [
            78.3777078,
            17.4425953
          ]
        ]
      }
    },
    {
      "type": "Feature",
      "properties": {
        "from": "11299576773",
        "to": 10727165471,
        "dist_m": 4.42,
        "name": "Service",
        "highway": "service",
        "oneway": true
      },
      "geometry": {
        "type": "LineString",
        "coordinates": [
          [
            78.3748865,
            17.4447697
          ],
          [
            78.3748458,
            17.4447781
          ]
        ]
      }
    },
    {
      "type": "Feature",
      "properties": {
        "from": "5901622625",
        "to": 10718148877,
        "dist_m": 15.85,
        "name": "Service",
        "highway": "service",
        "oneway": true
      },
      "geometry": {
        "type": "LineString",
        "coordinates": [
          [
            78.3777328,
            17.4468415
          ],
          [
            78.3775895,
            17.4468812
          ]
        ]
      }
    },
    {
      "type": "Feature",
      "properties": {
        "from": "5901622625",
        "to": 324836114,
        "dist_m": 18.53,
        "name": "HITEC City Road",
        "highway": "primary",
        "oneway": true
      },
      "geometry": {
        "type": "LineString",
        "coordinates": [
          [
            78.3777328,
            17.4468415
          ],
          [
            78.3778204,
            17.4469855
          ]
        ]
      }
    },
    {
      "type": "Feature",
      "properties": {
        "from": "1042222173",
        "to": 13308148620,
        "dist_m": 11.02,
        "name": "Service",
        "highway": "service",
        "oneway": false
      },
      "geometry": {
        "type": "LineString",
        "coordinates": [
          [
            78.3772007,
            17.4436399
          ],
          [
            78.3773045,
            17.4436398
          ]
        ]
      }
    },
    {
      "type": "Feature",
      "properties": {
        "from": "1042222173",
        "to": 12364587415,
        "dist_m": 14.7,
        "name": "HITEC City Road",
        "highway": "primary",
        "oneway": true
      },
      "geometry": {
        "type": "LineString",
        "coordinates": [
          [
            78.3772007,
            17.4436399
          ],
          [
            78.3772043,
            17.4435079
          ]
        ]
      }
    },
    {
      "type": "Feature",
      "properties": {
        "from": "13308148620",
        "to": 1042222173,
        "dist_m": 11.02,
        "name": "Service",
        "highway": "service",
        "oneway": false
      },
      "geometry": {
        "type": "LineString",
        "coordinates": [
          [
            78.3773045,
            17.4436398
          ],
          [
            78.3772007,
            17.4436399
          ]
        ]
      }
    },
    {
      "type": "Feature",
      "properties": {
        "from": "13308148620",
        "to": 1371237608,
        "dist_m": 13.32,
        "name": "Service",
        "highway": "service",
        "oneway": false
      },
      "geometry": {
        "type": "LineString",
        "coordinates": [
          [
            78.3773045,
            17.4436398
          ],
          [
            78.3774299,
            17.4436397
          ]
        ]
      }
    },
    {
      "type": "Feature",
      "properties": {
        "from": "3191131074",
        "to": 10804111794,
        "dist_m": 7.7,
        "name": "Service",
        "highway": "service",
        "oneway": true
      },
      "geometry": {
        "type": "LineString",
        "coordinates": [
          [
            78.3746395,
            17.4462283
          ],
          [
            78.374712,
            17.4462262
          ]
        ]
      }
    },
    {
      "type": "Feature",
      "properties": {
        "from": "3191131074",
        "to": 3191131073,
        "dist_m": 17.58,
        "name": "HITEC City\u2013Madhapur Road",
        "highway": "secondary",
        "oneway": true
      },
      "geometry": {
        "type": "LineString",
        "coordinates": [
          [
            78.3746395,
            17.4462283
          ],
          [
            78.3746888,
            17.4460775
          ]
        ]
      }
    },
    {
      "type": "Feature",
      "properties": {
        "from": "10804111794",
        "to": 10804111793,
        "dist_m": 10.15,
        "name": "Service",
        "highway": "service",
        "oneway": true
      },
      "geometry": {
        "type": "LineString",
        "coordinates": [
          [
            78.374712,
            17.4462262
          ],
          [
            78.374806,
            17.4462429
          ]
        ]
      }
    },
    {
      "type": "Feature",
      "properties": {
        "from": "10804188745",
        "to": 1257939504,
        "dist_m": 8.57,
        "name": "Service",
        "highway": "service",
        "oneway": true
      },
      "geometry": {
        "type": "LineString",
        "coordinates": [
          [
            78.3747975,
            17.4494413
          ],
          [
            78.3747454,
            17.4495001
          ]
        ]
      }
    },
    {
      "type": "Feature",
      "properties": {
        "from": "10804199031",
        "to": 7676158381,
        "dist_m": 5.44,
        "name": "Service",
        "highway": "service",
        "oneway": true
      },
      "geometry": {
        "type": "LineString",
        "coordinates": [
          [
            78.3765831,
            17.4475317
          ],
          [
            78.3766005,
            17.4475777
          ]
        ]
      }
    },
    {
      "type": "Feature",
      "properties": {
        "from": "11034011758",
        "to": 11034011761,
        "dist_m": 5.69,
        "name": "Service",
        "highway": "service",
        "oneway": false
      },
      "geometry": {
        "type": "LineString",
        "coordinates": [
          [
            78.3747805,
            17.4491102
          ],
          [
            78.3747423,
            17.4491461
          ]
        ]
      }
    },
    {
      "type": "Feature",
      "properties": {
        "from": "11034011761",
        "to": 11034011758,
        "dist_m": 5.69,
        "name": "Service",
        "highway": "service",
        "oneway": false
      },
      "geometry": {
        "type": "LineString",
        "coordinates": [
          [
            78.3747423,
            17.4491461
          ],
          [
            78.3747805,
            17.4491102
          ]
        ]
      }
    },
    {
      "type": "Feature",
      "properties": {
        "from": "11034011761",
        "to": 11034011753,
        "dist_m": 10.49,
        "name": "Service",
        "highway": "service",
        "oneway": false
      },
      "geometry": {
        "type": "LineString",
        "coordinates": [
          [
            78.3747423,
            17.4491461
          ],
          [
            78.3746711,
            17.4492114
          ]
        ]
      }
    },
    {
      "type": "Feature",
      "properties": {
        "from": "11037130705",
        "to": 11037130706,
        "dist_m": 11.26,
        "name": "Residential",
        "highway": "residential",
        "oneway": false
      },
      "geometry": {
        "type": "LineString",
        "coordinates": [
          [
            78.3778562,
            17.4466625
          ],
          [
            78.3777635,
            17.4467116
          ]
        ]
      }
    },
    {
      "type": "Feature",
      "properties": {
        "from": "11037132277",
        "to": 11037132273,
        "dist_m": 9.09,
        "name": "lbis Hotel Driveway",
        "highway": "service",
        "oneway": true
      },
      "geometry": {
        "type": "LineString",
        "coordinates": [
          [
            78.3785528,
            17.447476
          ],
          [
            78.378508,
            17.4474064
          ]
        ]
      }
    },
    {
      "type": "Feature",
      "properties": {
        "from": "3602304413",
        "to": 4198555683,
        "dist_m": 37.4,
        "name": "Residential",
        "highway": "residential",
        "oneway": false
      },
      "geometry": {
        "type": "LineString",
        "coordinates": [
          [
            78.3784955,
            17.4451089
          ],
          [
            78.378502,
            17.4454448
          ]
        ]
      }
    },
    {
      "type": "Feature",
      "properties": {
        "from": "11041690392",
        "to": 11041690391,
        "dist_m": 14.37,
        "name": "Service",
        "highway": "service",
        "oneway": true
      },
      "geometry": {
        "type": "LineString",
        "coordinates": [
          [
            78.377018,
            17.4460688
          ],
          [
            78.3770036,
            17.4459404
          ]
        ]
      }
    },
    {
      "type": "Feature",
      "properties": {
        "from": "10718148877",
        "to": 11482337881,
        "dist_m": 23.75,
        "name": "Service",
        "highway": "service",
        "oneway": true
      },
      "geometry": {
        "type": "LineString",
        "coordinates": [
          [
            78.3775895,
            17.4468812
          ],
          [
            78.3773767,
            17.4469469
          ]
        ]
      }
    },
    {
      "type": "Feature",
      "properties": {
        "from": "11482337881",
        "to": 11299576778,
        "dist_m": 11.94,
        "name": "Service",
        "highway": "service",
        "oneway": true
      },
      "geometry": {
        "type": "LineString",
        "coordinates": [
          [
            78.3773767,
            17.4469469
          ],
          [
            78.3772683,
            17.4469752
          ]
        ]
      }
    },
    {
      "type": "Feature",
      "properties": {
        "from": "11299576778",
        "to": 11299576777,
        "dist_m": 98.23,
        "name": "Service",
        "highway": "service",
        "oneway": false
      },
      "geometry": {
        "type": "LineString",
        "coordinates": [
          [
            78.3772683,
            17.4469752
          ],
          [
            78.3769849,
            17.4461352
          ]
        ]
      }
    },
    {
      "type": "Feature",
      "properties": {
        "from": "13921990426",
        "to": 13921990432,
        "dist_m": 189.07,
        "name": "Service",
        "highway": "service",
        "oneway": true
      },
      "geometry": {
        "type": "LineString",
        "coordinates": [
          [
            78.3767618,
            17.4471327
          ],
          [
            78.3750689,
            17.4476585
          ]
        ]
      }
    },
    {
      "type": "Feature",
      "properties": {
        "from": "13921990433",
        "to": 13921990429,
        "dist_m": 98.38,
        "name": "Service",
        "highway": "service",
        "oneway": true
      },
      "geometry": {
        "type": "LineString",
        "coordinates": [
          [
            78.375042,
            17.4476518
          ],
          [
            78.3747904,
            17.4468013
          ]
        ]
      }
    },
    {
      "type": "Feature",
      "properties": {
        "from": "13921990429",
        "to": 13921990430,
        "dist_m": 1.84,
        "name": "Service",
        "highway": "service",
        "oneway": true
      },
      "geometry": {
        "type": "LineString",
        "coordinates": [
          [
            78.3747904,
            17.4468013
          ],
          [
            78.3747906,
            17.4467848
          ]
        ]
      }
    },
    {
      "type": "Feature",
      "properties": {
        "from": "13921990430",
        "to": 13921990431,
        "dist_m": 1.72,
        "name": "Service",
        "highway": "service",
        "oneway": true
      },
      "geometry": {
        "type": "LineString",
        "coordinates": [
          [
            78.3747906,
            17.4467848
          ],
          [
            78.3747989,
            17.4467715
          ]
        ]
      }
    },
    {
      "type": "Feature",
      "properties": {
        "from": "13921990431",
        "to": 11299576775,
        "dist_m": 1.63,
        "name": "Service",
        "highway": "service",
        "oneway": true
      },
      "geometry": {
        "type": "LineString",
        "coordinates": [
          [
            78.3747989,
            17.4467715
          ],
          [
            78.3748122,
            17.4467642
          ]
        ]
      }
    },
    {
      "type": "Feature",
      "properties": {
        "from": "11299576775",
        "to": 11299576777,
        "dist_m": 241.13,
        "name": "Service",
        "highway": "service",
        "oneway": true
      },
      "geometry": {
        "type": "LineString",
        "coordinates": [
          [
            78.3748122,
            17.4467642
          ],
          [
            78.3769849,
            17.4461352
          ]
        ]
      }
    },
    {
      "type": "Feature",
      "properties": {
        "from": "11299576777",
        "to": 11041690392,
        "dist_m": 8.18,
        "name": "Service",
        "highway": "service",
        "oneway": true
      },
      "geometry": {
        "type": "LineString",
        "coordinates": [
          [
            78.3769849,
            17.4461352
          ],
          [
            78.377018,
            17.4460688
          ]
        ]
      }
    },
    {
      "type": "Feature",
      "properties": {
        "from": "11299576777",
        "to": 11299576778,
        "dist_m": 98.23,
        "name": "Service",
        "highway": "service",
        "oneway": false
      },
      "geometry": {
        "type": "LineString",
        "coordinates": [
          [
            78.3769849,
            17.4461352
          ],
          [
            78.3772683,
            17.4469752
          ]
        ]
      }
    },
    {
      "type": "Feature",
      "properties": {
        "from": "11041670977",
        "to": 11041670973,
        "dist_m": 59.94,
        "name": "Service",
        "highway": "service",
        "oneway": false
      },
      "geometry": {
        "type": "LineString",
        "coordinates": [
          [
            78.378636,
            17.4467198
          ],
          [
            78.3781466,
            17.4469881
          ]
        ]
      }
    },
    {
      "type": "Feature",
      "properties": {
        "from": "11041670977",
        "to": 11041670976,
        "dist_m": 4.63,
        "name": "Service",
        "highway": "service",
        "oneway": false
      },
      "geometry": {
        "type": "LineString",
        "coordinates": [
          [
            78.378636,
            17.4467198
          ],
          [
            78.3786738,
            17.446699
          ]
        ]
      }
    },
    {
      "type": "Feature",
      "properties": {
        "from": "6536581989",
        "to": 6536581988,
        "dist_m": 17.83,
        "name": "Residential",
        "highway": "residential",
        "oneway": false
      },
      "geometry": {
        "type": "LineString",
        "coordinates": [
          [
            78.3781477,
            17.4465069
          ],
          [
            78.3780004,
            17.4465838
          ]
        ]
      }
    },
    {
      "type": "Feature",
      "properties": {
        "from": "6536581988",
        "to": 6536581989,
        "dist_m": 17.83,
        "name": "Residential",
        "highway": "residential",
        "oneway": false
      },
      "geometry": {
        "type": "LineString",
        "coordinates": [
          [
            78.3780004,
            17.4465838
          ],
          [
            78.3781477,
            17.4465069
          ]
        ]
      }
    },
    {
      "type": "Feature",
      "properties": {
        "from": "11041670978",
        "to": 11041670975,
        "dist_m": 5.21,
        "name": "Service",
        "highway": "service",
        "oneway": false
      },
      "geometry": {
        "type": "LineString",
        "coordinates": [
          [
            78.3781033,
            17.44701
          ],
          [
            78.3780599,
            17.4470319
          ]
        ]
      }
    },
    {
      "type": "Feature",
      "properties": {
        "from": "11041670978",
        "to": 11041670973,
        "dist_m": 5.2,
        "name": "Service",
        "highway": "service",
        "oneway": false
      },
      "geometry": {
        "type": "LineString",
        "coordinates": [
          [
            78.3781033,
            17.44701
          ],
          [
            78.3781466,
            17.4469881
          ]
        ]
      }
    },
    {
      "type": "Feature",
      "properties": {
        "from": "11041670975",
        "to": 11041670978,
        "dist_m": 5.21,
        "name": "Service",
        "highway": "service",
        "oneway": false
      },
      "geometry": {
        "type": "LineString",
        "coordinates": [
          [
            78.3780599,
            17.4470319
          ],
          [
            78.3781033,
            17.44701
          ]
        ]
      }
    },
    {
      "type": "Feature",
      "properties": {
        "from": "11041670975",
        "to": 11041670974,
        "dist_m": 9.59,
        "name": "Service",
        "highway": "service",
        "oneway": false
      },
      "geometry": {
        "type": "LineString",
        "coordinates": [
          [
            78.3780599,
            17.4470319
          ],
          [
            78.3779818,
            17.4470752
          ]
        ]
      }
    },
    {
      "type": "Feature",
      "properties": {
        "from": "11124411576",
        "to": 11158164576,
        "dist_m": 5.75,
        "name": "Service",
        "highway": "service",
        "oneway": true
      },
      "geometry": {
        "type": "LineString",
        "coordinates": [
          [
            78.3742918,
            17.4438456
          ],
          [
            78.3742819,
            17.4437948
          ]
        ]
      }
    },
    {
      "type": "Feature",
      "properties": {
        "from": "11158164576",
        "to": 7676315618,
        "dist_m": 4.32,
        "name": "Service",
        "highway": "service",
        "oneway": true
      },
      "geometry": {
        "type": "LineString",
        "coordinates": [
          [
            78.3742819,
            17.4437948
          ],
          [
            78.374278,
            17.4437562
          ]
        ]
      }
    },
    {
      "type": "Feature",
      "properties": {
        "from": "4206976941",
        "to": 11124411575,
        "dist_m": 5.57,
        "name": "Service",
        "highway": "service",
        "oneway": true
      },
      "geometry": {
        "type": "LineString",
        "coordinates": [
          [
            78.3747621,
            17.4436666
          ],
          [
            78.3747671,
            17.4437164
          ]
        ]
      }
    },
    {
      "type": "Feature",
      "properties": {
        "from": "4206976941",
        "to": 7676315617,
        "dist_m": 40.74,
        "name": "Service",
        "highway": "service",
        "oneway": false
      },
      "geometry": {
        "type": "LineString",
        "coordinates": [
          [
            78.3747621,
            17.4436666
          ],
          [
            78.3743865,
            17.4437412
          ]
        ]
      }
    },
    {
      "type": "Feature",
      "properties": {
        "from": "11124411575",
        "to": 3163973595,
        "dist_m": 12.38,
        "name": "Service",
        "highway": "service",
        "oneway": true
      },
      "geometry": {
        "type": "LineString",
        "coordinates": [
          [
            78.3747671,
            17.4437164
          ],
          [
            78.3747851,
            17.4438263
          ]
        ]
      }
    },
    {
      "type": "Feature",
      "properties": {
        "from": "11124411584",
        "to": 11124411579,
        "dist_m": 5.51,
        "name": "Service",
        "highway": "service",
        "oneway": true
      },
      "geometry": {
        "type": "LineString",
        "coordinates": [
          [
            78.3746184,
            17.444408
          ],
          [
            78.3745673,
            17.4444167
          ]
        ]
      }
    },
    {
      "type": "Feature",
      "properties": {
        "from": "11124411582",
        "to": 11124411585,
        "dist_m": 6.65,
        "name": "Service",
        "highway": "service",
        "oneway": true
      },
      "geometry": {
        "type": "LineString",
        "coordinates": [
          [
            78.3745694,
            17.4445525
          ],
          [
            78.3746302,
            17.4445381
          ]
        ]
      }
    },
    {
      "type": "Feature",
      "properties": {
        "from": "11124411585",
        "to": 11124411583,
        "dist_m": 7.13,
        "name": "Service",
        "highway": "service",
        "oneway": true
      },
      "geometry": {
        "type": "LineString",
        "coordinates": [
          [
            78.3746302,
            17.4445381
          ],
          [
            78.3746957,
            17.4445241
          ]
        ]
      }
    },
    {
      "type": "Feature",
      "properties": {
        "from": "11125033672",
        "to": 11125033673,
        "dist_m": 8.21,
        "name": "Service",
        "highway": "service",
        "oneway": false
      },
      "geometry": {
        "type": "LineString",
        "coordinates": [
          [
            78.3800702,
            17.4435361
          ],
          [
            78.3800119,
            17.4434876
          ]
        ]
      }
    },
    {
      "type": "Feature",
      "properties": {
        "from": "11125033673",
        "to": 11125033672,
        "dist_m": 8.21,
        "name": "Service",
        "highway": "service",
        "oneway": false
      },
      "geometry": {
        "type": "LineString",
        "coordinates": [
          [
            78.3800119,
            17.4434876
          ],
          [
            78.3800702,
            17.4435361
          ]
        ]
      }
    },
    {
      "type": "Feature",
      "properties": {
        "from": "11125033673",
        "to": 14007762561,
        "dist_m": 18.1,
        "name": "Service",
        "highway": "service",
        "oneway": false
      },
      "geometry": {
        "type": "LineString",
        "coordinates": [
          [
            78.3800119,
            17.4434876
          ],
          [
            78.3798837,
            17.4433804
          ]
        ]
      }
    },
    {
      "type": "Feature",
      "properties": {
        "from": "14007762561",
        "to": 11125033673,
        "dist_m": 18.1,
        "name": "Service",
        "highway": "service",
        "oneway": false
      },
      "geometry": {
        "type": "LineString",
        "coordinates": [
          [
            78.3798837,
            17.4433804
          ],
          [
            78.3800119,
            17.4434876
          ]
        ]
      }
    },
    {
      "type": "Feature",
      "properties": {
        "from": "14007762561",
        "to": 11125033674,
        "dist_m": 4.86,
        "name": "Service",
        "highway": "service",
        "oneway": false
      },
      "geometry": {
        "type": "LineString",
        "coordinates": [
          [
            78.3798837,
            17.4433804
          ],
          [
            78.3798401,
            17.4433672
          ]
        ]
      }
    },
    {
      "type": "Feature",
      "properties": {
        "from": "11125033674",
        "to": 14007762561,
        "dist_m": 4.86,
        "name": "Service",
        "highway": "service",
        "oneway": false
      },
      "geometry": {
        "type": "LineString",
        "coordinates": [
          [
            78.3798401,
            17.4433672
          ],
          [
            78.3798837,
            17.4433804
          ]
        ]
      }
    },
    {
      "type": "Feature",
      "properties": {
        "from": "11125033674",
        "to": 11125033675,
        "dist_m": 3.12,
        "name": "Service",
        "highway": "service",
        "oneway": false
      },
      "geometry": {
        "type": "LineString",
        "coordinates": [
          [
            78.3798401,
            17.4433672
          ],
          [
            78.379811,
            17.4433631
          ]
        ]
      }
    },
    {
      "type": "Feature",
      "properties": {
        "from": "11125033675",
        "to": 11125033674,
        "dist_m": 3.12,
        "name": "Service",
        "highway": "service",
        "oneway": false
      },
      "geometry": {
        "type": "LineString",
        "coordinates": [
          [
            78.379811,
            17.4433631
          ],
          [
            78.3798401,
            17.4433672
          ]
        ]
      }
    },
    {
      "type": "Feature",
      "properties": {
        "from": "11125033675",
        "to": 14007762567,
        "dist_m": 1.97,
        "name": "Service",
        "highway": "service",
        "oneway": false
      },
      "geometry": {
        "type": "LineString",
        "coordinates": [
          [
            78.379811,
            17.4433631
          ],
          [
            78.3797941,
            17.4433558
          ]
        ]
      }
    },
    {
      "type": "Feature",
      "properties": {
        "from": "14007762567",
        "to": 11125033675,
        "dist_m": 1.97,
        "name": "Service",
        "highway": "service",
        "oneway": false
      },
      "geometry": {
        "type": "LineString",
        "coordinates": [
          [
            78.3797941,
            17.4433558
          ],
          [
            78.379811,
            17.4433631
          ]
        ]
      }
    },
    {
      "type": "Feature",
      "properties": {
        "from": "14007762567",
        "to": 11478613713,
        "dist_m": 1.34,
        "name": "Service",
        "highway": "service",
        "oneway": false
      },
      "geometry": {
        "type": "LineString",
        "coordinates": [
          [
            78.3797941,
            17.4433558
          ],
          [
            78.3797859,
            17.4433467
          ]
        ]
      }
    },
    {
      "type": "Feature",
      "properties": {
        "from": "14007762567",
        "to": 14007762563,
        "dist_m": 21.65,
        "name": "Service",
        "highway": "service",
        "oneway": false
      },
      "geometry": {
        "type": "LineString",
        "coordinates": [
          [
            78.3797941,
            17.4433558
          ],
          [
            78.3795934,
            17.4433898
          ]
        ]
      }
    },
    {
      "type": "Feature",
      "properties": {
        "from": "11478613713",
        "to": 14007762567,
        "dist_m": 1.34,
        "name": "Service",
        "highway": "service",
        "oneway": false
      },
      "geometry": {
        "type": "LineString",
        "coordinates": [
          [
            78.3797859,
            17.4433467
          ],
          [
            78.3797941,
            17.4433558
          ]
        ]
      }
    },
    {
      "type": "Feature",
      "properties": {
        "from": "11478613713",
        "to": 11478613714,
        "dist_m": 3.32,
        "name": "Service",
        "highway": "service",
        "oneway": false
      },
      "geometry": {
        "type": "LineString",
        "coordinates": [
          [
            78.3797859,
            17.4433467
          ],
          [
            78.3797759,
            17.4433184
          ]
        ]
      }
    },
    {
      "type": "Feature",
      "properties": {
        "from": "11478613714",
        "to": 11478613713,
        "dist_m": 3.32,
        "name": "Service",
        "highway": "service",
        "oneway": false
      },
      "geometry": {
        "type": "LineString",
        "coordinates": [
          [
            78.3797759,
            17.4433184
          ],
          [
            78.3797859,
            17.4433467
          ]
        ]
      }
    },
    {
      "type": "Feature",
      "properties": {
        "from": "11478613714",
        "to": 11478613715,
        "dist_m": 3.3,
        "name": "Service",
        "highway": "service",
        "oneway": false
      },
      "geometry": {
        "type": "LineString",
        "coordinates": [
          [
            78.3797759,
            17.4433184
          ],
          [
            78.379752,
            17.4432994
          ]
        ]
      }
    },
    {
      "type": "Feature",
      "properties": {
        "from": "11478613715",
        "to": 11478613714,
        "dist_m": 3.3,
        "name": "Service",
        "highway": "service",
        "oneway": false
      },
      "geometry": {
        "type": "LineString",
        "coordinates": [
          [
            78.379752,
            17.4432994
          ],
          [
            78.3797759,
            17.4433184
          ]
        ]
      }
    },
    {
      "type": "Feature",
      "properties": {
        "from": "11478613715",
        "to": 11478613716,
        "dist_m": 3.0,
        "name": "Service",
        "highway": "service",
        "oneway": false
      },
      "geometry": {
        "type": "LineString",
        "coordinates": [
          [
            78.379752,
            17.4432994
          ],
          [
            78.3797239,
            17.4432966
          ]
        ]
      }
    },
    {
      "type": "Feature",
      "properties": {
        "from": "11478613716",
        "to": 11478613715,
        "dist_m": 3.0,
        "name": "Service",
        "highway": "service",
        "oneway": false
      },
      "geometry": {
        "type": "LineString",
        "coordinates": [
          [
            78.3797239,
            17.4432966
          ],
          [
            78.379752,
            17.4432994
          ]
        ]
      }
    },
    {
      "type": "Feature",
      "properties": {
        "from": "11478613716",
        "to": 11478613717,
        "dist_m": 3.71,
        "name": "Service",
        "highway": "service",
        "oneway": false
      },
      "geometry": {
        "type": "LineString",
        "coordinates": [
          [
            78.3797239,
            17.4432966
          ],
          [
            78.379689,
            17.4432973
          ]
        ]
      }
    },
    {
      "type": "Feature",
      "properties": {
        "from": "11478613717",
        "to": 11478613716,
        "dist_m": 3.71,
        "name": "Service",
        "highway": "service",
        "oneway": false
      },
      "geometry": {
        "type": "LineString",
        "coordinates": [
          [
            78.379689,
            17.4432973
          ],
          [
            78.3797239,
            17.4432966
          ]
        ]
      }
    },
    {
      "type": "Feature",
      "properties": {
        "from": "11478613717",
        "to": 11478613718,
        "dist_m": 4.98,
        "name": "Service",
        "highway": "service",
        "oneway": false
      },
      "geometry": {
        "type": "LineString",
        "coordinates": [
          [
            78.379689,
            17.4432973
          ],
          [
            78.3796429,
            17.4433053
          ]
        ]
      }
    },
    {
      "type": "Feature",
      "properties": {
        "from": "11478613718",
        "to": 11478613717,
        "dist_m": 4.98,
        "name": "Service",
        "highway": "service",
        "oneway": false
      },
      "geometry": {
        "type": "LineString",
        "coordinates": [
          [
            78.3796429,
            17.4433053
          ],
          [
            78.379689,
            17.4432973
          ]
        ]
      }
    },
    {
      "type": "Feature",
      "properties": {
        "from": "11478613718",
        "to": 11478613719,
        "dist_m": 3.6,
        "name": "Service",
        "highway": "service",
        "oneway": false
      },
      "geometry": {
        "type": "LineString",
        "coordinates": [
          [
            78.3796429,
            17.4433053
          ],
          [
            78.379609,
            17.4433056
          ]
        ]
      }
    },
    {
      "type": "Feature",
      "properties": {
        "from": "11478613719",
        "to": 11478613718,
        "dist_m": 3.6,
        "name": "Service",
        "highway": "service",
        "oneway": false
      },
      "geometry": {
        "type": "LineString",
        "coordinates": [
          [
            78.379609,
            17.4433056
          ],
          [
            78.3796429,
            17.4433053
          ]
        ]
      }
    },
    {
      "type": "Feature",
      "properties": {
        "from": "11478613719",
        "to": 11478613720,
        "dist_m": 2.65,
        "name": "Service",
        "highway": "service",
        "oneway": false
      },
      "geometry": {
        "type": "LineString",
        "coordinates": [
          [
            78.379609,
            17.4433056
          ],
          [
            78.3795857,
            17.4432971
          ]
        ]
      }
    },
    {
      "type": "Feature",
      "properties": {
        "from": "11478613720",
        "to": 11478613719,
        "dist_m": 2.65,
        "name": "Service",
        "highway": "service",
        "oneway": false
      },
      "geometry": {
        "type": "LineString",
        "coordinates": [
          [
            78.3795857,
            17.4432971
          ],
          [
            78.379609,
            17.4433056
          ]
        ]
      }
    },
    {
      "type": "Feature",
      "properties": {
        "from": "11478613720",
        "to": 11478613721,
        "dist_m": 3.48,
        "name": "Service",
        "highway": "service",
        "oneway": false
      },
      "geometry": {
        "type": "LineString",
        "coordinates": [
          [
            78.3795857,
            17.4432971
          ],
          [
            78.3795703,
            17.4432695
          ]
        ]
      }
    },
    {
      "type": "Feature",
      "properties": {
        "from": "11478613720",
        "to": 14007762562,
        "dist_m": 7.15,
        "name": "Service",
        "highway": "service",
        "oneway": false
      },
      "geometry": {
        "type": "LineString",
        "coordinates": [
          [
            78.3795857,
            17.4432971
          ],
          [
            78.3795916,
            17.4433611
          ]
        ]
      }
    },
    {
      "type": "Feature",
      "properties": {
        "from": "11478613721",
        "to": 11478613720,
        "dist_m": 3.48,
        "name": "Service",
        "highway": "service",
        "oneway": false
      },
      "geometry": {
        "type": "LineString",
        "coordinates": [
          [
            78.3795703,
            17.4432695
          ],
          [
            78.3795857,
            17.4432971
          ]
        ]
      }
    },
    {
      "type": "Feature",
      "properties": {
        "from": "11478613721",
        "to": 11478613722,
        "dist_m": 15.35,
        "name": "Service",
        "highway": "service",
        "oneway": false
      },
      "geometry": {
        "type": "LineString",
        "coordinates": [
          [
            78.3795703,
            17.4432695
          ],
          [
            78.3795514,
            17.4431328
          ]
        ]
      }
    },
    {
      "type": "Feature",
      "properties": {
        "from": "11478613711",
        "to": 11125033667,
        "dist_m": 8.6,
        "name": "Service",
        "highway": "service",
        "oneway": true
      },
      "geometry": {
        "type": "LineString",
        "coordinates": [
          [
            78.3799971,
            17.4430568
          ],
          [
            78.3799174,
            17.4430705
          ]
        ]
      }
    },
    {
      "type": "Feature",
      "properties": {
        "from": "11478613711",
        "to": 3602303473,
        "dist_m": 3.72,
        "name": "Unclassified",
        "highway": "unclassified",
        "oneway": false
      },
      "geometry": {
        "type": "LineString",
        "coordinates": [
          [
            78.3799971,
            17.4430568
          ],
          [
            78.3799877,
            17.4430246
          ]
        ]
      }
    },
    {
      "type": "Feature",
      "properties": {
        "from": "11478613711",
        "to": 1042220756,
        "dist_m": 4.0,
        "name": "Unclassified",
        "highway": "unclassified",
        "oneway": false
      },
      "geometry": {
        "type": "LineString",
        "coordinates": [
          [
            78.3799971,
            17.4430568
          ],
          [
            78.3800072,
            17.4430914
          ]
        ]
      }
    },
    {
      "type": "Feature",
      "properties": {
        "from": "11125033667",
        "to": 11125033677,
        "dist_m": 6.97,
        "name": "Service",
        "highway": "service",
        "oneway": true
      },
      "geometry": {
        "type": "LineString",
        "coordinates": [
          [
            78.3799174,
            17.4430705
          ],
          [
            78.3798535,
            17.4430846
          ]
        ]
      }
    },
    {
      "type": "Feature",
      "properties": {
        "from": "11125033681",
        "to": 11125033680,
        "dist_m": 8.79,
        "name": "Service",
        "highway": "service",
        "oneway": true
      },
      "geometry": {
        "type": "LineString",
        "coordinates": [
          [
            78.3797244,
            17.4427119
          ],
          [
            78.3798072,
            17.4427108
          ]
        ]
      }
    },
    {
      "type": "Feature",
      "properties": {
        "from": "11125033681",
        "to": 13951895994,
        "dist_m": 27.09,
        "name": "Service",
        "highway": "service",
        "oneway": false
      },
      "geometry": {
        "type": "LineString",
        "coordinates": [
          [
            78.3797244,
            17.4427119
          ],
          [
            78.3797412,
            17.4429547
          ]
        ]
      }
    },
    {
      "type": "Feature",
      "properties": {
        "from": "11125033680",
        "to": 11125033678,
        "dist_m": 10.92,
        "name": "Service",
        "highway": "service",
        "oneway": true
      },
      "geometry": {
        "type": "LineString",
        "coordinates": [
          [
            78.3798072,
            17.4427108
          ],
          [
            78.3799099,
            17.4427065
          ]
        ]
      }
    },
    {
      "type": "Feature",
      "properties": {
        "from": "11478605730",
        "to": 11478605727,
        "dist_m": 6.41,
        "name": "Service",
        "highway": "service",
        "oneway": false
      },
      "geometry": {
        "type": "LineString",
        "coordinates": [
          [
            78.374191,
            17.4438797
          ],
          [
            78.3742021,
            17.4439363
          ]
        ]
      }
    },
    {
      "type": "Feature",
      "properties": {
        "from": "11478605730",
        "to": 11478605729,
        "dist_m": 6.41,
        "name": "Service",
        "highway": "service",
        "oneway": false
      },
      "geometry": {
        "type": "LineString",
        "coordinates": [
          [
            78.374191,
            17.4438797
          ],
          [
            78.3741799,
            17.4438231
          ]
        ]
      }
    },
    {
      "type": "Feature",
      "properties": {
        "from": "11478605729",
        "to": 11478605730,
        "dist_m": 6.41,
        "name": "Service",
        "highway": "service",
        "oneway": false
      },
      "geometry": {
        "type": "LineString",
        "coordinates": [
          [
            78.3741799,
            17.4438231
          ],
          [
            78.374191,
            17.4438797
          ]
        ]
      }
    },
    {
      "type": "Feature",
      "properties": {
        "from": "11478605729",
        "to": 11478605720,
        "dist_m": 2.49,
        "name": "Service",
        "highway": "service",
        "oneway": false
      },
      "geometry": {
        "type": "LineString",
        "coordinates": [
          [
            78.3741799,
            17.4438231
          ],
          [
            78.3741683,
            17.4438037
          ]
        ]
      }
    },
    {
      "type": "Feature",
      "properties": {
        "from": "11478605720",
        "to": 11478605729,
        "dist_m": 2.49,
        "name": "Service",
        "highway": "service",
        "oneway": false
      },
      "geometry": {
        "type": "LineString",
        "coordinates": [
          [
            78.3741683,
            17.4438037
          ],
          [
            78.3741799,
            17.4438231
          ]
        ]
      }
    },
    {
      "type": "Feature",
      "properties": {
        "from": "11478605720",
        "to": 11478605728,
        "dist_m": 2.75,
        "name": "Service",
        "highway": "service",
        "oneway": false
      },
      "geometry": {
        "type": "LineString",
        "coordinates": [
          [
            78.3741683,
            17.4438037
          ],
          [
            78.3741425,
            17.4438017
          ]
        ]
      }
    },
    {
      "type": "Feature",
      "properties": {
        "from": "11478605728",
        "to": 11478605720,
        "dist_m": 2.75,
        "name": "Service",
        "highway": "service",
        "oneway": false
      },
      "geometry": {
        "type": "LineString",
        "coordinates": [
          [
            78.3741425,
            17.4438017
          ],
          [
            78.3741683,
            17.4438037
          ]
        ]
      }
    },
    {
      "type": "Feature",
      "properties": {
        "from": "11478605728",
        "to": 11158164577,
        "dist_m": 45.64,
        "name": "Service",
        "highway": "service",
        "oneway": false
      },
      "geometry": {
        "type": "LineString",
        "coordinates": [
          [
            78.3741425,
            17.4438017
          ],
          [
            78.3737239,
            17.4438946
          ]
        ]
      }
    },
    {
      "type": "Feature",
      "properties": {
        "from": "11158164577",
        "to": 11478605728,
        "dist_m": 45.64,
        "name": "Service",
        "highway": "service",
        "oneway": false
      },
      "geometry": {
        "type": "LineString",
        "coordinates": [
          [
            78.3737239,
            17.4438946
          ],
          [
            78.3741425,
            17.4438017
          ]
        ]
      }
    },
    {
      "type": "Feature",
      "properties": {
        "from": "11158164577",
        "to": 11158164578,
        "dist_m": 3.72,
        "name": "Service",
        "highway": "service",
        "oneway": false
      },
      "geometry": {
        "type": "LineString",
        "coordinates": [
          [
            78.3737239,
            17.4438946
          ],
          [
            78.3736991,
            17.443871
          ]
        ]
      }
    },
    {
      "type": "Feature",
      "properties": {
        "from": "11158164578",
        "to": 11158164577,
        "dist_m": 3.72,
        "name": "Service",
        "highway": "service",
        "oneway": false
      },
      "geometry": {
        "type": "LineString",
        "coordinates": [
          [
            78.3736991,
            17.443871
          ],
          [
            78.3737239,
            17.4438946
          ]
        ]
      }
    },
    {
      "type": "Feature",
      "properties": {
        "from": "11158164578",
        "to": 7676315621,
        "dist_m": 59.72,
        "name": "Service",
        "highway": "service",
        "oneway": false
      },
      "geometry": {
        "type": "LineString",
        "coordinates": [
          [
            78.3736991,
            17.443871
          ],
          [
            78.3737346,
            17.4433356
          ]
        ]
      }
    },
    {
      "type": "Feature",
      "properties": {
        "from": "7676315621",
        "to": 11158164578,
        "dist_m": 59.72,
        "name": "Service",
        "highway": "service",
        "oneway": false
      },
      "geometry": {
        "type": "LineString",
        "coordinates": [
          [
            78.3737346,
            17.4433356
          ],
          [
            78.3736991,
            17.443871
          ]
        ]
      }
    },
    {
      "type": "Feature",
      "properties": {
        "from": "7676315621",
        "to": 6887537076,
        "dist_m": 19.18,
        "name": "Service",
        "highway": "service",
        "oneway": true
      },
      "geometry": {
        "type": "LineString",
        "coordinates": [
          [
            78.3737346,
            17.4433356
          ],
          [
            78.3737585,
            17.4431648
          ]
        ]
      }
    },
    {
      "type": "Feature",
      "properties": {
        "from": "11187324950",
        "to": 11187324949,
        "dist_m": 27.97,
        "name": "Service",
        "highway": "service",
        "oneway": false
      },
      "geometry": {
        "type": "LineString",
        "coordinates": [
          [
            78.3742464,
            17.4477038
          ],
          [
            78.374002,
            17.4477974
          ]
        ]
      }
    },
    {
      "type": "Feature",
      "properties": {
        "from": "11187324950",
        "to": 11187324951,
        "dist_m": 14.27,
        "name": "Service",
        "highway": "service",
        "oneway": false
      },
      "geometry": {
        "type": "LineString",
        "coordinates": [
          [
            78.3742464,
            17.4477038
          ],
          [
            78.3743771,
            17.4477334
          ]
        ]
      }
    },
    {
      "type": "Feature",
      "properties": {
        "from": "12364587415",
        "to": 6152272651,
        "dist_m": 9.12,
        "name": "HITEC City Road",
        "highway": "primary",
        "oneway": true
      },
      "geometry": {
        "type": "LineString",
        "coordinates": [
          [
            78.3772043,
            17.4435079
          ],
          [
            78.3772066,
            17.443426
          ]
        ]
      }
    },
    {
      "type": "Feature",
      "properties": {
        "from": "6152272651",
        "to": 12401044803,
        "dist_m": 0.96,
        "name": "HITEC City Road",
        "highway": "primary",
        "oneway": true
      },
      "geometry": {
        "type": "LineString",
        "coordinates": [
          [
            78.3772066,
            17.443426
          ],
          [
            78.3772068,
            17.4434174
          ]
        ]
      }
    },
    {
      "type": "Feature",
      "properties": {
        "from": "12401044803",
        "to": 12343835241,
        "dist_m": 6.28,
        "name": "HITEC City Road",
        "highway": "primary",
        "oneway": true
      },
      "geometry": {
        "type": "LineString",
        "coordinates": [
          [
            78.3772068,
            17.4434174
          ],
          [
            78.3772081,
            17.443361
          ]
        ]
      }
    },
    {
      "type": "Feature",
      "properties": {
        "from": "3163973600",
        "to": 6152272656,
        "dist_m": 29.43,
        "name": "HITEC City Road",
        "highway": "primary",
        "oneway": true
      },
      "geometry": {
        "type": "LineString",
        "coordinates": [
          [
            78.3771071,
            17.4435139
          ],
          [
            78.37709,
            17.4437778
          ]
        ]
      }
    },
    {
      "type": "Feature",
      "properties": {
        "from": "6152272656",
        "to": 12872441627,
        "dist_m": 1.24,
        "name": "HITEC City Road",
        "highway": "primary",
        "oneway": true
      },
      "geometry": {
        "type": "LineString",
        "coordinates": [
          [
            78.37709,
            17.4437778
          ],
          [
            78.3770902,
            17.4437889
          ]
        ]
      }
    },
    {
      "type": "Feature",
      "properties": {
        "from": "12872441627",
        "to": 11478583124,
        "dist_m": 45.84,
        "name": "HITEC City Road",
        "highway": "primary",
        "oneway": true
      },
      "geometry": {
        "type": "LineString",
        "coordinates": [
          [
            78.3770902,
            17.4437889
          ],
          [
            78.3770986,
            17.4442006
          ]
        ]
      }
    },
    {
      "type": "Feature",
      "properties": {
        "from": "12872441627",
        "to": 11478583118,
        "dist_m": 15.68,
        "name": "Service",
        "highway": "service",
        "oneway": true
      },
      "geometry": {
        "type": "LineString",
        "coordinates": [
          [
            78.3770902,
            17.4437889
          ],
          [
            78.3769426,
            17.4437916
          ]
        ]
      }
    },
    {
      "type": "Feature",
      "properties": {
        "from": "11478583124",
        "to": 11037733489,
        "dist_m": 3.49,
        "name": "HITEC City Road",
        "highway": "primary",
        "oneway": true
      },
      "geometry": {
        "type": "LineString",
        "coordinates": [
          [
            78.3770986,
            17.4442006
          ],
          [
            78.3770979,
            17.4442319
          ]
        ]
      }
    },
    {
      "type": "Feature",
      "properties": {
        "from": "11037733489",
        "to": 324836110,
        "dist_m": 10.11,
        "name": "HITEC City Road",
        "highway": "primary",
        "oneway": true
      },
      "geometry": {
        "type": "LineString",
        "coordinates": [
          [
            78.3770979,
            17.4442319
          ],
          [
            78.3770984,
            17.4443227
          ]
        ]
      }
    },
    {
      "type": "Feature",
      "properties": {
        "from": "11037733490",
        "to": 13363130892,
        "dist_m": 8.93,
        "name": "HITEC City Road",
        "highway": "primary",
        "oneway": true
      },
      "geometry": {
        "type": "LineString",
        "coordinates": [
          [
            78.3771024,
            17.4444173
          ],
          [
            78.3771114,
            17.4444971
          ]
        ]
      }
    },
    {
      "type": "Feature",
      "properties": {
        "from": "3163973604",
        "to": 3163973603,
        "dist_m": 19.1,
        "name": "HITEC City Road",
        "highway": "primary",
        "oneway": true
      },
      "geometry": {
        "type": "LineString",
        "coordinates": [
          [
            78.3771209,
            17.4445818
          ],
          [
            78.377147,
            17.4447516
          ]
        ]
      }
    },
    {
      "type": "Feature",
      "properties": {
        "from": "3163973603",
        "to": 324836111,
        "dist_m": 56.99,
        "name": "HITEC City Road",
        "highway": "primary",
        "oneway": true
      },
      "geometry": {
        "type": "LineString",
        "coordinates": [
          [
            78.377147,
            17.4447516
          ],
          [
            78.3772323,
            17.445257
          ]
        ]
      }
    },
    {
      "type": "Feature",
      "properties": {
        "from": "324836111",
        "to": 324836112,
        "dist_m": 65.67,
        "name": "HITEC City Road",
        "highway": "primary",
        "oneway": true
      },
      "geometry": {
        "type": "LineString",
        "coordinates": [
          [
            78.3772323,
            17.445257
          ],
          [
            78.3773137,
            17.4458418
          ]
        ]
      }
    },
    {
      "type": "Feature",
      "properties": {
        "from": "324836113",
        "to": 5901622625,
        "dist_m": 56.44,
        "name": "HITEC City Road",
        "highway": "primary",
        "oneway": true
      },
      "geometry": {
        "type": "LineString",
        "coordinates": [
          [
            78.3774732,
            17.4463991
          ],
          [
            78.3777328,
            17.4468415
          ]
        ]
      }
    },
    {
      "type": "Feature",
      "properties": {
        "from": "324836114",
        "to": 6536581993,
        "dist_m": 26.79,
        "name": "HITEC City Road",
        "highway": "primary",
        "oneway": true
      },
      "geometry": {
        "type": "LineString",
        "coordinates": [
          [
            78.3778204,
            17.4469855
          ],
          [
            78.377944,
            17.4471953
          ]
        ]
      }
    },
    {
      "type": "Feature",
      "properties": {
        "from": "6536581993",
        "to": 11037733499,
        "dist_m": 22.71,
        "name": "HITEC City Road",
        "highway": "primary",
        "oneway": true
      },
      "geometry": {
        "type": "LineString",
        "coordinates": [
          [
            78.377944,
            17.4471953
          ],
          [
            78.3780512,
            17.4473718
          ]
        ]
      }
    },
    {
      "type": "Feature",
      "properties": {
        "from": "11037733499",
        "to": 324836115,
        "dist_m": 19.93,
        "name": "HITEC City Road",
        "highway": "primary",
        "oneway": true
      },
      "geometry": {
        "type": "LineString",
        "coordinates": [
          [
            78.3780512,
            17.4473718
          ],
          [
            78.3781487,
            17.4475248
          ]
        ]
      }
    },
    {
      "type": "Feature",
      "properties": {
        "from": "324836115",
        "to": 11037699635,
        "dist_m": 16.23,
        "name": "HITEC City Road",
        "highway": "primary",
        "oneway": true
      },
      "geometry": {
        "type": "LineString",
        "coordinates": [
          [
            78.3781487,
            17.4475248
          ],
          [
            78.3782333,
            17.4476462
          ]
        ]
      }
    },
    {
      "type": "Feature",
      "properties": {
        "from": "3163973601",
        "to": 1041967154,
        "dist_m": 31.46,
        "name": "HITEC City Road",
        "highway": "primary",
        "oneway": true
      },
      "geometry": {
        "type": "LineString",
        "coordinates": [
          [
            78.3771179,
            17.4431393
          ],
          [
            78.3771096,
            17.4434218
          ]
        ]
      }
    },
    {
      "type": "Feature",
      "properties": {
        "from": "11217150831",
        "to": 11217150830,
        "dist_m": 29.3,
        "name": "Residential",
        "highway": "residential",
        "oneway": false
      },
      "geometry": {
        "type": "LineString",
        "coordinates": [
          [
            78.3753777,
            17.4424321
          ],
          [
            78.3753777,
            17.4421689
          ]
        ]
      }
    },
    {
      "type": "Feature",
      "properties": {
        "from": "11478541474",
        "to": 11478541477,
        "dist_m": 9.02,
        "name": "Service",
        "highway": "service",
        "oneway": true
      },
      "geometry": {
        "type": "LineString",
        "coordinates": [
          [
            78.3764318,
            17.4433762
          ],
          [
            78.3764381,
            17.443457
          ]
        ]
      }
    },
    {
      "type": "Feature",
      "properties": {
        "from": "11478541474",
        "to": 6536460063,
        "dist_m": 2.95,
        "name": "Service",
        "highway": "service",
        "oneway": false
      },
      "geometry": {
        "type": "LineString",
        "coordinates": [
          [
            78.3764318,
            17.4433762
          ],
          [
            78.3764595,
            17.4433747
          ]
        ]
      }
    },
    {
      "type": "Feature",
      "properties": {
        "from": "11478541477",
        "to": 11478541475,
        "dist_m": 9.02,
        "name": "Service",
        "highway": "service",
        "oneway": true
      },
      "geometry": {
        "type": "LineString",
        "coordinates": [
          [
            78.3764381,
            17.443457
          ],
          [
            78.3764444,
            17.4435378
          ]
        ]
      }
    },
    {
      "type": "Feature",
      "properties": {
        "from": "6536460063",
        "to": 11478541474,
        "dist_m": 2.95,
        "name": "Service",
        "highway": "service",
        "oneway": false
      },
      "geometry": {
        "type": "LineString",
        "coordinates": [
          [
            78.3764595,
            17.4433747
          ],
          [
            78.3764318,
            17.4433762
          ]
        ]
      }
    },
    {
      "type": "Feature",
      "properties": {
        "from": "6536460063",
        "to": 6536460075,
        "dist_m": 32.03,
        "name": "Service",
        "highway": "service",
        "oneway": false
      },
      "geometry": {
        "type": "LineString",
        "coordinates": [
          [
            78.3764595,
            17.4433747
          ],
          [
            78.3767572,
            17.4433286
          ]
        ]
      }
    },
    {
      "type": "Feature",
      "properties": {
        "from": "11478541476",
        "to": 6536460075,
        "dist_m": 8.15,
        "name": "Service",
        "highway": "service",
        "oneway": true
      },
      "geometry": {
        "type": "LineString",
        "coordinates": [
          [
            78.3767629,
            17.4434016
          ],
          [
            78.3767572,
            17.4433286
          ]
        ]
      }
    },
    {
      "type": "Feature",
      "properties": {
        "from": "7676315618",
        "to": 6887537074,
        "dist_m": 8.31,
        "name": "Service",
        "highway": "service",
        "oneway": true
      },
      "geometry": {
        "type": "LineString",
        "coordinates": [
          [
            78.374278,
            17.4437562
          ],
          [
            78.3742583,
            17.443684
          ]
        ]
      }
    },
    {
      "type": "Feature",
      "properties": {
        "from": "7676315618",
        "to": 7676315617,
        "dist_m": 11.64,
        "name": "Service",
        "highway": "service",
        "oneway": false
      },
      "geometry": {
        "type": "LineString",
        "coordinates": [
          [
            78.374278,
            17.4437562
          ],
          [
            78.3743865,
            17.4437412
          ]
        ]
      }
    },
    {
      "type": "Feature",
      "properties": {
        "from": "6887537074",
        "to": 7676315619,
        "dist_m": 47.02,
        "name": "Service",
        "highway": "service",
        "oneway": true
      },
      "geometry": {
        "type": "LineString",
        "coordinates": [
          [
            78.3742583,
            17.443684
          ],
          [
            78.3741788,
            17.4432685
          ]
        ]
      }
    },
    {
      "type": "Feature",
      "properties": {
        "from": "7676315619",
        "to": 7676315620,
        "dist_m": 3.97,
        "name": "Service",
        "highway": "service",
        "oneway": true
      },
      "geometry": {
        "type": "LineString",
        "coordinates": [
          [
            78.3741788,
            17.4432685
          ],
          [
            78.3741425,
            17.4432599
          ]
        ]
      }
    },
    {
      "type": "Feature",
      "properties": {
        "from": "7676315620",
        "to": 6887537075,
        "dist_m": 12.12,
        "name": "Service",
        "highway": "service",
        "oneway": true
      },
      "geometry": {
        "type": "LineString",
        "coordinates": [
          [
            78.3741425,
            17.4432599
          ],
          [
            78.3740294,
            17.4432747
          ]
        ]
      }
    },
    {
      "type": "Feature",
      "properties": {
        "from": "6887537075",
        "to": 7676315621,
        "dist_m": 32.03,
        "name": "Service",
        "highway": "service",
        "oneway": true
      },
      "geometry": {
        "type": "LineString",
        "coordinates": [
          [
            78.3740294,
            17.4432747
          ],
          [
            78.3737346,
            17.4433356
          ]
        ]
      }
    },
    {
      "type": "Feature",
      "properties": {
        "from": "7676315617",
        "to": 4206976941,
        "dist_m": 40.74,
        "name": "Service",
        "highway": "service",
        "oneway": false
      },
      "geometry": {
        "type": "LineString",
        "coordinates": [
          [
            78.3743865,
            17.4437412
          ],
          [
            78.3747621,
            17.4436666
          ]
        ]
      }
    },
    {
      "type": "Feature",
      "properties": {
        "from": "7676315617",
        "to": 7676315618,
        "dist_m": 11.64,
        "name": "Service",
        "highway": "service",
        "oneway": false
      },
      "geometry": {
        "type": "LineString",
        "coordinates": [
          [
            78.3743865,
            17.4437412
          ],
          [
            78.374278,
            17.4437562
          ]
        ]
      }
    },
    {
      "type": "Feature",
      "properties": {
        "from": "11478583118",
        "to": 11478583119,
        "dist_m": 2.68,
        "name": "Service",
        "highway": "service",
        "oneway": true
      },
      "geometry": {
        "type": "LineString",
        "coordinates": [
          [
            78.3769426,
            17.4437916
          ],
          [
            78.3769214,
            17.4438046
          ]
        ]
      }
    },
    {
      "type": "Feature",
      "properties": {
        "from": "11478583119",
        "to": 11478583120,
        "dist_m": 3.89,
        "name": "Service",
        "highway": "service",
        "oneway": true
      },
      "geometry": {
        "type": "LineString",
        "coordinates": [
          [
            78.3769214,
            17.4438046
          ],
          [
            78.3769073,
            17.4438369
          ]
        ]
      }
    },
    {
      "type": "Feature",
      "properties": {
        "from": "11478583119",
        "to": 13299303263,
        "dist_m": 7.24,
        "name": "Service",
        "highway": "service",
        "oneway": true
      },
      "geometry": {
        "type": "LineString",
        "coordinates": [
          [
            78.3769214,
            17.4438046
          ],
          [
            78.3768666,
            17.4437659
          ]
        ]
      }
    },
    {
      "type": "Feature",
      "properties": {
        "from": "11478583120",
        "to": 11478583121,
        "dist_m": 33.33,
        "name": "Service",
        "highway": "service",
        "oneway": true
      },
      "geometry": {
        "type": "LineString",
        "coordinates": [
          [
            78.3769073,
            17.4438369
          ],
          [
            78.3769327,
            17.4441353
          ]
        ]
      }
    },
    {
      "type": "Feature",
      "properties": {
        "from": "11478583121",
        "to": 11478583122,
        "dist_m": 3.14,
        "name": "Service",
        "highway": "service",
        "oneway": true
      },
      "geometry": {
        "type": "LineString",
        "coordinates": [
          [
            78.3769327,
            17.4441353
          ],
          [
            78.3769416,
            17.4441622
          ]
        ]
      }
    },
    {
      "type": "Feature",
      "properties": {
        "from": "11478583122",
        "to": 11478583123,
        "dist_m": 3.31,
        "name": "Service",
        "highway": "service",
        "oneway": true
      },
      "geometry": {
        "type": "LineString",
        "coordinates": [
          [
            78.3769416,
            17.4441622
          ],
          [
            78.3769647,
            17.4441821
          ]
        ]
      }
    },
    {
      "type": "Feature",
      "properties": {
        "from": "11478583123",
        "to": 11478583124,
        "dist_m": 14.37,
        "name": "Service",
        "highway": "service",
        "oneway": true
      },
      "geometry": {
        "type": "LineString",
        "coordinates": [
          [
            78.3769647,
            17.4441821
          ],
          [
            78.3770986,
            17.4442006
          ]
        ]
      }
    },
    {
      "type": "Feature",
      "properties": {
        "from": "13308148617",
        "to": 11478623708,
        "dist_m": 13.21,
        "name": "Service",
        "highway": "service",
        "oneway": false
      },
      "geometry": {
        "type": "LineString",
        "coordinates": [
          [
            78.3774646,
            17.4453465
          ],
          [
            78.3773405,
            17.445354
          ]
        ]
      }
    },
    {
      "type": "Feature",
      "properties": {
        "from": "11478623725",
        "to": 11478623724,
        "dist_m": 26.91,
        "name": "Service",
        "highway": "service",
        "oneway": false
      },
      "geometry": {
        "type": "LineString",
        "coordinates": [
          [
            78.3775304,
            17.4453453
          ],
          [
            78.3775251,
            17.4451036
          ]
        ]
      }
    },
    {
      "type": "Feature",
      "properties": {
        "from": "11478623720",
        "to": 11478623721,
        "dist_m": 2.32,
        "name": "Service",
        "highway": "service",
        "oneway": false
      },
      "geometry": {
        "type": "LineString",
        "coordinates": [
          [
            78.3775794,
            17.4450512
          ],
          [
            78.3775576,
            17.4450527
          ]
        ]
      }
    },
    {
      "type": "Feature",
      "properties": {
        "from": "11478623721",
        "to": 11478623720,
        "dist_m": 2.32,
        "name": "Service",
        "highway": "service",
        "oneway": false
      },
      "geometry": {
        "type": "LineString",
        "coordinates": [
          [
            78.3775576,
            17.4450527
          ],
          [
            78.3775794,
            17.4450512
          ]
        ]
      }
    },
    {
      "type": "Feature",
      "properties": {
        "from": "11478623721",
        "to": 11478623722,
        "dist_m": 2.3,
        "name": "Service",
        "highway": "service",
        "oneway": false
      },
      "geometry": {
        "type": "LineString",
        "coordinates": [
          [
            78.3775576,
            17.4450527
          ],
          [
            78.3775364,
            17.4450569
          ]
        ]
      }
    },
    {
      "type": "Feature",
      "properties": {
        "from": "11478623722",
        "to": 11478623721,
        "dist_m": 2.3,
        "name": "Service",
        "highway": "service",
        "oneway": false
      },
      "geometry": {
        "type": "LineString",
        "coordinates": [
          [
            78.3775364,
            17.4450569
          ],
          [
            78.3775576,
            17.4450527
          ]
        ]
      }
    },
    {
      "type": "Feature",
      "properties": {
        "from": "11478623722",
        "to": 11478623723,
        "dist_m": 1.86,
        "name": "Service",
        "highway": "service",
        "oneway": false
      },
      "geometry": {
        "type": "LineString",
        "coordinates": [
          [
            78.3775364,
            17.4450569
          ],
          [
            78.3775268,
            17.4450709
          ]
        ]
      }
    },
    {
      "type": "Feature",
      "properties": {
        "from": "11478623723",
        "to": 11478623722,
        "dist_m": 1.86,
        "name": "Service",
        "highway": "service",
        "oneway": false
      },
      "geometry": {
        "type": "LineString",
        "coordinates": [
          [
            78.3775268,
            17.4450709
          ],
          [
            78.3775364,
            17.4450569
          ]
        ]
      }
    },
    {
      "type": "Feature",
      "properties": {
        "from": "11478623723",
        "to": 11478623724,
        "dist_m": 3.64,
        "name": "Service",
        "highway": "service",
        "oneway": false
      },
      "geometry": {
        "type": "LineString",
        "coordinates": [
          [
            78.3775268,
            17.4450709
          ],
          [
            78.3775251,
            17.4451036
          ]
        ]
      }
    },
    {
      "type": "Feature",
      "properties": {
        "from": "11478623724",
        "to": 11478623723,
        "dist_m": 3.64,
        "name": "Service",
        "highway": "service",
        "oneway": false
      },
      "geometry": {
        "type": "LineString",
        "coordinates": [
          [
            78.3775251,
            17.4451036
          ],
          [
            78.3775268,
            17.4450709
          ]
        ]
      }
    },
    {
      "type": "Feature",
      "properties": {
        "from": "11478623724",
        "to": 11478623725,
        "dist_m": 26.91,
        "name": "Service",
        "highway": "service",
        "oneway": false
      },
      "geometry": {
        "type": "LineString",
        "coordinates": [
          [
            78.3775251,
            17.4451036
          ],
          [
            78.3775304,
            17.4453453
          ]
        ]
      }
    },
    {
      "type": "Feature",
      "properties": {
        "from": "3191131078",
        "to": 12384250517,
        "dist_m": 37.29,
        "name": "HITEC City\u2013Madhapur Road",
        "highway": "secondary",
        "oneway": true
      },
      "geometry": {
        "type": "LineString",
        "coordinates": [
          [
            78.3744957,
            17.4476562
          ],
          [
            78.374573,
            17.4473294
          ]
        ]
      }
    },
    {
      "type": "Feature",
      "properties": {
        "from": "12384250517",
        "to": 3191131077,
        "dist_m": 14.99,
        "name": "HITEC City\u2013Madhapur Road",
        "highway": "secondary",
        "oneway": true
      },
      "geometry": {
        "type": "LineString",
        "coordinates": [
          [
            78.374573,
            17.4473294
          ],
          [
            78.3745983,
            17.4471969
          ]
        ]
      }
    },
    {
      "type": "Feature",
      "properties": {
        "from": "3191131077",
        "to": 3191131076,
        "dist_m": 27.91,
        "name": "HITEC City\u2013Madhapur Road",
        "highway": "secondary",
        "oneway": true
      },
      "geometry": {
        "type": "LineString",
        "coordinates": [
          [
            78.3745983,
            17.4471969
          ],
          [
            78.3746206,
            17.4469471
          ]
        ]
      }
    },
    {
      "type": "Feature",
      "properties": {
        "from": "3191131076",
        "to": 3191163093,
        "dist_m": 38.14,
        "name": "HITEC City\u2013Madhapur Road",
        "highway": "secondary",
        "oneway": true
      },
      "geometry": {
        "type": "LineString",
        "coordinates": [
          [
            78.3746206,
            17.4469471
          ],
          [
            78.3746307,
            17.4466046
          ]
        ]
      }
    },
    {
      "type": "Feature",
      "properties": {
        "from": "3191131073",
        "to": 3191131072,
        "dist_m": 43.65,
        "name": "HITEC City\u2013Madhapur Road",
        "highway": "secondary",
        "oneway": true
      },
      "geometry": {
        "type": "LineString",
        "coordinates": [
          [
            78.3746888,
            17.4460775
          ],
          [
            78.374914,
            17.4457495
          ]
        ]
      }
    },
    {
      "type": "Feature",
      "properties": {
        "from": "3191131069",
        "to": 10727165471,
        "dist_m": 68.08,
        "name": "HITEC City\u2013Madhapur Road",
        "highway": "secondary",
        "oneway": true
      },
      "geometry": {
        "type": "LineString",
        "coordinates": [
          [
            78.3749887,
            17.4453743
          ],
          [
            78.3748458,
            17.4447781
          ]
        ]
      }
    },
    {
      "type": "Feature",
      "properties": {
        "from": "10727165471",
        "to": 12642928915,
        "dist_m": 70.0,
        "name": "HITEC City\u2013Madhapur Road",
        "highway": "secondary",
        "oneway": true
      },
      "geometry": {
        "type": "LineString",
        "coordinates": [
          [
            78.3748458,
            17.4447781
          ],
          [
            78.374724,
            17.4441601
          ]
        ]
      }
    },
    {
      "type": "Feature",
      "properties": {
        "from": "11891317198",
        "to": 11891317196,
        "dist_m": 5.38,
        "name": "Service",
        "highway": "service",
        "oneway": true
      },
      "geometry": {
        "type": "LineString",
        "coordinates": [
          [
            78.376684,
            17.4475549
          ],
          [
            78.3766703,
            17.4475084
          ]
        ]
      }
    },
    {
      "type": "Feature",
      "properties": {
        "from": "11891317198",
        "to": 13344506524,
        "dist_m": 4.61,
        "name": "Service",
        "highway": "service",
        "oneway": false
      },
      "geometry": {
        "type": "LineString",
        "coordinates": [
          [
            78.376684,
            17.4475549
          ],
          [
            78.3766423,
            17.4475663
          ]
        ]
      }
    },
    {
      "type": "Feature",
      "properties": {
        "from": "11891317196",
        "to": 11891317197,
        "dist_m": 19.36,
        "name": "Service",
        "highway": "service",
        "oneway": true
      },
      "geometry": {
        "type": "LineString",
        "coordinates": [
          [
            78.3766703,
            17.4475084
          ],
          [
            78.3766194,
            17.4473414
          ]
        ]
      }
    },
    {
      "type": "Feature",
      "properties": {
        "from": "13344506524",
        "to": 7676158381,
        "dist_m": 4.62,
        "name": "Service",
        "highway": "service",
        "oneway": false
      },
      "geometry": {
        "type": "LineString",
        "coordinates": [
          [
            78.3766423,
            17.4475663
          ],
          [
            78.3766005,
            17.4475777
          ]
        ]
      }
    },
    {
      "type": "Feature",
      "properties": {
        "from": "13344506524",
        "to": 11891317198,
        "dist_m": 4.61,
        "name": "Service",
        "highway": "service",
        "oneway": false
      },
      "geometry": {
        "type": "LineString",
        "coordinates": [
          [
            78.3766423,
            17.4475663
          ],
          [
            78.376684,
            17.4475549
          ]
        ]
      }
    },
    {
      "type": "Feature",
      "properties": {
        "from": "11891317200",
        "to": 11891317201,
        "dist_m": 41.46,
        "name": "Service",
        "highway": "service",
        "oneway": false
      },
      "geometry": {
        "type": "LineString",
        "coordinates": [
          [
            78.3765302,
            17.448487
          ],
          [
            78.3769065,
            17.4483878
          ]
        ]
      }
    },
    {
      "type": "Feature",
      "properties": {
        "from": "11891317203",
        "to": 11891317202,
        "dist_m": 16.73,
        "name": "Service",
        "highway": "service",
        "oneway": false
      },
      "geometry": {
        "type": "LineString",
        "coordinates": [
          [
            78.3764399,
            17.4482876
          ],
          [
            78.3762886,
            17.4483295
          ]
        ]
      }
    },
    {
      "type": "Feature",
      "properties": {
        "from": "13805555749",
        "to": 11980860809,
        "dist_m": 81.42,
        "name": "Service",
        "highway": "service",
        "oneway": true
      },
      "geometry": {
        "type": "LineString",
        "coordinates": [
          [
            78.3759503,
            17.4477335
          ],
          [
            78.3761876,
            17.448429
          ]
        ]
      }
    },
    {
      "type": "Feature",
      "properties": {
        "from": "11980860809",
        "to": 11980860807,
        "dist_m": 49.84,
        "name": "Service",
        "highway": "service",
        "oneway": true
      },
      "geometry": {
        "type": "LineString",
        "coordinates": [
          [
            78.3761876,
            17.448429
          ],
          [
            78.3757419,
            17.4485691
          ]
        ]
      }
    },
    {
      "type": "Feature",
      "properties": {
        "from": "11980860809",
        "to": 13805555744,
        "dist_m": 19.04,
        "name": "Service",
        "highway": "service",
        "oneway": false
      },
      "geometry": {
        "type": "LineString",
        "coordinates": [
          [
            78.3761876,
            17.448429
          ],
          [
            78.3762388,
            17.4485929
          ]
        ]
      }
    },
    {
      "type": "Feature",
      "properties": {
        "from": "12343835241",
        "to": 11037699532,
        "dist_m": 52.52,
        "name": "HITEC City Road",
        "highway": "primary",
        "oneway": true
      },
      "geometry": {
        "type": "LineString",
        "coordinates": [
          [
            78.3772081,
            17.443361
          ],
          [
            78.3772187,
            17.4428893
          ]
        ]
      }
    },
    {
      "type": "Feature",
      "properties": {
        "from": "11037699532",
        "to": 12850652242,
        "dist_m": 99.45,
        "name": "HITEC City Road",
        "highway": "primary",
        "oneway": true
      },
      "geometry": {
        "type": "LineString",
        "coordinates": [
          [
            78.3772187,
            17.4428893
          ],
          [
            78.3772384,
            17.4419961
          ]
        ]
      }
    },
    {
      "type": "Feature",
      "properties": {
        "from": "11478583117",
        "to": 6152272657,
        "dist_m": 4.13,
        "name": "Primary_link",
        "highway": "primary_link",
        "oneway": true
      },
      "geometry": {
        "type": "LineString",
        "coordinates": [
          [
            78.376996,
            17.4436773
          ],
          [
            78.377023,
            17.443704
          ]
        ]
      }
    },
    {
      "type": "Feature",
      "properties": {
        "from": "6152272657",
        "to": 6152272656,
        "dist_m": 10.87,
        "name": "Primary_link",
        "highway": "primary_link",
        "oneway": true
      },
      "geometry": {
        "type": "LineString",
        "coordinates": [
          [
            78.377023,
            17.443704
          ],
          [
            78.37709,
            17.4437778
          ]
        ]
      }
    },
    {
      "type": "Feature",
      "properties": {
        "from": "7043902772",
        "to": 12642928914,
        "dist_m": 12.95,
        "name": "Secondary",
        "highway": "secondary",
        "oneway": true
      },
      "geometry": {
        "type": "LineString",
        "coordinates": [
          [
            78.3748092,
            17.4439312
          ],
          [
            78.3749283,
            17.4439063
          ]
        ]
      }
    },
    {
      "type": "Feature",
      "properties": {
        "from": "12642928915",
        "to": 3191131068,
        "dist_m": 13.81,
        "name": "HITEC City\u2013Madhapur Road",
        "highway": "secondary",
        "oneway": true
      },
      "geometry": {
        "type": "LineString",
        "coordinates": [
          [
            78.374724,
            17.4441601
          ],
          [
            78.3747,
            17.4440382
          ]
        ]
      }
    },
    {
      "type": "Feature",
      "properties": {
        "from": "3191131068",
        "to": 7043902771,
        "dist_m": 3.71,
        "name": "HITEC City\u2013Madhapur Road",
        "highway": "secondary",
        "oneway": true
      },
      "geometry": {
        "type": "LineString",
        "coordinates": [
          [
            78.3747,
            17.4440382
          ],
          [
            78.374706,
            17.4440054
          ]
        ]
      }
    },
    {
      "type": "Feature",
      "properties": {
        "from": "7043902771",
        "to": 3163973597,
        "dist_m": 4.12,
        "name": "HITEC City\u2013Madhapur Road",
        "highway": "secondary",
        "oneway": true
      },
      "geometry": {
        "type": "LineString",
        "coordinates": [
          [
            78.374706,
            17.4440054
          ],
          [
            78.3747195,
            17.4439707
          ]
        ]
      }
    },
    {
      "type": "Feature",
      "properties": {
        "from": "1041967172",
        "to": 12642928916,
        "dist_m": 10.57,
        "name": "HITEC City\u2013Madhapur Road",
        "highway": "secondary",
        "oneway": true
      },
      "geometry": {
        "type": "LineString",
        "coordinates": [
          [
            78.3746015,
            17.444077
          ],
          [
            78.3746211,
            17.4441701
          ]
        ]
      }
    },
    {
      "type": "Feature",
      "properties": {
        "from": "10718148874",
        "to": 314941036,
        "dist_m": 5.34,
        "name": "Residential",
        "highway": "residential",
        "oneway": false
      },
      "geometry": {
        "type": "LineString",
        "coordinates": [
          [
            78.378325,
            17.4475126
          ],
          [
            78.3782769,
            17.4475267
          ]
        ]
      }
    },
    {
      "type": "Feature",
      "properties": {
        "from": "10718148874",
        "to": 3602305847,
        "dist_m": 13.83,
        "name": "Residential",
        "highway": "residential",
        "oneway": false
      },
      "geometry": {
        "type": "LineString",
        "coordinates": [
          [
            78.378325,
            17.4475126
          ],
          [
            78.3784356,
            17.447447
          ]
        ]
      }
    },
    {
      "type": "Feature",
      "properties": {
        "from": "4198555687",
        "to": 3602305847,
        "dist_m": 51.28,
        "name": "Residential",
        "highway": "residential",
        "oneway": false
      },
      "geometry": {
        "type": "LineString",
        "coordinates": [
          [
            78.378185,
            17.4470532
          ],
          [
            78.3784356,
            17.447447
          ]
        ]
      }
    },
    {
      "type": "Feature",
      "properties": {
        "from": "13299303263",
        "to": 13299303275,
        "dist_m": 5.62,
        "name": "Service",
        "highway": "service",
        "oneway": true
      },
      "geometry": {
        "type": "LineString",
        "coordinates": [
          [
            78.3768666,
            17.4437659
          ],
          [
            78.3768146,
            17.4437564
          ]
        ]
      }
    },
    {
      "type": "Feature",
      "properties": {
        "from": "13299303275",
        "to": 13299303264,
        "dist_m": 5.95,
        "name": "Service",
        "highway": "service",
        "oneway": true
      },
      "geometry": {
        "type": "LineString",
        "coordinates": [
          [
            78.3768146,
            17.4437564
          ],
          [
            78.3767586,
            17.4437579
          ]
        ]
      }
    },
    {
      "type": "Feature",
      "properties": {
        "from": "13299303264",
        "to": 13299303265,
        "dist_m": 15.51,
        "name": "Service",
        "highway": "service",
        "oneway": true
      },
      "geometry": {
        "type": "LineString",
        "coordinates": [
          [
            78.3767586,
            17.4437579
          ],
          [
            78.3766164,
            17.4437895
          ]
        ]
      }
    },
    {
      "type": "Feature",
      "properties": {
        "from": "13299303265",
        "to": 13299303266,
        "dist_m": 18.5,
        "name": "Service",
        "highway": "service",
        "oneway": true
      },
      "geometry": {
        "type": "LineString",
        "coordinates": [
          [
            78.3766164,
            17.4437895
          ],
          [
            78.3764477,
            17.443831
          ]
        ]
      }
    },
    {
      "type": "Feature",
      "properties": {
        "from": "13299303266",
        "to": 13299303267,
        "dist_m": 4.08,
        "name": "Service",
        "highway": "service",
        "oneway": true
      },
      "geometry": {
        "type": "LineString",
        "coordinates": [
          [
            78.3764477,
            17.443831
          ],
          [
            78.3764173,
            17.4438534
          ]
        ]
      }
    },
    {
      "type": "Feature",
      "properties": {
        "from": "13299303267",
        "to": 13299303268,
        "dist_m": 3.41,
        "name": "Service",
        "highway": "service",
        "oneway": true
      },
      "geometry": {
        "type": "LineString",
        "coordinates": [
          [
            78.3764173,
            17.4438534
          ],
          [
            78.3764114,
            17.4438835
          ]
        ]
      }
    },
    {
      "type": "Feature",
      "properties": {
        "from": "13299303268",
        "to": 13299303269,
        "dist_m": 40.72,
        "name": "Service",
        "highway": "service",
        "oneway": true
      },
      "geometry": {
        "type": "LineString",
        "coordinates": [
          [
            78.3764114,
            17.4438835
          ],
          [
            78.3764957,
            17.4442403
          ]
        ]
      }
    },
    {
      "type": "Feature",
      "properties": {
        "from": "13299303269",
        "to": 13299303270,
        "dist_m": 3.67,
        "name": "Service",
        "highway": "service",
        "oneway": true
      },
      "geometry": {
        "type": "LineString",
        "coordinates": [
          [
            78.3764957,
            17.4442403
          ],
          [
            78.3765156,
            17.4442673
          ]
        ]
      }
    },
    {
      "type": "Feature",
      "properties": {
        "from": "13299303270",
        "to": 13299303271,
        "dist_m": 4.67,
        "name": "Service",
        "highway": "service",
        "oneway": true
      },
      "geometry": {
        "type": "LineString",
        "coordinates": [
          [
            78.3765156,
            17.4442673
          ],
          [
            78.3765594,
            17.4442711
          ]
        ]
      }
    },
    {
      "type": "Feature",
      "properties": {
        "from": "13299303271",
        "to": 13299303272,
        "dist_m": 8.56,
        "name": "Service",
        "highway": "service",
        "oneway": true
      },
      "geometry": {
        "type": "LineString",
        "coordinates": [
          [
            78.3765594,
            17.4442711
          ],
          [
            78.3766382,
            17.444255
          ]
        ]
      }
    },
    {
      "type": "Feature",
      "properties": {
        "from": "13299303272",
        "to": 13299303273,
        "dist_m": 26.62,
        "name": "Service",
        "highway": "service",
        "oneway": true
      },
      "geometry": {
        "type": "LineString",
        "coordinates": [
          [
            78.3766382,
            17.444255
          ],
          [
            78.3768845,
            17.4442107
          ]
        ]
      }
    },
    {
      "type": "Feature",
      "properties": {
        "from": "13299303273",
        "to": 13299303274,
        "dist_m": 4.55,
        "name": "Service",
        "highway": "service",
        "oneway": true
      },
      "geometry": {
        "type": "LineString",
        "coordinates": [
          [
            78.3768845,
            17.4442107
          ],
          [
            78.3769246,
            17.4441962
          ]
        ]
      }
    },
    {
      "type": "Feature",
      "properties": {
        "from": "13299303274",
        "to": 11478583123,
        "dist_m": 4.54,
        "name": "Service",
        "highway": "service",
        "oneway": true
      },
      "geometry": {
        "type": "LineString",
        "coordinates": [
          [
            78.3769246,
            17.4441962
          ],
          [
            78.3769647,
            17.4441821
          ]
        ]
      }
    },
    {
      "type": "Feature",
      "properties": {
        "from": "1042220747",
        "to": 1323609929,
        "dist_m": 24.76,
        "name": "Unclassified",
        "highway": "unclassified",
        "oneway": false
      },
      "geometry": {
        "type": "LineString",
        "coordinates": [
          [
            78.3799618,
            17.4421936
          ],
          [
            78.3799103,
            17.4424105
          ]
        ]
      }
    },
    {
      "type": "Feature",
      "properties": {
        "from": "1323609929",
        "to": 1042220747,
        "dist_m": 24.76,
        "name": "Unclassified",
        "highway": "unclassified",
        "oneway": false
      },
      "geometry": {
        "type": "LineString",
        "coordinates": [
          [
            78.3799103,
            17.4424105
          ],
          [
            78.3799618,
            17.4421936
          ]
        ]
      }
    },
    {
      "type": "Feature",
      "properties": {
        "from": "1323609929",
        "to": 1042220755,
        "dist_m": 21.69,
        "name": "Unclassified",
        "highway": "unclassified",
        "oneway": false
      },
      "geometry": {
        "type": "LineString",
        "coordinates": [
          [
            78.3799103,
            17.4424105
          ],
          [
            78.3798945,
            17.4426048
          ]
        ]
      }
    },
    {
      "type": "Feature",
      "properties": {
        "from": "1042220755",
        "to": 1323609929,
        "dist_m": 21.69,
        "name": "Unclassified",
        "highway": "unclassified",
        "oneway": false
      },
      "geometry": {
        "type": "LineString",
        "coordinates": [
          [
            78.3798945,
            17.4426048
          ],
          [
            78.3799103,
            17.4424105
          ]
        ]
      }
    },
    {
      "type": "Feature",
      "properties": {
        "from": "1042220755",
        "to": 11125033678,
        "dist_m": 11.44,
        "name": "Unclassified",
        "highway": "unclassified",
        "oneway": false
      },
      "geometry": {
        "type": "LineString",
        "coordinates": [
          [
            78.3798945,
            17.4426048
          ],
          [
            78.3799099,
            17.4427065
          ]
        ]
      }
    },
    {
      "type": "Feature",
      "properties": {
        "from": "11125033678",
        "to": 1042220755,
        "dist_m": 11.44,
        "name": "Unclassified",
        "highway": "unclassified",
        "oneway": false
      },
      "geometry": {
        "type": "LineString",
        "coordinates": [
          [
            78.3799099,
            17.4427065
          ],
          [
            78.3798945,
            17.4426048
          ]
        ]
      }
    },
    {
      "type": "Feature",
      "properties": {
        "from": "11125033678",
        "to": 1042220716,
        "dist_m": 12.11,
        "name": "Unclassified",
        "highway": "unclassified",
        "oneway": false
      },
      "geometry": {
        "type": "LineString",
        "coordinates": [
          [
            78.3799099,
            17.4427065
          ],
          [
            78.3799262,
            17.4428142
          ]
        ]
      }
    },
    {
      "type": "Feature",
      "properties": {
        "from": "1042220716",
        "to": 11125033678,
        "dist_m": 12.11,
        "name": "Unclassified",
        "highway": "unclassified",
        "oneway": false
      },
      "geometry": {
        "type": "LineString",
        "coordinates": [
          [
            78.3799262,
            17.4428142
          ],
          [
            78.3799099,
            17.4427065
          ]
        ]
      }
    },
    {
      "type": "Feature",
      "properties": {
        "from": "1042220716",
        "to": 3602303451,
        "dist_m": 10.34,
        "name": "Unclassified",
        "highway": "unclassified",
        "oneway": false
      },
      "geometry": {
        "type": "LineString",
        "coordinates": [
          [
            78.3799262,
            17.4428142
          ],
          [
            78.3799484,
            17.4429046
          ]
        ]
      }
    },
    {
      "type": "Feature",
      "properties": {
        "from": "3602303451",
        "to": 1042220716,
        "dist_m": 10.34,
        "name": "Unclassified",
        "highway": "unclassified",
        "oneway": false
      },
      "geometry": {
        "type": "LineString",
        "coordinates": [
          [
            78.3799484,
            17.4429046
          ],
          [
            78.3799262,
            17.4428142
          ]
        ]
      }
    },
    {
      "type": "Feature",
      "properties": {
        "from": "3602303451",
        "to": 3602303473,
        "dist_m": 14.0,
        "name": "Unclassified",
        "highway": "unclassified",
        "oneway": false
      },
      "geometry": {
        "type": "LineString",
        "coordinates": [
          [
            78.3799484,
            17.4429046
          ],
          [
            78.3799877,
            17.4430246
          ]
        ]
      }
    },
    {
      "type": "Feature",
      "properties": {
        "from": "3602303451",
        "to": 13363324705,
        "dist_m": 5.22,
        "name": "Service",
        "highway": "service",
        "oneway": false
      },
      "geometry": {
        "type": "LineString",
        "coordinates": [
          [
            78.3799484,
            17.4429046
          ],
          [
            78.3799955,
            17.4428911
          ]
        ]
      }
    },
    {
      "type": "Feature",
      "properties": {
        "from": "3602303451",
        "to": 11125033682,
        "dist_m": 13.31,
        "name": "Service",
        "highway": "service",
        "oneway": true
      },
      "geometry": {
        "type": "LineString",
        "coordinates": [
          [
            78.3799484,
            17.4429046
          ],
          [
            78.3798271,
            17.4429345
          ]
        ]
      }
    },
    {
      "type": "Feature",
      "properties": {
        "from": "3602303473",
        "to": 3602303451,
        "dist_m": 14.0,
        "name": "Unclassified",
        "highway": "unclassified",
        "oneway": false
      },
      "geometry": {
        "type": "LineString",
        "coordinates": [
          [
            78.3799877,
            17.4430246
          ],
          [
            78.3799484,
            17.4429046
          ]
        ]
      }
    },
    {
      "type": "Feature",
      "properties": {
        "from": "3602303473",
        "to": 11478613711,
        "dist_m": 3.72,
        "name": "Unclassified",
        "highway": "unclassified",
        "oneway": false
      },
      "geometry": {
        "type": "LineString",
        "coordinates": [
          [
            78.3799877,
            17.4430246
          ],
          [
            78.3799971,
            17.4430568
          ]
        ]
      }
    },
    {
      "type": "Feature",
      "properties": {
        "from": "1042220756",
        "to": 11478613711,
        "dist_m": 4.0,
        "name": "Unclassified",
        "highway": "unclassified",
        "oneway": false
      },
      "geometry": {
        "type": "LineString",
        "coordinates": [
          [
            78.3800072,
            17.4430914
          ],
          [
            78.3799971,
            17.4430568
          ]
        ]
      }
    },
    {
      "type": "Feature",
      "properties": {
        "from": "1042220756",
        "to": 1042220753,
        "dist_m": 24.18,
        "name": "Unclassified",
        "highway": "unclassified",
        "oneway": false
      },
      "geometry": {
        "type": "LineString",
        "coordinates": [
          [
            78.3800072,
            17.4430914
          ],
          [
            78.3801298,
            17.4432744
          ]
        ]
      }
    },
    {
      "type": "Feature",
      "properties": {
        "from": "1042220753",
        "to": 1042220756,
        "dist_m": 24.18,
        "name": "Unclassified",
        "highway": "unclassified",
        "oneway": false
      },
      "geometry": {
        "type": "LineString",
        "coordinates": [
          [
            78.3801298,
            17.4432744
          ],
          [
            78.3800072,
            17.4430914
          ]
        ]
      }
    },
    {
      "type": "Feature",
      "properties": {
        "from": "1042220753",
        "to": 1042220759,
        "dist_m": 27.12,
        "name": "Unclassified",
        "highway": "unclassified",
        "oneway": false
      },
      "geometry": {
        "type": "LineString",
        "coordinates": [
          [
            78.3801298,
            17.4432744
          ],
          [
            78.3802939,
            17.4434611
          ]
        ]
      }
    },
    {
      "type": "Feature",
      "properties": {
        "from": "1042220759",
        "to": 1042220753,
        "dist_m": 27.12,
        "name": "Unclassified",
        "highway": "unclassified",
        "oneway": false
      },
      "geometry": {
        "type": "LineString",
        "coordinates": [
          [
            78.3802939,
            17.4434611
          ],
          [
            78.3801298,
            17.4432744
          ]
        ]
      }
    },
    {
      "type": "Feature",
      "properties": {
        "from": "1323609921",
        "to": 1323609922,
        "dist_m": 29.4,
        "name": "Service",
        "highway": "service",
        "oneway": false
      },
      "geometry": {
        "type": "LineString",
        "coordinates": [
          [
            78.3803512,
            17.4433423
          ],
          [
            78.3801852,
            17.443131
          ]
        ]
      }
    },
    {
      "type": "Feature",
      "properties": {
        "from": "1323609922",
        "to": 1323609921,
        "dist_m": 29.4,
        "name": "Service",
        "highway": "service",
        "oneway": false
      },
      "geometry": {
        "type": "LineString",
        "coordinates": [
          [
            78.3801852,
            17.443131
          ],
          [
            78.3803512,
            17.4433423
          ]
        ]
      }
    },
    {
      "type": "Feature",
      "properties": {
        "from": "1323609922",
        "to": 1323609923,
        "dist_m": 22.55,
        "name": "Service",
        "highway": "service",
        "oneway": false
      },
      "geometry": {
        "type": "LineString",
        "coordinates": [
          [
            78.3801852,
            17.443131
          ],
          [
            78.3800982,
            17.4429462
          ]
        ]
      }
    },
    {
      "type": "Feature",
      "properties": {
        "from": "1323609923",
        "to": 1323609922,
        "dist_m": 22.55,
        "name": "Service",
        "highway": "service",
        "oneway": false
      },
      "geometry": {
        "type": "LineString",
        "coordinates": [
          [
            78.3800982,
            17.4429462
          ],
          [
            78.3801852,
            17.443131
          ]
        ]
      }
    },
    {
      "type": "Feature",
      "properties": {
        "from": "1323609923",
        "to": 3602303439,
        "dist_m": 8.62,
        "name": "Service",
        "highway": "service",
        "oneway": false
      },
      "geometry": {
        "type": "LineString",
        "coordinates": [
          [
            78.3800982,
            17.4429462
          ],
          [
            78.3800755,
            17.4428719
          ]
        ]
      }
    },
    {
      "type": "Feature",
      "properties": {
        "from": "3602303439",
        "to": 1323609923,
        "dist_m": 8.62,
        "name": "Service",
        "highway": "service",
        "oneway": false
      },
      "geometry": {
        "type": "LineString",
        "coordinates": [
          [
            78.3800755,
            17.4428719
          ],
          [
            78.3800982,
            17.4429462
          ]
        ]
      }
    },
    {
      "type": "Feature",
      "properties": {
        "from": "3602303439",
        "to": 1323609930,
        "dist_m": 19.25,
        "name": "Service",
        "highway": "service",
        "oneway": false
      },
      "geometry": {
        "type": "LineString",
        "coordinates": [
          [
            78.3800755,
            17.4428719
          ],
          [
            78.3800369,
            17.4427029
          ]
        ]
      }
    },
    {
      "type": "Feature",
      "properties": {
        "from": "3602303439",
        "to": 13363324704,
        "dist_m": 5.84,
        "name": "Service",
        "highway": "service",
        "oneway": false
      },
      "geometry": {
        "type": "LineString",
        "coordinates": [
          [
            78.3800755,
            17.4428719
          ],
          [
            78.3800219,
            17.4428836
          ]
        ]
      }
    },
    {
      "type": "Feature",
      "properties": {
        "from": "1323609930",
        "to": 3602303439,
        "dist_m": 19.25,
        "name": "Service",
        "highway": "service",
        "oneway": false
      },
      "geometry": {
        "type": "LineString",
        "coordinates": [
          [
            78.3800369,
            17.4427029
          ],
          [
            78.3800755,
            17.4428719
          ]
        ]
      }
    },
    {
      "type": "Feature",
      "properties": {
        "from": "1323609930",
        "to": 1323609925,
        "dist_m": 26.05,
        "name": "Service",
        "highway": "service",
        "oneway": false
      },
      "geometry": {
        "type": "LineString",
        "coordinates": [
          [
            78.3800369,
            17.4427029
          ],
          [
            78.380031,
            17.442469
          ]
        ]
      }
    },
    {
      "type": "Feature",
      "properties": {
        "from": "1323609925",
        "to": 1323609930,
        "dist_m": 26.05,
        "name": "Service",
        "highway": "service",
        "oneway": false
      },
      "geometry": {
        "type": "LineString",
        "coordinates": [
          [
            78.380031,
            17.442469
          ],
          [
            78.3800369,
            17.4427029
          ]
        ]
      }
    },
    {
      "type": "Feature",
      "properties": {
        "from": "1323609925",
        "to": 3009276515,
        "dist_m": 14.43,
        "name": "Service",
        "highway": "service",
        "oneway": false
      },
      "geometry": {
        "type": "LineString",
        "coordinates": [
          [
            78.380031,
            17.442469
          ],
          [
            78.3800507,
            17.4423407
          ]
        ]
      }
    },
    {
      "type": "Feature",
      "properties": {
        "from": "3009276515",
        "to": 1323609925,
        "dist_m": 14.43,
        "name": "Service",
        "highway": "service",
        "oneway": false
      },
      "geometry": {
        "type": "LineString",
        "coordinates": [
          [
            78.3800507,
            17.4423407
          ],
          [
            78.380031,
            17.442469
          ]
        ]
      }
    },
    {
      "type": "Feature",
      "properties": {
        "from": "3009276515",
        "to": 1323609924,
        "dist_m": 11.29,
        "name": "Service",
        "highway": "service",
        "oneway": false
      },
      "geometry": {
        "type": "LineString",
        "coordinates": [
          [
            78.3800507,
            17.4423407
          ],
          [
            78.3800843,
            17.4422445
          ]
        ]
      }
    },
    {
      "type": "Feature",
      "properties": {
        "from": "1323609924",
        "to": 3009276515,
        "dist_m": 11.29,
        "name": "Service",
        "highway": "service",
        "oneway": false
      },
      "geometry": {
        "type": "LineString",
        "coordinates": [
          [
            78.3800843,
            17.4422445
          ],
          [
            78.3800507,
            17.4423407
          ]
        ]
      }
    },
    {
      "type": "Feature",
      "properties": {
        "from": "13356929261",
        "to": 13356929262,
        "dist_m": 29.58,
        "name": "Residential",
        "highway": "residential",
        "oneway": false
      },
      "geometry": {
        "type": "LineString",
        "coordinates": [
          [
            78.3749711,
            17.4420482
          ],
          [
            78.3748376,
            17.441815
          ]
        ]
      }
    },
    {
      "type": "Feature",
      "properties": {
        "from": "13356929262",
        "to": 13356929261,
        "dist_m": 29.58,
        "name": "Residential",
        "highway": "residential",
        "oneway": false
      },
      "geometry": {
        "type": "LineString",
        "coordinates": [
          [
            78.3748376,
            17.441815
          ],
          [
            78.3749711,
            17.4420482
          ]
        ]
      }
    },
    {
      "type": "Feature",
      "properties": {
        "from": "13356929262",
        "to": 13356929263,
        "dist_m": 23.19,
        "name": "Residential",
        "highway": "residential",
        "oneway": false
      },
      "geometry": {
        "type": "LineString",
        "coordinates": [
          [
            78.3748376,
            17.441815
          ],
          [
            78.3747246,
            17.4416367
          ]
        ]
      }
    },
    {
      "type": "Feature",
      "properties": {
        "from": "13356929263",
        "to": 13356929262,
        "dist_m": 23.19,
        "name": "Residential",
        "highway": "residential",
        "oneway": false
      },
      "geometry": {
        "type": "LineString",
        "coordinates": [
          [
            78.3747246,
            17.4416367
          ],
          [
            78.3748376,
            17.441815
          ]
        ]
      }
    },
    {
      "type": "Feature",
      "properties": {
        "from": "13363324704",
        "to": 3602303439,
        "dist_m": 5.84,
        "name": "Service",
        "highway": "service",
        "oneway": false
      },
      "geometry": {
        "type": "LineString",
        "coordinates": [
          [
            78.3800219,
            17.4428836
          ],
          [
            78.3800755,
            17.4428719
          ]
        ]
      }
    },
    {
      "type": "Feature",
      "properties": {
        "from": "13363324704",
        "to": 13363324705,
        "dist_m": 2.93,
        "name": "Service",
        "highway": "service",
        "oneway": false
      },
      "geometry": {
        "type": "LineString",
        "coordinates": [
          [
            78.3800219,
            17.4428836
          ],
          [
            78.3799955,
            17.4428911
          ]
        ]
      }
    },
    {
      "type": "Feature",
      "properties": {
        "from": "13805555744",
        "to": 11980860809,
        "dist_m": 19.04,
        "name": "Service",
        "highway": "service",
        "oneway": false
      },
      "geometry": {
        "type": "LineString",
        "coordinates": [
          [
            78.3762388,
            17.4485929
          ],
          [
            78.3761876,
            17.448429
          ]
        ]
      }
    },
    {
      "type": "Feature",
      "properties": {
        "from": "13805555744",
        "to": 13805555748,
        "dist_m": 2.07,
        "name": "Service",
        "highway": "service",
        "oneway": false
      },
      "geometry": {
        "type": "LineString",
        "coordinates": [
          [
            78.3762388,
            17.4485929
          ],
          [
            78.3762408,
            17.4486114
          ]
        ]
      }
    },
    {
      "type": "Feature",
      "properties": {
        "from": "13805555748",
        "to": 13805555744,
        "dist_m": 2.07,
        "name": "Service",
        "highway": "service",
        "oneway": false
      },
      "geometry": {
        "type": "LineString",
        "coordinates": [
          [
            78.3762408,
            17.4486114
          ],
          [
            78.3762388,
            17.4485929
          ]
        ]
      }
    },
    {
      "type": "Feature",
      "properties": {
        "from": "13805555748",
        "to": 13805555745,
        "dist_m": 1.7,
        "name": "Service",
        "highway": "service",
        "oneway": false
      },
      "geometry": {
        "type": "LineString",
        "coordinates": [
          [
            78.3762408,
            17.4486114
          ],
          [
            78.3762342,
            17.4486253
          ]
        ]
      }
    },
    {
      "type": "Feature",
      "properties": {
        "from": "13805555745",
        "to": 13805555748,
        "dist_m": 1.7,
        "name": "Service",
        "highway": "service",
        "oneway": false
      },
      "geometry": {
        "type": "LineString",
        "coordinates": [
          [
            78.3762342,
            17.4486253
          ],
          [
            78.3762408,
            17.4486114
          ]
        ]
      }
    },
    {
      "type": "Feature",
      "properties": {
        "from": "13805555745",
        "to": 13805555746,
        "dist_m": 1.92,
        "name": "Service",
        "highway": "service",
        "oneway": false
      },
      "geometry": {
        "type": "LineString",
        "coordinates": [
          [
            78.3762342,
            17.4486253
          ],
          [
            78.3762206,
            17.4486366
          ]
        ]
      }
    },
    {
      "type": "Feature",
      "properties": {
        "from": "13805555746",
        "to": 13805555745,
        "dist_m": 1.92,
        "name": "Service",
        "highway": "service",
        "oneway": false
      },
      "geometry": {
        "type": "LineString",
        "coordinates": [
          [
            78.3762206,
            17.4486366
          ],
          [
            78.3762342,
            17.4486253
          ]
        ]
      }
    },
    {
      "type": "Feature",
      "properties": {
        "from": "13805555746",
        "to": 13805555747,
        "dist_m": 52.71,
        "name": "Service",
        "highway": "service",
        "oneway": false
      },
      "geometry": {
        "type": "LineString",
        "coordinates": [
          [
            78.3762206,
            17.4486366
          ],
          [
            78.3757453,
            17.4487729
          ]
        ]
      }
    },
    {
      "type": "Feature",
      "properties": {
        "from": "13805555747",
        "to": 13805555746,
        "dist_m": 52.71,
        "name": "Service",
        "highway": "service",
        "oneway": false
      },
      "geometry": {
        "type": "LineString",
        "coordinates": [
          [
            78.3757453,
            17.4487729
          ],
          [
            78.3762206,
            17.4486366
          ]
        ]
      }
    },
    {
      "type": "Feature",
      "properties": {
        "from": "13363324705",
        "to": 13363324704,
        "dist_m": 2.93,
        "name": "Service",
        "highway": "service",
        "oneway": false
      },
      "geometry": {
        "type": "LineString",
        "coordinates": [
          [
            78.3799955,
            17.4428911
          ],
          [
            78.3800219,
            17.4428836
          ]
        ]
      }
    },
    {
      "type": "Feature",
      "properties": {
        "from": "13363324705",
        "to": 3602303451,
        "dist_m": 5.22,
        "name": "Service",
        "highway": "service",
        "oneway": false
      },
      "geometry": {
        "type": "LineString",
        "coordinates": [
          [
            78.3799955,
            17.4428911
          ],
          [
            78.3799484,
            17.4429046
          ]
        ]
      }
    },
    {
      "type": "Feature",
      "properties": {
        "from": "11125033682",
        "to": 13951895994,
        "dist_m": 9.4,
        "name": "Service",
        "highway": "service",
        "oneway": true
      },
      "geometry": {
        "type": "LineString",
        "coordinates": [
          [
            78.3798271,
            17.4429345
          ],
          [
            78.3797412,
            17.4429547
          ]
        ]
      }
    },
    {
      "type": "Feature",
      "properties": {
        "from": "13951895994",
        "to": 3602303476,
        "dist_m": 9.78,
        "name": "Service",
        "highway": "service",
        "oneway": true
      },
      "geometry": {
        "type": "LineString",
        "coordinates": [
          [
            78.3797412,
            17.4429547
          ],
          [
            78.3796519,
            17.4429763
          ]
        ]
      }
    },
    {
      "type": "Feature",
      "properties": {
        "from": "13951895994",
        "to": 11125033681,
        "dist_m": 27.09,
        "name": "Service",
        "highway": "service",
        "oneway": false
      },
      "geometry": {
        "type": "LineString",
        "coordinates": [
          [
            78.3797412,
            17.4429547
          ],
          [
            78.3797244,
            17.4427119
          ]
        ]
      }
    },
    {
      "type": "Feature",
      "properties": {
        "from": "3602303476",
        "to": 13951895995,
        "dist_m": 88.15,
        "name": "Service",
        "highway": "service",
        "oneway": true
      },
      "geometry": {
        "type": "LineString",
        "coordinates": [
          [
            78.3796519,
            17.4429763
          ],
          [
            78.3788342,
            17.4431122
          ]
        ]
      }
    },
    {
      "type": "Feature",
      "properties": {
        "from": "13951895995",
        "to": 13951895996,
        "dist_m": 3.98,
        "name": "Service",
        "highway": "service",
        "oneway": true
      },
      "geometry": {
        "type": "LineString",
        "coordinates": [
          [
            78.3788342,
            17.4431122
          ],
          [
            78.3787969,
            17.443109
          ]
        ]
      }
    },
    {
      "type": "Feature",
      "properties": {
        "from": "13951895996",
        "to": 13951895997,
        "dist_m": 3.31,
        "name": "Service",
        "highway": "service",
        "oneway": true
      },
      "geometry": {
        "type": "LineString",
        "coordinates": [
          [
            78.3787969,
            17.443109
          ],
          [
            78.3787666,
            17.443102
          ]
        ]
      }
    },
    {
      "type": "Feature",
      "properties": {
        "from": "13951895997",
        "to": 13951895998,
        "dist_m": 3.31,
        "name": "Service",
        "highway": "service",
        "oneway": true
      },
      "geometry": {
        "type": "LineString",
        "coordinates": [
          [
            78.3787666,
            17.443102
          ],
          [
            78.3787433,
            17.4430823
          ]
        ]
      }
    },
    {
      "type": "Feature",
      "properties": {
        "from": "13951895998",
        "to": 13951895993,
        "dist_m": 7.29,
        "name": "Service",
        "highway": "service",
        "oneway": true
      },
      "geometry": {
        "type": "LineString",
        "coordinates": [
          [
            78.3787433,
            17.4430823
          ],
          [
            78.3787269,
            17.4430187
          ]
        ]
      }
    },
    {
      "type": "Feature",
      "properties": {
        "from": "14007762555",
        "to": 11125033677,
        "dist_m": 3.47,
        "name": "Service",
        "highway": "service",
        "oneway": false
      },
      "geometry": {
        "type": "LineString",
        "coordinates": [
          [
            78.3798654,
            17.4431136
          ],
          [
            78.3798535,
            17.4430846
          ]
        ]
      }
    },
    {
      "type": "Feature",
      "properties": {
        "from": "14007762555",
        "to": 14007762556,
        "dist_m": 2.21,
        "name": "Service",
        "highway": "service",
        "oneway": false
      },
      "geometry": {
        "type": "LineString",
        "coordinates": [
          [
            78.3798654,
            17.4431136
          ],
          [
            78.3798695,
            17.4431331
          ]
        ]
      }
    },
    {
      "type": "Feature",
      "properties": {
        "from": "14007762556",
        "to": 14007762555,
        "dist_m": 2.21,
        "name": "Service",
        "highway": "service",
        "oneway": false
      },
      "geometry": {
        "type": "LineString",
        "coordinates": [
          [
            78.3798695,
            17.4431331
          ],
          [
            78.3798654,
            17.4431136
          ]
        ]
      }
    },
    {
      "type": "Feature",
      "properties": {
        "from": "14007762556",
        "to": 14007762557,
        "dist_m": 3.49,
        "name": "Service",
        "highway": "service",
        "oneway": false
      },
      "geometry": {
        "type": "LineString",
        "coordinates": [
          [
            78.3798695,
            17.4431331
          ],
          [
            78.379873,
            17.4431643
          ]
        ]
      }
    },
    {
      "type": "Feature",
      "properties": {
        "from": "14007762557",
        "to": 14007762556,
        "dist_m": 3.49,
        "name": "Service",
        "highway": "service",
        "oneway": false
      },
      "geometry": {
        "type": "LineString",
        "coordinates": [
          [
            78.379873,
            17.4431643
          ],
          [
            78.3798695,
            17.4431331
          ]
        ]
      }
    },
    {
      "type": "Feature",
      "properties": {
        "from": "14007762557",
        "to": 14007762558,
        "dist_m": 3.89,
        "name": "Service",
        "highway": "service",
        "oneway": false
      },
      "geometry": {
        "type": "LineString",
        "coordinates": [
          [
            78.379873,
            17.4431643
          ],
          [
            78.3798642,
            17.4431982
          ]
        ]
      }
    },
    {
      "type": "Feature",
      "properties": {
        "from": "14007762558",
        "to": 14007762557,
        "dist_m": 3.89,
        "name": "Service",
        "highway": "service",
        "oneway": false
      },
      "geometry": {
        "type": "LineString",
        "coordinates": [
          [
            78.3798642,
            17.4431982
          ],
          [
            78.379873,
            17.4431643
          ]
        ]
      }
    },
    {
      "type": "Feature",
      "properties": {
        "from": "14007762558",
        "to": 14007762559,
        "dist_m": 3.03,
        "name": "Service",
        "highway": "service",
        "oneway": false
      },
      "geometry": {
        "type": "LineString",
        "coordinates": [
          [
            78.3798642,
            17.4431982
          ],
          [
            78.3798549,
            17.4432239
          ]
        ]
      }
    },
    {
      "type": "Feature",
      "properties": {
        "from": "14007762559",
        "to": 14007762558,
        "dist_m": 3.03,
        "name": "Service",
        "highway": "service",
        "oneway": false
      },
      "geometry": {
        "type": "LineString",
        "coordinates": [
          [
            78.3798549,
            17.4432239
          ],
          [
            78.3798642,
            17.4431982
          ]
        ]
      }
    },
    {
      "type": "Feature",
      "properties": {
        "from": "14007762559",
        "to": 14007762560,
        "dist_m": 3.92,
        "name": "Service",
        "highway": "service",
        "oneway": false
      },
      "geometry": {
        "type": "LineString",
        "coordinates": [
          [
            78.3798549,
            17.4432239
          ],
          [
            78.3798356,
            17.4432539
          ]
        ]
      }
    },
    {
      "type": "Feature",
      "properties": {
        "from": "14007762560",
        "to": 14007762559,
        "dist_m": 3.92,
        "name": "Service",
        "highway": "service",
        "oneway": false
      },
      "geometry": {
        "type": "LineString",
        "coordinates": [
          [
            78.3798356,
            17.4432539
          ],
          [
            78.3798549,
            17.4432239
          ]
        ]
      }
    },
    {
      "type": "Feature",
      "properties": {
        "from": "14007762562",
        "to": 11478613720,
        "dist_m": 7.15,
        "name": "Service",
        "highway": "service",
        "oneway": false
      },
      "geometry": {
        "type": "LineString",
        "coordinates": [
          [
            78.3795916,
            17.4433611
          ],
          [
            78.3795857,
            17.4432971
          ]
        ]
      }
    },
    {
      "type": "Feature",
      "properties": {
        "from": "14007762562",
        "to": 14007762563,
        "dist_m": 3.2,
        "name": "Service",
        "highway": "service",
        "oneway": false
      },
      "geometry": {
        "type": "LineString",
        "coordinates": [
          [
            78.3795916,
            17.4433611
          ],
          [
            78.3795934,
            17.4433898
          ]
        ]
      }
    },
    {
      "type": "Feature",
      "properties": {
        "from": "14007762563",
        "to": 14007762562,
        "dist_m": 3.2,
        "name": "Service",
        "highway": "service",
        "oneway": false
      },
      "geometry": {
        "type": "LineString",
        "coordinates": [
          [
            78.3795934,
            17.4433898
          ],
          [
            78.3795916,
            17.4433611
          ]
        ]
      }
    },
    {
      "type": "Feature",
      "properties": {
        "from": "14007762563",
        "to": 14007762564,
        "dist_m": 1.85,
        "name": "Service",
        "highway": "service",
        "oneway": false
      },
      "geometry": {
        "type": "LineString",
        "coordinates": [
          [
            78.3795934,
            17.4433898
          ],
          [
            78.3795863,
            17.443405
          ]
        ]
      }
    },
    {
      "type": "Feature",
      "properties": {
        "from": "14007762563",
        "to": 14007762567,
        "dist_m": 21.65,
        "name": "Service",
        "highway": "service",
        "oneway": false
      },
      "geometry": {
        "type": "LineString",
        "coordinates": [
          [
            78.3795934,
            17.4433898
          ],
          [
            78.3797941,
            17.4433558
          ]
        ]
      }
    },
    {
      "type": "Feature",
      "properties": {
        "from": "14007762564",
        "to": 14007762563,
        "dist_m": 1.85,
        "name": "Service",
        "highway": "service",
        "oneway": false
      },
      "geometry": {
        "type": "LineString",
        "coordinates": [
          [
            78.3795863,
            17.443405
          ],
          [
            78.3795934,
            17.4433898
          ]
        ]
      }
    },
    {
      "type": "Feature",
      "properties": {
        "from": "14007762564",
        "to": 14007762565,
        "dist_m": 2.3,
        "name": "Service",
        "highway": "service",
        "oneway": false
      },
      "geometry": {
        "type": "LineString",
        "coordinates": [
          [
            78.3795863,
            17.443405
          ],
          [
            78.3795739,
            17.4434219
          ]
        ]
      }
    },
    {
      "type": "Feature",
      "properties": {
        "from": "14007762565",
        "to": 14007762564,
        "dist_m": 2.3,
        "name": "Service",
        "highway": "service",
        "oneway": false
      },
      "geometry": {
        "type": "LineString",
        "coordinates": [
          [
            78.3795739,
            17.4434219
          ],
          [
            78.3795863,
            17.443405
          ]
        ]
      }
    },
    {
      "type": "Feature",
      "properties": {
        "from": "14007762565",
        "to": 14007762566,
        "dist_m": 19.17,
        "name": "Service",
        "highway": "service",
        "oneway": false
      },
      "geometry": {
        "type": "LineString",
        "coordinates": [
          [
            78.3795739,
            17.4434219
          ],
          [
            78.3793978,
            17.4434598
          ]
        ]
      }
    },
    {
      "type": "Feature",
      "properties": {
        "from": "14007762566",
        "to": 14007762565,
        "dist_m": 19.17,
        "name": "Service",
        "highway": "service",
        "oneway": false
      },
      "geometry": {
        "type": "LineString",
        "coordinates": [
          [
            78.3793978,
            17.4434598
          ],
          [
            78.3795739,
            17.4434219
          ]
        ]
      }
    }
  ]
}