timestamp,true_x,true_y,true_lat,true_lon,true_speed,true_heading_deg,imu_ax,imu_ay,imu_az,imu_gx,imu_gy,imu_gz,gps_lat,gps_lon,gps_accuracy_m,is_blackout
0.0,0.0,0.0,17.4415,78.376,0.0,45.0,0.9476,4.535,12.0486,0.01855,-0.00542,0.03558,17.441511578946017,78.37602396910849,3.5,0
0.02,0.0,0.0,17.44150000190978,78.37600000198887,0.015,45.0,-1.0747,2.7845,19.2814,-0.02003,0.01542,-0.00027,17.4415030961043,78.37599177546755,3.5,0
0.04,0.001,0.001,17.441500005729342,78.37600000596662,0.03,45.0,2.7933,-1.7362,5.3827,0.0048,0.02252,0.02248,17.441507495299728,78.3760200004633,3.5,0
0.06,0.001,0.001,17.441500011458682,78.37600001193323,0.045,45.0,1.5171,2.1741,12.0576,-0.0464,-0.03018,0.03374,17.441452239447127,78.37602265601649,3.5,0
0.08,0.002,0.002,17.441500019097806,78.3760000198887,0.06,45.0,-3.1687,2.024,11.311,0.0029,-0.00873,-0.01169,17.441499396138607,78.37597668435062,3.5,0
0.1,0.003,0.003,17.441500028646708,78.37600002983305,0.075,45.0,1.7954,-2.1934,5.602,-0.05466,0.03844,-0.01859,17.4415187931543,78.37600004651013,3.5,0
0.12,0.004,0.004,17.441500040105392,78.37600004176626,0.09,45.0,2.3569,2.616,13.776,0.00713,-0.00762,-0.01732,17.44149736398211,78.37597636931542,3.5,0
0.14,0.006,0.006,17.441500053473856,78.37600005568835,0.105,45.0,-2.7941,2.5014,8.7955,-0.00565,0.01848,0.01008,17.44151627947163,78.37595728232522,3.5,0
0.16,0.008,0.008,17.4415000687521,78.37600007159931,0.119,45.0,0.8759,-2.546,7.1782,-0.02777,0.02769,-0.01112,17.441531431268835,78.37600754857058,3.5,0
0.18,0.01,0.01,17.441500085940124,78.37600008949914,0.134,45.0,2.6738,1.9141,14.2789,0.011,0.02301,-0.01215,17.441492786770905,78.37597820924681,3.5,0
0.2,0.012,0.012,17.441500105037928,78.37600010938783,0.149,45.0,-3.0296,3.5347,6.4846,0.0013,-0.00178,-0.03158,17.441512401225967,78.37596532265903,3.5,0
0.22,0.014,0.014,17.44150012604551,78.3760001312654,0.164,45.0,-0.0858,-1.4128,9.7594,-0.01799,0.02577,0.04286,17.44149443287627,78.3760027765086,3.5,0
0.24,0.016,0.016,17.441500148962877,78.37600015513183,0.179,45.0,3.1003,0.1741,13.1705,0.01489,-0.0051,0.00707,17.441496713787586,78.37599279277654,3.5,0
0.26,0.019,0.019,17.441500173790025,78.37600018098713,0.194,45.0,-3.0567,3.2139,5.3266,-0.00134,-0.03784,-0.02341,17.441509676754276,78.3759941560163,3.5,0
0.28,0.022,0.022,17.441500200526953,78.37600020883131,0.209,45.0,-1.6028,-1.1622,12.4802,0.00848,-0.04664,0.04384,17.441499483999703,78.37600633138516,3.5,0
0.3,0.025,0.025,17.44150022917366,78.37600023866436,0.224,45.0,3.0466,-0.699,10.6372,-0.00599,-0.00628,0.02565,17.441534904363117,78.37602100595235,3.5,0
0.32,0.029,0.029,17.441500259730148,78.37600027048627,0.239,45.0,-1.863,4.1694,6.0053,-0.00258,0.00883,-0.04936,17.441480537105416,78.37599960474003,3.5,0
0.34,0.032,0.032,17.441500292196416,78.37600030429705,0.254,45.0,-1.7434,-0.3695,14.1616,0.03172,-0.01647,0.00267,17.44150538686345,78.37600970321415,3.5,0
0.36,0.036,0.036,17.441500326572463,78.37600034009671,0.269,45.0,2.8249,-2.3007,7.6215,-0.01098,0.01158,0.032,17.44150145552642,78.37599818331981,3.5,0
0.38,0.04,0.04,17.441500362858292,78.37600037788523,0.284,45.0,-0.9559,3.4581,8.4612,0.00612,-0.02059,-0.03611,17.4415275327069,78.37599261071081,3.5,0
0.4,0.044,0.044,17.4415004010539,78.37600041766262,0.299,45.0,-2.0401,0.4015,13.8263,0.00632,0.01584,-0.03155,17.441502112376465,78.37600978967592,3.5,0
0.42,0.049,0.049,17.44150044115929,78.3760004594289,0.314,45.0,2.613,-1.8515,5.553,-0.02271,0.02686,-0.00398,17.44149817764543,78.37598475667444,3.5,0
0.44,0.053,0.053,17.441500483174462,78.37600050318402,0.329,45.0,0.808,2.6568,11.6951,0.00651,0.00946,0.02655,17.44150524290634,78.37599578261603,3.5,0
0.46,0.058,0.058,17.441500527099414,78.37600054892802,0.344,45.0,-3.6324,1.8952,11.3784,-0.03161,-0.02417,0.03905,17.44152219901481,78.37596900640558,3.5,0
0.48,0.063,0.063,17.441500572934146,78.37600059666089,0.358,45.0,1.6077,-1.6572,5.691,0.04098,-0.01588,-0.00039,17.441499342277915,78.37597086005673,3.5,0
0.5,0.069,0.069,17.441500620678656,78.37600064638264,0.373,45.0,1.9468,2.0656,14.0023,0.02857,-0.00292,-0.0236,17.441490454582276,78.37600527605306,3.5,0
0.52,0.074,0.074,17.44150067033295,78.37600069809325,0.388,45.0,-3.4995,2.3814,7.9543,-0.03909,0.00945,0.00066,17.4414796476371,78.37601821329879,3.5,0
0.54,0.08,0.08,17.44150072189702,78.37600075179273,0.403,45.0,0.81,-1.9864,8.2389,0.0228,0.00063,-0.03152,17.441494963930058,78.37599792641576,3.5,0
0.56,0.086,0.086,17.441500775370876,78.37600080748108,0.418,45.0,2.5564,0.8753,13.8773,0.00217,-0.02656,0.01337,17.441501549419023,78.37600293290981,3.5,0
0.58,0.092,0.092,17.44150083075451,78.37600086515829,0.433,45.0,-2.6304,2.8834,5.5516,-0.02922,0.02397,-0.01799,17.44146411490899,78.37602346230256,3.5,0
0.6,0.098,0.098,17.441500888047923,78.37600092482438,0.448,45.0,-0.901,-1.1557,11.8538,-0.03535,0.0328,-0.0431,17.441482213680207,78.37600614040515,3.5,0
0.62,0.105,0.105,17.441500947251118,78.37600098647934,0.463,45.0,3.9929,-0.1046,11.0997,-0.00045,0.00897,0.0195,17.441503538248057,78.3760121564757,3.5,0
0.64,0.112,0.112,17.441501008364096,78.37600105012316,0.478,45.0,-1.525,4.0995,5.8987,0.03354,0.00246,-0.02116,17.441476084107933,78.37599644348403,3.5,0
0.66,0.118,0.118,17.44150107138685,78.37600111575587,0.493,45.0,-2.3086,0.0901,14.1734,0.0478,-0.02378,-0.0365,17.441509939352795,78.37599729968298,3.5,0
0.68,0.126,0.126,17.441501136319385,78.37600118337744,0.508,45.0,3.4883,-1.5728,7.3283,0.0062,-0.04667,0.01309,17.44149337356982,78.37597020268295,3.5,0
0.7,0.133,0.133,17.441501203161703,78.37600125298788,0.523,45.0,-0.6589,3.5876,9.0484,-0.01969,0.00328,-0.03791,17.44148574726514,78.37603383744064,3.5,0
0.72,0.141,0.141,17.4415012719138,78.37600132458718,0.538,45.0,-2.6917,0.4387,13.358,0.03726,0.00886,-0.034,17.441507637086094,78.37601395881708,3.5,0
0.74,0.148,0.148,17.441501342575677,78.37600139817535,0.553,45.0,1.6648,-1.6735,5.3175,-0.01823,0.03227,-0.02885,17.441503237461067,78.37597313961291,3.5,0
0.76,0.157,0.157,17.441501415147336,78.3760014737524,0.568,45.0,0.732,2.2877,12.8695,-0.00642,0.01641,0.03812,17.441505094206533,78.37600068806474,3.5,0
0.78,0.165,0.165,17.441501489628774,78.37600155131831,0.582,45.0,-3.0321,1.6508,9.7291,0.01382,0.03332,-0.00702,17.441504757647206,78.37603030832403,3.5,0
0.8,0.173,0.173,17.441501566019994,78.3760016308731,0.597,45.0,1.5022,-1.9681,6.8579,0.02671,0.01249,0.01627,17.441498293476663,78.37599503023598,3.5,0
0.82,0.182,0.182,17.441501644320994,78.37600171241675,0.612,45.0,2.2345,-0.2081,13.1691,-0.02247,0.02546,0.03094,17.441477545469755,78.3760250733509,3.5,0
0.84,0.191,0.191,17.441501724531772,78.37600179594928,0.627,45.0,-2.7826,2.3327,6.0749,-0.0,-0.02128,-0.00562,17.44147424938364,78.37605451961505,3.5,0
0.86,0.2,0.2,17.441501806652333,78.37600188147067,0.642,45.0,-0.4452,-1.6454,10.9709,0.01358,0.01468,0.00382,17.44146463970616,78.37600051031247,3.5,0
0.88,0.209,0.209,17.441501890682677,78.37600196898094,0.657,45.0,2.6196,-0.0266,11.7949,-0.04786,-0.00393,0.01985,17.441509313422305,78.37598417988625,3.5,0
0.9,0.219,0.219,17.441501976622796,78.37600205848007,0.672,45.0,-1.9572,3.3381,5.6826,-0.03671,0.00484,0.00466,17.44149548507242,78.37597801715741,3.5,0
0.92,0.228,0.228,17.441502064472697,78.37600214996807,0.687,45.0,-1.9843,-1.1242,14.1113,-0.03261,0.01597,-0.00396,17.441496971142918,78.37601959851368,3.5,0
0.94,0.238,0.238,17.44150215423238,78.37600224344494,0.702,45.0,3.586,-1.6077,7.4091,0.00556,-0.00586,0.008,17.44146875269692,78.37600276811078,3.5,0
0.96,0.248,0.248,17.441502245901845,78.3760023389107,0.717,45.0,0.0028,3.394,9.211,0.01238,-0.02648,-0.00924,17.441479420792966,78.37598597775984,3.5,0
0.98,0.259,0.259,17.441502339481087,78.3760024363653,0.732,45.0,-3.5472,1.161,13.148,0.02454,-0.00176,-0.01847,17.441481800045032,78.37600454108285,3.5,0
1.0,0.269,0.269,17.44150243497011,78.37600253580878,0.747,45.0,2.4232,-2.0192,5.3246,0.007,-0.01746,-0.00996,17.441480928236096,78.3760046345407,3.5,0
1.02,0.28,0.28,17.441502532368915,78.37600263724113,0.762,45.0,1.3689,2.7565,13.4208,0.04775,0.02024,-0.0135,17.44149795211243,78.37603230500345,3.5,0
1.04,0.291,0.291,17.4415026316775,78.37600274066236,0.777,45.0,-3.357,2.4861,8.7307,0.01317,0.0218,0.02566,17.44148920016328,78.3760302187832,3.5,0
1.06,0.302,0.302,17.441502732895867,78.37600284607244,0.792,45.0,1.0268,-2.2931,7.9094,0.02732,0.01369,-0.04845,17.441524960274357,78.37598840956571,3.5,0
1.08,0.314,0.314,17.44150283602401,78.3760029534714,0.807,45.0,3.2197,0.7492,13.8577,0.01968,0.0292,0.02287,17.44151404689005,78.37601092912504,3.5,0
1.1,0.325,0.325,17.441502941061938,78.37600306285923,0.821,45.0,-2.0292,2.7235,5.4201,0.00601,0.00779,0.07075,17.441535590080466,78.37599374887935,3.5,0
1.12,0.337,0.337,17.441503048009647,78.37600317423593,0.836,45.0,-1.3079,-1.2075,12.6491,0.03276,0.00265,0.00659,17.441505082309988,78.3759886712392,3.5,0
1.14,0.349,0.349,17.44150315686713,78.3760032876015,0.851,45.0,4.7425,1.8755,14.9604,0.01383,0.01549,-0.00044,17.441469285269502,78.37601326110567,3.5,0
1.16,0.361,0.361,17.4415032676344,78.37600340295594,0.866,45.0,-0.7854,3.729,7.0955,-0.01115,0.01046,-0.0218,17.44156052322363,78.3759971667996,3.5,0
1.18,0.374,0.374,17.44150338031145,78.37600352029925,0.881,45.0,-2.0571,0.8353,14.1461,0.00443,-0.01461,-0.04629,17.44149374604228,78.37601055123122,3.5,0
1.2,0.387,0.387,17.441503494898278,78.37600363963142,0.896,45.0,2.556,-1.9081,5.6368,-0.00595,0.01801,-0.00879,17.441510931662062,78.3759853597064,3.5,0
1.22,0.399,0.399,17.441503611394886,78.37600376095247,0.911,45.0,0.8572,3.2557,12.082,-0.01508,-0.04753,0.00024,17.441515836154384,78.37602831290259,3.5,0
1.24,0.413,0.413,17.441503729801276,78.37600388426239,0.926,45.0,-3.546,1.8145,10.3296,-0.01334,0.02977,-0.05429,17.44150912618835,78.37600059692232,3.5,0
1.26,0.426,0.426,17.441503850117446,78.37600400956117,0.941,45.0,1.5877,-0.4411,9.3308,0.01284,0.01785,-0.02323,17.441483846091753,78.37597613638046,3.5,0
1.28,0.439,0.439,17.441503972343398,78.37600413684883,0.956,45.0,2.856,1.2483,14.2352,-0.02727,-0.02397,-0.02899,17.44149910380015,78.37601774465529,3.5,0
1.3,0.453,0.453,17.44150409647913,78.37600426612536,0.971,45.0,-2.097,3.4092,5.7769,0.00599,0.01441,0.03095,17.441484024327135,78.3760295730297,3.5,0
1.32,0.467,0.467,17.44150422252464,78.37600439739076,0.986,45.0,-0.6931,-0.7918,11.8472,-0.00985,0.01621,0.01418,17.44150294407989,78.3760056940877,3.5,0
1.34,0.481,0.481,17.44150435047993,78.37600453064502,1.001,45.0,3.6749,-0.537,10.5005,-0.01974,0.01332,-0.00609,17.441483028327944,78.37601450561479,3.5,0
1.36,0.496,0.496,17.441504480345007,78.37600466588816,1.016,45.0,-0.9923,3.5567,6.6329,-0.00138,0.00816,0.0093,17.44150425417985,78.3759946182996,3.5,0
1.38,0.51,0.51,17.441504612119857,78.37600480312015,1.031,45.0,-2.6197,0.6434,14.2335,0.00325,-0.02364,-0.00501,17.44150323907289,78.37597478035738,3.5,0
1.4,0.525,0.525,17.44150474580449,78.37600494234103,1.045,45.0,2.9302,-1.811,5.7393,0.04138,0.02593,0.04678,17.441530133373767,78.37601245276839,3.5,0
1.42,0.54,0.54,17.441504881398906,78.37600508355078,1.06,45.0,1.4977,2.1921,11.9836,-0.0201,-0.02458,0.00837,17.441512426099898,78.37600536110511,3.5,0
1.44,0.555,0.555,17.4415050189031,78.37600522674938,1.075,45.0,-3.1309,2.7555,10.247,0.0067,-0.00889,-0.00353,17.441505570293106,78.37601847467684,3.5,0
1.46,0.571,0.571,17.441505158317074,78.37600537193687,1.09,45.0,1.8104,-2.28,6.8688,0.00967,-0.03085,-0.02402,17.441494010683385,78.37599316242226,3.5,0
1.48,0.586,0.586,17.44150529964083,78.37600551911322,1.105,45.0,1.5596,1.1765,14.1419,-0.00164,0.00531,0.02808,17.441501153854812,78.37600019680835,3.5,0
1.5,0.602,0.602,17.441505442874366,78.37600566827845,1.12,45.0,-2.2107,3.6566,5.5455,0.02899,-0.00588,-0.08501,17.441485692089,78.37600415182771,3.5,0
1.52,0.618,0.618,17.441505588017684,78.37600581943254,1.135,45.0,-0.9006,-1.48,12.4739,0.00521,-0.02541,-0.03975,17.441517167941985,78.37601249981554,3.5,0
1.54,0.634,0.634,17.44150573507078,78.3760059725755,1.15,45.0,3.2256,-1.0292,9.822,0.01779,0.04348,0.04826,17.44151204066896,78.37598750599514,3.5,0
1.56,0.651,0.651,17.441505884033656,78.37600612770733,1.165,45.0,-0.7385,3.5068,7.4721,-0.01239,-0.02685,-0.06154,17.441451297426394,78.37601539982975,3.5,0
1.58,0.667,0.667,17.441506034906315,78.37600628482804,1.18,45.0,-3.4223,-0.2062,13.8481,-0.02451,-4e-05,-0.02432,17.441518180894633,78.37599913563932,3.5,0
1.6,0.684,0.684,17.441506187688752,78.3760064439376,1.195,45.0,2.4006,-2.0599,5.3263,-0.00337,-0.00136,0.01784,17.44150656053029,78.37598499821055,3.5,0
1.62,0.701,0.701,17.441506342380972,78.37600660503604,1.21,45.0,1.5584,2.45,13.1997,-0.00377,-0.01544,0.00937,17.441535646660352,78.37599620374162,3.5,0
1.64,0.719,0.719,17.44150649898297,78.37600676812335,1.225,45.0,-2.5011,2.2551,8.5002,-0.00678,0.00174,-0.00924,17.441485683151875,78.37599743810506,3.5,0
1.66,0.736,0.736,17.441506657494752,78.37600693319953,1.24,45.0,2.0535,-0.2389,14.3435,0.00606,0.00229,-0.01747,17.441543114289868,78.37601456096407,3.5,0
1.68,0.754,0.754,17.44150681791631,78.37600710026457,1.255,45.0,2.6678,1.0989,13.1438,-0.00888,-0.0033,-0.03046,17.441518197868454,78.37600832548033,3.5,0
1.7,0.772,0.772,17.441506980247652,78.37600726931849,1.27,45.0,-2.1986,3.4643,5.3439,-0.00832,-0.03017,0.00947,17.441514511881753,78.37603022170957,3.5,0
1.72,0.79,0.79,17.441507144488774,78.37600744036129,1.284,45.0,-1.3412,-0.0397,13.9472,0.02932,-0.01026,-0.01759,17.44149760228247,78.37599678837924,3.5,0
1.74,0.809,0.809,17.441507310639675,78.37600761339294,1.299,45.0,3.2482,-1.4496,7.157,-0.01911,0.01256,-0.07119,17.44145814949931,78.37601464856967,3.5,0
1.76,0.827,0.827,17.441507478700355,78.37600778841347,1.314,45.0,-0.0171,2.7407,10.129,0.0269,-0.00975,-0.03684,17.44150938299199,78.37599758881366,3.5,0
1.78,0.846,0.846,17.441507648670818,78.37600796542287,1.329,45.0,-2.8337,1.5281,11.834,0.01718,-0.00884,0.01778,17.441520397309013,78.37599810680338,3.5,0
1.8,0.865,0.865,17.441507820551063,78.37600814442114,1.344,45.0,1.6658,-2.201,5.9721,0.02302,-0.00608,0.04374,17.44151569521215,78.37600128944729,3.5,0
1.82,0.884,0.884,17.441507994341087,78.37600832540826,1.359,45.0,2.7465,0.9739,14.2875,0.02273,0.00281,0.00104,17.441507574725893,78.37599765828918,3.5,0
1.84,0.904,0.904,17.44150817004089,78.37600850838427,1.374,45.0,-2.9692,3.6674,5.8761,-0.00228,0.02522,-0.02145,17.441511032593645,78.37601681398337,3.5,0
1.86,0.923,0.923,17.441508347650476,78.37600869334915,1.389,45.0,-0.884,-1.5952,12.0414,-0.01358,0.00759,0.00941,17.44149825782347,78.37602009492959,3.5,0
1.88,0.943,0.943,17.44150852716984,78.37600888030289,1.404,45.0,3.1247,-1.3962,9.8035,-0.00622,0.01421,-0.00708,17.441507774549027,78.375992117386,3.5,0
1.9,0.963,0.963,17.441508708598985,78.37600906924551,1.419,45.0,-1.3442,3.9302,7.5253,-0.00034,0.02344,0.02009,17.441501715055868,78.37598491615189,3.5,0
1.92,0.983,0.983,17.44150889193791,78.376009260177,1.434,45.0,-2.5773,0.412,13.6821,-0.02359,0.01332,0.05347,17.44149764666455,78.3760222405978,3.5,0
1.94,1.004,1.004,17.441509077186616,78.37600945309735,1.449,45.0,2.4364,-2.2544,5.2866,0.00796,-0.0097,-0.01947,17.441478863998345,78.37601885990026,3.5,0
1.96,1.025,1.025,17.441509264345104,78.37600964800657,1.464,45.0,1.704,1.4089,13.7283,-0.00854,-0.00366,0.07152,17.44150960928781,78.37603637589561,3.5,0
1.98,1.046,1.046,17.44150945341337,78.37600984490467,1.479,45.0,-3.0896,3.3446,7.4046,0.00348,0.00036,-0.03003,17.441524555389975,78.37600140444178,3.5,0
2.0,1.067,1.067,17.44150964439142,78.37601004379162,1.494,45.0,-0.5713,-2.259,10.031,-0.00385,0.03108,-0.05702,17.441480914877904,78.37601265039605,3.5,0
2.02,1.088,1.088,17.44150983727925,78.37601024466746,1.508,45.0,3.032,-0.0613,11.739,0.01845,-0.02713,-0.00556,17.44152396691464,78.37601061065286,3.5,0
2.04,1.11,1.11,17.441510032076856,78.37601044753217,1.523,45.0,-1.512,3.8425,6.1443,0.01059,-0.0007,-0.05444,17.441516393789012,78.37602906140648,3.5,0
2.06,1.131,1.131,17.441510228784246,78.37601065238573,1.538,45.0,-2.6446,0.2377,14.2498,-0.01268,0.00044,-0.01665,17.44152159108735,78.37602555744799,3.5,0
2.08,1.153,1.153,17.441510427401415,78.37601085922817,1.553,45.0,2.6485,-1.8513,5.5707,0.00115,-0.01815,-0.04114,17.44149370910236,78.37600847360815,3.5,0
2.1,1.175,1.175,17.441510627928366,78.37601106805948,1.568,45.0,1.3846,1.8146,12.7708,-0.04409,-0.00552,-0.00631,17.441507405292082,78.37601335678586,3.5,0
2.12,1.198,1.198,17.441510830365097,78.37601127887967,1.583,45.0,-2.3345,1.9846,8.6854,-0.00946,-0.01096,0.00566,17.441512024442932,78.37600877782639,3.5,0
2.14,1.22,1.22,17.44151103471161,78.37601149168871,1.598,45.0,0.5321,-1.8444,8.7344,0.00493,0.02306,-0.00957,17.44152543694034,78.37597254129832,3.5,0
2.16,1.243,1.243,17.4415112409679,78.37601170648664,1.613,45.0,3.1955,-0.0428,12.6983,-0.01959,-0.00115,0.00521,17.441496239733123,78.37600494865579,3.5,0
2.18,1.266,1.266,17.441511449133973,78.37601192327342,1.628,45.0,-1.7225,3.5484,5.612,0.01493,-0.01891,-0.00427,17.441513780038395,78.37599492852566,3.5,0
2.2,1.29,1.29,17.441511659209826,78.37601214204909,1.643,45.0,-2.0504,1.1476,16.9557,-0.02627,-0.03316,-0.03884,17.441515792728037,78.37599340192584,3.5,0
2.22,1.313,1.313,17.44151187119546,78.37601236281361,1.658,45.0,2.8593,-1.3124,5.9088,0.00582,-0.00595,-0.0207,17.441534978986606,78.37602630796363,3.5,0
2.24,1.337,1.337,17.44151208509087,78.37601258556701,1.673,45.0,1.0128,2.1707,12.2072,-0.00333,0.02399,-0.03234,17.441500230720337,78.37599350821752,3.5,0
2.26,1.36,1.36,17.441512300896065,78.37601281030928,1.688,45.0,-1.1273,4.3701,12.5809,0.02155,-0.0129,-0.00788,17.44150357358069,78.37601183600206,3.5,0
2.28,1.385,1.385,17.44151251861104,78.37601303704042,1.703,45.0,0.5433,-1.6626,8.2983,-0.01139,-0.02249,-0.00726,17.441528685295257,78.37600806919569,3.5,0
2.3,1.409,1.409,17.441512738235794,78.37601326576043,1.718,45.0,3.1637,0.375,12.9602,-0.00379,0.01355,0.00847,17.441517800201844,78.37599881808708,3.5,0
2.32,1.433,1.433,17.441512959770332,78.3760134964693,1.733,45.0,-1.7736,3.8942,5.5386,0.02639,-0.00066,-0.03701,17.4415314467771,78.37601692757181,3.5,0
2.34,1.458,1.458,17.441513183214646,78.37601372916706,1.747,45.0,-2.5274,0.7051,14.2511,0.02661,0.00731,-7e-05,17.441514471985084,78.37604353413725,3.5,0
2.36,1.483,1.483,17.441513408568742,78.37601396385367,1.762,45.0,3.3226,-2.2725,5.9111,-0.03818,0.05105,-0.02316,17.441517103906698,78.37599220182717,3.5,0
2.38,1.508,1.508,17.44151363583262,78.37601420052916,1.777,45.0,1.3264,2.5479,12.3205,-0.02952,0.02493,0.00402,17.44149199294976,78.37604300179763,3.5,0
2.4,1.533,1.533,17.44151386500628,78.37601443919351,1.792,45.0,-2.7887,1.2838,9.0087,0.02795,-0.0121,-0.00694,17.441483196908123,78.37600631456776,3.5,0
2.42,1.559,1.559,17.441514096089715,78.37601467984673,1.807,45.0,0.1227,-1.8425,8.6386,0.02301,-0.01717,0.02677,17.441503895964004,78.37605866274686,3.5,0
2.44,1.585,1.585,17.441514329082935,78.37601492248884,1.822,45.0,3.655,0.3888,12.5909,0.01588,-0.03189,-0.00569,17.441512643663955,78.37600951256333,3.5,0
2.46,1.611,1.611,17.441514563985933,78.37601516711979,1.837,45.0,-2.1527,3.471,5.7694,-0.00255,-0.00065,-0.0825,17.441512270207472,78.37601399996994,3.5,0
2.48,1.637,1.637,17.441514800798714,78.37601541373962,1.852,45.0,-2.0213,-0.276,14.2647,-0.00106,0.01991,0.00852,17.44151001138097,78.37597255595365,3.5,0
2.5,1.663,1.663,17.441515039521274,78.37601566234834,1.867,45.0,3.5714,-2.6386,5.5379,-0.02996,-0.02908,-0.04491,17.44152853291385,78.37603978348797,3.5,0
2.52,1.69,1.69,17.441515280153613,78.3760159129459,1.882,45.0,0.9419,2.5681,13.034,-0.00916,0.01829,0.0203,17.441520016230598,78.37600872460284,3.5,0
2.54,1.717,1.717,17.441515522695735,78.37601616553235,1.897,45.0,-3.2915,3.0892,7.9726,0.01744,0.01454,-0.01494,17.44152091984185,78.376004483296,3.5,0
2.56,1.744,1.744,17.441515767147635,78.37601642010766,1.912,45.0,0.0934,-1.9967,9.8108,-0.00264,0.00873,-0.0027,17.441512269699214,78.37603293965051,3.5,0
2.58,1.771,1.771,17.441516013509318,78.37601667667184,1.927,45.0,3.0049,0.0172,11.4583,0.01824,-0.00988,0.03929,17.441484733542524,78.3760562857911,3.5,0
2.6,1.799,1.799,17.44151626178078,78.3760169352249,1.942,45.0,-1.7679,2.8419,6.6089,0.02091,0.00426,0.00661,17.441531550551495,78.37603251157934,3.5,0
2.62,1.826,1.826,17.44151651196202,78.37601719576682,1.957,45.0,-2.5776,0.6399,13.9006,0.019,0.01558,0.00019,17.441514713268713,78.37599461985494,3.5,0
2.64,1.854,1.854,17.441516764053045,78.37601745829761,1.972,45.0,1.8833,-2.1585,5.2596,0.00897,0.0122,0.00996,17.441498761029088,78.37600936419393,3.5,0
2.66,1.882,1.882,17.441517018053847,78.37601772281727,1.986,45.0,2.0784,1.6448,13.9701,-0.00552,0.00427,-0.03636,17.441550125091496,78.37598439333549,3.5,0
2.68,1.911,1.911,17.441517273964433,78.3760179893258,2.001,45.0,-3.2287,2.607,6.4316,0.00446,0.00519,0.0349,17.441537294954696,78.37603085947609,3.5,0
2.7,1.939,1.939,17.441517531784797,78.37601825782319,2.016,45.0,-0.0443,-1.5488,11.7542,-0.01993,0.02318,-0.01547,17.44151867141346,78.37601452095441,3.5,0
2.72,1.968,1.968,17.441517791514944,78.37601852830946,2.031,45.0,2.9458,-0.6004,9.3572,-0.03252,-0.01142,-0.00127,17.44150564364702,78.37601539030453,3.5,0
2.74,1.997,1.997,17.44151805315487,78.3760188007846,2.046,45.0,-0.5115,2.7894,8.5331,0.00398,0.01286,-0.00834,17.44149024960385,78.37602952481052,3.5,0
2.76,2.026,2.026,17.441518316704574,78.3760190752486,2.061,45.0,-2.6542,1.0418,12.4432,-0.01198,0.03432,-0.04238,17.441521466553155,78.37603310138242,3.5,0
2.78,2.055,2.055,17.44151858216406,78.37601935170149,2.076,45.0,1.0935,-2.121,5.9854,-0.01377,-0.01138,-0.05937,17.44150146848584,78.37600434865445,3.5,0
2.8,2.085,2.085,17.441518849533328,78.37601963014323,2.091,45.0,2.6452,0.7411,14.1598,-0.00339,-0.00609,-0.00681,17.44151781800816,78.3760161657329,3.5,0
2.82,2.115,2.115,17.441519118812376,78.37601991057386,2.106,45.0,-1.8266,4.0388,5.3077,0.01741,-0.03401,0.02805,17.44152223007796,78.37598637134938,3.5,0
2.84,2.145,2.145,17.441519390001204,78.37602019299335,2.121,45.0,-2.2521,-1.057,13.7642,0.02323,0.00067,0.01615,17.441530278723587,78.37602525081,3.5,0
2.86,2.175,2.175,17.44151966309981,78.3760204774017,2.136,45.0,3.1017,-1.7309,6.6987,-0.01886,0.02108,0.03587,17.44153279215957,78.37602093203273,3.5,0
2.88,2.205,2.205,17.4415199381082,78.37602076379893,2.151,45.0,0.8035,2.4256,11.5557,0.03917,0.01353,0.05807,17.44150785130649,78.37599791965816,3.5,0
2.9,2.236,2.236,17.44152021502637,78.37602105218502,2.166,45.0,-2.8403,2.8339,9.4312,0.00807,-0.01831,-0.00389,17.4415394939957,78.37599139938196,3.5,0
2.92,2.267,2.267,17.44152049385432,78.37602134256,2.181,45.0,-0.0349,-1.7033,8.6183,0.01096,-0.01157,-0.01571,17.441521149659266,78.37602472932731,3.5,0
2.94,2.298,2.298,17.44152077459205,78.37602163492383,2.196,45.0,2.5869,-0.2629,12.2593,-0.01962,-0.01237,-0.0121,17.44150795888291,78.37601265958773,3.5,0
2.96,2.329,2.329,17.441521057239562,78.37602192927653,2.21,45.0,-1.1451,3.9242,6.2146,-0.00098,0.02086,-0.00288,17.441534687357663,78.37602949123439,3.5,0
2.98,2.36,2.36,17.441521341796854,78.3760222256181,2.225,45.0,-2.4378,0.4416,14.0191,-0.00203,-0.04023,0.01189,17.441548393152228,78.37600165554143,3.5,0
3.0,2.392,2.392,17.441521628263924,78.37602252394855,2.24,45.0,1.6852,-2.8474,2.9188,-0.03504,-0.01809,-0.03251,17.441528990202467,78.37603455558076,3.5,0
3.02,2.424,2.424,17.441521916640777,78.37602282426786,2.255,45.0,2.1008,1.7193,14.0887,-0.0007,0.00436,-0.02718,17.441523627749035,78.3760242210482,3.5,0
3.04,2.456,2.456,17.44152220692741,78.37602312657604,2.27,45.0,-3.0485,2.7161,6.0739,0.01575,0.00178,-0.00673,17.441536969286492,78.3760127184044,3.5,0
3.06,2.488,2.488,17.441522499123824,78.3760234308731,2.285,45.0,-0.8911,-1.0709,12.5563,-0.0108,-0.0312,0.02638,17.441498117359373,78.3760232740142,3.5,0
3.08,2.521,2.521,17.441522793230018,78.37602373715902,2.3,45.0,3.3228,-1.2998,8.1947,-0.01548,0.02847,-0.00314,17.441499705867564,78.37601433019171,3.5,0
3.1,2.554,2.554,17.44152308924599,78.37602404543381,2.315,45.0,-0.1264,3.8253,10.071,0.02105,-0.01665,0.02857,17.441536135547214,78.37600491844789,3.5,0
3.12,2.587,2.587,17.441523387171745,78.37602435569748,2.33,45.0,-2.3771,1.2304,10.8182,0.00378,-0.0176,0.00715,17.44154073228349,78.37600356894022,3.5,0
3.14,2.62,2.62,17.44152368700728,78.37602466795,2.345,45.0,1.0692,-1.4142,7.542,-0.00144,-0.01108,-0.0043,17.441509490721693,78.37605966864665,3.5,0
3.16,2.653,2.653,17.441523988752596,78.37602498219141,2.36,45.0,2.5158,0.3733,13.0425,0.00328,-0.00265,0.00808,17.441506467146908,78.37605900396942,3.5,0
3.18,2.687,2.687,17.441524292407692,78.37602529842168,2.375,45.0,-1.3495,3.5992,5.7901,0.01121,0.0206,-0.00153,17.441512176947974,78.37601345157856,3.5,0
3.2,2.721,2.721,17.44152459797257,78.37602561664082,2.39,45.0,-2.8155,0.4952,14.1922,0.01723,0.0223,-0.0059,17.44153891056481,78.37602249573958,3.5,0
3.22,2.755,2.755,17.441524905447228,78.37602593684883,2.405,45.0,2.7144,-2.2258,5.2915,0.01973,0.02632,0.03475,17.441517042094112,78.37605636891222,3.5,0
3.24,2.789,2.789,17.441525214831664,78.37602625904572,2.42,45.0,2.3522,2.2683,14.0091,0.00824,-0.02824,0.03081,17.44151462071839,78.37602824325248,3.5,0
3.261,2.823,2.823,17.441525526125883,78.37602658323146,2.435,45.0,-3.1258,1.909,6.1106,0.02565,0.00108,-0.00403,17.441512560449453,78.37605079018199,3.5,0
3.281,2.858,2.858,17.44152583932988,78.37602690940608,2.449,45.0,-0.6506,-1.4734,12.6452,-0.03679,-0.00725,-0.00746,17.44153062822777,78.37606400587075,3.5,0
3.301,2.893,2.893,17.44152615444366,78.37602723756957,2.464,45.0,3.3392,-1.5269,7.9128,0.02133,0.00937,0.03556,17.441507181709923,78.37603094089505,3.5,0
3.321,2.928,2.928,17.44152647146722,78.37602756772193,2.479,45.0,0.6505,2.5148,10.5509,-0.00456,0.0208,-0.00577,17.44152688544005,78.37603491368397,3.5,0
3.341,2.963,2.963,17.44152679040056,78.37602789986316,2.494,45.0,-2.3879,1.8388,10.1462,-0.02352,-0.00853,0.02032,17.441488424567577,78.3760501741917,3.5,0
3.361,2.999,2.999,17.44152711124368,78.37602823399325,2.509,45.0,0.4794,-1.805,8.3142,0.02057,0.0057,0.02337,17.441518782050597,78.37602457481297,3.5,0
3.381,3.034,3.034,17.44152743399658,78.37602857011223,2.524,45.0,2.818,0.375,12.2272,0.00036,-0.00524,0.03167,17.441522783612005,78.3760547230064,3.5,0
3.401,3.07,3.07,17.441527758659262,78.37602890822006,2.539,45.0,-1.5809,3.562,6.4908,0.01813,-0.0237,0.0335,17.44156016431007,78.37603133791727,3.5,0
3.421,3.106,3.106,17.441528085231724,78.37602924831677,2.554,45.0,-3.0395,0.3349,13.6927,-0.00526,-0.0241,-0.00319,17.441496191837825,78.37607051486496,3.5,0
3.441,3.143,3.143,17.441528413713964,78.37602959040234,2.569,45.0,1.9475,-1.9402,5.4455,0.00708,0.02904,0.03698,17.441541574778977,78.3760302508088,3.5,0
3.461,3.179,3.179,17.441528744105987,78.37602993447679,2.584,45.0,2.5042,1.4586,14.2627,-0.00318,0.04307,0.02343,17.44153096946487,78.37604445427465,3.5,0
3.481,3.216,3.216,17.441529076407793,78.3760302805401,2.599,45.0,-2.2982,3.6658,5.3354,0.00067,-0.01545,-0.01486,17.44154605542878,78.37602763228209,3.5,0
3.501,3.253,3.253,17.441529410619378,78.37603062859229,2.614,45.0,-1.3903,-0.3048,13.9072,-0.01111,0.01358,0.01656,17.441554688488342,78.37600909731238,3.5,0
3.521,3.29,3.29,17.44152974674074,78.37603097863334,2.629,45.0,3.2375,-1.1523,7.252,-0.02338,0.00033,0.02953,17.441530581510303,78.37605114657688,3.5,0
3.541,3.327,3.327,17.441530084771884,78.37603133066327,2.644,45.0,1.7736,2.1441,12.7778,-0.02037,-0.02688,-0.02485,17.441516083164892,78.37605373921656,3.5,0
3.561,3.365,3.365,17.44153042471281,78.37603168468206,2.659,45.0,-3.1551,2.3604,7.5179,0.00459,0.01936,0.01008,17.441564409426526,78.37599778725351,3.5,0
3.581,3.403,3.403,17.441530766563517,78.37603204068972,2.673,45.0,0.6321,-1.7515,11.1535,-0.01103,0.00231,0.03485,17.441544613307588,78.37601131474646,3.5,0
3.601,3.441,3.441,17.441531110324004,78.37603239868626,2.688,45.0,3.4852,-0.9184,9.2714,0.01085,-0.03472,-0.01942,17.441500878444497,78.37603924789545,3.5,0
3.621,3.479,3.479,17.44153145599427,78.37603275867166,2.703,45.0,-0.4513,3.3045,9.358,-0.00253,0.01268,0.02168,17.441557629604812,78.37602901687279,3.5,0
3.641,3.517,3.517,17.441531803574318,78.37603312064593,2.718,45.0,-3.5603,1.9481,11.0434,-0.00934,0.03438,-0.03593,17.44151715749743,78.37604774936543,3.5,0
3.661,3.556,3.556,17.441532153064145,78.37603348460907,2.733,45.0,0.9912,-2.0408,7.6809,0.03509,-0.0247,-0.04311,17.44153890214915,78.37599839890683,3.5,0
3.681,3.595,3.595,17.44153250446375,78.37603385056109,2.748,45.0,2.962,0.2365,12.5597,-0.01203,-0.02099,0.00629,17.441560060633027,78.37606821717496,3.5,0
3.701,3.634,3.634,17.44153285777314,78.37603421850197,2.763,45.0,-1.0142,3.539,6.3638,0.00371,0.00887,-0.01457,17.441524897492865,78.37602509248251,3.5,0
3.721,3.673,3.673,17.441533212992308,78.37603458843172,2.778,45.0,-2.5616,0.4261,13.6351,0.03513,0.02503,0.05254,17.441531861377033,78.37603544113757,3.5,0
3.741,3.713,3.713,17.44153357012126,78.37603496035034,2.793,45.0,1.8279,-2.4663,5.5336,0.01913,-0.00831,-0.03969,17.441544735097096,78.3760401002134,3.5,0
3.761,3.753,3.753,17.441533929159988,78.37603533425782,2.808,45.0,2.1472,0.5263,14.1806,0.00678,0.01083,-0.00505,17.441517108576647,78.37606408509068,3.5,0
3.781,3.792,3.792,17.4415342901085,78.37603571015418,2.823,45.0,-2.832,3.0961,5.2577,-0.01326,0.01209,-0.01185,17.44156605925521,78.3760106551403,3.5,0
3.801,3.833,3.833,17.44153465296679,78.37603608803941,2.838,45.0,-2.2372,-0.118,14.2064,-0.04035,0.03288,-0.01,17.441541573895524,78.37603867930251,3.5,0
3.821,3.873,3.873,17.44153501773486,78.37603646791352,2.853,45.0,2.9543,-2.116,5.4879,-0.05154,-0.01838,0.06259,17.441591288680065,78.37601510503998,3.5,0
3.841,3.914,3.914,17.441535384412713,78.37603684977648,2.868,45.0,1.7588,1.9984,13.749,-0.00747,0.01212,-0.0234,17.441552104186954,78.37605438361902,3.5,0
3.861,3.954,3.954,17.441535753000345,78.37603723362832,2.883,45.0,-3.3453,3.1839,6.1365,0.03484,0.03293,-0.02432,17.441557154404844,78.37603121740808,3.5,0
3.881,3.995,3.995,17.44153612349776,78.37603761946903,2.898,45.0,-1.145,-0.8618,12.9342,-0.0151,0.01444,0.03006,17.441525890389222,78.3760454946887,3.5,0
3.901,4.036,4.036,17.441536495904952,78.3760380072986,2.912,45.0,3.2038,-1.7912,7.0857,-0.01982,0.0412,-0.0625,17.44154437224959,78.37603139802454,3.5,0
3.921,4.078,4.078,17.441536870221928,78.37603839711706,2.927,45.0,0.4299,3.1428,11.8822,-0.00425,0.00278,0.00074,17.44154755569282,78.3760745083037,3.5,0
3.941,4.119,4.119,17.441537246448682,78.37603878892438,2.942,45.0,-3.0892,2.8884,8.2151,0.00304,0.00228,-0.05181,17.441546377985997,78.37602626990605,3.5,0
3.961,4.161,4.161,17.441537624585216,78.37603918272056,2.957,45.0,-0.3189,-2.0653,10.7134,0.00612,-0.01696,-0.06051,17.441513813223423,78.3760492094558,3.5,0
3.981,4.203,4.203,17.441538004631532,78.37603957850561,2.972,45.0,2.738,-1.0876,9.3983,0.02357,0.01939,-0.00885,17.441540766520315,78.37600192775065,3.5,0
4.001,4.246,4.246,17.441538386587627,78.37603997627954,2.987,45.0,0.0614,3.6468,9.5378,-0.01695,0.03966,-0.06194,17.441529379067422,78.37605015028659,3.5,0
4.021,4.288,4.288,17.4415387704535,78.37604037604234,3.002,45.0,-2.9687,1.7458,10.5425,0.02606,-0.04312,-0.03587,17.441536564480046,78.37601404447102,3.5,0
4.041,4.331,4.331,17.441539156229158,78.376040777794,3.017,45.0,0.8999,-2.8384,8.449,0.01389,-0.02008,-0.02464,17.441553439791193,78.37607176706298,3.5,0
4.061,4.374,4.374,17.441539543914597,78.37604118153453,3.032,45.0,3.5477,-0.6897,11.5781,-0.01125,0.02017,0.02982,17.441533631405733,78.37602972763965,3.5,0
4.081,4.417,4.417,17.441539933509816,78.37604158726394,3.047,45.0,-1.3954,3.3057,7.4925,-0.0177,0.03606,0.00581,17.44157222028047,78.37602471280496,3.5,0
4.101,4.46,4.46,17.441540325014813,78.37604199498222,3.062,45.0,-3.4179,0.7203,12.4444,-0.02586,0.03569,-0.00832,17.441554527270824,78.37604697648963,3.5,0
4.121,4.503,4.503,17.441540718429593,78.37604240468936,3.077,45.0,1.367,-2.2576,6.7119,0.02387,0.00707,0.02917,17.44154729291243,78.37601968574569,3.5,0
4.141,4.547,4.547,17.441541113754152,78.37604281638536,3.092,45.0,3.1187,0.4861,13.1466,-0.00551,0.02728,-0.09664,17.44154693082245,78.3760286230037,3.5,0
4.161,4.591,4.591,17.44154151098849,78.37604323007025,3.107,45.0,-1.2573,4.0647,6.1083,-0.00561,0.00772,-0.05527,17.441544215613092,78.3760473559014,3.5,0
4.181,4.635,4.635,17.44154191013261,78.376043645744,3.122,45.0,-1.2381,0.501,13.6584,0.00564,-0.03383,-0.04928,17.441568246977774,78.3760339693898,3.5,0
4.201,4.68,4.68,17.44154231118651,78.37604406340662,3.136,45.0,4.21,1.3466,13.2561,-0.02154,0.00829,0.02913,17.441515777856367,78.37606004288303,3.5,0
4.221,4.724,4.724,17.44154271415019,78.37604448305812,3.151,45.0,3.0652,1.5665,14.0034,0.03089,-0.01401,0.02092,17.44155687463747,78.37606574558913,3.5,0
4.241,4.769,4.769,17.441543119023653,78.37604490469847,3.166,45.0,-1.5766,4.0219,5.424,0.007,0.00452,0.00143,17.44152832375109,78.37605553101643,3.5,0
4.261,4.814,4.814,17.441543525806896,78.3760453283277,3.181,45.0,-2.2096,0.2527,14.1983,0.0065,0.0204,0.04181,17.44154013250113,78.37602321971015,3.5,0
4.281,4.859,4.859,17.44154393449992,78.37604575394582,3.196,45.0,2.0016,-2.8338,5.2972,-0.00132,-0.01131,0.02731,17.44154624680033,78.37603257398224,3.5,0
4.301,4.905,4.905,17.44154434510272,78.37604618155278,3.211,45.0,2.5933,1.6095,14.2655,-0.02696,-0.02879,0.01911,17.441532614025654,78.37602810690284,3.5,0
4.321,4.95,4.95,17.441544757615304,78.37604661114862,3.226,45.0,-2.6228,3.7705,5.268,0.02172,0.00924,-0.0323,17.441552340498003,78.37604200332254,3.5,0
4.341,4.996,4.996,17.441545172037667,78.37604704273333,3.241,45.0,-2.2517,-0.2797,14.2389,0.04595,0.03055,0.01555,17.441582853296655,78.37605452869089,3.5,0
4.361,5.042,5.042,17.441545588369813,78.37604747630691,3.256,45.0,2.2327,-1.2369,5.3213,-0.01641,-0.01659,0.02578,17.441555681843553,78.37605428740558,3.5,0
4.381,5.088,5.088,17.441546006611738,78.37604791186936,3.271,45.0,2.0195,2.1022,14.1502,-0.01779,-0.00221,0.03733,17.44154251542157,78.37607943942355,3.5,0
4.401,5.135,5.135,17.44154642676344,78.37604834942067,3.286,45.0,-1.6408,3.4571,5.425,-0.01631,0.02009,0.00503,17.44152528071565,78.37607990249744,3.5,0
4.421,5.181,5.181,17.441546848824927,78.37604878896087,3.301,45.0,-2.6289,-0.1055,14.0155,-0.01399,-0.01192,-0.02508,17.4415293613454,78.37605791240652,3.5,0
4.441,5.228,5.228,17.441547272796196,78.37604923048993,3.316,45.0,2.9026,-1.6842,5.5595,0.02986,0.02396,-0.00988,17.441519550610565,78.37606060759367,3.5,0
4.461,5.275,5.275,17.44154769867724,78.37604967400785,3.331,45.0,1.0814,1.0059,13.8639,-0.01968,-0.03245,0.02706,17.44154500923748,78.3760285509455,3.5,0
4.481,5.323,5.323,17.44154812646807,78.37605011951464,3.346,45.0,-2.9286,2.9204,5.7074,0.04787,0.01037,0.00556,17.44155264640706,78.37606694577194,3.5,0
4.501,5.37,5.37,17.441548556168676,78.37605056701031,3.361,45.0,-1.2351,-0.2527,13.7143,0.03815,0.0345,-0.03329,17.44154295628261,78.37605952777686,3.5,0
4.521,5.418,5.418,17.441548987779065,78.37605101649486,3.375,45.0,2.7708,-2.025,5.8461,0.01688,-0.00946,0.00463,17.441540278267837,78.37605879240498,3.5,0
4.541,5.466,5.466,17.441549421299232,78.37605146796825,3.39,45.0,1.1052,2.0896,13.5746,0.01267,0.00334,-0.05085,17.441554415831522,78.3760549569818,3.5,0
4.561,5.514,5.514,17.441549856729182,78.37605192143053,3.405,45.0,-3.122,2.6259,5.9608,0.01812,-0.05593,0.0001,17.4415573985356,78.37607877585965,3.5,0
4.581,5.563,5.563,17.44155029406891,78.37605237688167,3.42,45.0,-1.2538,-0.1353,13.4555,-0.01021,-0.01286,0.05867,17.44155485411645,78.37608486337362,3.5,0
4.601,5.611,5.611,17.441550733318422,78.3760528343217,3.435,45.0,2.5232,-0.9588,6.0549,-0.02219,0.0008,0.02054,17.441548717325762,78.37605529222249,3.5,0
4.621,5.66,5.66,17.441551174477713,78.37605329375057,3.45,45.0,1.5203,1.9109,13.3874,0.00334,0.02402,-0.01673,17.441541157442572,78.37606345981693,3.5,0
4.641,5.709,5.709,17.441551617546786,78.37605375516833,3.465,45.0,-2.8591,3.0469,6.1138,-0.02635,0.02934,0.08659,17.441572211612392,78.37604386194718,3.5,0
4.661,5.758,5.758,17.441552062525638,78.37605421857495,3.48,45.0,-1.7206,-1.1849,13.3436,-0.01412,0.01586,-0.03426,17.44154598129916,78.37605915097137,3.5,0
4.681,5.808,5.808,17.44155250941427,78.37605468397045,3.495,45.0,3.6923,-1.3748,6.1333,0.01621,-0.03028,-0.0412,17.441569404711583,78.37606637143381,3.5,0
4.701,5.857,5.857,17.441552958212682,78.3760551513548,3.51,45.0,1.6638,2.4757,13.3462,0.00898,-0.00086,-0.03113,17.44154734005546,78.37602669039022,3.5,0
4.721,5.907,5.907,17.441553408920875,78.37605562072804,3.525,45.0,-3.6897,3.3073,6.1108,0.02888,-0.00208,-0.02656,17.441553870395087,78.3760392817507,3.5,0
4.741,5.957,5.957,17.441553861538846,78.37605609209014,3.54,45.0,-1.4104,-0.7699,13.3807,-0.00537,0.01366,0.03653,17.4415587299155,78.37606691476527,3.5,0
4.761,6.007,6.007,17.4415543160666,78.37605656544112,3.555,45.0,2.5521,-0.4755,6.0486,0.03572,0.01435,-0.00701,17.441547593807393,78.37606091121071,3.5,0
4.781,6.058,6.058,17.441554772504137,78.37605704078095,3.57,45.0,1.8194,1.7954,13.4601,-0.01291,-0.00119,-0.03567,17.44153759889126,78.37606061539024,3.5,0
4.801,6.109,6.109,17.44155523085145,78.37605751810966,3.585,45.0,-3.1472,2.3377,5.947,0.01844,0.01068,-0.03218,17.44151370653836,78.37605962822822,3.5,0
4.821,6.159,6.159,17.441555691108547,78.37605799742725,3.599,45.0,-1.6342,-0.9772,13.5655,0.0035,-0.01329,0.02879,17.44154886500346,78.37607782732738,3.5,0
4.841,6.211,6.211,17.44155615327542,78.3760584787337,3.614,45.0,2.9478,-2.3492,5.8219,0.02224,0.02429,-0.01529,17.441557268121887,78.37607474586834,3.5,0
4.861,6.262,6.262,17.441556617352077,78.37605896202902,3.629,45.0,1.9677,1.4899,13.6978,-0.01447,-0.01569,-0.02988,17.441567372727363,78.37605134138506,3.5,0
4.881,6.313,6.313,17.441557083338516,78.37605944731321,3.644,45.0,-3.2196,2.7077,5.6778,0.01794,-0.00285,-0.0317,17.441586883548883,78.37608184933188,3.5,0
4.901,6.365,6.365,17.441557551234734,78.37605993458627,3.659,45.0,-1.9097,-1.0301,13.8454,0.00987,0.02686,-0.00051,17.441566521396727,78.37606001511321,3.5,0
4.921,6.417,6.417,17.44155802104073,78.37606042384819,3.674,45.0,2.4263,-2.22,5.5314,-0.01675,0.01265,-0.02671,17.44156075402731,78.37603275258896,3.5,0
4.941,6.469,6.469,17.44155849275651,78.37606091509899,3.689,45.0,1.5824,2.0756,13.9924,0.04569,-0.01055,-0.00781,17.44155575462264,78.37606917736089,3.5,0
4.961,6.522,6.522,17.44155896638207,78.37606140833866,3.704,45.0,-1.8739,3.0063,5.3874,-0.00191,0.00672,-0.01693,17.44156478645745,78.37603724895581,3.5,0
4.981,6.574,6.574,17.441559441917406,78.37606190356719,3.719,45.0,-1.873,-0.4927,14.1189,0.01771,0.00715,-0.00993,17.441571848296256,78.37607284796921,3.5,0
5.001,6.627,6.627,17.441559919362525,78.3760624007846,3.734,45.0,1.8986,-1.602,5.2887,0.01318,0.03918,0.01211,17.441591319899715,78.37605118971013,3.5,0
5.021,6.68,6.68,17.441560398717428,78.37606289999088,3.749,45.0,2.4845,1.2651,14.218,-0.02345,0.02114,-0.03756,17.441563683754765,78.37602461944968,3.5,0
5.041,6.733,6.733,17.441560879982106,78.37606340118603,3.764,45.0,-1.4847,3.2202,5.2434,0.02074,0.01749,0.01366,17.441551116627842,78.37606770433361,3.5,0
5.061,6.787,6.787,17.44156136315657,78.37606390437004,3.779,45.0,-1.9298,0.0556,14.2368,-0.02284,-0.01422,-0.05452,17.441555975480473,78.37609078251496,3.5,0
5.081,6.84,6.84,17.44156184824081,78.37606440954293,3.794,45.0,1.4879,-2.8535,5.2669,-0.00724,-0.01335,0.02451,17.441546457908565,78.37605558893407,3.5,0
5.101,6.894,6.894,17.44156233523483,78.37606491670469,3.809,45.0,2.2393,0.2321,14.157,0.00801,-0.0102,-0.01064,17.44160820013918,78.37607193985087,3.5,0
5.121,6.948,6.948,17.441562824138636,78.37606542585532,3.824,45.0,-1.4702,3.5659,5.3956,0.00237,0.03723,0.01998,17.441541630535244,78.376069731726,3.5,0
5.141,7.003,7.003,17.441563314952216,78.3760659369948,3.838,45.0,-2.9534,0.5533,13.9538,0.01373,-0.00569,0.00952,17.441558305128996,78.37602906594012,3.5,0
5.161,7.057,7.057,17.441563807675582,78.37606645012316,3.853,45.0,1.845,-1.3106,5.6732,-0.0453,-0.00377,0.04145,17.441561915016738,78.3760702855241,3.5,0
5.181,7.112,7.112,17.441564302308723,78.3760669652404,3.868,45.0,3.0415,0.7727,13.6079,-0.02709,-0.02495,-0.00083,17.441567575037173,78.37607684565755,3.5,0
5.201,7.167,7.167,17.44156479885165,78.3760674823465,3.883,45.0,-1.8706,3.7871,6.1117,0.01483,-0.02292,0.0386,17.441561998795812,78.37605998773009,3.5,0
5.221,7.222,7.222,17.441565297304354,78.37606800144148,3.898,45.0,-2.9902,0.7971,13.1024,-0.00202,0.00458,0.01611,17.441558269792893,78.37606207038914,3.5,0
5.241,7.277,7.277,17.44156579766684,78.37606852252532,3.913,45.0,-0.1901,-2.0029,6.7329,0.00863,0.02527,-0.03873,17.44155867191617,78.37606283290145,3.5,0
5.261,7.333,7.333,17.441566299939105,78.37606904559803,3.928,45.0,2.5899,0.8082,12.401,0.01009,0.00172,0.02732,17.44157519272217,78.37607945103049,3.5,0
5.281,7.389,7.389,17.441566804121152,78.37606957065961,3.943,45.0,-0.9693,2.5303,7.5214,-0.01813,0.00331,0.00227,17.44156981420441,78.3760463147533,3.5,0
5.301,7.445,7.445,17.441567310212978,78.37607009771007,3.958,45.0,-3.6806,1.6503,11.5197,-0.02457,0.03651,-0.01302,17.44156766493623,78.37604258747825,3.5,0
5.321,7.501,7.501,17.441567818214587,78.3760706267494,3.973,45.0,1.0599,-1.1038,8.4902,0.01692,0.00293,0.00073,17.441563426775655,78.37608238498534,3.5,0
5.341,7.557,7.557,17.441568328125975,78.37607115777757,3.988,45.0,2.5705,-0.3644,10.4837,-0.01255,0.00223,-0.0261,17.441562956805523,78.37605613905855,3.5,0
5.361,7.614,7.614,17.44156883994714,78.37607169079465,4.003,45.0,-0.2804,3.8023,9.5841,0.00608,0.02352,0.0784,17.441590813753354,78.37608777021255,3.5,0
5.381,7.671,7.671,17.44156935367809,78.37607222580057,4.018,45.0,-3.1912,1.8617,9.3285,-0.00053,0.02003,-0.00949,17.441576223469273,78.37607532909084,3.5,0
5.401,7.728,7.728,17.441569869318823,78.37607276279537,4.033,45.0,0.1698,-1.64,10.7514,-0.02085,-0.00824,-0.0313,17.441581728116233,78.3760616452792,3.5,0
5.421,7.785,7.785,17.44157038686933,78.37607330177904,4.048,45.0,2.524,-1.0875,8.1412,-0.00824,-0.0023,-0.06549,17.44159729526377,78.37605386752507,3.5,0
5.441,7.842,7.842,17.44157090632962,78.37607384275158,4.062,45.0,1.2148,1.8204,11.9188,0.02197,0.01143,0.02359,17.441593911136827,78.37601740255285,3.5,0
5.461,7.9,7.9,17.441571427699692,78.37607438571298,4.077,45.0,-3.0763,2.2485,7.0223,0.00547,0.00743,0.00569,17.441565842565662,78.37606356212343,3.5,0
5.481,7.958,7.958,17.441571950979544,78.37607493066326,4.092,45.0,-1.6843,-1.5252,12.9537,-0.00486,0.03423,-0.00211,17.441565256540198,78.37607581835299,3.5,0
5.501,8.016,8.016,17.441572476169174,78.37607547760241,4.107,45.0,2.9786,-1.3353,6.0714,0.0098,-0.00241,0.01448,17.441563040073305,78.37607992352773,3.5,0
5.521,8.074,8.074,17.441573003268587,78.37607602653043,4.122,45.0,1.7065,2.3906,13.7524,0.02949,0.01719,0.01728,17.441561879565842,78.37604867623791,3.5,0
5.541,8.133,8.133,17.44157353227778,78.37607657744732,4.137,45.0,-2.871,3.3226,5.4372,0.00166,0.01226,0.02155,17.44158823996117,78.37606515360199,3.5,0
5.561,8.191,8.191,17.441574063196754,78.37607713035308,4.152,45.0,-2.1165,0.0111,14.1763,0.04445,0.01139,-0.01107,17.44157528811509,78.37610001599833,3.5,0
5.581,8.25,8.25,17.441574596025507,78.37607768524771,4.167,45.0,2.0341,-2.1018,5.2219,0.00876,-0.00892,-0.05228,17.441573303913948,78.37611566818997,3.5,0
5.601,8.309,8.309,17.44157513076404,78.3760782421312,4.182,45.0,2.4782,1.6598,14.1378,-0.00349,0.00213,-0.02694,17.441585723989014,78.37608993969177,3.5,0
5.621,8.369,8.369,17.441575667412355,78.37607880100356,4.197,45.0,-1.5824,3.4421,5.5295,0.00976,0.00355,0.00781,17.441596166535863,78.37607901355496,3.5,0
5.641,8.428,8.428,17.44157620597045,78.3760793618648,4.212,45.0,-2.1979,0.6482,13.558,0.04752,0.03162,-0.01073,17.441597208916733,78.37605291547432,3.5,0
5.661,8.488,8.488,17.441576746438326,78.3760799247149,4.227,45.0,0.7616,-2.2428,6.3713,0.0295,-0.00209,0.02463,17.441596739617225,78.37608033353114,3.5,0
5.681,8.548,8.548,17.44157728881598,78.37608048955387,4.242,45.0,3.8351,0.447,12.4525,-0.02636,0.00346,0.02885,17.44156252558546,78.37607091204453,3.5,0
5.701,8.608,8.608,17.44157783310342,78.37608105638172,4.257,45.0,-1.5627,3.1894,7.7045,-0.02817,0.0042,-0.00745,17.44159624581735,78.37610841621675,3.5,0
5.721,8.669,8.669,17.441578379300633,78.37608162519844,4.272,45.0,-3.2767,2.0486,10.9093,-0.00395,0.04097,-0.0266,17.44157183475212,78.37607513375094,3.5,0
5.741,8.729,8.729,17.441578927407633,78.37608219600402,4.287,45.0,0.302,-2.2984,9.3897,0.04576,0.01931,-0.01747,17.441588876896326,78.37609751676506,3.5,0
5.761,8.79,8.79,17.441579477424412,78.37608276879847,4.301,45.0,3.2566,-1.2745,9.1385,0.00485,0.0164,-0.00231,17.441584646133666,78.37607770177031,3.5,0
5.781,8.851,8.851,17.44158002935097,78.3760833435818,4.316,45.0,0.2395,3.1371,11.1883,-0.01275,0.0068,0.00507,17.44153728491124,78.37610418213923,3.5,0
5.801,8.913,8.913,17.441580583187307,78.37608392035399,4.331,45.0,-3.2093,2.58,7.3945,0.04224,-0.00435,0.03846,17.441575841753078,78.37608258682994,3.5,0
5.821,8.974,8.974,17.441581138933426,78.37608449911505,4.346,45.0,-1.4145,-1.3065,12.7955,0.02167,0.02566,0.00597,17.441602872064674,78.37609207139928,3.5,0
5.841,9.036,9.036,17.441581696589328,78.37608507986498,4.361,45.0,2.5573,-1.3175,5.9976,-0.00495,-0.0034,0.00166,17.441600947029055,78.37608433147996,3.5,0
5.861,9.098,9.098,17.44158225615501,78.37608566260378,4.376,45.0,2.098,1.6953,13.8861,-0.01072,0.04197,-0.05363,17.4415826895805,78.37609699285188,3.5,0
5.881,9.16,9.16,17.44158281763047,78.37608624733146,4.391,45.0,-2.0164,3.6093,6.3003,0.02116,0.00791,0.02293,17.441572225824743,78.37606989381908,3.5,0
5.901,9.222,9.222,17.441583381015707,78.376086834048,4.406,45.0,-2.6615,0.5208,14.1918,-0.01807,0.01762,-0.00579,17.441577996718102,78.37610436847375,3.5,0
5.921,9.284,9.284,17.441583946310733,78.3760874227534,4.421,45.0,2.2159,-1.5074,5.4118,-0.00904,0.00487,-0.05401,17.44160162600646,78.3760545345699,3.5,0
5.941,9.347,9.347,17.441584513515533,78.37608801344768,4.436,45.0,2.8639,1.3321,13.5712,0.00387,0.05798,-0.06562,17.441602955545825,78.37609723015764,3.5,0
5.961,9.41,9.41,17.441585082630116,78.37608860613084,4.451,45.0,-0.9552,3.3229,6.4925,-0.0086,-0.01631,-0.01438,17.44161414262486,78.37606992756244,3.5,0
5.981,9.473,9.473,17.441585653654478,78.37608920080285,4.466,45.0,-2.8705,1.7618,12.0658,-0.01684,-0.00303,0.01923,17.441584220694935,78.37610134136428,3.5,0
6.001,9.537,9.537,17.441586226588623,78.37608979746373,4.481,45.0,0.1133,-2.3663,8.339,0.00849,-0.01389,-0.03966,17.441630823809756,78.3761123436496,3.5,0
6.021,9.6,9.6,17.441586801432546,78.3760903961135,4.496,45.0,2.9275,-0.9821,9.9553,0.0042,-0.02011,-0.00288,17.441576295177015,78.3760664785132,3.5,0
6.041,9.664,9.664,17.441587378186252,78.37609099675213,4.511,45.0,0.5632,2.0331,10.5731,0.00569,0.01132,-0.04987,17.441626413338483,78.37607262336078,3.5,0
6.061,9.728,9.728,17.441587956849737,78.37609159937962,4.525,45.0,-2.922,3.1875,7.7244,-0.03926,-0.00344,-0.02066,17.44161641978001,78.37607526621305,3.5,0
6.081,9.792,9.792,17.441588537423,78.376092203996,4.54,45.0,-1.173,-1.5177,12.645,0.02304,-0.00189,-0.0278,17.44158480487537,78.37611726705356,3.5,0
6.101,9.857,9.857,17.441589119906048,78.37609281060122,4.555,45.0,2.8261,-1.7263,5.9594,-0.03762,-0.00092,-0.0264,17.44159913955874,78.37606816830267,3.5,0
6.121,9.921,9.921,17.441589704298874,78.37609341919533,4.57,45.0,1.7286,0.7031,11.9382,0.00653,0.00557,0.02142,17.4415806037954,78.3760808728393,3.5,0
6.141,9.986,9.986,17.441590290601482,78.37609402977832,4.585,45.0,-2.5999,3.6136,5.2012,0.04594,-0.02391,-0.00973,17.441592864825246,78.37606206863305,3.5,0
6.161,10.051,10.051,17.44159087881387,78.37609464235015,4.6,45.0,-2.3287,0.033,14.0851,0.01844,-0.01858,0.01644,17.44161298101261,78.37610244780524,3.5,0
6.181,10.116,10.116,17.441591468936036,78.37609525691087,4.615,45.0,1.4973,-2.6526,5.7609,-0.00568,-0.02065,0.00794,17.44159067285227,78.37610269679404,3.5,0
6.201,10.182,10.182,17.441592060967984,78.37609587346046,4.63,45.0,2.8246,0.5407,12.8696,-0.01019,0.00641,0.01083,17.441574986514016,78.37605882130363,3.5,0
6.221,10.248,10.248,17.441592654909716,78.37609649199891,4.645,45.0,-0.3882,2.8057,7.5639,-0.002,0.00587,-0.01292,17.44156996743538,78.37612095138675,3.5,0
6.241,10.314,10.314,17.441593250761223,78.37609711252624,4.66,45.0,-2.8983,1.4191,10.6104,0.0233,0.00468,0.00816,17.441583686969707,78.37610609875784,3.5,0
6.261,10.38,10.38,17.441593848522515,78.37609773504242,4.675,45.0,0.1311,-2.5672,10.1163,0.01228,0.01427,-0.00342,17.4415970513857,78.37607964396364,3.5,0
6.281,10.446,10.446,17.441594448193584,78.3760983595475,4.69,45.0,3.6101,-1.6949,7.9929,0.0007,0.0111,-0.01219,17.441615621314124,78.37606968233857,3.5,0
6.301,10.513,10.513,17.441595049774435,78.37609898604143,4.705,45.0,1.0404,2.594,12.5731,0.02072,-0.02749,0.07465,17.441586291354607,78.37613032862087,3.5,0
6.321,10.579,10.579,17.441595653265065,78.37609961452422,4.72,45.0,-2.594,2.2334,5.9129,-0.02568,0.00166,-0.00751,17.44160426345968,78.37610799484024,3.5,0
6.341,10.646,10.646,17.441596258665477,78.3761002449959,4.735,45.0,-2.1208,-1.0596,14.0453,-0.0116,0.00785,0.01852,17.441628474110832,78.37610236087109,3.5,0
6.361,10.713,10.713,17.441596865975672,78.37610087745644,4.75,45.0,2.2817,-2.0421,5.2003,-0.0098,-0.01623,-0.00715,17.4415719858091,78.37612152373731,3.5,0
6.381,10.781,10.781,17.441597475195643,78.37610151190586,4.764,45.0,2.5357,0.7273,13.8892,0.02245,-0.02422,0.04784,17.441606159960273,78.37610587993913,3.5,0
6.401,10.848,10.848,17.441598086325396,78.37610214834413,4.779,45.0,-1.3771,4.2548,6.2201,0.00534,0.01878,-0.02892,17.44158949802604,78.3760860187633,3.5,0
6.421,10.916,10.916,17.44159869936493,78.37610278677128,4.794,45.0,-2.8869,2.0135,12.0634,0.04937,-0.01336,0.02685,17.44158349865766,78.37606422187636,3.5,0
6.441,10.984,10.984,17.441599314314246,78.3761034271873,4.809,45.0,-0.0113,-2.276,8.6755,0.01633,0.02141,-0.05352,17.441604451587008,78.37613106418654,3.5,0
6.461,11.052,11.052,17.44159993117334,78.3761040695922,4.824,45.0,3.9873,-0.5826,9.215,-0.01418,0.00494,-0.03292,17.44162945619979,78.37612527548656,3.5,0
6.481,11.121,11.121,17.441600549942216,78.37610471398595,4.839,45.0,0.2538,3.0697,11.6085,0.01908,-0.00194,0.02159,17.44160062186759,78.37610197810068,3.5,0
6.501,11.189,11.189,17.44160117062087,78.37610536036858,4.854,45.0,-3.4883,2.6037,6.5129,-0.01404,0.01651,0.01527,17.44158997786048,78.37610778708952,3.5,0
6.521,11.258,11.258,17.441601793209305,78.37610600874008,4.869,45.0,-1.2865,-1.2957,13.7486,-0.00875,0.00671,-0.03122,17.441585203860157,78.3761225867155,3.5,0
6.541,11.327,11.327,17.44160241770752,78.37610665910046,4.884,45.0,2.6429,-1.984,5.2138,-0.00221,0.00188,-0.01447,17.441606762010466,78.3760997258948,3.5,0
6.561,11.397,11.397,17.44160304411552,78.37610731144969,4.899,45.0,2.7324,1.0407,14.0503,0.00596,-0.01292,0.02907,17.44160047859891,78.37609539921264,3.5,0
6.581,11.466,11.466,17.441603672433295,78.3761079657878,4.914,45.0,-1.2776,3.2958,6.002,0.00365,0.03332,0.04028,17.44159048590163,78.37609957637345,3.5,0
6.601,11.536,11.536,17.441604302660856,78.37610862211477,4.929,45.0,-3.109,1.4014,12.252,0.00339,-0.01616,0.00961,17.441594791355158,78.37611193281361,3.5,0
6.621,11.606,11.606,17.441604934798193,78.37610928043063,4.944,45.0,-0.0217,-2.2278,8.6196,-0.02038,0.02588,-0.00901,17.44161275383689,78.37612845240002,3.5,0
6.641,11.676,11.676,17.44160556884531,78.37610994073533,4.959,45.0,3.1725,-1.2843,9.1338,-0.0008,-0.02542,0.03092,17.44159688552842,78.37609092046803,3.5,0
6.661,11.746,11.746,17.441606204802213,78.37611060302892,4.974,45.0,0.4565,2.7689,11.8339,0.00562,0.01271,-0.01717,17.441600649713305,78.37610390992066,3.5,0
6.681,11.817,11.817,17.441606842668893,78.37611126731139,4.989,45.0,-2.5729,3.0789,6.2684,0.01669,0.0195,-0.014,17.44160316748404,78.37607149673214,3.5,0
6.701,11.888,11.888,17.441607482445352,78.3761119335827,5.003,45.0,-1.9859,-1.0095,13.966,-0.00998,0.00618,-0.02247,17.441620304200345,78.37614813844505,3.5,0
6.721,11.959,11.959,17.441608124131594,78.3761126018429,5.018,45.0,1.803,-1.6607,5.2118,-0.05546,0.01756,-0.04324,17.441615302306147,78.37611093333591,3.5,0
6.741,12.03,12.03,17.441608767727615,78.37611327209197,5.033,45.0,2.5155,0.1478,13.7722,0.0221,0.02774,0.0166,17.441607503803127,78.37613710558418,3.5,0
6.761,12.101,12.101,17.441609413233415,78.3761139443299,5.048,45.0,-1.0463,3.2153,6.6641,0.01095,0.0162,0.00031,17.44161786625346,78.37609351718116,3.5,0
6.781,12.173,12.173,17.441610060648998,78.37611461855671,5.063,45.0,-3.4277,1.4606,11.2351,-0.02691,0.03774,0.01571,17.44161427506862,78.37613758153556,3.5,0
6.801,12.245,12.245,17.441610709974363,78.37611529477238,5.078,45.0,-0.4574,-2.02,9.9142,-0.02977,0.04666,0.01164,17.4416246651912,78.37613483275922,3.5,0
6.821,12.317,12.317,17.441611361209507,78.37611597297692,5.093,45.0,3.1644,-1.4207,7.7506,0.01312,0.03479,0.04813,17.44158565379253,78.37609517793686,3.5,0
6.841,12.389,12.389,17.44161201435443,78.37611665317034,5.108,45.0,1.3678,3.0914,13.0846,-0.006,0.01778,0.03483,17.44164411286477,78.37611448738984,3.5,0
6.861,12.461,12.461,17.441612669409132,78.37611733535262,5.123,45.0,-2.8396,2.8541,5.4175,-0.02843,-0.00337,-0.01243,17.441610140728137,78.37609725157206,3.5,0
6.881,12.534,12.534,17.441613326373616,78.37611801952377,5.138,45.0,-2.6108,0.9879,14.1762,-0.02132,0.01039,-0.00374,17.441606811798938,78.37612389347187,3.5,0
6.901,12.607,12.607,17.441613985247884,78.3761187056838,5.153,45.0,1.6515,-1.9608,5.7816,-0.00282,0.01575,-0.01286,17.44160857761545,78.37614615551186,3.5,0
6.921,12.68,12.68,17.44161464603193,78.37611939383268,5.168,45.0,2.4057,0.1925,12.372,-0.01516,-0.0189,-0.00531,17.441617259541047,78.3761290122195,3.5,0
6.941,12.753,12.753,17.441615308725755,78.37612008397045,5.183,45.0,-0.9582,3.4358,8.7322,-0.0101,0.00191,0.01156,17.44160082637832,78.37612241745214,3.5,0
6.961,12.827,12.827,17.441615973329363,78.37612077609708,5.198,45.0,-3.529,3.2706,8.7465,0.00145,-0.01588,0.01852,17.441619067893292,78.37614345339477,3.5,0
6.981,12.9,12.9,17.44161663984275,78.37612147021258,5.213,45.0,-1.1574,-1.6422,12.3854,0.0208,-0.0064,0.03883,17.441620466872312,78.37611838428748,3.5,0
7.001,12.974,12.974,17.441617308265915,78.37612216631695,5.227,45.0,2.8114,-2.1968,5.7313,0.01138,0.01071,0.03921,17.44164010831898,78.37614213053486,3.5,0
7.021,13.048,13.048,17.441617978598863,78.37612286441019,5.242,45.0,2.7244,1.2274,14.1801,0.0042,0.00076,-0.00272,17.441605091915378,78.37609696581718,3.5,0
7.041,13.123,13.123,17.441618650841594,78.37612356449229,5.257,45.0,-1.5101,3.4596,5.5109,0.02795,-0.00781,-0.02248,17.44165107895468,78.37613427858307,3.5,0
7.061,13.197,13.197,17.4416193249941,78.37612426656328,5.272,45.0,-3.106,0.3275,12.7264,-0.0189,0.01173,0.00607,17.44161147745937,78.37613305394706,3.5,0
7.081,13.272,13.272,17.441620001056393,78.37612497062312,5.287,45.0,0.4001,-1.9629,8.3814,-0.00125,0.00183,-0.01695,17.44160855063227,78.37611270249266,3.5,0
7.101,13.347,13.347,17.44162067902846,78.37612567667185,5.302,45.0,1.8297,-1.4011,5.9816,-0.01216,0.00421,0.02104,17.441613363224906,78.37611175635412,3.5,0
7.121,13.422,13.422,17.44162135891031,78.37612638470942,5.317,45.0,0.8996,2.6469,12.2862,-0.0027,0.00416,0.03622,17.441624748810746,78.3761031206155,3.5,0
7.141,13.498,13.498,17.441622040701944,78.37612709473589,5.332,45.0,-2.9269,2.9459,5.7299,-0.00081,0.01085,0.01656,17.44162857434653,78.37611563720607,3.5,0
7.161,13.573,13.573,17.441622724403356,78.37612780675121,5.347,45.0,-2.1636,-0.4299,14.1913,-0.01279,-0.02863,0.0045,17.441634887870823,78.37615107747578,3.5,0
7.181,13.649,13.649,17.441623410014547,78.37612852075542,5.362,45.0,1.3222,-1.7877,5.6124,-0.00729,0.00426,0.01519,17.44160698973479,78.37613155145137,3.5,0
7.201,13.725,13.725,17.44162409753552,78.37612923674848,5.377,45.0,3.1636,-0.1528,12.4626,0.01352,0.03571,-0.00798,17.44159649892367,78.37612419001238,3.5,0
7.221,13.801,13.801,17.441624786966273,78.37612995473042,5.392,45.0,0.2418,3.9591,8.8521,-0.00214,-0.04787,-0.02478,17.44163222960077,78.37611108121811,3.5,0
7.241,13.878,13.878,17.441625478306804,78.37613067470122,5.407,45.0,-3.2821,3.1048,8.402,-0.05802,-0.00368,0.01012,17.441631138769296,78.37614661509063,3.5,0
7.261,13.955,13.955,17.441626171557118,78.3761313966609,5.422,45.0,-1.1177,-1.0186,12.8307,0.01407,0.00625,0.03745,17.44163358282234,78.37614914460484,3.5,0
7.281,14.031,14.031,17.441626866717215,78.37613212060944,5.437,45.0,2.7949,-1.8895,5.3967,0.01091,-0.01901,-0.01649,17.441630050989488,78.37614452778725,3.5,0
7.301,14.109,14.109,17.441627563787087,78.37613284654685,5.452,45.0,2.2292,1.6083,14.106,-0.02539,-0.0281,-0.01218,17.44161065473072,78.37611264161434,3.5,0
7.321,14.186,14.186,17.441628262766745,78.37613357447313,5.466,45.0,-1.3652,3.887,6.1621,0.0305,-0.00519,0.02346,17.441618525114002,78.37613520063242,3.5,0
7.341,14.263,14.263,17.44162896365618,78.37613430438829,5.481,45.0,-3.1964,1.1554,11.4323,-0.00486,-0.00824,-0.00461,17.441636675175157,78.37614031421167,3.5,0
7.361,14.341,14.341,17.441629666455395,78.37613503629231,5.496,45.0,-0.1905,-1.9477,10.1357,0.02047,0.01738,-0.00439,17.44163198525776,78.37613804816642,3.5,0
7.381,14.419,14.419,17.441630371164393,78.3761357701852,5.511,45.0,2.6791,-1.8932,7.1152,0.00112,-0.00826,-0.02255,17.441648507806036,78.376101028945,3.5,0
7.401,14.497,14.497,17.441631077783168,78.37613650606697,5.526,45.0,1.6384,2.1872,13.7201,-0.00931,0.01375,0.01281,17.441645457225547,78.3761433704167,3.5,0
7.421,14.576,14.576,17.441631786311728,78.3761372439376,5.541,45.0,-2.0629,3.6178,5.188,0.00826,0.00817,-0.00627,17.441623595154656,78.37610223136939,3.5,0
7.441,14.654,14.654,17.441632496750064,78.37613798379711,5.556,45.0,-2.2934,0.1075,13.4641,-0.00968,0.01809,-0.04528,17.441667553830758,78.37616834501998,3.5,0
7.461,14.733,14.733,17.441633209098182,78.37613872564548,5.571,45.0,1.0775,-2.2442,7.6151,-0.00219,-0.00327,0.01497,17.4416108934295,78.37611899971202,3.5,0
7.481,14.812,14.812,17.441633923356083,78.37613946948272,5.586,45.0,3.9988,-1.2934,9.4705,-0.03053,0.00083,0.01999,17.441623236420185,78.37616479055885,3.5,0
7.501,14.891,14.891,17.441634639523762,78.37614021530882,5.601,45.0,0.5407,2.2619,12.1188,-0.00518,0.02584,-0.00992,17.44163647377466,78.37613707481655,3.5,0
7.521,14.971,14.971,17.44163535760122,78.3761409631238,5.616,45.0,-2.4353,3.3,5.6508,-0.0236,0.02939,0.02497,17.441614799803656,78.37614041938127,3.5,0
7.541,15.05,15.05,17.441636077588463,78.37614171292766,5.631,45.0,-2.3243,-0.3327,14.1717,0.00099,0.03758,-0.03932,17.4416162362825,78.3761435690857,3.5,0
7.561,15.13,15.13,17.441636799485483,78.37614246472037,5.646,45.0,2.2944,-2.2615,5.9909,0.01123,-0.01813,-0.02955,17.441607189660182,78.3761405093752,3.5,0
7.581,15.21,15.21,17.441637523292286,78.37614321850197,5.661,45.0,2.7468,-0.7955,11.509,0.00235,-0.01403,-0.01612,17.44164934402871,78.37610600811985,3.5,0
7.601,15.29,15.29,17.441638249008868,78.37614397427242,5.676,45.0,-0.1917,3.1002,10.2484,0.01982,0.0105,-0.00131,17.441578560962228,78.37613816001834,3.5,0
7.621,15.371,15.371,17.44163897663523,78.37614473203175,5.69,45.0,-3.3201,2.7238,6.8585,0.04073,-0.0029,0.00755,17.441645624788446,78.3761364277849,3.5,0
7.641,15.452,15.452,17.441639706171372,78.37614549177995,5.705,45.0,-2.7568,-0.8626,13.9207,-0.00098,-0.03753,-0.01825,17.441655147688678,78.37611557523614,3.5,0
7.661,15.532,15.532,17.441640437617295,78.37614625351702,5.72,45.0,1.7279,-2.1773,5.2808,0.00272,0.0121,0.01621,17.441647250532252,78.37613310006518,3.5,0
7.681,15.614,15.614,17.441641170973,78.37614701724296,5.735,45.0,2.5896,0.4382,12.8814,-0.01176,-0.01341,-0.01928,17.441630865535185,78.37614618633152,3.5,0
7.701,15.695,15.695,17.441641906238484,78.37614778295776,5.75,45.0,-1.285,1.6759,5.5696,-0.03671,0.00391,-0.07592,17.44162157365441,78.37612809352675,3.5,0
7.721,15.776,15.776,17.44164264341375,78.37614855066144,5.765,45.0,-3.0697,1.8028,8.1733,0.00377,0.0088,-0.0431,17.441669152851272,78.37614618113184,3.5,0
7.741,15.858,15.858,17.441643382498796,78.37614932035399,5.78,45.0,-0.7207,-0.2425,13.2549,0.01474,-0.00434,0.04539,17.441649661515665,78.37614705978682,3.5,0
7.761,15.94,15.94,17.44164412349362,78.3761500920354,5.795,45.0,2.6717,-2.2633,5.2052,0.00139,-0.00216,-0.0256,17.44162069864116,78.37614553328027,3.5,0
7.781,16.022,16.022,17.441644866398228,78.37615086570568,5.81,45.0,2.4675,0.7024,13.6395,-0.01517,0.01667,-0.0213,17.44163324092173,78.37613856847396,3.5,0
7.801,16.105,16.105,17.441645611212614,78.37615164136484,5.825,45.0,-1.1842,3.7591,7.5973,-0.01813,-0.03151,-0.04717,17.441664652000338,78.37614877638168,3.5,0
7.821,16.187,16.187,17.44164635793678,78.37615241901287,5.84,45.0,-3.0641,3.5283,9.2309,-0.02411,-0.02165,0.01391,17.441666731732887,78.3761496605236,3.5,0
7.841,16.27,16.27,17.441647106570727,78.37615319864976,5.855,45.0,-1.6804,-1.7025,12.5684,-0.00093,-0.04753,-0.01615,17.441646850627155,78.37612888260996,3.5,0
7.861,16.353,16.353,17.441647857114457,78.37615398027553,5.87,45.0,3.2291,-1.7172,5.3681,-0.01895,-0.00886,-0.00645,17.441674418799877,78.37615598468025,3.5,0
7.881,16.436,16.436,17.441648609567967,78.37615476389016,5.885,45.0,3.0041,0.7229,13.9651,0.02431,0.03497,-0.00735,17.441651117084767,78.37617487188413,3.5,0
7.901,16.52,16.52,17.441649363931255,78.37615554949366,5.9,45.0,-1.2679,3.192,6.966,0.01642,-0.01913,-0.0543,17.441637347838235,78.37614100760727,3.5,0
7.921,16.603,16.603,17.441650120204322,78.37615633708603,5.915,45.0,-3.9373,1.6512,9.8877,0.02226,0.00574,-0.01919,17.441626195401344,78.37616529368319,3.5,0
7.941,16.687,16.687,17.441650878387176,78.37615712666728,5.929,45.0,-0.4059,-1.7862,12.105,0.02683,0.0024,0.0329,17.44168455252564,78.37614040636423,3.5,0
7.961,16.771,16.771,17.441651638479804,78.3761579182374,5.944,45.0,2.5646,-1.8511,5.5279,-0.00636,-0.01676,0.00081,17.441617742128603,78.37615675341735,3.5,0
7.981,16.855,16.855,17.441652400482216,78.37615871179638,5.959,45.0,2.951,0.5355,14.0747,0.01782,-0.01025,-0.05983,17.441651089794515,78.37614525771852,3.5,0
8.001,16.94,16.94,17.441653164394406,78.37615950734423,5.974,45.0,-1.8136,3.7937,6.7131,-0.00389,-0.03656,-0.00743,17.441684633147165,78.37613642629518,3.5,0
8.021,17.025,17.025,17.44165393021638,78.37616030488094,5.989,45.0,-3.4819,1.8869,10.1212,-0.00365,0.01202,-0.01643,17.44165092503921,78.37615460842484,3.5,0
8.041,17.11,17.11,17.44165469794813,78.37616110440653,6.004,45.0,-0.8792,-1.2053,11.9692,-0.00254,0.03303,-0.015,17.441673687941194,78.37616349454832,3.5,0
8.061,17.195,17.195,17.441655467589666,78.376161905921,6.019,45.0,2.0618,-2.801,3.5769,-0.01486,-0.02226,-0.02078,17.44166889477331,78.376163496288,3.5,0
8.081,17.28,17.28,17.44165623914098,78.37616270942432,6.034,45.0,2.2901,0.9682,14.0618,-0.00133,0.00659,-0.02086,17.441664069142803,78.37614804683226,3.5,0
8.101,17.366,17.366,17.44165701260207,78.37616351491653,6.049,45.0,-0.8895,3.5227,6.7837,-0.00079,0.02537,-0.00733,17.441659085411985,78.37614936613,3.5,0
8.121,17.451,17.451,17.441657787972947,78.3761643223976,6.064,45.0,-3.6669,1.4503,9.9346,0.015,0.02213,-0.02276,17.441651079849287,78.37617461163629,3.5,0
8.141,17.537,17.537,17.4416585652536,78.37616513186754,6.079,45.0,-1.034,-1.4578,12.1961,-0.00285,0.01746,0.02288,17.44165037980366,78.37614837935135,3.5,0
8.161,17.623,17.623,17.441659344444037,78.37616594332634,6.094,45.0,2.607,-2.22,5.425,-0.00927,0.03366,-0.02407,17.441647290050174,78.37616899166396,3.5,0
8.181,17.71,17.71,17.441660125544253,78.37616675677403,6.109,45.0,2.7675,0.6333,13.9464,0.01544,-0.02425,-0.03908,17.441652640659914,78.37614504886514,3.5,0
8.201,17.796,17.796,17.441660908554248,78.37616757221058,6.124,45.0,-0.673,2.5439,7.2048,-0.01651,-0.01077,0.03101,17.44166349183943,78.37615610761296,3.5,0
8.221,17.883,17.883,17.441661693474025,78.37616838963599,6.139,45.0,-3.6828,2.6201,9.3232,-0.00106,0.00106,-0.01753,17.44164853106256,78.37612815155714,3.5,0
8.241,17.97,17.97,17.441662480303584,78.37616920905027,6.153,45.0,-1.8147,-1.4256,12.7311,0.01495,0.01734,-0.01257,17.441666308075778,78.37617207813291,3.5,0
8.261,18.058,18.058,17.44166326904292,78.37617003045344,6.168,45.0,2.9106,-1.5022,5.231,0.01838,0.02201,-0.05656,17.441659933014098,78.37616396289737,3.5,0
8.281,18.145,18.145,17.44166405969204,78.37617085384545,6.183,45.0,2.8739,1.1493,13.582,0.02839,0.00406,-0.06117,17.441702418453417,78.37616008168841,3.5,0
8.301,18.233,18.233,17.441664852250938,78.37617167922636,6.198,45.0,-0.9238,2.7988,8.0378,0.01,0.01368,-0.00336,17.44169759077936,78.37619043218525,3.5,0
8.321,18.321,18.321,17.441665646719617,78.37617250659612,6.213,45.0,-2.5665,1.9145,8.3167,0.00434,0.01133,0.01421,17.441667684120283,78.37615716585056,3.5,0
8.341,18.409,18.409,17.441666443098075,78.37617333595476,6.228,45.0,-1.4997,0.1547,13.451,0.03394,-0.03221,0.03555,17.441637696549176,78.37618606445828,3.5,0
8.361,18.497,18.497,17.441667241386316,78.37617416730225,6.243,45.0,2.581,-1.3689,5.2103,-0.0147,-0.01001,-0.007,17.441677353052462,78.37617755445724,3.5,0
8.381,18.585,18.585,17.441668041584336,78.37617500063864,6.258,45.0,2.9656,0.3216,12.809,0.01761,-0.03933,-0.00104,17.44169276552769,78.37619890723046,3.5,0
8.401,18.674,18.674,17.44166884369214,78.37617583596388,6.273,45.0,0.6871,3.2681,9.3741,0.00455,-0.00395,-0.01976,17.44163354074286,78.37620192687233,3.5,0
8.421,18.763,18.763,17.44166964770972,78.376176673278,6.288,45.0,-2.3652,2.4503,7.0311,-0.04108,0.00203,0.01754,17.44167925031021,78.37616449653434,3.5,0
8.441,18.852,18.852,17.441670453637084,78.37617751258098,6.303,45.0,-2.1066,-0.2609,14.0608,0.03388,0.00478,0.00514,17.441686451468172,78.3761885664092,3.5,0
8.461,18.942,18.942,17.441671261474227,78.37617835387283,6.318,45.0,2.0343,-2.4234,5.6738,-0.01422,-0.00628,-0.02275,17.441677111917997,78.37621742999082,3.5,0
8.481,19.031,19.031,17.44167207122115,78.37617919715355,6.333,45.0,3.3763,-0.9986,11.3791,0.05907,0.01018,-0.01598,17.441679869695424,78.37618736222846,3.5,0
8.501,19.121,19.121,17.441672882877853,78.37618004242314,6.348,45.0,1.0419,2.3376,11.1333,0.0052,0.00365,-0.04332,17.4416654417222,78.37617329027692,3.5,0
8.521,19.211,19.211,17.441673696444337,78.3761808896816,6.363,45.0,-3.185,3.0581,5.7904,-0.01715,-0.01144,-0.01956,17.44168034895823,78.37615292184931,3.5,0
8.541,19.301,19.301,17.4416745119206,78.37618173892893,6.378,45.0,-2.2297,-0.3106,14.1004,0.01809,-0.02343,0.00688,17.441674290904874,78.37614675421052,3.5,0
8.561,19.391,19.391,17.441675329306644,78.37618259016513,6.392,45.0,1.4144,-2.1204,6.9854,-0.0058,-0.01128,0.00867,17.441668067209932,78.37615543615092,3.5,0
8.581,19.482,19.482,17.441676148602472,78.3761834433902,6.407,45.0,2.473,-1.21,9.3027,0.00313,0.00955,-0.02721,17.441671852147213,78.37622330084473,3.5,0
8.601,19.573,19.573,17.441676969808075,78.37618429860414,6.422,45.0,0.7836,2.0748,12.9734,0.01299,0.00229,-0.04676,17.4416536646746,78.37618346181195,3.5,0
8.621,19.664,19.664,17.441677792923464,78.37618515580695,6.437,45.0,-3.1128,3.6924,5.1888,0.00405,0.00801,-0.01042,17.44166033541634,78.37618813669377,3.5,0
8.641,19.755,19.755,17.44167861794863,78.37618601499864,6.452,45.0,-3.0455,0.9914,13.0451,0.00212,0.00784,0.06861,17.44166169084182,78.37617475432393,3.5,0
8.661,19.847,19.847,17.441679444883576,78.37618687617919,6.467,45.0,0.4233,-1.8519,9.2486,-0.00805,0.02736,0.00688,17.441686392088645,78.37619494862743,3.5,0
8.681,19.938,19.938,17.441680273728306,78.37618773934861,6.482,45.0,3.6131,-1.0307,6.9529,-0.04115,-0.00964,-0.0382,17.441667846360758,78.37618512642788,3.5,0
8.701,20.03,20.03,17.441681104482814,78.3761886045069,6.497,45.0,2.0799,1.8719,14.124,0.00954,0.01935,-0.01353,17.441699370688276,78.376168283091,3.5,0
8.721,20.122,20.122,17.441681937147102,78.37618947165404,6.512,45.0,-0.8716,4.0504,5.9482,0.01302,0.03988,-0.02861,17.441679254220666,78.37615774609537,3.5,0
8.741,20.215,20.215,17.441682771721172,78.37619034079007,6.527,45.0,-3.7491,1.5518,10.6641,0.04281,-0.02578,0.00659,17.441685958913364,78.37615301594465,3.5,0
8.761,20.307,20.307,17.44168360820502,78.37619121191497,6.542,45.0,-1.5545,-1.5048,12.0099,0.01836,0.01042,-0.04193,17.441674602330483,78.37618150513008,3.5,0
8.781,20.4,20.4,17.44168444659865,78.37619208502875,6.557,45.0,2.4995,-2.4119,5.3268,-0.01874,-0.00646,0.02233,17.44169298379987,78.37618386767242,3.5,0
8.801,20.493,20.493,17.44168528690206,78.37619296013138,6.572,45.0,2.9003,0.5873,13.6002,-0.03948,-0.01253,-0.00348,17.441687541150735,78.37620201844135,3.5,0
8.821,20.586,20.586,17.441686129115254,78.37619383722289,6.587,45.0,-0.4817,3.6888,8.4293,-0.04525,0.04707,-0.00462,17.441707964529034,78.3762172931805,3.5,0
8.841,20.679,20.679,17.441686973238223,78.37619471630326,6.602,45.0,-3.9511,3.1045,7.5396,0.00244,0.01502,-0.03489,17.441704877340623,78.37617740706595,3.5,0
8.861,20.773,20.773,17.441687819270978,78.3761955973725,6.616,45.0,-1.9649,-0.1142,13.9961,0.01398,-0.00347,-0.02521,17.441665201014317,78.37618537775745,3.5,0
8.881,20.867,20.867,17.44168866721351,78.37619648043062,6.631,45.0,1.1001,-2.8486,5.726,0.01013,0.02433,-0.06626,17.441707357747728,78.37622704543976,3.5,0
8.901,20.961,20.961,17.44168951706582,78.37619736547761,6.646,45.0,3.423,0.121,10.9423,0.00829,0.02171,-0.00367,17.441682340088583,78.37622062105477,3.5,0
8.921,21.055,21.055,17.441690368827917,78.37619825251346,6.661,45.0,0.9441,1.9716,11.8764,0.02924,0.00506,0.02696,17.44168681140988,78.37616600994433,3.5,0
8.941,21.149,21.149,17.44169122249979,78.37619914153818,6.676,45.0,-2.9261,3.5859,5.335,0.00926,0.00657,-0.02678,17.441718041905006,78.37622614076527,3.5,0
8.961,21.244,21.244,17.441692078081445,78.37620003255178,6.691,45.0,-2.9948,0.4726,13.5417,-0.01725,0.00108,-0.00913,17.441692268036903,78.37618550094636,3.5,0
8.981,21.339,21.339,17.44169293557288,78.37620092555424,6.706,45.0,-0.0702,-1.6455,8.6761,-0.00967,0.00037,-0.02577,17.44168815873271,78.37619333737142,3.5,0
9.001,21.434,21.434,17.441693794974096,78.37620182054557,6.721,45.0,2.9763,-1.9419,7.0026,0.01084,-0.01295,-0.02783,17.441716135825033,78.37621128543168,3.5,0
9.021,21.529,21.529,17.44169465628509,78.37620271752577,6.736,45.0,2.4373,2.1526,14.1152,0.00596,-0.00736,-0.03252,17.441666801070305,78.37619211513271,3.5,0
9.041,21.624,21.624,17.441695519505867,78.37620361649485,6.751,45.0,-1.8236,2.8795,6.0765,0.00105,0.00324,0.02066,17.441703070518788,78.37619045868583,3.5,0
9.061,21.72,21.72,17.441696384636426,78.37620451745279,6.766,45.0,-2.9928,1.6119,10.1727,-0.00762,-0.00332,-0.00625,17.441680843420997,78.37619250580076,3.5,0
9.081,21.816,21.816,17.44169725167676,78.3762054203996,6.781,45.0,-1.3336,-1.5618,12.6396,-0.01634,-0.01069,-0.03549,17.441689857862333,78.37622433009365,3.5,0
9.101,21.912,21.912,17.44169812062688,78.37620632533529,6.796,45.0,1.9707,-2.7054,5.192,0.03542,0.03877,0.01378,17.441705516186325,78.37619298239171,3.5,0
9.121,22.008,22.008,17.441698991486778,78.37620723225983,6.811,45.0,2.9233,0.3828,12.8102,-0.01662,0.01273,-0.03738,17.44166551700594,78.37620018255694,3.5,0
9.141,22.105,22.105,17.441699864256456,78.37620814117325,6.826,45.0,-0.3042,3.8061,10.0032,-0.00972,-0.00205,0.00455,17.4417326139511,78.37620695023925,3.5,0
9.161,22.202,22.202,17.441700738935918,78.37620905207555,6.841,45.0,-3.092,4.028,6.1452,0.00323,0.02596,-0.00829,17.44171053690434,78.37617858482474,3.5,0
9.181,22.299,22.299,17.441701615525158,78.3762099649667,6.855,45.0,-2.9339,0.1732,14.1222,0.00963,-0.00347,0.02621,17.44171430612495,78.37621175591795,3.5,0
9.201,22.396,22.396,17.441702494024177,78.37621087984674,6.87,45.0,1.6514,-1.6038,7.3716,0.00705,-0.00664,0.00127,17.441687272741955,78.37622805607747,3.5,0
9.221,22.493,22.493,17.441703374432976,78.37621179671564,6.885,45.0,3.1839,-0.9313,8.3335,-0.02971,-0.01618,0.00867,17.441680482089097,78.3762099223618,3.5,0
9.241,22.591,22.591,17.44170425675156,78.3762127155734,6.9,45.0,1.4834,2.1926,13.8271,0.01005,0.00033,-0.01495,17.441705938731765,78.37620295180386,3.5,0
9.261,22.689,22.689,17.44170514097992,78.37621363642003,6.915,45.0,-1.6102,3.33,5.6441,0.02513,0.01873,0.00832,17.441694150154667,78.37619530181979,3.5,0
9.281,22.787,22.787,17.441706027118062,78.37621455925554,6.93,45.0,-3.2141,1.7689,10.853,0.00821,0.01666,-0.01292,17.441698426699062,78.37620540043001,3.5,0
9.301,22.885,22.885,17.441706915165984,78.37621548407992,6.945,45.0,-1.0376,-1.0483,12.2644,0.04429,0.01151,0.00737,17.441731201776665,78.37621023261727,3.5,0
9.321,22.983,22.983,17.441707805123688,78.37621641089318,6.96,45.0,2.6199,-2.1924,5.2226,0.03148,0.00805,0.01086,17.441703634487837,78.37619220265186,3.5,0
9.341,23.082,23.082,17.44170869699117,78.37621733969529,6.975,45.0,3.2552,0.365,12.9077,-0.00363,-0.00371,0.05368,17.441717561264404,78.37619786655785,3.5,0
9.361,23.181,23.181,17.441709590768436,78.37621827048628,6.99,45.0,-0.0858,3.0554,10.0767,-0.00745,0.03659,-0.08264,17.44171294749613,78.37620383739856,3.5,0
9.381,23.28,23.28,17.44171048645548,78.37621920326613,7.005,45.0,-3.0735,3.3367,6.009,-0.01735,0.05381,-0.02706,17.441737663286844,78.3761953689127,3.5,0
9.401,23.379,23.379,17.441711384052304,78.37622013803485,7.02,45.0,-2.6678,-0.1568,14.0312,0.00396,0.00175,-0.0489,17.441687732687026,78.37622078634689,3.5,0
9.421,23.479,23.479,17.44171228355891,78.37622107479245,7.035,45.0,-0.2799,-2.0153,7.9277,0.01001,0.00407,-0.02976,17.441702018591005,78.37622943483439,3.5,0
9.441,23.578,23.578,17.4417131849753,78.37622201353892,7.05,45.0,2.4924,-0.446,7.6015,0.02672,-0.03343,0.00411,17.44169459806905,78.37621134872134,3.5,0
9.461,23.678,23.678,17.441714088301463,78.37622295427425,7.065,45.0,2.5734,2.1889,14.1254,0.00286,0.00418,-0.00103,17.441749556959444,78.37621468308467,3.5,0
9.481,23.778,23.778,17.44171499353741,78.37622389699845,7.079,45.0,-0.6857,4.0175,6.2965,-0.01215,-0.01116,0.03226,17.44166364868033,78.37623593660393,3.5,0
9.501,23.879,23.879,17.44171590068314,78.37622484171153,7.094,45.0,-3.313,2.091,9.5154,0.0257,0.02834,0.02083,17.441724621898686,78.37622123927457,3.5,0
9.521,23.979,23.979,17.441716809738647,78.37622578841346,7.109,45.0,-1.2442,-0.7595,13.3695,-0.02016,0.03087,0.00441,17.44172711965749,78.37623846408418,3.5,0
9.541,24.08,24.08,17.441717720703934,78.37622673710429,7.124,45.0,2.0271,-1.6872,5.3964,0.01227,-0.02153,0.06235,17.441721182000133,78.37619941856128,3.5,0
9.561,24.181,24.181,17.441718633579004,78.37622768778397,7.139,45.0,4.3725,0.4362,11.3222,0.0072,-0.00566,-0.01892,17.441703878239792,78.37622778076054,3.5,0
9.581,24.282,24.282,17.441719548363853,78.37622864045252,7.154,45.0,1.3113,1.9066,12.0667,0.0052,0.00708,0.02753,17.441705999371223,78.37624321948596,3.5,0
9.601,24.383,24.383,17.441720465058484,78.37622959510993,7.169,45.0,-2.4262,2.7981,5.2329,-0.00265,0.03335,-0.02472,17.44172682062762,78.37627336086447,3.5,0
9.621,24.485,24.485,17.441721383662895,78.37623055175624,7.184,45.0,-3.364,1.5614,12.7578,0.02691,0.02724,-0.04611,17.441722413323454,78.3762536387744,3.5,0
9.641,24.587,24.587,17.441722304177084,78.37623151039139,7.199,45.0,-0.9444,-1.7528,10.5507,0.00958,0.029,-0.0176,17.441706357332347,78.37622123517771,3.5,0
9.661,24.689,24.689,17.441723226601056,78.37623247101543,7.214,45.0,2.7893,-2.0368,5.666,0.01135,0.00027,0.0236,17.441725355797754,78.3762048111354,3.5,0
9.681,24.791,24.791,17.441724150934807,78.37623343362833,7.229,45.0,2.4339,0.294,13.6969,0.01663,0.03015,-0.0195,17.44173062827297,78.37622808404768,3.5,0
9.701,24.894,24.894,17.44172507717834,78.3762343982301,7.244,45.0,0.5632,4.8289,13.6434,-0.02538,-0.03032,0.00155,17.441734661045675,78.37625293693907,3.5,0
9.721,24.996,24.996,17.441726005331653,78.37623536482073,7.259,45.0,-3.2125,2.3052,6.4961,-0.01815,0.01492,-0.02416,17.44173664604784,78.37621904417958,3.5,0
9.741,25.099,25.099,17.441726935394744,78.37623633340024,7.274,45.0,-2.8964,0.9649,14.1495,-0.01257,0.00485,-0.00601,17.44170554243758,78.37623288583652,3.5,0
9.762,25.202,25.202,17.441727867367618,78.37623730396862,7.289,45.0,1.3674,-2.0268,7.7982,0.00435,0.03662,0.03473,17.441721481194264,78.37622305176758,3.5,0
9.782,25.305,25.305,17.441728801250274,78.37623827652587,7.304,45.0,3.4455,-1.2696,7.5054,-0.01394,-0.00762,-0.01365,17.441705275729046,78.37623702982923,3.5,0
9.802,25.409,25.409,17.441729737042706,78.376239251072,7.318,45.0,2.1438,1.8304,14.1926,-0.01279,0.01924,0.03425,17.44173828046683,78.37624323710507,3.5,0
9.822,25.513,25.513,17.441730674744925,78.37624022760697,7.333,45.0,-0.5161,3.8302,6.7973,-0.00128,0.04488,-0.04241,17.44170744124721,78.37625353299453,3.5,0
9.842,25.617,25.617,17.441731614356918,78.37624120613083,7.348,45.0,-3.1405,2.7025,8.5496,0.02227,0.00162,-0.07892,17.4417173642691,78.37622472271035,3.5,0
9.862,25.721,25.721,17.441732555878694,78.37624218664357,7.363,45.0,-2.1889,-0.1296,13.9593,0.0218,0.01231,-0.03925,17.441724105391742,78.3762555554963,3.5,0
9.882,25.825,25.825,17.441733499310253,78.37624316914516,7.378,45.0,2.0542,-2.3778,6.101,0.01555,0.00289,0.00711,17.44173620465317,78.3762459279514,3.5,0
9.902,25.93,25.93,17.441734444651587,78.37624415363562,7.393,45.0,3.42,-0.838,9.5261,0.01437,-0.00903,-0.00962,17.441725405072695,78.37622488980452,3.5,0
9.922,26.034,26.034,17.441735391902707,78.37624514011496,7.408,45.0,1.1511,2.4691,13.5666,0.00261,-0.00598,-0.01933,17.441714679496712,78.37624914696407,3.5,0
9.942,26.139,26.139,17.441736341063603,78.37624612858316,7.423,45.0,-1.7969,3.2616,5.6468,0.0081,0.01388,-0.05312,17.441742891602264,78.37624686560416,3.5,0
9.962,26.245,26.245,17.44173729213428,78.37624711904024,7.438,45.0,-3.5457,1.8444,10.3494,0.00314,-0.00686,-0.04076,17.44174101006593,78.37626082331506,3.5,0
9.982,26.35,26.35,17.441738245114742,78.37624811148618,7.453,45.0,-1.8805,-0.8418,13.0996,0.00516,0.00728,-0.02757,17.441706966054188,78.37623516976824,3.5,0
10.002,26.456,26.456,17.44173920000498,78.37624910592099,7.468,45.0,2.2921,-1.7763,5.3874,0.00752,-0.01175,0.00115,17.441735488389522,78.3762359535226,3.5,0
10.022,26.561,26.561,17.441740156805,78.37625010234468,7.483,45.0,3.9214,-1.0048,11.0102,-0.00307,0.02438,0.02134,17.4417450970347,78.37622707198067,3.5,0
10.042,26.667,26.667,17.4417411155148,78.37625110075723,7.498,45.0,0.5451,2.7967,12.6587,-0.03646,0.01812,-0.02454,17.441749552155574,78.37621712193716,3.5,0
10.062,26.774,26.774,17.441742076134382,78.37625210115866,7.513,45.0,-1.8807,3.3189,5.2696,0.01706,-0.01855,-0.02709,17.441735102130014,78.37624760397874,3.5,0
10.082,26.88,26.88,17.441743038663745,78.37625310354895,7.528,45.0,-3.4138,1.7731,11.51,0.00488,-0.00499,-0.032,17.441774889687732,78.37624916662269,3.5,0
10.102,26.987,26.987,17.441744003102887,78.37625410792812,7.542,45.0,-1.1698,-0.9537,12.2832,-0.02926,-0.00877,0.03099,17.44174537333042,78.37622419216031,3.5,0
10.122,27.094,27.094,17.441744969451808,78.37625511429614,7.557,45.0,1.944,-1.3842,5.2229,0.01715,-0.00094,-0.01041,17.441761102797944,78.37626447502922,3.5,0
10.142,27.201,27.201,17.44174593771051,78.37625612265305,7.572,45.0,2.7375,0.5225,11.8411,0.00991,0.01908,0.00397,17.441738641582937,78.37626694467957,3.5,0
10.162,27.308,27.308,17.441746907878994,78.37625713299882,7.587,45.0,0.8404,3.2383,12.0135,-0.02781,-0.01014,-0.01388,17.441761643836347,78.37622561956843,3.5,0
10.182,27.416,27.416,17.44174787995726,78.37625814533347,7.602,45.0,-2.6268,3.9463,5.2238,0.03775,-0.00833,-0.0497,17.441746043254604,78.37624876536907,3.5,0
10.202,27.523,27.523,17.441748853945302,78.37625915965697,7.617,45.0,-4.4698,-0.5203,7.1595,0.00137,-0.00243,-0.01289,17.4417692331157,78.37626765161426,3.5,0
10.222,27.631,27.631,17.441749829843125,78.37626017596935,7.632,45.0,-0.8391,-1.3574,11.8644,0.04853,0.01213,0.01733,17.441743260867312,78.37626567634514,3.5,0
10.242,27.739,27.739,17.44175080765073,78.3762611942706,7.647,45.0,2.1712,-1.6451,5.2223,0.02564,-0.03715,-0.01212,17.441753280664827,78.37624695554003,3.5,0
10.262,27.848,27.848,17.441751787368116,78.37626221456073,7.662,45.0,2.6792,0.3546,12.098,0.03476,0.01101,-0.01166,17.441745777166307,78.37628320292086,3.5,0
10.282,27.956,27.956,17.441752768995283,78.3762632368397,7.677,45.0,0.5188,2.6061,11.8466,0.00385,-0.03982,-0.04667,17.4417519996585,78.37623363400671,3.5,0
10.302,28.065,28.065,17.44175375253223,78.37626426110756,7.692,45.0,-2.0225,3.5136,5.2239,0.00717,0.00326,0.04432,17.441755752470996,78.37625371358435,3.5,0
10.322,28.174,28.174,17.441754737978957,78.37626528736429,7.707,45.0,-2.9198,1.2991,12.0323,0.01598,-0.00836,-0.0028,17.441721593346916,78.3762818898472,3.5,0
10.342,28.283,28.283,17.441755725335465,78.3762663156099,7.722,45.0,-1.2497,-1.6911,11.9654,0.00906,-0.03038,0.03215,17.441776444908474,78.37626813456833,3.5,0
10.362,28.393,28.393,17.441756714601752,78.37626734584437,7.737,45.0,2.2537,-1.4951,5.2204,0.01617,0.02296,-0.01672,17.44173101586669,78.37625916846073,3.5,0
10.382,28.502,28.502,17.44175770577782,78.37626837806769,7.752,45.0,3.3768,-0.0086,11.8207,0.00117,-0.00506,0.01693,17.441777642135527,78.3763019997965,3.5,0
10.402,28.612,28.612,17.44175869886367,78.37626941227991,7.767,45.0,0.224,3.4579,12.2029,-0.03166,-0.02036,0.00355,17.441769321754503,78.37626134771158,3.5,0
10.422,28.722,28.722,17.4417596938593,78.37627044848098,7.781,45.0,-1.9706,2.7425,5.2364,-0.006,0.0105,0.01543,17.441775393540926,78.37624207000076,3.5,0
10.442,28.832,28.832,17.44176069076471,78.37627148667093,7.796,45.0,-3.4281,1.2756,11.4765,0.01186,0.02509,0.07109,17.441749580631353,78.37624949453907,3.5,0
10.462,28.943,28.943,17.4417616895799,78.37627252684975,7.811,45.0,-0.8681,-1.1786,12.5571,0.01036,-0.02013,0.00076,17.44175779476893,78.37629843162178,3.5,0
10.482,29.054,29.054,17.44176269030487,78.37627356901743,7.826,45.0,1.6962,-1.6217,5.3049,0.04289,0.02417,-0.00991,17.441775566077315,78.37624656056606,3.5,0
10.502,29.164,29.164,17.441763692939624,78.37627461317399,7.841,45.0,2.4222,-0.1462,10.9668,-0.00426,-0.02687,0.01626,17.441738787654202,78.37629487282369,3.5,0
10.522,29.276,29.276,17.441764697484153,78.3762756593194,7.856,45.0,0.5899,2.5302,12.9889,0.01065,-0.03648,-0.02687,17.441748406704434,78.37626913661863,3.5,0
10.542,29.387,29.387,17.441765703938465,78.3762767074537,7.871,45.0,-1.8505,3.0066,5.4788,0.01669,-0.00222,-0.02674,17.441737533105947,78.37630981028474,3.5,0
10.562,29.498,29.498,17.44176671230256,78.37627775757687,7.886,45.0,-3.1125,1.3933,10.3003,0.01252,0.00275,-0.00251,17.441783037649294,78.3762879205854,3.5,0
10.582,29.61,29.61,17.441767722576433,78.3762788096889,7.901,45.0,-1.892,-0.7376,13.4574,-0.01279,0.02479,-0.00087,17.44176400521094,78.37627960792116,3.5,0
10.602,29.722,29.722,17.441768734760085,78.3762798637898,7.916,45.0,1.8361,-2.6727,5.8188,0.01177,-0.00551,0.05726,17.44178273482014,78.37624887441034,3.5,0
10.622,29.834,29.834,17.44176974885352,78.37628091987958,7.931,45.0,2.511,-0.9559,9.4727,-0.01677,0.0032,-0.03518,17.441781531175305,78.37627037198975,3.5,0
10.642,29.947,29.947,17.441770764856734,78.37628197795821,7.946,45.0,2.7562,3.5552,17.3437,-0.00573,-0.00832,0.00104,17.441789792422135,78.37629875352566,3.5,0
10.662,30.059,30.059,17.44177178276973,78.37628303802573,7.961,45.0,-1.8203,3.0734,6.3685,-0.00032,0.04676,0.00428,17.44176422894488,78.37631611000815,3.5,0
10.682,30.172,30.172,17.441772802592507,78.37628410008212,7.976,45.0,-3.4518,2.9877,8.4888,-0.00058,-0.00441,-0.03317,17.441752660542747,78.37625703380458,3.5,0
10.702,30.285,30.285,17.44177382432506,78.37628516412737,7.991,45.0,-2.0748,0.1613,14.1676,-0.02763,-0.00773,0.01455,17.441777530621668,78.37627107677399,3.5,0
10.722,30.398,30.398,17.441774847967398,78.37628623016148,8.005,45.0,0.5761,-2.7011,7.1828,0.00239,-0.00228,0.01878,17.441771365569398,78.37626503652452,3.5,0
10.742,30.512,30.512,17.441775873519518,78.37628729818448,8.02,45.0,2.9053,-1.6426,7.4368,0.0058,-0.00101,0.00447,17.441790565037458,78.376288884609,3.5,0
10.762,30.625,30.625,17.441776900981413,78.37628836819634,8.035,45.0,2.7497,0.4107,14.2061,0.00771,-0.03572,0.02329,17.441779699097374,78.37630012749628,3.5,0
10.782,30.739,30.739,17.44177793035309,78.37628944019707,8.05,45.0,-0.7728,3.0061,8.2939,-0.00197,-0.01477,-0.04813,17.44179260890603,78.37628165525824,3.5,0
10.802,30.853,30.853,17.44177896163455,78.37629051418666,8.065,45.0,-2.6264,3.199,6.4315,0.0427,-0.02219,0.02732,17.441798012963044,78.37628701130836,3.5,0
10.822,30.967,30.967,17.44177999482579,78.37629159016514,8.08,45.0,-3.1506,0.2812,13.8648,0.00695,-0.01085,-0.02937,17.441756322636977,78.37630502173432,3.5,0
10.842,31.082,31.082,17.44178102992681,78.37629266813248,8.095,45.0,0.2046,-1.5973,9.6634,-0.00541,0.03627,-0.05293,17.44174972160099,78.37630048404736,3.5,0
10.862,31.197,31.197,17.44178206693761,78.37629374808868,8.11,45.0,3.2361,-2.3823,5.6253,0.0095,-0.03969,0.00198,17.441760011992606,78.3762707928103,3.5,0
10.882,31.312,31.312,17.44178310585819,78.37629483003376,8.125,45.0,1.91,0.7772,13.0582,-0.00957,-0.02262,-0.06748,17.441766356911593,78.37627548485784,3.5,0
10.902,31.427,31.427,17.44178414668855,78.37629591396771,8.14,45.0,0.1818,2.6651,11.1895,0.02219,0.01437,0.00025,17.441780912342075,78.37630977829158,3.5,0
10.922,31.542,31.542,17.441785189428693,78.37629699989053,8.155,45.0,-2.1425,3.3484,5.2344,0.01314,-0.01285,0.01495,17.441769611961796,78.37629975637104,3.5,0
10.942,31.657,31.657,17.441786234078613,78.37629808780221,8.17,45.0,-3.2276,1.3863,11.7487,0.0351,0.02317,-0.04601,17.441796616342888,78.3763079058448,3.5,0
10.962,31.773,31.773,17.441787280638316,78.37629917770276,8.185,45.0,-0.9953,-1.6595,12.6624,0.02275,0.02684,-0.03029,17.441794682562126,78.37626876919086,3.5,0
10.982,31.889,31.889,17.4417883291078,78.37630026959219,8.2,45.0,1.6046,-2.5506,5.4531,0.03267,-0.03302,0.0093,17.441787305299066,78.37631629382666,3.5,0
11.002,32.005,32.005,17.441789379487062,78.37630136347049,8.215,45.0,3.2082,-0.1849,10.0195,-0.04068,-0.02249,-0.02863,17.441794928861444,78.37629099537773,3.5,0
11.022,32.122,32.122,17.441790431776106,78.37630245933765,8.23,45.0,1.6201,2.2144,13.784,-0.01797,0.0412,-0.04001,17.44180198019736,78.37631070369008,3.5,0
11.042,32.238,32.238,17.44179148597493,78.3763035571937,8.244,45.0,-0.8379,3.9003,6.4148,0.01649,0.01316,-0.0136,17.44178234654693,78.37630194907247,3.5,0
11.062,32.355,32.355,17.441792542083537,78.3763046570386,8.259,45.0,-3.0665,2.587,8.1002,-0.00914,-0.02408,0.02824,17.441804149897546,78.37632131477176,3.5,0
11.082,32.472,32.472,17.44179360010192,78.37630575887238,8.274,45.0,-2.1508,-0.0425,14.2246,0.0333,-0.01406,0.04087,17.441764555922326,78.37631286661279,3.5,0
11.102,32.589,32.589,17.441794660030087,78.37630686269502,8.289,45.0,0.3905,-2.6616,8.0963,-0.0022,0.01834,-0.03284,17.441788488493454,78.37629953230562,3.5,0
11.122,32.707,32.707,17.441795721868033,78.37630796850652,8.304,45.0,2.6955,-1.6391,6.3756,0.02511,0.00224,0.02612,17.441809514979365,78.3762956861643,3.5,0
11.142,32.824,32.824,17.44179678561576,78.37630907630691,8.319,45.0,2.5306,0.8111,13.7169,0.01239,0.00877,0.02858,17.44177859451161,78.37630916467218,3.5,0
11.162,32.942,32.942,17.441797851273268,78.37631018609616,8.334,45.0,0.3177,3.8418,10.2744,0.00097,-0.00794,0.05301,17.44177914170821,78.37630123998531,3.5,0
11.182,33.06,33.06,17.441798918840554,78.37631129787428,8.349,45.0,-2.7075,3.5423,5.3449,-0.01119,-0.00483,-0.01055,17.441788555643743,78.37634036828985,3.5,0
11.202,33.179,33.179,17.441799988317623,78.37631241164128,8.364,45.0,-2.9828,1.889,12.1891,0.00934,0.02634,0.02752,17.44179949860628,78.37629342913228,3.5,0
11.222,33.297,33.297,17.44180105970447,78.37631352739714,8.379,45.0,-0.2218,-0.9762,12.445,-0.00063,0.0205,0.00335,17.44179867236653,78.3763148993871,3.5,0
11.242,33.416,33.416,17.4418021330011,78.37631464514187,8.394,45.0,2.2006,-2.3748,5.4391,-0.01326,-0.02541,-0.02377,17.441812052533628,78.37630004906609,3.5,0
11.262,33.535,33.535,17.44180320820751,78.37631576487547,8.409,45.0,3.0349,-0.5706,9.8671,-0.02561,-0.00462,0.01136,17.441824308184735,78.3763389371963,3.5,0
11.282,33.654,33.654,17.441804285323702,78.37631688659795,8.424,45.0,2.2645,2.0478,13.9306,0.00441,0.02287,-0.05897,17.44180702386093,78.37633192492325,3.5,0
11.302,33.773,33.773,17.441805364349673,78.37631801030928,8.439,45.0,-1.2844,3.0875,6.8457,0.02212,-0.05213,0.02752,17.441820109867237,78.37628767085471,3.5,0
11.322,33.893,33.893,17.441806445285422,78.3763191360095,8.454,45.0,-3.9241,2.5004,7.3735,0.00828,-0.03967,0.04414,17.441805066582816,78.37632129804146,3.5,0
11.342,34.013,34.013,17.441807528130955,78.37632026369857,8.469,45.0,-2.9382,0.1314,14.1084,0.01701,0.03869,0.01425,17.441797831087875,78.37632236925576,3.5,0
11.362,34.133,34.133,17.441808612886266,78.37632139337653,8.483,45.0,-0.6347,-1.1826,9.3142,3e-05,0.00443,-0.0134,17.4418269103893,78.37631401121567,3.5,0
11.382,34.253,34.253,17.44180969955136,78.37632252504334,8.498,45.0,2.498,-2.6093,5.59,-0.01348,0.00159,-0.01269,17.44180549530255,78.37632477490166,3.5,0
11.402,34.373,34.373,17.441810788126233,78.37632365869902,8.513,45.0,2.9699,0.786,12.6807,0.01755,0.01912,0.03794,17.44179030585569,78.37633320118573,3.5,0
11.422,34.494,34.494,17.441811878610885,78.37632479434359,8.528,45.0,1.4993,2.3289,12.0717,-0.00219,-0.03535,-0.0431,17.44182559206879,78.37633130642075,3.5,0
11.442,34.615,34.615,17.44181297100532,78.37632593197702,8.543,45.0,-1.8759,2.9125,5.3611,0.00342,0.00789,0.02753,17.44182700131453,78.37629576983707,3.5,0
11.462,34.736,34.736,17.441814065309533,78.3763270715993,8.558,45.0,-3.3168,2.446,9.9884,0.01714,0.02501,0.04567,17.441822585782774,78.37628941972176,3.5,0
11.482,34.857,34.857,17.44181516152353,78.37632821321048,8.573,45.0,-1.5228,-0.2461,13.9587,0.0173,-0.00397,0.01156,17.44181659464595,78.37627039880883,3.5,0
11.502,34.978,34.978,17.441816259647304,78.37632935681052,8.588,45.0,0.1022,-1.5463,7.0309,0.00423,0.03725,0.01844,17.441813393734186,78.37632292463226,3.5,0
11.522,35.1,35.1,17.441817359680858,78.37633050239943,8.603,45.0,3.1072,-1.0226,7.0538,0.01973,0.03944,-0.10754,17.44180830730246,78.37631623358992,3.5,0
11.542,35.222,35.222,17.441818461624194,78.3763316499772,8.618,45.0,2.9078,1.8275,13.9531,0.01293,0.03126,0.02652,17.441837729015646,78.37633213587702,3.5,0
11.562,35.344,35.344,17.441819565477314,78.37633279954385,8.633,45.0,-0.5003,3.3301,10.0565,0.01356,0.01143,0.00607,17.44180875310224,78.37632085771682,3.5,0
11.582,35.466,35.466,17.441820671240208,78.37633395109935,8.648,45.0,-2.0504,3.2277,5.3207,0.02931,0.00224,0.00422,17.44179665654756,78.37632748491176,3.5,0
11.602,35.589,35.589,17.44182177891289,78.37633510464374,8.663,45.0,-2.9966,1.561,11.7947,0.01422,-0.00513,-0.00255,17.44183540694804,78.37633304719512,3.5,0
11.622,35.711,35.711,17.441822888495345,78.376336260177,8.678,45.0,-1.4721,-0.518,13.0121,0.039,0.00287,0.03354,17.44182074239056,78.37629833967212,3.5,0
11.642,35.834,35.834,17.441823999987584,78.37633741769912,8.693,45.0,1.7907,-2.4113,5.8971,-0.02464,0.02446,0.03957,17.44183611798107,78.37635040929605,3.5,0
11.662,35.958,35.958,17.441825113389605,78.37633857721012,8.707,45.0,4.0574,-1.2499,8.4182,-0.01575,-0.02243,0.00951,17.441826050358028,78.37633459550432,3.5,0
11.682,36.081,36.081,17.4418262287014,78.37633973870997,8.722,45.0,2.3608,1.318,14.2154,-0.00728,0.00853,-0.04479,17.441834016554626,78.37631559395244,3.5,0
11.702,36.204,36.204,17.441827345922984,78.3763409021987,8.737,45.0,-0.3281,2.3667,8.5394,-0.01908,0.01952,0.01079,17.441816030038343,78.37633491365618,3.5,0
11.722,36.328,36.328,17.441828465054343,78.3763420676763,8.752,45.0,-2.9312,3.1818,5.706,0.03856,-0.0124,-0.00222,17.441847565300353,78.37631969627553,3.5,0
11.742,36.452,36.452,17.441829586095484,78.37634323514278,8.767,45.0,-3.3602,0.3325,12.6795,0.0342,0.00319,0.02846,17.441810451720272,78.37635114022312,3.5,0
11.762,36.576,36.576,17.441830709046407,78.37634440459813,8.782,45.0,-0.648,-1.2285,12.294,0.01717,0.02068,-0.00088,17.441802147450975,78.37635106790638,3.5,0
11.782,36.701,36.701,17.44183183390711,78.37634557604234,8.797,45.0,1.4425,-1.7434,5.5221,0.00966,0.01463,0.00851,17.441821393215267,78.37634295947441,3.5,0
11.802,36.825,36.825,17.44183296067759,78.37634674947542,8.812,45.0,3.1978,-0.993,9.1154,-0.01819,-0.00567,-0.04087,17.441827715059247,78.37634373326485,3.5,0
11.822,36.95,36.95,17.441834089357855,78.37634792489737,8.827,45.0,1.9339,2.2937,14.1946,0.01176,-0.0145,-0.01709,17.441850985980135,78.37636573685879,3.5,0
11.842,37.075,37.075,17.441835219947897,78.37634910230818,8.842,45.0,-0.3513,2.7636,8.2697,0.00498,-0.01898,-0.03695,17.44182622168403,78.37636231593747,3.5,0
11.862,37.201,37.201,17.441836352447723,78.37635028170787,8.857,45.0,-2.6862,3.5503,5.881,0.01919,0.00259,-0.02157,17.44182934417872,78.37632024064204,3.5,0
11.882,37.326,37.326,17.441837486857327,78.37635146309644,8.872,45.0,-2.5733,1.2919,12.8519,-0.00682,0.01301,0.00311,17.441838972075843,78.37633954742455,3.5,0
11.902,37.452,37.452,17.44183862317671,78.37635264647386,8.887,45.0,-1.1413,-1.9517,12.1832,0.01366,0.00224,0.01995,17.441817205488483,78.37636289474312,3.5,0
11.922,37.578,37.578,17.441839761405877,78.37635383184016,8.902,45.0,1.6806,-0.997,5.518,0.02225,-0.01204,-0.01707,17.441869505887233,78.37637048993405,3.5,0
11.942,37.704,37.704,17.441840901544822,78.37635501919533,8.917,45.0,2.7762,-0.8512,9.0111,0.02051,0.01425,0.01506,17.441833723172323,78.37639181776451,3.5,0
11.962,37.83,37.83,17.44184204359355,78.37635620853938,8.932,45.0,2.01,1.2051,14.219,0.00517,0.00139,-0.00558,17.441852371889397,78.37636772900849,3.5,0
11.982,37.957,37.957,17.441843187552056,78.37635739987228,8.946,45.0,-0.2675,2.7541,8.6122,0.02931,-0.01425,-0.02165,17.441848076888302,78.37632530426941,3.5,0
12.002,38.083,38.083,17.44184433342034,78.37635859319406,8.961,45.0,-2.4289,3.0727,5.6732,-0.01548,-0.01914,0.01413,17.44181971094443,78.37635267753262,3.5,0
12.022,38.21,38.21,17.44184548119841,78.3763597885047,8.976,45.0,-3.4254,1.1602,12.4212,0.00743,-0.00198,-0.02392,17.441846019665466,78.37637304973515,3.5,0
12.042,38.337,38.337,17.44184663088626,78.37636098580423,8.991,45.0,-0.8207,-1.0535,12.742,0.01338,-0.00377,0.01983,17.44183978005428,78.3763298077515,3.5,0
12.062,38.465,38.465,17.441847782483887,78.3763621850926,9.006,45.0,2.0944,-2.2065,5.8781,0.00179,-0.00332,-0.02777,17.44185362309657,78.37636726849907,3.5,0
12.082,38.592,38.592,17.441848935991295,78.37636338636986,9.021,45.0,3.3021,-0.7998,8.1002,0.01708,0.03528,0.07136,17.44186853396802,78.37635176053854,3.5,0
12.102,38.72,38.72,17.441850091408487,78.37636458963598,9.036,45.0,3.2071,1.0935,14.1371,0.02234,0.01196,0.04833,17.44186720184316,78.37637266693784,3.5,0
12.122,38.848,38.848,17.441851248735457,78.37636579489099,9.051,45.0,-0.3008,2.3845,9.7595,-0.03417,0.0087,-0.03398,17.441860000423592,78.37637916278686,3.5,0
12.142,38.976,38.976,17.441852407972206,78.37636700213484,9.066,45.0,-2.9469,3.2605,5.2652,0.03263,-0.00653,-0.00965,17.441843096947753,78.37634836883119,3.5,0
12.162,39.105,39.105,17.441853569118738,78.37636821136758,9.081,45.0,-3.8797,0.6837,11.1633,-0.0087,0.01311,-0.01955,17.441845187016,78.37639661039506,3.5,0
12.182,39.233,39.233,17.44185473217505,78.37636942258918,9.096,45.0,-1.0467,-0.5711,13.6681,0.0252,-0.00555,-0.01766,17.4418665083026,78.37633600926335,3.5,0
12.202,39.362,39.362,17.441855897141142,78.37637063579966,9.111,45.0,1.2851,-2.4418,6.9674,-0.01169,0.04205,0.02219,17.4418446968401,78.37637994866662,3.5,0
12.222,39.491,39.491,17.441857064017015,78.376371850999,9.126,45.0,2.9453,-1.381,6.6135,0.01164,0.03447,0.01251,17.44185756159829,78.37639257438171,3.5,0
12.242,39.621,39.621,17.44185823280267,78.37637306818722,9.141,45.0,2.9422,1.1908,13.4091,0.01226,-0.02181,-0.02099,17.441862978269732,78.37637666067846,3.5,0
12.262,39.75,39.75,17.441859403498103,78.3763742873643,9.156,45.0,0.2673,2.4241,11.6903,-0.00131,-0.01414,-0.01691,17.441837661874878,78.37636055170638,3.5,0
12.282,39.88,39.88,17.441860576103316,78.37637550853024,9.17,45.0,-0.9091,3.9071,5.422,-0.00713,0.03628,0.0194,17.44185619594098,78.37637165093622,3.5,0
12.302,40.01,40.01,17.441861750618312,78.37637673168507,9.185,45.0,-3.1329,2.0739,8.958,0.05987,-0.00038,-0.03166,17.441868126241808,78.37635435309039,3.5,0
12.322,40.14,40.14,17.441862927043086,78.37637795682876,9.2,45.0,-2.2396,0.6498,14.2082,-0.00826,0.01236,0.00867,17.441856385126847,78.37636519958511,3.5,0
12.342,40.27,40.27,17.44186410537764,78.37637918396132,9.215,45.0,0.4687,-1.9772,9.2355,0.03198,-0.00435,-0.02482,17.441887431468725,78.37637589967072,3.5,0
12.362,40.401,40.401,17.441865285621976,78.37638041308276,9.23,45.0,2.717,-2.2177,5.3366,0.05929,-0.0514,0.01871,17.44184981332569,78.37638268144516,3.5,0
12.382,40.531,40.531,17.441866467776094,78.37638164419305,9.245,45.0,3.2482,0.0923,11.3083,-0.00485,-0.0194,-0.01546,17.441888622839652,78.3763784835802,3.5,0
12.402,40.662,40.662,17.44186765183999,78.37638287729223,9.26,45.0,1.3439,1.9357,13.6912,-0.02977,0.01077,-0.00048,17.441894626826247,78.37638967902613,3.5,0
12.422,40.793,40.793,17.44186883781367,78.37638411238026,9.275,45.0,-0.7594,3.1068,7.1487,0.00203,0.00308,-0.01321,17.44188652907446,78.37638520443168,3.5,0
12.442,40.925,40.925,17.441870025697124,78.37638534945717,9.29,45.0,-2.1557,2.7388,6.3345,-0.0073,-0.00219,0.03643,17.44188919516096,78.3763781476812,3.5,0
12.462,41.056,41.056,17.441871215490362,78.37638658852295,9.305,45.0,-2.3812,0.9126,13.0403,0.01539,0.00312,0.02448,17.441861400375117,78.37640130990886,3.5,0
12.482,41.188,41.188,17.441872407193383,78.3763878295776,9.32,45.0,-0.3482,-0.6815,12.3488,-0.00749,-0.02026,0.00766,17.44185104503136,78.37638466421566,3.5,0
12.502,41.32,41.32,17.441873600806183,78.37638907262112,9.335,45.0,1.399,-2.8664,5.8045,-0.00235,-0.02331,0.02413,17.44187713502637,78.37636756606437,3.5,0
12.522,41.452,41.452,17.44187479632876,78.3763903176535,9.35,45.0,2.8421,-0.9677,8.2134,0.00073,-0.03504,0.01218,17.4418637351034,78.3763915540369,3.5,0
12.542,41.585,41.585,17.441875993761123,78.37639156467476,9.365,45.0,2.5486,1.2973,13.9574,-0.02226,0.00561,-0.01868,17.441872133880732,78.37636044680553,3.5,0
12.562,41.718,41.718,17.441877193103263,78.37639281368489,9.38,45.0,0.3938,3.064,10.7318,-0.00221,0.0233,-0.027,17.441863206212663,78.37636999645717,3.5,0
12.582,41.85,41.85,17.441878394355182,78.37639406468388,9.395,45.0,-1.6578,3.9596,5.2422,-0.00013,0.02175,0.00263,17.441867479839484,78.37641120894658,3.5,0
12.602,41.983,41.983,17.441879597516884,78.37639531767175,9.409,45.0,-3.8767,2.0805,9.4394,-0.01245,0.02551,0.00718,17.441893381163805,78.3764320977757,3.5,0
12.622,42.117,42.117,17.44188080258837,78.37639657264849,9.424,45.0,-1.6184,-0.2012,14.1861,0.00843,-0.03607,-0.00675,17.441870516437977,78.3764094888307,3.5,0
12.642,42.25,42.25,17.44188200956963,78.37639782961409,9.439,45.0,0.1101,-1.5931,9.2216,0.02446,-0.00533,-0.03461,17.44188549274465,78.3764095094328,3.5,0
12.662,42.384,42.384,17.441883218460674,78.37639908856856,9.454,45.0,2.2925,-1.8743,5.2585,-0.00322,0.0136,0.00745,17.441872138024063,78.3764022839178,3.5,0
12.682,42.518,42.518,17.441884429261496,78.37640034951191,9.469,45.0,2.7763,-0.4879,10.7898,0.00103,0.00462,0.01306,17.441880460111534,78.3763776223189,3.5,0
12.702,42.652,42.652,17.4418856419721,78.37640161244413,9.484,45.0,1.2256,2.0981,13.9615,-0.00382,-0.00388,0.04212,17.441849867342416,78.37642178456402,3.5,0
12.722,42.786,42.786,17.441886856592486,78.37640287736521,9.499,45.0,-0.2571,3.0966,8.0168,0.03711,0.02061,-0.00437,17.441869142359877,78.37640237285504,3.5,0
12.742,42.921,42.921,17.44188807312265,78.37640414427516,9.514,45.0,-2.6512,2.8944,5.609,-0.01121,0.04058,-0.03615,17.441897796197445,78.37638865395019,3.5,0
12.762,43.056,43.056,17.441889291562596,78.37640541317398,9.529,45.0,-3.6029,1.1716,11.8148,-0.01204,-0.02948,0.00351,17.441869456379962,78.37643143319495,3.5,0
12.782,43.191,43.191,17.441890511912323,78.37640668406168,9.544,45.0,-2.0717,-0.2618,13.5298,-0.00936,0.03345,0.00484,17.4418899610206,78.37644184181201,3.5,0
12.802,43.326,43.326,17.44189173417183,78.37640795693824,9.559,45.0,0.8155,-3.3506,7.1626,0.02696,-0.00363,-0.01824,17.4418907110117,78.376371907119,3.5,0
12.822,43.461,43.461,17.441892958341114,78.37640923180368,9.574,45.0,3.5367,-1.4611,6.0611,0.02885,0.00624,-0.01545,17.441907373958855,78.37642373506044,3.5,0
12.842,43.597,43.597,17.441894184420182,78.37641050865797,9.589,45.0,2.9271,0.25,12.5029,-0.01504,0.00013,0.02707,17.441871182154156,78.37641247735331,3.5,0
12.862,43.733,43.733,17.441895412409032,78.37641178750114,9.604,45.0,0.7457,1.6946,13.0767,0.01777,-0.01932,-0.00825,17.441895250577023,78.37641976515977,3.5,0
12.882,43.869,43.869,17.441896642307658,78.37641306833319,9.619,45.0,-1.2472,3.5816,6.6013,-0.00616,0.0073,-0.00441,17.441886969640173,78.3764397298663,3.5,0
12.902,44.005,44.005,17.44189787411607,78.3764143511541,9.633,45.0,-3.0371,3.0545,6.4706,-0.02595,0.01411,-0.03152,17.441925413026986,78.37642194575591,3.5,0
12.922,44.141,44.141,17.441899107834256,78.37641563596388,9.648,45.0,-3.9988,1.1763,12.9251,-0.02602,-0.00834,0.00366,17.44193185627329,78.37641419718817,3.5,0
12.942,44.278,44.278,17.441900343462226,78.37641692276253,9.663,45.0,-1.16,-2.1968,12.7301,-0.00157,-0.03822,-0.02124,17.441918181305454,78.37640025991752,3.5,0
12.962,44.415,44.415,17.44190158099998,78.37641821155005,9.678,45.0,1.2419,-1.5776,6.3139,0.0184,0.00688,-0.02267,17.44191500394182,78.3764181135565,3.5,0
12.982,44.552,44.552,17.44190282044751,78.37641950232643,9.693,45.0,3.3045,-1.7491,6.7415,0.00198,0.02788,-0.04168,17.441898610856768,78.37642761942412,3.5,0
13.002,44.689,44.689,17.44190406180482,78.37642079509169,9.708,45.0,3.6656,0.7517,13.1154,0.0042,0.0021,0.01505,17.441901778642222,78.37638585946938,3.5,0
13.022,44.827,44.827,17.441905305071913,78.37642208984582,9.723,45.0,1.5614,2.8089,12.5519,-0.03392,-0.0072,-0.01919,17.44189937217736,78.37641065350266,3.5,0
13.042,44.964,44.964,17.441906550248785,78.37642338658883,9.738,45.0,-1.4489,3.1044,6.2103,-0.00526,0.02054,-0.02582,17.441911876022875,78.37642374927233,3.5,0
13.062,45.102,45.102,17.441907797335436,78.37642468532069,9.753,45.0,-3.4407,3.02,6.8115,-0.00342,-0.00066,-0.00735,17.44189649752689,78.37641658858327,3.5,0
13.082,45.241,45.241,17.44190904633187,78.37642598604143,9.768,45.0,-1.8537,0.682,13.1305,-0.00577,-0.00422,0.02162,17.441891254507073,78.37645348215538,3.5,0
13.102,45.379,45.379,17.441910297238085,78.37642728875103,9.783,45.0,0.2462,-0.2632,16.963,-0.01816,0.00014,0.01315,17.441901703208213,78.37640235445889,3.5,0
13.122,45.517,45.517,17.441911550054076,78.3764285934495,9.798,45.0,0.2829,-3.0908,2.7261,0.04026,-0.00418,0.00486,17.441902968574365,78.37639443988351,3.5,0
13.142,45.656,45.656,17.441912804779854,78.37642990013686,9.813,45.0,2.9923,-1.7893,6.662,0.01344,0.00142,0.02991,17.441892683340182,78.37646402144418,3.5,0
13.162,45.795,45.795,17.441914061415407,78.37643120881307,9.828,45.0,3.0255,0.0595,12.9601,0.01867,0.01025,0.02708,17.441941267042807,78.37642897010821,3.5,0
13.182,45.934,45.934,17.441915319960742,78.37643251947816,9.843,45.0,1.1575,2.2641,12.8094,0.00393,0.02746,0.00432,17.44192968697987,78.37641693764637,3.5,0
13.202,46.074,46.074,17.44191658041586,78.37643383213211,9.858,45.0,-1.4195,3.5419,6.5362,0.0286,-0.03962,0.0121,17.44192516352577,78.37645221848635,3.5,0
13.222,46.213,46.213,17.441917842780754,78.37643514677494,9.872,45.0,-3.1291,2.8546,6.3445,-0.01697,-0.00549,0.02055,17.44191278581828,78.37642895271001,3.5,0
13.242,46.353,46.353,17.441919107055433,78.37643646340663,9.887,45.0,-2.9954,1.288,12.5897,0.01912,0.03153,0.01766,17.441918395409687,78.37643452305248,3.5,0
13.262,46.493,46.493,17.44192037323989,78.3764377820272,9.902,45.0,-1.5926,-1.5049,13.2102,-0.02166,-0.0037,0.02357,17.44193736997985,78.37643786012846,3.5,0
13.282,46.634,46.634,17.441921641334126,78.37643910263662,9.917,45.0,0.7215,-2.3946,7.0412,0.0031,0.02647,-0.02048,17.44193438262521,78.37645725759971,3.5,0
13.302,46.774,46.774,17.441922911338146,78.37644042523493,9.932,45.0,2.8829,-1.7425,5.9119,0.00223,0.0081,-0.0102,17.441942352311333,78.37644235157714,3.5,0
13.322,46.915,46.915,17.441924183251945,78.3764417498221,9.947,45.0,3.0106,0.761,11.9517,0.00402,0.03187,0.01599,17.44192782546034,78.37645995286066,3.5,0
13.342,47.056,47.056,17.441925457075524,78.37644307639815,9.962,45.0,2.2935,2.0088,13.6688,0.00228,0.00992,0.00913,17.441946371896112,78.37645655095827,3.5,0
13.362,47.197,47.197,17.441926732808884,78.37644440496305,9.977,45.0,-2.2855,2.9954,5.8876,-0.04165,0.0276,0.04033,17.441912031462596,78.37642531504605,3.5,0
13.382,47.338,47.338,17.441928010452024,78.37644573551684,9.992,45.0,-2.1661,3.1703,5.4581,-0.00631,0.01017,0.04689,17.44189888335439,78.37645042213235,3.5,0
13.402,47.479,47.479,17.441929290004946,78.37644706805949,10.007,45.0,-2.6342,1.4254,10.9827,0.00032,0.02631,0.02602,17.441922323268575,78.37643362033369,3.5,0
13.422,47.621,47.621,17.441930571467648,78.37644840259101,10.022,45.0,-2.7914,-0.5349,14.0546,-0.00799,0.03905,-0.06147,17.441918777874626,78.37646090385778,3.5,0
13.442,47.763,47.763,17.441931854840128,78.3764497391114,10.037,45.0,0.1384,-1.9645,8.9729,-0.02929,0.01765,0.02536,17.44193070133143,78.37644603871956,3.5,0
13.462,47.905,47.905,17.44193314012239,78.37645107762066,10.052,45.0,2.2294,-1.76,5.1837,-0.00509,0.02292,-0.0007,17.44194076381533,78.37644960841821,3.5,0
13.482,48.048,48.048,17.441934427314433,78.37645241811879,10.067,45.0,4.2488,1.9783,14.9485,0.01441,-0.00828,-0.02494,17.44191825583497,78.37642580250323,3.5,0
13.502,48.19,48.19,17.441935716416257,78.37645376060578,10.082,45.0,2.069,1.4761,14.1464,0.03212,0.00381,-0.01518,17.441953966890605,78.37644572538976,3.5,0
13.522,48.333,48.333,17.44193700742786,78.37645510508166,10.096,45.0,-0.1472,3.4618,10.4188,-0.00071,-0.02181,-0.03449,17.441933916972868,78.37642762912837,3.5,0
13.542,48.476,48.476,17.441938300349246,78.3764564515464,10.111,45.0,-1.2293,3.0316,5.3102,-0.00249,0.0142,0.03085,17.441967568996247,78.37643770835494,3.5,0
13.562,48.619,48.619,17.44193959518041,78.37645780000001,10.126,45.0,-2.7533,2.2407,8.1003,-0.01337,0.02056,0.01829,17.441932079774215,78.37645061472104,3.5,0
13.582,48.763,48.763,17.441940891921355,78.37645915044249,10.141,45.0,-2.1794,0.1958,13.7111,0.03321,-0.01887,-0.05376,17.441962434000697,78.37647229973474,3.5,0
13.602,48.906,48.906,17.44194219057208,78.37646050287383,10.156,45.0,-0.558,-1.2175,12.0387,-0.01232,0.03895,0.00516,17.441921651695406,78.37643121100446,3.5,0
13.622,49.05,49.05,17.441943491132587,78.37646185729405,10.171,45.0,0.9864,-2.2896,6.1169,-0.00455,-0.00405,-0.03588,17.4419438257252,78.37643469344047,3.5,0
13.642,49.194,49.194,17.44194479360287,78.37646321370313,10.186,45.0,2.7861,-1.2255,6.5346,0.01119,0.02329,0.02804,17.441947071320776,78.37647744723336,3.5,0
13.662,49.338,49.338,17.44194609798294,78.37646457210109,10.201,45.0,3.2352,-0.1611,12.5189,0.02125,-0.00204,-0.03269,17.441918113774665,78.37646806838809,3.5,0
13.682,49.483,49.483,17.44194740427279,78.37646593248792,10.216,45.0,1.0696,2.1805,13.4449,-0.0082,-0.00099,-0.06948,17.44194102739157,78.37648165346353,3.5,0
13.702,49.628,49.628,17.441948712472417,78.37646729486362,10.231,45.0,-0.4049,3.6211,7.6993,-0.00203,-0.05151,0.01157,17.441965184745985,78.3764754074715,3.5,0
13.722,49.772,49.772,17.441950022581825,78.37646865922818,10.246,45.0,-2.6742,2.3452,5.392,-0.00293,0.00399,0.02098,17.441947119644436,78.37647570024488,3.5,0
13.742,49.918,49.918,17.441951334601015,78.37647002558161,10.261,45.0,-3.315,2.5888,10.5407,-0.02551,-0.01786,0.02506,17.441981304015947,78.37646353575721,3.5,0
13.762,50.063,50.063,17.441952648529984,78.37647139392392,10.276,45.0,-1.8837,-0.3466,14.1512,0.0103,0.01949,-0.00593,17.44193872720327,78.37645329475531,3.5,0
13.782,50.208,50.208,17.441953964368732,78.3764727642551,10.291,45.0,0.08,-2.5679,9.9724,-0.01051,-0.01147,-0.00026,17.441968351873765,78.37649042780882,3.5,0
13.802,50.354,50.354,17.441955282117263,78.37647413657514,10.306,45.0,1.8807,-2.0398,5.2508,-0.0072,-0.00831,0.01598,17.441956133424053,78.37647926783073,3.5,0
13.822,50.5,50.5,17.441956601775573,78.37647551088405,10.321,45.0,3.6262,-1.094,8.1024,0.00822,0.00388,0.03081,17.44194139192113,78.37648780487412,3.5,0
13.842,50.646,50.646,17.441957923343665,78.37647688718184,10.335,45.0,2.3325,0.708,13.6076,0.00338,0.02173,-0.00632,17.441965844473017,78.37650833492522,3.5,0
13.862,50.793,50.793,17.441959246821536,78.37647826546848,10.35,45.0,1.2844,2.9335,12.3815,0.03682,0.00707,-0.01137,17.441961625275347,78.37647330690399,3.5,0
13.882,50.939,50.939,17.44196057220919,78.37647964574401,10.365,45.0,-0.9424,3.7183,6.5421,0.03672,-0.00363,-0.0707,17.44196780541256,78.37648805582644,3.5,0
13.902,51.086,51.086,17.441961899506623,78.3764810280084,10.38,45.0,-2.9438,3.0804,5.9701,0.03034,0.0148,0.00149,17.441967176229838,78.37648750987049,3.5,0
13.922,51.233,51.233,17.441963228713835,78.37648241226167,10.395,45.0,-2.9725,1.5756,11.6024,0.04143,0.01078,0.03978,17.441976323881526,78.37649330500139,3.5,0
13.942,51.38,51.38,17.44196455983083,78.37648379850378,10.41,45.0,-2.407,-0.5685,13.9906,0.03338,-0.00475,0.02131,17.44198512084921,78.37649794109504,3.5,0
13.962,51.528,51.528,17.441965892857603,78.3764851867348,10.425,45.0,0.5616,-1.189,9.1737,-0.03165,-0.04117,0.03046,17.441947815438574,78.37646178309627,3.5,0
13.982,51.675,51.675,17.44196722779416,78.37648657695466,10.44,45.0,2.1297,-2.6753,5.1805,0.01217,0.03095,0.01384,17.441954137695255,78.37648639470879,3.5,0
14.002,51.823,51.823,17.441968564640494,78.3764879691634,10.455,45.0,2.9861,-0.9456,8.6059,0.00755,-0.00824,0.00831,17.441955939351274,78.37647653692875,3.5,0
14.022,51.971,51.971,17.44196990339661,78.37648936336102,10.47,45.0,3.1328,0.857,13.7802,0.00669,0.01873,-0.02925,17.441954269433747,78.37647638358588,3.5,0
14.042,52.12,52.12,17.441971244062504,78.3764907595475,10.485,45.0,0.702,2.8932,12.233,-0.00837,0.01462,-0.01995,17.441949417560682,78.37650675242787,3.5,0
14.062,52.268,52.268,17.441972586638183,78.37649215772284,10.5,45.0,-1.7489,3.0615,6.5216,-0.03371,-0.02285,-0.03862,17.44197277562365,78.37650601892533,3.5,0
14.082,52.417,52.417,17.441973931123638,78.37649355788706,10.515,45.0,-3.4092,2.2636,5.9253,-0.00982,-0.0066,0.01865,17.441964963645397,78.37648116837471,3.5,0
14.102,52.566,52.566,17.44197527751888,78.37649496004015,10.53,45.0,-2.8656,1.5255,11.3831,-0.01244,-0.02878,0.03326,17.44198799055772,78.37649228324497,3.5,0
14.122,52.715,52.715,17.441976625823894,78.3764963641821,10.545,45.0,-2.5174,-0.3069,14.0939,0.015,-0.02451,0.03356,17.44199733254236,78.37651952655015,3.5,0
14.142,52.864,52.864,17.441977976038693,78.37649777031294,10.559,45.0,0.7132,-1.2364,9.7303,-0.00455,-0.0006,-0.03363,17.441978265007894,78.37649661906205,3.5,0
14.162,53.014,53.014,17.441979328163274,78.37649917843262,10.574,45.0,1.2006,-2.6497,5.2799,0.02597,0.01311,-0.01106,17.441995298414643,78.37650468991679,3.5,0
14.182,53.163,53.163,17.44198068219763,78.37650058854119,10.589,45.0,3.8364,-0.7605,7.7851,0.03697,0.03071,-0.04907,17.441980956731683,78.37651460308152,3.5,0
14.202,53.313,53.313,17.441982038141774,78.37650200063864,10.604,45.0,4.7206,3.7727,19.0523,-0.01513,0.00217,-0.03561,17.442000043491742,78.37651366752598,3.5,0
14.222,53.464,53.464,17.441983395995692,78.37650341472494,10.619,45.0,1.3365,2.134,13.0873,-0.0198,-0.01987,-0.03581,17.4420087292066,78.37648986563224,3.5,0
14.242,53.614,53.614,17.441984755759393,78.37650483080012,10.634,45.0,-0.9487,2.8098,7.5711,0.01115,0.00514,0.04031,17.441972198519675,78.37654642695891,3.5,0
14.262,53.765,53.765,17.441986117432876,78.37650624886416,10.649,45.0,-2.3373,3.0169,5.3152,0.01347,0.00273,-0.01167,17.441997578310552,78.37652083823885,3.5,0
14.282,53.915,53.915,17.441987481016138,78.37650766891707,10.664,45.0,-3.1762,1.9265,9.7938,0.00345,0.00213,-0.04076,17.441993024168486,78.37651722889687,3.5,0
14.302,54.066,54.066,17.44198884650918,78.37650909095886,10.679,45.0,-2.0061,0.3272,14.0689,-0.02198,0.00765,-0.02454,17.44198350191223,78.37652659950862,3.5,0
14.322,54.218,54.218,17.441990213912003,78.37651051498952,10.694,45.0,-0.6229,-1.7303,11.5846,0.00806,0.04583,0.02985,17.441969478028295,78.37651713980179,3.5,0
14.342,54.369,54.369,17.441991583224606,78.37651194100904,10.709,45.0,1.4695,-1.5625,6.17,-0.00294,0.01529,0.00222,17.441993536926763,78.37651082152124,3.5,0
14.362,54.521,54.521,17.441992954446988,78.37651336901743,10.724,45.0,2.7518,-2.1379,6.0664,0.01542,-0.02587,-0.03284,17.441992958119368,78.37650076406867,3.5,0
14.382,54.673,54.673,17.441994327579152,78.3765147990147,10.739,45.0,3.1469,-0.9246,11.4017,-0.00313,0.00595,0.03632,17.44198617985422,78.37649446375347,3.5,0
14.402,54.825,54.825,17.4419957026211,78.37651623100082,10.754,45.0,2.2498,2.0261,14.1141,0.01808,-0.02734,0.01038,17.441983884968153,78.37649676760039,3.5,0
14.422,54.977,54.977,17.441997079572825,78.37651766497582,10.769,45.0,-0.4719,2.0762,10.1643,0.01806,0.0143,-0.02554,17.442035859754544,78.37652983879093,3.5,0
14.442,55.13,55.13,17.44199845843433,78.3765191009397,10.784,45.0,-2.3103,3.3097,5.4641,-0.01031,0.00436,-0.00394,17.441987213630274,78.37654475122986,3.5,0
14.462,55.282,55.282,17.441999839205614,78.37652053889244,10.798,45.0,-2.7026,3.8958,6.9835,0.01608,-0.02142,0.02479,17.44201160626553,78.37650451921473,3.5,0
14.482,55.435,55.435,17.44200122188668,78.37652197883405,10.813,45.0,-2.9212,1.0626,12.4393,0.01193,-0.00176,-0.02389,17.442003169508038,78.37651425945275,3.5,0
14.502,55.588,55.588,17.44200260647753,78.37652342076453,10.828,45.0,-1.8078,-1.1448,13.7925,-0.0019,0.00235,0.01164,17.442015569475693,78.37652059782658,3.5,0
14.522,55.742,55.742,17.442003992978158,78.37652486468389,10.843,45.0,0.2418,-1.9508,9.0911,0.02547,0.04077,0.00607,17.441964464319373,78.37655031829948,3.5,0
14.542,55.895,55.895,17.442005381388565,78.3765263105921,10.858,45.0,2.254,-2.1527,5.1926,-0.02393,-0.0276,-0.02777,17.442032388164925,78.3765319634668,3.5,0
14.562,56.049,56.049,17.442006771708755,78.37652775848919,10.873,45.0,2.9428,-1.1642,7.7336,-0.007,0.00669,-0.03075,17.44199537941384,78.37653958323071,3.5,0
14.582,56.203,56.203,17.442008163938723,78.37652920837515,10.888,45.0,2.6449,0.6755,13.0176,0.02484,0.00789,-0.07164,17.441993193383983,78.37655292348416,3.5,0
14.602,56.357,56.357,17.44200955807847,78.37653066024998,10.903,45.0,1.6752,1.705,13.4666,0.00515,-0.002,-0.01573,17.44203622163212,78.37651871653433,3.5,0
14.622,56.512,56.512,17.442010954128,78.37653211411369,10.918,45.0,-0.7718,3.9081,8.4693,-0.00132,-0.00222,-0.059,17.442016763458007,78.37654265071627,3.5,0
14.642,56.666,56.666,17.442012352087314,78.37653356996626,10.933,45.0,-2.0232,3.4183,5.1445,-0.00405,-0.01587,-0.05618,17.442013524729468,78.37654033707607,3.5,0
14.662,56.821,56.821,17.442013751956406,78.37653502780769,10.948,45.0,-3.8016,2.6452,8.171,-0.01455,0.01196,-0.06654,17.44199512669699,78.37653980045455,3.5,0
14.682,56.976,56.976,17.442015153735277,78.37653648763799,10.963,45.0,-3.1132,-0.4664,10.9179,0.02892,-0.00468,-0.01438,17.44200490255404,78.37652844061115,3.5,0
14.702,57.131,57.131,17.442016557423926,78.37653794945717,10.978,45.0,-1.2331,-0.4405,13.296,0.00482,-0.00748,0.02138,17.44203047238353,78.37655543195835,3.5,0
14.722,57.287,57.287,17.44201796302236,78.37653941326522,10.993,45.0,0.6391,-2.1199,8.2592,0.00172,0.02071,-0.03879,17.442022141431792,78.37653970755593,3.5,0
14.742,57.442,57.442,17.442019370530573,78.37654087906213,11.008,45.0,2.6922,-1.96,5.1408,0.02312,0.01903,0.02862,17.441990118632816,78.376548473104,3.5,0
14.762,57.598,57.598,17.442020779948567,78.37654234684793,11.022,45.0,3.868,-1.4791,8.2124,0.02337,0.0281,0.02983,17.442037882139864,78.37656352075618,3.5,0
14.782,57.754,57.754,17.44202219127634,78.37654381662257,11.037,45.0,3.3099,0.1049,13.2315,0.00555,-0.00633,-0.03396,17.442015737996325,78.3765127523298,3.5,0
14.802,57.911,57.911,17.442023604513896,78.3765452883861,11.052,45.0,0.8062,2.428,13.3652,0.0503,0.03746,-0.06392,17.442042189416757,78.37652982950223,3.5,0
14.822,58.067,58.067,17.44202501966123,78.3765467621385,11.067,45.0,1.1639,5.7822,15.2979,-0.02659,-0.01549,0.02642,17.442022616768092,78.37653738824025,3.5,0
14.842,58.224,58.224,17.442026436718344,78.37654823787976,11.082,45.0,-2.3862,2.9789,5.1517,0.03411,-0.00637,0.03288,17.44202858389538,78.37654251598269,3.5,0
14.862,58.381,58.381,17.44202785568524,78.3765497156099,11.097,45.0,-3.0788,2.1629,7.8573,0.01054,-0.03421,-0.00533,17.442043552960303,78.37654388782515,3.5,0
14.882,58.538,58.538,17.442029276561918,78.3765511953289,11.112,45.0,-2.6802,1.1394,12.9311,0.01604,-0.02261,-0.00205,17.442023885538582,78.37655780166891,3.5,0
14.902,58.695,58.695,17.442030699348376,78.37655267703677,11.127,45.0,-1.9149,-1.0355,13.6419,-0.02383,0.02982,-0.00306,17.442021368604063,78.37654803230271,3.5,0
14.922,58.853,58.853,17.442032124044612,78.37655416073352,11.142,45.0,0.3152,-1.9671,9.0744,-0.01914,-0.01419,0.00687,17.442011733317553,78.37655463787642,3.5,0
14.942,59.011,59.011,17.442033550650628,78.37655564641912,11.157,45.0,1.7253,-2.1368,5.2519,-0.00136,0.01224,0.01976,17.44203639566318,78.37658499506888,3.5,0
14.962,59.169,59.169,17.442034979166426,78.37655713409362,11.172,45.0,2.8559,-2.144,7.1521,0.01659,-0.07446,-0.01915,17.442029201448282,78.3765549846441,3.5,0
14.982,59.327,59.327,17.442036409592006,78.37655862375696,11.187,45.0,2.5252,-0.5492,12.2678,0.09592,-0.41606,-0.03754,17.4420455398267,78.3765405937448,3.5,0
15.002,59.485,59.485,17.442037841670455,78.37656011506327,11.199,45.0,1.3989,1.5983,13.6316,0.14748,-0.76043,-0.01241,17.44203391970545,78.37657146397149,3.5,0
15.022,59.644,59.644,17.442039273431945,78.37656160536072,11.194,45.01,-3.0696,1.7911,5.5294,0.05822,-0.343,0.0091,17.44204687836555,78.37656539041413,3.5,0
15.042,59.802,59.802,17.44204070487622,78.37656309464965,11.189,45.03,-2.0444,-1.2216,13.8374,0.00297,0.01455,0.02315,17.442047451298404,78.3766141076233,3.5,0
15.062,59.96,59.96,17.44204213600313,78.37656458293051,11.184,45.04,3.1643,-2.5156,5.3662,-0.03596,0.02232,0.03434,17.44203209820261,78.37655608098201,3.5,0
15.082,60.118,60.118,17.44204356681263,78.37656607020386,11.179,45.05,1.7182,1.0491,13.9882,0.04318,0.01463,0.0272,17.442061278176546,78.37657626291805,3.5,0
15.102,60.276,60.277,17.442044997304762,78.37656755647036,11.174,45.07,-1.2818,2.9385,5.2509,-0.00287,0.04273,0.0156,17.442033786383192,78.37656908735154,3.5,0
15.122,60.433,60.435,17.442046427479685,78.37656904173078,11.169,45.08,-1.7136,-1.4175,14.0887,-0.01573,-0.00111,-0.00928,17.442019938293708,78.37658407453226,3.5,0
15.142,60.591,60.593,17.442047857337656,78.37657052598598,11.164,45.09,2.6261,-2.7573,5.1804,-0.01425,0.01136,-0.04952,17.44204419657697,78.37656380818622,3.5,0
15.162,60.748,60.751,17.44204928687903,78.37657200923697,11.159,45.11,2.0011,0.2674,14.1426,-0.02249,0.0061,0.03188,17.442021879388236,78.3765991156382,3.5,0
15.182,60.906,60.909,17.44205071610427,78.37657349148479,11.154,45.12,-1.8482,3.2774,5.1549,0.02071,0.02755,0.06232,17.442053692957586,78.37656576471015,3.5,0
15.202,61.063,61.067,17.442052145013932,78.37657497273067,11.149,45.13,-2.3642,-0.3421,14.1522,0.01022,0.01307,-0.00515,17.442042039110564,78.37662269940991,3.5,0
15.222,61.22,61.225,17.442053573608682,78.37657645297585,11.144,45.15,2.3878,-3.0906,5.1664,-0.00238,0.00698,0.03742,17.44207045546874,78.37656160426424,3.5,0
15.242,61.377,61.383,17.442055001889283,78.37657793222178,11.139,45.16,3.5775,0.4008,14.1236,-0.00286,0.04135,-0.03948,17.442058679266434,78.37656307072925,3.5,0
15.262,61.534,61.541,17.442056429856603,78.37657941046992,11.134,45.17,-1.9474,2.9054,5.2171,-0.00782,-0.01139,-0.00906,17.44202895266553,78.37654966165495,3.5,0
15.282,61.691,61.699,17.44205785751161,78.37658088772187,11.129,45.18,-1.8708,-0.942,14.0586,-0.04024,0.02048,-0.03211,17.44205955342655,78.37662174665898,3.5,0
15.302,61.848,61.857,17.44205928485537,78.37658236397935,11.124,45.2,1.824,-3.4074,5.3001,0.01587,0.00617,0.05406,17.44209647491914,78.37659229281407,3.5,0
15.322,62.005,62.015,17.44206071188906,78.37658383924418,11.12,45.21,2.7122,0.3452,13.9524,0.00036,-0.02835,-0.01487,17.44207799199629,78.37660206897947,3.5,0
15.342,62.161,62.173,17.44206213861394,78.37658531351823,11.115,45.22,-0.9786,2.4309,5.4158,0.01209,0.00381,0.00849,17.44208108649961,78.3765782386315,3.5,0
15.362,62.318,62.33,17.442063565031397,78.37658678680356,11.11,45.24,-2.7576,-0.5616,13.8119,0.0182,0.02263,0.01523,17.442092701832927,78.37658023152923,3.5,0
15.382,62.474,62.488,17.442064991142892,78.37658825910223,11.105,45.25,2.5952,-3.5081,5.5726,0.02106,0.00494,0.06244,17.442076866361113,78.37661788717783,3.5,0
15.402,62.63,62.646,17.44206641695001,78.3765897304165,11.1,45.26,3.1683,-0.9392,13.6443,0.00307,-0.01779,-0.01892,17.442059092891,78.37660111482724,3.5,0
15.422,62.787,62.803,17.442067842454414,78.37659120074866,11.095,45.28,-1.6728,2.5171,5.7679,0.00291,0.00576,0.03218,17.442084771722687,78.37663309789436,3.5,0
15.442,62.943,62.961,17.44206926765788,78.37659267010113,11.09,45.29,-2.4074,-0.0079,13.4355,0.02256,-0.03912,-0.01925,17.442081899692226,78.37663466461996,3.5,0
15.462,63.099,63.119,17.44207069256229,78.37659413847643,11.085,45.3,2.0004,-3.262,5.9925,-0.00189,0.02236,0.00326,17.44206392839273,78.37660002741026,3.5,0
15.482,63.254,63.276,17.44207211716961,78.37659560587718,11.081,45.31,3.2769,0.0674,13.1905,0.0266,-0.01898,0.07374,17.442062309460756,78.37661500799767,3.5,0
15.502,63.41,63.434,17.442073541481914,78.37659707230608,11.076,45.33,-1.8079,2.1426,6.2574,0.02202,0.02028,0.01112,17.442075916227243,78.37656510058771,3.5,0
15.522,63.566,63.591,17.442074965501376,78.37659853776596,11.071,45.34,-3.0925,-0.5237,12.9041,-0.01037,0.00974,0.03378,17.442049197614935,78.37660613006585,3.5,0
15.542,63.721,63.749,17.44207638923027,78.3766000022597,11.066,45.35,1.2245,-3.1758,6.5657,-0.01346,-0.03448,0.01435,17.44206646447166,78.37659181607539,3.5,0
15.562,63.877,63.906,17.442077812670956,78.37660146579036,11.062,45.37,3.1175,-0.812,12.5873,-0.02191,0.00088,0.01399,17.442081997589383,78.3766035600513,3.5,0
15.582,64.032,64.063,17.442079235825908,78.37660292836098,11.057,45.38,-0.6395,2.7004,6.9223,0.01831,-0.00066,0.02967,17.442056920673842,78.37660314795681,3.5,0
15.602,64.187,64.221,17.442080658697687,78.37660438997482,11.052,45.39,-2.8419,-0.1259,12.2203,-0.05312,-0.01163,-0.01872,17.442080210363844,78.37660417263321,3.5,0
15.622,64.342,64.378,17.44208208128896,78.37660585063513,11.048,45.41,0.4778,-2.5491,7.3096,-0.0528,0.02128,0.01867,17.442055823444324,78.37663422828513,3.5,0
15.642,64.498,64.535,17.44208350360248,78.37660731034532,11.043,45.42,3.3971,-0.2819,11.8062,0.00817,-0.03593,-0.04044,17.44206143455204,78.37661056556725,3.5,0
15.662,64.652,64.693,17.4420849256411,78.3766087691089,11.038,45.43,-0.3067,2.3074,7.7477,-0.02951,-0.01798,-0.02246,17.442051271295735,78.37659100079571,3.5,0
15.682,64.807,64.85,17.442086347407784,78.37661022692942,11.034,45.45,-2.7726,0.9824,11.3411,-0.02043,0.00226,0.04667,17.44209700110053,78.37661359542481,3.5,0
15.702,64.962,65.007,17.44208776890557,78.37661168381057,11.029,45.46,1.0938,-3.4324,8.2343,0.0042,0.04102,-0.01784,17.442077656136615,78.37660646013792,3.5,0
15.722,65.117,65.164,17.442089190137597,78.3766131397561,11.025,45.47,3.6529,-0.9438,10.8429,-0.02987,0.02862,0.03253,17.4421237259896,78.3766324404281,3.5,0
15.742,65.271,65.322,17.442090611107112,78.3766145947699,11.02,45.48,0.0055,2.6288,8.7678,-0.02637,-0.0036,-0.10437,17.44208250720754,78.37660592593329,3.5,0
15.762,65.426,65.479,17.442092031817438,78.3766160488559,11.016,45.5,-3.0752,1.1431,10.2942,0.0322,-0.00739,-0.01169,17.442089237099403,78.37662880205936,3.5,0
15.782,65.58,65.636,17.442093452272,78.37661750201815,11.011,45.51,-0.3984,-2.8813,9.3396,0.00831,0.0334,-0.00696,17.442090995881184,78.37662364588643,3.5,0
15.802,65.734,65.793,17.442094872474325,78.37661895426076,11.007,45.52,3.5183,-2.88,9.7015,0.01915,0.02506,-0.0103,17.442074082981843,78.37662757880113,3.5,0
15.822,65.888,65.95,17.442096292428015,78.37662040558799,11.002,45.54,0.3286,1.7955,9.9507,-0.0115,0.00304,0.00469,17.442100218313787,78.37660173467893,3.5,0
15.842,66.042,66.107,17.442097712136775,78.37662185600412,10.998,45.55,-2.9419,0.8934,9.0706,0.03477,0.02496,0.01937,17.44209880228132,78.37661557795188,3.5,0
15.862,66.196,66.264,17.4420991316044,78.37662330551356,10.994,45.56,-0.695,-3.0547,10.5967,-0.06128,0.02902,-0.00298,17.442099164890294,78.37663169853295,3.5,0
15.882,66.35,66.421,17.44210055083478,78.37662475412078,10.989,45.58,2.8815,-1.9705,8.4259,-0.03188,-0.00439,0.02034,17.442093792782835,78.37661278686413,3.5,0
15.902,66.504,66.578,17.442101969831885,78.37662620183039,10.985,45.59,1.1368,1.6693,11.2522,-0.03408,0.01317,0.00703,17.442101141286866,78.3766419549232,3.5,0
15.922,66.657,66.735,17.442103388599786,78.376627648647,10.981,45.6,-2.9958,1.1695,7.76,-0.01806,-0.02755,0.04516,17.44208146792954,78.3766287774233,3.5,0
15.942,66.811,66.892,17.442104807142634,78.37662909457538,10.977,45.61,-0.4083,-2.7954,11.9069,0.02379,0.01796,0.0537,17.442117017577797,78.37665203774407,3.5,0
15.962,66.965,67.049,17.442106225464673,78.37663053962035,10.973,45.63,3.2099,-2.6384,7.1031,0.03943,0.01163,0.02027,17.442103315324694,78.37661111404954,3.5,0
15.982,67.118,67.205,17.442107643570235,78.37663198378682,10.968,45.64,1.2406,1.9634,12.5393,0.00307,-0.00053,0.0402,17.44213197787319,78.37665674157859,3.5,0
16.002,67.271,67.362,17.442109061463743,78.37663342707978,10.964,45.65,-2.4423,1.5753,6.4932,0.01136,-0.01432,0.01005,17.442116013903078,78.37663188401929,3.5,0
16.022,67.424,67.519,17.4421104791497,78.37663486950431,10.96,45.67,-1.4231,-2.2009,13.114,-0.04805,-0.01494,0.0405,17.442108512944788,78.3766362038615,3.5,0
16.042,67.577,67.676,17.442111896632696,78.37663631106555,10.956,45.68,3.0089,-2.8553,5.9505,0.01034,0.03528,0.01295,17.442114216104017,78.37663549570661,3.5,0
16.062,67.73,67.833,17.442113313917407,78.37663775176875,10.952,45.69,1.59,1.2333,13.6075,-0.01318,0.0309,0.00323,17.442123167186807,78.37664862557074,3.5,0
16.082,67.883,67.989,17.442114731008598,78.37663919161922,10.948,45.71,-2.6992,2.3257,5.5179,-0.02138,0.06013,-0.0517,17.442127673453413,78.37660693107911,3.5,0
16.102,68.036,68.146,17.44211614791111,78.37664063062233,10.945,45.72,-1.8903,-2.7271,13.9701,-0.00839,-0.01631,0.01879,17.44211168139241,78.3766369729629,3.5,0
16.122,68.189,68.303,17.442117564629875,78.37664206878358,10.941,45.73,2.6964,-2.5254,5.2514,-0.00324,0.01153,0.01903,17.442125544011212,78.37661536440213,3.5,0
16.142,68.342,68.459,17.4421189811699,78.37664350610851,10.937,45.75,2.1196,1.1327,14.1557,0.02596,-0.00285,-0.02548,17.44211645469993,78.37664045193867,3.5,0
16.162,68.494,68.616,17.44212039753628,78.37664494260271,10.933,45.76,-1.5768,1.9458,5.1755,-0.03153,-0.01652,-0.00883,17.442148278875894,78.37664456328982,3.5,0
16.182,68.647,68.773,17.442121813734186,78.3766463782719,10.929,45.77,-2.6397,-1.3042,14.1209,-0.02062,0.01599,-0.03785,17.442123673651725,78.37665997766862,3.5,0
16.202,68.799,68.929,17.442123229768868,78.37664781312183,10.926,45.78,2.0072,-3.2846,5.348,0.02426,0.04125,0.03174,17.442145216267292,78.37667074533617,3.5,0
16.222,68.951,69.086,17.44212464564566,78.37664924715837,10.922,45.8,2.6409,-0.3931,13.8287,-0.02475,0.01073,-0.01246,17.442137543907528,78.37664450541763,3.5,0
16.242,69.103,69.242,17.442126061369972,78.37665068038741,10.918,45.81,-0.8729,2.5501,5.7899,-0.03711,0.02062,0.03083,17.44213343792559,78.3766210809043,3.5,0
16.263,69.256,69.399,17.442127476947288,78.37665211281494,10.915,45.82,-2.6502,-0.9953,13.2478,0.04744,0.03884,-0.00603,17.442145635199378,78.37665142976813,3.5,0
16.283,69.408,69.555,17.442128892383177,78.376653544447,10.911,45.84,1.772,-3.5612,6.5155,-0.02222,0.00023,-0.01816,17.442134657890445,78.37662316882552,3.5,0
16.303,69.56,69.712,17.44213030768328,78.37665497528972,10.908,45.85,2.5849,-0.2147,12.3686,-0.00313,-0.00677,0.03981,17.44210755448846,78.37662233097382,3.5,0
16.323,69.711,69.869,17.442131722853304,78.37665640534928,10.905,45.86,-0.5425,2.0141,7.5229,-0.00412,0.03485,-0.01003,17.442126330278295,78.37664527208447,3.5,0
16.343,69.863,70.025,17.44213313789904,78.37665783463196,10.901,45.88,-2.6528,1.0639,11.2204,0.02804,-0.00079,0.0393,17.44213242277779,78.37662918759327,3.5,0
16.363,70.015,70.182,17.442134552826353,78.37665926314403,10.898,45.89,0.9575,-2.1391,10.3064,0.00189,0.04192,-0.01372,17.442138175765464,78.37663990967474,3.5,0
16.383,70.167,70.338,17.44213596764118,78.37666069089194,10.895,45.9,3.7712,-2.3193,9.8775,0.00656,0.01421,0.00342,17.4421499363131,78.37666952091827,3.5,0
16.403,70.318,70.494,17.442137382349514,78.37666211788208,10.891,45.91,0.1175,2.3213,10.1762,0.01494,0.01174,0.04693,17.442126173689605,78.37665053652654,3.5,0
16.423,70.47,70.651,17.442138796957437,78.37666354412099,10.888,45.93,-2.4614,1.3155,8.4501,0.01695,0.02125,0.01646,17.442107691794575,78.376677890827,3.5,0
16.443,70.621,70.807,17.4421402114711,78.37666496961522,10.885,45.94,0.3661,-2.5794,11.6017,0.01886,-0.0032,0.03496,17.44213278221745,78.37667823699135,3.5,0
16.463,70.772,70.964,17.442141625896706,78.37666639437144,10.882,45.95,3.0504,-2.2175,7.0744,0.02768,-5e-05,0.0719,17.442149763247254,78.3766694762467,3.5,0
16.483,70.924,71.12,17.44214304024054,78.3766678183963,10.879,45.97,1.199,1.6519,12.8605,-0.01321,-0.01054,0.00412,17.442142528458955,78.3766599933478,3.5,0
16.503,71.075,71.277,17.442144454508952,78.37666924169656,10.876,45.98,-2.1064,2.3338,5.9458,-0.0187,-0.01053,0.03574,17.442129153372072,78.37667473354807,3.5,0
16.523,71.226,71.433,17.44214586870835,78.37667066427903,10.873,45.99,-0.9695,-1.1371,13.7771,-0.00905,-0.00994,0.00764,17.442154289888403,78.37670127051916,3.5,0
16.543,71.377,71.589,17.442147282845216,78.37667208615058,10.87,46.01,2.4476,-2.7052,5.2695,-0.01477,0.01682,0.01243,17.442152378590812,78.37667883725283,3.5,0
16.563,71.528,71.746,17.442148696926086,78.37667350731812,10.867,46.02,2.2155,-0.0054,14.1592,0.01617,0.00667,-0.00455,17.44214613881987,78.37667194810723,3.5,0
16.583,71.679,71.902,17.442150110957567,78.3766749277886,10.865,46.03,-2.0197,2.2705,5.2236,-0.04107,0.00812,0.01207,17.442196013828333,78.376673764673,3.5,0
16.603,71.829,72.059,17.44215152494632,78.37667634756906,10.862,46.05,-3.0247,0.6193,13.8471,0.02629,-0.01034,-0.02374,17.442126493548088,78.37667818534926,3.5,0
16.623,71.98,72.215,17.44215293889907,78.37667776666657,10.859,46.06,1.3066,-2.7861,5.8981,0.00978,0.03518,0.04306,17.442138774224134,78.37667953826164,3.5,0
16.643,72.131,72.371,17.4421543528226,78.37667918508826,10.857,46.07,2.7173,0.3614,12.8029,-0.03292,0.04052,0.0857,17.442164238354582,78.37668531012181,3.5,0
16.663,72.281,72.528,17.44215576672376,78.37668060284129,10.854,46.08,-1.0329,3.0222,7.2831,0.00113,0.00615,0.01459,17.44215607012455,78.37665391405126,3.5,0
16.683,72.432,72.684,17.44215718060945,78.37668201993287,10.852,46.1,-3.016,0.7503,11.123,0.00725,0.00968,-0.00688,17.4421497931583,78.3767034936786,3.5,0
16.703,72.582,72.841,17.442158594486614,78.37668343637029,10.849,46.11,0.4085,-2.6662,9.2031,0.01833,0.03112,0.06123,17.442143619367375,78.37668263802541,3.5,0
16.723,72.733,72.997,17.442160008362272,78.37668485216085,10.847,46.12,3.9631,-1.7795,9.0703,-0.00057,0.03455,-0.00193,17.442137889759497,78.376704391231,3.5,0
16.743,72.883,73.153,17.442161422243487,78.3766862673119,10.844,46.14,0.3418,1.2165,11.3025,0.0005,0.02523,-0.00542,17.44217510213748,78.37664591555341,3.5,0
16.763,73.033,73.31,17.442162836137378,78.37668768183083,10.842,46.15,-2.5077,1.7863,7.0679,-0.00184,0.02891,0.01529,17.442160969077662,78.37665639590767,3.5,0
16.783,73.183,73.466,17.44216425005111,78.37668909572511,10.84,46.16,-1.2805,-1.4214,13.1029,0.02345,-0.01164,-0.00432,17.44217711708735,78.37670881529141,3.5,0
16.803,73.333,73.622,17.442165663991908,78.37669050900219,10.838,46.18,2.8369,-2.9221,5.6098,0.03858,-0.00552,0.04522,17.442140044040947,78.3766904171598,3.5,0
16.823,73.483,73.779,17.442167077967042,78.3766919216696,10.836,46.19,2.4632,0.9618,14.0815,0.00687,0.04881,-0.04157,17.442186643736505,78.3766829385594,3.5,0
16.843,73.633,73.935,17.442168491983825,78.37669333373492,10.834,46.2,-2.4706,2.8298,5.1692,-0.01079,0.01012,0.0157,17.442178430771033,78.37668344484057,3.5,0
16.863,73.783,74.092,17.442169906049624,78.3766947452057,10.832,46.21,-2.3239,-0.8911,13.878,0.00864,0.0087,0.05386,17.44216020152144,78.37669460020881,3.5,0
16.883,73.933,74.248,17.442171320171852,78.37669615608961,10.83,46.23,1.6601,-3.1978,6.0245,0.03864,0.03688,-0.06519,17.442180550291862,78.37673523406924,3.5,0
16.903,74.083,74.404,17.44217273435796,78.37669756639428,10.828,46.24,3.3742,-1.1042,12.403,0.00148,-0.00369,0.05603,17.442181306608113,78.37664946503732,3.5,0
16.923,74.233,74.561,17.442174148615454,78.37669897612744,10.826,46.25,-0.32,2.1192,8.0488,-0.01271,0.01882,0.01561,17.442188559701226,78.37667983466824,3.5,0
16.943,74.382,74.717,17.44217556295187,78.37670038529681,10.824,46.27,-2.5694,-0.1348,8.3173,0.03344,0.04781,0.06414,17.4421686515012,78.37668261071728,3.5,0
16.963,74.532,74.874,17.442176977374793,78.37670179391014,10.823,46.28,-0.0805,-2.3248,12.0252,0.00616,-0.00202,0.05762,17.442159423550883,78.37672280513708,3.5,0
16.983,74.681,75.03,17.442178391891847,78.37670320197522,10.821,46.29,3.0165,-1.588,7.3576,0.00344,-0.01854,-0.03457,17.44215551489394,78.37672652416163,3.5,0
17.003,74.831,75.187,17.442179806510698,78.37670460949988,10.819,46.31,1.2179,1.113,13.0521,-0.02824,-0.00997,0.07103,17.442169962691512,78.37670145413337,3.5,0
17.023,74.98,75.343,17.44218122123904,78.37670601649197,10.818,46.32,-2.7423,2.3308,5.5223,0.00366,0.00039,-0.0253,17.442152740879397,78.37671941206872,3.5,0
17.043,75.13,75.5,17.442182636084606,78.37670742295933,10.816,46.33,-2.2857,-1.2869,14.1575,0.01874,-0.00639,0.02013,17.442193117785937,78.37669789045873,3.5,0
17.063,75.279,75.656,17.44218405105518,78.37670882890987,10.815,46.35,2.5756,-2.493,5.3191,-0.00854,0.01685,-0.06589,17.442176762990382,78.37673060954613,3.5,0
17.083,75.428,75.813,17.442185466158556,78.37671023435152,10.814,46.36,3.5318,0.2934,13.3982,-0.00313,0.01004,0.02861,17.442167847423505,78.3767172865019,3.5,0
17.103,75.577,75.969,17.442186881402574,78.3767116392922,10.812,46.37,-1.0868,2.9014,7.0125,0.00237,0.04489,0.02208,17.442201301192426,78.37670695401087,3.5,0
17.123,75.727,76.126,17.44218829679511,78.37671304373988,10.811,46.38,-3.3615,0.9131,10.9205,0.003,0.00799,0.0579,17.442194166957538,78.3766718761024,3.5,0
17.143,75.876,76.282,17.44218971234406,78.37671444770254,10.81,46.4,0.2096,-2.6897,10.0071,0.00551,0.01649,0.02733,17.442187969754286,78.37670830461997,3.5,0
17.163,76.025,76.439,17.442191128057353,78.37671585118818,10.809,46.41,1.6524,-4.3606,3.1304,0.03641,0.01101,-0.02902,17.442217549481487,78.37670953582102,3.5,0
17.183,76.174,76.595,17.442192543942948,78.3767172542048,10.808,46.42,1.6469,2.3247,12.9182,-0.00807,0.02326,0.03035,17.44220536089197,78.37671661557823,3.5,0
17.203,76.323,76.752,17.442193960008822,78.37671865676045,10.807,46.44,-2.4401,1.9946,5.4981,-0.0119,-0.00604,-0.00805,17.442194725281784,78.376720208924,3.5,0
17.223,76.472,76.909,17.442195376262994,78.37672005886314,10.806,46.45,-2.7247,-0.7138,14.1639,-0.01489,0.00166,0.06943,17.442197635130913,78.37671340315089,3.5,0
17.243,76.62,77.065,17.44219679271349,78.37672146052095,10.805,46.46,2.5504,-2.5468,5.4894,-0.0051,0.03535,0.02154,17.44216994215197,78.37671348366476,3.5,0
17.263,76.769,77.222,17.442198209368364,78.37672286174195,10.804,46.48,3.8093,-0.6889,12.8648,-0.02057,0.02428,-0.00205,17.442175247889185,78.3767385899484,3.5,0
17.283,76.918,77.379,17.4421996262357,78.37672426253421,10.804,46.49,-0.727,2.9108,7.9532,-0.00328,0.03019,0.04127,17.442179729987316,78.37669708263559,3.5,0
17.303,77.067,77.535,17.442201043323585,78.3767256629058,10.803,46.5,-3.2196,1.4967,9.5885,0.01729,0.00262,0.01049,17.442170952613047,78.37670987020672,3.5,0
17.323,77.215,77.692,17.442202460640146,78.37672706286484,10.802,46.51,-0.4402,-1.5932,11.5591,0.02144,0.04019,0.06285,17.442194071784,78.37671945132078,3.5,0
17.343,77.364,77.849,17.442203878193506,78.37672846241942,10.802,46.53,3.1773,-2.5984,6.2762,-0.01978,-0.00164,-0.02614,17.442237422199803,78.37671280641408,3.5,0
17.363,77.513,78.006,17.442205295991823,78.37672986157764,10.801,46.54,2.3089,0.4826,13.9837,-0.00624,-0.00116,-0.00852,17.442197063832303,78.37673714103168,3.5,0
17.383,77.661,78.163,17.442206714043255,78.37673126034761,10.801,46.55,-1.1541,2.3757,5.2136,0.01198,0.00848,0.03804,17.44221138132638,78.37671555687503,3.5,0
17.403,77.81,78.319,17.442208132355983,78.37673265873745,10.801,46.57,-2.7594,-0.0457,13.4019,-0.01085,0.03807,-0.00381,17.4422183602012,78.37672426567073,3.5,0
17.423,77.958,78.476,17.442209550938202,78.37673405675525,10.8,46.58,0.6553,-2.8498,7.3808,0.02024,-0.00263,0.03588,17.442204883642304,78.37674808015889,3.5,0
17.443,78.107,78.633,17.442210969798104,78.37673545440916,10.8,46.59,2.7773,-1.5479,10.0014,-0.00213,-0.01583,0.0273,17.44221296798053,78.37674873594555,3.5,0
17.463,78.255,78.79,17.44221238894391,78.37673685170724,10.8,46.61,0.4552,1.2496,11.3619,-0.03159,0.03616,-0.0166,17.442206600968802,78.37673399069254,3.5,0
17.483,78.403,78.947,17.442213808383833,78.37673824865763,10.8,46.62,-3.2322,1.7053,4.7928,0.00848,-0.00364,0.01811,17.442202564111142,78.37673690830034,3.5,0
17.503,78.552,79.104,17.442215228126106,78.37673964526844,10.8,46.63,-1.1289,-0.4478,14.0434,0.01678,0.03297,0.0037,17.442216612531567,78.37672813764776,3.5,0
17.523,78.7,79.261,17.44221664817896,78.37674104154775,10.8,46.65,1.8987,-2.7137,5.3062,-0.0163,-0.00373,-0.01054,17.442210103184006,78.37675696408056,3.5,0
17.543,78.848,79.418,17.442218068550627,78.37674243750365,10.8,46.66,1.3597,-2.5053,7.028,-0.00905,0.00581,0.02797,17.442206744900552,78.37674266444499,3.5,0
17.563,78.996,79.576,17.442219489249354,78.37674383314423,10.8,46.67,-0.4032,2.752,8.1861,-0.01097,0.0425,-0.0156,17.442215227539762,78.37675455467692,3.5,0
17.583,79.145,79.733,17.442220910283382,78.37674522847756,10.801,46.68,-2.5801,1.5779,8.9213,0.00764,0.03702,0.01066,17.44220787718141,78.37674700577598,3.5,0
17.603,79.293,79.89,17.442222331660954,78.3767466235117,10.801,46.7,0.0757,-1.6214,12.503,-0.01495,0.04001,0.06593,17.442241807600027,78.37674543721903,3.5,0
17.623,79.441,80.047,17.44222375339031,78.37674801825473,10.801,46.71,2.563,-2.4584,5.4829,-0.00223,0.00159,0.01399,17.442237971496812,78.37671398348198,3.5,0
17.643,79.589,80.204,17.44222517547969,78.37674941271464,10.802,46.72,2.3654,0.336,14.1217,-0.0199,0.01665,-0.00979,17.442239307370055,78.37672996075797,3.5,0
17.663,79.737,80.362,17.44222659793734,78.3767508068995,10.802,46.74,-0.822,2.3633,6.1911,-0.00293,0.02011,-0.0379,17.442221677291066,78.37674501004193,3.5,0
17.683,79.885,80.519,17.442228020771477,78.37675220081728,10.803,46.75,-2.7464,0.6946,11.2051,0.00028,0.02389,-0.03948,17.442208799615887,78.37672213196345,3.5,0
17.703,80.033,80.677,17.44222944399034,78.37675359447599,10.803,46.76,0.5536,-2.2928,10.5761,-0.00834,0.01106,-0.02453,17.442243814492812,78.37673990405662,3.5,0
17.723,80.181,80.834,17.442230867602138,78.3767549878836,10.804,46.78,3.3427,-2.3804,6.5966,-0.03335,0.04069,-0.00082,17.44220281783716,78.37675832910365,3.5,0
17.743,80.329,80.991,17.44223229161509,78.37675638104807,10.805,46.79,1.946,1.1566,14.032,0.04037,-0.01379,-0.06582,17.44225352914598,78.37673201016318,3.5,0
17.763,80.477,81.149,17.44223371603739,78.37675777397733,10.805,46.8,-1.5134,2.8616,5.4018,0.00897,0.03318,0.00232,17.44226565126259,78.37677197373287,3.5,0
17.783,80.625,81.307,17.442235140877226,78.37675916667928,10.806,46.81,-2.4392,0.6867,12.5167,-0.01098,0.01496,-0.03487,17.44225219410232,78.37678958321776,3.5,0
17.803,80.773,81.464,17.44223656614278,78.37676055916181,10.807,46.83,0.6179,-2.0933,9.236,0.00859,0.06953,0.00373,17.442236723472284,78.37676244925673,3.5,0
17.823,80.921,81.622,17.44223799184221,78.3767619514328,10.808,46.84,3.4412,-1.9528,7.5565,0.0174,0.00927,0.00503,17.442218484689036,78.37675419125571,3.5,0
17.843,81.069,81.78,17.442239417983657,78.37676334350006,10.809,46.85,2.2157,0.8075,13.6649,0.01104,-0.01278,0.01825,17.44223323769997,78.37677624699535,3.5,0
17.863,81.216,81.937,17.442240844575263,78.37676473537141,10.81,46.87,-1.5224,2.519,5.2076,0.01568,0.00697,0.00719,17.442234351344545,78.37677496404696,3.5,0
17.883,81.364,82.095,17.442242271625137,78.37676612705465,10.812,46.88,-2.2323,0.1726,13.0215,0.02237,-0.00996,-0.01516,17.44224780382242,78.37675603332615,3.5,0
17.903,81.512,82.253,17.44224369914137,78.37676751855751,10.813,46.89,0.744,-3.3915,8.6966,-0.01455,0.03638,-0.02226,17.44224697403057,78.37675810910082,3.5,0
17.923,81.66,82.411,17.44224512713203,78.37676890988772,10.814,46.91,3.2041,-1.3199,7.8995,-0.00452,0.00357,-0.03403,17.442270561052517,78.37676106381711,3.5,0
17.943,81.807,82.569,17.442246555605177,78.37677030105296,10.815,46.92,1.7796,1.4556,13.5554,0.00356,0.00791,0.04701,17.442240726326478,78.37678665203536,3.5,0
17.963,81.955,82.727,17.442247984568834,78.3767716920609,10.817,46.93,-1.5201,2.8111,5.2026,0.01008,0.01058,0.03752,17.442264351447143,78.37675585051716,3.5,0
17.983,82.103,82.885,17.442249414031007,78.37677308291916,10.818,46.95,-3.1237,0.7396,12.9502,0.00818,-0.00623,-0.00533,17.44225270256948,78.3767803265418,3.5,0
18.003,82.251,83.043,17.442250843999673,78.37677447363531,10.82,46.96,1.7453,-1.2734,12.9568,-0.04031,-0.00367,0.00764,17.442248692827082,78.37677480119768,3.5,0
18.023,82.398,83.202,17.442252274482783,78.37677586421692,10.821,46.97,3.0911,-1.7384,7.5124,0.05864,-0.01707,0.00477,17.442255914487337,78.3767839902267,3.5,0
18.043,82.546,83.36,17.44225370548826,78.3767772546715,10.823,46.98,1.9284,1.2114,13.8195,0.03538,-0.03064,0.04472,17.442264680166456,78.37676777184335,3.5,0
18.063,82.694,83.518,17.442255137023995,78.3767786450065,10.825,47.0,-1.2668,2.6462,5.3437,-0.0091,0.0077,-0.00511,17.442228460305667,78.37677175845188,3.5,0
18.083,82.841,83.677,17.442256569097854,78.37678003522937,10.827,47.01,-4.1867,-1.637,7.7136,0.01556,-2e-05,-0.05793,17.442237649349654,78.37679111002424,3.5,0
18.103,82.989,83.835,17.442258001717665,78.3767814253475,10.828,47.02,0.0498,-1.7867,10.0395,-0.0118,-0.00934,0.0223,17.442238640177365,78.37675827416072,3.5,0
18.123,83.136,83.993,17.442259434891223,78.37678281536824,10.83,47.04,2.4715,-2.5081,6.186,-0.01825,0.02019,-0.03826,17.442265719504704,78.37676690165539,3.5,0
18.143,83.284,84.152,17.4422608686263,78.37678420529889,10.832,47.05,2.6167,1.1373,14.1577,-0.01568,0.02811,0.03856,17.442270326671935,78.37673904506894,3.5,0
18.163,83.432,84.311,17.442262302930608,78.3767855951467,10.834,47.06,-1.0427,2.0023,6.0152,-0.00749,0.01807,-0.02339,17.442244639198247,78.37681015770931,3.5,0
18.183,83.579,84.469,17.44226373781185,78.37678698491891,10.836,47.08,-2.1567,1.483,10.6904,0.0109,0.01284,0.01763,17.442272224867992,78.37678483259569,3.5,0
18.203,83.727,84.628,17.44226517327767,78.37678837462265,10.838,47.09,-0.754,-1.6709,11.8125,0.0118,0.04628,-0.00074,17.442260883079335,78.37678505637102,3.5,0
18.223,83.874,84.787,17.44226660933568,78.37678976426506,10.841,47.1,2.8527,-2.5111,5.4218,-0.00241,0.00204,0.00031,17.442266819154753,78.37680220237813,3.5,0
18.243,84.022,84.946,17.44226804599345,78.3767911538532,10.843,47.11,2.9082,0.1186,13.8138,-0.03021,0.0308,0.02482,17.442277770505967,78.37678499753635,3.5,0
18.263,84.17,85.105,17.442269483258517,78.3767925433941,10.845,47.13,0.0957,2.8174,7.8202,0.01079,0.06446,0.01091,17.442260057755867,78.37677955743715,3.5,0
18.283,84.317,85.264,17.442270921138356,78.37679393289471,10.847,47.14,-3.0576,2.6156,8.2132,0.02991,0.03154,-0.00527,17.442280973815436,78.37679301862751,3.5,0
18.303,84.465,85.423,17.442272359640413,78.37679532236194,10.85,47.15,-1.4121,-2.1348,13.6649,-0.00229,-0.00842,-0.00264,17.44230541631507,78.3768105963475,3.5,0
18.323,84.612,85.582,17.442273798772085,78.37679671180267,10.852,47.17,2.29,-2.4796,5.3612,0.00077,-0.00768,-0.03239,17.442270525035216,78.37679563326563,3.5,0
18.343,84.76,85.741,17.442275238540713,78.3767981012237,10.855,47.18,3.3049,-1.0637,11.8558,0.04409,-0.01057,0.01181,17.442294545749256,78.37679987791424,3.5,0
18.363,84.907,85.901,17.442276678953604,78.37679949063175,10.857,47.19,0.3937,2.2258,10.8957,0.01965,0.02089,0.01763,17.44228930144857,78.37678963366925,3.5,0
18.383,85.055,86.06,17.44227812001801,78.37680088003354,10.86,47.21,-2.5484,2.2946,5.7356,-0.01664,-0.00747,0.10162,17.44226992484015,78.37679884461143,3.5,0
18.403,85.203,86.22,17.442279561741124,78.3768022694357,10.863,47.22,-2.0076,-0.5722,13.9906,-0.02009,0.01279,0.01225,17.44229249617331,78.37682177283318,3.5,0
18.423,85.35,86.379,17.442281004130102,78.37680365884479,10.865,47.23,0.4742,-2.7183,7.6004,-0.02255,-0.02734,0.00376,17.44227384142556,78.37678705625581,3.5,0
18.443,85.498,86.539,17.44228244719204,78.37680504826733,10.868,47.25,3.3397,-2.1884,8.2115,0.00959,0.04695,-0.02517,17.44230148713253,78.37679602874512,3.5,0
18.463,85.645,86.698,17.44228389093397,78.37680643770977,10.871,47.26,1.5812,1.7393,13.7708,0.03384,0.00473,-0.0042,17.442307531941974,78.37683443418166,3.5,0
18.483,85.793,86.858,17.442285335362893,78.37680782717851,10.874,47.27,-0.4124,3.0688,8.0258,0.01329,0.02154,0.00743,17.44228461012407,78.37680994637677,3.5,0
18.503,85.94,87.018,17.44228678048573,78.37680921667987,10.877,47.28,-3.63,1.1232,11.1819,-0.01751,-0.00022,-0.02239,17.44227328884977,78.37678380792936,3.5,0
18.523,86.088,87.178,17.44228822630936,78.37681060622012,10.88,47.3,-0.8753,-2.1826,11.8072,0.01883,-0.0071,0.02735,17.442298823327416,78.37684664673154,3.5,0
18.543,86.235,87.338,17.442289672840595,78.37681199580545,10.883,47.31,2.7945,-3.0412,5.2893,-0.01403,0.03455,0.00037,17.442286531149286,78.37679484279266,3.5,0
18.563,86.383,87.498,17.44229112008619,78.37681338544199,10.886,47.32,3.5995,0.0261,13.338,0.05181,0.00973,0.02648,17.44229151269953,78.37676767541956,3.5,0
18.583,86.531,87.658,17.442292568052835,78.37681477513581,10.889,47.34,-0.0516,1.9048,9.2238,-0.0095,-0.01134,-0.01913,17.442290710012653,78.37680424812926,3.5,0
18.603,86.678,87.818,17.44229401674717,78.37681616489292,10.892,47.35,-3.0528,2.1845,6.5491,-0.01965,0.01912,0.01468,17.442315109101614,78.37679774154981,3.5,0
18.623,86.826,87.979,17.44229546617576,78.37681755471921,10.895,47.36,-1.4385,-1.2642,14.1604,0.00778,0.02599,0.00077,17.442289385557466,78.37682973031932,3.5,0
18.643,86.973,88.139,17.442296916345114,78.37681894462057,10.899,47.38,0.5558,-2.5586,7.0132,0.01957,0.00754,0.04554,17.442294730098364,78.37684254537169,3.5,0
18.663,87.121,88.299,17.44229836726167,78.37682033460278,10.902,47.39,2.4322,-1.9961,8.5595,0.00906,-0.01733,0.00835,17.442318756549405,78.37681931870267,3.5,0
18.683,87.269,88.46,17.442299818931804,78.37682172467154,10.905,47.4,2.0369,1.1798,13.7599,0.0084,0.0387,-0.03062,17.442292943615996,78.37682921425804,3.5,0
18.703,87.416,88.621,17.44230127136182,78.37682311483253,10.909,47.41,-1.7478,2.9259,5.6546,0.01545,0.02822,-0.00014,17.442293355725685,78.37682478881341,3.5,0
18.723,87.564,88.781,17.44230272455796,78.37682450509128,10.912,47.43,-3.4524,0.7821,10.6072,0.0037,-0.00647,-0.04526,17.44231584707472,78.37684640524124,3.5,0
18.743,87.712,88.942,17.442304178526392,78.37682589545331,10.916,47.44,-0.6756,-1.8628,12.5836,0.01008,0.00188,0.01593,17.442313276526598,78.37682096808153,3.5,0
18.763,87.859,89.103,17.44230563327321,78.37682728592404,10.919,47.45,2.4553,-3.2966,5.1915,0.01814,0.00904,0.04865,17.442282898929314,78.37680060510003,3.5,0
18.783,88.007,89.264,17.442307088804455,78.3768286765088,10.923,47.47,2.9716,-0.2754,12.2592,-0.02241,0.03496,0.01398,17.442284409253787,78.37682568360395,3.5,0
18.803,88.155,89.425,17.44230854512607,78.37683006721285,10.927,47.48,0.1362,2.9392,11.0917,-0.00306,0.01799,0.01501,17.44231627924575,78.3767822613708,3.5,0
18.823,88.302,89.586,17.442310002243943,78.37683145804141,10.93,47.49,-1.971,3.8413,5.8561,0.01615,0.03375,0.01865,17.44229368335681,78.37681917350339,3.5,0
18.843,88.45,89.747,17.442311460163882,78.37683284899958,10.934,47.51,-2.4354,0.1229,13.3596,-0.02856,0.00217,-0.01918,17.44231739426707,78.37682000173879,3.5,0
18.863,88.598,89.909,17.44231291889162,78.37683424009238,10.938,47.52,0.123,-2.1251,9.639,0.00883,0.03057,-0.01538,17.44230183597264,78.37681257905969,3.5,0
18.883,88.746,90.07,17.442314378432812,78.37683563132478,10.942,47.53,3.7347,-2.991,6.0655,-0.00783,0.02949,0.02338,17.4423346966766,78.37685303266704,3.5,0
18.903,88.893,90.232,17.44231583879304,78.37683702270165,10.946,47.55,2.3052,0.9807,13.9643,-0.00303,0.02045,0.00077,17.442322257596356,78.3768317965471,3.5,0
18.923,89.041,90.393,17.442317299977802,78.37683841422776,10.949,47.56,-0.9327,2.9699,8.4232,0.0026,-0.02454,0.07073,17.442295886900055,78.376846519846,3.5,0
18.943,89.189,90.555,17.44231876199252,78.37683980590785,10.953,47.57,-3.1545,1.9275,6.8718,-0.02946,0.02179,0.05072,17.442325969998492,78.3768361355111,3.5,0
18.963,89.337,90.717,17.442320224842543,78.37684119774651,10.957,47.58,-2.2289,-0.1492,14.1869,-0.00919,0.01284,-0.0149,17.44233424408515,78.37684459082152,3.5,0
18.983,89.485,90.879,17.44232168853313,78.37684258974832,10.961,47.6,1.0529,-2.7816,7.4957,0.02823,0.06618,-0.01382,17.442324409131032,78.3768253927678,3.5,0
19.003,89.632,91.041,17.44232315306946,78.37684398191772,10.965,47.61,3.1582,-2.0219,7.6535,-0.03721,0.02021,-0.03317,17.44231445442341,78.37684298851597,3.5,0
19.023,89.78,91.203,17.44232461845663,78.37684537425908,10.97,47.62,2.4174,1.1746,14.1741,0.03442,-0.00559,-0.01491,17.44233235386466,78.37687131901588,3.5,0
19.043,89.928,91.365,17.44232608469966,78.37684676677668,10.974,47.64,-1.4419,2.3907,6.8458,-0.00924,0.02321,0.00044,17.442337715501193,78.37682547862678,3.5,0
19.063,90.076,91.527,17.44232755180347,78.37684815947475,10.978,47.65,-2.4436,2.1675,8.3223,-0.00939,-0.00237,0.0165,17.442336289882157,78.37687965300829,3.5,0
19.083,90.224,91.69,17.442329019772913,78.37684955235737,10.982,47.66,-1.8468,-1.4911,14.059,0.00428,0.00832,0.00445,17.44232776558175,78.37687235351737,3.5,0
19.103,90.372,91.852,17.44233048861275,78.37685094542859,10.986,47.68,1.8556,-3.1485,6.4213,0.03095,-0.02182,0.06972,17.442345669362613,78.37684603219047,3.5,0
19.123,90.52,92.015,17.442331958327646,78.37685233869234,10.991,47.69,3.4669,-1.8831,8.7992,-0.02475,0.02434,0.03609,17.442311611773274,78.37686303566434,3.5,0
19.143,90.668,92.177,17.442333428922193,78.37685373215247,10.995,47.7,2.1618,1.6115,13.9161,-0.00863,-0.01898,0.02258,17.44231275809769,78.37685937803211,3.5,0
19.163,90.816,92.34,17.442334900400887,78.37685512581275,10.999,47.71,-1.0161,2.6121,6.178,0.01675,0.01478,0.02341,17.442330298826494,78.37683526907455,3.5,0
19.183,90.964,92.503,17.442336372768132,78.37685651967683,11.004,47.73,-2.8726,1.0264,9.0894,0.01741,0.00116,-0.0541,17.44236454544162,78.37686102718757,3.5,0
19.203,91.112,92.666,17.442337846028252,78.37685791374832,11.008,47.74,-1.3655,-1.4854,13.8361,0.03815,0.00506,-0.06324,17.44236517933608,78.37685662774888,3.5,0
19.223,91.26,92.829,17.44233932018547,78.37685930803069,11.012,47.75,2.1138,-2.7451,6.08,-0.01973,0.01783,0.00667,17.442362238785986,78.37684925003408,3.5,0
19.243,91.408,92.992,17.442340795243926,78.37686070252735,11.017,47.77,3.4149,-1.8758,9.1923,-0.02173,-0.01658,0.03406,17.44234158697637,78.37687434134244,3.5,0
19.263,91.556,93.155,17.442342271207664,78.37686209724158,11.021,47.78,2.1808,0.934,13.8204,0.0184,0.03081,-0.00831,17.442314117919626,78.37684941705717,3.5,0
19.283,91.705,93.319,17.442343748080635,78.37686349217662,11.026,47.79,-1.3225,3.7209,6.0882,-0.01156,0.00103,0.01885,17.442351767570944,78.37685354505368,3.5,0
19.303,91.853,93.482,17.4423452258667,78.3768648873356,11.03,47.81,-2.4725,1.233,9.1045,0.01052,0.03434,0.02978,17.44233548197272,78.37684233056424,3.5,0
19.323,92.001,93.646,17.442346704569623,78.37686628272151,11.035,47.82,-1.9239,-1.3319,13.865,0.01592,-0.01366,0.03844,17.442358982593806,78.37685877232789,3.5,0
19.343,92.149,93.809,17.442348184193076,78.37686767833732,11.04,47.83,2.2289,-2.8618,6.209,-0.03114,0.01125,-0.00814,17.442355431667124,78.37689433235248,3.5,0
19.363,92.297,93.973,17.44234966474063,78.37686907418585,11.044,47.85,3.3133,-1.6512,8.8413,0.03822,0.0066,0.00079,17.44238330122833,78.3768562842508,3.5,0
19.383,92.446,94.137,17.44235114621577,78.37687047026984,11.049,47.86,1.4565,1.5219,13.9746,0.00859,0.03146,-0.00394,17.442381519831624,78.37688557431437,3.5,0
19.403,92.594,94.301,17.442352628621876,78.37687186659196,11.053,47.87,-1.0565,3.2474,6.4582,-0.01017,0.03543,-0.01405,17.44234113181175,78.37686880177722,3.5,0
19.423,92.742,94.465,17.442354111962235,78.37687326315475,11.058,47.88,-3.3039,1.6362,8.4239,0.00357,0.03077,0.01205,17.442356264156214,78.37687507303545,3.5,0
19.443,92.891,94.629,17.442355596240038,78.37687465996066,11.063,47.9,-1.5562,-1.4617,14.1001,0.00541,0.02507,-0.02628,17.442351826747938,78.37684487369062,3.5,0
19.463,93.039,94.793,17.44235708145837,78.37687605701208,11.068,47.91,0.9396,-2.1675,6.8631,0.00656,-0.00573,0.04721,17.442349732189896,78.37689153188774,3.5,0
19.483,93.187,94.958,17.442358567620225,78.37687745431127,11.072,47.92,3.088,-1.7709,7.872,0.01896,0.00868,0.0044,17.4423592019343,78.37686844647415,3.5,0
19.503,93.336,95.122,17.4423600547285,78.37687885186038,11.077,47.94,1.5842,1.6429,14.1798,-0.01005,0.03288,0.00144,17.44233104943819,78.37688093813503,3.5,0
19.523,93.484,95.287,17.44236154278598,78.37688024966148,11.082,47.95,-0.8722,1.9154,7.4281,0.00459,-0.00344,-0.04255,17.442351679306903,78.3768863215951,3.5,0
19.543,93.633,95.451,17.442363031795367,78.37688164771657,11.087,47.96,-3.8956,2.1624,7.2195,-0.00477,0.00521,-0.03038,17.44238138366978,78.37689245738348,3.5,0
19.563,93.781,95.616,17.442364521759245,78.37688304602752,11.092,47.98,-2.8876,0.2289,14.1553,0.00837,-0.04051,0.03904,17.442313363807443,78.37687620622607,3.5,0
19.583,93.93,95.781,17.442366012680107,78.3768844445961,11.096,47.99,0.9909,-2.6967,8.1845,0.00443,-0.01458,0.1214,17.442340166599124,78.376848620037,3.5,0
19.603,94.078,95.946,17.442367504560345,78.37688584342399,11.101,48.0,3.4263,-2.1669,6.549,-0.03927,0.00184,0.03086,17.442386303258658,78.37690969487664,3.5,0
19.623,94.227,96.111,17.44236899740224,78.37688724251277,11.106,48.02,2.9104,0.5587,13.963,-0.01187,0.00955,-0.00034,17.442390677142797,78.37691279569354,3.5,0
19.643,94.375,96.276,17.442370491207985,78.37688864186393,11.111,48.03,-0.4467,2.4101,9.1271,-0.03463,0.01695,-0.01191,17.44234937846457,78.37687157875379,3.5,0
19.663,94.524,96.442,17.44237198597966,78.37689004147886,11.116,48.04,-2.6856,2.3269,5.9227,0.03724,-0.03552,-0.02635,17.442390907186937,78.37689695114119,3.5,0
19.683,94.673,96.607,17.442373481719233,78.37689144135885,11.121,48.05,-2.6538,-0.0602,13.528,0.02023,0.0516,-0.0393,17.442389662347093,78.37688810049839,3.5,0
19.703,94.821,96.773,17.442374978428592,78.37689284150507,11.126,48.07,-0.503,-2.5317,10.2064,-0.02334,0.00196,0.01829,17.442378426124666,78.3769171619999,3.5,0
19.723,94.97,96.938,17.442376476109505,78.3768942419186,11.131,48.08,3.3438,-1.9323,5.436,0.01858,0.00117,0.01103,17.442372948978843,78.3768894814008,3.5,0
19.743,95.119,97.104,17.442377974763634,78.37689564260046,11.136,48.09,3.472,-0.0539,12.7993,-0.00726,-0.0142,-0.01459,17.442392543441937,78.37688252350127,3.5,0
19.763,95.268,97.27,17.442379474392546,78.37689704355151,11.141,48.11,0.6647,2.3612,11.3582,0.00518,-0.02186,0.00646,17.442376289689026,78.3768782107486,3.5,0
19.783,95.417,97.436,17.442380974997693,78.37689844477255,11.146,48.12,-2.156,3.0891,5.2057,-0.03886,0.02573,0.01504,17.442384380082725,78.37690004228278,3.5,0
19.803,95.565,97.602,17.442382476580434,78.37689984626428,11.151,48.13,-2.8714,0.7144,11.7749,0.01009,0.01594,-0.04403,17.442398457874646,78.37689916728777,3.5,0
19.823,95.714,97.768,17.44238397914201,78.37690124802727,11.156,48.15,-1.7041,-2.0951,12.4694,0.01021,0.00891,0.03815,17.442374602216375,78.37693537601434,3.5,0
19.843,95.863,97.934,17.442385482683566,78.37690265006201,11.161,48.16,2.0352,-2.9027,5.3184,-0.03379,0.00968,0.05174,17.442380084005983,78.37687323990791,3.5,0
19.863,96.012,98.101,17.442386987206135,78.3769040523689,11.166,48.17,3.0723,-1.0179,10.4952,0.02789,0.01248,0.00843,17.442410321184024,78.3768868898766,3.5,0
19.883,96.161,98.267,17.442388492710645,78.37690545494823,11.171,48.18,1.2491,1.2245,13.3966,0.02533,0.01658,0.0668,17.44237134459925,78.37688480671632,3.5,0
19.903,96.31,98.434,17.442389999197918,78.37690685780018,11.176,48.2,-1.5195,2.6992,5.8509,0.00601,-0.00546,0.02669,17.442402702520514,78.37688016243186,3.5,0
19.923,96.459,98.601,17.442391506668674,78.37690826092484,11.181,48.21,-2.3246,1.3976,9.0695,-0.00551,0.01839,0.05791,17.44239406086976,78.37689037915561,3.5,0
19.943,96.608,98.767,17.442393015123514,78.37690966432221,11.186,48.22,-1.523,-0.2064,14.0011,-0.00355,0.00463,0.00267,17.442402193515555,78.3769248211109,3.5,0
19.963,96.757,98.934,17.442394524562946,78.37691106799217,11.191,48.24,1.0002,-3.7802,6.8024,0.03518,-0.02033,0.03823,17.442397416040674,78.37686344315011,3.5,0
19.983,96.906,99.101,17.442396034987365,78.3769124719345,11.196,48.25,3.4888,-1.8475,7.6454,0.03864,0.01637,0.01622,17.442385117842896,78.37691080091324,3.5,0
20.003,97.055,99.269,17.44239754639706,78.37691387614892,11.201,48.26,3.0335,1.4953,14.1687,-0.00865,-0.01657,-0.01594,17.44236733052885,78.37694098860703,3.5,0
20.023,97.205,99.436,17.44239905879221,78.37691528063499,11.206,48.28,-0.0408,2.7971,8.1269,-0.03244,-0.0174,0.03046,17.442376518723638,78.37691363101925,3.5,0
20.043,97.354,99.603,17.442400572172883,78.3769166853922,11.211,48.29,-2.7715,2.6041,6.4075,-0.00036,0.02419,0.03961,17.442393731347853,78.37690497414728,3.5,0
20.063,97.503,99.771,17.442402086539055,78.37691809041998,11.216,48.3,-2.782,-0.0925,13.8107,0.02807,-0.00917,0.00961,17.442415978676234,78.37691347499634,3.5,0
20.083,97.652,99.938,17.442403601890575,78.37691949571757,11.221,48.32,0.4303,-2.6249,9.6725,-0.01067,-0.01574,0.00555,17.44241006355425,78.37691352637337,3.5,0
20.103,97.801,100.106,17.442405118227203,78.37692090128421,11.226,48.33,2.9808,-3.2703,5.5369,-0.0184,-0.00585,0.04207,17.44242290288603,78.37693298661307,3.5,0
20.123,97.951,100.274,17.442406635548576,78.37692230711896,11.231,48.34,3.4536,-0.0866,12.9288,0.04017,-0.01165,-0.02303,17.442415565166208,78.37691360128241,3.5,0
20.143,98.1,100.442,17.442408153854235,78.37692371322083,11.236,48.35,0.9783,1.9677,11.2414,-0.02697,0.0529,-0.01239,17.442407879314374,78.37691062504624,3.5,0
20.163,98.249,100.61,17.442409673143604,78.3769251195887,11.241,48.37,-1.7415,2.4456,5.1692,0.03012,0.00546,-0.0041,17.44242899518077,78.37691504931932,3.5,0
20.183,98.399,100.778,17.442411193416007,78.3769265262214,11.246,48.38,-3.1799,0.6611,11.6161,0.00273,0.01815,-0.00257,17.442416001675685,78.37696899799215,3.5,0
20.203,98.548,100.946,17.44241271467066,78.3769279331176,11.251,48.39,-0.4492,-1.0293,12.6372,0.00053,0.02884,-0.02713,17.442432052060386,78.37693190087163,3.5,0
20.223,98.698,101.115,17.442414236906664,78.37692934027592,11.256,48.41,2.1069,-1.7159,5.3977,0.0107,0.00915,-0.02363,17.442417705561677,78.37695957332032,3.5,0
20.243,98.847,101.283,17.44241576012302,78.37693074769484,11.261,48.42,4.1777,-1.0522,10.0466,0.00013,0.0302,0.0292,17.442401600456634,78.37696214474396,3.5,0
20.263,98.997,101.452,17.442417284318623,78.3769321553728,11.266,48.43,1.5326,1.3267,13.6479,0.00046,0.02084,-0.00441,17.442424864127013,78.37693456861655,3.5,0
20.283,99.146,101.62,17.442418809492256,78.37693356330809,11.271,48.45,-0.5215,2.4291,6.1748,-0.01551,0.01644,-0.04555,17.44241818526385,78.37693865772438,3.5,0
20.303,99.296,101.789,17.442420335642595,78.37693497149893,11.276,48.46,-1.3886,4.0209,13.5482,-0.00522,0.00814,0.01033,17.442403838958484,78.37693549523719,3.5,0
20.323,99.445,101.958,17.442421862768217,78.37693637994342,11.281,48.47,-2.2242,-0.1272,14.1325,0.01584,0.02656,0.02678,17.442448198772528,78.37695234649485,3.5,0
20.343,99.595,102.127,17.44242339086758,78.3769377886396,11.286,48.48,0.794,-2.7077,7.4117,-0.02177,-0.0375,0.03035,17.44242358535361,78.37694809030647,3.5,0
20.363,99.745,102.296,17.44242491993905,78.37693919758537,11.29,48.5,3.0673,-2.8947,6.9593,0.01946,0.00367,0.06532,17.44242221823116,78.37694826414253,3.5,0
20.383,99.894,102.465,17.44242644998088,78.37694060677859,11.295,48.51,2.8473,0.8444,14.0375,-0.00176,0.00035,-0.00282,17.442414221182197,78.37693907342894,3.5,0
20.403,100.044,102.635,17.442427980991205,78.37694201621697,11.3,48.52,0.1007,3.0685,8.9322,-0.02223,0.00532,-0.00427,17.442411994551573,78.37690792092826,3.5,0
20.423,100.194,102.804,17.442429512968076,78.37694342589818,11.305,48.54,-2.8766,1.836,5.885,-0.00072,0.02762,0.02737,17.442430987721547,78.3769320012926,3.5,0
20.443,100.343,102.974,17.442431045909423,78.37694483581971,11.31,48.55,-2.6757,0.2171,13.398,0.00988,0.00238,0.00877,17.442451450000622,78.37694207040829,3.5,0
20.463,100.493,103.143,17.442432579813083,78.37694624597907,11.315,48.56,0.7196,-2.0326,10.5131,-0.01438,-0.01241,0.00193,17.442445926056845,78.37695612889286,3.5,0
20.483,100.643,103.313,17.442434114676775,78.37694765637359,11.32,48.58,3.3477,-2.5049,5.2833,0.02958,-0.04157,0.00903,17.44242387544158,78.37696221420477,3.5,0
20.503,100.793,103.483,17.44243565049812,78.37694906700054,11.324,48.59,3.3792,-0.7259,12.3324,0.01943,0.00165,0.02181,17.442439004374613,78.37691435926472,3.5,0
20.523,100.943,103.653,17.44243718727464,78.37695047785708,11.329,48.6,1.0185,2.5307,11.9506,0.01386,0.02348,0.02651,17.44248297422504,78.37694303513135,3.5,0
20.543,101.092,103.823,17.44243872500374,78.37695188894031,11.334,48.62,-1.9097,2.6697,5.2119,-0.00368,0.00191,0.01211,17.442431676367864,78.37696719802648,3.5,0
20.563,101.242,103.993,17.442440263682734,78.37695330024721,11.339,48.63,-2.7491,0.4696,11.0019,0.01801,0.0085,-0.03908,17.442442333617542,78.37694741132967,3.5,0
20.583,101.392,104.163,17.442441803308828,78.37695471177467,11.343,48.64,-1.5627,-2.4026,13.0877,0.02417,0.00246,0.01983,17.44245604186852,78.37696046922994,3.5,0
20.603,101.542,104.334,17.442443343879123,78.37695612351952,11.348,48.65,1.791,-2.1965,5.6151,-0.0109,0.01724,-0.05596,17.44243773970021,78.37695289779577,3.5,0
20.623,101.692,104.504,17.44244488539062,78.37695753547845,11.353,48.67,2.7086,-1.0298,9.5865,0.00097,0.01017,-0.00986,17.442418525930584,78.3769360107211,3.5,0
20.643,101.842,104.675,17.44244642784022,78.3769589476481,11.357,48.68,2.1049,1.4328,13.8271,-0.00184,0.00303,-0.00715,17.442479004444852,78.37695701910398,3.5,0
20.663,101.992,104.846,17.442447971224716,78.37696036002504,11.362,48.69,-0.8424,2.7018,6.3849,-0.00259,-0.02575,-0.00968,17.44244524977897,78.3769311523988,3.5,0
20.683,102.142,105.016,17.442449515540808,78.37696177260567,11.366,48.71,-3.1727,1.5933,8.2591,0.02967,-0.01283,0.03297,17.44246583448741,78.37698393187266,3.5,0
20.703,102.292,105.187,17.44245106078509,78.37696318538639,11.371,48.72,-1.3301,-1.2753,14.1588,0.02534,0.00641,-0.0171,17.442443940973092,78.37695926018444,3.5,0
20.723,102.442,105.358,17.442452606954056,78.37696459836347,11.376,48.73,0.5412,-2.8147,7.3889,0.02201,0.02671,0.05002,17.442490217349786,78.37697133000852,3.5,0
20.743,102.592,105.529,17.442454154044103,78.37696601153309,11.38,48.75,2.6546,-2.7763,7.1283,0.01343,0.00343,-0.02274,17.442483594466896,78.37693652653847,3.5,0
20.763,102.742,105.701,17.44245570205153,78.37696742489136,11.385,48.76,2.718,0.3452,14.1201,0.00238,0.0069,0.03673,17.442452228059594,78.37695962433065,3.5,0
20.783,102.892,105.872,17.44245725097253,78.37696883843431,11.389,48.77,0.1689,2.5714,8.4776,-0.00195,-0.00562,0.07153,17.442459410748082,78.3769583154482,3.5,0
20.803,103.043,106.043,17.44245880080321,78.37697025215786,11.393,48.78,-2.0599,2.5696,6.2656,0.01025,0.00417,-0.02913,17.44245657798366,78.37696364370032,3.5,0
20.823,103.193,106.215,17.442460351539566,78.37697166605787,11.398,48.8,-2.6917,-0.1503,13.7938,-0.03017,0.00964,-0.00513,17.442463174921105,78.37696006787165,3.5,0
20.843,103.343,106.386,17.442461903177506,78.37697308013011,11.402,48.81,0.6568,-2.0657,9.5682,0.01887,0.01825,0.0059,17.44245125271487,78.37698635150183,3.5,0
20.863,103.493,106.558,17.44246345571284,78.37697449437027,11.406,48.82,2.8909,-1.8056,5.6845,0.02049,-0.03026,0.01935,17.44245909453884,78.37697523351304,3.5,0
20.883,103.643,106.73,17.442465009141284,78.37697590877396,11.411,48.84,2.9598,0.4096,13.2932,-0.01731,-0.01568,0.0046,17.442431212369577,78.37697757897736,3.5,0
20.903,103.794,106.902,17.442466563458453,78.37697732333667,11.415,48.85,0.8127,2.5907,10.4992,-0.02595,0.00523,0.00999,17.442460525867226,78.37697696930488,3.5,0
20.923,103.944,107.074,17.44246811865987,78.3769787380539,11.419,48.86,-2.1268,2.6348,5.3551,0.01199,0.01628,0.01501,17.442458643530976,78.37700445945079,3.5,0
20.943,104.094,107.246,17.442469674740977,78.37698015292096,11.423,48.88,-3.448,0.0477,12.7152,-0.0296,-0.01875,-0.01808,17.44246135630541,78.3769510407651,3.5,0
20.963,104.244,107.418,17.4424712316971,78.37698156793317,11.428,48.89,0.1745,-1.8067,11.2904,0.00682,-0.03169,0.01889,17.442483566831857,78.37698318223954,3.5,0
20.983,104.395,107.591,17.442472789523485,78.37698298308574,11.432,48.9,3.0948,-1.9001,5.2101,-0.01455,0.0235,0.03392,17.44246989628586,78.37699036858248,3.5,0
21.003,104.545,107.763,17.442474348215292,78.37698439837378,11.436,48.92,2.9875,-0.3778,12.1465,-0.02744,0.00294,0.02601,17.442496481207385,78.37699342156864,3.5,0
21.023,104.695,107.935,17.442475907767584,78.37698581379236,11.44,48.93,1.1458,2.8721,11.8972,0.01547,0.0031,0.05015,17.442467944189236,78.37694583978485,3.5,0
21.043,104.846,108.108,17.442477468175326,78.37698722933644,11.444,48.94,-1.8537,2.1524,5.1887,0.02902,-0.00084,-0.01689,17.4424636542315,78.376971080038,3.5,0
21.063,104.996,108.281,17.442479029433407,78.37698864500095,11.448,48.95,-2.8381,0.3514,11.6555,-0.00682,-0.0287,0.04393,17.442487180352277,78.37699043437208,3.5,0
21.083,105.146,108.453,17.442480591536622,78.37699006078071,11.452,48.97,-1.0332,-1.5277,12.3243,0.01785,0.02206,0.0464,17.442463576550995,78.37700155454377,3.5,0
21.103,105.297,108.626,17.442482154479674,78.37699147667048,11.456,48.98,2.0117,-2.5717,5.2189,-0.01398,0.0265,-0.00893,17.442480716446692,78.37694988794253,3.5,0
21.123,105.447,108.799,17.442483718257186,78.37699289266494,11.459,48.99,3.3078,-0.2929,11.2915,0.01923,0.01706,0.00796,17.442457896902262,78.37698286113034,3.5,0
21.143,105.597,108.972,17.44248528286369,78.37699430875873,11.463,49.01,1.74,1.8864,12.5813,-0.00838,-0.02282,-0.03565,17.44247412447398,78.37700801175656,3.5,0
21.163,105.748,109.145,17.44248684829363,78.37699572494635,11.467,49.02,-1.6446,2.453,5.2583,0.02995,-0.00801,-0.0092,17.442509790155047,78.37701177966554,3.5,0
21.183,105.898,109.319,17.442488414541376,78.37699714122232,11.471,49.03,-3.1391,0.9016,11.0918,-0.04348,-0.0378,-0.00803,17.44249940673357,78.37700983842055,3.5,0
21.203,106.049,109.492,17.442489981601202,78.376998557581,11.474,49.05,-0.6697,-2.3778,12.6953,-0.00919,0.01916,0.01334,17.442480681576743,78.37700297989036,3.5,0
21.223,106.199,109.665,17.442491549467306,78.37699997401678,11.478,49.06,1.0397,-3.1631,5.279,-0.00608,0.03771,-0.02502,17.442497615842946,78.37701325586987,3.5,0
21.243,106.35,109.839,17.4424931181338,78.3770013905239,11.482,49.07,3.7943,-0.5111,11.0724,-0.03022,-0.01437,-0.01988,17.442498978984766,78.37701741588171,3.5,0
21.263,106.5,110.012,17.442494687594724,78.37700280709659,11.485,49.08,0.6152,2.2117,12.6658,0.01539,0.03174,-0.00974,17.442509123971515,78.377020682334,3.5,0
21.283,106.65,110.186,17.442496257844024,78.37700422372896,11.489,49.1,-2.0139,2.9317,5.261,0.00025,0.00716,-0.03035,17.44247146956111,78.37703083851214,3.5,0
21.303,106.801,110.36,17.442497828875574,78.3770056404151,11.492,49.11,-3.4247,0.2314,11.2533,0.01684,-0.0108,-0.01648,17.442443636743523,78.37700741183473,3.5,0
21.323,106.951,110.534,17.44249940068317,78.37700705714906,11.496,49.12,-1.388,-1.9904,12.466,-0.01342,-0.02549,0.0614,17.442497951307878,78.37702919459788,3.5,0
21.343,107.102,110.708,17.442500973260533,78.37700847392473,11.499,49.14,2.7742,-3.179,5.2127,-0.02052,-0.02113,-0.01125,17.442492420989186,78.37700521987124,3.5,0
21.363,107.252,110.882,17.4425025466013,78.37700989073606,11.502,49.15,3.1138,-0.2609,11.6183,-0.00967,-0.00267,0.04507,17.442505901312327,78.37700869266061,3.5,0
21.383,107.403,111.056,17.442504120699038,78.37701130757685,11.506,49.16,1.1982,1.787,12.0777,-0.02277,-0.00395,0.01609,17.442522883367175,78.37703999353292,3.5,0
21.403,107.553,111.23,17.442505695547233,78.37701272444087,11.509,49.18,-2.1187,2.2831,5.1818,-0.00526,-0.02447,0.02248,17.442512189353288,78.37705058474263,3.5,0
21.423,107.704,111.404,17.44250727113931,78.37701414132187,11.512,49.19,-2.7009,0.615,12.1668,0.02823,0.02554,-0.00162,17.442523256016212,78.3770179345635,3.5,0
21.443,107.854,111.579,17.44250884746861,78.37701555821346,11.515,49.2,-0.4465,-2.3731,11.4553,0.00705,0.02657,-0.03031,17.442509218300412,78.37702658256286,3.5,0
21.463,108.005,111.753,17.4425104245284,78.37701697510927,11.518,49.22,2.1146,-1.9902,5.2608,0.01491,-0.02521,0.05903,17.442510939365437,78.37698414668414,3.5,0
21.483,108.155,111.927,17.442512002311894,78.37701839200285,11.521,49.23,3.5274,-0.5855,12.8315,-0.0071,0.01329,-0.02235,17.442527373930307,78.37701332245229,3.5,0
21.503,108.306,112.102,17.442513580812214,78.3770198088877,11.524,49.24,0.2823,1.7731,10.5558,-0.0169,0.01395,0.01536,17.442527724898405,78.3770305388307,3.5,0
21.523,108.456,112.277,17.442515160022435,78.37702122575723,11.527,49.25,-3.1309,1.6313,5.555,0.00561,0.02975,0.01912,17.442533836377578,78.37701905475102,3.5,0
21.543,108.607,112.451,17.44251673993554,78.37702264260486,11.53,49.27,-2.7951,-0.0307,13.521,0.00278,-0.03247,-0.05049,17.442520274678394,78.37702353625397,3.5,0
21.563,108.757,112.626,17.442518320544472,78.37702405942392,11.533,49.28,0.8815,-2.714,9.3678,0.0236,-0.01141,-0.02898,17.44250625772494,78.37702661065332,3.5,0
21.583,108.908,112.801,17.442519901842093,78.37702547620768,11.535,49.29,3.4083,-2.8187,6.2253,0.02706,-0.02434,0.02568,17.442518950134236,78.37704044068253,3.5,0
21.603,109.058,112.976,17.4425214838212,78.3770268929494,11.538,49.31,2.5615,0.9366,14.0499,0.02084,0.00091,0.01965,17.442535179484917,78.37700026835779,3.5,0
21.623,109.208,113.151,17.442523066474536,78.37702830964227,11.541,49.32,-0.5802,2.9456,7.9613,0.04349,-0.00391,0.00954,17.442537409212907,78.37705689376159,3.5,0
21.643,109.359,113.326,17.442524649794773,78.37702972627945,11.543,49.33,-3.0345,1.9343,7.3974,0.00292,-0.01473,0.02771,17.442518200953337,78.37704625962978,3.5,0
21.663,109.509,113.501,17.44252623377453,78.37703114285401,11.546,49.35,-1.1104,-0.4023,14.1541,0.01449,0.07131,0.00813,17.442516828153014,78.37703539947779,3.5,0
21.683,109.66,113.677,17.442527818406358,78.37703255935902,11.548,49.36,1.5455,-2.5229,6.5345,0.02612,-0.02097,-0.0161,17.44253649172771,78.37703259232678,3.5,0
21.703,109.81,113.852,17.44252940368276,78.3770339757875,11.551,49.37,3.5441,-1.8369,9.1049,0.01832,-0.01076,0.02858,17.442505462278216,78.37701336135375,3.5,0
21.723,109.961,114.027,17.442530989596168,78.37703539213243,11.553,49.38,2.1615,1.0492,13.5483,0.02165,0.02306,-0.03842,17.4425145551508,78.37703643660288,3.5,0
21.743,110.111,114.203,17.44253257613897,78.37703680838672,11.556,49.4,-1.5649,3.0921,5.4689,0.00311,-0.00114,-0.01066,17.44253508522227,78.37701253071118,3.5,0
21.763,110.261,114.378,17.442534163303492,78.37703822454328,11.558,49.41,-3.0821,1.0494,11.1752,0.00037,0.0004,0.03543,17.44252750413775,78.37706362100981,3.5,0
21.783,110.412,114.554,17.442535751082012,78.37703964059494,11.56,49.42,-0.758,-1.9702,12.0149,-0.00408,0.00975,0.03072,17.442534895664767,78.37705404144772,3.5,0
21.803,110.562,114.73,17.44253733946675,78.37704105653455,11.562,49.44,2.5846,-2.9923,5.2517,-0.00204,0.02601,0.02158,17.44252546106529,78.37704754045964,3.5,0
21.823,110.713,114.905,17.442538928449874,78.37704247235487,11.564,49.45,3.0586,0.0181,13.1288,0.00287,0.01067,0.06458,17.44253876102937,78.37702159660871,3.5,0
21.843,110.863,115.081,17.442540518023506,78.37704388804865,11.566,49.46,0.4426,2.117,9.6562,-0.01136,-0.02238,0.01379,17.442542751503286,78.37702187725931,3.5,0
21.863,111.013,115.257,17.442542108179715,78.37704530360858,11.568,49.48,-2.7477,2.1234,6.3221,-0.02028,-0.01018,0.0062,17.442550091432565,78.37702652763946,3.5,0
21.883,111.164,115.433,17.442543698910523,78.37704671902736,11.57,49.49,-1.9281,-0.1199,14.1738,-0.02107,0.01631,0.05148,17.44253618757799,78.37704327735466,3.5,0
21.903,111.314,115.609,17.44254529020791,78.37704813429764,11.572,49.5,1.1154,-3.0713,7.0425,0.02751,-0.00887,0.02477,17.442568453136246,78.37707195016316,3.5,0
21.923,111.464,115.785,17.442546882063805,78.37704954941202,11.574,49.52,3.3731,-2.2641,8.8158,-0.00674,0.01335,0.00757,17.442534915968036,78.37706189338508,3.5,0
21.943,111.614,115.961,17.442548474470094,78.3770509643631,11.576,49.53,0.9134,1.0172,13.511,0.01366,0.01154,0.026,17.44254256964852,78.37706064435478,3.5,0
21.963,111.765,116.137,17.442550067418622,78.37705237914342,11.577,49.54,-1.436,3.1077,5.3329,-0.00131,-0.02014,0.02758,17.442586493631307,78.37704826300858,3.5,0
21.983,111.915,116.314,17.44255166090119,78.37705379374553,11.579,49.55,-2.7977,0.7123,11.9042,0.0283,0.00748,-0.00413,17.442522616659957,78.37705147437211,3.5,0
22.003,112.065,116.49,17.442553254909562,78.37705520816192,11.581,49.57,0.1143,-2.3647,10.9323,-0.02325,-0.00606,-0.02333,17.442564704391916,78.37706448016885,3.5,0
22.023,112.215,116.666,17.44255484943546,78.3770566223851,11.582,49.58,1.7593,-2.6754,5.7452,-0.00162,-0.02825,0.00358,17.442555672234235,78.37705707569862,3.5,0
22.043,112.365,116.843,17.442556444470565,78.37705803640749,11.584,49.59,3.5446,0.5365,14.0123,-0.00852,-0.01743,0.08292,17.442550907555045,78.37706155798831,3.5,0
22.063,112.516,117.019,17.44255804000653,78.37705945022155,11.585,49.61,-0.7312,2.3081,7.4253,0.0017,0.001,0.07273,17.442588917597774,78.3770355600517,3.5,0
22.083,112.666,117.196,17.44255963603497,78.37706086381971,11.586,49.62,-2.576,1.6675,8.6383,0.02014,-0.00982,-0.00736,17.442544358956653,78.37709062965573,3.5,0
22.103,112.816,117.372,17.44256123254746,78.37706227719433,11.588,49.63,-1.7799,-1.904,13.4534,4e-05,0.00874,-0.00366,17.44258254900481,78.37704052691954,3.5,0
22.123,112.966,117.549,17.442562829535554,78.3770636903378,11.589,49.65,2.4714,-3.1891,5.2523,-0.00994,-0.01158,0.0158,17.442567268241913,78.37706778345827,3.5,0
22.143,113.116,117.726,17.44256442699076,78.37706510324249,11.59,49.66,2.7571,-0.8093,12.4743,0.00221,0.04157,-0.00017,17.442567905091668,78.37706456867032,3.5,0
22.163,113.266,117.902,17.442566024904565,78.37706651590074,11.591,49.67,0.0062,2.1667,9.9649,-0.00404,-0.01091,0.06036,17.442552677442393,78.37707829243755,3.5,0
22.183,113.416,118.079,17.442567623268427,78.37706792830487,11.592,49.68,-2.0331,2.0634,6.5106,0.01161,0.01899,0.00864,17.44255922495621,78.3770799782079,3.5,0
22.203,113.566,118.256,17.442569222073775,78.37706934044719,11.593,49.7,-2.0937,-0.8947,14.1763,-0.0486,-0.00921,0.00018,17.44254975019436,78.37709122549657,3.5,0
22.223,113.716,118.433,17.442570821312017,78.37707075232002,11.594,49.71,1.694,-4.3806,6.0504,-0.0045,0.01451,-0.02625,17.442584103013736,78.37705977121654,3.5,0
22.243,113.866,118.61,17.44257242097453,78.37707216391566,11.595,49.72,3.6757,-1.4703,10.7722,0.00344,-0.00927,0.06579,17.442596397735247,78.3770917247041,3.5,0
22.263,114.016,118.787,17.442574021052668,78.37707357522636,11.596,49.74,1.049,1.8297,11.6104,0.01791,0.05491,0.00719,17.44257085258026,78.37707476735751,3.5,0
22.283,114.166,118.964,17.442575621537763,78.37707498624442,11.596,49.75,-2.5,2.9263,5.6322,0.02046,-0.01796,0.01969,17.442580818780502,78.37708628865124,3.5,0
22.303,114.315,119.141,17.442577222421136,78.3770763969621,11.597,49.76,-2.2033,-1.0469,14.0786,-0.01099,-0.0042,0.03043,17.442594632589973,78.37709514247437,3.5,0
22.323,114.465,119.318,17.442578823694078,78.37707780737163,11.598,49.78,2.1882,-2.831,6.8297,-0.00589,0.01507,0.01054,17.44256717147193,78.37708511473294,3.5,0
22.343,114.615,119.495,17.44258042534786,78.37707921746531,11.598,49.79,3.3251,-0.8318,9.839,-0.03125,-0.02028,-0.00251,17.442579125584235,78.37705356008384,3.5,0
22.363,114.765,119.672,17.44258202737375,78.37708062723534,11.599,49.8,1.1832,1.2843,12.2537,0.00473,0.02014,0.00438,17.44259659748372,78.37708510850265,3.5,0
22.383,114.914,119.849,17.442583629762986,78.37708203667401,11.599,49.82,-2.0378,2.5491,5.4183,0.05237,0.05198,0.02977,17.44260002081014,78.37709624571099,3.5,0
22.403,115.064,120.027,17.442585232506804,78.37708344577355,11.599,49.83,-1.9954,-0.8344,13.9752,0.00623,-0.01931,0.03317,17.442597991031995,78.37708562183509,3.5,0
22.423,115.214,120.204,17.44258683559642,78.37708485452622,11.6,49.84,1.6342,-3.0941,6.9487,-0.01139,0.00431,-0.06688,17.442572132492728,78.37710631583477,3.5,0
22.443,115.363,120.381,17.442588439023044,78.37708626292422,11.6,49.85,3.5877,-1.7483,9.869,0.00587,0.00412,0.01051,17.442600272001165,78.37709099970566,3.5,0
22.463,115.513,120.559,17.44259004277787,78.37708767095985,11.6,49.87,0.5636,1.5619,12.0535,-0.03847,-0.02378,0.02131,17.442571870114456,78.37710710888477,3.5,0
22.483,115.662,120.736,17.44259164685209,78.37708907862533,11.6,49.88,-1.8907,3.4131,5.573,0.01775,-0.01744,0.04344,17.442617387839615,78.37708753178421,3.5,0
22.503,115.812,120.914,17.44259325123689,78.37709048591294,11.6,49.89,-2.7566,-0.3654,14.126,0.02893,-0.04597,0.03752,17.442567762962554,78.37711048410968,3.5,0
22.523,115.961,121.091,17.442594855923442,78.37709189281493,11.6,49.91,1.5635,-2.4893,6.3437,-0.00163,-0.00178,0.03005,17.442602227688965,78.37708440596735,3.5,0
22.543,116.11,121.269,17.44259646090292,78.37709329932356,11.6,49.92,3.0073,-0.9447,10.892,-0.01403,0.00488,0.02656,17.442590323214784,78.3770961152751,3.5,0
22.563,116.26,121.446,17.442598066166497,78.37709470543113,11.6,49.93,0.5698,1.453,10.9453,-0.00587,0.00642,0.06068,17.44260095867291,78.37707604244885,3.5,0
22.583,116.409,121.624,17.44259967170534,78.3770961111299,11.599,49.95,-2.6562,2.2258,6.3599,-0.00465,0.01637,0.07867,17.44257642627046,78.37709289319626,3.5,0
22.603,116.558,121.801,17.442601277510622,78.37709751641219,11.599,49.96,-3.7429,-3.4382,7.4581,0.01313,0.02381,-0.00747,17.442585653732593,78.3771015102148,3.5,0
22.623,116.708,121.979,17.44260288357351,78.3770989212703,11.599,49.97,2.1819,-3.2852,5.4275,0.00799,-0.00059,0.0343,17.442612121188073,78.37707284652676,3.5,0
22.643,116.857,122.157,17.442604489885177,78.37710032569657,11.598,49.98,3.7832,-0.1644,12.679,0.00082,-0.00458,-0.03177,17.442608732152433,78.37712416658728,3.5,0
22.663,117.006,122.334,17.442606096436805,78.37710172968332,11.598,50.0,-0.0107,2.7005,8.7285,0.00268,0.0133,0.04074,17.44262131577442,78.37710496827974,3.5,0
22.683,117.155,122.512,17.442607703219572,78.37710313322289,11.597,50.01,-3.1136,2.2495,8.4234,-0.01034,0.042,-0.0042,17.442608239373627,78.37711468477687,3.5,0
22.703,117.304,122.69,17.442609310224668,78.37710453630767,11.597,50.02,-0.6777,-2.1096,12.8547,0.01487,-0.03082,0.05336,17.44255956034206,78.3771038877213,3.5,0
22.723,117.453,122.867,17.442610917443297,78.37710593893004,11.596,50.04,3.2083,-3.1588,5.4077,0.00278,-0.0257,0.00274,17.442624278133174,78.37709745624741,3.5,0
22.743,117.602,123.045,17.442612524866664,78.37710734108242,11.595,50.05,2.103,0.2302,14.1304,-0.02879,-0.02163,-0.01077,17.442625278838307,78.37707317553321,3.5,0
22.764,117.751,123.223,17.44261413248599,78.37710874275722,11.595,50.06,-1.0604,3.1798,6.0517,0.01726,-0.02304,-0.01381,17.442644005094923,78.37712040859039,3.5,0
22.784,117.899,123.401,17.442615740292503,78.37711014394688,11.594,50.08,-2.6691,-0.2156,11.7896,-0.0033,-0.03675,0.03487,17.442615121566792,78.37713022248009,3.5,0
22.804,118.048,123.579,17.44261734827745,78.3771115446439,11.593,50.09,0.0972,-3.5111,9.5189,-0.00573,-0.0026,0.01053,17.442588232378455,78.37711277113235,3.5,0
22.824,118.197,123.757,17.4426189564321,78.37711294484075,11.592,50.1,3.8403,-1.9731,7.9417,0.03869,-0.0321,0.0218,17.442607279484548,78.37709142721144,3.5,0
22.844,118.345,123.934,17.44262056474772,78.37711434452994,11.591,50.12,1.3834,1.3244,13.0051,0.01071,0.01264,-0.01785,17.442635843749592,78.37713319763078,3.5,0
22.864,118.494,124.112,17.442622173215614,78.37711574370405,11.59,50.13,-2.3914,2.3194,5.4193,0.01562,0.02677,0.01364,17.442624899992378,78.37713594850018,3.5,0
22.884,118.643,124.29,17.44262378182709,78.37711714235563,11.588,50.14,-2.2706,-0.5075,14.1687,-0.00953,-0.02005,0.02591,17.442646291153256,78.37712243544352,3.5,0
22.904,118.791,124.468,17.44262539057349,78.37711854047728,11.587,50.15,1.8091,-3.2344,5.7097,-0.00938,-0.00623,0.07785,17.442646005426276,78.37712913417742,3.5,0
22.924,118.94,124.646,17.44262699944617,78.37711993806164,11.586,50.17,2.7257,-1.3983,12.5589,0.03097,0.00229,-0.03398,17.442609285287983,78.37714437741481,3.5,0
22.944,119.088,124.824,17.44262860843651,78.37712133510138,11.585,50.18,-0.9131,3.2251,8.3262,0.05178,0.02793,0.01253,17.44261638857709,78.37713218276866,3.5,0
22.964,119.236,125.002,17.442630217535918,78.37712273158915,11.583,50.19,-2.4008,0.7909,9.3953,0.02125,-0.00235,-0.01647,17.442613912762464,78.37713659869007,3.5,0
22.984,119.384,125.18,17.44263182673583,78.37712412751773,11.582,50.21,-0.8631,-2.773,11.5631,-0.04832,-0.01288,0.00917,17.442637722910032,78.37715133623591,3.5,0
23.004,119.533,125.358,17.442633436027702,78.37712552287985,11.58,50.22,2.719,-1.9706,6.5085,-0.0126,0.01678,0.01995,17.442607385517356,78.3771322361507,3.5,0
23.024,119.681,125.536,17.442635045403023,78.3771269176683,11.579,50.23,2.4619,2.8897,18.5753,0.001,-0.01574,0.04535,17.442629472424393,78.3771083712518,3.5,0
23.044,119.829,125.714,17.442636654853313,78.37712831187594,11.577,50.25,-2.4671,2.3765,5.215,-0.00085,-0.01151,0.00011,17.44264177897119,78.37717456147553,3.5,0
23.064,119.977,125.892,17.442638264370128,78.3771297054956,11.575,50.26,-2.8675,-0.5291,14.0764,-0.00075,0.01132,0.03275,17.442668252726833,78.37715146662333,3.5,0
23.084,120.125,126.07,17.442639873945044,78.37713109852022,11.573,50.27,2.3989,-2.6129,5.8484,-0.0262,0.00916,0.04712,17.442642098710124,78.37715074540421,3.5,0
23.104,120.273,126.248,17.442641483569687,78.37713249094273,11.572,50.28,3.5758,-0.7855,12.6393,0.04069,-0.01736,-0.02297,17.442626635575095,78.37712553068177,3.5,0
23.124,120.42,126.426,17.44264309323571,78.37713388275613,11.57,50.3,-0.7533,3.0268,7.8856,0.01335,0.01006,-0.04492,17.442617479355626,78.3771374989655,3.5,0
23.144,120.568,126.604,17.442644702934796,78.37713527395344,11.568,50.31,-2.114,0.068,10.2282,-0.01323,-0.01846,-0.0337,17.442657130951464,78.37711157231696,3.5,0
23.164,120.716,126.782,17.442646312658685,78.37713666452773,11.566,50.32,0.3138,-2.306,10.4233,-0.00957,-0.01692,-0.0234,17.442659431423465,78.37713065277208,3.5,0
23.184,120.864,126.96,17.44264792239914,78.37713805447213,11.564,50.34,3.1776,-2.4558,7.7873,0.01414,-0.01482,0.00416,17.442642004884902,78.37713288278212,3.5,0
23.204,121.011,127.138,17.44264953214797,78.37713944377978,11.562,50.35,0.2894,2.1215,12.6016,-0.00334,-0.00154,0.02024,17.442638409793116,78.37713227670692,3.5,0
23.224,121.159,127.316,17.44265114189703,78.37714083244391,11.559,50.36,-1.732,2.1058,6.0071,0.0043,0.00656,-0.03192,17.442638815966042,78.37711600579513,3.5,0
23.244,121.306,127.494,17.442652751638217,78.37714222045776,11.557,50.38,-2.1834,-1.8062,13.9034,0.0104,-0.00639,0.04958,17.442661752871082,78.37711940151128,3.5,0
23.264,121.453,127.672,17.442654361363463,78.37714360781465,11.555,50.39,1.9282,-2.6509,5.234,-0.00834,0.01725,0.05833,17.442652172876524,78.37715502183232,3.5,0
23.284,121.601,127.85,17.442655971064763,78.3771449945079,11.552,50.4,2.9785,0.7158,14.1749,0.03646,0.0056,-0.00264,17.44266050549896,78.37715123151034,3.5,0
23.304,121.748,128.028,17.442657580734146,78.37714638053093,11.55,50.42,-0.7018,2.7522,5.4412,-0.04519,0.00511,-0.03496,17.442664860666817,78.37716754577131,3.5,0
23.324,121.895,128.206,17.4426591903637,78.3771477658772,11.548,50.43,-2.0447,-0.7411,13.5552,-0.0138,0.01087,0.03322,17.44266092380802,78.37713305443104,3.5,0
23.344,122.042,128.384,17.442660799945546,78.3771491505402,11.545,50.44,1.698,-3.2767,6.3954,0.01803,0.02434,0.0099,17.44268434406979,78.37715700012174,3.5,0
23.364,122.189,128.562,17.442662409471875,78.3771505345135,11.543,50.45,3.4689,-0.8145,12.3547,-0.01194,0.01184,-0.0201,17.44268364963631,78.37714947228946,3.5,0
23.384,122.336,128.74,17.44266401893492,78.37715191779071,11.54,50.47,-0.1729,2.3746,7.7789,-0.00128,0.02556,0.05781,17.44266679477974,78.37715244675411,3.5,0
23.404,122.483,128.918,17.44266562832697,78.3771533003655,11.537,50.48,-1.8571,2.0937,13.6113,0.02678,0.01782,-0.01607,17.44268668503024,78.37714130949473,3.5,0
23.424,122.629,129.096,17.44266723764037,78.37715468223158,11.535,50.49,0.457,-3.6281,9.2799,0.01153,0.00029,0.03584,17.442671918185138,78.37712376809705,3.5,0
23.444,122.776,129.274,17.442668846867523,78.37715606338274,11.532,50.51,3.4361,-1.597,9.4032,0.00454,-0.00498,-0.00723,17.44269824853738,78.3771582599733,3.5,0
23.464,122.923,129.452,17.44267045600088,78.37715744381282,11.529,50.52,0.5248,1.8734,10.6891,0.02549,0.02612,0.03204,17.442679205280484,78.3771424272717,3.5,0
23.484,123.069,129.63,17.44267206503296,78.37715882351571,11.526,50.53,-3.2498,1.1253,8.0984,-0.00943,0.01573,-0.01448,17.44263876813417,78.37714397319803,3.5,0
23.504,123.216,129.808,17.442673673956335,78.37716020248538,11.523,50.55,-0.7068,-2.6472,11.8702,0.01054,-0.00915,0.03204,17.44268732459084,78.37715372589454,3.5,0
23.524,123.362,129.986,17.44267528276364,78.37716158071584,11.52,50.56,2.5657,-2.4313,7.0591,0.01213,-0.01283,-0.01494,17.442680418806383,78.37717207348611,3.5,0
23.544,123.508,130.164,17.442676891447583,78.37716295820115,11.517,50.57,1.3353,0.0463,12.7739,-0.02145,0.00127,0.05284,17.44267955006842,78.3771349059802,3.5,0
23.564,123.655,130.342,17.442678500000916,78.37716433493549,11.514,50.58,-3.0988,1.6511,6.2979,-0.01511,0.02186,0.01273,17.442658498642977,78.37716152572123,3.5,0
23.584,123.801,130.52,17.442680108416464,78.37716571091303,11.511,50.6,-1.7159,-2.2216,13.4119,-0.03226,-0.01871,-0.0369,17.442684350751286,78.37713975546485,3.5,0
23.604,123.947,130.698,17.442681716687122,78.37716708612807,11.508,50.61,3.0361,-2.5088,5.7917,0.00719,-0.01219,-0.00252,17.442708595533347,78.37718256450613,3.5,0
23.624,124.093,130.876,17.44268332480585,78.37716846057492,11.504,50.62,2.4965,0.6964,13.8234,0.02661,-0.00193,0.00062,17.4426856086828,78.37719493230317,3.5,0
23.644,124.239,131.054,17.442684932765665,78.377169834248,11.501,50.64,-2.0459,2.1039,5.4859,-0.01416,0.0093,-0.03913,17.442680761222682,78.37718284742724,3.5,0
23.664,124.384,131.231,17.44268654055967,78.37717120714174,11.498,50.65,-2.3633,-0.8519,14.0517,-0.04532,-0.04802,0.03668,17.442664235308605,78.37718910776998,3.5,0
23.684,124.53,131.409,17.442688148181023,78.37717257925073,11.494,50.66,2.285,-2.5206,5.3172,0.00086,-0.01139,0.02551,17.442678714010793,78.37721850469887,3.5,0
23.704,124.676,131.587,17.44268975562296,78.37717395056954,11.491,50.68,2.6549,1.0209,14.166,0.02579,-0.0078,-0.04226,17.442693529440806,78.37713751825173,3.5,0
23.724,124.821,131.765,17.442691362878794,78.37717532109285,11.487,50.69,-2.5754,2.111,5.2416,-0.00515,-0.01509,0.02126,17.442702102892316,78.37717911489456,3.5,0
23.744,124.967,131.942,17.442692969941902,78.3771766908154,11.484,50.7,-2.0804,-0.9891,14.2113,0.01231,0.01018,-0.02825,17.442678637518245,78.37717462468623,3.5,0
23.764,125.112,132.12,17.442694576805735,78.377178059732,11.48,50.72,2.7083,-3.1046,5.2188,-0.04248,-0.02372,-0.00269,17.442684740551186,78.37718520703469,3.5,0
23.784,125.257,132.298,17.442696183463827,78.37717942783756,11.477,50.73,2.0623,0.3764,14.2222,0.01342,0.00716,-0.01325,17.44269166074869,78.37717021627766,3.5,0
23.804,125.403,132.476,17.442697789909786,78.377180795127,11.473,50.74,-2.01,2.5124,5.2221,0.03246,-0.02957,-0.00527,17.442684793210866,78.37718554219644,3.5,0
23.824,125.548,132.653,17.442699396137296,78.37718216159539,11.469,50.75,-2.6295,-1.3415,14.2165,0.03886,-0.00789,-0.0145,17.44271032868417,78.37719321594331,3.5,0
23.844,125.693,132.831,17.442701002140115,78.3771835272378,11.466,50.77,2.189,-2.4509,5.2204,0.0218,-0.01792,0.03767,17.442705156074524,78.37719230468062,3.5,0
23.864,125.838,133.008,17.44270260791209,78.37718489204944,11.462,50.78,2.6179,0.3396,14.2182,0.05291,-0.00691,0.02733,17.44268932584039,78.37715926605375,3.5,0
23.884,125.983,133.186,17.44270421344714,78.37718625602554,11.458,50.79,-2.689,2.5815,5.2192,0.01929,0.00352,0.01747,17.442703406983696,78.37720133189372,3.5,0
23.904,126.127,133.364,17.442705818739274,78.37718761916145,11.454,50.81,-1.8806,-0.5724,14.2169,4e-05,0.00754,-0.01404,17.442720221649825,78.37717678448118,3.5,0
23.924,126.272,133.541,17.44270742378257,78.37718898145256,11.45,50.82,2.4895,-2.6174,5.2232,-0.00735,-0.00573,0.01961,17.442714286239113,78.37718060195243,3.5,0
23.944,126.417,133.719,17.4427090285712,78.37719034289438,11.446,50.83,2.6037,-0.0461,14.2134,-0.03083,0.01085,0.00508,17.442685863731338,78.37718065657367,3.5,0
23.964,126.561,133.896,17.442710633099427,78.37719170348244,11.442,50.85,-2.094,2.4635,5.2449,-0.0107,0.0213,0.00435,17.44271980099685,78.37720212162519,3.5,0
23.984,126.706,134.073,17.442712237361576,78.3771930632124,11.438,50.86,-1.3465,-1.003,14.1728,-0.01998,-0.02716,0.01871,17.44271507361561,78.37716710846502,3.5,0
24.004,126.85,134.251,17.44271384135208,78.37719442208,11.434,50.87,2.7221,-2.5958,5.3104,0.01778,0.00318,0.01191,17.442712696972873,78.37721538844808,3.5,0
24.024,126.994,134.428,17.442715445065453,78.377195780081,11.43,50.89,1.9782,0.327,14.0719,-0.02148,-0.02334,0.0458,17.442718855560397,78.37723319795458,3.5,0
24.044,127.138,134.606,17.442717048496288,78.37719713721131,11.426,50.9,-2.3499,1.9068,5.4651,-0.01867,0.0081,0.02758,17.4427275281774,78.37719511623926,3.5,0
24.064,127.282,134.783,17.442718651639275,78.37719849346689,11.422,50.91,-1.3566,-1.2638,13.8823,0.02108,-0.04069,0.04237,17.442725498724077,78.37717888874214,3.5,0
24.084,127.426,134.96,17.4427202544892,78.37719984884377,11.418,50.92,2.9496,-3.0921,5.7296,-0.00906,-0.02551,-0.01134,17.44273635304794,78.37717077408358,3.5,0
24.104,127.57,135.137,17.442721857040922,78.3772012033381,11.414,50.94,1.7592,1.0197,13.5404,0.01873,0.00564,0.05927,17.44272815606737,78.37719881257387,3.5,0
24.124,127.714,135.315,17.442723459289407,78.37720255694607,11.409,50.95,-2.9532,2.559,6.1474,0.03704,-0.00148,-0.00094,17.44276355030119,78.37719420328038,3.5,0
24.144,127.857,135.492,17.44272506122971,78.37720390966398,11.405,50.96,-1.3513,-2.1046,13.0234,-0.01661,0.02676,0.04208,17.44273394581103,78.37721778088624,3.5,0
24.164,128.001,135.669,17.442726662856966,78.37720526148821,11.401,50.98,2.6265,-2.7873,6.7569,0.00828,0.0243,0.02635,17.44272271613085,78.37722346508669,3.5,0
24.184,128.145,135.846,17.442728264166423,78.37720661241522,11.396,50.99,1.852,1.2123,12.3124,0.06047,0.01191,0.01693,17.442714913850747,78.37718322394511,3.5,0
24.204,128.288,136.023,17.44272986515341,78.37720796244155,11.392,51.0,-3.4019,1.6724,7.6108,0.01529,0.01817,0.00908,17.4427438580953,78.37720429804337,3.5,0
24.224,128.431,136.2,17.44273146581336,78.37720931156385,11.387,51.02,-0.6881,-3.0743,11.3833,0.0207,-0.03084,0.06942,17.442727993658877,78.37719559377199,3.5,0
24.244,128.574,136.377,17.442733066141795,78.37721065977881,11.383,51.03,3.0721,-2.1198,8.6077,-0.00037,0.01157,0.06009,17.442737597558853,78.37721507812117,3.5,0
24.264,128.717,136.554,17.44273466613434,78.37721200708326,11.379,51.04,0.7374,2.1221,10.2687,0.00585,-0.01461,0.01247,17.44273346999644,78.37717013792894,3.5,0
24.284,128.86,136.731,17.442736265786706,78.37721335347408,11.374,51.05,-3.1292,1.451,9.8063,0.01772,0.02101,0.01215,17.442734099247957,78.37718850407464,3.5,0
24.304,129.003,136.908,17.442737865094717,78.37721469894825,11.369,51.07,0.9395,-2.6788,9.0128,-0.02137,-0.01174,-0.01739,17.442710636290883,78.37720596465937,3.5,0
24.324,129.146,137.085,17.442739464054288,78.37721604350284,11.365,51.08,3.0788,-1.6262,11.0817,-0.02469,0.01899,-0.02442,17.442748141246266,78.37722683979719,3.5,0
24.344,129.289,137.262,17.442741062661433,78.37721738713499,11.36,51.09,-0.4283,2.7786,7.7327,0.01018,0.0177,-0.00522,17.442744463133568,78.3772058563551,3.5,0
24.364,129.431,137.438,17.442742660912266,78.37721872984196,11.356,51.11,-3.1911,0.0219,12.326,-0.00259,0.0055,0.00494,17.442724852351382,78.37723532964208,3.5,0
24.384,129.574,137.615,17.44274425880301,78.37722007162108,11.351,51.12,2.2702,-3.6698,6.5656,-0.02431,-0.01814,0.03167,17.442761225276165,78.37720006403345,3.5,0
24.404,129.716,137.792,17.442745856329978,78.37722141246977,11.346,51.13,2.5756,-0.5344,13.3777,-0.0289,-0.01932,0.06628,17.442719007005433,78.37721849946377,3.5,0
24.424,129.859,137.968,17.442747453489595,78.37722275238552,11.342,51.15,-1.3755,2.9793,5.6741,0.02306,0.02761,-0.05701,17.442754715843257,78.37720994918884,3.5,0
24.444,130.001,138.145,17.442749050278376,78.37722409136596,11.337,51.16,-2.1027,-0.7416,14.0537,0.00151,0.02183,-0.0308,17.442757514731795,78.3772429623622,3.5,0
24.464,130.143,138.322,17.44275064669295,78.37722542940877,11.332,51.17,2.5105,-3.1075,5.243,-0.00653,-0.01536,0.02002,17.44275187402631,78.37725088615485,3.5,0
24.484,130.285,138.498,17.44275224273005,78.37722676651173,11.327,51.19,2.2784,1.1759,14.2054,0.00158,-0.02105,-0.03906,17.442798588681676,78.37724140683072,3.5,0
24.504,130.427,138.675,17.44275383838651,78.37722810267269,11.323,51.2,-2.4146,1.588,5.3983,0.00274,-0.01068,0.04328,17.442800163724254,78.3772512862417,3.5,0
24.524,130.569,138.851,17.44275543365926,78.37722943788965,11.318,51.21,-1.4515,-2.3023,13.728,-0.00218,0.04493,0.03371,17.442740170403635,78.37722717606749,3.5,0
24.544,130.71,139.027,17.44275702854536,78.37723077216066,11.313,51.22,3.0179,-3.3122,6.2081,-0.03116,0.0256,0.02745,17.44274496469789,78.3772154702708,3.5,0
24.564,130.852,139.204,17.442758623041943,78.37723210548384,11.308,51.24,1.6682,1.6082,12.6181,0.00933,0.01476,-0.03552,17.442763729513594,78.37722441607488,3.5,0
24.584,130.993,139.38,17.442760217146276,78.37723343785746,11.303,51.25,-2.031,1.5741,7.6184,-0.01818,-0.00732,-0.02517,17.44274786428725,78.37721344234447,3.5,0
24.604,131.135,139.556,17.44276181085572,78.37723476927982,11.299,51.26,-0.4769,-2.0171,10.9795,-0.00644,0.03237,0.0391,17.442771995900852,78.37724099684776,3.5,0
24.624,131.276,139.733,17.442763404167746,78.37723609974935,11.294,51.28,2.8453,-1.7159,9.4317,0.01042,0.00756,-0.05166,17.44280830160662,78.37722827292704,3.5,0
24.644,131.417,139.909,17.44276499707993,78.37723742926458,11.289,51.29,-0.0861,2.001,9.056,0.01704,-0.03067,0.01536,17.442767942293003,78.37722051207408,3.5,0
24.664,131.558,140.085,17.44276658958996,78.37723875782412,11.284,51.3,-1.9261,0.4823,11.3558,0.00783,-0.04018,-0.01515,17.442775650379374,78.37723932859681,3.5,0
24.684,131.699,140.261,17.44276818169563,78.37724008542665,11.279,51.32,0.8047,-3.081,7.2102,0.00385,0.03459,-0.03124,17.442746706147318,78.37720531321315,3.5,0
24.704,131.84,140.437,17.442769773394843,78.37724141207096,11.274,51.33,3.7837,-1.3092,13.0236,0.01952,-0.01432,-0.00101,17.442757421787025,78.37724565298906,3.5,0
24.724,131.981,140.613,17.442771364685612,78.37724273775596,11.269,51.34,-0.7383,3.4954,5.8274,0.0101,-0.02941,0.08724,17.442738616855973,78.37721395613609,3.5,0
24.744,132.122,140.789,17.44277295556606,78.37724406248061,11.264,51.35,-0.7978,1.8152,20.024,-0.01736,0.03421,0.01546,17.44276860405891,78.3772442231004,3.5,0
24.764,132.262,140.965,17.44277454603442,78.377245386244,11.259,51.37,2.6225,-3.0145,5.24,0.01941,0.03577,0.02706,17.442795264528886,78.37724905642925,3.5,0
24.784,132.403,141.141,17.44277613608903,78.3772467090453,11.254,51.38,2.89,0.8908,14.1621,0.01805,0.01355,-0.00343,17.442758640219633,78.37722820094432,3.5,0
24.804,132.543,141.316,17.442777725728348,78.37724803088373,11.249,51.39,-2.6502,2.3537,5.6379,0.00504,-0.04048,0.03553,17.442786960944908,78.37724181801684,3.5,0
24.824,132.684,141.492,17.442779314950933,78.37724935175868,11.244,51.41,-1.2879,-2.0739,13.2667,0.01428,-0.01747,0.04232,17.4427761361898,78.37725136156774,3.5,0
24.844,132.824,141.668,17.442780903755462,78.37725067166957,11.239,51.42,2.9845,-2.6986,6.9947,0.00668,-0.00545,0.0039,17.442784412192164,78.37723239872396,3.5,0
24.864,132.964,141.844,17.44278249214072,78.37725199061597,11.234,51.43,0.4278,1.9883,11.5238,-0.06367,0.03728,-0.01643,17.442817136844397,78.3772621720036,3.5,0
24.884,133.104,142.019,17.4427840801056,78.3772533085975,11.229,51.45,-3.2616,1.2968,9.0382,-0.00627,0.01591,0.0171,17.442803161870255,78.37728131269151,3.5,0
24.904,133.244,142.195,17.44278566764912,78.37725462561389,11.224,51.46,-0.1492,-3.2307,9.3202,-0.00168,-0.01337,0.03064,17.442782441773055,78.37725370800494,3.5,0
24.924,133.383,142.37,17.442787254770394,78.37725594166494,11.219,51.47,3.36,-0.7187,11.2751,-0.00231,0.02361,0.01899,17.442781186056234,78.37727328610596,3.5,0
24.944,133.523,142.546,17.442788841468655,78.3772572567506,11.214,51.49,-1.0632,2.4711,7.1828,-0.00849,-0.00232,-0.00819,17.442776916695152,78.3772617838397,3.5,0
24.964,133.663,142.721,17.442790427743248,78.37725857087085,11.209,51.5,-2.6158,0.0996,13.1465,0.00059,-0.02264,0.0248,17.442821004843,78.3772543304525,3.5,0
24.984,133.802,142.897,17.442792013593632,78.37725988402579,11.204,51.51,1.2728,-2.629,5.678,0.01646,0.0151,-0.00317,17.44280444180082,78.37726017866777,3.5,0
25.004,133.941,143.072,17.442793599019375,78.37726119621563,11.199,51.52,2.7995,0.1467,14.144,0.0061,0.03413,0.04824,17.442809976419607,78.37725743257434,3.5,0
25.024,134.081,143.247,17.442795184020156,78.37726250744065,11.194,51.54,-1.8092,2.395,5.2392,-0.00228,-0.01221,0.00549,17.44278546385666,78.37726704178068,3.5,0
25.044,134.22,143.423,17.442796768595777,78.37726381770123,11.189,51.55,-2.4593,-1.2868,13.9833,-0.03751,-0.00813,-0.0422,17.442799956561917,78.37726803831269,3.5,0
25.064,134.359,143.598,17.442798352746134,78.37726512699786,11.184,51.56,3.1697,-3.0133,6.0019,0.02251,-0.01073,0.02739,17.44279841231934,78.37728362344849,3.5,0
25.084,134.498,143.773,17.442799936471257,78.37726643533107,11.179,51.58,1.8032,1.478,12.663,-0.00811,-0.0052,0.01181,17.442779966735323,78.3772570612409,3.5,0
25.104,134.637,143.948,17.442801519771276,78.37726774270155,11.174,51.59,-3.4067,1.5239,7.7807,0.03616,0.00451,-0.00375,17.44278319767642,78.37725850426875,3.5,0
25.124,134.775,144.123,17.442803102646433,78.37726904911004,11.169,51.6,0.5753,-3.0849,10.5339,-0.01583,0.00505,0.0023,17.442781454895186,78.37728566481427,3.5,0
25.144,134.914,144.298,17.442804685097087,78.37727035455738,11.164,51.62,3.562,-0.6857,10.1094,0.01613,0.00699,-0.03495,17.442803811699417,78.3772711513385,3.5,0
25.164,135.053,144.473,17.442806267123707,78.37727165904451,11.159,51.63,-0.6456,1.7156,8.173,-0.00074,-0.0115,-0.02376,17.442783081133175,78.37726956995148,3.5,0
25.184,135.191,144.648,17.44280784872688,78.37727296257246,11.154,51.64,-2.8773,-0.3617,12.3304,-0.02174,0.02468,-0.01486,17.442837850841286,78.37723219562761,3.5,0
25.204,135.329,144.823,17.4428094299073,78.37727426514235,11.149,51.65,1.7954,-2.6426,6.2416,0.02066,-0.04029,0.02544,17.442835696096143,78.37730086536008,3.5,0
25.224,135.468,144.998,17.44281101066577,78.37727556675539,11.144,51.67,2.913,0.1219,13.8309,-0.03068,-0.01445,0.0215,17.44279837712297,78.3772665477745,3.5,0
25.244,135.606,145.173,17.44281259100322,78.37727686741287,11.139,51.68,-1.1932,2.5855,6.8439,0.00499,-0.01057,-0.03473,17.442791460431035,78.37728173242512,3.5,0
25.264,135.744,145.347,17.442814170920677,78.37727816711622,11.134,51.69,-2.2976,-1.0654,14.1963,0.00403,-0.01055,-0.00226,17.442817285448463,78.37726930368636,3.5,0
25.284,135.882,145.522,17.442815750419285,78.37727946586686,11.129,51.71,2.9197,-2.2714,5.5433,-0.01292,0.00438,0.00904,17.442818369934155,78.37729129152946,3.5,0
25.304,136.02,145.697,17.442817329500304,78.37728076366643,11.124,51.72,1.067,1.2167,13.318,0.02576,0.0121,0.0299,17.44281302208883,78.37729644774966,3.5,0
25.324,136.157,145.871,17.442818908165098,78.37728206051655,11.119,51.73,-2.8659,2.7389,6.9626,0.00627,-0.00452,-0.0707,17.44283127870159,78.37726535701317,3.5,0
25.344,136.295,146.046,17.44282048641515,78.377283356419,11.114,51.75,-0.7929,-3.2017,11.4729,0.03654,-0.0076,-0.03805,17.442806601723625,78.37731032533937,3.5,0
25.364,136.432,146.22,17.442822064252056,78.3772846513756,11.109,51.76,3.0948,-1.5946,9.1253,0.00698,-0.01487,-0.01569,17.442823790627443,78.37725956477277,3.5,0
25.384,136.57,146.395,17.44282364167751,78.37728594538831,11.104,51.77,0.4899,2.637,9.1583,0.01228,0.02915,-0.06886,17.44280959756614,78.37728451619793,3.5,0
25.404,136.707,146.569,17.44282521869333,78.37728723845912,11.1,51.79,-2.5104,0.8317,11.4272,-0.04133,0.00063,0.04346,17.442809848928285,78.37727026042846,3.5,0
25.424,136.844,146.744,17.44282679530144,78.37728853059016,11.095,51.8,1.4506,-3.2014,7.0149,0.01497,-0.01704,0.01267,17.442836646409063,78.37729974745838,3.5,0
25.444,136.982,146.918,17.442828371503875,78.37728982178362,11.09,51.81,2.6303,-0.6142,13.2641,0.01014,0.00205,0.02611,17.442829954528545,78.37731700715426,3.5,0
25.464,137.119,147.092,17.44282994730278,78.37729111204179,11.085,51.82,-1.6967,2.602,5.5945,-0.00903,-0.01156,-0.0135,17.44285480048189,78.37729749355022,3.5,0
25.484,137.255,147.266,17.442831522700406,78.37729240136701,11.08,51.84,-1.7639,-0.6156,14.1684,-0.0136,0.00037,0.01299,17.442807789172367,78.37728247106308,3.5,0
25.504,137.392,147.441,17.44283309769912,78.37729368976179,11.075,51.85,2.6081,-2.7656,5.2458,-0.00337,0.02648,0.0124,17.442811194427453,78.37728001491648,3.5,0
25.524,137.529,147.615,17.442834672301395,78.37729497722864,11.071,51.86,2.9372,1.3001,13.9581,0.01825,0.03671,-0.007,17.442855167491132,78.37732847471533,3.5,0
25.544,137.666,147.789,17.442836246509813,78.37729626377019,11.066,51.88,-2.5018,1.5717,6.0106,-0.02213,0.00879,0.03554,17.44282623007125,78.37728239162703,3.5,0
25.564,137.802,147.963,17.44283782032706,78.37729754938917,11.061,51.89,-0.8864,-2.2685,12.7164,-0.02485,-0.00516,0.01828,17.442839553536423,78.37728105816748,3.5,0
25.584,137.939,148.137,17.44283939375594,78.37729883408838,11.057,51.9,3.1603,-2.6204,7.6405,0.01704,0.00789,0.01047,17.442844512688886,78.37728978573024,3.5,0
25.604,138.075,148.311,17.442840966799356,78.37730011787067,11.052,51.92,0.6201,1.7692,10.8017,-0.00726,0.01304,-0.00337,17.442834586156327,78.37729199132124,3.5,0
25.624,138.211,148.485,17.44284253946032,78.37730140073906,11.047,51.93,-3.0761,1.3991,9.7296,-0.00199,0.004,-0.01682,17.442837819897253,78.37728960391651,3.5,0
25.644,138.347,148.659,17.442844111741948,78.37730268269655,11.043,51.94,0.8478,-2.9071,8.6884,-0.00159,0.0204,0.00629,17.44284618022226,78.3772887221842,3.5,0
25.664,138.483,148.833,17.442845683647473,78.3773039637463,11.038,51.95,3.6825,-0.0454,11.7755,0.00734,0.02223,0.01802,17.442832361389637,78.37730069217994,3.5,0
25.684,138.619,149.006,17.44284725518022,78.37730524389153,11.033,51.97,-1.2245,2.4913,6.8487,0.02588,-0.03344,0.00259,17.442843773289916,78.37730749322678,3.5,0
25.704,138.755,149.18,17.442848826343628,78.37730652313552,11.029,51.98,-3.2066,-0.2267,13.3477,-0.02039,0.02122,0.04828,17.442863966849668,78.37730907341152,3.5,0
25.724,138.891,149.354,17.442850397141235,78.37730780148166,11.024,51.99,1.1904,-3.1005,5.6392,0.00953,0.02915,-0.00657,17.442847406558386,78.37727618362604,3.5,0
25.744,139.027,149.528,17.442851967576686,78.3773090789334,11.02,52.01,2.8624,-0.0856,14.1594,0.00045,0.03332,0.02709,17.44283304629327,78.37729532632788,3.5,0
25.764,139.162,149.701,17.442853537653736,78.37731035549427,11.015,52.02,-2.5441,2.3076,5.2489,0.00701,0.00921,-0.03095,17.442863838564918,78.37730465254285,3.5,0
25.784,139.298,149.875,17.44285510737623,78.37731163116791,11.011,52.03,-2.6646,-0.9915,14.1269,0.0455,0.05293,-0.01267,17.44286596062697,78.37731083531487,3.5,0
25.804,139.433,150.048,17.442856676748125,78.37731290595801,11.006,52.05,3.0439,-2.7488,5.6867,-0.02385,-0.00055,-0.03716,17.442849371015043,78.37731571503792,3.5,0
25.824,139.568,150.222,17.442858245773472,78.37731417986832,11.002,52.06,2.5978,0.9376,13.332,0.01302,-0.02401,-0.0101,17.442818258755207,78.3772935934166,3.5,0
25.844,139.704,150.395,17.442859814456437,78.37731545290272,10.998,52.07,-2.8193,1.3981,6.7825,0.02288,-0.02186,0.04396,17.442863295019716,78.37731326442781,3.5,0
25.864,139.839,150.569,17.44286138280127,78.37731672506511,10.993,52.09,-0.3075,-2.5626,11.9798,-0.01918,0.00963,-0.02651,17.44289880700571,78.37734779535576,3.5,0
25.884,139.974,150.742,17.442862950812327,78.37731799635951,10.989,52.1,3.3688,-2.0466,8.3042,-0.00411,0.02249,0.05041,17.442875655707088,78.37730814176544,3.5,0
25.904,140.109,150.916,17.44286451849407,78.37731926678998,10.985,52.11,0.3572,2.491,10.3577,-0.00947,-0.00457,-0.00586,17.442852610543436,78.3772926288079,3.5,0
25.924,140.243,151.089,17.44286608585105,78.3773205363607,10.981,52.12,-2.6526,0.3981,9.9662,0.0289,0.04906,-0.0284,17.442834554477304,78.3773404437948,3.5,0
25.944,140.378,151.262,17.442867652887927,78.37732180507587,10.976,52.14,0.4316,-3.072,8.7218,0.00078,-0.01521,0.00398,17.442855065759254,78.37732093286046,3.5,0
25.964,140.513,151.436,17.442869219609445,78.3773230729398,10.972,52.15,3.4223,-1.1156,11.5227,-0.03122,-0.0621,0.00228,17.44287960287322,78.37731328430978,3.5,0
25.984,140.647,151.609,17.44287078602045,78.37732433995686,10.968,52.16,-0.6039,1.6543,7.2951,0.04646,0.04899,0.00842,17.442864786237593,78.37734945710876,3.5,0
26.004,140.782,151.782,17.442872352125885,78.37732560613149,10.964,52.18,-3.0739,-0.3226,12.7905,0.03431,-0.01737,-0.03575,17.44288959358453,78.3772715983157,3.5,0
26.024,140.916,151.955,17.44287391793079,78.3773268714682,10.96,52.19,1.9682,-3.4192,6.2162,0.0196,-0.0101,0.00338,17.442856680464583,78.37731811218828,3.5,0
26.044,141.051,152.128,17.442875483440293,78.37732813597158,10.956,52.2,2.863,-0.5836,13.681,-0.00332,0.02087,-0.03928,17.44285849582698,78.3772988575309,3.5,0
26.064,141.185,152.302,17.442877048659618,78.37732939964629,10.952,52.22,-1.1522,3.5771,8.2103,-0.02106,0.00351,-0.00771,17.44286365548772,78.37735581439165,3.5,0
26.084,141.319,152.475,17.442878613594086,78.37733066249702,10.948,52.23,-3.2261,-2.3957,10.4205,-0.00391,0.00514,-0.01598,17.442889004986323,78.37732005436034,3.5,0
26.104,141.453,152.648,17.4428801782491,78.37733192452859,10.944,52.24,1.9889,-3.2794,5.2704,0.01981,0.00196,-0.01995,17.442878254301824,78.3773070994628,3.5,0
26.124,141.587,152.821,17.442881742630163,78.37733318574584,10.94,52.25,2.3773,0.7019,14.2472,-0.0025,-0.00854,0.02839,17.442872964674642,78.37730452835262,3.5,0
26.144,141.721,152.994,17.442883306742868,78.3773344461537,10.937,52.27,-2.2968,2.958,5.3283,-0.00986,0.02493,0.04703,17.44289625304617,78.37735358084181,3.5,0
26.164,141.854,153.167,17.442884870592884,78.37733570575715,10.933,52.28,-1.2792,-0.8684,14.0347,-0.02828,-0.00081,0.01454,17.44290543359584,78.3773697005653,3.5,0
26.184,141.988,153.34,17.442886434185986,78.37733696456124,10.929,52.29,3.0542,-3.5597,5.6455,-0.01717,0.028,-0.02467,17.442860211749306,78.37733341389027,3.5,0
26.204,142.122,153.513,17.44288799752803,78.37733822257108,10.925,52.31,0.5421,-0.2391,9.5788,-0.02629,0.00988,0.00101,17.442904798645674,78.37733877553718,3.5,0
26.224,142.255,153.685,17.442889560624945,78.37733947979186,10.922,52.32,-2.3535,1.9055,6.1255,0.00391,-0.01116,0.04142,17.44288628720283,78.37732932447248,3.5,0
26.244,142.389,153.858,17.442891123482767,78.3773407362288,10.918,52.33,-0.563,-1.968,13.0649,0.01764,-0.0022,0.02588,17.44290920100483,78.37735652216962,3.5,0
26.264,142.522,154.031,17.442892686107605,78.37734199188722,10.915,52.35,3.641,-2.2821,7.5456,-0.02431,0.00961,0.07592,17.442895104220828,78.37732994595176,3.5,0
26.284,142.655,154.204,17.442894248505652,78.37734324677247,10.911,52.36,1.2127,1.6215,12.4853,-0.03213,-0.00499,-0.03459,17.44290798621587,78.377327200457,3.5,0
26.304,142.789,154.377,17.442895810683186,78.37734450088996,10.908,52.37,-3.418,1.7374,7.2694,0.00144,0.01817,-0.02301,17.44287764502848,78.37733589537059,3.5,0
26.324,142.922,154.549,17.442897372646563,78.37734575424518,10.904,52.39,-1.0583,-2.5823,11.9247,-0.00335,0.01565,0.02974,17.442882676374442,78.3773569549753,3.5,0
26.344,143.055,154.722,17.442898934402226,78.37734700684365,10.901,52.4,3.1739,-2.5138,7.7984,0.00804,-0.01914,0.01209,17.442895691683244,78.37735906740168,3.5,0
26.364,143.188,154.895,17.442900495956692,78.37734825869097,10.898,52.41,0.5497,1.6727,11.4311,-0.02883,0.02043,-0.02489,17.442875346256006,78.37732558597325,3.5,0
26.384,143.32,155.068,17.442902057316562,78.37734950979278,10.894,52.42,-3.0487,1.5289,8.2481,0.02384,0.02346,-0.01631,17.44288351130931,78.37734691956048,3.5,0
26.404,143.453,155.24,17.442903618488504,78.37735076015478,10.891,52.44,-0.262,-2.294,11.0371,0.00941,0.0015,0.01102,17.442920799334182,78.37730671147204,3.5,0
26.424,143.586,155.413,17.44290517947928,78.37735200978274,10.888,52.45,3.5711,-1.5993,8.5866,0.02367,-0.01178,0.01337,17.4428811168872,78.37733152539744,3.5,0
26.444,143.719,155.585,17.442906740295708,78.37735325868243,10.885,52.46,0.5263,1.7936,10.7601,-0.00824,0.01613,0.01969,17.442891708432878,78.37734678610352,3.5,0
26.464,143.851,155.758,17.442908300944698,78.37735450685975,10.882,52.48,-2.8029,1.4143,8.8099,0.02147,-0.00093,0.0581,17.442904659288782,78.37733784204745,3.5,0
26.484,143.984,155.931,17.44290986143322,78.37735575432058,10.879,52.49,-0.0936,-2.2168,10.6133,-0.01025,-0.02637,0.06115,17.44291051165862,78.37735597635287,3.5,0
26.504,144.116,156.103,17.44291142176832,78.37735700107088,10.876,52.5,2.5906,-1.3882,8.8928,0.02047,0.0048,-0.02651,17.442887362453334,78.37738007203271,3.5,0
26.524,144.248,156.276,17.44291298195712,78.37735824711665,10.873,52.52,0.1244,2.0087,10.5912,-0.00983,0.02035,0.02251,17.442904012846192,78.37736319740324,3.5,0
26.544,144.381,156.448,17.44291454200681,78.37735949246397,10.87,52.53,-3.0458,1.2098,8.8339,-0.03724,-0.00637,-0.01198,17.442914868812096,78.37738745829431,3.5,0
26.564,144.513,156.621,17.44291610192465,78.37736073711892,10.867,52.54,-0.6424,-2.4987,10.7147,0.01769,-0.02119,0.04894,17.4429241957038,78.37735288821708,3.5,0
26.584,144.645,156.793,17.44291766171796,78.37736198108766,10.864,52.55,3.6067,-2.3689,8.6394,-0.01142,0.00252,-0.0109,17.442900927946543,78.37735745392241,3.5,0
26.604,144.777,156.966,17.442919221394135,78.37736322437637,10.862,52.57,1.2479,1.894,10.9754,0.01971,0.01153,-0.03199,17.442897178395192,78.37737576441711,3.5,0
26.624,144.909,157.138,17.44292078096063,78.37736446699128,10.859,52.58,-2.4826,1.7432,8.3137,-0.03159,0.02303,0.03591,17.442901248810028,78.37738793053106,3.5,0
26.644,145.041,157.311,17.44292234042497,78.37736570893868,10.856,52.59,-0.4877,-2.1791,11.3753,-0.03429,0.03649,0.04398,17.442920291189346,78.37737512049917,3.5,0
26.664,145.173,157.483,17.442923899794742,78.37736695022488,10.854,52.61,3.913,-2.2052,7.8484,-0.00694,-0.00775,-0.01999,17.44291563176394,78.37738285907338,3.5,0
26.684,145.304,157.656,17.442925459077593,78.37736819085625,10.851,52.62,1.0386,1.8877,11.8882,0.00149,0.00465,0.03528,17.442923628614682,78.37736541653172,3.5,0
26.704,145.436,157.828,17.442927018281225,78.37736943083918,10.849,52.63,-3.0189,1.4133,7.278,-0.03343,0.01025,-0.02678,17.442923303319276,78.37734927273999,3.5,0
26.724,145.568,158.001,17.44292857741341,78.37737067018011,10.847,52.65,-1.1065,-1.8485,12.4976,-0.01094,0.00476,-0.01556,17.442923499848526,78.3773840219782,3.5,0
26.744,145.699,158.173,17.442930136481976,78.37737190888551,10.844,52.66,3.0342,-2.4218,6.6514,-0.02162,-0.02396,-0.05251,17.442926039049766,78.37736504341825,3.5,0
26.764,145.831,158.346,17.4429316954948,78.3773731469619,10.842,52.67,1.3559,1.3296,13.1435,0.00287,0.00627,0.03184,17.442937592517985,78.3773725250023,3.5,0
26.784,145.962,158.518,17.442933254459824,78.37737438441583,10.84,52.69,-2.5807,1.9544,6.0214,0.04558,0.04283,0.0155,17.44295014079919,78.37734421489476,3.5,0
26.804,146.094,158.69,17.442934813385044,78.37737562125386,10.838,52.7,-1.4038,-1.6568,13.7233,-0.00761,-0.00528,-0.00899,17.442937060423155,78.37741187617246,3.5,0
26.824,146.225,158.863,17.4429363722785,78.37737685748262,10.836,52.71,2.8127,-2.9122,5.5032,-0.01168,0.00366,-0.00587,17.442944354171164,78.37739084044338,3.5,0
26.844,146.356,159.035,17.442937931148297,78.37737809310875,10.833,52.72,2.376,1.1078,14.1307,0.00356,0.0687,0.00928,17.44291991035557,78.37740195032151,3.5,0
26.864,146.487,159.208,17.44293949000258,78.37737932813893,10.832,52.74,-1.6626,2.281,5.2426,0.04023,0.02538,0.00827,17.44296239987867,78.37740148415516,3.5,0
26.884,146.618,159.38,17.44294104884955,78.37738056257986,10.83,52.75,-1.7946,-0.2444,14.2121,-0.02101,-0.00359,0.01766,17.442949432997636,78.37738206334357,3.5,0
26.904,146.749,159.552,17.442942607697454,78.37738179643827,10.828,52.76,1.5461,-2.3993,5.3908,0.00211,-0.01213,-0.02778,17.44296763488864,78.37734408399112,3.5,0
26.924,146.88,159.725,17.442944166554586,78.37738302972095,10.826,52.78,1.8719,-0.3844,13.8105,0.05115,-0.0015,0.0229,17.442940109754392,78.37738376581368,3.5,0
26.944,147.011,159.897,17.442945725429286,78.37738426243466,10.824,52.79,-0.8844,2.6182,6.0848,-0.01256,-0.02346,0.00593,17.442941710211876,78.37737242850886,3.5,0
26.964,147.142,160.07,17.442947284329936,78.37738549458624,10.822,52.8,-3.321,-0.1176,12.8143,-0.00897,-0.00096,-0.04074,17.442925611985313,78.37740907208388,3.5,0
26.984,147.273,160.242,17.442948843264965,78.37738672618251,10.821,52.82,0.9727,-3.0571,7.41,0.01982,0.03262,0.06145,17.44296248409609,78.37739850385134,3.5,0
27.004,147.404,160.414,17.44295040224284,78.37738795723034,10.819,52.83,2.8863,-0.3191,11.2089,0.03744,0.02602,-0.02545,17.442928175196755,78.37739387586119,3.5,0
27.024,147.534,160.587,17.44295196127207,78.37738918773661,10.818,52.84,-0.6935,2.2044,9.272,0.04013,0.00124,-0.02534,17.442955137512275,78.37737177594732,3.5,0
27.044,147.665,160.759,17.4429535203612,78.37739041770823,10.816,52.85,-2.7858,1.4457,9.1702,-0.00149,0.02195,-0.02104,17.442970851685715,78.37737452081409,3.5,0
27.064,147.796,160.932,17.442955079518818,78.37739164715212,10.815,52.87,-0.1003,-2.1359,11.3903,-0.01742,0.02266,-0.01639,17.442951220951947,78.37736311736376,3.5,0
27.084,147.926,161.104,17.442956638753547,78.37739287607523,10.814,52.88,3.0032,-2.6216,7.1052,-0.01096,0.02127,-0.02221,17.44295452240566,78.37737447809154,3.5,0
27.104,148.057,161.277,17.442958198074038,78.37739410448452,10.812,52.89,0.5364,1.1145,13.2547,-0.02029,0.01749,-0.01011,17.442990053536484,78.37739285619536,3.5,0
27.124,148.187,161.449,17.442959757488985,78.37739533238698,10.811,52.91,-2.7017,1.8187,5.6077,0.00311,-0.00527,0.02366,17.442920171959823,78.37738081552989,3.5,0
27.144,148.317,161.622,17.442961317007107,78.37739655978959,10.81,52.92,-1.7819,-1.471,14.2143,0.01503,0.02176,0.00884,17.442958324728103,78.37740160922723,3.5,0
27.164,148.448,161.794,17.442962876637157,78.37739778669936,10.809,52.93,1.6457,-4.0521,5.3153,0.00576,0.00122,-0.02482,17.442945189370416,78.37741000994652,3.5,0
27.184,148.578,161.967,17.442964436387918,78.37739901312331,10.808,52.95,2.9955,0.1804,13.7273,-0.00807,0.00804,0.02183,17.44297307620777,78.37740543296913,3.5,0
27.204,148.708,162.139,17.442965996268196,78.37740023906848,10.807,52.96,-1.0287,3.4491,6.5996,0.02063,0.02502,0.04066,17.44298651346266,78.3774334639362,3.5,0
27.224,148.838,162.312,17.44296755628683,78.3774014645419,10.806,52.97,-2.7045,0.6733,11.6747,0.01236,0.03656,-0.00574,17.442948961521125,78.3773970590009,3.5,0
27.244,148.968,162.484,17.442969116452684,78.37740268955065,10.805,52.99,0.404,-3.2468,9.2486,0.01132,0.00076,-0.00066,17.442978725702297,78.37742378665257,3.5,0
27.264,149.098,162.657,17.44297067677464,78.37740391410176,10.804,53.0,2.9748,-2.027,8.6672,0.01778,0.0166,-0.00837,17.442976203097228,78.37742595585377,3.5,0
27.284,149.228,162.829,17.4429722372616,78.37740513820233,10.804,53.01,1.6062,1.6286,12.2575,0.00821,0.0017,-0.02439,17.442985460068908,78.37738099858153,3.5,0
27.304,149.358,163.002,17.442973797922498,78.37740636185943,10.803,53.02,-2.7098,1.7861,6.0319,-0.00059,-0.02874,-0.06229,17.442966485912784,78.37741396773575,3.5,0
27.324,149.488,163.175,17.44297535876628,78.37740758508012,10.802,53.04,-1.8141,-0.8778,14.1098,-0.02266,0.0362,-0.00619,17.442993749337283,78.37743620559787,3.5,0
27.344,149.618,163.347,17.44297691980191,78.3774088078715,10.802,53.05,1.8845,-2.5425,5.2841,-0.0044,0.01955,0.09053,17.442988804735645,78.37740116081693,3.5,0
27.364,149.748,163.52,17.442978481038377,78.37741003024068,10.801,53.06,2.812,-0.574,13.5345,-0.01376,-0.00759,-0.00577,17.44297844514832,78.37739324478586,3.5,0
27.384,149.878,163.693,17.442980042484667,78.37741125219472,10.801,53.08,-1.1092,2.9137,7.1966,0.03713,0.01805,-0.03205,17.44297715577102,78.37741813675574,3.5,0
27.404,150.007,163.865,17.4429816041498,78.3774124737407,10.801,53.09,-3.0699,1.623,10.5171,0.03514,0.0309,0.02164,17.442993368256793,78.37741609569674,3.5,0
27.424,150.137,164.038,17.442983166042794,78.37741369488576,10.8,53.1,0.4635,-1.6152,10.8783,0.0306,-0.00406,-0.00288,17.442991694892438,78.37745638656479,3.5,0
27.444,150.267,164.211,17.442984728172686,78.37741491563695,10.8,53.12,2.6516,-1.0622,6.8358,-0.00619,0.01101,0.0207,17.442978488094614,78.37743458810401,3.5,0
27.464,150.396,164.384,17.442986290548518,78.37741613600137,10.8,53.13,1.2967,0.8645,13.8511,-0.00062,0.01498,0.01456,17.442955446232645,78.3774267893525,3.5,0
27.484,150.526,164.557,17.442987853179346,78.3774173559861,10.8,53.14,-1.4198,3.7387,5.2409,-0.01103,-0.01267,-0.00517,17.44295758398441,78.37740183804164,3.5,0
27.504,150.655,164.729,17.44298941607422,78.3774185755982,10.8,53.15,-2.6549,-0.3005,13.6322,-0.02224,-0.00121,0.00564,17.443008439678174,78.37738944322581,3.5,0
27.524,150.785,164.902,17.442990979242207,78.37741979484477,10.8,53.17,0.816,-3.0552,7.3547,0.01838,0.01485,0.04754,17.442978707927097,78.3774429583531,3.5,0
27.544,150.914,165.075,17.442992542692377,78.37742101373286,10.8,53.18,3.8166,-1.2203,10.0222,-0.01293,0.01369,-0.00256,17.442974536962378,78.37742876184076,3.5,0
27.564,151.044,165.248,17.442994106433794,78.37742223226952,10.8,53.19,0.6688,1.7838,11.6943,-0.00376,0.01153,0.04524,17.44299264831796,78.37742085562145,3.5,0
27.584,151.173,165.421,17.442995670475533,78.3774234504618,10.801,53.21,-1.9025,2.4143,6.042,-0.00594,0.03454,0.01683,17.442999420934463,78.3774237821319,3.5,0
27.604,151.302,165.594,17.442997234826656,78.37742466831675,10.801,53.22,-1.7098,-1.4896,14.2319,0.03924,0.03376,0.02865,17.44298524939746,78.37743600936088,3.5,0
27.624,151.432,165.767,17.442998799496234,78.37742588584136,10.801,53.23,1.68,-2.9635,5.7287,0.00244,0.01657,0.02249,17.44296478460576,78.37741413176037,3.5,0
27.644,151.561,165.94,17.443000364493333,78.37742710304268,10.802,53.25,4.1404,-0.1826,12.0988,0.01853,-0.009,-0.00656,17.442994497279585,78.37738376610645,3.5,0
27.664,151.69,166.113,17.443001929827005,78.37742831992767,10.802,53.26,-0.0202,2.3551,9.8065,-0.00551,0.02229,0.04081,17.442983949900434,78.3774161113666,3.5,0
27.684,151.819,166.287,17.443003495506304,78.37742953650334,10.803,53.27,-2.5659,1.9958,7.2517,-0.01216,-0.01187,0.01468,17.442982445838144,78.3774273231885,3.5,0
27.704,151.949,166.46,17.443005061540276,78.37743075277665,10.803,53.29,-1.4553,-1.1626,13.9038,0.0095,-0.00722,-0.01442,17.443017873863973,78.3774110720958,3.5,0
27.724,152.078,166.633,17.443006627937955,78.37743196875452,10.804,53.3,2.7408,-2.3305,5.346,0.02208,-5e-05,-0.03805,17.44298452498385,78.37743143843743,3.5,0
27.744,152.207,166.806,17.44300819470836,78.37743318444392,10.805,53.31,3.7953,-1.0373,12.8604,-0.00915,-0.00345,0.02461,17.44301883811287,78.37747169062764,3.5,0
27.764,152.336,166.98,17.443009761860505,78.37743439985172,10.806,53.32,-0.0161,2.7366,9.1142,0.01446,0.01771,-0.04589,17.443018226790684,78.37743317047448,3.5,0
27.784,152.465,167.153,17.44301132940339,78.37743561498485,10.806,53.34,-3.2031,1.7476,7.6487,-0.00441,0.02012,-0.02385,17.443010314397426,78.3774095434837,3.5,0
27.804,152.594,167.326,17.44301289734599,78.37743682985014,10.807,53.35,-1.3271,-1.3263,13.8256,-0.03257,-0.01351,-0.0364,17.443033199037593,78.37743993068152,3.5,0
27.824,152.723,167.5,17.44301446569728,78.37743804445445,10.808,53.36,1.9467,-2.3643,5.3547,-0.01445,0.02141,0.02648,17.443030234252813,78.3774416854966,3.5,0
27.844,152.852,167.673,17.4430160344662,78.37743925880461,10.809,53.38,4.0191,-0.9302,12.6435,0.00052,0.01008,0.01458,17.442990718757432,78.37743844240477,3.5,0
27.864,152.981,167.847,17.44301760366168,78.37744047290741,10.81,53.39,0.2278,2.0375,9.6588,0.00579,-0.02148,0.00973,17.44301865715754,78.37741692391445,3.5,0
27.884,153.11,168.021,17.44301917329263,78.37744168676961,10.812,53.4,-2.967,1.2659,6.9875,0.01327,0.05431,0.00787,17.443017060768003,78.3774540344429,3.5,0
27.904,153.239,168.194,17.443020743367928,78.37744290039797,10.813,53.42,-3.0692,-3.0809,9.7228,0.03081,0.00645,0.00493,17.44304054220736,78.3774829195766,3.5,0
27.924,153.368,168.368,17.443022313896442,78.37744411379917,10.814,53.43,1.2993,-2.2761,5.806,0.00094,-0.00036,0.04989,17.442990722633457,78.37746573155425,3.5,0
27.944,153.496,168.542,17.443023884887005,78.37744532697994,10.815,53.44,2.9595,-0.943,11.3295,-0.02774,-0.00464,-0.03983,17.44302462311625,78.37746416323111,3.5,0
27.964,153.625,168.715,17.443025456348423,78.3774465399469,10.817,53.45,1.2786,1.6215,11.4123,0.0053,-0.0059,0.0389,17.443027733261474,78.377421992174,3.5,0
27.984,153.754,168.889,17.443027028289478,78.37744775270669,10.818,53.47,-2.7743,2.2387,5.722,-0.00763,0.01477,-0.00223,17.44304558583784,78.37743863593111,3.5,0
28.004,153.883,169.063,17.443028600718925,78.3774489652659,10.82,53.48,-2.7891,-0.9805,14.0695,-0.01995,-0.00911,0.05306,17.44303191764481,78.377432788475,3.5,0
28.024,154.012,169.237,17.443030173645482,78.37745017763109,10.822,53.49,1.2236,-3.1605,7.5542,0.00247,0.007,0.01661,17.443036367226114,78.37744779345233,3.5,0
28.044,154.14,169.411,17.44303174707784,78.37745138980877,10.823,53.51,3.845,-1.4886,8.5955,0.01548,-0.01254,0.0298,17.443058510660585,78.37746521186278,3.5,0
28.064,154.269,169.585,17.443033321024647,78.37745260180543,10.825,53.52,2.0827,0.9994,13.6595,0.01384,0.03413,0.01132,17.443028060438397,78.37746501006363,3.5,0
28.084,154.398,169.759,17.443034895494527,78.37745381362754,10.827,53.53,-1.3402,3.228,5.4309,-0.0157,0.01317,-0.02842,17.443035930272135,78.37745603196666,3.5,0
28.104,154.526,169.934,17.44303647049606,78.37745502528149,10.828,53.55,-3.208,0.6952,11.8945,0.02563,-0.00448,0.00334,17.443044173301757,78.37743702258224,3.5,0
28.124,154.655,170.108,17.443038046037795,78.37745623677367,10.83,53.56,-0.8827,-2.1487,11.1964,0.01323,-0.03413,0.00344,17.443021571704644,78.37747075613308,3.5,0
28.144,154.784,170.282,17.443039622128236,78.3774574481104,10.832,53.57,3.488,-2.5502,5.6549,0.03436,-0.01193,0.01961,17.443015731503728,78.37746653824286,3.5,0
28.164,154.912,170.457,17.44304119877585,78.37745865929801,10.834,53.59,2.7554,0.5513,13.8758,0.04302,-0.00841,0.02095,17.44304633938793,78.37740458491743,3.5,0
28.184,155.041,170.631,17.443042775989056,78.37745987034272,10.836,53.6,-0.3829,2.978,8.4295,0.01385,-0.00245,0.03252,17.443044087324424,78.37746607995021,3.5,0
28.204,155.17,170.806,17.443044353776237,78.37746108125074,10.839,53.61,-2.3484,2.1346,7.3855,0.02571,0.04047,0.0183,17.443074335970323,78.3774399475843,3.5,0
28.224,155.298,170.98,17.443045932145726,78.37746229202826,10.841,53.62,-1.6795,-0.7117,14.2223,0.01232,0.01544,-0.00222,17.44304192385035,78.37745717005674,3.5,0
28.244,155.427,171.155,17.443047511105814,78.37746350268138,10.843,53.64,1.6639,-2.8334,6.4379,-0.029,0.00662,-0.02592,17.443054542664783,78.37744593633222,3.5,0
28.264,155.555,171.329,17.44304909066474,78.3774647132162,10.845,53.65,4.2562,-1.1535,9.4924,-0.04499,0.01724,0.02363,17.443030360542213,78.3774674318718,3.5,0
28.284,155.684,171.504,17.4430506708307,78.37746592363874,10.848,53.66,1.4196,1.47,13.4531,-0.00918,0.02933,-0.03475,17.4430421358724,78.37747150101943,3.5,0
28.304,155.812,171.679,17.44305225161184,78.37746713395497,10.85,53.68,1.5937,6.7238,15.2116,0.01016,0.0235,0.01391,17.443078291188478,78.3774734595025,3.5,0
28.324,155.941,171.854,17.44305383301624,78.37746834417085,10.852,53.69,-2.941,0.8449,11.2683,-0.02784,0.02645,0.03198,17.443033367614436,78.37747128397142,3.5,0
28.344,156.069,172.029,17.44305541505195,78.37746955429226,10.855,53.7,-0.6338,-2.0872,12.265,0.00177,0.00921,0.01368,17.443065638129244,78.37747326825044,3.5,0
28.364,156.198,172.204,17.443056997726952,78.37747076432504,10.858,53.72,3.1025,-2.8938,5.2577,0.0182,0.02458,-0.02416,17.443077962627726,78.37746201173105,3.5,0
28.384,156.326,172.379,17.443058581049172,78.37747197427497,10.86,53.73,3.4272,-0.2383,12.4823,-0.02962,-0.04576,-0.00376,17.443055967627064,78.37747462350299,3.5,0
28.404,156.455,172.554,17.443060165026484,78.37747318414779,10.863,53.74,0.9044,2.8021,11.1414,0.02166,0.02768,0.00174,17.443042617835342,78.3774859202751,3.5,0
28.424,156.583,172.73,17.443061749666708,78.37747439394916,10.866,53.76,-1.9462,3.0762,5.4318,0.00724,0.00588,-0.00052,17.443080233469228,78.37747465037074,3.5,0
28.444,156.712,172.905,17.443063334977595,78.37747560368474,10.868,53.77,-2.8651,-0.2532,13.1872,0.00179,-0.00295,0.01002,17.443079383621832,78.37747602449949,3.5,0
28.464,156.84,173.08,17.44306492096684,78.37747681336009,10.871,53.78,-0.3557,-1.7832,10.3185,-0.02335,0.01794,0.02418,17.443064433565652,78.37746021114746,3.5,0
28.484,156.969,173.256,17.44306650764208,78.37747802298071,10.874,53.79,2.466,-2.512,5.6813,0.01559,0.02218,-0.00893,17.44307485813324,78.37748776322016,3.5,0
28.504,157.097,173.431,17.443068095010883,78.37747923255209,10.877,53.81,2.2067,0.3017,13.5233,0.00496,0.06001,0.01983,17.443058094103762,78.37749756976295,3.5,0
28.524,157.226,173.607,17.443069683080758,78.37748044207963,10.88,53.82,1.0531,2.1471,9.8812,-0.04083,0.01461,0.01578,17.44305950727976,78.37749538308462,3.5,0
28.544,157.354,173.783,17.443071271859147,78.37748165156867,10.883,53.83,-3.0143,2.5373,5.8148,0.00608,0.00122,0.02805,17.443071422056764,78.37747762891593,3.5,0
28.564,157.483,173.958,17.44307286135342,78.37748286102449,10.886,53.85,-2.6858,0.1567,13.6192,-0.01736,0.00918,-0.01151,17.443072558350273,78.3775014229696,3.5,0
28.584,157.611,174.134,17.443074451570894,78.37748407045234,10.889,53.86,0.0411,-2.9589,9.8513,-0.01208,0.02086,0.00683,17.443052750258314,78.3774854331584,3.5,0
28.604,157.74,174.31,17.4430760425188,78.37748527985737,10.893,53.87,3.0495,-2.0945,5.7712,0.00399,-0.03787,-0.01234,17.443065618635323,78.37745874703076,3.5,0
28.624,157.868,174.486,17.443077634204304,78.3774864892447,10.896,53.89,3.3293,0.6009,13.496,0.0109,0.01574,-0.00408,17.443057777711676,78.37750232131764,3.5,0
28.644,157.996,174.662,17.44307922663451,78.37748769861938,10.899,53.9,0.6866,2.4021,10.1969,0.02311,0.02787,-0.014,17.443092839689704,78.37747051836028,3.5,0
28.664,158.125,174.839,17.443080819816437,78.37748890798636,10.902,53.91,-2.6964,3.1173,5.5699,-0.0152,0.0053,-0.02096,17.44308838915484,78.37747720103711,3.5,0
28.684,158.253,175.015,17.443082413757036,78.3774901173506,10.906,53.92,-2.7968,0.2258,13.132,0.00261,0.00592,0.04448,17.44308964232833,78.37748973522466,3.5,0
28.704,158.382,175.191,17.443084008463185,78.37749132671694,10.909,53.94,-0.1196,-1.8252,10.9193,-0.03506,-0.0184,0.01449,17.443037151018743,78.37749824872732,3.5,0
28.724,158.51,175.368,17.443085603941682,78.37749253609016,10.913,53.95,2.554,-3.3929,5.3356,0.00984,-0.00631,-0.02973,17.443066285574385,78.37750567212777,3.5,0
28.744,158.639,175.544,17.44308720019925,78.37749374547501,10.916,53.96,3.8737,0.5493,12.4116,-0.00589,-0.00474,-0.00426,17.44309249231805,78.37746466014246,3.5,0
28.764,158.767,175.721,17.443088797242538,78.37749495487613,10.92,53.98,1.1901,2.7445,11.9468,0.0126,0.01853,-0.02952,17.443109236266327,78.37750281336947,3.5,0
28.784,158.895,175.898,17.44309039507811,78.37749616429811,10.923,53.99,-1.6821,2.7129,5.2768,-0.00141,0.02435,0.00202,17.443096840318,78.37747010501778,3.5,0
28.804,159.024,176.075,17.443091993712446,78.37749737374548,10.927,54.0,-2.7048,0.2409,11.2333,-0.00838,0.03753,-0.00757,17.443102945143462,78.37749974204559,3.5,0
28.824,159.152,176.251,17.443093593151957,78.3774985832227,10.931,54.02,-0.6389,-1.4723,13.0997,-0.00291,0.01669,0.00353,17.443102614718196,78.37749781947838,3.5,0
28.844,159.281,176.428,17.443095193402957,78.37749979273416,10.934,54.03,1.9768,-3.2533,5.6881,-0.04144,-0.02494,-0.05708,17.44310256783567,78.37746362642817,3.5,0
28.864,159.409,176.605,17.443096794471693,78.37750100228415,10.938,54.04,2.862,-1.0996,9.5651,0.01714,0.03574,-0.05012,17.443095911495412,78.37753811090367,3.5,0
28.884,159.538,176.783,17.443098396364316,78.37750221187694,10.942,54.06,2.1951,1.5117,14.0158,0.01865,-0.01355,-0.00488,17.443082558253103,78.37746824325147,3.5,0
28.904,159.666,176.96,17.44309999908689,78.3775034215167,10.946,54.07,-1.1847,2.5192,6.8449,0.01913,0.00913,0.02237,17.443114227653222,78.3775059814492,3.5,0
28.924,159.795,177.137,17.443101602645402,78.37750463120754,10.95,54.08,-3.1256,2.4855,7.6179,0.00036,-0.00701,0.0009,17.44311142994322,78.3774995821445,3.5,0
28.944,159.923,177.315,17.44310320704574,78.37750584095349,10.954,54.09,-1.9963,-0.14,14.2191,0.02547,0.00558,-0.02449,17.443109877153844,78.37750149634603,3.5,0
28.964,160.052,177.492,17.44310481229372,78.3775070507585,10.958,54.11,1.0142,-2.0557,8.8411,-0.01156,0.02212,-0.02851,17.443108873329905,78.37747653902348,3.5,0
28.984,160.18,177.67,17.443106418395047,78.37750826062644,10.962,54.12,2.9883,-2.2308,5.908,-0.01748,0.0141,0.03552,17.443095555946254,78.37751726560732,3.5,0
29.004,160.309,177.848,17.443108025355354,78.37750947056115,10.966,54.13,3.2128,-0.5937,13.2136,0.01651,-0.00725,-0.03007,17.443127476009987,78.37754947695328,3.5,0
29.024,160.437,178.025,17.443109633180175,78.37751068056636,10.97,54.15,1.4595,2.707,11.3763,-0.00871,0.02254,0.00618,17.443080567829917,78.37750899590962,3.5,0
29.044,160.566,178.203,17.44311124187495,78.37751189064572,10.974,54.16,-1.9182,2.7483,5.2577,0.03544,0.046,-0.03793,17.443107406663675,78.3775164472673,3.5,0
29.064,160.694,178.381,17.44311285144503,78.37751310080282,10.978,54.17,-1.9434,0.6165,10.897,0.026,0.01005,-0.01025,17.44313141744258,78.37751180914256,3.5,0
29.084,160.823,178.559,17.44311446189567,78.37751431104117,10.982,54.19,-1.1407,-0.8028,13.5766,0.00316,-0.00369,0.02279,17.443112522873463,78.37752992110535,3.5,0
29.104,160.951,178.738,17.44311607323203,78.3775155213642,10.987,54.2,0.801,-1.7954,6.3782,-0.02161,0.02616,-0.04289,17.44311450510834,78.37753192570976,3.5,0
29.124,161.08,178.916,17.443117685459175,78.37751673177526,10.991,54.21,3.6101,-1.7003,7.8905,-0.01158,-0.01057,-0.02646,17.443105706124527,78.37749381969995,3.5,0
29.144,161.208,179.094,17.443119298582076,78.37751794227765,10.995,54.22,2.76,1.6008,14.2219,-0.00143,0.00767,0.0306,17.443148016848667,78.37750105164356,3.5,0
29.164,161.337,179.273,17.443120912605597,78.37751915287453,11.0,54.24,0.5017,2.7321,9.2228,0.05508,-0.00078,0.03812,17.44313848166471,78.37750538071579,3.5,0
29.184,161.465,179.452,17.443122527534516,78.37752036356905,11.004,54.25,-2.2061,2.4928,5.6056,0.00701,0.04208,0.03112,17.4431551233942,78.37752225071246,3.5,0
29.204,161.594,179.63,17.443124143373502,78.37752157436424,11.008,54.26,-2.9101,0.3965,12.4796,0.01644,0.00958,0.00955,17.44312073829005,78.37753802122455,3.5,0
29.224,161.723,179.809,17.443125760127135,78.37752278526307,11.013,54.28,-1.364,-1.0675,12.5662,-0.01422,-0.00287,-0.05491,17.44310648433811,78.37748110917741,3.5,0
29.244,161.851,179.988,17.443127377799883,78.3775239962684,11.017,54.29,1.8306,-2.9452,5.6638,0.00409,-0.00063,-0.02541,17.443086175770283,78.37753153761452,3.5,0
29.265,161.98,180.167,17.443128996396116,78.37752520738304,11.022,54.3,3.0224,-1.1096,8.9395,-0.01301,-0.04137,0.01131,17.443149170868534,78.3775515399373,3.5,0
29.285,162.109,180.346,17.443130615920104,78.37752641860972,11.026,54.32,2.1537,0.7875,14.2651,-0.00924,0.00226,-0.03532,17.44313530156252,78.37752059907962,3.5,0
29.305,162.237,180.525,17.44313223637602,78.37752762995108,11.031,54.33,-0.0313,2.5977,8.5476,-0.03343,0.01464,-0.03518,17.44313205406343,78.37752627401798,3.5,0
29.325,162.366,180.705,17.44313385776792,78.37752884140966,11.035,54.34,-3.8278,0.4236,-0.6038,0.00838,0.00198,0.03392,17.443119223390692,78.37754549511514,3.5,0
29.345,162.495,180.884,17.443135480099762,78.37753005298794,11.04,54.36,-2.6626,0.4151,12.7056,0.01639,-0.01165,-0.03085,17.4431480888371,78.37754301202172,3.5,0
29.365,162.623,181.064,17.443137103375406,78.3775312646883,11.044,54.37,-1.3182,-1.8968,12.4904,-0.02771,0.02294,0.04538,17.443136847118776,78.37752537643368,3.5,0
29.385,162.752,181.243,17.443138727598594,78.37753247651308,11.049,54.38,2.0677,-2.1691,5.7066,-0.0219,0.00845,0.01776,17.44314018786407,78.37753938597669,3.5,0
29.405,162.881,181.423,17.44314035277297,78.37753368846448,11.054,54.39,3.8383,-0.8252,8.6516,-0.02728,0.04795,0.01583,17.443110800036184,78.37748018775036,3.5,0
29.425,163.009,181.603,17.443141978902077,78.37753490054466,11.058,54.41,2.2635,1.1393,14.2492,0.00211,-0.00495,-0.00193,17.44316284231311,78.37754145248758,3.5,0
29.445,163.138,181.783,17.44314360598933,78.37753611275566,11.063,54.42,-0.0813,2.4492,9.164,0.00062,0.00834,0.07115,17.44313992751724,78.3775364253775,3.5,0
29.465,163.267,181.963,17.443145234038056,78.37753732509947,11.068,54.43,-2.3975,2.5,5.4734,0.01896,0.00408,0.01241,17.443141583437427,78.3775646688405,3.5,0
29.485,163.396,182.143,17.443146863051467,78.37753853757798,11.073,54.45,-3.236,0.9162,11.8736,-0.02143,-0.00161,-0.01165,17.443148213741885,78.37756640671627,3.5,0
29.505,163.524,182.323,17.443148493032663,78.37753975019298,11.077,54.46,-0.9618,-1.3126,13.3052,-0.00573,0.0246,-0.00659,17.443159787983433,78.37753690011448,3.5,0
29.525,163.653,182.504,17.443150123984633,78.37754096294623,11.082,54.47,1.4189,-3.0045,6.4358,-0.01366,0.00825,0.00796,17.443148848704954,78.37756377675078,3.5,0
29.545,163.782,182.684,17.443151755910264,78.37754217583932,11.087,54.49,3.41,-1.516,7.2962,0.01467,0.0116,0.00685,17.443157947161296,78.37752945099868,3.5,0
29.565,163.911,182.865,17.443153388812327,78.37754338887383,11.092,54.5,2.5024,0.4278,13.8585,0.00138,0.00964,0.00889,17.443128929841862,78.37754355707796,3.5,0
29.585,164.04,183.046,17.44315502269348,78.37754460205122,11.097,54.51,0.4277,1.7557,10.9377,-0.0095,0.02565,0.01027,17.443152773196697,78.37756634036347,3.5,0
29.605,164.169,183.226,17.443156657556273,78.37754581537287,11.102,54.52,-1.664,2.5441,5.2873,-0.0142,0.03969,0.01335,17.443159849339853,78.37754953804337,3.5,0
29.625,164.297,183.407,17.44315829340314,78.37754702884007,11.107,54.54,-3.1739,1.2955,9.8864,0.00892,-0.00702,-0.05071,17.44315383339558,78.37755824908548,3.5,0
29.645,164.426,183.588,17.44315993023641,78.37754824245404,11.111,54.55,-1.1922,-0.8492,14.1911,0.02383,0.00584,0.01183,17.443181449770968,78.37754846803848,3.5,0
29.665,164.555,183.769,17.443161568058287,78.3775494562159,11.116,54.56,0.5129,-1.6909,8.3959,0.00854,0.01692,0.03265,17.44315375885906,78.37753858710198,3.5,0
29.685,164.684,183.951,17.44316320687087,78.37755067012668,11.121,54.58,2.9804,-2.1705,5.6891,-0.00485,0.01574,0.00052,17.443175940627285,78.37754722531946,3.5,0
29.705,164.813,184.132,17.443164846676144,78.37755188418734,11.126,54.59,3.6357,-0.747,12.1866,-0.02556,0.02546,0.00527,17.443163277540467,78.37754307560257,3.5,0
29.725,164.942,184.314,17.44316648747598,78.37755309839874,11.131,54.6,0.9772,1.9338,13.2021,0.02786,-0.00294,0.00029,17.443176324843506,78.37754476181098,3.5,0
29.745,165.071,184.495,17.44316812927213,78.37755431276165,11.136,54.62,-1.7888,2.831,6.4561,0.00198,0.00482,-0.00211,17.443186395945904,78.3775769682112,3.5,0
29.765,165.2,184.677,17.443169772066238,78.37755552727677,11.141,54.63,-3.4589,2.3482,7.1098,0.01667,0.02581,0.01319,17.44318084862541,78.37754155108993,3.5,0
29.785,165.329,184.859,17.443171415859826,78.3775567419447,11.146,54.64,-2.0596,0.3285,13.6803,0.01691,-0.00258,-0.00083,17.44315526392937,78.37753566039079,3.5,0
29.805,165.458,185.041,17.443173060654303,78.37755795676595,11.151,54.66,-0.6527,-1.4789,11.4947,0.0224,0.01093,-0.00119,17.44318138322292,78.37759050442095,3.5,0
29.825,165.587,185.223,17.44317470645096,78.37755917174098,11.156,54.67,3.1457,-2.6008,5.4364,0.03279,-0.00971,-0.01041,17.443186052860792,78.37755719790484,3.5,0
29.845,165.716,185.405,17.443176353250983,78.37756038687012,11.161,54.68,3.1659,-0.7149,8.972,-0.04425,0.04996,-0.02524,17.44317694520649,78.37758089371721,3.5,0
29.865,165.845,185.587,17.44317800105543,78.3775616021536,11.166,54.69,2.6129,1.2446,14.2462,0.00517,0.01071,-0.04868,17.443175568075848,78.37758649686815,3.5,0
29.885,165.974,185.769,17.443179649865243,78.37756281759162,11.171,54.71,0.7606,2.3808,9.5887,0.02556,0.03332,-0.00863,17.443195048558096,78.37756613979849,3.5,0
29.905,166.103,185.952,17.443181299681253,78.37756403318427,11.176,54.72,-1.4074,3.6876,5.3027,0.00295,0.00838,-0.01359,17.44316920408315,78.37758002598122,3.5,0
29.925,166.232,186.134,17.443182950504173,78.37756524893153,11.181,54.73,-2.1497,1.3455,10.8268,0.00745,0.01985,0.04856,17.443174863158248,78.37755735238811,3.5,0
29.945,166.362,186.317,17.443184602334597,78.37756646483332,11.186,54.75,-1.1653,-1.3904,14.0025,0.00281,0.0138,0.01429,17.443189574431294,78.37754805766942,3.5,0
29.965,166.491,186.5,17.443186255173003,78.37756768088946,11.191,54.76,1.3048,-1.8542,7.8581,-0.00172,0.02623,-0.00659,17.44319759863192,78.37757272414731,3.5,0
29.985,166.62,186.683,17.443187909019752,78.37756889709968,11.196,54.77,3.2162,-1.3853,5.8775,-0.02042,0.02421,0.00514,17.44318320316006,78.37760333516975,3.5,0
30.005,166.749,186.866,17.443189563875087,78.37757011346363,11.201,54.79,3.5563,-0.3603,12.3962,-0.00862,0.0015,0.00445,17.443211999557004,78.37754123508624,3.5,0
30.025,166.878,187.049,17.44319121973913,78.3775713299809,11.206,54.8,1.3009,1.6514,13.1441,-0.02164,0.00153,0.02521,17.443136347816885,78.37758261993697,3.5,0
30.045,167.007,187.232,17.443192876611896,78.37757254665095,11.211,54.81,-1.3893,2.8844,6.4976,0.01302,0.02393,-0.01597,17.44318412692752,78.3775654896678,3.5,0
30.065,167.137,187.416,17.443194534493273,78.37757376347318,11.216,54.82,-2.8207,2.5267,6.9598,0.01195,0.04458,0.01783,17.44318649121351,78.37754365603507,3.5,0
30.085,167.266,187.599,17.443196193383034,78.37757498044688,11.221,54.84,-2.6774,0.688,13.5189,0.00089,-0.00073,-0.02558,17.443195983522532,78.37757379544135,3.5,0
30.105,167.395,187.783,17.443197853280836,78.37757619757129,11.226,54.85,-0.7527,-1.6612,11.8716,-0.04519,-0.00502,-0.00973,17.443199446148277,78.37756798818396,3.5,0
30.125,167.524,187.966,17.44319951418621,78.37757741484553,11.231,54.86,2.2541,-2.5809,5.6114,-0.00512,-0.01655,-0.0311,17.443225738021628,78.3775652835144,3.5,0
30.145,167.654,188.15,17.443201176098587,78.37757863226867,11.236,54.88,3.754,-0.941,8.3766,-0.02102,0.01843,-0.04204,17.443173407817007,78.37757838275814,3.5,0
30.165,167.783,188.334,17.443202839017264,78.37757984983963,11.241,54.89,2.7495,0.5281,14.1499,-0.01917,0.00931,0.05895,17.443209581943297,78.377579370014,3.5,0
30.185,167.912,188.518,17.443204502941427,78.37758106755736,11.246,54.9,1.0226,2.9452,10.3677,0.00682,0.00776,0.00914,17.44321916877796,78.37754263518502,3.5,0
30.205,168.042,188.702,17.443206167870144,78.37758228542059,11.251,54.92,-2.452,2.7539,5.2625,0.01984,0.01342,0.00111,17.44321743682408,78.37761235502725,3.5,0
30.225,168.171,188.886,17.44320783380237,78.37758350342807,11.256,54.93,-3.0643,1.6262,9.9507,0.02866,0.01464,-0.01907,17.443194674735487,78.37760917354748,3.5,0
30.245,168.3,189.071,17.44320950073693,78.3775847215784,11.261,54.94,-2.1831,-0.8392,14.2158,0.0085,0.00949,0.0297,17.44321232802785,78.3776119227239,3.5,0
30.265,168.43,189.255,17.443211168672544,78.37758593987014,11.266,54.96,-0.1766,-2.445,8.7626,0.03056,0.01766,0.00767,17.44321267608466,78.37758642806222,3.5,0
30.285,168.559,189.44,17.443212837607817,78.37758715830174,11.271,54.97,2.7661,-2.5134,5.4753,-0.02414,0.02147,-0.00754,17.44320907654596,78.37758968186182,3.5,0
30.305,168.689,189.625,17.443214507541228,78.37758837687157,11.276,54.98,3.293,-0.1119,11.5279,-0.01555,0.02139,-0.03784,17.443230710361565,78.3776091826786,3.5,0
30.325,168.818,189.809,17.44321617847114,78.37758959557793,11.281,54.99,2.4428,1.3044,13.7067,6e-05,0.00784,0.03386,17.443246096959022,78.37761933560857,3.5,0
30.345,168.948,189.994,17.443217850395808,78.37759081441902,11.286,55.01,-1.7033,0.986,3.1696,0.01469,0.0099,-0.00432,17.44320975401059,78.37761399483986,3.5,0
30.365,169.077,190.179,17.443219523313363,78.37759203339297,11.291,55.02,-3.1065,3.2798,6.266,0.01158,-0.01,-0.02203,17.443221631038135,78.37759313238817,3.5,0
30.385,169.206,190.364,17.443221197221828,78.37759325249783,11.296,55.03,-2.0197,0.856,12.9244,0.01674,-0.00592,-0.0087,17.443200723313172,78.37759744204766,3.5,0
30.405,169.336,190.55,17.443222872119097,78.37759447173156,11.301,55.05,-0.3991,-2.6553,12.6047,0.00517,0.02758,0.04781,17.443220919650386,78.37761204644319,3.5,0
30.425,169.465,190.735,17.443224548002963,78.37759569109203,11.305,55.06,1.9369,-2.8649,5.9993,0.00276,-0.00907,0.02919,17.443214766455522,78.3775895982162,3.5,0
30.445,169.595,190.92,17.443226224871097,78.37759691057703,11.31,55.07,3.2102,-2.4565,7.635,0.03431,-0.0168,-0.01173,17.443249385775793,78.37760328899493,3.5,0
30.465,169.724,191.106,17.443227902721056,78.37759813018431,11.315,55.09,2.4562,0.0509,13.9149,0.0107,0.01922,0.07795,17.44325117686088,78.3775781348195,3.5,0
30.485,169.854,191.292,17.443229581550284,78.37759934991148,11.32,55.1,0.4792,1.1634,10.9656,0.00442,0.01801,0.00411,17.443217687574567,78.3775720362355,3.5,0
30.505,169.984,191.478,17.44323126135611,78.37760056975611,11.325,55.11,-1.442,2.8559,5.3077,0.00276,0.00971,-0.04588,17.44322751784817,78.37759273952348,3.5,0
30.525,170.113,191.663,17.44323294213575,78.37760178971568,11.329,55.12,-2.2498,1.1161,9.498,-0.0138,0.02191,0.00017,17.44322178144307,78.3775947221883,3.5,0
30.545,170.243,191.849,17.443234623886305,78.37760300978758,11.334,55.14,-1.3811,-0.6772,14.2362,0.01635,-0.02788,-0.01679,17.443238412753097,78.37759579976172,3.5,0
30.565,170.372,192.036,17.443236306604764,78.37760422996914,11.339,55.15,0.2776,-3.0486,8.9531,-0.02087,0.01456,0.01697,17.443247664568094,78.37760447677437,3.5,0
30.585,170.502,192.222,17.443237990288004,78.3776054502576,11.344,55.16,2.3162,-2.3385,5.4399,-0.03442,0.00015,-0.00233,17.443228040660973,78.37761497207728,3.5,0
30.605,170.631,192.408,17.44323967493279,78.37760667065012,11.348,55.18,3.378,-0.7967,11.5804,0.03684,-0.00071,-0.0211,17.44323163032553,78.37760543284533,3.5,0
30.625,170.761,192.594,17.44324136053578,78.37760789114381,11.353,55.19,1.0538,2.2574,13.5905,0.03103,0.02431,0.01338,17.44326428677735,78.37761633901088,3.5,0
30.645,170.891,192.781,17.44324304709351,78.37760911173565,11.358,55.2,-0.732,3.4942,6.9302,0.01071,0.02717,-0.046,17.443240247932874,78.3776110204467,3.5,0
30.665,171.02,192.968,17.443244734602416,78.3776103324226,11.362,55.22,-2.8307,2.633,6.6509,0.00876,-0.00791,0.00486,17.44322931565281,78.37762131045375,3.5,0
30.685,171.15,193.154,17.443246423058817,78.3776115532015,11.367,55.23,-2.8346,0.0982,13.4055,-0.00317,0.02243,0.06872,17.443253139580264,78.37759521323423,3.5,0
30.705,171.28,193.341,17.443248112458928,78.37761277406915,11.371,55.24,-1.1993,-1.1162,11.8245,-0.0073,0.03177,0.03241,17.443235262912573,78.37762920429373,3.5,0
30.725,171.409,193.528,17.443249802798853,78.37761399502226,11.376,55.26,2.265,-3.2475,5.4894,-0.03497,0.00512,-0.03681,17.443243429336395,78.37762293459174,3.5,0
30.745,171.539,193.715,17.443251494074588,78.37761521605745,11.38,55.27,3.1807,-1.9687,8.914,-0.01983,0.00742,0.04227,17.443249990594982,78.37760150815929,3.5,0
30.765,171.669,193.902,17.443253186282018,78.3776164371713,11.385,55.28,2.0356,0.8683,14.2391,-0.01715,0.01311,0.00189,17.44324552008592,78.37761871807133,3.5,0
30.785,171.798,194.09,17.443254879416926,78.3776176583603,11.389,55.29,-1.1443,3.5999,9.1661,0.00291,-0.01154,-0.02123,17.443271832103534,78.37760480493957,3.5,0
30.805,171.928,194.277,17.443256573474983,78.37761887962084,11.394,55.31,-2.3636,2.6266,5.4386,0.0365,-0.01573,-0.00013,17.44327041430325,78.3776424689347,3.5,0
30.825,172.058,194.464,17.443258268451757,78.3776201009493,11.398,55.32,-2.1942,0.8364,11.7506,-0.02899,0.05671,0.03146,17.443264742507772,78.37759031778937,3.5,0
30.845,172.188,194.652,17.443259964342715,78.37762132234195,11.402,55.33,-0.5717,-2.0053,13.3813,0.01394,0.00223,-0.01777,17.443253394439925,78.37761035618851,3.5,0
30.865,172.317,194.84,17.44326166114321,78.37762254379498,11.407,55.35,1.67,-1.7451,7.7567,0.01571,-0.02912,-0.04703,17.443252756463476,78.37763606295172,3.5,0
30.885,172.447,195.027,17.4432633588485,78.37762376530453,11.411,55.36,3.0383,-1.451,7.3007,-0.03183,0.0131,-0.02743,17.443272548747746,78.37763237301257,3.5,0
30.905,172.577,195.215,17.44326505745374,78.37762498686668,11.415,55.37,3.058,0.7208,13.9203,-0.02723,0.01804,0.00104,17.44326553834913,78.37764338987243,3.5,0
30.925,172.706,195.403,17.443266756953967,78.37762620847741,11.42,55.39,0.1214,2.2104,10.613,0.0064,-0.03303,-0.02989,17.443285102053117,78.37760393741384,3.5,0
30.945,172.836,195.591,17.44326845734414,78.37762743013265,11.424,55.4,-1.9361,2.5429,5.2509,0.00742,-0.00427,0.0039,17.443270757791648,78.3776104037935,3.5,0
30.965,172.966,195.78,17.443270158619097,78.37762865182829,11.428,55.41,-2.6556,0.6968,10.7074,0.02627,0.0213,-0.01304,17.443272821311854,78.37764654635147,3.5,0
30.985,173.096,195.968,17.44327186077359,78.37762987356008,11.432,55.42,-1.022,-1.1639,13.8523,0.01075,0.01726,-0.03673,17.443269825960538,78.37764600650513,3.5,0
31.005,173.225,196.156,17.443273563802258,78.37763109532379,11.436,55.44,1.1921,-3.0518,7.0584,-0.02255,-0.00034,0.0142,17.443275205797306,78.37761697610782,3.5,0
31.025,173.355,196.345,17.443275267699654,78.37763231711509,11.44,55.45,3.1443,-2.4433,6.8495,0.00168,-0.01454,0.01286,17.443276050994108,78.37766695034678,3.5,0
31.045,173.485,196.533,17.443276972460232,78.37763353892954,11.444,55.46,2.5976,0.0968,13.7618,-0.01289,0.02763,0.00799,17.443280474820263,78.37763448469042,3.5,0
31.065,173.615,196.722,17.443278678078336,78.37763476076272,11.448,55.48,0.2643,2.2145,10.7972,-0.03982,-0.01856,-0.05473,17.443270079079902,78.37762865281591,3.5,0
31.085,173.744,196.911,17.44328038454823,78.37763598261009,11.452,55.49,-2.1436,2.5868,5.2535,0.01597,0.04522,-0.03671,17.443262713914454,78.37761250224065,3.5,0
31.105,173.874,197.099,17.443282091864074,78.37763720446705,11.456,55.5,-2.8058,1.315,10.9167,0.01327,0.01663,0.01869,17.44326801701738,78.37764734510608,3.5,0
31.125,174.004,197.288,17.443283800019934,78.37763842632897,11.46,55.52,-1.0233,-1.3061,13.6716,-0.00171,-0.01234,-0.00936,17.443301497623086,78.3776449769839,3.5,0
31.145,174.134,197.477,17.443285509009787,78.37763964819113,11.464,55.53,1.1167,-2.7868,6.5824,0.03538,-0.00109,0.0213,17.443283252798146,78.3776343112777,3.5,0
31.165,174.264,197.666,17.44328721882751,78.3776408700488,11.467,55.54,3.9115,-1.7444,7.5334,-0.02371,-0.00543,-0.02926,17.443280113791754,78.37763217307088,3.5,0
31.185,174.393,197.856,17.4432889294669,78.37764209189709,11.471,55.56,2.6269,0.1714,14.1242,0.02152,0.00679,-0.0324,17.443300484903155,78.37763249792154,3.5,0
31.205,174.523,198.045,17.44329064092165,78.37764331373116,11.475,55.57,0.1368,2.6338,9.5224,-0.01339,0.00258,-0.01654,17.443284008866865,78.37761781007197,3.5,0
31.225,174.653,198.234,17.443292353185374,78.37764453554605,11.478,55.58,-2.6973,2.6734,5.5114,0.011,0.02007,-0.00136,17.443289981829363,78.37766185595325,3.5,0
31.245,174.783,198.424,17.44329406625159,78.37764575733678,11.482,55.59,-3.7876,-0.0125,12.4571,0.02064,0.00383,0.01255,17.44328150704583,78.37766771013294,3.5,0
31.265,174.912,198.613,17.44329578011373,78.37764697909827,11.485,55.61,-0.4005,-1.4422,12.3494,-0.01545,0.00158,0.0037,17.443304566581357,78.37760404862134,3.5,0
31.285,175.042,198.803,17.44329749476514,78.37764820082543,11.489,55.62,2.4113,-3.0261,5.4462,-0.01084,-0.00146,0.01377,17.443284647423912,78.37764625519075,3.5,0
31.305,175.172,198.993,17.443299210199086,78.37764942251309,11.492,55.63,3.2978,-1.1743,9.8782,0.00889,0.02115,0.01382,17.443273444828133,78.3776529247114,3.5,0
31.325,175.302,199.182,17.443300926408742,78.37765064415603,11.496,55.65,2.05,1.8165,13.9542,-0.01938,0.02778,-0.02035,17.443322010901717,78.37766320335575,3.5,0
31.345,175.431,199.372,17.4433026433872,78.37765186574899,11.499,55.66,-0.691,3.2283,6.8346,0.01405,-0.01857,0.03571,17.44329611244787,78.37764421685296,3.5,0
31.365,175.561,199.562,17.443304361127463,78.37765308728665,11.502,55.67,-3.5135,2.019,7.5348,0.00315,0.02299,-0.0188,17.44329318414408,78.37765006383462,3.5,0
31.385,175.691,199.752,17.44330607962247,78.37765430876362,11.506,55.69,-2.4348,-0.6443,14.196,0.00866,0.03112,-0.03093,17.44330595357299,78.37765854460935,3.5,0
31.405,175.82,199.943,17.44330779886506,78.37765553017451,11.509,55.7,0.8627,-2.1324,8.7932,-0.01336,-0.00755,0.00749,17.44328147639978,78.37765800807423,3.5,0
31.425,175.95,200.133,17.443309518848007,78.37765675151383,11.512,55.71,2.521,-1.997,6.0118,-0.01442,0.00019,-0.00976,17.443323217650022,78.37767007785543,3.5,0
31.445,176.08,200.323,17.443311239563997,78.37765797277606,11.515,55.72,3.1439,-0.2138,13.4837,-0.02659,-0.00074,0.03722,17.443293105526894,78.37763800277551,3.5,0
31.465,176.21,200.513,17.443312961005645,78.37765919395565,11.518,55.74,1.0087,3.427,14.08,0.00697,0.0143,-0.01107,17.44330306124657,78.37763772169967,3.5,0
31.485,176.339,200.704,17.44331468316549,78.37766041504699,11.521,55.75,-2.0953,1.8211,5.3452,-0.02264,-0.00765,-0.02407,17.443309586558094,78.37765362578003,3.5,0
31.505,176.469,200.895,17.443316406035986,78.37766163604441,11.524,55.76,-2.8651,0.6496,12.3609,-0.005,0.02689,-0.01467,17.443308289665634,78.37763587460188,3.5,0
31.525,176.599,201.085,17.44331812960953,78.37766285694222,11.527,55.78,-1.282,-2.0055,12.0219,0.01663,-0.0428,0.00673,17.443313803686916,78.37770624541015,3.5,0
31.545,176.728,201.276,17.44331985387843,78.37766407773468,11.53,55.79,2.8174,-2.2173,5.274,0.03865,0.00201,0.00879,17.44333236505934,78.37764766072922,3.5,0
31.565,176.858,201.467,17.443321578834937,78.37766529841599,11.533,55.8,1.8272,-2.3462,7.1784,0.00805,-0.00078,-0.03287,17.443341631225543,78.37768148151976,3.5,0
31.585,176.987,201.657,17.44332330447122,78.37766651898035,11.536,55.82,1.077,2.3481,12.9029,0.00321,-0.00774,0.00225,17.44334816812639,78.37769240228715,3.5,0
31.605,177.117,201.848,17.44332503077939,78.37766773942187,11.538,55.83,-1.6116,2.5407,5.4723,-0.02559,0.01349,-0.01576,17.443318743286685,78.37767209939446,3.5,0
31.625,177.247,202.039,17.44332675775148,78.37766895973465,11.541,55.84,-2.5399,1.6321,10.4649,-0.00827,0.00511,-0.0071,17.44332046255776,78.37765572676133,3.5,0
31.645,177.376,202.23,17.44332848537946,78.37767017991273,11.544,55.86,-1.6482,-1.7724,13.3584,-0.00744,0.00881,-0.00949,17.443317182991898,78.3776728197982,3.5,0
31.665,177.506,202.422,17.443330213655237,78.37767139995015,11.546,55.87,1.9345,-2.4543,5.6816,0.00912,0.01224,0.00913,17.443316203269106,78.37764805253502,3.5,0
31.685,177.635,202.613,17.443331942570655,78.37767261984088,11.549,55.88,3.5623,-1.8218,10.042,-0.00524,0.0406,0.01847,17.443319915154973,78.37764794338479,3.5,0
31.705,177.765,202.804,17.44333367211749,78.37767383957886,11.551,55.89,1.9932,1.6351,13.5283,0.04274,0.0493,-0.00139,17.44329876527469,78.37770773536742,3.5,0
31.725,177.894,202.995,17.44333540228746,78.37767505915801,11.553,55.91,-1.4071,2.0252,5.7446,0.0112,-0.0146,0.04108,17.44335365924781,78.37764711251465,3.5,0
31.745,178.024,203.187,17.443337133072223,78.37767627857218,11.556,55.92,-3.1485,1.1801,10.0344,0.01583,-0.01922,0.041,17.44330832660867,78.37764550143052,3.5,0
31.765,178.153,203.378,17.443338864463374,78.37767749781524,11.558,55.93,-1.6164,-1.3605,13.4532,0.01099,-0.00284,0.01277,17.443360673816336,78.37768936798453,3.5,0
31.785,178.283,203.57,17.443340596452458,78.377678716881,11.56,55.95,1.9881,-2.9868,5.6283,-0.01875,-0.01334,0.02367,17.443337934018643,78.37766833832718,3.5,0
31.805,178.412,203.762,17.443342329030955,78.37767993576323,11.562,55.96,2.9621,-1.5577,10.4537,-0.01019,0.01201,-0.03486,17.44332659490493,78.37770149963467,3.5,0
31.825,178.542,203.953,17.443344062190295,78.37768115445567,11.565,55.97,0.3279,2.0429,13.1025,-0.00857,0.00128,-0.00434,17.44331374402566,78.37762157275512,3.5,0
31.845,178.671,204.145,17.443345795921857,78.37768237295207,11.567,55.99,-1.5927,2.7267,5.3977,0.02478,0.01784,-0.04376,17.44335379602969,78.37768059783673,3.5,0
31.865,178.801,204.337,17.44334753021696,78.3776835912461,11.569,56.0,-2.5912,0.7033,11.2842,0.02107,0.00145,-0.00376,17.443320183516384,78.37766072374069,3.5,0
31.885,178.93,204.529,17.443349265066878,78.37768480933143,11.57,56.01,-1.7152,-1.9225,12.3513,0.00748,0.0154,-0.01597,17.443338964182423,78.37765075407421,3.5,0
31.905,179.059,204.721,17.443351000462833,78.3776860272017,11.572,56.02,2.0609,-1.6401,5.2585,0.00579,0.01903,-0.00331,17.443365191794644,78.37766117063282,3.5,0
31.925,179.189,204.913,17.443352736395997,78.37768724485053,11.574,56.04,3.48,-0.0552,12.4403,0.01469,-0.01259,-0.01756,17.443349088457555,78.37766039728301,3.5,0
31.945,179.318,205.105,17.4433544728575,78.37768846227154,11.576,56.05,1.4744,2.6872,11.0364,-0.02861,-0.03348,-0.00727,17.443345386613892,78.37768276743157,3.5,0
31.965,179.447,205.297,17.44335620983842,78.37768967945824,11.578,56.06,-2.4403,2.6528,5.5508,0.0042,0.00074,0.01078,17.44335480976037,78.37767979433792,3.5,0
31.985,179.576,205.489,17.4433579473298,78.37769089640423,11.579,56.08,-2.8836,-0.0057,13.62,-0.02841,-0.0062,-0.02669,17.443374618867104,78.37770046205925,3.5,0
32.005,179.706,205.681,17.44335968532263,78.37769211310301,11.581,56.09,0.3446,-3.5349,9.1269,-0.00339,0.00964,-0.00102,17.443351614495754,78.3776588282642,3.5,0
32.025,179.835,205.873,17.44336142380787,78.37769332954811,11.582,56.1,3.7266,-2.4402,6.7249,0.01979,0.0116,0.00937,17.44336313517846,78.37770069771739,3.5,0
32.045,179.964,206.066,17.44336316277642,78.377694545733,11.584,56.12,2.2364,0.5111,14.2547,-0.01753,-0.00839,-0.01482,17.4433753815776,78.37771096278573,3.5,0
32.065,180.093,206.258,17.44336490221917,78.37769576165115,11.585,56.13,-1.193,1.9778,6.9476,0.02807,0.01581,-0.03597,17.443353723265247,78.37771456588806,3.5,0
32.085,180.222,206.451,17.443366642126946,78.37769697729603,11.586,56.14,-3.193,1.0414,8.999,0.01626,0.01537,-0.00035,17.443356673226162,78.37770837533198,3.5,0
32.105,180.351,206.643,17.443368382490558,78.37769819266107,11.588,56.16,-1.7285,-2.3519,13.5516,0.00251,-0.01947,0.0227,17.443373796445535,78.37770405878736,3.5,0
32.125,180.48,206.836,17.443370123300767,78.3776994077397,11.589,56.17,2.1983,-2.8332,5.407,0.00146,-0.0196,0.01021,17.44337225720719,78.37768800724461,3.5,0
32.145,180.609,207.028,17.443371864548315,78.37770062252531,11.59,56.18,3.9342,-0.4076,11.9541,-0.01794,0.01368,-0.02251,17.44339334896973,78.37771941139779,3.5,0
32.165,180.738,207.221,17.443373606223897,78.37770183701134,11.591,56.19,0.7782,2.6234,11.0388,-0.02136,-0.01357,-0.01772,17.443363040579722,78.37771869055882,3.5,0
32.185,180.867,207.414,17.443375348318195,78.37770305119115,11.592,56.21,-2.6565,2.508,5.811,-0.01618,0.03158,-0.01948,17.443367678349478,78.3776981706214,3.5,0
32.205,180.996,207.606,17.443377090821848,78.37770426505813,11.593,56.22,-2.4691,-0.8762,14.0927,-0.00973,-0.00338,-0.04505,17.443372170151832,78.37768355111741,3.5,0
32.225,181.125,207.799,17.443378833725475,78.37770547860563,11.594,56.23,0.4271,-3.5749,7.464,0.00898,0.01942,0.05368,17.44335911891612,78.37768852903466,3.5,0
32.245,181.254,207.992,17.44338057701967,78.37770669182703,11.595,56.25,3.738,-2.3769,8.821,-0.01695,-0.011,0.00296,17.44337543894655,78.3776816256359,3.5,0
32.265,181.383,208.185,17.443382320695,78.37770790471568,11.596,56.26,1.6331,0.9863,13.4194,-0.00611,-0.00941,0.02313,17.443396934787792,78.37769329711747,3.5,0
32.285,181.511,208.378,17.443384064742016,78.37770911726493,11.596,56.27,-2.0112,2.2829,5.2896,0.0179,-0.02748,-0.00654,17.443368958217604,78.37772085102912,3.5,0
32.305,181.64,208.57,17.443385809151234,78.3777103294681,11.597,56.29,-1.4851,0.178,12.8793,-0.02546,-0.00597,-0.04375,17.44339219776989,78.3777269742437,3.5,0
32.325,181.769,208.763,17.443387553913162,78.37771154131856,11.598,56.3,1.546,-1.5087,13.2077,-0.02455,-0.01338,0.01713,17.44338533709696,78.37770267908942,3.5,0
32.345,181.898,208.956,17.44338929901829,78.37771275280961,11.598,56.31,2.9492,-1.9956,7.1499,-0.00203,-0.02727,0.04301,17.44337841921562,78.37770441650112,3.5,0
32.365,182.026,209.15,17.44339104445708,78.37771396393462,11.599,56.32,1.9596,0.9569,14.0897,0.00369,0.00084,-0.033,17.443384213037287,78.3777022787843,3.5,0
32.385,182.155,209.343,17.443392790219995,78.37771517468691,11.599,56.34,-1.1348,2.6867,5.5831,0.00194,0.02971,-0.05036,17.443385282407895,78.377697451734,3.5,0
32.405,182.283,209.536,17.443394536297475,78.37771638505981,11.599,56.35,-2.8349,0.9858,12.0821,0.02645,-0.01221,0.00397,17.4433917429215,78.3776987161105,3.5,0
32.425,182.412,209.729,17.443396282679945,78.37771759504665,11.6,56.36,-0.5236,-2.9701,10.1731,-0.01566,-0.00238,0.05943,17.443394815180493,78.37774221457738,3.5,0
32.445,182.54,209.922,17.443398029357823,78.37771880464076,11.6,56.38,3.5666,-2.0582,6.813,-0.02339,0.03482,-0.00026,17.443401210380785,78.37770968562641,3.5,0
32.465,182.669,210.115,17.443399776321524,78.37772001383551,11.6,56.39,1.8912,0.9949,14.1205,-0.03701,0.01014,-0.02647,17.44342253160189,78.37771850470708,3.5,0
32.485,182.797,210.309,17.44340152356144,78.37772122262422,11.6,56.4,-0.8889,2.5307,5.5249,-0.0035,-0.00656,0.03664,17.443373671523165,78.37767480508221,3.5,0
32.505,182.925,210.502,17.443403271067975,78.37772243100024,11.6,56.42,-2.4015,0.7364,12.4477,0.00892,-0.02225,-0.00878,17.4433879364446,78.37770663419175,3.5,0
32.525,183.054,210.695,17.443405018831513,78.37772363895694,11.6,56.43,0.1334,-2.2773,9.4406,0.00979,-0.00773,-0.01835,17.44341791944701,78.37770641987424,3.5,0
32.545,183.182,210.888,17.443406766842443,78.37772484648767,11.6,56.44,3.8181,-2.4015,7.6581,-0.00182,-0.01524,0.01399,17.44342138775807,78.37773544245182,3.5,0
32.565,183.31,211.082,17.44340851509115,78.37772605358582,11.6,56.46,1.8022,1.275,13.6206,-0.00551,-0.01237,0.02629,17.443409508522993,78.3777423638891,3.5,0
32.585,183.438,211.275,17.443410263568023,78.37772726024475,11.599,56.47,-1.7332,2.6637,5.2618,0.00542,-0.00532,-0.04993,17.443398340145375,78.37774393213695,3.5,0
32.605,183.566,211.469,17.44341201226344,78.37772846645787,11.599,56.48,-2.3638,-0.3282,13.6934,0.00615,-0.009,0.01207,17.443378419283924,78.37770303835497,3.5,0
32.625,183.694,211.662,17.4434137611678,78.37772967221858,11.599,56.49,0.7407,-2.6371,7.3823,-0.01779,-0.03138,-0.03515,17.443418243132122,78.37775160212622,3.5,0
32.645,183.822,211.855,17.44341551027149,78.37773087752029,11.598,56.51,3.1396,-1.2882,10.0596,0.01409,0.00043,-0.03211,17.443433423647495,78.3777206547935,3.5,0
32.665,183.95,212.049,17.443417259564914,78.37773208235646,11.598,56.52,1.2626,2.7179,11.5763,0.01428,-0.00855,0.02061,17.44343963107902,78.3777147602854,3.5,0
32.685,184.078,212.242,17.44341900903847,78.3777332867205,11.597,56.53,-2.8357,1.4951,6.2977,-0.02922,-0.00909,-0.00795,17.443410451212166,78.37773870696348,3.5,0
32.705,184.206,212.436,17.44342075868259,78.37773449060589,11.597,56.55,-1.9521,-1.3086,14.1398,-0.00742,0.00244,-0.02688,17.44342470000961,78.37775738119966,3.5,0
32.725,184.334,212.629,17.443422508487682,78.37773569400609,11.596,56.56,1.8325,-3.2793,5.3552,-0.01967,-0.00862,0.02576,17.443422933514064,78.37774060248267,3.5,0
32.745,184.462,212.823,17.443424258444196,78.37773689691464,11.595,56.57,3.2079,-0.0065,13.4045,-0.00111,0.00734,0.01578,17.44340100243991,78.37771188888289,3.5,0
32.765,184.589,213.017,17.443426008542577,78.37773809932501,11.594,56.59,0.1775,1.9008,7.4971,-0.01138,0.00064,-0.00055,17.443429633107126,78.37774911657304,3.5,0
32.785,184.717,213.21,17.443427758773296,78.37773930123076,11.594,56.6,-3.4303,1.1436,10.337,0.00572,-0.00114,-0.01809,17.44339565010015,78.37776240885913,3.5,0
32.805,184.845,213.404,17.443429509126833,78.37774050262544,11.593,56.61,-0.21,-2.6972,10.924,-0.02093,-0.00412,-0.01791,17.443425138659332,78.37771903349451,3.5,0
32.825,184.972,213.597,17.443431259593687,78.37774170350262,11.592,56.63,3.806,-2.5165,7.0935,0.0099,-0.01612,-0.04821,17.44344447260805,78.37774274686792,3.5,0
32.845,185.1,213.791,17.443433010164384,78.37774290385592,11.591,56.64,1.7033,0.7551,13.5404,0.04854,0.01227,0.04943,17.443450861267284,78.37773836832417,3.5,0
32.865,185.227,213.985,17.443434760829458,78.37774410367895,11.59,56.65,-2.1164,2.21,5.3781,0.00774,0.02005,0.00404,17.443432612459628,78.37774643047439,3.5,0
32.885,185.354,214.178,17.443436511579478,78.37774530296537,11.588,56.66,-2.6007,-0.3937,14.2427,0.02714,-0.00995,-0.03382,17.443467440996216,78.37772355411353,3.5,0
32.905,185.482,214.372,17.443438262405024,78.37774650170884,11.587,56.68,2.1041,-2.9917,5.687,-0.00221,0.01029,0.05954,17.4434310416184,78.37772792019717,3.5,0
32.925,185.609,214.565,17.443440013296712,78.37774769990308,11.586,56.69,3.0655,-0.1798,13.0845,-0.01914,-0.01108,-0.00965,17.443418097253012,78.37775704823761,3.5,0
32.945,185.736,214.759,17.443441764245186,78.3777488975418,11.584,56.7,-0.2364,3.2008,7.4896,-0.00583,-0.02319,0.01822,17.443455952769657,78.37776117155727,3.5,0
32.965,185.863,214.953,17.443443515241103,78.37775009461878,11.583,56.72,-2.4869,0.9471,10.8614,0.01237,-0.01539,-0.01975,17.443446072863726,78.37775919943759,3.5,0
32.985,185.99,215.146,17.44344526627517,78.3777512911278,11.582,56.73,1.2084,-2.8567,9.8664,0.00079,-0.02045,-0.00593,17.443426142364757,78.37776808605445,3.5,0
33.005,186.117,215.34,17.443447017338112,78.37775248706268,11.58,56.74,3.6081,-1.6812,8.5047,-0.00545,0.03004,-0.00544,17.443445710237434,78.37774183795216,3.5,0
33.025,186.244,215.534,17.443448768420687,78.37775368241726,11.578,56.76,3.018,4.0687,18.1652,0.01618,-0.00614,0.01201,17.443442982840917,78.37778301109931,3.5,0
33.045,186.371,215.727,17.443450519513696,78.37775487718545,11.577,56.77,-2.6898,1.7627,6.6544,-0.00045,0.00106,0.03148,17.443474272404497,78.37773415786533,3.5,0
33.065,186.498,215.921,17.443452270607963,78.37775607136113,11.575,56.78,-1.443,-2.3399,13.4896,-0.03061,0.01868,-0.01391,17.443464598027447,78.37776808251904,3.5,0
33.085,186.625,216.115,17.443454021694365,78.3777572649383,11.573,56.79,2.9973,-2.3192,5.58,0.01347,-0.01736,-0.0061,17.443442249607376,78.37776543585545,3.5,0
33.105,186.752,216.308,17.443455772763798,78.37775845791089,11.571,56.81,2.1308,0.6789,14.171,0.00594,-0.01258,0.04148,17.44345622246548,78.37775898248874,3.5,0
33.125,186.878,216.502,17.44345752380722,78.37775965027296,11.57,56.82,-1.9938,2.5482,5.2484,0.02391,-0.01187,0.01212,17.443447991245854,78.37777881692863,3.5,0
33.145,187.005,216.696,17.443459274815606,78.37776084201857,11.568,56.83,-1.7025,-1.1949,14.1859,0.00943,-0.01659,-0.0038,17.443481622641368,78.37778102429144,3.5,0
33.165,187.131,216.889,17.443461025779996,78.3777620331418,11.566,56.85,1.6774,-2.8136,5.4639,-0.01039,0.00867,0.0293,17.44345173002853,78.3777723082908,3.5,0
33.185,187.258,217.083,17.44346277669146,78.37776322363682,11.564,56.86,3.3821,-0.3668,13.7653,0.00798,0.03333,-0.01017,17.443450160320776,78.37775524396801,3.5,0
33.205,187.384,217.277,17.443464527541124,78.37776441349777,11.561,56.87,-0.7705,2.5255,6.0099,-0.00078,0.02278,-0.01593,17.443447219356077,78.37779802454217,3.5,0
33.225,187.51,217.47,17.44346627832015,78.37776560271888,11.559,56.89,-2.7486,0.3273,13.1543,0.00559,-0.03026,0.00659,17.443475869184667,78.37775596392005,3.5,0
33.245,187.637,217.664,17.443468029019755,78.37776679129442,11.557,56.9,0.5287,-2.6838,6.6705,0.02294,0.01346,0.00068,17.443471612533976,78.37776844876485,3.5,0
33.265,187.763,217.858,17.443469779631208,78.37776797921869,11.555,56.91,2.9884,-0.7034,12.4997,-0.00601,0.02959,-0.01499,17.443457586720417,78.37778520506205,3.5,0
33.285,187.889,218.051,17.44347153014582,78.37776916648602,11.552,56.93,-0.1819,1.8105,7.2902,-0.00363,-0.0141,0.00778,17.443459138669326,78.37776052615699,3.5,0
33.305,188.015,218.245,17.44347328055497,78.37777035309082,11.55,56.94,-2.8935,1.6593,11.9298,-0.04551,-0.0241,-0.04877,17.44350615981379,78.37776885432673,3.5,0
33.325,188.141,218.438,17.44347503085007,78.37777153902752,11.547,56.95,0.528,-2.2231,7.7865,0.03549,0.02265,-0.01709,17.4434958679635,78.3777385771069,3.5,0
33.345,188.267,218.632,17.443476781022603,78.3777727242906,11.545,56.96,3.144,-0.7666,11.5114,0.00204,0.00233,-0.043,17.443477095209552,78.37778265266104,3.5,0
33.365,188.392,218.826,17.44347853106411,78.37777390887457,11.542,56.98,-0.0427,2.1254,8.1104,-0.01032,0.00969,-0.0367,17.443492749988053,78.37779804121031,3.5,0
33.385,188.518,219.019,17.44348028096618,78.37777509277403,11.54,56.99,-2.7206,0.6095,11.2817,0.02061,0.00383,-0.05159,17.44347396929905,78.37778325096541,3.5,0
33.405,188.644,219.213,17.443482030720464,78.3777762759836,11.537,57.0,0.6569,-3.1071,8.2291,0.02729,0.01681,-0.00638,17.443482595537827,78.3777735365322,3.5,0
33.425,188.769,219.406,17.44348378031868,78.37777745849796,11.534,57.02,3.2154,-0.6429,11.2436,-0.02899,0.01028,-0.01903,17.443501329579693,78.37778626211359,3.5,0
33.445,188.895,219.6,17.4434855297526,78.3777786403118,11.532,57.03,-0.5101,2.5182,8.1606,-0.00998,0.00307,0.00883,17.44348692831539,78.37780441585119,3.5,0
33.465,189.02,219.793,17.443487279014064,78.37777982141994,11.529,57.04,-3.298,0.2864,11.4126,0.00707,0.01288,0.01028,17.443468764309262,78.37778435626419,3.5,0
33.485,189.146,219.987,17.443489028094973,78.37778100181717,11.526,57.06,1.5258,-3.1246,7.887,-0.02049,0.018,0.03576,17.44347831996257,78.37780741889094,3.5,0
33.505,189.271,220.18,17.443490776987304,78.37778218149839,11.523,57.07,3.1958,-0.5413,11.7626,-0.00989,0.00846,-0.02491,17.443495331983613,78.37778738380041,3.5,0
33.525,189.396,220.373,17.443492525683084,78.37778336045851,11.52,57.08,-0.1333,3.1075,7.441,-0.02387,-0.00831,0.00379,17.443502899773762,78.37778128890842,3.5,0
33.545,189.521,220.567,17.443494274174423,78.37778453869254,11.517,57.09,-2.2289,0.9045,12.2754,0.0025,0.00621,-0.01127,17.443517238181695,78.37779807727891,3.5,0
33.565,189.646,220.76,17.443496022453495,78.3777857161955,11.514,57.11,1.6889,-2.7261,6.8723,-0.01793,0.01195,0.0081,17.443481279962004,78.37779452309333,3.5,0
33.585,189.771,220.953,17.443497770512543,78.3777868929625,11.511,57.12,2.9929,-0.6726,12.8865,0.0508,0.00781,0.00456,17.443505135679313,78.37778266562414,3.5,0
33.605,189.896,221.147,17.443499518343888,78.37778806898869,11.507,57.13,-0.9974,1.2286,6.2307,0.0361,0.01769,-0.01319,17.4434843799944,78.37780190698979,3.5,0
33.625,190.021,221.34,17.44350126593992,78.37778924426928,11.504,57.15,-2.607,-0.159,13.5135,-0.02014,0.01754,-0.00534,17.44348377117868,78.37779123125657,3.5,0
33.645,190.146,221.533,17.4435030132931,78.37779041879952,11.501,57.16,1.5621,-3.0703,5.6448,-0.0338,0.00837,-0.04582,17.44350653628297,78.3777982127461,3.5,0
33.665,190.271,221.726,17.443504760395978,78.37779159257475,11.498,57.17,2.9096,0.1637,14.015,-0.02776,-0.00164,0.01202,17.44348610213961,78.37777273628062,3.5,0
33.685,190.395,221.92,17.443506507241167,78.37779276559036,11.494,57.19,-2.3556,2.4872,5.2679,-0.00789,0.0126,-0.06153,17.443504018393057,78.37780323762047,3.5,0
33.705,190.52,222.113,17.443508253821363,78.37779393784177,11.491,57.2,-1.5781,-1.6064,14.2173,0.00505,-0.03259,0.01012,17.443503924677664,78.37780733220877,3.5,0
33.725,190.644,222.306,17.443510000129343,78.37779510932451,11.487,57.21,2.4643,-2.6594,5.2911,-0.025,0.03499,-0.04604,17.44349736543648,78.37780798466176,3.5,0
33.745,190.768,222.499,17.443511746157967,78.37779628003412,11.484,57.23,2.0973,1.2321,13.9241,-0.0042,0.04673,0.01724,17.443524300023803,78.37780676510143,3.5,0
33.765,190.893,222.692,17.443513491900166,78.37779744996624,11.48,57.24,-2.4826,2.365,5.8841,-0.0032,0.00928,0.00922,17.443507431596615,78.37780213987077,3.5,0
33.785,191.017,222.885,17.44351523734897,78.37779861911656,11.477,57.25,-1.1765,-1.6182,12.9933,-0.02284,0.00452,-0.02262,17.443510072336473,78.37777428022042,3.5,0
33.805,191.141,223.078,17.44351698249747,78.37779978748082,11.473,57.26,3.4851,-2.0497,7.1569,0.02929,0.0105,-0.0623,17.443503007128495,78.37780787003653,3.5,0
33.825,191.265,223.271,17.44351872733887,78.37780095505487,11.469,57.28,0.6158,1.7142,11.3951,0.00802,0.02326,0.00835,17.443554321112213,78.3778091893072,3.5,0
33.845,191.389,223.464,17.44352047186644,78.37780212183453,11.465,57.29,-2.6438,1.2119,9.0467,0.01099,0.03214,-0.04681,17.4435097813912,78.37780663066732,3.5,0
33.865,191.513,223.657,17.44352221607354,78.3778032878158,11.462,57.3,-0.1858,-2.7634,9.3045,0.05033,0.02402,0.02216,17.443512106070962,78.37778144523011,3.5,0
33.885,191.636,223.85,17.44352395995362,78.37780445299465,11.458,57.32,3.4068,-1.1408,11.2361,-0.02005,0.03706,-0.04435,17.443529440072787,78.37780254781764,3.5,0
33.905,191.76,224.043,17.443525703500224,78.37780561736719,11.454,57.33,0.0262,2.8659,7.1557,0.02037,0.02157,-0.04766,17.44352892043698,78.37779881984179,3.5,0
33.925,191.884,224.236,17.443527446706987,78.37780678092953,11.45,57.34,-3.0967,0.1518,13.1763,0.0354,0.04836,-0.01329,17.443512192519677,78.37780060151194,3.5,0
33.945,192.007,224.428,17.443529189567624,78.37780794367791,11.446,57.36,1.678,-2.2399,5.5941,0.03223,0.0207,-0.04795,17.443483843993118,78.37779085562187,3.5,0
33.965,192.13,224.621,17.443530932075948,78.37780910560858,11.442,57.37,2.8073,1.2241,14.1815,0.01488,0.00216,-0.01075,17.443540757935157,78.37783139261303,3.5,0
33.985,192.254,224.814,17.44353267422587,78.3778102667179,11.438,57.38,-2.1732,2.3569,5.2808,-0.03322,-0.02869,-0.05674,17.44351841772736,78.377816115775,3.5,0
34.005,192.377,225.006,17.443534416011392,78.37781142700227,11.434,57.39,-1.3049,-3.2286,13.7018,0.00865,0.00403,0.0034,17.443542860727515,78.37782441258253,3.5,0
34.025,192.5,225.199,17.44353615742661,78.37781258645819,11.43,57.41,3.3734,-1.9618,6.5763,-0.00949,0.00939,-0.02816,17.44353641519132,78.37781298568,3.5,0
34.045,192.623,225.392,17.443537898465717,78.37781374508221,11.426,57.42,1.1784,1.5968,11.6621,0.00645,0.01835,0.05779,17.44354283934974,78.37781529076338,3.5,0
34.065,192.746,225.584,17.443539639123006,78.37781490287092,11.422,57.43,-2.5326,0.868,9.2212,0.02244,0.00062,0.00065,17.44353595308125,78.37779903630619,3.5,0
34.085,192.869,225.777,17.443541379392858,78.37781605982107,11.417,57.45,0.7498,-3.0463,8.6965,0.00875,0.00562,0.00441,17.443553094726603,78.37781295258924,3.5,0
34.105,192.992,225.969,17.44354311926977,78.37781721592938,11.413,57.46,3.1815,-1.0584,12.2011,-0.02076,-0.03285,-0.00166,17.443520785296716,78.37782197792745,3.5,0
34.125,193.114,226.161,17.44354485874832,78.3778183711927,11.409,57.47,-0.9707,2.7502,6.0915,-0.02607,0.03283,-0.0572,17.44353490660613,78.37780562847325,3.5,0
34.145,193.237,226.354,17.443546597823204,78.37781952560795,11.405,57.49,-1.5701,-1.3509,14.0792,-0.01402,0.03222,0.00312,17.443523439335614,78.37783362502412,3.5,0
34.165,193.36,226.546,17.443548336489208,78.37782067917209,11.4,57.5,2.5466,-3.3742,5.2557,-0.00029,0.02202,-0.06988,17.44353449536281,78.37783521161914,3.5,0
34.185,193.482,226.738,17.44355007474122,78.37782183188217,11.396,57.51,1.4607,1.2563,13.6778,0.02902,0.01547,0.06109,17.44353311129964,78.37782780302801,3.5,0
34.205,193.604,226.93,17.443551812574242,78.37782298373534,11.392,57.53,-2.3614,2.0289,6.8853,0.00697,0.01315,-0.06024,17.443557243131536,78.37779511540585,3.5,0
34.225,193.727,227.123,17.443553549983367,78.3778241347288,11.387,57.54,-0.2842,-2.2959,10.9745,-0.00083,0.00743,-0.04535,17.443519315157268,78.37783589706964,3.5,0
34.245,193.849,227.315,17.4435552869638,78.3778252848598,11.383,57.55,2.5362,-1.8162,10.2725,-0.00236,0.03646,0.01441,17.44355963340929,78.37783941884189,3.5,0
34.265,193.971,227.507,17.443557023510856,78.3778264341257,11.378,57.56,-0.2947,2.0221,7.4162,-0.00207,-0.00399,0.01986,17.443581094056622,78.37779746829247,3.5,0
34.285,194.093,227.699,17.443558759619947,78.37782758252392,11.374,57.58,-2.8387,-0.4552,13.4047,0.01886,-0.02695,0.03666,17.443570995061446,78.37784274255141,3.5,0
34.305,194.215,227.891,17.443560495286594,78.37782873005199,11.369,57.59,2.2248,-2.9628,5.3012,-0.01924,0.01352,0.03633,17.443540527131574,78.37782977283295,3.5,0
34.325,194.336,228.083,17.44356223050643,78.37782987670744,11.365,57.6,2.3162,1.3973,14.0883,0.02465,0.0267,-0.03353,17.443569735498894,78.37784305391911,3.5,0
34.345,194.458,228.275,17.443563965275192,78.37783102248792,11.36,57.62,-2.5973,1.1238,6.2601,0.01672,0.00809,-0.06421,17.443580677295706,78.37788238359366,3.5,0
34.365,194.58,228.466,17.443565699588735,78.3778321673912,11.355,57.63,-0.178,-2.5217,11.6025,-0.00346,0.03148,0.00466,17.44356187443981,78.37781414964229,3.5,0
34.385,194.701,228.658,17.44356743344301,78.37783331141506,11.351,57.64,3.2502,-2.1681,9.8311,0.05667,0.04113,-0.03714,17.443590045518757,78.37783080653703,3.5,0
34.405,194.823,228.85,17.44356916683409,78.37783445455736,11.346,57.66,-0.3416,1.7252,7.623,0.02241,0.01335,-0.01903,17.44357220474745,78.37784037964612,3.5,0
34.425,194.944,229.042,17.443570899758157,78.37783559681608,11.341,57.67,-2.7321,0.1298,13.3838,-0.00181,0.04718,-0.00612,17.44358219647496,78.37782220803564,3.5,0
34.445,195.065,229.233,17.4435726322115,78.37783673818925,11.337,57.68,2.6071,-2.8469,5.2663,0.0173,-0.03534,0.03747,17.44356267082211,78.37787330406712,3.5,0
34.465,195.186,229.425,17.443574364190525,78.37783787867497,11.332,57.69,2.317,1.0757,13.9686,-0.00426,-0.01072,0.01378,17.443579771460037,78.37780527867119,3.5,0
34.485,195.307,229.616,17.443576095691746,78.37783901827142,11.327,57.71,-3.1325,2.1982,6.6438,-0.01295,0.02704,-0.01717,17.44357130056442,78.3778610358839,3.5,0
34.505,195.428,229.808,17.443577826711802,78.3778401569769,11.322,57.72,0.2345,-2.7775,10.8816,-0.00779,0.02145,-0.03094,17.443579141269954,78.37783061424899,3.5,0
34.525,195.549,229.999,17.443579557247432,78.37784129478972,11.318,57.73,3.182,-1.5479,10.7596,0.00178,-0.00383,-0.03888,17.443587786365267,78.37783650622187,3.5,0
34.545,195.67,230.19,17.443581287295494,78.37784243170833,11.313,57.75,-0.6104,3.3205,6.7028,-0.03184,0.00544,0.06653,17.443567359483524,78.37785546937822,3.5,0
34.565,195.79,230.382,17.443583016852973,78.37784356773122,11.308,57.76,-2.2432,-0.7623,13.9761,-0.02605,0.05329,-0.01393,17.443582311235453,78.3778584148889,3.5,0
34.585,195.911,230.573,17.44358474591695,78.37784470285696,11.303,57.77,3.4067,-2.6376,5.2933,0.01004,0.03439,0.01208,17.44361800469635,78.37786421314944,3.5,0
34.605,196.031,230.764,17.443586474484636,78.37784583708422,11.298,57.79,1.4801,1.3321,13.1724,-0.00574,-0.03693,0.03101,17.44360345707005,78.37785623714484,3.5,0
34.625,196.152,230.955,17.443588202553357,78.37784697041174,11.293,57.8,-3.078,0.6849,8.1587,0.04152,0.00097,0.00062,17.443596586043768,78.37785246627126,3.5,0
34.645,196.272,231.146,17.443589930120552,78.37784810283833,11.288,57.81,0.4785,-3.705,8.9554,0.01528,0.00672,0.02456,17.44359252674212,78.3778283890689,3.5,0
34.665,196.392,231.337,17.443591657183777,78.3778492343629,11.283,57.83,3.1012,-0.9726,12.6168,0.01075,0.02674,-0.0143,17.44360720003674,78.37785755067804,3.5,0
34.685,196.512,231.528,17.44359338374071,78.3778503649844,11.279,57.84,-1.312,2.8863,5.4764,0.01163,0.01838,0.03155,17.443585011027032,78.37782993740254,3.5,0
34.705,196.632,231.719,17.443595109789147,78.3778514947019,11.274,57.85,-3.7366,-2.7571,9.8673,-0.00158,0.03104,0.0332,17.443606291760442,78.37787286596658,3.5,0
34.725,196.752,231.91,17.443596835327,78.37785262351454,11.269,57.86,2.7249,-2.1712,6.3999,0.01681,0.01493,-0.03109,17.44357977985652,78.37785090930777,3.5,0
34.745,196.872,232.101,17.4435985603523,78.37785375142154,11.264,57.88,0.2507,1.5295,10.996,0.00119,0.01324,-0.0075,17.443588208254212,78.37785792262355,3.5,0
34.765,196.992,232.292,17.443600284863198,78.37785487842217,11.259,57.89,-2.578,1.3465,10.8826,0.00895,0.02104,0.01272,17.443594691113393,78.37785254536925,3.5,0
34.785,197.111,232.482,17.44360200885797,78.37785600451582,11.254,57.9,2.1636,-3.4835,6.4543,-0.00236,-0.00266,0.00853,17.443625902417022,78.37784418973942,3.5,0
34.805,197.231,232.673,17.443603732335003,78.37785712970194,11.249,57.92,2.6609,0.2799,14.1247,0.02593,0.01723,-0.00205,17.44362706047652,78.3778796647548,3.5,0
34.825,197.35,232.863,17.44360545529281,78.37785825398005,11.244,57.93,-2.4685,2.1909,5.4969,-0.01358,0.04203,0.02104,17.443610932570866,78.37785214440832,3.5,0
34.845,197.469,233.054,17.443607177730023,78.3778593773498,11.239,57.94,-0.7786,-2.2688,12.4709,-0.03942,-0.02989,0.04342,17.443599745720682,78.37783771360864,3.5,0
34.865,197.589,233.244,17.443608899645394,78.37786049981085,11.234,57.96,3.8862,-1.2266,9.2929,-0.00755,0.01708,-0.0556,17.443601825209786,78.37783887902563,3.5,0
34.885,197.708,233.435,17.443610621037795,78.37786162136297,11.229,57.97,-0.8901,2.1118,7.6848,0.0328,-0.0366,-0.02725,17.44362948559993,78.37784842746824,3.5,0
34.905,197.827,233.625,17.443612341906224,78.37786274200603,11.224,57.98,-2.4594,-0.8988,13.5946,0.01882,0.02372,-0.04921,17.44361201957451,78.3778313793134,3.5,0
34.925,197.946,233.815,17.443614062249793,78.37786386173997,11.219,57.99,2.9172,-2.9688,5.2226,0.02571,0.01196,0.03673,17.443623971455114,78.37786851856526,3.5,0
34.945,198.064,234.005,17.443615782067745,78.37786498056477,11.214,58.01,1.9071,1.0904,13.4192,0.00475,0.02685,0.00291,17.443623513982715,78.37786639843506,3.5,0
34.965,198.183,234.196,17.443617501359434,78.37786609848055,11.209,58.02,-2.8438,2.8418,8.0058,0.00477,-0.0075,-0.00929,17.4436514512244,78.3778261664434,3.5,0
34.985,198.302,234.386,17.443619220124344,78.37786721548746,11.204,58.03,0.9129,-2.601,8.9016,-0.01047,-0.00062,-0.01048,17.443609289892585,78.3778773985492,3.5,0
35.005,198.42,234.576,17.443620938362077,78.37786833158576,11.199,58.05,2.1079,-0.8041,12.8234,-0.00943,0.02966,-0.04098,17.443625171422923,78.3778596218417,3.5,0
35.025,198.539,234.766,17.443622656072357,78.37786944677578,11.194,58.06,-1.4928,2.0352,5.3481,0.00238,0.03342,0.01101,17.443606396806445,78.37786152181302,3.5,0
35.045,198.657,234.956,17.443624373255027,78.37787056105793,11.189,58.07,-1.8852,-2.2943,13.9614,0.00212,-0.01224,0.04292,17.443620689568135,78.37784101612358,3.5,0
35.065,198.775,235.146,17.443626089910065,78.37787167443268,11.184,58.09,2.5141,-2.7707,7.0086,-0.0003,-0.00021,0.02053,17.443630883976134,78.3778964507265,3.5,0
35.085,198.894,235.335,17.443627806037554,78.37787278690062,11.179,58.1,0.5302,2.1486,10.0308,0.00791,-0.0114,-0.02217,17.443638769631782,78.37787928838732,3.5,0
35.105,199.012,235.525,17.44362952163771,78.3778738984624,11.174,58.11,-2.328,0.9424,11.9326,-0.00667,0.02717,-0.03261,17.44361166354609,78.3778750495983,3.5,0
35.125,199.13,235.715,17.443631236710864,78.37787500911871,11.169,58.13,1.8245,-2.6508,5.7338,0.00997,0.01705,0.01476,17.443640529953356,78.37785476024668,3.5,0
35.145,199.247,235.904,17.44363295125748,78.37787611887038,11.164,58.14,2.7403,0.7164,14.2072,0.02803,0.02212,-0.03116,17.44361695125734,78.37788055372873,3.5,0
35.165,199.365,236.094,17.443634665278132,78.37787722771827,11.159,58.15,-2.0335,1.8385,6.2456,0.04215,0.00971,-0.01629,17.443628150056963,78.37789489056459,3.5,0
35.185,199.483,236.283,17.44363637877352,78.37787833566335,11.154,58.16,0.2489,-2.4135,11.0933,-0.01238,-0.03426,-0.03106,17.44364283199114,78.37788752064576,3.5,0
35.205,199.6,236.473,17.443638091744468,78.37787944270666,11.149,58.18,4.0397,-1.4936,10.9547,0.02598,-0.00607,0.00563,17.443611992931846,78.37786388663201,3.5,0
35.225,199.718,236.662,17.44363980419192,78.3778805488493,11.144,58.19,-0.8084,3.1929,6.352,0.01754,0.0056,-0.04437,17.44363342538355,78.37789994781743,3.5,0
35.245,199.835,236.852,17.443641516116944,78.37788165409249,11.139,58.2,-2.1654,-0.9652,14.197,0.02596,-0.01604,0.07028,17.443647354600873,78.37788229987005,3.5,0
35.265,199.953,237.041,17.443643227520724,78.37788275843747,11.134,58.22,2.2792,-2.7753,5.67,0.04191,-0.03345,-0.02744,17.443640601188516,78.37790393327019,3.5,0
35.285,200.07,237.23,17.44364493840457,78.37788386188558,11.129,58.23,-0.2129,-0.7974,8.065,0.03204,0.02907,-0.04236,17.44364228583147,78.3778473153039,3.5,0
35.305,200.187,237.419,17.443646648769914,78.37788496443825,11.124,58.24,-3.3186,0.9475,9.8361,-0.02299,-0.007,0.06458,17.44366234093472,78.37784855209037,3.5,0
35.325,200.304,237.608,17.4436483586183,78.37788606609699,11.119,58.26,2.0261,-2.7008,7.2164,0.003,0.02009,-0.02449,17.44363198153793,78.37787718224949,3.5,0
35.345,200.421,237.798,17.443650067951406,78.37788716686336,11.114,58.27,2.8158,-0.4821,13.8782,-0.01452,0.03711,0.00239,17.443632062661756,78.37788125759943,3.5,0
35.365,200.538,237.987,17.44365177677102,78.377888266739,11.109,58.28,-2.1786,2.0212,5.2964,0.00647,-0.00122,0.04346,17.443635010500827,78.3779034426673,3.5,0
35.385,200.654,238.175,17.443653485079054,78.37788936572566,11.104,58.29,-0.8553,-1.6744,13.0644,0.04275,0.00838,-0.02684,17.443668268542307,78.37790373824032,3.5,0
35.405,200.771,238.364,17.44365519287754,78.37789046382512,11.099,58.31,3.4037,-2.5406,8.5491,0.0158,0.02326,-0.04239,17.44364763180976,78.37791812322374,3.5,0
35.425,200.887,238.553,17.443656900168627,78.37789156103925,11.094,58.32,0.4217,2.7557,8.4177,0.00386,0.00372,-0.02398,17.44367437364123,78.37789094756974,3.5,0
35.445,201.004,238.742,17.44365860695459,78.37789265737001,11.09,58.33,-2.9391,-0.3134,13.1443,-0.01359,0.01351,-0.03107,17.443670488669387,78.37789368493554,3.5,0
35.465,201.12,238.931,17.44366031323781,78.37789375281942,11.085,58.35,2.3815,-3.1888,5.287,-0.00507,0.02598,0.07701,17.443672198523196,78.37788552915804,3.5,0
35.485,201.236,239.119,17.443662019020802,78.37789484738957,11.08,58.36,1.6887,0.5701,13.8762,0.02376,-0.02567,0.01491,17.443651605888753,78.37790609782904,3.5,0
35.505,201.353,239.308,17.443663724306187,78.37789594108263,11.075,58.37,-3.3579,1.8844,7.152,-0.01495,0.04487,-0.00126,17.443654101260982,78.37790234248122,3.5,0
35.525,201.469,239.496,17.443665429096715,78.37789703390084,11.07,58.39,-0.1284,-1.7191,10.0237,0.03172,0.0174,0.00831,17.44370770927226,78.37789027474932,3.5,0
35.545,201.585,239.685,17.443667133395238,78.3778981258465,11.066,58.4,3.3057,-0.688,11.8376,0.0175,0.01529,-0.03317,17.44368789319774,78.37790103702797,3.5,0
35.565,201.7,239.873,17.44366883720474,78.37789921692202,11.061,58.41,-1.5287,2.1736,5.8948,-0.02196,0.01376,0.00038,17.44369626094234,78.37788062839418,3.5,0
35.585,201.816,240.062,17.44367054052831,78.37790030712983,11.056,58.43,-2.3306,-0.6052,14.2435,0.03066,0.04496,-0.00905,17.44364151583759,78.37787691715877,3.5,0
35.605,201.932,240.25,17.443672243369164,78.37790139647248,11.051,58.44,2.4262,-2.7913,5.8635,-0.02514,-0.01496,0.0147,17.443670847292182,78.37790974296392,3.5,0
35.625,202.048,240.438,17.443673945730623,78.37790248495254,11.047,58.45,0.9783,2.3165,11.9343,-0.03098,0.02178,-0.0178,17.443689691111054,78.3779039354257,3.5,0
35.645,202.163,240.627,17.443675647616132,78.37790357257272,11.042,58.46,-3.5932,1.3683,9.8373,0.01426,0.0357,-0.02133,17.44369257890388,78.3778907894974,3.5,0
35.665,202.278,240.815,17.44367734902924,78.37790465933571,11.038,58.48,1.3699,-4.1743,7.4306,0.02032,0.03511,-0.04773,17.443694381232934,78.37791857716621,3.5,0
35.685,202.394,241.003,17.44367904997362,78.37790574524435,11.033,58.49,2.9973,-0.5776,13.6834,-0.005,0.02794,0.07091,17.443690104511653,78.37788704983281,3.5,0
35.705,202.509,241.191,17.443680750453055,78.37790683030148,11.028,58.5,-2.6499,2.804,5.2538,-0.01422,0.00253,0.00867,17.443687646266813,78.37791098036263,3.5,0
35.725,202.624,241.379,17.44368245047144,78.37790791451008,11.024,58.52,-1.5412,-1.6383,13.6762,-0.00297,0.02416,-0.02657,17.443691134751795,78.3779149865561,3.5,0
35.745,202.739,241.567,17.443684150032777,78.37790899787313,11.019,58.53,2.9776,-2.6279,7.3844,0.00726,0.02828,-0.01613,17.4436972126158,78.37792695636543,3.5,0
35.766,202.854,241.755,17.44368584914119,78.37791008039373,11.015,58.54,0.4184,1.9112,10.012,0.00328,0.01512,-0.02757,17.443681212455004,78.37791484570172,3.5,0
35.786,202.969,241.943,17.443687547800906,78.37791116207501,11.01,58.56,-2.393,-0.2339,11.656,-0.0133,-0.00094,0.05983,17.443708514499548,78.3779182661983,3.5,0
35.806,203.084,242.131,17.443689246016262,78.37791224292017,11.006,58.57,0.8697,-3.0839,6.174,-0.02399,0.00897,0.00067,17.443705057960535,78.3779578324453,3.5,0
35.826,203.199,242.318,17.443690943791715,78.3779133229325,11.002,58.58,2.6839,1.1979,14.1994,-0.00655,0.01091,-0.02194,17.443690857715822,78.3779284086256,3.5,0
35.846,203.313,242.506,17.443692641131822,78.37791440211532,10.997,58.59,-2.4576,2.6075,5.4756,-0.01906,-0.00452,0.03268,17.44369483478253,78.37790295168357,3.5,0
35.866,203.428,242.694,17.44369433804124,78.37791548047205,10.993,58.61,-0.78,-1.125,12.9682,0.00983,0.02558,-0.09314,17.443691090967757,78.37791607935165,3.5,0
35.886,203.542,242.881,17.443696034524756,78.37791655800616,10.989,58.62,3.4308,-1.6267,8.3096,0.02403,0.01463,-0.00344,17.443681530250764,78.37793209523088,3.5,0
35.906,203.656,243.069,17.44369773058724,78.37791763472116,10.984,58.63,-0.3186,2.7006,9.1972,-0.01047,0.04529,-0.03067,17.44370480749584,78.37790812046185,3.5,0
35.926,203.771,243.257,17.44369942623368,78.37791871062066,10.98,58.65,-3.008,1.1331,12.2216,0.01956,-0.0064,-0.01896,17.44372543675825,78.37793089501658,3.5,0
35.946,203.885,243.444,17.44370112146918,78.37791978570829,10.976,58.66,1.4265,-2.8925,5.9388,0.03299,0.01387,0.01034,17.443691687372667,78.37788884139876,3.5,0
35.966,203.999,243.631,17.44370281629892,78.37792085998778,10.972,58.67,2.9972,0.3169,14.2435,-0.01301,0.03757,-0.0355,17.443718156854104,78.37792761100208,3.5,0
35.986,204.113,243.819,17.443704510728207,78.3779219334629,10.968,58.69,-2.4025,2.7012,5.496,0.00825,-0.00143,0.01178,17.44372253256149,78.3779204098197,3.5,0
36.006,204.227,244.006,17.443706204762442,78.37792300613748,10.964,58.7,-0.3603,-1.3632,13.1054,0.00147,-0.01572,-0.03156,17.443713376192886,78.37791574300883,3.5,0
36.026,204.341,244.194,17.443707898407133,78.37792407801543,10.96,58.71,3.2797,-2.2575,7.9364,-0.02146,0.02176,-0.0434,17.44369900831627,78.37790315264603,3.5,0
36.046,204.454,244.381,17.443709591667883,78.37792514910066,10.956,58.73,-0.0877,1.9206,9.8303,0.00109,-0.02524,-0.02376,17.443714508885314,78.37793928912686,3.5,0
36.066,204.568,244.568,17.443711284550396,78.37792621939722,10.952,58.74,-3.5732,0.6624,11.4648,-0.00776,0.02335,0.02066,17.44369306894831,78.37793731355104,3.5,0
36.086,204.682,244.755,17.443712977060482,78.37792728890918,10.948,58.75,0.6612,-2.6877,6.6101,-0.00979,-0.02908,0.01714,17.44369795527707,78.37792413356283,3.5,0
36.106,204.795,244.942,17.443714669204038,78.37792835764061,10.944,58.76,2.2142,0.3045,13.8908,-0.00386,0.01634,-0.01312,17.443726647841046,78.37792384864352,3.5,0
36.126,204.909,245.13,17.443716360987068,78.37792942559574,10.94,58.78,-1.9434,1.8984,5.2649,-0.00908,0.03531,1e-05,17.443723454622614,78.37792942666502,3.5,0
36.146,205.022,245.317,17.443718052415672,78.37793049277879,10.936,58.79,-1.4834,-0.683,14.0209,0.0277,0.0104,0.04954,17.44369812549472,78.3779117167426,3.5,0
36.166,205.135,245.504,17.44371974349604,78.37793155919402,10.933,58.8,2.4335,-2.7509,6.2896,-0.04027,0.01549,0.02943,17.44369397477454,78.37796037593773,3.5,0
36.186,205.248,245.691,17.443721434234458,78.3779326248458,10.929,58.82,1.3691,1.6845,12.0481,-0.01721,0.00584,-0.02073,17.4437458257402,78.37793657566851,3.5,0
36.206,205.362,245.878,17.44372312463731,78.37793368973851,10.925,58.83,-3.2121,0.984,8.9096,-0.00034,0.0417,-0.05804,17.443726507469716,78.37790389965042,3.5,0
36.226,205.475,246.065,17.44372481471107,78.37793475387659,10.922,58.84,0.4479,-1.6914,9.1367,-0.01543,-0.00031,0.01946,17.44371830093752,78.37798102001504,3.5,0
36.246,205.587,246.251,17.4437265044623,78.37793581726456,10.918,58.86,3.9226,-0.8677,11.7705,0.01518,0.04407,-0.01461,17.44371868883503,78.3779369694525,3.5,0
36.266,205.7,246.438,17.443728193897662,78.37793687990693,10.914,58.87,-0.6889,2.2227,6.6098,0.00693,0.02102,-0.05893,17.44373765175024,78.37795316436534,3.5,0
36.286,205.813,246.625,17.4437298830239,78.37793794180831,10.911,58.88,-2.6906,0.0156,13.7286,-0.00143,0.02256,0.00296,17.44373235217938,78.37794158268193,3.5,0
36.306,205.926,246.812,17.44373157184784,78.37793900297335,10.907,58.89,1.8349,-2.6634,5.344,0.00332,0.03475,0.01264,17.443733224151217,78.37794281534765,3.5,0
36.326,206.038,246.999,17.443733260376415,78.37794006340675,10.904,58.91,1.4616,0.6159,14.2389,0.00042,-0.00224,-0.03078,17.443700126383746,78.37792732486676,3.5,0
36.346,206.151,247.185,17.443734948616626,78.37794112311323,10.901,58.92,-2.755,2.6272,5.5505,-0.01947,0.02083,0.0456,17.44376116752391,78.37798313084733,3.5,0
36.366,206.263,247.372,17.44373663657557,78.37794218209758,10.897,58.93,-1.3755,-2.1161,13.3956,0.01392,-0.00692,-0.00339,17.443758842695473,78.37793314925952,3.5,0
36.386,206.376,247.559,17.44373832426042,78.37794324036466,10.894,58.95,2.7794,-2.4974,6.8952,-0.02257,0.0476,0.00837,17.443742067590925,78.37793341740246,3.5,0
36.406,206.488,247.745,17.443740011678436,78.37794429791931,10.891,58.96,0.8098,1.0934,11.6828,0.00328,0.01465,-0.03761,17.443758084911465,78.37793859663728,3.5,0
36.426,206.6,247.932,17.443741698836963,78.37794535476647,10.888,58.97,-2.5823,1.4122,10.1916,0.00603,0.02549,-0.00064,17.44377450154839,78.37794213210144,3.5,0
36.446,206.713,248.118,17.443743385743424,78.3779464109111,10.885,58.99,0.0876,-1.9413,9.6928,-0.00761,0.05702,-0.01658,17.443737532968466,78.37794431882998,3.5,0
36.466,206.825,248.305,17.44374507240532,78.3779474663582,10.882,59.0,3.0757,-0.5907,10.7678,-0.00962,0.03543,0.06194,17.44374390649493,78.37794845108992,3.5,0
36.486,206.937,248.492,17.44374675883023,78.37794852111281,10.879,59.01,-0.463,2.5239,7.8776,-0.00942,0.01249,-0.01823,17.44374741969022,78.37793652465324,3.5,0
36.506,207.049,248.678,17.443748445025815,78.37794957518005,10.876,59.03,-2.7159,1.0064,12.3727,-0.03158,0.0645,-0.00827,17.44372925953594,78.37795547716615,3.5,0
36.526,207.16,248.864,17.443750130999806,78.37795062856503,10.873,59.04,0.9682,-3.0291,6.5187,0.03754,-0.00761,-0.04115,17.443732601727152,78.37796731861619,3.5,0
36.546,207.272,249.051,17.443751816760013,78.37795168127292,10.87,59.05,4.1997,0.5417,15.6113,0.01534,0.00457,0.04076,17.443759787333228,78.37793309203619,3.5,0
36.566,207.384,249.237,17.443753502314316,78.37795273330892,10.867,59.06,-1.5841,2.637,5.6808,0.00483,0.01836,-0.01932,17.44375778157725,78.37799023302652,3.5,0
36.586,207.496,249.424,17.44375518767067,78.37795378467827,10.864,59.08,-2.3985,-0.6123,14.053,-0.01299,-0.00022,-0.04663,17.44378774472023,78.37791809549074,3.5,0
36.606,207.607,249.61,17.443756872837103,78.37795483538626,10.862,59.09,2.5264,-3.004,5.2972,-0.00134,0.0179,0.01559,17.443762177047386,78.37795287985598,3.5,0
36.626,207.719,249.796,17.443758557821706,78.37795588543821,10.859,59.1,2.5646,1.0181,14.2359,-0.00822,-0.00297,0.0169,17.44379172290598,78.37794837981922,3.5,0
36.646,207.83,249.983,17.443760242632642,78.37795693483946,10.856,59.12,-1.7965,2.5415,5.2479,0.03385,0.01276,-0.02394,17.443731130773813,78.37796501783237,3.5,0
36.666,207.942,250.169,17.443761927278143,78.3779579835954,10.854,59.13,-1.7678,-0.9062,14.1674,-0.03613,-0.00454,-0.04187,17.443750620370537,78.3779567867455,3.5,0
36.686,208.053,250.355,17.443763611766506,78.37795903171141,10.851,59.14,2.4662,-2.3213,5.3951,-0.02741,-0.00704,-0.00806,17.443765874985452,78.37794266519059,3.5,0
36.706,208.164,250.542,17.44376529610609,78.377960079193,10.849,59.16,2.1648,1.219,13.9853,-0.03115,0.03349,-0.02069,17.4437838848009,78.37796757431057,3.5,0
36.726,208.275,250.728,17.44376698030532,78.3779611260456,10.846,59.17,-2.9614,1.9211,5.6007,0.0165,0.02733,-0.01704,17.44376210820256,78.377972688329,3.5,0
36.746,208.386,250.914,17.443768664372683,78.37796217227475,10.844,59.18,-1.484,-2.0786,13.7838,-0.01297,-0.00264,0.00884,17.443781938506845,78.37796357118242,3.5,0
36.766,208.497,251.101,17.443770348316725,78.37796321788596,10.842,59.19,2.9075,-2.5129,5.7742,0.01124,0.0099,0.01379,17.443792166294767,78.37795587377315,3.5,0
36.786,208.608,251.287,17.44377203214605,78.37796426288483,10.84,59.21,1.6988,1.2282,13.6445,0.00051,0.04354,-0.0041,17.443794576915607,78.37799511209124,3.5,0
36.806,208.719,251.473,17.443773715869327,78.37796530727694,10.837,59.22,-2.6501,2.2702,5.8625,0.02105,0.01649,-0.04145,17.44380713818118,78.37800773139976,3.5,0
36.826,208.83,251.659,17.44377539949527,78.37796635106788,10.835,59.23,-2.1542,-1.6286,13.612,0.01921,-0.00084,-0.06879,17.443751195508458,78.37794846764244,3.5,0
36.846,208.941,251.845,17.443777083032657,78.37796739426335,10.833,59.25,2.7325,-1.5089,5.8377,0.00464,0.00795,-0.00648,17.44377047612629,78.37799354986086,3.5,0
36.866,209.052,252.032,17.443778766490315,78.377968436869,10.831,59.26,1.8548,0.7469,13.6937,0.01933,0.01195,-0.06705,17.443813876669076,78.3779884545852,3.5,0
36.886,209.162,252.218,17.443780449877128,78.3779694788905,10.829,59.27,-2.4716,1.4996,5.7086,-0.02121,-0.00702,-0.02676,17.443767873249406,78.37798696809575,3.5,0
36.906,209.273,252.404,17.443782133202024,78.3779705203336,10.828,59.29,-1.9856,-1.3256,13.8671,-0.04291,0.01815,0.00269,17.44377235699185,78.37794142294337,3.5,0
36.926,209.384,252.59,17.443783816473992,78.37797156120403,10.826,59.3,4.7021,-0.9426,10.1527,0.00953,0.02153,0.00215,17.443783511765925,78.3779739392268,3.5,0
36.946,209.494,252.776,17.443785499702056,78.37797260150755,10.824,59.31,1.7757,1.1331,14.0756,4e-05,0.03054,-0.01081,17.443812182838812,78.37800131181356,3.5,0
36.966,209.604,252.962,17.443787182895292,78.37797364124994,10.822,59.33,-1.8851,2.71,5.3011,-0.01457,0.01205,-0.00337,17.443771618480554,78.37795236325256,3.5,0
36.986,209.715,253.149,17.443788866062825,78.377974680437,10.821,59.34,-1.8243,-0.504,14.2183,-0.00345,-0.00189,0.00772,17.443768023156572,78.37798321558336,3.5,0
37.006,209.825,253.335,17.443790549213816,78.37797571907454,10.819,59.35,2.137,-3.4302,5.235,-0.03452,0.02078,-0.04725,17.44378022629808,78.3779636882542,3.5,0
37.026,209.935,253.521,17.443792232357477,78.37797675716841,10.818,59.36,3.3514,0.2062,14.1674,-0.01259,0.01998,-0.03649,17.44381384502171,78.37800346925424,3.5,0
37.046,210.046,253.707,17.443793915503054,78.37797779472446,10.816,59.38,-2.1639,2.8304,5.4584,0.02923,-0.00312,0.00984,17.44379983451661,78.3780088639843,3.5,0
37.066,210.156,253.893,17.443795598659836,78.37797883174855,10.815,59.39,-2.1816,0.0606,13.7309,0.01807,0.02573,0.00434,17.44375577687348,78.3779939320901,3.5,0
37.086,210.266,254.079,17.44379728183715,78.37797986824656,10.813,59.4,3.2304,-0.4024,10.225,0.01916,0.04492,-0.01594,17.443799114285916,78.3779801504202,3.5,0
37.106,210.376,254.266,17.44379896504435,78.37798090422437,10.812,59.42,3.0052,0.0442,13.1046,-0.00534,0.04031,0.02297,17.443795310594055,78.37797908166368,3.5,0
37.126,210.486,254.452,17.443800648290846,78.37798193968791,10.811,59.43,-0.1083,2.6,7.4341,0.01394,-0.01815,0.03615,17.443811869303843,78.37797957847303,3.5,0
37.146,210.596,254.638,17.44380233158606,78.37798297464309,10.81,59.44,-3.0764,0.4768,11.147,0.03128,0.0346,-0.02715,17.44380339033055,78.37797990055368,3.5,0
37.166,210.706,254.824,17.443804014939456,78.37798400909584,10.809,59.46,0.4427,-2.8399,9.3142,0.02157,0.01211,0.02277,17.443807764041424,78.37798280825915,3.5,0
37.186,210.815,255.01,17.443805698360524,78.37798504305209,10.808,59.47,3.4733,-1.8509,9.0554,0.01682,-6e-05,-0.01584,17.443804941660897,78.37800257805223,3.5,0
37.206,210.925,255.196,17.443807381858793,78.3779860765178,10.807,59.48,2.602,4.7546,17.6092,-0.04659,-0.04368,-0.05903,17.443791988479795,78.37797481251518,3.5,0
37.226,211.035,255.383,17.443809065443805,78.37798710949892,10.806,59.5,-2.5171,2.1037,6.9063,0.01432,0.02355,2e-05,17.44381355355231,78.37800379804582,3.5,0
37.246,211.144,255.569,17.443810749125138,78.3779881420014,10.805,59.51,-0.988,-2.1624,13.4226,-0.00348,0.02631,0.02546,17.443800512971663,78.37804226945578,3.5,0
37.266,211.254,255.755,17.443812432912395,78.37798917403121,10.804,59.52,2.0611,-2.7845,5.4372,-0.01831,0.0014,-0.02361,17.44381386697628,78.37799477242342,3.5,0
37.286,211.364,255.941,17.443814116815194,78.37799020559433,10.804,59.53,2.9684,1.0602,14.2238,0.01421,-0.00719,0.03177,17.44384493852364,78.37800309241597,3.5,0
37.306,211.473,256.128,17.443815800843176,78.37799123669673,10.803,59.55,-2.3416,2.8561,5.4752,0.00276,0.0049,-0.01073,17.443805132792175,78.37796264761283,3.5,0
37.326,211.583,256.314,17.44381748500601,78.37799226734438,10.802,59.56,-2.2948,0.3147,13.2324,0.01061,0.02521,0.01661,17.44381553477406,78.37800022237808,3.5,0
37.346,211.692,256.5,17.443819169313375,78.37799329754328,10.802,59.57,1.473,-2.6278,7.4339,-0.01091,0.03746,0.01753,17.443817048201108,78.3779896430969,3.5,0
37.366,211.801,256.686,17.44382085377497,78.37799432729939,10.801,59.59,2.9252,-0.5418,10.4553,-0.02642,-0.00545,-0.00288,17.44380797446523,78.3780166033031,3.5,0
37.386,211.911,256.873,17.443822538400507,78.3779953566187,10.801,59.6,0.3633,2.3351,10.7295,0.04099,0.00207,0.05889,17.44383736698499,78.37802361481104,3.5,0
37.406,212.02,257.059,17.443824223199716,78.37799638550717,10.801,59.61,-3.3212,1.8334,7.0918,-0.02093,-0.00332,0.03764,17.443829651406563,78.37800270704756,3.5,0
37.426,212.129,257.245,17.443825908182333,78.3779974139708,10.8,59.63,-1.511,-1.8742,13.6182,-0.01002,0.00913,-0.05824,17.443842737387623,78.37798608622057,3.5,0
37.446,212.238,257.432,17.443827593358108,78.37799844201557,10.8,59.64,2.4099,-2.5928,5.2479,0.01925,0.00173,-0.06786,17.443791535484007,78.37798708729,3.5,0
37.466,212.347,257.618,17.4438292787368,78.37799946964743,10.8,59.65,3.0996,-0.7105,13.9511,0.02934,-0.00343,0.00847,17.443845325339915,78.37796968719258,3.5,0
37.486,212.457,257.805,17.44383096432818,78.37800049687235,10.8,59.66,-0.4991,2.6641,6.6235,0.00615,0.04051,-0.0717,17.443832874910846,78.37799377821156,3.5,0
37.506,212.566,257.991,17.44383265014201,78.3780015236963,10.8,59.68,-2.4426,0.8561,10.98,0.01967,-0.02402,-0.00682,17.443839694617306,78.37799258593908,3.5,0
37.526,212.675,258.178,17.44383433618807,78.37800255012522,10.8,59.69,-0.3894,-2.8885,10.6446,0.01197,-0.01111,0.02625,17.443831685123783,78.3780268152349,3.5,0
37.546,212.784,258.364,17.44383602247614,78.37800357616506,10.8,59.7,3.0811,-2.5157,6.7769,-0.0169,0.00879,0.01058,17.443823829567418,78.37802948470168,3.5,0
37.566,212.893,258.551,17.443837709016,78.37800460182174,10.8,59.72,1.3441,1.5289,13.9606,-0.02128,0.02408,-0.02228,17.44384362270485,78.37804134466191,3.5,0
37.586,213.001,258.737,17.443839395817427,78.37800562710123,10.801,59.73,-2.1796,2.8197,5.3077,0.02168,0.03141,0.0308,17.443829888771024,78.37799392498584,3.5,0
37.606,213.11,258.924,17.443841082890202,78.3780066520094,10.801,59.74,-2.378,0.2687,13.0158,0.0141,0.00753,-0.01196,17.443840900636747,78.37799549342556,3.5,0
37.626,213.219,259.11,17.443842770244096,78.37800767655219,10.801,59.76,1.2235,-2.5045,8.5761,0.05659,0.02102,-0.00291,17.443845996585374,78.37799156848266,3.5,0
37.646,213.328,259.297,17.44384445788888,78.37800870073546,10.802,59.77,4.5786,0.6255,14.1068,-0.01514,-0.02742,-0.0142,17.443843640419278,78.37803951618936,3.5,0
37.666,213.437,259.484,17.44384614583431,78.3780097245651,10.802,59.78,1.3468,2.0897,13.3035,0.00197,-0.00674,0.01317,17.443837718771455,78.37802405870485,3.5,0
37.686,213.545,259.67,17.443847834090146,78.37801074804699,10.803,59.8,-2.1602,2.7081,5.2274,0.00364,-0.00496,-0.03766,17.443863161719797,78.37804166869431,3.5,0
37.706,213.654,259.857,17.44384952266613,78.37801177118698,10.803,59.81,-2.5465,-0.5729,13.477,-0.02634,0.0302,-0.00829,17.44383414511596,78.37802011299601,3.5,0
37.726,213.763,260.044,17.443851211571996,78.37801279399086,10.804,59.82,0.3888,-2.0022,8.1988,-0.00927,0.01919,0.01245,17.443832170157567,78.3780365074481,3.5,0
37.746,213.871,260.231,17.44385290081746,78.3780138164645,10.805,59.83,3.4945,-1.553,8.359,0.01166,0.01073,0.05559,17.443825955559042,78.3780095389859,3.5,0
37.766,213.98,260.418,17.443854590412233,78.37801483861367,10.806,59.85,1.4799,1.3066,13.4631,0.01147,0.01119,0.01475,17.443818728567702,78.37801798617889,3.5,0
37.786,214.088,260.605,17.443856280366,78.37801586044414,10.806,59.86,-1.997,2.2289,5.2448,-0.01107,0.0033,-0.06835,17.443853299782596,78.37800462865606,3.5,0
37.806,214.197,260.792,17.44385797068843,78.37801688196168,10.807,59.87,-2.5781,0.4839,12.8735,-0.00124,0.01265,0.01212,17.44385188142491,78.37801923689594,3.5,0
37.826,214.305,260.979,17.443859661389183,78.37801790317205,10.808,59.89,0.2692,-2.527,9.4559,0.0409,0.01079,-0.02036,17.443819133875344,78.37800694955013,3.5,0
37.846,214.414,261.166,17.44386135247788,78.37801892408093,10.809,59.9,3.0187,-1.4267,6.9222,0.00126,-0.00109,0.01878,17.443862117317316,78.37803276140973,3.5,0
37.866,214.522,261.353,17.443863043964146,78.37801994469403,10.811,59.91,2.2071,0.876,14.1605,-0.01086,-0.00175,-0.04594,17.44387534889649,78.37802156389311,3.5,0
37.886,214.63,261.54,17.443864735857552,78.37802096501703,10.812,59.93,-1.3536,2.4884,6.0103,0.04375,0.01171,-0.0325,17.44385514724222,78.37802901781512,3.5,0
37.906,214.739,261.727,17.443866428167667,78.37802198505555,10.813,59.94,-3.1658,1.4842,10.5608,0.00854,-0.0072,-0.01213,17.443864950094454,78.37804432089737,3.5,0
37.926,214.847,261.914,17.44386812090402,78.37802300481525,10.814,59.95,-0.8856,-1.5596,12.2544,-0.01508,0.02288,-0.01066,17.44387533763376,78.37802560536014,3.5,0
37.946,214.955,262.101,17.44386981407612,78.37802402430168,10.816,59.96,3.242,-2.5248,5.2682,0.02316,-0.0023,0.01826,17.4438599836187,78.3780204679807,3.5,0
37.966,215.063,262.289,17.44387150769344,78.37802504352044,10.817,59.98,3.2534,0.176,13.2815,-0.1015,-13.04165,0.01619,17.44386962320118,78.37800928873803,3.5,0
37.986,215.172,262.476,17.443873201765424,78.37802606247705,10.818,59.99,-0.1545,-14.8344,9.3492,-0.36786,-12.95067,-0.04188,17.443880621325533,78.37801857819306,3.5,0
38.006,215.273,262.651,17.44387478734774,78.3780270162163,10.126,59.99,-1.9988,-18.0595,14.2004,-0.46543,13.16479,0.00926,17.443873430085358,78.37801184503016,3.5,0
38.026,215.374,262.827,17.443876373132372,78.37802797141968,10.131,59.95,-0.2338,-1.8658,9.2538,-0.20344,13.09873,-0.03947,17.443880023201718,78.37805049504442,3.5,0
38.046,215.476,263.002,17.44387795911612,78.37802892808658,10.135,59.92,2.6001,-2.1924,5.2523,-0.01399,-0.01493,-0.07726,17.443880015821964,78.37803176612744,3.5,0
38.066,215.578,263.178,17.443879545295726,78.37802988621628,10.14,59.89,3.0781,-1.0387,10.3478,-0.02058,-0.00983,-0.1132,17.443888048974724,78.37805037108605,3.5,0
38.086,215.68,263.353,17.44388113166785,78.37803084580807,10.145,59.85,1.7698,1.7393,14.153,0.00347,0.01948,-0.00719,17.443855970594377,78.37803312453538,3.5,0
38.106,215.782,263.529,17.443882718229084,78.37803180686113,10.15,59.82,-0.3795,1.82,8.8758,-0.02341,0.01125,-0.06313,17.44388548350533,78.3780481726709,3.5,0
38.126,215.884,263.704,17.443884304975942,78.3780327693746,10.155,59.78,-3.377,3.6007,5.3099,-0.02557,-0.00604,-0.06689,17.443892065274113,78.37803648570511,3.5,0
38.146,215.986,263.88,17.44388589190487,78.37803373334759,10.159,59.75,-3.8831,0.5509,10.7867,0.01058,-0.01743,-0.02409,17.443891022362898,78.37803230972573,3.5,0
38.166,216.089,264.055,17.443887479012233,78.37803469877915,10.164,59.71,-2.6661,-1.1994,14.0428,-0.00301,0.01427,-0.08319,17.443910361577277,78.37805454026132,3.5,0
38.186,216.192,264.231,17.44388906629434,78.37803566566825,10.169,59.68,0.2927,-2.4562,8.3472,0.00151,-0.02852,-0.06,17.443873005816947,78.37803317036241,3.5,0
38.206,216.294,264.406,17.44389065374741,78.37803663401384,10.174,59.64,3.0575,-2.3726,5.4744,-0.00364,-0.04045,-0.06498,17.44388724985784,78.37804036203073,3.5,0
38.226,216.397,264.582,17.443892241367607,78.3780376038148,10.178,59.61,3.7818,-0.2458,11.4006,0.046,0.02943,-0.04783,17.443921002640216,78.37805785491035,3.5,0
38.246,216.501,264.758,17.443893829151012,78.37803857506995,10.183,59.57,1.7276,1.1173,13.8009,0.00213,-0.00196,-0.02994,17.443907903715846,78.37800653998441,3.5,0
38.266,216.604,264.933,17.443895417093646,78.37803954777809,10.188,59.54,-0.8094,3.0083,7.6495,-0.00194,0.00299,-0.02057,17.44388229411653,78.37803969267438,3.5,0
38.286,216.707,265.109,17.44389700519145,78.3780405219379,10.192,59.5,-3.7461,2.3606,5.8133,0.00919,0.00938,-0.02835,17.443891332531265,78.3780742338003,3.5,0
38.306,216.811,265.284,17.443898593440306,78.37804149754808,10.197,59.47,-3.5337,0.9017,12.1702,0.0083,0.01958,-0.00589,17.443886654720718,78.37806899247043,3.5,0
38.326,216.915,265.46,17.443900181836018,78.37804247460724,10.202,59.43,-2.005,-1.4187,13.3209,0.02104,-0.0067,-0.06798,17.443883151521305,78.37805463412573,3.5,0
38.346,217.019,265.636,17.443901770374325,78.37804345311393,10.206,59.4,0.5967,-2.5353,6.8079,0.00516,0.00691,-0.03525,17.44388291522074,78.37803309033342,3.5,0
38.366,217.123,265.812,17.443903359050896,78.37804443306668,10.211,59.36,2.625,-2.2296,6.4428,0.01011,0.00712,-0.06025,17.44390056771445,78.37806473647116,3.5,0
38.386,217.227,265.987,17.44390494786134,78.37804541446393,10.215,59.33,2.4882,-0.2478,13.0223,0.01698,0.00137,-0.04936,17.44389074847905,78.37803242733413,3.5,0
38.406,217.331,266.163,17.44390653680119,78.37804639730408,10.22,59.29,-0.8195,1.0869,9.7264,0.02325,-0.02305,-0.05005,17.443923371838437,78.37805674421568,3.5,0
38.426,217.436,266.339,17.443908125865917,78.37804738158547,10.224,59.26,-1.4567,3.3651,5.9537,-0.00729,0.00918,-0.08835,17.443907391700897,78.37806343037538,3.5,0
38.446,217.54,266.514,17.44390971505092,78.37804836730642,10.229,59.22,-3.7714,1.8615,7.5044,-0.02806,0.01441,-0.03948,17.443906329554082,78.37807917415722,3.5,0
38.466,217.645,266.69,17.44391130435154,78.37804935446516,10.233,59.19,-2.8366,-0.3732,13.8011,-0.03165,0.00568,-0.04298,17.443920001141773,78.37806193219538,3.5,0
38.486,217.75,266.866,17.443912893763045,78.37805034305987,10.238,59.15,0.0597,-1.7747,11.156,0.0117,-0.00565,-0.04511,17.443912409886753,78.37805994757896,3.5,0
38.506,217.855,267.042,17.443914483280643,78.37805133308869,10.242,59.12,1.3685,-2.5893,5.3185,0.00593,0.01264,-0.05506,17.443923602932603,78.37804920502695,3.5,0
38.526,217.961,267.218,17.443916072899476,78.37805232454971,10.247,59.08,1.9358,-0.9868,9.0892,-0.02491,0.01633,-0.1102,17.44391373057238,78.37803811870491,3.5,0
38.546,218.066,267.393,17.443917662614627,78.37805331744096,10.251,59.05,1.9355,0.5672,14.1907,0.00164,0.01964,-0.0414,17.443904677284596,78.37803908108627,3.5,0
38.566,218.172,267.569,17.443919252421104,78.3780543117604,10.255,59.01,0.0652,1.979,9.3358,-0.00707,0.03359,-0.02797,17.443905793126696,78.3780547624622,3.5,0
38.586,218.278,267.745,17.443920842313865,78.37805530750596,10.26,58.98,-1.9304,2.5679,5.2833,-0.01408,0.01232,0.00578,17.443883238690784,78.3780739889581,3.5,0
38.606,218.383,267.921,17.443922432287795,78.37805630467552,10.264,58.94,-3.8915,0.8145,11.0955,-0.03502,0.01307,-0.03346,17.443930755748024,78.37802471569331,3.5,0
38.626,218.49,268.097,17.443924022337725,78.3780573032669,10.268,58.91,-1.7519,-1.2094,13.764,-0.00594,-0.00965,0.03573,17.443898003253366,78.37806911701846,3.5,0
38.646,218.596,268.273,17.44392561245842,78.37805830327785,10.272,58.87,0.4842,-2.8136,7.254,0.00899,-0.02297,-0.04375,17.44391557844163,78.37808297705148,3.5,0
38.666,218.702,268.449,17.443927202644588,78.37805930470608,10.277,58.84,2.6236,-1.7703,6.2894,0.03769,0.02211,-0.03774,17.44393377358488,78.3780584146183,3.5,0
38.686,218.809,268.624,17.443928792890873,78.37806030754928,10.281,58.8,6.5135,3.5721,22.3795,-0.02526,0.02624,-0.05068,17.443903439385803,78.37800563663467,3.5,0
38.706,218.915,268.8,17.44393038319186,78.37806131180503,10.285,58.77,0.0512,2.2213,12.1252,-0.00711,0.02778,-0.05986,17.443934882368247,78.37805351865568,3.5,0
38.726,219.022,268.976,17.443931973542078,78.3780623174709,10.289,58.73,-1.8958,3.0315,5.5827,0.03416,-0.00738,-0.02674,17.443918595589476,78.37805722338952,3.5,0
38.746,219.129,269.152,17.443933563935996,78.37806332454439,10.293,58.7,-3.2396,1.899,8.5768,0.02141,-0.00455,-0.00604,17.443942049774076,78.37805865854801,3.5,0
38.766,219.236,269.328,17.443935154368024,78.37806433302295,10.297,58.66,-2.1766,-0.502,14.192,0.01785,-0.02032,-0.02834,17.443938121350357,78.37804062139118,3.5,0
38.786,219.343,269.504,17.443936744832513,78.378065342904,10.301,58.63,-0.0722,-2.1275,9.3153,0.00172,-0.02949,-0.03723,17.443922149185777,78.37805976284152,3.5,0
38.806,219.451,269.68,17.443938335323757,78.37806635418485,10.305,58.59,2.4154,-2.6978,5.3676,0.01825,-0.00083,-0.05458,17.443960285404174,78.37808867343077,3.5,0
38.826,219.558,269.856,17.443939925836006,78.37806736686284,10.309,58.56,2.7123,-0.0148,11.6845,-0.01433,0.02938,-0.04501,17.44396810973769,78.37803346538773,3.5,0
38.846,219.666,270.032,17.443941516363434,78.37806838093519,10.313,58.52,1.286,1.684,13.3117,-0.0175,-0.00131,-0.04451,17.443929098033554,78.3780657619837,3.5,0
38.866,219.774,270.208,17.44394310690017,78.3780693963991,10.317,58.49,-1.6959,2.4422,6.352,-0.03021,0.03786,-0.03625,17.443944121413068,78.37806605326698,3.5,0
38.886,219.882,270.384,17.443944697440298,78.37807041325172,10.321,58.45,-3.0916,2.1754,7.4836,0.00027,0.00767,-0.0406,17.443950561032416,78.37807659156707,3.5,0
38.906,219.99,270.559,17.443946287977834,78.37807143149014,10.325,58.42,-2.9815,-0.5416,14.0132,0.01439,-0.00729,-0.07092,17.443970415035714,78.37808796472788,3.5,0
38.926,220.098,270.735,17.44394787850674,78.37807245111142,10.328,58.38,-0.243,-1.9585,10.1029,0.00888,0.00456,-0.00103,17.44392058132324,78.37807112309333,3.5,0
38.946,220.207,270.911,17.44394946902094,78.37807347211252,10.332,58.35,2.147,-1.5667,5.2667,0.03562,0.02294,0.01626,17.443960992234125,78.37810206450837,3.5,0
38.966,220.315,271.087,17.44395105951429,78.37807449449042,10.336,58.32,3.3314,-0.9992,11.3827,-0.01377,0.02347,-0.04457,17.443938001021642,78.37806370021245,3.5,0
38.986,220.424,271.263,17.443952649980606,78.37807551824199,10.34,58.28,1.1804,1.8686,13.3867,0.02324,0.01803,-0.04056,17.443946418352937,78.37810608828177,3.5,0
39.006,220.533,271.439,17.44395424041365,78.37807654336406,10.343,58.25,-2.3177,2.2596,6.2862,0.00408,-0.02925,-0.02506,17.44395761655046,78.37807351864274,3.5,0
39.026,220.642,271.615,17.443955830807127,78.37807756985345,10.347,58.21,-2.882,2.1949,7.7914,0.02216,-0.00085,-0.06564,17.443965101433214,78.37805970278356,3.5,0
39.046,220.751,271.791,17.443957421154703,78.37807859770689,10.351,58.18,-3.079,-0.7383,14.1514,0.00036,0.00771,-0.02785,17.443972444759176,78.37805542312299,3.5,0
39.066,220.86,271.967,17.443959011449987,78.37807962692109,10.354,58.14,-0.3747,-2.6103,9.3025,0.00105,0.00814,-0.05731,17.443942683776054,78.37809145338709,3.5,0
39.086,220.97,272.143,17.44396060168655,78.37808065749267,10.358,58.11,2.1391,-2.7774,5.5344,0.00669,0.00807,-0.05354,17.443967965274435,78.37806823231915,3.5,0
39.106,221.079,272.318,17.443962191857903,78.37808168941825,10.361,58.07,3.3078,-0.0175,12.4897,0.00198,0.00858,-0.08071,17.44397511271851,78.37808860095032,3.5,0
39.126,221.189,272.494,17.443963781957514,78.37808272269437,10.365,58.04,-0.1555,2.4971,12.301,0.03032,-0.0014,-0.05591,17.443949002464546,78.37809572423743,3.5,0
39.146,221.299,272.67,17.443965371978813,78.37808375731754,10.368,58.0,-0.9022,2.9349,5.433,-0.04155,-0.01732,-0.03688,17.443953779573178,78.37806828088196,3.5,0
39.166,221.409,272.846,17.443966961915176,78.3780847932842,10.371,57.97,-3.0448,1.1359,9.7565,-0.01166,-0.00483,0.00854,17.443963346192728,78.37809556934614,3.5,0
39.186,221.519,273.022,17.443968551759937,78.37808583059075,10.375,57.93,-2.0408,-0.4308,13.9787,-0.01112,-0.00379,-0.05062,17.443954048609836,78.37806368404374,3.5,0
39.206,221.629,273.198,17.443970141506384,78.37808686923357,10.378,57.9,0.7488,-2.9114,6.9632,0.02031,0.00164,-0.05837,17.44396562264365,78.37807065343057,3.5,0
39.226,221.74,273.373,17.443971731147762,78.37808790920894,10.381,57.86,2.9171,-2.7021,7.283,-0.00833,0.03412,-0.02945,17.44397155104951,78.37809951486457,3.5,0
39.246,221.851,273.549,17.443973320677276,78.37808895051315,10.385,57.83,2.4452,0.8079,14.1013,0.00035,0.00018,-0.00758,17.443979405932453,78.37810083944974,3.5,0
39.266,221.961,273.725,17.443974910088087,78.3780899931424,10.388,57.79,-0.2172,2.2389,9.1244,-0.00598,-0.01238,-0.00109,17.44399215436093,78.37809013179636,3.5,0
39.286,222.072,273.901,17.443976499373314,78.37809103709287,10.391,57.76,-2.7928,2.942,5.7619,0.01506,0.03465,-0.08548,17.443963687012953,78.37808304170306,3.5,0
39.306,222.183,274.077,17.443978088526038,78.37809208236068,10.394,57.72,-3.1331,0.1613,13.1639,-0.00121,-0.02922,-0.03997,17.443971907302195,78.37809366808813,3.5,0
39.326,222.294,274.252,17.443979677539293,78.3780931289419,10.397,57.69,-0.8457,-1.8482,11.1314,0.01861,-0.02155,0.01161,17.443989732148896,78.37810175102273,3.5,0
39.346,222.406,274.428,17.443981266406084,78.37809417683258,10.4,57.65,2.0326,-1.972,5.2427,0.02138,0.01636,-0.08064,17.44401710817165,78.37808597372283,3.5,0
39.366,222.517,274.604,17.44398285511937,78.3780952260287,10.403,57.62,2.7757,-1.091,11.7933,0.04076,-0.03732,-0.03674,17.44398249044111,78.37808214578362,3.5,0
39.386,222.629,274.779,17.443984443672075,78.37809627652621,10.406,57.58,1.2664,1.7614,12.5698,0.01903,-0.01198,-0.03487,17.44399019087695,78.37809560243447,3.5,0
39.406,222.74,274.955,17.443986032057083,78.37809732832098,10.409,57.55,-1.9683,2.8584,5.3855,0.01152,-0.00373,-0.08403,17.44398973468662,78.37812045251098,3.5,0
39.426,222.852,275.131,17.443987620267244,78.37809838140889,10.412,57.52,-4.6309,1.8683,10.4778,0.03846,-0.00952,-0.02685,17.44398397735922,78.37808315432949,3.5,0
39.446,222.964,275.306,17.443989208295374,78.37809943578576,10.415,57.48,-1.4873,-1.6979,13.4224,0.02488,-0.01367,-0.02475,17.44398038637494,78.37810872783956,3.5,0
39.466,223.076,275.482,17.443990796134248,78.37810049144733,10.418,57.45,1.4296,-2.9203,5.8118,0.00403,0.00573,-0.05966,17.444002880720817,78.37812633497097,3.5,0
39.486,223.188,275.658,17.443992383776617,78.37810154838932,10.42,57.41,2.9296,-1.106,9.4725,-0.00369,0.00461,-0.07903,17.444030493554823,78.37809370449402,3.5,0
39.506,223.301,275.833,17.44399397121519,78.37810260660744,10.423,57.38,1.3378,1.204,13.8508,0.02663,-0.00902,-0.00188,17.444009643590405,78.37812863834864,3.5,0
39.526,223.413,276.009,17.44399555844264,78.37810366609732,10.426,57.34,-1.1833,2.965,6.2235,-0.00539,-0.02298,-0.0769,17.443996474243733,78.3780592253987,3.5,0
39.546,223.526,276.184,17.443997145451622,78.37810472685453,10.428,57.31,-3.063,1.0581,8.8668,0.01071,-0.00232,-0.0004,17.443992600323227,78.37808976071238,3.5,0
39.566,223.639,276.36,17.443998732234743,78.37810578887465,10.431,57.27,-1.856,0.6052,16.0061,-0.02887,-0.00648,-0.03305,17.444004554314173,78.37812205312316,3.5,0
39.586,223.752,276.535,17.444000318784596,78.37810685215318,10.433,57.24,1.1785,-3.2218,6.4442,-0.00121,0.00826,-0.04897,17.444001941201922,78.37808439194362,3.5,0
39.606,223.865,276.711,17.444001905093728,78.3781079166856,10.436,57.2,2.5364,-1.6447,8.6798,0.03132,-0.0068,-0.00238,17.44399865894974,78.37812261900253,3.5,0
39.626,223.978,276.886,17.44400349115467,78.37810898246731,10.438,57.17,1.1034,1.2617,14.0323,-0.01819,-0.00247,-0.05177,17.44398940886635,78.3781155534906,3.5,0
39.646,224.091,277.062,17.444005076959918,78.37811004949374,10.441,57.13,-1.7952,3.6557,6.3916,0.01797,0.01932,-0.04444,17.444012670795356,78.3781284724124,3.5,0
39.666,224.205,277.237,17.444006662501945,78.37811111776023,10.443,57.1,-3.0909,1.1331,8.8987,-0.04083,0.03088,-0.02206,17.444035291289175,78.37808760924233,3.5,0
39.686,224.318,277.412,17.444008247773187,78.37811218726208,10.445,57.06,-1.6682,-0.3804,13.9153,0.02791,0.00808,-0.06297,17.44401368846022,78.37812402464594,3.5,0
39.706,224.432,277.588,17.444009832766067,78.37811325799456,10.448,57.03,1.4205,-2.391,6.0771,-0.01335,-0.02324,-0.03565,17.44399297039652,78.37810866050336,3.5,0
39.726,224.546,277.763,17.44401141747298,78.37811432995291,10.45,56.99,3.2495,-1.1269,9.5437,-0.00425,-0.02182,-0.0778,17.444001755295847,78.37813247606285,3.5,0
39.746,224.66,277.938,17.444013001886283,78.37811540313231,10.452,56.96,1.5271,1.1959,13.5636,0.03096,0.02536,-0.02409,17.44404915060888,78.37810434166104,3.5,0
39.766,224.774,278.113,17.44401458599833,78.37811647752793,10.454,56.93,-2.2466,3.1184,5.6129,-0.00493,0.00802,-0.06364,17.44400103189354,78.3781089805265,3.5,0
39.786,224.888,278.288,17.44401616980144,78.37811755313489,10.456,56.89,-3.2488,0.8996,10.6302,0.02122,-0.00156,-0.03391,17.44403585421235,78.37813532366248,3.5,0
39.806,225.003,278.464,17.444017753287905,78.37811862994825,10.458,56.86,-1.0787,-1.1959,12.7781,0.01665,0.02305,0.06106,17.44400430562104,78.37812293864275,3.5,0
39.826,225.117,278.639,17.444019336450012,78.37811970796307,10.46,56.82,2.5162,-2.6015,6.2911,0.02717,0.04794,-0.0661,17.444009598361003,78.37813119912471,3.5,0
39.846,225.232,278.814,17.444020919280014,78.37812078717435,10.462,56.79,3.3266,-0.5882,12.0481,0.02212,-0.00652,0.00644,17.44404126064262,78.37812806632779,3.5,0
39.866,225.346,278.989,17.444022501770146,78.37812186757706,10.464,56.75,0.636,2.0386,11.3512,7e-05,0.01814,-0.04544,17.44402962329165,78.37814152809635,3.5,0
39.886,225.461,279.164,17.444024083912627,78.37812294916615,10.466,56.72,-2.6688,2.2318,5.4233,0.02583,0.01891,-0.01799,17.444024410749588,78.37811463241248,3.5,0
39.906,225.576,279.339,17.444025665699655,78.37812403193652,10.468,56.68,-2.6248,0.4081,13.4652,0.00728,-0.02363,-0.01242,17.44401578922573,78.37810962173423,3.5,0
39.926,225.691,279.514,17.444027247123415,78.37812511588302,10.469,56.65,-0.0692,-2.225,9.2418,0.00705,0.00384,-0.02012,17.444048057064414,78.37811152362042,3.5,0
39.946,225.807,279.688,17.444028828176073,78.37812620100048,10.471,56.61,2.3907,-1.589,6.6231,0.03649,0.00781,-0.0355,17.44401857113288,78.37809441608687,3.5,0
39.966,225.922,279.863,17.444030408849777,78.37812728728372,10.473,56.58,2.0185,0.1031,14.217,0.00893,0.017,-0.09893,17.444012775400065,78.37812978595747,3.5,0
39.986,226.037,280.038,17.44403198913666,78.37812837472748,10.474,56.54,-1.5987,3.275,6.8735,-0.00051,0.0043,-0.01526,17.44404058034966,78.37812179915245,3.5,0
40.006,226.153,280.213,17.444033569028846,78.37812946332652,10.476,56.51,-3.6887,2.5989,9.0643,0.0357,-0.00641,-0.04139,,,,1
40.026,226.269,280.387,17.444035148518438,78.37813055307551,10.478,56.48,-1.7721,-1.6507,13.416,0.00316,-0.01146,-0.06397,,,,1
40.046,226.385,280.562,17.44403672759753,78.37813164396913,10.479,56.44,1.4794,-1.9119,5.3121,-0.01937,-0.00792,-0.06012,,,,1
40.066,226.501,280.737,17.444038306258207,78.37813273600202,10.48,56.41,2.7162,-0.6157,12.1647,-0.02871,-0.00345,-0.08359,,,,1
40.086,226.617,280.911,17.444039884492536,78.37813382916877,10.482,56.37,-0.6528,1.8336,10.6588,6e-05,0.00505,-0.03905,,,,1
40.106,226.733,281.086,17.444041462292578,78.37813492346399,10.483,56.34,-2.9686,2.294,5.9786,-0.00704,0.03232,-0.05706,,,,1
40.126,226.849,281.26,17.444043039650385,78.37813601888217,10.484,56.3,-2.6781,-0.0629,14.1592,0.02343,0.03808,-0.05327,,,,1
40.146,226.966,281.435,17.444044616557996,78.37813711541789,10.486,56.27,0.4691,-3.0208,6.9964,-0.00836,0.03257,-0.02124,,,,1
40.166,227.082,281.609,17.444046193007445,78.37813821306557,10.487,56.23,3.2275,-1.612,9.3515,-0.02308,-0.01411,-0.05198,,,,1
40.186,227.199,281.783,17.444047768990764,78.37813931181971,10.488,56.2,1.3966,2.0376,12.9774,0.00269,0.04779,-0.03613,,,,1
40.206,227.316,281.958,17.444049344499966,78.37814041167472,10.489,56.16,-3.2015,2.731,5.231,-0.02949,0.01318,-0.05523,,,,1
40.226,227.433,282.132,17.444050919527065,78.37814151262502,10.49,56.13,-3.4085,0.4037,13.3143,0.00364,-0.01992,-0.03734,,,,1
40.246,227.55,282.306,17.444052494064078,78.37814261466498,10.491,56.1,-0.1745,-2.4429,8.6758,0.00336,-0.00231,-0.06666,,,,1
40.266,227.667,282.48,17.444054068103004,78.37814371778893,10.492,56.06,2.5066,-1.5954,7.8182,-0.00425,0.01966,-0.08302,,,,1
40.286,227.784,282.654,17.44405564163585,78.3781448219912,10.493,56.03,1.7643,1.2751,13.7395,-0.02287,0.00458,-0.05433,,,,1
40.306,227.902,282.828,17.44405721465461,78.37814592726609,10.494,55.99,-2.3694,2.8965,5.3025,-0.01087,-0.01293,-0.05532,,,,1
40.326,228.019,283.002,17.444058787151285,78.37814703360789,10.494,55.96,-3.32,0.0289,12.8123,-0.00069,0.00229,-0.06084,,,,1
40.346,228.137,283.176,17.44406035911787,78.37814814101081,10.495,55.92,-0.8328,-1.9661,9.1536,-0.02261,0.00551,-0.03495,,,,1
40.366,228.254,283.35,17.44406193054637,78.3781492494691,10.496,55.89,3.1255,-2.0914,7.6381,0.01021,0.00281,-0.00425,,,,1
40.386,228.372,283.523,17.444063501428772,78.37815035897694,10.496,55.85,0.9189,1.9163,13.7129,0.0136,-0.00524,-0.0871,,,,1
40.406,228.49,283.697,17.44406507175708,78.37815146952853,10.497,55.82,-2.3579,2.6793,5.2582,0.00497,-0.00989,-0.02314,,,,1
40.426,228.608,283.871,17.444066641523296,78.37815258111802,10.498,55.79,-3.0059,0.2725,13.248,-0.0123,-0.0006,0.00378,,,,1
40.446,228.726,284.044,17.444068210719426,78.37815369373952,10.498,55.75,0.845,-2.7998,8.2626,-0.00194,0.00877,-0.02162,,,,1
40.466,228.845,284.218,17.444069779337475,78.37815480738715,10.498,55.72,2.4322,-1.9588,8.7751,0.03273,0.02165,-0.03711,,,,1
40.486,228.963,284.391,17.44407134736946,78.37815592205502,10.499,55.68,-0.2576,1.1437,12.8084,0.01475,0.03799,-0.03318,,,,1
40.506,229.081,284.564,17.444072914807396,78.37815703773718,10.499,55.65,-2.72,2.1706,5.4305,-6e-05,0.01705,-0.02201,,,,1
40.526,229.2,284.738,17.44407448164331,78.3781581544277,10.499,55.61,-1.9973,-0.5737,14.1303,0.01711,0.00963,-0.1372,,,,1
40.546,229.319,284.911,17.444076047869228,78.37815927212058,10.5,55.58,1.6011,-2.6634,6.3361,-0.04054,0.0041,-0.10451,,,,1
40.566,229.438,285.084,17.444077613477198,78.37816039080987,10.5,55.54,3.0079,-0.4136,11.3706,0.05356,0.00274,-0.03885,,,,1
40.586,229.557,285.257,17.444079178459262,78.37816151048953,10.5,55.51,-0.2553,2.2523,10.2017,-0.02108,-0.00403,-0.04144,,,,1
40.606,229.676,285.43,17.444080742807483,78.37816263115357,10.5,55.48,-2.9759,1.666,7.3425,0.00876,0.01086,-0.00219,,,,1
40.626,229.795,285.603,17.444082306513923,78.37816375279593,10.5,55.44,-2.159,-2.033,13.5535,-0.01499,-0.03579,-0.0448,,,,1
40.646,229.914,285.776,17.44408386957066,78.37816487541056,10.5,55.41,2.3718,-2.3988,5.2781,-0.01873,0.01889,-0.06358,,,,1
40.666,230.033,285.949,17.44408543196979,78.37816599899139,10.5,55.37,2.5553,0.9732,14.0506,0.02387,-0.0042,-0.08683,,,,1
40.686,230.153,286.122,17.44408699370341,78.37816712353232,10.5,55.34,-1.1391,3.3355,6.31,0.00061,-0.01518,-0.05547,,,,1
40.706,230.272,286.294,17.444088554763642,78.37816824902728,10.5,55.3,-2.2261,1.0432,11.8023,0.00666,-0.00524,-0.065,,,,1
40.726,230.392,286.467,17.444090115142608,78.37816937547014,10.499,55.27,0.0838,-2.2361,9.3419,0.00946,-0.01257,-0.0336,,,,1
40.746,230.512,286.639,17.44409167483246,78.37817050285474,10.499,55.24,2.7488,-0.9698,8.5136,0.01519,0.05151,-0.02268,,,,1
40.766,230.631,286.812,17.444093233825352,78.378171631175,10.499,55.2,0.7648,2.0674,12.417,0.01381,-0.00595,-0.07687,,,,1
40.786,230.751,286.984,17.444094792113464,78.37817276042472,10.498,55.17,-3.7558,2.6147,6.0146,0.02075,0.00613,-0.01837,,,,1
40.806,230.871,287.156,17.444096349688987,78.37817389059775,10.498,55.13,-2.4454,-1.2463,14.0952,-0.0336,-0.01428,-0.11846,,,,1
40.826,230.991,287.328,17.444097906544137,78.37817502168791,10.497,55.1,1.8166,-3.2412,5.2596,-0.01248,0.02097,-0.00444,,,,1
40.846,231.112,287.501,17.444099462671137,78.37817615368903,10.497,55.06,2.1995,0.0312,13.9672,-0.01486,-0.02212,-0.06914,,,,1
40.866,231.232,287.673,17.44410101806224,78.37817728659488,10.496,55.03,-1.5854,2.8051,6.1716,0.02429,0.02213,-0.01082,,,,1
40.886,231.352,287.845,17.444102572709717,78.37817842039928,10.496,55.0,-3.5896,0.5272,12.4512,0.01843,0.00888,-0.06414,,,,1
40.906,231.473,288.016,17.444104126605858,78.37817955509601,10.495,54.96,0.8209,-1.8907,8.0952,0.01657,0.009,-0.03597,,,,1
40.926,231.593,288.188,17.444105679742968,78.37818069067886,10.494,54.93,2.968,-1.1547,10.3199,-0.01497,0.01367,-0.05829,,,,1
40.946,231.714,288.36,17.44410723211339,78.37818182714157,10.493,54.89,-0.0476,2.8434,10.2662,-0.02044,-0.00312,-0.02171,,,,1
40.966,231.835,288.531,17.444108783709474,78.37818296447793,10.493,54.86,-3.5061,1.5601,8.2634,-0.02966,0.01598,-0.07135,,,,1
40.986,231.956,288.703,17.444110334523607,78.37818410268169,10.492,54.83,-1.0376,-2.1353,12.1253,0.01053,-0.00391,-0.08727,,,,1
41.006,232.077,288.874,17.44411188454819,78.37818524174659,10.491,54.79,3.0786,-2.6921,6.6909,-0.02678,-0.00989,-0.02477,,,,1
41.026,232.198,289.046,17.444113433775655,78.37818638166638,10.49,54.76,0.8765,1.2711,13.3946,0.01863,-0.01545,-0.05884,,,,1
41.046,232.319,289.217,17.44411498219846,78.37818752243481,10.489,54.72,-3.2017,2.625,5.7226,-0.01015,0.02337,0.00874,,,,1
41.066,232.44,289.388,17.44411652980909,78.37818866404562,10.488,54.69,-2.2445,-1.1997,14.0666,-0.00684,0.02553,-0.02816,,,,1
41.086,232.562,289.559,17.44411807660005,78.37818980649253,10.487,54.65,1.6641,-2.2737,5.3134,-0.0024,0.0448,-0.00795,,,,1
41.106,232.683,289.73,17.444119622563882,78.37819094976928,10.485,54.62,1.6963,0.8448,14.2635,-0.02156,-0.00281,-0.00561,,,,1
41.126,232.805,289.901,17.444121167693158,78.37819209386959,10.484,54.59,-2.5573,2.5496,5.2935,0.02156,-0.00643,-0.05601,,,,1
41.146,232.926,290.072,17.44412271198047,78.3781932387872,10.483,54.55,-2.3746,0.3268,14.1677,-0.01922,-0.00866,-0.04265,,,,1
41.166,233.048,290.243,17.444124255418448,78.37819438451584,10.482,54.52,1.7611,-2.8552,5.489,-0.00179,-0.02823,-0.03263,,,,1
41.186,233.17,290.413,17.444125797999753,78.37819553104922,10.48,54.48,2.5156,0.6683,13.9241,0.0239,0.00919,-0.06587,,,,1
41.206,233.291,290.584,17.444127339717074,78.37819667838107,10.479,54.45,-1.562,2.5884,5.7526,-0.03482,0.00614,-0.06098,,,,1
41.226,233.413,290.754,17.444128880563134,78.37819782650513,10.477,54.42,-3.0485,0.1714,13.6709,-0.02338,-0.0059,-0.04151,,,,1
41.246,233.535,290.925,17.44413042053069,78.37819897541513,10.476,54.38,1.471,-2.4756,5.98,-0.00664,0.02712,-0.00696,,,,1
41.266,233.657,291.095,17.44413195961253,78.3782001251048,10.474,54.35,2.3248,-0.3136,12.7091,0.00269,-0.01556,-0.04087,,,,1
41.286,233.78,291.265,17.44413349780148,78.37820127556786,10.473,54.31,-1.5866,1.8105,6.1098,0.015,-0.01864,-0.03293,,,,1
41.306,233.902,291.435,17.4441350350904,78.37820242679807,10.471,54.28,-3.3059,0.0305,13.4252,0.00615,0.01844,-0.02308,,,,1
41.326,234.024,291.605,17.44413657147219,78.37820357878915,10.469,54.25,0.2646,-2.3574,6.1038,0.01299,0.02176,-0.00771,,,,1
41.346,234.147,291.775,17.444138106939775,78.37820473153486,10.467,54.21,2.5482,0.1205,13.4917,0.01115,-0.00861,-0.02124,,,,1
41.366,234.269,291.944,17.444139641486125,78.37820588502896,10.466,54.18,-1.1985,2.9288,5.9679,0.01487,-0.06073,-0.05032,,,,1
41.386,234.392,292.114,17.444141175104253,78.3782070392652,10.464,54.14,-2.6202,-0.8091,13.6729,-0.02333,-0.0028,-0.05175,,,,1
41.406,234.514,292.283,17.4441427077872,78.37820819423735,10.462,54.11,1.8494,-3.1362,5.7464,-0.00654,-0.01192,-0.12933,,,,1
41.426,234.637,292.453,17.44414423952805,78.37820934993916,10.46,54.08,2.9361,0.3569,13.9274,0.0006,0.04494,-0.06781,,,,1
41.446,234.76,292.622,17.444145770319935,78.37821050636444,10.458,54.04,-2.0696,2.8805,5.4851,0.00714,0.02954,-0.0259,,,,1
41.466,234.883,292.791,17.444147300156015,78.37821166350695,10.456,54.01,-2.6326,-0.0703,14.1698,-0.00244,-0.0038,-0.07248,,,,1
41.486,235.006,292.96,17.444148829029494,78.3782128213605,10.454,53.98,1.6748,-2.8487,5.2955,-0.00149,0.00386,-0.06912,,,,1
41.506,235.129,293.129,17.444150356933623,78.37821397991891,10.452,53.94,1.9018,0.9007,14.2759,-0.00645,0.01687,-0.01524,,,,1
41.526,235.252,293.298,17.444151883861696,78.37821513917598,10.45,53.91,-2.3977,2.5511,5.3288,0.00302,0.00493,-0.07619,,,,1
41.546,235.375,293.467,17.444153409807043,78.37821629912555,10.447,53.87,-1.649,-1.649,14.0918,0.04892,0.00069,-0.0687,,,,1
41.566,235.498,293.636,17.44415493476304,78.37821745976144,10.445,53.84,2.4298,-3.4311,5.7333,0.00494,0.02189,-0.06854,,,,1
41.586,235.622,293.804,17.444156458723114,78.37821862107752,10.443,53.81,1.061,1.6546,13.4393,-0.01884,0.02803,-0.08502,,,,1
41.606,235.745,293.973,17.44415798168073,78.37821978306765,10.44,53.77,-3.1832,2.144,6.6551,0.02258,0.03137,-0.06614,,,,1
41.626,235.869,294.141,17.444159503629397,78.3782209457257,10.438,53.74,-0.8762,-2.3156,12.2187,-0.03194,0.01518,-0.12776,,,,1
41.646,235.992,294.309,17.44416102456267,78.37822210904555,10.436,53.7,2.3578,-2.5035,8.1714,0.00882,0.01587,0.02771,,,,1
41.666,236.116,294.477,17.444162544474164,78.37822327302115,10.433,53.67,-0.8944,2.5178,10.4405,0.00414,0.01504,-0.05297,,,,1
41.686,236.239,294.645,17.444164063357526,78.37822443764637,10.431,53.64,-3.6293,1.0473,10.1615,0.03558,0.00097,-0.042,,,,1
41.706,236.363,294.813,17.444165581206455,78.37822560291518,10.428,53.6,-0.1822,-2.5081,8.3376,0.00865,0.00938,-0.10834,,,,1
41.726,236.487,294.981,17.444167098014702,78.37822676882152,10.425,53.57,2.6536,0.0753,12.2585,0.03374,-0.00957,-0.07128,,,,1
41.746,236.611,295.149,17.444168613776064,78.37822793535935,10.423,53.54,-1.5886,1.8423,6.4048,0.00406,-0.02607,-0.04312,,,,1
41.766,236.735,295.316,17.444170128484387,78.37822910252268,10.42,53.5,-3.0997,-0.5533,13.8483,0.01182,0.0069,-0.08572,,,,1
41.786,236.859,295.484,17.44417164213357,78.3782302703055,10.417,53.47,2.4509,-2.9198,5.3305,-0.00847,0.03356,-0.01876,,,,1
41.806,236.983,295.651,17.44417315471756,78.37823143870183,10.414,53.43,2.0028,1.4671,14.228,-0.00401,-0.00509,-0.03899,,,,1
41.826,237.107,295.818,17.444174666230357,78.37823260770574,10.412,53.4,-2.815,1.6782,5.7525,0.01607,0.01308,-0.05564,,,,1
41.846,237.231,295.985,17.444176176666016,78.37823377731127,10.409,53.37,-1.1826,-1.0849,12.9436,0.02801,-0.0151,-0.04538,,,,1
41.866,237.356,296.152,17.444177686018634,78.37823494751251,10.406,53.33,0.2766,-4.7898,0.618,-0.0314,0.01934,-0.061,,,,1
41.886,237.48,296.319,17.444179194282373,78.37823611830356,10.403,53.3,0.3456,2.2508,10.202,0.04526,-0.00298,-0.10289,,,,1
41.906,237.604,296.486,17.444180701451444,78.37823728967855,10.4,53.27,-3.4227,0.8186,10.9621,0.01283,0.03025,-0.03763,,,,1
41.926,237.729,296.652,17.444182207520107,78.37823846163165,10.397,53.23,1.0508,-3.0374,7.0977,-0.00284,-0.01073,-0.08463,,,,1
41.946,237.853,296.819,17.444183712482683,78.378239634157,10.394,53.2,2.1411,0.337,13.6193,0.01337,0.03647,-0.04359,,,,1
41.966,237.978,296.985,17.444185216333548,78.37824080724882,10.391,53.17,-2.925,2.1962,5.3349,-0.00723,0.02367,-0.01103,,,,1
41.986,238.103,297.151,17.44418671906713,78.37824198090132,10.387,53.13,-1.8614,-1.0973,14.1391,0.01876,-0.00996,-0.04769,,,,1
42.006,238.227,297.317,17.444188220677916,78.37824315510873,10.384,53.1,3.2506,-1.9684,7.7176,0.01742,-0.01019,-0.03966,,,,1
42.026,238.352,297.483,17.44418972116044,78.37824432986537,10.381,53.06,0.1754,1.6388,11.8366,0.00607,-0.00824,-0.07608,,,,1
42.046,238.477,297.649,17.444191220509314,78.37824550516548,10.378,53.03,-3.7609,2.3027,9.613,-0.01481,0.02871,-0.08789,,,,1
42.066,238.602,297.815,17.444192718719187,78.3782466810034,10.374,53.0,0.89,-2.6374,7.9777,0.00395,-0.02609,-0.01312,,,,1
42.086,238.727,297.98,17.444194215784776,78.37824785737351,10.371,52.96,2.2088,-0.0593,13.2348,0.00715,0.01085,-0.01669,,,,1
42.106,238.852,298.146,17.44419571170085,78.37824903427014,10.368,52.93,-1.5523,3.0848,5.3948,0.02137,-0.02914,-0.00591,,,,1
42.126,238.977,298.311,17.44419720646225,78.37825021168773,10.364,52.9,-2.979,-2.4201,12.6439,-0.00768,-0.02554,0.02194,,,,1
42.146,239.102,298.476,17.444198700063858,78.3782513896207,10.361,52.86,2.9692,-1.6466,6.4866,-0.00362,-0.02882,-0.05914,,,,1
42.166,239.227,298.641,17.44420019250063,78.37825256806352,10.357,52.83,0.1646,1.0753,11.1954,0.02908,-0.00904,-0.03254,,,,1
42.186,239.352,298.806,17.444201683767577,78.37825374701066,10.354,52.8,-3.1559,0.6539,10.6535,0.03761,-0.0175,-0.00877,,,,1
42.206,239.477,298.971,17.444203173859773,78.37825492645669,10.35,52.76,0.6931,-3.0952,6.8245,0.00449,-0.01502,0.0167,,,,1
42.226,239.603,299.136,17.44420466277235,78.37825610639612,10.347,52.73,2.3128,0.4478,14.0597,0.02836,-0.01274,-0.00934,,,,1
42.246,239.728,299.3,17.444206150500506,78.37825728682357,10.343,52.7,-2.6997,2.526,5.3989,0.00361,0.00099,-0.07064,,,,1
42.267,239.854,299.465,17.444207637039494,78.37825846773363,10.339,52.66,-1.8431,-1.965,12.9794,-0.01976,-0.01238,0.00749,,,,1
42.287,239.979,299.629,17.444209122384635,78.37825964912098,10.336,52.63,3.2653,-1.7601,8.7825,-0.00887,-0.01365,-0.01685,,,,1
42.307,240.105,299.793,17.444210606531314,78.37826083098028,10.332,52.6,-0.9701,2.1106,8.2409,-0.01035,0.04997,-0.03478,,,,1
42.327,240.23,299.957,17.444212089474977,78.37826201330626,10.328,52.56,-3.1587,-0.6551,13.4031,-0.00376,-0.00608,-0.05815,,,,1
42.347,240.356,300.121,17.444213571211133,78.37826319609367,10.324,52.53,1.6074,-2.5572,5.291,-0.00341,-0.03709,0.00323,,,,1
42.367,240.481,300.285,17.444215051735352,78.3782643793373,10.32,52.5,0.3106,1.6347,13.601,0.04624,0.02195,0.04063,,,,1
42.387,240.607,300.448,17.444216531043274,78.37826556303197,10.316,52.46,-3.4273,2.2843,8.0601,-0.01026,-0.00414,-0.04841,,,,1
42.407,240.733,300.612,17.444218009130605,78.37826674717255,10.313,52.43,1.1206,-3.063,8.7766,-0.01634,-0.01349,-0.03841,,,,1
42.427,240.859,300.775,17.444219485993113,78.37826793175391,10.309,52.4,3.0148,-0.0813,13.2023,0.02798,-0.01556,-0.02782,,,,1
42.447,240.984,300.938,17.444220961626623,78.37826911677101,10.305,52.36,-2.4017,2.4397,5.3087,-0.02795,0.01497,-0.07559,,,,1
42.467,241.11,301.101,17.444222436027044,78.37827030221881,10.301,52.33,-1.8345,-1.2133,13.5599,0.00911,0.00975,-0.04286,,,,1
42.487,241.236,301.264,17.444223909190338,78.37827148809231,10.297,52.3,2.9517,-1.4818,8.3511,0.00321,-0.00774,-0.02409,,,,1
42.507,241.362,301.427,17.444225381112535,78.37827267438657,10.293,52.26,-0.5375,2.5685,8.3053,-0.00366,0.00874,0.01526,,,,1
42.527,241.488,301.59,17.444226851789736,78.37827386109667,10.288,52.23,-3.4828,-0.3328,13.6401,-0.01321,0.00793,-0.04825,,,,1
42.547,241.614,301.752,17.44422832121811,78.37827504821773,10.284,52.2,2.6406,-2.4182,5.3504,-0.01777,0.01016,-0.02803,,,,1
42.567,241.741,301.915,17.444229789393884,78.37827623574492,10.28,52.16,1.2362,1.8837,12.8517,0.01577,-0.01526,-0.06241,,,,1
42.587,241.867,302.077,17.444231256313365,78.37827742367344,10.276,52.13,-3.1209,0.9349,9.6404,0.02563,0.01944,-0.01575,,,,1
42.607,241.993,302.239,17.44423272197292,78.37827861199855,10.272,52.1,1.026,-3.4719,6.9921,-0.00963,-0.01402,-0.04678,,,,1
42.627,242.119,302.401,17.444234186368988,78.37827980071553,10.268,52.06,2.2485,0.2573,14.2412,-0.00023,0.00471,-0.01447,,,,1
42.647,242.245,302.563,17.444235649498076,78.3782809898197,10.263,52.03,-2.7326,2.7902,5.9834,-0.01932,-0.00346,-0.06308,,,,1
42.667,242.372,302.725,17.44423711135676,78.37828217930645,10.259,52.0,-0.4091,-1.9736,11.0398,0.00503,0.0048,-0.08974,,,,1
42.687,242.498,302.886,17.444238571941685,78.3782833691712,10.255,51.97,2.7676,-1.3627,11.8403,-0.00839,0.02902,-0.06611,,,,1
42.707,242.625,303.047,17.444240031249567,78.3782845594094,10.25,51.93,-2.2747,2.1278,5.5748,0.0073,0.00636,0.00347,,,,1
42.727,242.751,303.209,17.444241489277186,78.37828575001653,10.246,51.9,-1.9195,-0.9952,13.9269,0.00092,0.02294,-0.04791,,,,1
42.747,242.877,303.37,17.4442429460214,78.37828694098818,10.242,51.87,4.1865,-1.5854,10.217,-0.02193,0.00781,-0.04608,,,,1
42.767,243.004,303.531,17.444244401479132,78.37828813231991,10.237,51.83,-1.317,2.6875,8.1092,0.00549,0.04144,-0.03363,,,,1
42.787,243.131,303.692,17.44424585564738,78.37828932400738,10.233,51.8,-3.4515,-0.6713,13.9648,0.00195,0.01375,-0.04023,,,,1
42.807,243.257,303.852,17.44424730852321,78.37829051604626,10.228,51.77,1.0577,-3.9765,0.7634,-0.00898,-0.02441,-0.02711,,,,1
42.827,243.384,304.013,17.444248760103754,78.37829170843229,10.224,51.73,0.4178,1.6685,11.4749,0.0201,-0.01453,-0.03755,,,,1
42.847,243.51,304.173,17.444250210386226,78.37829290116125,10.219,51.7,-3.2593,1.0557,11.6906,0.00104,-0.01015,0.05362,,,,1
42.867,243.637,304.334,17.444251659367904,78.37829409422893,10.215,51.67,1.7616,-2.8975,5.5574,0.01105,-0.00177,-0.00175,,,,1
42.887,243.764,304.494,17.444253107046137,78.37829528763125,10.21,51.64,1.3522,1.3259,13.7817,0.03856,-0.00887,-0.01462,,,,1
42.907,243.891,304.654,17.44425455341835,78.3782964813641,10.206,51.6,-2.7775,0.6483,8.7091,0.04071,-0.02431,-0.01799,,,,1
42.927,244.017,304.813,17.44425599848204,78.37829767542345,10.201,51.57,0.0822,-3.83,7.3376,-0.02193,0.00314,-0.02948,,,,1
42.947,244.144,304.973,17.444257442234772,78.37829886980533,10.196,51.54,1.8885,0.2922,14.2782,0.01765,-0.03834,-0.05145,,,,1
42.967,244.271,305.133,17.444258884674184,78.37830006450581,10.192,51.5,-3.1417,2.1347,6.3938,-0.00054,0.03902,-0.02171,,,,1
42.987,244.398,305.292,17.44426032579799,78.37830125952097,10.187,51.47,-0.2648,-2.2958,11.9378,0.00957,0.00274,-0.08076,,,,1
43.007,244.525,305.451,17.44426176560398,78.37830245484702,10.183,51.44,2.6542,-0.868,13.1987,0.02635,0.03712,-0.07759,,,,1
43.027,244.652,305.61,17.444263204090003,78.37830365048013,10.178,51.41,-1.9461,2.627,5.3812,0.01744,-0.01437,-0.05221,,,,1
43.047,244.779,305.769,17.44426464125399,78.37830484641661,10.173,51.37,-1.0633,-1.9865,12.2233,0.00082,0.00257,-0.03094,,,,1
43.067,244.906,305.928,17.444266077093953,78.37830604265275,10.168,51.34,3.0568,-1.2082,11.2617,0.02365,0.02458,-0.06396,,,,1
43.087,245.033,306.087,17.44426751160796,78.37830723918495,10.164,51.31,-2.5144,2.8775,5.6388,-0.0063,0.04333,-0.02662,,,,1
43.107,245.16,306.245,17.44426894479417,78.37830843600959,10.159,51.27,-2.0395,-2.1428,13.7412,0.00801,0.01655,-0.08386,,,,1
43.127,245.287,306.404,17.4442703766508,78.37830963312318,10.154,51.24,2.8472,-1.8834,9.1595,0.01754,-0.02,-0.05026,,,,1
43.147,245.415,306.562,17.444271807176147,78.37831083052222,10.149,51.21,-1.4922,3.2198,6.7653,0.01887,0.00484,-0.08896,,,,1
43.167,245.542,306.72,17.444273236368584,78.37831202820333,10.145,51.18,-1.8488,-1.0877,14.3123,-0.03064,-0.01753,-0.03628,,,,1
43.187,245.669,306.878,17.444274664226555,78.37831322616309,10.14,51.14,3.098,-2.1489,7.3824,-0.01295,0.02452,0.00842,,,,1
43.207,245.796,307.036,17.444276090748577,78.37831442439823,10.135,51.11,-1.176,3.359,8.3199,-0.01205,0.01532,-0.03988,,,,1
43.227,245.924,307.193,17.444277515933248,78.37831562290548,10.13,51.08,-2.6705,-1.14,14.1105,-0.0014,0.02593,-0.00971,,,,1
43.247,246.051,307.351,17.444278939779227,78.37831682168162,10.125,51.05,2.8559,-2.2153,6.1529,0.01702,0.01625,-0.0106,,,,1
43.267,246.178,307.508,17.44428036228526,78.37831802072353,10.12,51.01,0.3096,2.8936,9.9265,0.00764,0.0118,-0.04899,,,,1
43.287,246.306,307.665,17.44428178345016,78.37831922002808,10.115,50.98,-2.4213,-0.2236,13.3849,0.02055,-0.02085,-0.02251,,,,1
43.307,246.433,307.822,17.444283203272807,78.37832041959227,10.111,50.95,1.9698,-2.4236,5.5052,0.03893,-0.00102,-0.07965,,,,1
43.327,246.56,307.979,17.444284621752175,78.37832161941309,10.106,50.92,0.0477,1.5767,11.3521,0.00333,0.01938,-0.04732,,,,1
43.347,246.688,308.136,17.4442860388873,78.37832281948762,10.101,50.88,-3.737,0.0532,12.3837,0.00784,-0.01154,-0.04018,,,,1
43.367,246.815,308.292,17.444287454677283,78.37832401981301,10.096,50.85,1.9686,-2.7657,5.3333,0.02907,-0.01819,-0.06899,,,,1
43.387,246.943,308.449,17.44428886912132,78.37832522038642,10.091,50.82,2.2327,3.6586,16.609,-0.0167,0.0216,-0.03801,,,,1
43.407,247.07,308.605,17.444290282218663,78.3783264212051,10.086,50.79,-2.9429,1.1437,11.2868,0.01252,0.00582,-0.06241,,,,1
43.427,247.198,308.761,17.444291693968648,78.37832762226635,10.081,50.75,1.7129,-2.3703,5.5088,0.00346,0.02721,-0.01325,,,,1
43.447,247.325,308.917,17.444293104370686,78.37832882356754,10.076,50.72,1.0515,1.3958,13.3146,-0.02632,-0.00038,-0.07861,,,,1
43.467,247.453,309.073,17.444294513424254,78.3783300251061,10.071,50.69,-3.3197,1.4895,10.2303,0.02242,0.00888,-0.06465,,,,1
43.487,247.581,309.229,17.44429592112891,78.37833122687945,10.066,50.66,1.1098,-3.1543,5.9143,0.0286,0.00096,-0.04119,,,,1
43.507,247.708,309.384,17.444297327484286,78.37833242888519,10.061,50.62,2.34,1.5284,13.8555,0.02173,0.0104,-0.0718,,,,1
43.527,247.836,309.54,17.444298732490083,78.37833363112085,10.056,50.59,-4.0136,1.3557,9.2671,-0.01181,0.04487,0.01011,,,,1
43.547,247.964,309.695,17.44430013614608,78.37833483358413,10.051,50.56,1.222,-2.8403,6.4294,0.04705,0.02995,-0.10983,,,,1
43.567,248.091,309.85,17.444301538452134,78.37833603627273,10.046,50.53,2.5639,1.0905,14.1664,0.02315,0.02696,-0.0639,,,,1
43.587,248.219,310.005,17.444302939408164,78.37833723918439,10.041,50.49,-3.3451,0.8415,8.4434,0.01706,-0.01448,-0.03472,,,,1
43.607,248.347,310.16,17.444304339014177,78.37833844231696,10.036,50.46,0.7952,-3.4418,7.0105,0.02153,-0.00125,0.01034,,,,1
43.627,248.475,310.315,17.44430573727024,78.37833964566833,10.031,50.43,1.8163,0.7314,14.3041,0.0144,0.00731,-0.08884,,,,1
43.647,248.603,310.469,17.44430713417651,78.37834084923647,10.026,50.4,-3.3755,0.9829,7.7534,-0.00261,-0.0028,-0.07131,,,,1
43.667,248.73,310.623,17.4443085297332,78.37834205301934,10.021,50.37,1.1683,-2.6112,7.6017,0.01196,0.02093,-0.05847,,,,1
43.687,248.858,310.778,17.444309923940605,78.37834325701503,10.016,50.33,1.2425,0.8341,14.3115,0.01586,0.01879,0.00463,,,,1
43.707,248.986,310.932,17.444311316799098,78.37834446122169,10.011,50.3,-2.63,1.9384,7.1784,0.00462,-0.0223,-0.01843,,,,1
43.727,249.114,311.086,17.444312708309116,78.3783456656375,10.006,50.27,-0.1727,-3.3454,8.1737,-0.01195,0.00245,-0.06461,,,,1
43.747,249.242,311.239,17.444314098471178,78.37834687026069,10.001,50.24,2.166,0.8469,14.2356,0.00698,-0.02257,-0.00585,,,,1
43.767,249.37,311.393,17.44431548728587,78.3783480750896,9.996,50.2,-3.3418,2.7397,6.7143,0.02231,-0.01287,-0.03093,,,,1
43.787,249.498,311.546,17.444316874753852,78.3783492801226,9.991,50.17,0.4283,-2.7702,8.731,0.00293,0.01835,-0.03616,,,,1
43.807,249.626,311.7,17.444318260875857,78.37835048535813,9.986,50.14,1.7582,0.3261,14.0889,0.02518,0.02563,-0.02818,,,,1
43.827,249.754,311.853,17.44431964565269,78.37835169079467,9.981,50.11,-2.9023,2.1179,6.3301,-0.00267,-0.03615,-0.0683,,,,1
43.847,249.882,312.006,17.444321029085234,78.37835289643078,9.976,50.08,0.8098,-2.5507,9.2593,0.0024,0.00886,-0.03013,,,,1
43.867,250.01,312.159,17.44432241117444,78.37835410226512,9.971,50.04,1.9582,-0.0955,13.8802,-0.03174,0.02766,-0.04845,,,,1
43.887,250.138,312.311,17.444323791921324,78.37835530829634,9.966,50.01,-2.9322,2.1149,6.0158,0.01132,-0.02776,0.04299,,,,1
43.907,250.266,312.464,17.444325171326987,78.37835651452318,9.961,49.98,-0.4596,-2.3295,9.7742,-0.03813,0.00516,0.00975,,,,1
43.927,250.394,312.616,17.444326549392592,78.37835772094448,9.956,49.95,2.7568,0.7302,13.6312,0.00426,-0.03401,-0.04536,,,,1
43.947,250.523,312.769,17.44432792611938,78.37835892755908,9.951,49.92,-2.9211,1.6536,5.7633,0.00966,0.00612,-0.02688,,,,1
43.967,250.651,312.921,17.44432930150866,78.37836013436593,9.946,49.88,-0.6453,-2.6546,10.2906,0.00358,0.03284,-0.07011,,,,1
43.987,250.779,313.073,17.444330675561815,78.37836134136404,9.941,49.85,2.8613,-0.8418,13.3391,-0.02317,0.01178,-0.02932,,,,1
44.007,250.907,313.225,17.444332048280295,78.37836254855245,9.936,49.82,-2.1042,2.9204,5.57,0.01968,-0.00283,-0.07422,,,,1
44.027,251.035,313.376,17.44433341966562,78.3783637559303,9.931,49.79,-0.6489,-2.7578,10.8167,0.03486,0.02767,-0.05491,,,,1
44.047,251.164,313.528,17.444334789719388,78.37836496349674,9.926,49.76,3.0291,-1.1126,12.9959,0.04415,-0.0113,-0.02157,,,,1
44.067,251.292,313.679,17.44433615844326,78.37836617125106,9.921,49.73,-3.2299,2.6072,5.4321,0.0035,0.03747,-0.07273,,,,1
44.087,251.42,313.83,17.44433752583897,78.37836737919255,9.916,49.69,-1.151,-1.7178,11.3537,-0.0016,0.00986,-0.06953,,,,1
44.107,251.548,313.981,17.444338891908323,78.3783685873206,9.911,49.66,2.9985,-0.437,12.5722,-0.02168,-0.00184,-0.06543,,,,1
44.127,251.677,314.132,17.44434025665319,78.37836979563463,9.906,49.63,-1.9854,2.5039,5.3403,0.01253,0.01387,-0.04361,,,,1
44.147,251.805,314.283,17.444341620075516,78.37837100413415,9.901,49.6,-0.8363,-2.1286,11.9034,0.03331,0.01525,0.00146,,,,1
44.167,251.933,314.434,17.444342982177307,78.37837221281873,9.896,49.57,2.7502,-0.3231,12.0621,0.00015,0.03157,-0.00471,,,,1
44.187,252.062,314.584,17.44434434296065,78.37837342168801,9.891,49.53,-2.4198,2.1358,5.3341,0.02014,0.01768,-0.05332,,,,1
44.207,252.19,314.735,17.44434570242769,78.37837463074166,9.886,49.5,-1.7071,-2.1896,12.4613,-0.05085,0.02443,0.00081,,,,1
44.227,252.319,314.885,17.44434706058064,78.37837583997944,9.881,49.47,3.1713,-1.2741,11.435,-0.01679,0.00482,-0.04184,,,,1
44.247,252.447,315.035,17.444348417421793,78.3783770494012,9.876,49.44,-1.8758,2.0603,5.4197,0.01389,-0.00255,-0.03534,,,,1
44.267,252.576,315.185,17.444349772953498,78.37837825900677,9.872,49.41,0.2381,0.387,19.2516,-0.02779,0.00595,-0.04199,,,,1
44.287,252.704,315.335,17.444351127178173,78.37837946879614,9.867,49.38,2.7816,-0.8719,10.7056,-0.01331,0.02388,-0.01934,,,,1
44.307,252.833,315.484,17.444352480098306,78.37838067876929,9.862,49.34,-1.8947,2.7964,5.6575,-0.0115,0.01722,-0.06638,,,,1
44.327,252.961,315.634,17.444353831716448,78.37838188892633,9.857,49.31,-1.899,-1.4981,13.5522,0.01343,-0.00745,-0.05483,,,,1
44.347,253.09,315.783,17.444355182035224,78.37838309926737,9.852,49.28,3.3288,-0.9909,11.0832,0.00573,-0.01477,-0.00654,,,,1
44.367,253.218,315.932,17.444356531057316,78.37838430979261,9.847,49.25,-0.8823,2.7933,6.085,-0.00826,0.02008,-0.05298,,,,1
44.387,253.347,316.081,17.44435787878548,78.37838552050232,9.843,49.22,-2.1058,-1.8197,13.9963,-0.0076,0.04174,-0.06049,,,,1
44.407,253.475,316.23,17.444359225222527,78.37838673139683,9.838,49.19,2.8249,-1.9448,8.849,-0.01831,0.00575,-0.08597,,,,1
44.427,253.604,316.379,17.44436057037134,78.37838794247652,9.833,49.16,-1.6464,2.635,6.7593,0.00368,0.02677,-0.02472,,,,1
44.447,253.733,316.528,17.44436191423487,78.37838915374186,9.828,49.12,-2.7031,-2.0003,11.9881,0.0126,-0.01692,-0.0726,,,,1
44.467,253.861,316.676,17.444363256816125,78.37839036519337,9.824,49.09,2.8212,-1.9664,7.7911,0.01896,0.025,0.00827,,,,1
44.487,253.99,316.825,17.444364598118177,78.3783915768316,9.819,49.06,-1.2472,2.4413,7.7128,0.0369,0.00337,-0.02371,,,,1
44.507,254.119,316.973,17.44436593814417,78.37839278865722,9.814,49.03,-2.0913,-0.9733,14.2858,0.01403,0.01993,-0.08041,,,,1
44.527,254.247,317.121,17.4443672768973,78.37839400067094,9.81,49.0,3.333,-1.1028,6.7449,-0.0178,0.05227,-0.03483,,,,1
44.547,254.376,317.269,17.444368614380835,78.37839521287351,9.805,48.97,-0.7554,2.724,8.977,0.01356,0.02277,-0.0607,,,,1
44.567,254.505,317.417,17.4443699505981,78.37839642526578,9.8,48.94,-2.9662,0.7007,16.2197,-0.0256,-0.00919,-0.02044,,,,1
44.587,254.634,317.564,17.44437128555249,78.37839763784862,9.796,48.9,2.9397,-2.7217,5.8652,-0.00077,-0.01492,-0.04935,,,,1
44.607,254.762,317.712,17.444372619247442,78.37839885062301,9.791,48.87,-0.2497,1.9599,10.4853,0.0046,-0.02772,0.02772,,,,1
44.627,254.891,317.859,17.44437395168648,78.37840006358996,9.787,48.84,-2.8506,0.0482,12.9958,0.01824,0.00805,0.0264,,,,1
44.647,255.02,318.006,17.44437528287317,78.37840127675057,9.782,48.81,1.4095,-2.7196,5.3744,0.01748,-0.00913,-0.05595,,,,1
44.667,255.149,318.153,17.444376612811148,78.37840249010596,9.778,48.78,0.9893,1.0681,12.0891,-0.00127,-0.02727,-0.04459,,,,1
44.687,255.278,318.3,17.444377941504104,78.37840370365734,9.773,48.75,-3.8212,0.0242,11.5208,0.00282,0.03191,-0.01646,,,,1
44.707,255.407,318.447,17.44437926895579,78.37840491740599,9.769,48.72,2.02,-3.2205,5.5119,0.02112,0.01131,-0.05763,,,,1
44.727,255.536,318.594,17.44438059517002,78.37840613135322,9.764,48.69,1.2765,1.4553,13.5031,-0.01982,0.0147,-0.0572,,,,1
44.747,255.665,318.74,17.44438192015066,78.37840734550045,9.76,48.66,-3.7754,1.1234,9.5785,0.02595,-0.01188,-0.08666,,,,1
44.767,255.794,318.887,17.444383243901644,78.37840855984912,9.755,48.62,0.9302,-2.3887,6.5151,0.01265,0.0256,-0.08255,,,,1
44.787,255.923,319.033,17.44438456642695,78.37840977440074,9.751,48.59,2.171,0.1987,14.2924,-0.03384,0.001,-0.01536,,,,1
44.807,256.052,319.179,17.444385887730625,78.37841098915688,9.747,48.56,-3.2375,1.479,7.4842,0.0096,-0.00989,-0.03736,,,,1
44.827,256.181,319.325,17.44438720781677,78.37841220411919,9.742,48.53,0.5421,-2.2081,8.4361,0.02565,0.01652,-0.06105,,,,1
44.847,256.31,319.471,17.444388526689544,78.37841341928936,9.738,48.5,3.2448,0.1345,14.0128,0.04389,-0.00081,-0.0191,,,,1
44.867,256.439,319.617,17.44438984435315,78.37841463466914,9.734,48.47,-3.5554,2.6122,5.833,-0.00661,0.03688,-0.10121,,,,1
44.887,256.568,319.762,17.44439116081186,78.37841585026037,9.73,48.44,0.0465,-1.6192,10.958,0.01436,0.01239,-0.0484,,,,1
44.907,256.697,319.908,17.44439247607,78.37841706606491,9.725,48.41,2.8986,-1.0115,12.3758,0.01534,-0.03354,-0.04024,,,,1
44.927,256.826,320.053,17.444393790131944,78.3784182820847,9.721,48.38,-2.6593,2.5193,5.3945,0.01532,0.01908,-0.07604,,,,1
44.947,256.955,320.198,17.444395103002122,78.37841949832173,9.717,48.35,-2.0848,-1.9409,13.3092,0.00018,0.06178,-0.02213,,,,1
44.967,257.084,320.343,17.44439641468502,78.37842071477809,9.713,48.31,2.9256,-2.3622,9.606,0.00294,-0.00966,-0.01264,,,,1
44.987,257.214,320.488,17.444397725185173,78.37842193145585,9.709,48.28,-1.0214,2.4832,6.7344,-0.00279,-0.02299,-0.03634,,,,1
45.007,257.343,320.633,17.444399034507175,78.3784231483572,9.705,48.25,-2.509,-0.6105,14.3454,0.00919,0.04624,-0.05882,,,,1
45.027,257.472,320.778,17.44440034265566,78.37842436548439,9.701,48.22,3.3728,-2.1123,6.7237,0.01506,-0.00755,-0.06529,,,,1
45.047,257.601,320.922,17.444401649635328,78.3784255828397,9.697,48.19,-0.8189,2.5635,9.7173,-0.01268,0.011,-0.04089,,,,1
45.067,257.731,321.067,17.44440295545092,78.37842680042546,9.693,48.16,-3.1368,-0.0572,13.1194,0.01348,-0.01804,-0.06233,,,,1
45.087,257.86,321.211,17.44440426010723,78.37842801824411,9.689,48.13,1.593,-3.1011,5.3436,0.0127,-0.00682,-0.036,,,,1
45.107,257.989,321.355,17.444405563609102,78.3784292362981,9.685,48.1,1.1664,2.1147,12.9923,0.00525,0.0014,-0.00786,,,,1
45.127,258.119,321.499,17.444406865961433,78.37843045458995,9.681,48.07,-3.0317,0.9992,9.7843,-0.00918,0.01459,-0.01852,,,,1
45.147,258.248,321.643,17.44440816716916,78.37843167312224,9.677,48.04,0.8043,-2.8185,6.7986,-0.01794,-0.01051,-0.04816,,,,1
45.167,258.378,321.787,17.44440946723728,78.3784328918976,9.673,48.01,1.1271,0.5839,14.32,-0.02801,0.01125,-0.02651,,,,1
45.187,258.507,321.931,17.44441076617082,78.37843411091873,9.669,47.98,-2.9769,2.7132,6.2666,-0.02158,-0.01167,-0.03914,,,,1
45.207,258.637,322.074,17.444412063974877,78.37843533018838,9.666,47.95,-0.3065,-2.0927,10.6645,-0.02243,0.01491,-0.02985,,,,1
45.227,258.766,322.218,17.444413360654575,78.37843654970935,9.662,47.91,3.0597,-1.3123,12.1331,0.01629,0.00321,-0.03362,,,,1
45.247,258.896,322.361,17.4444146562151,78.37843776948449,9.658,47.88,-1.5705,2.1578,5.5685,-0.04691,0.00601,0.02624,,,,1
45.267,259.025,322.504,17.444415950661664,78.37843898951672,9.655,47.85,-2.4208,-1.2009,14.0131,0.00661,-0.00181,-0.02785,,,,1
45.287,259.155,322.647,17.444417243999546,78.37844020980901,9.651,47.82,3.1726,-2.0772,7.6946,-0.02158,0.02469,-0.0029,,,,1
45.307,259.285,322.79,17.444418536234053,78.37844143036439,9.647,47.79,-0.026,2.2465,8.9912,0.01784,0.02538,-0.07716,,,,1
45.327,259.414,322.933,17.44441982737054,78.37844265118592,9.644,47.76,-3.8159,0.4486,13.2657,0.03667,0.00229,-0.01503,,,,1
45.347,259.544,323.076,17.44442111741441,78.37844387227673,9.64,47.73,2.1505,-2.7742,5.3478,0.01107,0.00097,-0.04927,,,,1
45.367,259.674,323.218,17.444422406371107,78.37844509364001,9.637,47.7,1.0661,1.4463,13.517,0.02129,0.04697,-0.02682,,,,1
45.387,259.803,323.361,17.44442369424611,78.378446315279,9.633,47.67,-4.9864,-0.2589,3.1792,0.01387,0.01845,-0.03656,,,,1
45.407,259.933,323.503,17.44442498104495,78.37844753719699,9.63,47.64,1.4634,-1.6265,11.6576,-0.02408,0.02199,-0.14882,,,,1
45.427,260.063,323.645,17.44442626677319,78.37844875939732,9.627,47.61,2.4551,0.4357,13.5424,0.01927,0.03625,0.01668,,,,1
45.447,260.193,323.787,17.444427551436434,78.37844998188336,9.623,47.58,-2.7317,2.2397,5.3585,0.01375,0.00285,-0.08222,,,,1
45.467,260.323,323.929,17.44442883504033,78.37845120465857,9.62,47.55,-1.6477,-1.429,13.5334,0.01329,0.03778,-0.07502,,,,1
45.487,260.452,324.071,17.44443011759057,78.37845242772646,9.617,47.52,2.524,-1.3068,8.2922,0.00615,-0.03006,-0.05143,,,,1
45.507,260.582,324.213,17.44443139909287,78.37845365109054,9.614,47.49,-0.987,1.9232,8.8389,-0.00703,0.04394,-0.06428,,,,1
45.527,260.712,324.354,17.444432679552996,78.37845487475444,9.61,47.46,-3.575,-0.9494,10.7248,0.0095,-0.00452,-0.06311,,,,1
45.547,260.842,324.496,17.444433958976745,78.37845609872177,9.607,47.43,1.3821,-2.4102,5.4552,0.02612,0.01932,-0.03453,,,,1
45.567,260.972,324.637,17.444435237369955,78.37845732299625,9.604,47.4,1.9047,1.6049,14.0802,-0.01127,0.02253,-0.0306,,,,1
45.587,261.102,324.779,17.44443651473849,78.37845854758162,9.601,47.37,-3.0233,1.8914,7.0893,0.00148,-0.0011,-0.04861,,,,1
45.607,261.232,324.92,17.44443779108827,78.37845977248165,9.598,47.34,-1.0781,-2.7629,10.4522,-0.00209,0.02876,-0.04601,,,,1
45.627,261.363,325.061,17.44443906642523,78.37846099770019,9.595,47.31,2.6904,-0.5544,11.5918,0.00783,0.02703,-0.04917,,,,1
45.647,261.493,325.202,17.444440340755342,78.37846222324113,9.592,47.28,-1.1001,3.1682,6.3255,0.01967,0.00805,-0.04619,,,,1
45.667,261.623,325.343,17.44444161408462,78.3784634491084,9.589,47.25,-3.0057,-1.1369,14.3062,0.00802,-0.00985,-0.01426,,,,1
45.687,261.753,325.483,17.444442886419104,78.37846467530596,9.587,47.22,2.2399,-3.102,5.6013,0.03368,0.03798,0.01634,,,,1
45.707,261.883,325.624,17.444444157764874,78.37846590183786,9.584,47.19,1.2012,1.7735,12.9704,-0.0042,0.01563,-0.02085,,,,1
45.727,262.014,325.764,17.44444542812803,78.37846712870817,9.581,47.16,-3.0294,1.8483,8.55,0.01784,0.03344,0.03537,,,,1
45.747,262.144,325.905,17.444446697514714,78.37846835592099,9.578,47.13,-0.0224,-2.7702,9.1483,-0.00353,-0.03784,-0.12382,,,,1
45.767,262.274,326.045,17.444447965931094,78.37846958348048,9.576,47.1,2.6395,-0.3673,12.4276,-0.01561,0.02191,-0.05258,,,,1
45.787,262.405,326.185,17.44444923338336,78.37847081139087,9.573,47.07,-1.1929,2.4335,5.9822,0.03388,-0.00114,-0.06646,,,,1
45.807,262.535,326.325,17.444450499877746,78.37847203965637,9.57,47.04,-1.868,-1.5631,14.3289,0.00011,0.00747,0.00648,,,,1
45.827,262.666,326.465,17.444451765420506,78.37847326828128,9.568,47.01,2.7855,-2.7845,5.557,-0.01101,0.02615,-0.01667,,,,1
45.847,262.796,326.605,17.44445303001792,78.37847449726996,9.565,46.98,1.2089,1.6132,13.3142,-0.00479,-0.02887,-0.03554,,,,1
45.867,262.927,326.745,17.4444542936763,78.37847572662676,9.563,46.95,-3.6067,1.7252,7.7447,0.02231,-0.00488,-0.01053,,,,1
45.887,263.057,326.885,17.444455556401984,78.3784769563561,9.56,46.92,-0.7001,-2.9007,10.3818,0.02891,0.01657,0.00844,,,,1
45.907,263.188,327.024,17.44445681820133,78.37847818646243,9.558,46.89,2.3807,-2.9151,8.2072,0.03324,-0.0245,-0.06609,,,,1
45.927,263.319,327.164,17.444458079080732,78.37847941695027,9.556,46.86,-0.9528,2.4846,7.3452,-0.00336,0.01536,-0.0658,,,,1
45.947,263.449,327.303,17.444459339046592,78.37848064782413,9.553,46.83,-2.4814,0.4106,13.4737,0.00147,-0.0148,-0.04673,,,,1
45.967,263.58,327.442,17.444460598105355,78.37848187908861,9.551,46.8,1.96,-2.3193,5.5871,0.00871,0.04509,-0.03041,,,,1
45.987,263.711,327.581,17.444461856263477,78.37848311074832,9.549,46.77,1.4845,1.2132,14.3627,-0.01832,0.02047,-0.01938,,,,1
46.007,263.842,327.72,17.44446311352744,78.37848434280791,9.547,46.74,-2.3305,2.1733,5.5586,0.00969,0.02371,-0.03633,,,,1
46.027,263.973,327.859,17.444464369903745,78.37848557527207,9.545,46.71,-2.1011,-2.0268,13.629,0.00135,-0.01085,-0.03285,,,,1
46.047,264.104,327.998,17.444465625398923,78.37848680814552,9.543,46.68,2.659,-1.96,6.9062,0.03793,0.0096,-0.0156,,,,1
46.067,264.235,328.137,17.44446688001951,78.37848804143306,9.541,46.65,0.6364,2.3079,11.8469,-0.00392,0.00194,-0.0211,,,,1
46.087,264.366,328.276,17.444468133772084,78.37848927513944,9.539,46.62,-2.5737,1.7159,8.9319,0.00393,0.01884,-0.04307,,,,1
46.107,264.497,328.414,17.444469386663222,78.37849050926955,9.537,46.59,1.0938,-3.3083,9.7513,0.03919,0.02383,-0.01388,,,,1
46.127,264.628,328.553,17.444470638699524,78.37849174382822,9.535,46.56,3.2264,-1.403,10.9686,-0.00935,0.0068,-0.05057,,,,1
46.147,264.759,328.691,17.44447188988762,78.37849297882039,9.533,46.53,-0.9888,2.6584,7.8843,0.00824,0.01138,-0.04091,,,,1
46.167,264.89,328.829,17.44447314023414,78.37849421425096,9.531,46.51,-3.0097,0.6537,12.5885,0.01827,0.00393,0.02651,,,,1
46.187,265.022,328.968,17.444474389745746,78.37849545012494,9.53,46.48,1.4602,-2.5049,6.5403,-0.00526,0.04483,-0.07204,,,,1
46.207,265.153,329.106,17.444475638429108,78.37849668644732,9.528,46.45,2.4864,0.0357,13.6563,0.02199,-0.01342,-0.02905,,,,1
46.227,265.284,329.244,17.444476886290907,78.37849792322314,9.526,46.42,-1.2234,2.9045,5.7529,0.00014,-0.01845,-0.03524,,,,1
46.247,265.416,329.382,17.44447813333785,78.37849916045747,9.525,46.39,-2.6542,-0.3955,14.1994,0.00396,0.01517,-0.0039,,,,1
46.267,265.547,329.519,17.44447937957665,78.3785003981554,9.523,46.36,2.0921,-2.4839,5.4156,-0.03067,-0.00321,0.03425,,,,1
46.287,265.679,329.657,17.44448062501403,78.37850163632206,9.522,46.33,2.3609,0.8484,14.3611,0.008,-0.01129,-0.00104,,,,1
46.307,265.81,329.795,17.444481869656737,78.37850287496262,9.52,46.3,-2.3791,2.6628,5.3743,-0.01058,0.01684,-0.03047,,,,1
46.327,265.942,329.932,17.444483113511524,78.37850411408226,9.519,46.27,-1.9536,-1.1158,14.3067,-0.01308,-0.01246,-0.02364,,,,1
46.347,266.073,330.07,17.44448435658515,78.37850535368621,9.517,46.24,2.0514,-2.5586,5.4759,0.02055,0.01158,-0.05779,,,,1
46.367,266.205,330.207,17.44448559888439,78.37850659377969,9.516,46.21,1.4847,1.3484,14.1701,0.01357,0.00441,-0.02327,,,,1
46.387,266.337,330.345,17.444486840416033,78.37850783436798,9.515,46.18,-3.2562,2.615,5.6022,-0.01665,0.00709,-0.00201,,,,1
46.407,266.469,330.482,17.44448808118687,78.37850907545639,9.514,46.15,-1.8523,-1.1204,14.0537,-0.0217,-0.00873,0.01137,,,,1
46.427,266.6,330.619,17.444489321203697,78.37851031705023,9.513,46.13,2.7505,-1.9616,5.6682,-0.03367,-0.00926,-0.05148,,,,1
46.447,266.732,330.756,17.444490560473334,78.37851155915484,9.512,46.1,1.759,1.3836,14.0164,0.02924,0.00241,-0.01727,,,,1
46.467,266.864,330.893,17.44449179900259,78.37851280177561,9.51,46.07,-2.1836,2.2247,5.65,-0.05722,0.04137,-0.07388,,,,1
46.487,266.996,331.03,17.444493036798292,78.37851404491794,9.509,46.04,-2.0518,-0.8974,14.0652,0.01142,-0.02199,-0.04586,,,,1
46.507,267.128,331.167,17.44449427386727,78.37851528858722,9.509,46.01,2.6329,-3.0878,5.5533,-0.02155,0.01804,-0.04673,,,,1
46.527,267.261,331.303,17.44449551021636,78.37851653278891,9.508,45.98,1.3039,0.6885,14.1999,0.02487,-0.01417,0.00833,,,,1
46.547,267.393,331.44,17.444496745852394,78.37851777752849,9.507,45.95,-2.8403,2.7326,5.421,0.02306,0.01232,-0.11329,,,,1
46.567,267.525,331.577,17.444497980782224,78.3785190228114,9.506,45.92,-2.0892,-0.7234,14.3193,-0.01131,0.00937,0.01622,,,,1
46.587,267.657,331.713,17.44449921501269,78.37852026864319,9.505,45.89,2.3809,-3.1866,5.3339,-0.0072,0.01408,-0.07877,,,,1
46.607,267.79,331.85,17.44450044855064,78.37852151502936,9.505,45.87,2.0317,0.4951,14.3146,0.00232,0.04354,-0.04311,,,,1
46.627,267.922,331.986,17.444501681402933,78.37852276197546,9.504,45.84,-2.2429,2.518,5.448,-0.00759,0.02741,0.02078,,,,1
46.647,268.055,332.122,17.44450291357641,78.37852400948707,9.503,45.81,-3.4766,-0.4651,14.029,0.02369,0.00771,-0.10871,,,,1
46.667,268.187,332.258,17.444504145077932,78.37852525756973,9.503,45.78,1.2302,-2.4079,5.9426,0.00526,0.0388,-0.0748,,,,1
46.687,268.32,332.395,17.444505375914343,78.37852650622908,9.502,45.75,3.0253,0.1283,13.2944,0.02374,-0.00989,-0.00924,,,,1
46.707,268.452,332.531,17.4445066060925,78.3785277554707,9.502,45.72,-1.4449,2.301,5.7677,0.00061,-0.01382,-0.08994,,,,1
46.727,268.585,332.667,17.444507835619252,78.37852900530025,9.501,45.69,-3.1302,0.5136,11.9675,0.03384,0.04371,0.03304,,,,1
46.747,268.718,332.803,17.444509064501446,78.37853025572335,9.501,45.66,0.2408,-3.1314,8.5981,-0.0259,0.01214,-0.04288,,,,1
46.767,268.851,332.938,17.444510292745925,78.37853150674567,9.501,45.64,2.969,-0.6823,10.0655,-0.00384,0.02428,-0.02974,,,,1
46.787,268.984,333.074,17.44451152035953,78.37853275837288,9.5,45.61,-0.1811,2.5831,10.7025,0.01817,-0.01154,-0.02944,,,,1
46.807,269.117,333.21,17.4445127473491,78.37853401061068,9.5,45.58,-3.0648,1.6059,7.8832,-0.01123,-0.00267,-0.04871,,,,1
46.827,269.25,333.345,17.44451397372147,78.37853526346476,9.5,45.55,-1.1876,-1.4971,12.8254,-0.0181,0.04077,0.00133,,,,1
46.847,269.383,333.481,17.44451519948346,78.37853651694081,9.5,45.52,2.772,-2.3444,6.0331,-0.02958,-0.0298,-0.07511,,,,1
46.867,269.516,333.617,17.4445164246419,78.37853777104459,9.5,45.49,1.5246,1.0654,14.1923,0.01115,0.01475,-0.05099,,,,1
46.887,269.649,333.752,17.444517649203597,78.37853902578179,9.5,45.47,-3.2698,2.9385,5.3462,0.02338,0.03471,-0.03647,,,,1
46.907,269.783,333.887,17.44451887317536,78.37854028115818,9.5,45.44,-2.4286,-0.4856,13.9968,-0.00215,-0.02603,-0.05201,,,,1
46.927,269.916,334.023,17.444520096563988,78.3785415371795,9.5,45.41,0.8956,-2.8593,6.5154,0.01659,0.00971,-0.09143,,,,1
46.947,270.05,334.158,17.444521319376268,78.37854279385151,9.5,45.38,2.5641,-0.6106,11.8778,0.04352,-0.036,-0.02381,,,,1
46.967,270.183,334.293,17.444522541618987,78.37854405117997,9.501,45.35,-0.0769,2.3936,9.4188,0.02373,0.00588,-0.04727,,,,1
46.987,270.317,334.428,17.444523763298907,78.37854530917066,9.501,45.32,-3.5275,2.0398,8.5101,0.02122,0.01525,-0.05399,,,,1
47.007,270.45,334.563,17.444524984422795,78.37854656782935,9.501,45.3,-0.8858,-1.0148,12.7595,-0.00375,0.01419,0.03065,,,,1
47.027,270.584,334.698,17.4445262049974,78.37854782716182,9.501,45.27,2.749,-2.6687,5.7738,-0.0028,0.03073,-0.01774,,,,1
47.047,270.718,334.833,17.444527425029452,78.37854908717388,9.502,45.24,2.3277,0.2114,14.3403,0.01241,0.01308,-0.06028,,,,1
47.067,270.852,334.968,17.444528644525683,78.37855034787131,9.502,45.21,-2.4566,2.0773,5.7803,0.00473,0.01358,-0.04387,,,,1
47.087,270.986,335.103,17.444529863492797,78.37855160925989,9.503,45.18,-2.7437,0.5022,12.5914,0.0147,0.01793,-0.06239,,,,1
47.107,271.12,335.238,17.444531081937498,78.37855287134543,9.503,45.15,0.1894,-2.7452,9.0586,-0.04738,0.00272,-0.06185,,,,1
47.127,271.254,335.372,17.444532299866466,78.37855413413374,9.504,45.13,2.8182,-1.5381,8.4316,-0.00654,0.01079,-0.06419,,,,1
47.147,271.388,335.507,17.44453351728637,78.37855539763059,9.505,45.1,1.1597,1.8572,13.1854,0.0274,-0.0155,-0.03329,,,,1
47.167,271.522,335.642,17.44453473420386,78.37855666184181,9.505,45.07,-3.3907,2.0536,5.465,-0.03207,0.08147,-0.06443,,,,1
47.187,271.657,335.776,17.444535950625575,78.3785579267732,9.506,45.04,-2.629,-0.9489,14.1249,-0.01021,0.01843,-0.07456,,,,1
47.207,271.791,335.911,17.444537166558128,78.37855919243054,9.507,45.01,0.4555,-2.5519,6.9622,0.00013,-0.00485,-0.09207,,,,1
47.227,271.926,336.045,17.44453838200813,78.37856045881963,9.508,44.99,2.4665,-1.0293,10.3693,-0.03134,0.03979,-0.02779,,,,1
47.247,272.06,336.179,17.444539596982157,78.37856172594628,9.509,44.96,-0.0413,2.0226,11.9369,0.01693,0.04999,-0.02322,,,,1
47.267,272.195,336.314,17.444540811486775,78.37856299381629,9.51,44.93,-2.4857,1.8684,5.9137,0.01303,-0.00156,-0.0474,,,,1
47.287,272.33,336.448,17.444542025528527,78.3785642624354,9.511,44.9,-0.8926,2.2747,20.8197,-0.03439,-0.00306,-0.01849,,,,1
47.307,272.464,336.582,17.444543239113944,78.37856553180944,9.512,44.87,1.6991,-2.164,6.6049,-0.00144,0.04662,-0.09764,,,,1
47.327,272.599,336.716,17.44454445224953,78.37856680194417,9.513,44.85,2.7937,-0.9023,10.6316,7e-05,-0.01197,-0.08863,,,,1
47.347,272.734,336.851,17.444545664941764,78.37856807284537,9.514,44.82,-0.0836,1.8358,12.0074,0.01822,0.02008,-0.03724,,,,1
47.367,272.869,336.985,17.44454687719711,78.3785693445188,9.515,44.79,-3.3003,2.6251,5.7366,0.01992,0.00433,-0.01684,,,,1
47.387,273.004,337.119,17.444548089022007,78.3785706169702,9.516,44.76,-2.2556,-0.8023,14.1907,0.02148,0.02928,-0.05209,,,,1
47.407,273.14,337.253,17.444549300422874,78.37857189020532,9.518,44.74,0.6661,-2.1728,7.4375,0.02637,0.02406,-0.01537,,,,1
47.427,273.275,337.387,17.4445505114061,78.37857316422993,9.519,44.71,2.7956,-1.3431,9.2229,0.00959,0.01426,-0.02001,,,,1
47.447,273.41,337.52,17.444551721978055,78.37857443904974,9.521,44.68,1.2574,1.0826,13.3623,0.0354,0.01695,0.01591,,,,1
47.467,273.546,337.654,17.444552932145086,78.37857571467048,9.522,44.65,-2.1669,2.7355,5.3931,0.01691,-0.00919,-0.05931,,,,1
47.487,273.681,337.788,17.444554141913507,78.37857699109783,9.523,44.63,-2.713,0.6888,12.9232,0.00431,0.01065,-0.0457,,,,1
47.507,273.817,337.922,17.444555351289615,78.3785782683375,9.525,44.6,0.34,-2.4192,10.0561,0.04,0.00924,-0.02909,,,,1
47.527,273.953,338.056,17.44455656027968,78.3785795463952,9.527,44.57,2.602,-2.1835,6.5465,-0.00985,-0.0024,-0.02062,,,,1
47.547,274.089,338.189,17.44455776888993,78.37858082527657,9.528,44.54,1.6345,0.3502,14.3706,0.00738,-0.00281,-0.09516,,,,1
47.567,274.224,338.323,17.444558977126587,78.37858210498727,9.53,44.52,-1.4,3.1422,7.0771,0.00936,-0.00657,-0.03519,,,,1
47.587,274.36,338.456,17.444560184995833,78.37858338553296,9.532,44.49,-3.2628,1.4349,9.1431,0.01549,0.02786,-0.02831,,,,1
47.607,274.497,338.59,17.444561392503818,78.37858466691924,9.533,44.46,-2.1243,-2.2003,13.7154,-0.00399,0.01077,-0.05136,,,,1
47.627,274.633,338.724,17.444562599656678,78.37858594915173,9.535,44.43,1.3234,-2.7697,5.6069,-0.00724,-0.01112,0.02516,,,,1
47.647,274.769,338.857,17.4445638064605,78.37858723223603,9.537,44.41,3.1096,-0.3117,11.5158,0.02826,0.02648,-0.03393,,,,1
47.667,274.905,338.99,17.444565012921355,78.3785885161777,9.539,44.38,0.6364,2.0361,12.1416,-0.01771,0.03192,-0.05871,,,,1
47.687,275.042,339.124,17.44456621904528,78.37858980098231,9.541,44.35,-2.5744,3.4924,5.4249,0.02953,0.0029,0.00411,,,,1
47.707,275.178,339.257,17.444567424838276,78.3785910866554,9.543,44.32,-3.443,0.6468,13.039,0.00356,-0.00473,-0.04116,,,,1
47.727,275.315,339.391,17.444568630306314,78.37859237320248,9.545,44.3,-0.5383,-2.0373,10.6086,0.01033,0.03616,-0.032,,,,1
47.747,275.452,339.524,17.444569835455333,78.37859366062905,9.547,44.27,2.1563,-2.3191,5.8365,-0.00477,0.04508,-0.03435,,,,1
47.767,275.588,339.657,17.444571040291244,78.37859494894059,9.549,44.24,2.9313,0.221,13.8011,0.00119,0.03289,0.00518,,,,1
47.787,275.725,339.79,17.44457224481992,78.37859623814253,9.552,44.22,0.1098,2.5775,9.566,0.02557,0.00783,-0.04937,,,,1
47.807,275.862,339.923,17.444573449047194,78.37859752824035,9.554,44.19,-3.7915,2.3528,6.2886,-0.00381,-0.00569,-0.05646,,,,1
47.827,276.0,340.057,17.44457465297888,78.37859881923941,9.556,44.16,-3.1977,0.1058,14.0896,-0.03,-0.03094,-0.06848,,,,1
47.847,276.137,340.19,17.444575856620737,78.37860011114513,9.559,44.14,-0.5,-2.758,9.0905,0.00622,0.03323,-0.03863,,,,1
47.867,276.274,340.323,17.444577059978506,78.37860140396285,9.561,44.11,2.465,-2.4858,6.476,-0.00972,-0.02099,-0.03029,,,,1
47.887,276.411,340.456,17.44457826305789,78.37860269769791,9.563,44.08,2.3995,0.0612,14.1307,-0.01344,-0.0086,-0.04044,,,,1
47.907,276.549,340.589,17.44457946586454,78.37860399235562,9.566,44.05,-1.02,3.5694,9.1831,-0.00806,-0.00047,-0.04614,,,,1
47.927,276.687,340.722,17.444580668404083,78.37860528794127,9.568,44.03,-3.4175,2.7051,6.31,0.04825,0.02009,-0.05474,,,,1
47.947,276.824,340.855,17.444581870682114,78.37860658446009,9.571,44.0,-3.2966,0.1454,13.9501,0.00183,-0.04673,0.01234,,,,1
47.967,276.962,340.988,17.444583072704177,78.37860788191733,9.574,43.97,-0.0773,-2.6967,9.8201,-0.00407,0.01013,-0.06476,,,,1
47.987,277.1,341.121,17.44458427447578,78.3786091803182,9.576,43.95,2.5655,-1.989,5.867,0.02243,0.04283,-0.09157,,,,1
48.007,277.238,341.254,17.444585476002402,78.37861047966781,9.579,43.92,2.4108,0.0103,13.4144,0.01665,-0.00456,-0.03327,,,,1
48.027,277.376,341.387,17.44458667728947,78.37861177997137,9.582,43.89,0.2897,2.5596,11.0077,0.02899,0.02253,0.02294,,,,1
48.047,277.514,341.519,17.44458787834238,78.37861308123394,9.584,43.87,-2.8326,2.4309,5.443,0.03487,-0.00136,-0.01166,,,,1
48.067,277.652,341.652,17.444589079166484,78.37861438346062,9.587,43.84,-3.3683,0.8987,12.235,0.05488,0.01382,-0.01697,,,,1
48.087,277.791,341.785,17.444590279767095,78.37861568665643,9.59,43.81,-0.5188,-1.8682,12.5629,-0.00906,0.00536,-0.00379,,,,1
48.107,277.929,341.918,17.44459148014948,78.3786169908264,9.593,43.79,2.2873,-2.8585,5.5391,0.02533,-0.01188,-0.04945,,,,1
48.127,278.068,342.05,17.444592680318873,78.37861829597551,9.596,43.76,2.4977,-0.7242,10.2493,-0.00846,0.01824,-0.05532,,,,1
48.147,278.207,342.183,17.444593880280458,78.37861960210869,9.599,43.73,1.8889,0.9451,13.9703,0.00215,0.01317,-0.03129,,,,1
48.167,278.346,342.316,17.44459508003938,78.37862090923086,9.602,43.71,-1.0269,3.2293,6.7936,0.01644,0.00944,-0.00274,,,,1
48.187,278.484,342.449,17.44459627960074,78.37862221734689,9.605,43.68,-3.7341,2.4154,7.71,0.00749,0.03836,-0.0494,,,,1
48.207,278.623,342.581,17.4445974789696,78.3786235264616,9.608,43.65,-2.3233,-0.6412,14.283,0.01302,0.00636,-0.05444,,,,1
48.227,278.763,342.714,17.444598678150975,78.37862483657982,9.611,43.63,0.5878,-2.6135,9.4639,0.00245,0.01524,-0.03691,,,,1
48.247,278.902,342.846,17.444599877149827,78.37862614770629,9.614,43.6,2.0207,-2.3596,5.6756,-0.01205,-0.00644,-0.00079,,,,1
48.267,279.041,342.979,17.444601075971093,78.37862745984575,9.618,43.58,2.5051,-0.1754,12.5357,0.02136,0.02163,-0.01867,,,,1
48.287,279.181,343.112,17.444602274619644,78.37862877300287,9.621,43.55,1.316,2.0263,12.7163,-0.01778,-0.01617,-0.02662,,,,1
48.307,279.32,343.244,17.444603473100322,78.37863008718232,9.624,43.52,-1.762,3.1934,5.8134,0.03452,0.00994,-0.06314,,,,1
48.327,279.46,343.377,17.444604671417917,78.37863140238868,9.627,43.5,-3.1224,2.5421,8.8939,0.00477,-0.00147,-0.04888,,,,1
48.347,279.6,343.509,17.444605869577174,78.37863271862655,9.631,43.47,-2.2943,-0.7507,14.3769,0.02606,0.01609,-0.06374,,,,1
48.367,279.74,343.642,17.444607067582783,78.37863403590042,9.634,43.44,0.3142,-3.0242,8.9889,0.04446,-0.0084,-0.07136,,,,1
48.387,279.88,343.774,17.4446082654394,78.3786353542148,9.638,43.42,1.964,-1.9116,5.7078,0.00964,0.01674,-0.06124,,,,1
48.407,280.02,343.907,17.44460946315163,78.3786366735741,9.641,43.39,3.3252,0.3124,12.2888,-0.01521,0.00772,-0.00645,,,,1
48.427,280.16,344.039,17.44461066072402,78.37863799398276,9.645,43.37,1.6037,2.0936,13.2174,0.02948,0.03421,-0.01964,,,,1
48.447,280.3,344.172,17.444611858161085,78.37863931544511,9.648,43.34,-1.6304,2.5949,6.3816,0.00073,-0.02782,-0.0312,,,,1
48.467,280.441,344.304,17.444613055467286,78.37864063796546,9.652,43.31,-3.2652,2.1354,7.5667,-0.01809,-0.01154,-0.05899,,,,1
48.487,280.581,344.436,17.444614252647025,78.37864196154808,9.655,43.29,-3.4503,-0.4326,14.0129,0.02466,-0.00414,-0.04115,,,,1
48.507,280.722,344.569,17.44461544970467,78.3786432861972,9.659,43.26,-0.4176,-1.7401,11.1543,0.01788,0.01236,-0.02152,,,,1
48.527,280.863,344.701,17.444616646644533,78.37864461191698,9.663,43.24,2.1128,-3.0401,5.4514,0.00895,0.01553,-0.05481,,,,1
48.547,281.004,344.833,17.444617843470876,78.37864593871157,9.667,43.21,3.0046,-1.3133,9.51,-0.01101,0.0184,-0.03863,,,,1
48.567,281.145,344.966,17.44461904018791,78.37864726658502,9.67,43.18,2.5349,0.6393,14.3816,0.03005,0.01103,-0.03251,,,,1
48.587,281.286,345.098,17.444620236799793,78.37864859554138,9.674,43.16,-0.4296,2.8085,9.5218,0.02637,0.0057,0.01445,,,,1
48.607,281.427,345.231,17.444621433310644,78.37864992558463,9.678,43.13,-2.3606,2.7324,5.425,0.0047,-0.00379,-0.00177,,,,1
48.627,281.568,345.363,17.44462262972452,78.3786512567187,9.682,43.11,-3.7558,1.4227,10.7469,0.03741,0.02195,0.02567,,,,1
48.647,281.71,345.495,17.444623826045433,78.37865258894749,9.686,43.08,-2.1495,-0.8324,14.2409,0.02477,-0.00871,-0.04827,,,,1
48.667,281.852,345.627,17.444625022277336,78.37865392227484,9.69,43.06,0.1984,-2.7467,8.6677,-0.00866,0.01475,-0.01385,,,,1
48.687,281.993,345.76,17.444626218424137,78.37865525670452,9.694,43.03,2.4949,-2.0273,5.5559,-0.00412,0.01024,-0.02196,,,,1
48.707,282.135,345.892,17.44462741448969,78.37865659224026,9.698,43.0,2.852,-0.7128,11.197,0.01237,-0.02452,0.00134,,,,1
48.727,282.277,346.024,17.4446286104778,78.37865792888577,9.702,42.98,1.6774,1.0554,14.1605,0.00186,0.0147,0.01897,,,,1
48.747,282.419,346.157,17.444629806392207,78.37865926664466,9.706,42.95,-0.3039,3.7876,8.5659,0.00968,0.05909,-0.06263,,,,1
48.768,282.561,346.289,17.444631002236616,78.37866060552052,9.71,42.93,-2.8935,3.0142,5.5165,-0.01538,0.04675,-0.04836,,,,1
48.788,282.704,346.421,17.44463219801466,78.37866194551688,9.714,42.9,-3.9933,1.2502,10.9232,-0.00904,0.02854,-0.07893,,,,1
48.808,282.846,346.553,17.444633393729937,78.37866328663719,9.718,42.88,-1.4951,-0.2064,14.2656,0.00633,0.01842,-0.00746,,,,1
48.828,282.989,346.686,17.444634589385974,78.37866462888489,9.722,42.85,0.621,-1.5357,9.1826,0.00993,-0.01628,-0.05582,,,,1
48.848,283.131,346.818,17.44463578498626,78.37866597226333,9.726,42.83,1.6756,-2.4253,5.3745,0.00908,0.01454,-0.05363,,,,1
48.868,283.274,346.95,17.444636980534217,78.37866731677582,9.731,42.8,3.3076,-0.897,9.9488,-0.02084,0.04834,-0.01484,,,,1
48.888,283.417,347.082,17.44463817603322,78.37866866242561,9.735,42.78,1.9616,0.5976,14.3447,0.00799,-0.00448,-0.07389,,,,1
48.908,283.56,347.214,17.444639371486584,78.37867000921591,9.739,42.75,0.1763,2.5835,10.5082,0.02483,-0.02478,-0.06757,,,,1
48.928,283.703,347.347,17.444640566897572,78.37867135714984,9.743,42.72,-2.0165,2.9762,5.4906,-0.00314,0.02442,-0.04628,,,,1
48.948,283.846,347.479,17.4446417622694,78.37867270623049,9.748,42.7,-3.4021,2.1154,8.3221,-0.00883,-0.0089,-0.02916,,,,1
48.968,283.99,347.611,17.444642957605208,78.3786740564609,9.752,42.67,-3.1968,0.276,13.8871,-0.00369,-0.01465,-0.04001,,,,1
48.988,284.133,347.743,17.444644152908104,78.378675407844,9.756,42.65,-1.3674,-1.4453,12.3624,-0.00142,0.01333,-0.02464,,,,1
49.008,284.277,347.876,17.444645348181123,78.37867676038273,9.761,42.62,0.7901,-2.4025,6.4806,0.02867,0.02408,0.00346,,,,1
49.028,284.421,348.008,17.44464654342725,78.37867811407992,9.765,42.6,2.4125,-2.4347,6.4413,-0.02014,0.00946,-0.01259,,,,1
49.048,284.565,348.14,17.44464773864942,78.37867946893837,9.77,42.57,2.8898,-0.6953,12.2419,-0.01489,0.02407,-0.04879,,,,1
49.068,284.709,348.272,17.4446489338505,78.3786808249608,9.774,42.55,1.3223,1.3887,14.0002,-0.03663,0.03319,-0.04835,,,,1
49.088,284.853,348.404,17.444650129033313,78.37868218214989,9.779,42.52,-0.2589,2.792,8.8131,0.02877,0.01616,-0.01405,,,,1
49.108,284.997,348.536,17.444651324200613,78.37868354050823,9.783,42.5,-1.8892,3.392,5.3662,0.01135,0.01834,-0.03621,,,,1
49.128,285.141,348.669,17.444652519355106,78.3786849000384,9.788,42.47,-3.5796,1.3326,9.3042,-0.01952,0.00018,0.0022,,,,1
49.148,285.286,348.801,17.44465371449944,78.37868626074284,9.792,42.45,-2.6419,-0.1972,14.1377,0.00078,0.04377,-0.03023,,,,1
49.168,285.431,348.933,17.444654909636203,78.37868762262401,9.797,42.42,-0.7592,-1.353,12.0448,0.01415,0.01659,-0.07148,,,,1
49.188,285.575,349.065,17.444656104767922,78.37868898568426,9.801,42.4,1.3629,-2.609,6.4484,0.01705,0.01594,-0.02537,,,,1
49.208,285.72,349.197,17.444657299897077,78.37869034992588,9.806,42.37,2.7408,-1.8118,6.2534,0.02519,-3e-05,-0.03245,,,,1
49.228,285.865,349.33,17.444658495026086,78.37869171535111,9.811,42.35,3.2734,-0.5449,11.7041,-0.02738,-0.00784,-0.02337,,,,1
49.248,286.01,349.462,17.444659690157305,78.37869308196213,9.815,42.33,2.0697,1.4593,14.2616,0.02609,-0.00948,-0.069,,,,1
49.268,286.156,349.594,17.44466088529304,78.37869444976101,9.82,42.3,-0.5913,2.6536,10.0103,-0.02905,-0.00167,-0.07089,,,,1
49.288,286.301,349.726,17.44466208043553,78.37869581874985,9.825,42.28,-1.7364,3.3447,5.5213,0.02429,0.00696,0.01649,,,,1
49.308,286.447,349.858,17.444663275586965,78.37869718893059,9.829,42.25,-2.7103,1.8591,8.1988,0.02175,0.01294,-0.05375,,,,1
49.328,286.592,349.99,17.444664470749473,78.37869856030514,9.834,42.23,-3.41,0.4437,13.0603,0.05236,-0.0293,-0.04119,,,,1
49.348,286.738,350.123,17.444665665925122,78.37869993287536,9.839,42.2,-2.1135,-1.5645,12.4401,-0.00344,0.03248,-0.08849,,,,1
49.368,286.884,350.255,17.444666861115923,78.37870130664304,9.844,42.18,0.5422,-2.0928,8.6706,-0.01007,0.00272,-0.02824,,,,1
49.388,287.03,350.387,17.444668056323827,78.37870268160987,9.849,42.15,2.0138,-1.7838,5.3644,0.01069,0.03688,-0.08221,,,,1
49.408,287.176,350.519,17.44466925155074,78.37870405777751,9.853,42.13,3.4363,-1.5193,8.6099,0.00823,0.01669,-0.03279,,,,1
49.428,287.322,350.651,17.444670446798483,78.37870543514755,9.858,42.1,3.5893,0.9124,13.6668,0.04902,0.01254,-0.02454,,,,1
49.448,287.469,350.784,17.444671642068847,78.3787068137215,9.863,42.08,0.8582,1.7325,13.2746,-0.02351,0.02913,-0.04635,,,,1
49.468,287.615,350.916,17.444672837363544,78.3787081935008,9.868,42.06,-1.3712,3.535,8.0484,-0.00952,0.03564,-0.01156,,,,1
49.488,287.762,351.048,17.444674032684237,78.37870957448683,9.873,42.03,-2.4233,3.2896,5.4136,-0.01617,0.00593,-0.02821,,,,1
49.508,287.909,351.18,17.444675228032526,78.37871095668092,9.878,42.01,-3.0441,1.5287,9.044,0.01365,0.03534,-0.01935,,,,1
49.528,288.056,351.312,17.44467642340996,78.37871234008429,9.882,41.98,-2.9906,0.3519,13.8379,-0.00431,0.00834,-0.03689,,,,1
49.548,288.203,351.445,17.44467761881802,78.37871372469812,9.887,41.96,-0.832,-1.4088,13.16,0.01375,0.00397,-0.02949,,,,1
49.568,288.35,351.577,17.44467881425813,78.37871511052352,9.892,41.93,0.0113,-2.1055,7.9944,0.018,0.00193,0.0337,,,,1
49.588,288.497,351.709,17.444680009731655,78.37871649756151,9.897,41.91,2.5183,-2.3955,5.4191,0.01613,-0.01989,-0.03557,,,,1
49.608,288.645,351.841,17.44468120523991,78.37871788581309,9.902,41.89,2.7938,-1.3913,8.9073,0.0039,-0.04645,-0.05982,,,,1
49.628,288.792,351.974,17.444682400784142,78.37871927527912,9.907,41.86,3.3377,0.9045,13.7171,0.01923,-0.00684,-0.03687,,,,1
49.648,288.94,352.106,17.44468359636554,78.37872066596046,9.912,41.84,2.0303,1.9291,13.3932,0.0089,0.01291,-0.00199,,,,1
49.668,289.088,352.238,17.444684791985235,78.37872205785784,9.917,41.81,-0.9881,3.3154,8.4027,-0.00385,0.01658,-0.05944,,,,1
49.688,289.236,352.37,17.444685987644306,78.37872345097196,9.922,41.79,-2.617,2.9361,5.3846,-0.00497,-0.03013,-0.09305,,,,1
49.708,289.384,352.502,17.444687183343756,78.37872484530344,9.927,41.77,-2.9558,2.7622,8.2995,-0.00033,0.01685,-0.10543,,,,1
49.728,289.532,352.635,17.444688379084553,78.37872624085281,9.932,41.74,-3.2149,0.2641,13.2876,0.03452,-0.01623,-0.02797,,,,1
49.748,289.68,352.767,17.444689574867585,78.37872763762054,9.937,41.72,-1.7989,-1.3372,13.8292,0.00572,0.0243,-0.04552,,,,1
49.768,289.829,352.899,17.444690770693693,78.37872903560707,9.942,41.7,0.0911,-1.5993,9.2507,0.00706,0.01583,0.00072,,,,1
49.788,289.977,353.032,17.444691966563656,78.37873043481268,9.947,41.67,1.0887,-2.5999,5.4944,0.00338,-0.01875,-0.03509,,,,1
49.808,290.126,353.164,17.444693162478195,78.37873183523764,9.952,41.65,2.9198,-1.0244,7.3752,-0.01529,-0.00579,0.01392,,,,1
49.828,290.275,353.296,17.44469435843797,78.37873323688218,9.957,41.62,2.635,0.1496,12.4627,-0.02798,-0.02265,-0.07614,,,,1
49.848,290.424,353.428,17.444695554443587,78.37873463974637,9.962,41.6,1.6404,1.3779,14.2446,0.01198,0.01972,-0.02602,,,,1
49.868,290.573,353.561,17.44469675049559,78.37873604383027,9.967,41.58,0.6531,1.9742,10.4731,-0.01297,0.00426,-0.00794,,,,1
49.888,290.722,353.693,17.44469794659447,78.37873744913384,9.972,41.55,-2.2611,3.131,5.9472,0.01431,-0.00262,-0.02725,,,,1
49.908,290.872,353.825,17.444699142740646,78.37873885565699,9.977,41.53,-2.7101,2.6484,6.3844,0.00511,-0.00497,-0.01397,,,,1
49.928,291.021,353.957,17.444700338934496,78.37874026339955,9.982,41.51,-3.4165,1.7635,11.2172,0.0259,0.03415,-0.01997,,,,1
49.948,291.171,354.09,17.444701535176332,78.37874167236124,9.987,41.48,-2.6053,0.2909,14.3623,0.02093,0.00614,-0.06812,,,,1
49.968,291.321,354.222,17.444702731466403,78.37874308254179,9.992,41.46,-0.5617,-2.0219,11.8956,0.01772,0.0193,-0.06236,,,,1
49.988,291.47,354.354,17.44470392780491,78.37874449394076,9.997,41.44,1.1242,-2.117,6.9123,-0.01303,0.00482,-0.02631,,,,1
50.008,291.62,354.487,17.444705124191984,78.37874590655771,10.002,41.41,2.7007,-1.8733,5.6355,-0.03688,-0.0014,0.03091,,,,1
50.028,291.771,354.619,17.444706320627716,78.3787473203921,10.007,41.39,3.4504,-0.6458,9.6446,0.03009,0.04879,-0.0497,,,,1
50.048,291.921,354.751,17.44470751711212,78.3787487354433,10.012,41.37,2.4365,0.7101,13.9578,0.00657,-0.02072,-0.01268,,,,1
50.068,292.071,354.884,17.444708713645166,78.37875015171062,10.017,41.34,0.9173,1.252,13.2203,0.00272,-0.01442,-0.03053,,,,1
50.088,292.222,355.016,17.444709910226763,78.37875156919333,10.022,41.32,-1.1195,2.9099,8.3566,0.00012,0.0072,-0.01492,,,,1
50.108,292.373,355.148,17.444711106856758,78.37875298789056,10.027,41.3,-2.6775,2.5651,5.3911,0.01573,-0.02595,-0.02662,,,,1
50.128,292.523,355.281,17.44471230353495,78.37875440780144,10.032,41.27,-2.0862,2.0809,7.9852,0.02885,-0.02907,-0.05264,,,,1
50.148,292.674,355.413,17.444713500261066,78.37875582892495,10.037,41.25,-2.6214,1.0711,12.9289,-0.00577,-0.00056,-0.01105,,,,1
50.168,292.825,355.545,17.444714697034797,78.37875725126007,10.042,41.23,-2.5102,-0.8001,14.1176,-0.027,-0.01575,-0.02218,,,,1
50.188,292.976,355.678,17.44471589385576,78.37875867480564,10.047,41.2,-0.7297,-1.6486,10.0748,0.04118,0.02469,0.01914,,,,1
50.208,293.128,355.81,17.444717090723525,78.37876009956047,10.052,41.18,1.7807,-2.3394,5.8042,0.01331,0.01659,-0.01331,,,,1
50.228,293.279,355.943,17.444718287637603,78.37876152552329,10.057,41.16,3.0173,-2.4163,6.5805,0.01455,0.01344,-0.0678,,,,1
50.248,293.431,356.075,17.444719484597442,78.37876295269274,10.062,41.13,3.2339,-1.5731,11.4567,-0.04673,0.00849,-0.00786,,,,1
50.268,293.583,356.207,17.444720681602448,78.3787643810674,10.067,41.11,2.0649,1.1259,14.38,0.01093,-0.03482,-0.00476,,,,1
50.288,293.734,356.34,17.44472187865196,78.37876581064576,10.072,41.09,0.4885,2.3579,11.7324,-0.03406,-0.00271,-0.01646,,,,1
50.308,293.886,356.472,17.444723075745266,78.37876724142627,10.077,41.07,-1.1849,2.7102,6.7815,-0.00047,0.0256,0.01185,,,,1
50.328,294.038,356.605,17.4447242728816,78.37876867340727,10.082,41.04,-2.7362,2.1384,5.6833,0.01938,-0.00818,-0.08535,,,,1
50.348,294.191,356.737,17.444725470060135,78.37877010658703,10.087,41.02,-4.2174,1.3841,9.8131,0.01194,0.04372,0.01607,,,,1
50.368,294.343,356.869,17.444726667279994,78.37877154096375,10.092,41.0,-2.8843,0.0012,14.0188,0.01956,0.01966,-0.01987,,,,1
50.388,294.495,357.002,17.444727864540244,78.3787729765356,10.097,40.98,-1.1609,-0.4782,14.7793,-0.00529,0.02149,0.00119,,,,1
50.408,294.648,357.134,17.444729061839897,78.3787744133006,10.102,40.95,0.5923,-2.2892,8.0681,-0.0127,0.0079,-0.05254,,,,1
50.428,294.801,357.267,17.44473025917791,78.37877585125676,10.107,40.93,3.3645,-1.7213,5.3715,-0.00127,0.02212,-0.08168,,,,1
50.448,294.954,357.399,17.44473145655319,78.37877729040197,10.112,40.91,3.1718,-1.8436,8.3571,0.00503,-0.00595,-0.03206,,,,1
50.468,295.106,357.532,17.444732653964586,78.37877873073408,10.116,40.89,2.6563,0.4594,13.2687,-0.00606,0.0322,-0.02365,,,,1
50.488,295.26,357.664,17.44473385141089,78.37878017225086,10.121,40.86,1.8933,1.7345,13.8608,0.00329,-0.02321,-0.06773,,,,1
50.508,295.413,357.796,17.444735048890852,78.37878161494997,10.126,40.84,-0.1184,3.1153,9.3624,0.00571,-0.02156,-0.01021,,,,1
50.528,295.566,357.929,17.444736246403156,78.37878305882906,10.131,40.82,-1.9206,2.8958,5.5124,0.01067,-0.00109,-0.01748,,,,1
50.548,295.72,358.061,17.44473744394644,78.37878450388564,10.136,40.8,-2.9343,2.7557,7.27,0.0485,-0.02057,0.01764,,,,1
50.568,295.873,358.194,17.44473864151929,78.37878595011722,10.141,40.77,-2.3581,0.9816,12.395,-0.01402,-0.0213,-0.02614,,,,1
50.588,296.027,358.326,17.444739839120242,78.37878739752117,10.146,40.75,-2.5473,-1.0745,14.2432,0.01953,0.00886,0.01112,,,,1
50.608,296.181,358.459,17.444741036747768,78.3787888460948,10.15,40.73,-0.1109,-2.0797,10.3793,0.00598,-0.0091,-0.02648,,,,1
50.628,296.335,358.591,17.444742234400298,78.3787902958354,10.155,40.71,1.1931,-2.595,5.8416,0.04185,0.01159,-0.02209,,,,1
50.648,296.489,358.724,17.444743432076212,78.37879174674012,10.16,40.68,3.043,-1.7051,6.6127,-0.01211,0.04319,-0.00559,,,,1
50.668,296.643,358.856,17.444744629773833,78.37879319880608,10.165,40.66,1.8601,-2.0149,9.106,0.00054,-0.01253,-0.02068,,,,1
50.688,296.797,358.989,17.444745827491438,78.37879465203032,10.169,40.64,1.8729,1.1838,14.3493,-0.00223,0.02895,-0.04933,,,,1
50.708,296.952,359.121,17.444747025227247,78.37879610640978,10.174,40.62,0.1507,2.724,10.9751,-0.0359,5e-05,-0.06648,,,,1
50.728,297.106,359.253,17.444748222979435,78.37879756194135,10.179,40.6,-1.2606,3.1051,6.0969,0.00527,0.00874,-0.05282,,,,1
50.748,297.261,359.386,17.444749420746124,78.37879901862188,10.184,40.57,-1.872,4.1308,8.8707,0.00775,0.03061,-0.01378,,,,1
50.768,297.416,359.518,17.44475061852539,78.37880047644808,10.188,40.55,-3.7727,1.497,11.3982,-0.00726,0.04616,-0.014,,,,1
50.788,297.571,359.651,17.444751816315254,78.37880193541665,10.193,40.53,-2.327,-0.5422,14.3605,-0.03647,0.01086,0.0127,,,,1
50.808,297.726,359.783,17.44475301411369,78.37880339552417,10.197,40.51,-0.8583,-1.8674,11.0858,0.0233,0.01954,-0.02658,,,,1
50.828,297.881,359.916,17.44475421191863,78.37880485676719,10.202,40.49,0.8884,-2.3896,6.0981,0.03986,0.01457,-0.01305,,,,1
50.848,298.036,360.048,17.444755409727946,78.37880631914217,10.207,40.46,2.676,-1.8115,6.3945,0.03075,0.03451,0.00071,,,,1
50.868,298.192,360.181,17.44475660753947,78.3788077826455,10.211,40.44,2.8761,-1.2702,11.6075,0.00659,0.01285,-0.06662,,,,1
50.888,298.347,360.313,17.444757805350985,78.37880924727348,10.216,40.42,2.9669,1.1003,14.3317,0.00314,0.01509,-0.0551,,,,1
50.908,298.503,360.446,17.44475900316022,78.37881071302239,10.22,40.4,0.309,2.0233,10.626,0.03051,-0.01159,0.00666,,,,1
50.928,298.659,360.578,17.44476020096487,78.37881217988839,10.225,40.38,-2.3934,3.5905,5.8017,0.03002,0.00683,-0.05228,,,,1
50.948,298.815,360.711,17.444761398762566,78.3788136478676,10.229,40.36,-3.3623,2.3795,6.9012,0.0095,-0.00621,-0.04586,,,,1
50.968,298.971,360.843,17.44476259655091,78.37881511695606,10.234,40.33,-3.4579,-0.114,10.14,0.00717,-0.01596,-0.0048,,,,1
50.988,299.127,360.976,17.444763794327443,78.37881658714974,10.238,40.31,-1.1599,-0.585,14.1067,0.01864,-0.00074,-0.06538,,,,1
51.008,299.283,361.108,17.444764992089674,78.37881805844455,10.243,40.29,-0.6422,-2.0614,9.4844,0.00939,-0.01447,-0.05563,,,,1
51.028,299.44,361.241,17.444766189835054,78.37881953083632,10.247,40.27,1.1808,-2.919,5.4139,0.03246,-0.03275,-0.02712,,,,1
51.048,299.596,361.373,17.444767387560997,78.37882100432083,10.251,40.25,3.7423,-1.5559,8.1151,0.01676,-0.00997,-0.04578,,,,1
51.068,299.753,361.506,17.444768585264868,78.37882247889374,10.256,40.23,2.8594,0.0555,13.494,0.01977,0.01453,-0.07277,,,,1
51.088,299.909,361.638,17.444769782943993,78.37882395455073,10.26,40.21,0.8212,1.2522,13.2264,0.01899,-0.00681,-0.0276,,,,1
51.108,300.066,361.77,17.444770980595653,78.37882543128732,10.264,40.18,-0.7407,2.703,7.667,0.00384,-0.0087,-0.00976,,,,1
51.128,300.223,361.903,17.44477217821708,78.37882690909903,10.269,40.16,-3.7799,2.7264,5.5502,0.04169,-0.00301,-0.05708,,,,1
51.148,300.38,362.035,17.444773375805465,78.37882838798129,10.273,40.14,-3.3446,1.4359,10.2961,0.00397,-0.02018,-0.03043,,,,1
51.168,300.537,362.168,17.444774573357964,78.37882986792945,10.277,40.12,-2.3851,-0.9918,14.3325,0.00219,-0.01682,0.01261,,,,1
51.188,300.695,362.3,17.44477577087168,78.37883134893883,10.281,40.1,-0.2237,-1.5276,11.0858,0.00091,-0.00226,-0.01075,,,,1
51.208,300.852,362.433,17.444776968343678,78.37883283100466,10.285,40.08,1.1433,-2.5785,5.8123,0.04174,0.00859,-0.054,,,,1
51.228,301.01,362.565,17.444778165770987,78.37883431412207,10.289,40.06,2.9358,-1.7616,7.2343,-0.02744,-0.03668,0.01031,,,,1
51.248,301.167,362.698,17.44477936315059,78.3788357982862,10.293,40.04,2.4433,0.1193,13.0541,-0.00619,-0.00995,-0.00976,,,,1
51.268,301.325,362.83,17.444780560479426,78.37883728349208,10.298,40.02,1.3981,1.5329,13.4679,0.02031,-0.02592,-0.03257,,,,1
51.288,301.483,362.962,17.444781757754402,78.37883876973467,10.302,39.99,-1.2895,3.1452,7.7123,0.01305,0.00063,-0.00491,,,,1
51.308,301.641,363.095,17.44478295497238,78.37884025700889,10.306,39.97,-2.9391,2.6033,5.6473,0.01105,0.03168,-0.04472,,,,1
51.328,301.799,363.227,17.44478415213018,78.37884174530959,10.31,39.95,-3.717,0.931,10.9201,0.01486,-0.01075,-0.02478,,,,1
51.348,301.957,363.36,17.44478534922459,78.37884323463153,10.313,39.93,-2.0022,-0.4789,14.3183,0.02908,-0.00849,-0.03335,,,,1
51.368,302.115,363.492,17.444786546252352,78.37884472496945,10.317,39.91,0.2289,-1.6326,9.7725,0.01067,0.01488,0.01088,,,,1
51.388,302.274,363.624,17.444787743210178,78.37884621631801,10.321,39.89,1.9333,-2.1938,5.3634,0.00979,0.02419,-0.05432,,,,1
51.408,302.432,363.757,17.44478894009474,78.3788477086718,10.325,39.87,3.0629,-0.941,9.099,0.03282,-0.00328,-0.00623,,,,1
51.428,302.591,363.889,17.444790136902668,78.37884920202535,10.329,39.85,1.8028,0.4761,14.2107,0.0108,0.02585,-0.02725,,,,1
51.448,302.749,364.021,17.444791333630562,78.37885069637314,10.333,39.83,0.238,1.8052,11.2272,0.02073,-0.03153,-0.0444,,,,1
51.468,302.908,364.154,17.444792530274977,78.37885219170957,10.336,39.81,-1.9723,3.6123,5.6455,-0.04578,0.03648,-0.05469,,,,1
51.488,303.067,364.286,17.44479372683244,78.37885368802903,10.34,39.79,-2.2292,2.8681,8.0137,-0.00263,0.01385,0.0088,,,,1
51.508,303.226,364.419,17.444794923299444,78.37885518532576,10.344,39.77,-3.3026,0.6815,13.8827,-0.00786,-0.02316,-0.00218,,,,1
51.528,303.385,364.551,17.44479611967244,78.37885668359405,10.347,39.75,-0.3166,-1.982,11.9275,-0.00856,-0.02643,-0.07179,,,,1
51.548,303.544,364.683,17.444797315947845,78.37885818282804,10.351,39.73,1.9027,-3.0463,5.8887,-0.00096,-0.01051,-0.00293,,,,1
51.568,303.704,364.815,17.44479851212205,78.37885968302186,10.355,39.71,3.0831,-2.1343,7.6569,-0.00142,0.00731,-0.06395,,,,1
51.588,303.863,364.948,17.4447997081914,78.37886118416957,10.358,39.68,3.3268,-0.3742,13.7853,0.0239,0.03191,-0.0098,,,,1
51.608,304.023,365.08,17.444800904152224,78.37886268626517,10.362,39.66,0.7935,2.2179,11.9438,-0.00889,-0.00335,-0.09502,,,,1
51.628,304.182,365.212,17.444802100000803,78.37886418930262,10.365,39.64,-1.6579,3.6332,5.8093,0.02518,0.00542,-0.09194,,,,1
51.648,304.342,365.345,17.444803295733397,78.37886569327578,10.368,39.62,-3.2782,1.9655,7.9963,0.02151,0.02747,-0.0095,,,,1
51.668,304.502,365.477,17.44480449134622,78.37886719817853,10.372,39.6,-2.2815,0.0409,14.0319,-0.015,-0.00761,0.02721,,,,1
51.688,304.662,365.609,17.44480568683547,78.3788687040046,10.375,39.58,-0.1828,-1.4741,11.2345,-0.02289,0.01248,0.0217,,,,1
51.708,304.822,365.741,17.44480688219731,78.37887021074775,10.378,39.56,1.6011,-2.7323,5.4807,0.00015,0.01349,-0.02724,,,,1
51.728,304.982,365.873,17.444808077427865,78.37887171840164,10.382,39.54,2.5416,-0.5253,9.1378,0.02914,-0.01222,0.00589,,,,1
51.748,305.142,366.006,17.44480927252324,78.37887322695988,10.385,39.52,2.1288,1.6882,14.343,0.01215,0.02935,-0.02171,,,,1
51.768,305.302,366.138,17.44481046747951,78.37887473641605,10.388,39.5,-0.5112,2.6236,9.6622,0.04238,-0.01001,-0.01069,,,,1
51.788,305.463,366.27,17.444811662292715,78.37887624676365,10.391,39.48,-2.5841,2.5807,5.4122,-0.02231,0.00826,-0.02994,,,,1
51.808,305.623,366.402,17.444812856958873,78.37887775799614,10.394,39.46,-3.8381,0.0575,7.6696,-0.01921,0.00458,0.00407,,,,1
51.828,305.784,366.534,17.44481405147397,78.37887927010694,10.397,39.44,-2.0269,-1.2842,13.9438,-0.0163,-0.02317,0.00338,,,,1
51.848,305.945,366.666,17.444815245833965,78.37888078308939,10.4,39.42,0.7915,-3.0005,7.3617,0.02051,-0.02763,-0.00821,,,,1
51.868,306.105,366.798,17.444816440034796,78.37888229693681,10.403,39.4,2.8385,-1.4881,6.5904,0.01995,0.05268,-0.0615,,,,1
51.888,306.266,366.93,17.444817634072372,78.37888381164245,10.406,39.38,3.0645,0.5998,13.4896,0.01637,0.0103,0.00143,,,,1
51.908,306.427,367.062,17.44481882794257,78.37888532719953,10.409,39.36,-0.329,2.3654,11.7775,0.01226,0.0343,-0.01146,,,,1
51.928,306.588,367.194,17.44482002164125,78.37888684360118,10.412,39.34,-2.3546,2.4518,5.4797,0.03619,0.01805,-0.01007,,,,1
51.948,306.749,367.326,17.444821215164243,78.37888836084055,10.415,39.32,-3.0424,1.3316,10.4536,0.00594,0.007,-0.13513,,,,1
51.968,306.911,367.458,17.444822408507363,78.37888987891068,10.418,39.31,-1.6479,-0.8383,14.2519,0.02944,0.00938,-0.07919,,,,1
51.988,307.072,367.59,17.444823601666386,78.37889139780461,10.421,39.29,0.4152,-2.7114,7.8618,0.05208,0.03195,0.00279,,,,1
52.008,307.233,367.722,17.444824794637082,78.37889291751527,10.423,39.27,3.9953,0.4164,12.9848,-0.00649,0.00258,0.0369,,,,1
52.028,307.395,367.854,17.444825987415186,78.37889443803564,10.426,39.25,2.9506,0.5709,13.6181,-0.00259,-0.00514,-0.04659,,,,1
52.048,307.556,367.986,17.444827179996416,78.37889595935856,10.429,39.23,0.1087,2.6988,11.1801,-0.03149,0.01957,-0.02396,,,,1
52.068,307.718,368.118,17.444828372376467,78.37889748147688,10.431,39.21,-2.8513,3.4146,5.361,0.02065,-0.02486,-0.10064,,,,1
52.088,307.88,368.25,17.444829564551014,78.3788990043834,10.434,39.19,-3.5189,0.7235,11.2464,0.00039,0.01099,-0.03174,,,,1
52.108,308.042,368.382,17.444830756515714,78.37890052807086,10.436,39.17,-1.6294,-1.5505,13.4826,0.00523,0.02314,-0.0265,,,,1
52.128,308.203,368.513,17.4448319482662,78.37890205253197,10.439,39.15,1.1422,-2.3234,6.1354,0.04711,-0.02262,-0.0396,,,,1
52.148,308.365,368.645,17.44483313979808,78.37890357775939,10.441,39.13,2.1788,-1.2796,8.7863,0.01943,0.02541,0.02084,,,,1
52.168,308.528,368.777,17.444834331106964,78.37890510374575,10.443,39.11,2.36,1.7365,14.328,-0.00986,-0.03169,-0.0121,,,,1
52.188,308.69,368.909,17.444835522188416,78.37890663048366,10.446,39.09,-0.4025,3.0489,7.6762,-0.0005,-0.02135,-0.03752,,,,1
52.208,308.852,369.04,17.444836713038008,78.37890815796561,10.448,39.07,-2.8686,2.9725,7.0694,-0.00726,0.00776,-0.00519,,,,1
52.228,309.014,369.172,17.444837903651276,78.37890968618414,10.45,39.05,-5.9987,-3.9321,4.5343,0.01491,0.04992,0.01271,,,,1
52.248,309.177,369.304,17.44483909402375,78.37891121513172,10.452,39.04,0.0789,-1.9816,9.1269,0.01096,-0.02714,-0.05566,,,,1
52.268,309.339,369.435,17.444840284150935,78.37891274480076,10.454,39.02,2.7293,-2.3095,6.1591,0.03353,0.00302,-0.04832,,,,1
52.288,309.502,369.567,17.444841474028326,78.37891427518366,10.456,39.0,2.9004,0.2273,13.7879,0.01437,-0.01384,-0.06963,,,,1
52.308,309.664,369.699,17.444842663651407,78.37891580627279,10.458,38.98,0.2413,2.9278,10.0762,0.00248,0.01234,-0.02701,,,,1
52.328,309.827,369.83,17.44484385301564,78.37891733806043,10.46,38.96,-3.0943,3.2329,5.7904,0.01322,0.01438,-0.01175,,,,1
52.348,309.99,369.962,17.44484504211648,78.37891887053891,10.462,38.94,-2.9256,0.5194,13.4858,-0.01374,-0.01994,-0.04625,,,,1
52.368,310.152,370.093,17.444846230949356,78.37892040370045,10.464,38.92,-0.1219,-2.2732,10.4337,-0.00123,0.00903,0.01824,,,,1
52.388,310.315,370.225,17.4448474195097,78.37892193753727,10.466,38.9,3.15,-1.8009,5.7272,0.0092,0.01838,0.00619,,,,1
52.408,310.478,370.356,17.444848607792917,78.37892347204156,10.468,38.88,3.0296,-0.8286,13.512,0.03842,0.0398,-0.04734,,,,1
52.428,310.641,370.487,17.444849795794415,78.37892500720547,10.47,38.87,0.3205,1.9703,10.1758,0.02477,-0.0034,-0.05003,,,,1
52.448,310.804,370.619,17.44485098350958,78.3789265430211,10.471,38.85,-2.8298,2.8076,5.9189,0.01254,0.04246,-0.06193,,,,1
52.468,310.968,370.75,17.44485217093379,78.37892807948056,10.473,38.83,-2.2804,0.0088,13.8508,0.01745,-0.01057,-0.03268,,,,1
52.488,311.131,370.881,17.44485335806241,78.3789296165759,10.475,38.81,-0.9261,-3.7339,5.383,0.03082,0.01567,0.02615,,,,1
52.508,311.294,371.013,17.444854544890806,78.37893115429915,10.476,38.79,3.19,-1.1135,8.9221,0.00639,-0.0181,-0.04597,,,,1
52.528,311.458,371.144,17.44485573141432,78.3789326926423,10.478,38.77,2.9239,0.8777,14.272,0.02645,0.01265,-0.00235,,,,1
52.548,311.621,371.275,17.4448569176283,78.37893423159733,10.479,38.75,-0.5487,2.4916,7.879,-0.00035,-0.048,-0.01818,,,,1
52.568,311.784,371.406,17.444858103528073,78.37893577115618,10.481,38.74,-3.4031,2.2044,7.891,0.01409,0.00712,-0.07166,,,,1
52.588,311.948,371.537,17.444859289108965,78.37893731131076,10.482,38.72,-2.2837,-0.5786,14.2349,0.02956,0.04096,0.00703,,,,1
52.608,312.112,371.668,17.4448604743663,78.37893885205297,10.483,38.7,1.4456,-2.1957,6.2491,0.02784,-0.00615,-0.03411,,,,1
52.628,312.275,371.8,17.444861659295388,78.37894039337468,10.484,38.68,3.2791,-0.3414,10.1586,-0.02753,0.02334,-0.03609,,,,1
52.648,312.439,371.931,17.444862843891535,78.37894193526772,10.486,38.66,1.1788,1.9704,12.9967,0.01229,-0.01234,-0.01904,,,,1
52.668,312.603,372.062,17.444864028150043,78.37894347772391,10.487,38.64,-2.2116,2.9084,5.3594,0.02225,0.03631,-0.02765,,,,1
52.688,312.767,372.192,17.444865212066208,78.37894502073505,10.488,38.63,-2.4124,-0.1333,12.8586,-0.00153,-0.01889,0.01069,,,,1
52.708,312.931,372.323,17.444866395635323,78.3789465642929,10.489,38.61,0.2222,-2.5253,10.1363,0.02726,0.00278,-0.03729,,,,1
52.728,313.095,372.454,17.44486757885268,78.37894810838924,10.49,38.59,2.892,-2.2129,6.5004,-0.01286,-0.00905,-0.01206,,,,1
52.748,313.259,372.585,17.44486876171356,78.37894965301577,10.491,38.57,2.5693,1.2558,14.3515,-0.00992,0.01989,-0.00292,,,,1
52.768,313.423,372.716,17.444869944213256,78.3789511981642,10.492,38.55,-1.7483,2.6313,6.6531,-0.04859,-0.00967,-0.05156,,,,1
52.788,313.587,372.847,17.44487112634704,78.37895274382623,10.493,38.54,-3.1383,1.6719,10.1333,0.00019,-0.00423,-0.01604,,,,1
52.808,313.751,372.977,17.4448723081102,78.37895428999354,10.494,38.52,-0.3973,-1.8112,12.5767,-0.0354,-0.05256,-0.04492,,,,1
52.828,313.915,373.108,17.444873489498008,78.37895583665778,10.494,38.5,2.3141,-2.5709,5.4646,0.03133,0.00522,-0.00328,,,,1
52.848,314.08,373.239,17.44487467050575,78.37895738381057,10.495,38.48,2.2811,0.3347,13.8873,0.04644,0.00588,-0.09056,,,,1
52.868,314.244,373.369,17.444875851128707,78.37895893144356,10.496,38.47,-1.0702,2.6136,7.8963,-0.01137,-0.00704,0.02258,,,,1
52.888,314.409,373.5,17.444877031362157,78.37896047954834,10.496,38.45,-3.7161,1.479,8.9633,0.00342,-0.04157,-0.03143,,,,1
52.908,314.573,373.63,17.444878211201384,78.3789620281165,10.497,38.43,-3.6367,-4.9017,6.711,0.00932,-0.01088,-0.01168,,,,1
52.928,314.738,373.761,17.44487939064167,78.37896357713964,10.498,38.41,2.155,-2.6591,5.389,-0.00984,0.01048,-0.009,,,,1
52.948,314.902,373.891,17.444880569678304,78.37896512660929,10.498,38.39,2.0719,0.0142,13.8628,0.01532,-0.0327,-0.03174,,,,1
52.968,315.067,374.021,17.444881748306575,78.37896667651702,10.498,38.38,-0.9054,2.5737,7.6176,0.00374,-0.05151,-0.03512,,,,1
52.988,315.231,374.152,17.444882926521775,78.37896822685438,10.499,38.36,-2.9286,1.6175,9.6423,-0.01997,0.01967,-0.01016,,,,1
53.008,315.396,374.282,17.444884104319204,78.37896977761288,10.499,38.34,-1.3892,-1.6416,12.363,0.01549,0.00064,0.02165,,,,1
53.028,315.561,374.412,17.444885281694166,78.37897132878406,10.499,38.32,3.2224,-2.3037,5.7871,0.01763,0.03156,-0.00128,,,,1
53.048,315.726,374.542,17.444886458641964,78.37897288035941,10.5,38.31,2.4465,1.1437,14.3371,-0.03386,-0.00566,-0.02764,,,,1
53.068,315.89,374.672,17.444887635157915,78.37897443233045,10.5,38.29,-1.2275,3.0779,6.0489,0.00694,-0.01039,0.02361,,,,1
53.088,316.055,374.803,17.444888811237337,78.37897598468867,10.5,38.27,-3.4489,0.5876,12.0996,-0.00129,-0.03983,0.03575,,,,1
53.108,316.22,374.933,17.44488998687556,78.37897753742554,10.5,38.26,0.3422,-2.6361,9.5742,0.01278,0.04677,-0.02343,,,,1
53.128,316.385,375.063,17.444891162067915,78.37897909053257,10.5,38.24,2.6114,-1.6221,8.1431,0.03383,0.00129,-0.00639,,,,1
53.148,316.55,375.192,17.444892336809744,78.37898064400123,10.5,38.22,1.5357,1.9902,13.1266,0.03059,-0.01186,-0.00357,,,,1
53.168,316.715,375.322,17.4448935110964,78.37898219782298,10.5,38.2,-2.6385,3.1102,5.6008,0.02764,-0.01538,0.03273,,,,1
53.188,316.88,375.452,17.444894684923238,78.37898375198928,10.5,38.19,-2.1999,-0.1995,14.3366,0.00989,0.04697,0.00614,,,,1
53.208,317.045,375.582,17.444895858285633,78.37898530649163,10.5,38.17,2.8697,-0.6931,11.4719,0.00189,0.0041,0.01438,,,,1
53.228,317.21,375.712,17.444897031178964,78.37898686132147,10.499,38.15,2.507,-0.327,12.979,-0.034,0.0223,0.04176,,,,1
53.248,317.375,375.841,17.444898203598616,78.37898841647025,10.499,38.14,-0.5402,2.9834,7.978,0.02306,0.009,-0.00678,,,,1
53.268,317.541,375.971,17.444899375539997,78.37898997192946,10.499,38.12,-3.6775,1.6727,10.2836,0.0261,0.02808,0.00593,,,,1
53.288,317.706,376.1,17.444900546998515,78.37899152769054,10.498,38.1,-0.2547,-1.9012,10.7953,-0.02658,-0.00029,-0.00471,,,,1
53.308,317.871,376.23,17.444901717969593,78.37899308374496,10.498,38.09,2.4525,-1.9179,7.6578,0.01598,0.00192,-0.01566,,,,1
53.328,318.036,376.359,17.444902888448677,78.37899464008419,10.497,38.07,1.4675,1.2799,13.0313,0.02748,-0.00343,-0.05417,,,,1
53.348,318.202,376.489,17.444904058431213,78.37899619669969,10.497,38.05,-3.36,2.0153,5.9502,-0.01054,0.02546,-0.04598,,,,1
53.368,318.367,376.618,17.44490522791267,78.37899775358294,10.496,38.04,-1.7951,-1.0234,14.1688,0.02287,0.01247,-0.05965,,,,1
53.388,318.532,376.747,17.44490639688852,78.37899931072539,10.496,38.02,2.8125,-2.0655,6.4519,-0.016,0.03602,-0.00199,,,,1
53.408,318.698,376.877,17.444907565354267,78.37900086811854,10.495,38.0,2.0599,0.1537,14.2909,-0.00214,-0.00253,0.00422,,,,1
53.428,318.863,377.006,17.444908733305414,78.37900242575388,10.494,37.99,-1.6955,2.8164,5.621,-0.0163,-0.01836,-0.04525,,,,1
53.448,319.029,377.135,17.44490990073749,78.3790039836229,10.493,37.97,-2.7632,0.2003,13.7467,0.02338,0.01448,-0.0321,,,,1
53.468,319.194,377.264,17.444911067646032,78.37900554171708,10.493,37.95,1.0566,-3.2497,6.3627,0.02338,0.00674,-0.01519,,,,1
53.488,319.36,377.393,17.444912234026607,78.37900710002793,10.492,37.94,2.4774,0.0883,12.9012,-0.00354,-0.01156,0.03374,,,,1
53.508,319.525,377.522,17.444913399874785,78.379008658547,10.491,37.92,-1.8588,2.5937,7.239,-0.01796,-0.02308,-0.02306,,,,1
53.528,319.691,377.651,17.444914565186163,78.37901021726579,10.49,37.9,-3.0524,1.1689,12.0527,0.0599,0.00873,0.03424,,,,1
53.548,319.856,377.78,17.444915729956357,78.37901177617583,10.489,37.89,-0.0527,-2.9041,8.0155,0.00879,-0.04317,-0.10397,,,,1
53.568,320.022,377.908,17.444916894180995,78.37901333526867,10.488,37.87,3.6465,-0.5873,13.204,0.00619,-0.00467,0.01779,,,,1
53.588,320.188,378.037,17.444918057855727,78.37901489453589,10.487,37.85,-0.6588,2.4318,8.5757,-0.0087,0.02156,-0.05248,,,,1
53.608,320.353,378.166,17.444919220976228,78.37901645396904,10.485,37.84,-2.9978,0.9796,10.9635,-0.01252,0.00178,-0.01545,,,,1
53.628,320.519,378.294,17.44492038353819,78.37901801355973,10.484,37.82,0.1397,-2.7632,8.8583,0.01781,-0.02233,-0.039,,,,1
53.648,320.684,378.423,17.444921545537323,78.37901957329954,10.483,37.81,2.9537,-1.1709,10.826,0.014,-0.0007,-0.01885,,,,1
53.668,320.85,378.551,17.44492270696936,78.3790211331801,10.481,37.79,-0.1612,2.709,8.847,-0.00342,-0.0047,-0.01941,,,,1
53.688,321.016,378.68,17.444923867830063,78.37902269319304,10.48,37.77,-3.1331,0.9299,10.9887,0.02361,0.05615,-0.03361,,,,1
53.708,321.181,378.808,17.444925028115208,78.37902425333,10.479,37.76,0.5094,-2.6811,8.5421,0.0026,0.04547,-0.01308,,,,1
53.728,321.347,378.936,17.444926187820595,78.37902581358264,10.477,37.74,3.2448,-1.5983,11.4304,0.01953,0.01136,-0.00715,,,,1
53.748,321.513,379.065,17.444927346942052,78.37902737394268,10.476,37.73,-2.0176,1.9817,5.884,0.01473,0.01205,-0.04677,,,,1
53.768,321.679,379.193,17.444928505475424,78.37902893440179,10.474,37.71,-2.883,0.5887,12.1197,0.00384,-0.01811,-0.04154,,,,1
53.788,321.844,379.321,17.44492966341659,78.37903049495169,10.472,37.69,1.1553,-2.1489,7.1843,0.02204,-0.01986,0.02987,,,,1
53.808,322.01,379.449,17.444930820761442,78.37903205558416,10.471,37.68,2.4694,-0.7498,12.9749,0.02911,0.00067,-0.01353,,,,1
53.828,322.176,379.577,17.44493197750591,78.37903361629094,10.469,37.66,-1.591,2.026,6.3199,0.02746,0.00603,-0.00926,,,,1
53.848,322.342,379.705,17.44493313364594,78.37903517706381,10.467,37.65,-2.8607,0.1014,13.7949,-0.02203,0.00976,-0.03693,,,,1
53.868,322.507,379.832,17.444934289177503,78.37903673789461,10.466,37.63,1.7156,-2.7001,5.6036,0.02912,-0.01649,-0.00764,,,,1
53.888,322.673,379.96,17.44493544409661,78.37903829877514,10.464,37.62,2.4606,0.1307,14.3213,0.01703,0.01319,-0.0285,,,,1
53.908,322.839,380.088,17.444936598399288,78.3790398596973,10.462,37.6,-1.8482,1.9721,5.3801,0.01942,-0.02682,0.00556,,,,1
53.928,323.005,380.215,17.44493775208159,78.37904142065294,10.46,37.59,-1.5481,-0.6357,14.1787,-0.03516,-0.00666,-0.02644,,,,1
53.948,323.17,380.343,17.444938905139605,78.37904298163399,10.458,37.57,1.1599,-3.253,2.6061,-0.02217,0.00982,-0.01947,,,,1
53.968,323.336,380.47,17.444940057569447,78.37904454263237,10.456,37.55,1.3839,0.6948,13.0263,0.00211,-0.04156,0.04911,,,,1
53.988,323.502,380.598,17.44494120936726,78.37904610364006,10.454,37.54,-2.6418,1.6523,7.7055,-0.02904,-0.01584,0.00343,,,,1
54.008,323.668,380.725,17.444942360529215,78.37904766464906,10.452,37.52,-0.2573,-1.7093,10.8261,0.0415,0.00064,-0.01789,,,,1
54.028,323.834,380.852,17.44494351105151,78.37904922565137,10.449,37.51,3.5561,-1.4981,10.2893,-0.01005,-1e-05,-0.01071,,,,1
54.048,323.999,380.979,17.444944660930386,78.37905078663906,10.447,37.49,0.0702,2.3979,8.0633,-0.0166,-0.02071,0.02315,,,,1
54.068,324.165,381.107,17.4449458101621,78.37905234760419,10.445,37.48,-2.6461,0.1457,12.9457,-0.00114,-0.02197,-0.04491,,,,1
54.088,324.331,381.234,17.44494695874295,78.37905390853889,10.443,37.46,1.6981,-3.3337,5.8568,0.00256,0.00797,-0.01221,,,,1
54.108,324.497,381.361,17.444948106669262,78.37905546943531,10.44,37.45,2.7058,-0.1188,14.3562,0.01233,-0.02908,-0.01076,,,,1
54.128,324.662,381.487,17.444949253937395,78.37905703028562,10.438,37.43,-2.5914,2.8717,5.5637,-0.03839,-0.00996,-0.0066,,,,1
54.148,324.828,381.614,17.44495040054374,78.37905859108203,10.435,37.42,-1.4377,-2.4777,13.3566,-0.01948,0.00906,-0.02806,,,,1
54.168,324.994,381.741,17.444951546484717,78.37906015181679,10.433,37.4,2.891,-1.8733,7.8549,-0.00446,-0.00317,-0.01872,,,,1
54.188,325.16,381.868,17.44495269175679,78.37906171248217,10.43,37.39,0.4592,2.5008,9.5694,0.01824,-0.00201,-0.0684,,,,1
54.208,325.325,381.994,17.444953836356444,78.3790632730705,10.428,37.37,-6.3982,-3.6772,2.1615,0.00188,0.01754,0.00698,,,,1
54.228,325.491,382.121,17.444954980280208,78.37906483357412,10.425,37.36,1.6043,-3.6403,5.4953,0.01024,-0.01697,-0.03612,,,,1
54.248,325.657,382.247,17.44495612352464,78.37906639398543,10.422,37.34,2.6139,0.873,14.2785,0.02898,-0.01289,0.0451,,,,1
54.268,325.823,382.374,17.444957266086337,78.37906795429686,10.42,37.33,-3.1932,2.6642,5.5524,0.00517,0.00284,-0.01067,,,,1
54.288,325.988,382.5,17.444958407961927,78.37906951450086,10.417,37.31,-1.1615,-2.1061,13.0762,0.01618,-0.01184,-0.04247,,,,1
54.308,326.154,382.626,17.44495954914808,78.37907107458994,10.414,37.3,2.257,-1.2849,8.7124,0.00485,-0.0025,-0.05639,,,,1
54.328,326.32,382.752,17.444960689641494,78.37907263455665,10.411,37.28,-0.2637,2.9867,8.6763,0.03301,-0.01455,-0.01948,,,,1
54.348,326.485,382.878,17.44496182943891,78.37907419439357,10.408,37.27,-2.6529,0.2316,13.2006,0.02018,-0.00862,0.00203,,,,1
54.368,326.651,383.004,17.4449629685371,78.37907575409334,10.405,37.26,1.7427,-3.228,5.457,-0.04852,0.01597,0.00254,,,,1
54.388,326.817,383.13,17.444964106932883,78.3790773136486,10.403,37.24,1.7308,1.0259,14.0148,0.01457,-0.01161,-0.03949,,,,1
54.408,326.982,383.256,17.44496524462311,78.37907887305207,10.4,37.23,-2.3664,1.9663,7.4676,0.04547,0.01629,0.08617,,,,1
54.428,327.148,383.382,17.44496638160466,78.37908043229652,10.396,37.21,-0.2066,-2.6856,9.6788,0.03133,0.01946,0.01874,,,,1
54.448,327.313,383.507,17.444967517874474,78.37908199137473,10.393,37.2,2.5269,-0.2073,12.6765,-0.0028,-0.01949,0.03108,,,,1
54.468,327.479,383.633,17.44496865342951,78.37908355027955,10.39,37.18,-1.4268,2.025,5.5277,0.02247,0.01834,-9e-05,,,,1
54.488,327.644,383.759,17.44496978826678,78.37908510900387,10.387,37.17,-3.1288,-4.7986,7.1174,-0.01079,-0.02875,-0.04071,,,,1
54.508,327.81,383.884,17.444970922383316,78.37908666754062,10.384,37.16,3.0327,-1.9757,7.7054,0.00294,-0.04397,-0.00647,,,,1
54.528,327.975,384.009,17.44497205577622,78.37908822588277,10.381,37.14,0.0582,2.235,9.0867,-0.00748,0.02518,-0.01472,,,,1
54.548,328.141,384.135,17.444973188442603,78.37908978402335,10.377,37.13,-2.4246,-0.2146,13.3392,0.00932,0.00439,0.0135,,,,1
54.568,328.306,384.26,17.444974320379643,78.37909134195546,10.374,37.11,1.9222,-3.5262,5.3834,0.04832,-0.0023,-0.02226,,,,1
54.588,328.472,384.385,17.444975451584536,78.37909289967219,10.371,37.1,1.0341,1.5729,13.1978,-0.02653,0.00871,-0.01939,,,,1
54.608,328.637,384.51,17.444976582054537,78.37909445716672,10.367,37.09,-2.7618,1.2796,9.4743,0.02122,-0.02023,-0.06425,,,,1
54.628,328.803,384.635,17.444977711786937,78.37909601443228,10.364,37.07,1.6601,-2.6492,7.1207,-0.00732,-0.00187,-0.00495,,,,1
54.648,328.968,384.76,17.44497884077906,78.37909757146213,10.36,37.06,2.5931,0.4709,14.3399,-0.01072,0.02105,-0.03763,,,,1
54.668,329.133,384.885,17.44497996902829,78.3790991282496,10.357,37.04,-3.2608,2.1,6.2699,0.01561,0.0406,-0.01588,,,,1
54.688,329.299,385.009,17.444981096532032,78.37910068478809,10.353,37.03,0.515,-2.0418,10.5319,0.00741,0.00411,-0.01958,,,,1
54.708,329.464,385.134,17.444982223287756,78.37910224107098,10.35,37.02,2.7577,-1.1535,12.6662,0.01361,0.0266,-0.05211,,,,1
54.728,329.629,385.258,17.44498334929296,78.37910379709179,10.346,37.0,-2.3486,2.7671,5.4127,0.00586,-0.01081,-0.02682,,,,1
54.748,329.794,385.383,17.444984474545194,78.37910535284402,10.343,36.99,-1.571,-3.0328,11.9926,0.00378,0.0243,-0.02944,,,,1
54.768,329.96,385.507,17.444985599042045,78.37910690832128,10.339,36.97,3.7725,-1.8323,9.9667,0.00877,0.00153,-0.00077,,,,1
54.788,330.125,385.632,17.44498672278115,78.3791084635172,10.335,36.96,-1.0632,2.1326,6.4425,0.00501,0.00366,-0.03464,,,,1
54.808,330.29,385.756,17.444987845760185,78.3791100184255,10.331,36.95,-1.9393,-0.8855,14.326,0.00212,-0.00045,0.00693,,,,1
54.828,330.455,385.88,17.444988967976872,78.37911157303989,10.328,36.93,3.238,-2.1329,7.6794,0.00791,-0.02034,0.00549,,,,1
54.848,330.62,386.004,17.444990089428988,78.3791131273542,10.324,36.92,-0.625,2.4732,8.2316,-0.00332,-0.01695,-0.02518,,,,1
54.868,330.785,386.128,17.44499121011434,78.37911468136231,10.32,36.91,-2.3771,-1.0273,14.2185,0.03625,0.00833,-0.01501,,,,1
54.888,330.95,386.252,17.44499233003079,78.37911623505813,10.316,36.89,1.803,-2.6117,6.2783,-0.02561,-0.01608,-0.0035,,,,1
54.908,331.115,386.375,17.44499344917624,78.37911778843564,10.312,36.88,-0.1427,1.9596,9.9212,-0.02198,0.01377,-0.02541,,,,1
54.928,331.28,386.499,17.44499456754865,78.37911934148887,10.308,36.87,-2.7833,0.0489,13.5238,0.03838,-0.02372,0.00071,,,,1
54.948,331.445,386.623,17.444995685146015,78.37912089421194,10.304,36.85,2.1117,-3.1099,5.6257,0.02113,-0.01844,0.01675,,,,1
54.968,331.61,386.746,17.444996801966376,78.379122446599,10.3,36.84,0.5802,2.5835,11.1498,-0.01819,0.01011,0.02565,,,,1
54.988,331.775,386.87,17.444997918007825,78.37912399864426,10.296,36.83,-3.1171,-0.4425,12.7815,0.0212,0.01693,0.02192,,,,1
55.008,331.939,386.993,17.444999033268505,78.379125550342,10.292,36.81,3.0617,-3.1622,5.4277,-0.0078,0.03397,-0.00537,,,,1
55.028,332.104,387.116,17.445000147746605,78.37912710168656,10.288,36.8,1.3276,2.5551,11.8796,0.0151,-0.00519,-0.02888,,,,1
55.048,332.269,387.24,17.44500126144035,78.37912865267236,10.284,36.79,-3.2822,0.2413,12.2711,0.00632,0.02123,0.02776,,,,1
55.068,332.434,387.363,17.44500237434803,78.37913020329384,10.28,36.78,2.1919,-3.4156,5.3988,0.01634,-0.00432,-0.01169,,,,1
55.088,332.598,387.486,17.445003486467968,78.37913175354554,10.276,36.76,0.7955,1.8986,12.1775,0.01001,0.03804,0.00105,,,,1
55.108,332.763,387.609,17.44500459779855,78.37913330342204,10.271,36.75,-3.2868,0.2754,12.1113,-0.01011,-0.01633,-0.09276,,,,1
55.128,332.927,387.731,17.4450057083382,78.379134852918,10.267,36.74,2.3261,-3.2327,5.4016,-0.00334,-2e-05,0.04276,,,,1
55.148,333.092,387.854,17.445006818085396,78.37913640202814,10.263,36.72,0.4938,1.3932,12.0871,0.00867,-0.01464,0.03884,,,,1
55.168,333.256,387.977,17.44500792703866,78.37913795074722,10.259,36.71,-3.529,1.5015,12.3096,-0.02112,0.01789,-0.04444,,,,1
55.188,333.421,388.099,17.445009035196566,78.37913949907012,10.254,36.7,2.6008,-2.9611,5.41,-0.005,0.01669,-0.02011,,,,1
55.208,333.585,388.222,17.44501014255774,78.37914104699172,10.25,36.69,0.8761,1.1667,11.6272,0.00299,0.03472,-0.02569,,,,1
55.228,333.749,388.344,17.44501124912086,78.37914259450703,10.246,36.67,-3.3208,0.7917,12.8398,0.00785,0.0326,-0.05512,,,,1
55.248,333.914,388.466,17.445012354884643,78.37914414161106,10.241,36.66,2.8955,-2.5319,5.5496,-0.00524,0.0004,-0.03454,,,,1
55.269,334.078,388.589,17.445013459847864,78.37914568829896,10.237,36.65,0.0598,1.796,10.7498,0.02233,-0.01683,0.05597,,,,1
55.289,334.242,388.711,17.445014564009348,78.37914723456588,10.232,36.64,-2.7376,-0.5123,13.5438,-0.02355,0.03913,0.00111,,,,1
55.309,334.406,388.833,17.445015667367965,78.37914878040708,10.228,36.62,3.1048,-2.3431,5.9892,0.00749,0.01855,0.03195,,,,1
55.329,334.571,388.955,17.44501676992265,78.37915032581786,10.223,36.61,-0.1545,2.2016,9.4663,0.01916,0.00918,-0.01073,,,,1
55.349,334.735,389.077,17.445017871672366,78.3791518707936,10.219,36.6,-2.3852,-1.3545,14.189,0.06792,-0.00803,-0.07399,,,,1
55.369,334.899,389.198,17.445018972616147,78.3791534153298,10.214,36.59,2.8112,-1.623,6.9665,-0.01965,-0.012,-0.01766,,,,1
55.389,335.063,389.32,17.445020072753067,78.37915495942191,10.21,36.57,-0.8037,2.3032,7.8863,-0.03269,0.00856,-0.01208,,,,1
55.409,335.227,389.442,17.44502117208226,78.37915650306557,10.205,36.56,-2.2286,-0.5278,14.3953,0.0268,0.01582,-0.02121,,,,1
55.429,335.39,389.563,17.4450222706029,78.37915804625644,10.201,36.55,2.8867,-1.3998,8.6185,0.01613,0.02567,-0.06158,,,,1
55.449,335.554,389.685,17.445023368314224,78.37915958899022,10.196,36.54,-1.463,2.1684,6.3515,0.01445,0.03133,0.01653,,,,1
55.469,335.718,389.806,17.445024465215514,78.37916113126272,10.191,36.53,-2.1587,-1.3058,13.7385,-0.03194,0.00827,-0.03832,,,,1
55.489,335.882,389.927,17.445025561306103,78.37916267306984,10.187,36.51,3.0053,-1.5735,10.8191,0.00271,-0.00307,-0.02189,,,,1
55.509,336.046,390.048,17.445026656585384,78.37916421440751,10.182,36.5,-2.2,1.7642,5.4573,0.01231,0.04411,0.01317,,,,1
55.529,336.209,390.169,17.44502775105279,78.37916575527173,10.177,36.49,-0.8397,-2.4697,11.9711,-0.01998,0.0045,-0.03726,,,,1
55.549,336.373,390.29,17.445028844707817,78.37916729565862,10.173,36.48,2.8898,-0.3947,13.0361,-0.02181,-0.02791,-0.0093,,,,1
55.569,336.536,390.411,17.44502993755001,78.37916883556431,10.168,36.47,-2.7161,2.0246,5.8543,-0.00585,-0.00882,0.00231,,,,1
55.589,336.7,390.532,17.445031029578963,78.37917037498505,10.163,36.46,0.4218,-2.8964,9.3141,-0.00944,-0.02168,0.05041,,,,1
55.609,336.863,390.653,17.445032120794323,78.37917191391715,10.158,36.44,2.8142,0.7839,14.3452,0.02023,0.00403,-0.01551,,,,1
55.629,337.027,390.773,17.4450332111958,78.37917345235698,10.154,36.43,-5.745,-1.4863,-0.0961,-0.00289,0.04856,0.01361,,,,1
55.649,337.19,390.894,17.44503430078314,78.37917499030101,10.149,36.42,0.7823,-3.3516,6.6685,-0.01305,0.02236,-0.02084,,,,1
55.669,337.353,391.014,17.445035389556157,78.37917652774576,10.144,36.41,1.2041,1.5026,13.819,0.04975,0.02223,0.03837,,,,1
55.689,337.516,391.134,17.445036477514705,78.37917806468782,10.139,36.4,-3.353,0.8885,10.9628,0.01898,0.01274,-0.06178,,,,1
55.709,337.68,391.255,17.445037564658705,78.37917960112388,10.134,36.39,2.0984,-3.939,5.4086,0.0157,0.04059,-0.05181,,,,1
55.729,337.843,391.375,17.445038650988117,78.3791811370507,10.13,36.37,0.2,2.1649,11.2587,-0.01203,0.02492,-0.00481,,,,1
55.749,338.006,391.495,17.445039736502967,78.37918267246509,10.125,36.36,-3.2999,-0.0855,13.702,-0.01414,0.02191,-0.02571,,,,1
55.769,338.169,391.615,17.445040821203325,78.37918420736396,10.12,36.35,2.7679,-2.4471,6.6052,0.00105,0.00074,0.01069,,,,1
55.789,338.332,391.735,17.44504190508932,78.3791857417443,10.115,36.34,-0.6964,2.8225,7.7733,0.03371,-0.03235,0.01473,,,,1
55.809,338.495,391.854,17.445042988161127,78.37918727560314,10.11,36.33,-1.7051,-1.6301,14.2763,-0.01529,-0.03412,-0.06345,,,,1
55.829,338.658,391.974,17.445044070418984,78.37918880893763,10.105,36.32,2.9973,-1.4439,9.9528,-0.03104,-0.01236,0.0234,,,,1
55.849,338.82,392.094,17.445045151863177,78.37919034174497,10.1,36.31,-2.1336,1.8895,5.5368,-0.02531,0.0512,3e-05,,,,1
55.869,338.983,392.213,17.445046232494047,78.37919187402244,10.095,36.3,-1.0756,-2.1621,11.9169,-0.02967,-0.01377,0.04849,,,,1
55.889,339.146,392.333,17.445047312311985,78.37919340576741,10.09,36.28,2.8969,0.3877,13.4069,-0.00668,0.02638,-0.02365,,,,1
55.909,339.308,392.452,17.445048391317442,78.3791949369773,10.085,36.27,-3.1992,1.6501,6.3761,0.03195,0.01304,0.01408,,,,1
55.929,339.471,392.571,17.445049469510916,78.37919646764963,10.08,36.26,0.954,-3.2314,7.9882,-0.03107,0.02246,0.00969,,,,1
55.949,339.633,392.69,17.44505054689297,78.379197997782,10.075,36.25,1.2886,0.5764,14.3089,0.00607,0.01254,0.03628,,,,1
55.969,339.796,392.81,17.445051623464202,78.37919952737208,10.07,36.24,-3.328,1.1335,10.0245,-0.00575,-0.01998,-0.08823,,,,1
55.989,339.958,392.929,17.445052699225283,78.3792010564176,10.066,36.23,2.1775,-3.4072,5.5086,0.00417,0.03177,-0.05521,,,,1
56.009,340.121,393.047,17.445053774176927,78.37920258491638,10.061,36.22,0.6994,2.0886,11.6298,-0.00461,0.03315,0.02337,,,,1
56.029,340.283,393.166,17.4450548483199,78.37920411286636,10.056,36.21,-1.7334,0.1253,13.6815,-0.03603,0.02122,0.03517,,,,1
56.049,340.445,393.285,17.44505592165503,78.37920564026548,10.051,36.2,3.1026,-2.1951,6.7585,-0.0021,0.02239,0.01308,,,,1
56.069,340.607,393.404,17.445056994183194,78.37920716711182,10.046,36.19,-1.3331,1.8049,7.4057,0.02666,0.01454,-0.04543,,,,1
56.089,340.769,393.522,17.44505806590532,78.37920869340348,10.041,36.18,-1.7936,-1.1475,14.0695,0.01146,-6e-05,-0.01713,,,,1
56.109,340.931,393.641,17.445059136822398,78.37921021913873,10.035,36.17,2.4747,-0.9263,10.9132,0.00209,0.01899,0.02323,,,,1
56.129,341.093,393.759,17.445060206935466,78.37921174431582,10.03,36.16,-2.3309,2.7727,5.4342,0.02213,0.01015,-0.01621,,,,1
56.149,341.255,393.877,17.44506127624561,78.37921326893314,10.025,36.14,-0.5635,-2.4342,10.5951,0.00329,-0.00676,-0.01169,,,,1
56.169,341.417,393.995,17.445062344753982,78.37921479298915,10.02,36.13,2.9711,0.1951,14.1889,-0.00702,0.01682,0.03516,,,,1
56.189,341.579,394.113,17.445063412461778,78.37921631648234,10.015,36.12,-3.3167,2.0934,7.7472,-0.00895,0.02266,0.01017,,,,1
56.209,341.741,394.231,17.445064479370256,78.37921783941137,10.01,36.11,1.3257,-2.2582,6.4401,0.00231,0.00932,-0.00478,,,,1
56.229,341.902,394.349,17.445065545480716,78.37921936177489,10.005,36.1,1.0666,1.0604,13.3356,0.03565,0.01226,0.00387,,,,1
56.249,342.064,394.467,17.44506661079452,78.37922088357168,10.0,36.09,-2.3956,0.8272,12.2431,-0.01381,-0.00338,0.01424,,,,1
56.269,342.225,394.585,17.445067675313084,78.37922240480057,9.995,36.08,2.5036,-2.7756,5.7293,-0.01345,0.00323,-0.00975,,,,1
56.289,342.387,394.703,17.445068739037872,78.37922392546051,9.99,36.07,0.4121,2.2826,9.0457,0.02557,-0.00586,0.00961,,,,1
56.309,342.548,394.82,17.44506980197041,78.37922544555047,9.985,36.06,-1.9085,-1.6817,14.4307,0.01081,-0.01366,-0.03337,,,,1
56.329,342.71,394.938,17.44507086411226,78.37922696506958,9.98,36.05,3.3829,-1.8685,9.296,0.03687,-0.01436,0.01802,,,,1
56.349,342.871,395.055,17.445071925465058,78.37922848401695,9.975,36.04,-1.741,2.1355,5.6485,0.03669,0.01098,-0.01997,,,,1
56.369,343.032,395.172,17.44507298603048,78.37923000239185,9.97,36.03,-0.6027,-2.4957,12.0069,0.02413,0.02272,-0.03193,,,,1
56.389,343.194,395.289,17.44507404581026,78.3792315201936,9.965,36.02,2.0909,-0.7782,13.5231,0.0232,0.00947,0.02845,,,,1
56.409,343.355,395.407,17.44507510480618,78.37923303742157,9.96,36.01,-3.0484,1.7951,6.6563,0.00896,0.02524,0.00295,,,,1
56.429,343.516,395.524,17.44507616302008,78.37923455407528,9.955,36.0,1.2653,-3.1358,7.4355,-0.02905,0.00563,1e-05,,,,1
56.449,343.677,395.641,17.445077220453854,78.37923607015426,9.95,35.99,1.7237,1.1358,14.0448,-0.01007,0.01812,0.00638,,,,1
56.469,343.838,395.757,17.445078277109438,78.37923758565816,9.945,35.98,-3.7342,0.1467,11.0445,-0.00806,0.01868,-0.05407,,,,1
56.489,343.999,395.874,17.445079332988836,78.37923910058667,9.94,35.97,2.3409,-3.4638,5.4456,0.02872,0.00442,0.01526,,,,1
56.509,344.159,395.991,17.445080388094095,78.37924061493962,9.935,35.96,0.8345,2.3036,10.337,0.04264,-0.03402,-0.01111,,,,1
56.529,344.32,396.108,17.44508144242731,78.37924212871684,9.93,35.95,-2.0361,-0.9811,14.2791,0.00759,0.01421,0.04029,,,,1
56.549,344.481,396.224,17.445082495990636,78.37924364191832,9.925,35.95,3.1039,-1.6428,8.0358,0.01212,-0.01111,0.06767,,,,1
56.569,344.642,396.34,17.445083548786283,78.37924515454408,9.92,35.94,-1.0956,2.6566,6.2503,-0.00483,-0.00215,0.00342,,,,1
56.589,344.802,396.457,17.4450846008165,78.37924666659421,9.915,35.93,-1.3673,-1.7424,13.1151,0.00207,0.04061,0.00675,,,,1
56.609,344.963,396.573,17.445085652083602,78.37924817806893,9.91,35.92,2.3785,-0.2176,12.499,-0.00154,0.01659,-0.00099,,,,1
56.629,345.123,396.689,17.445086702589943,78.37924968896849,9.905,35.91,-3.0572,2.1071,5.8343,0.04186,-0.00533,-0.06172,,,,1
56.649,345.284,396.805,17.44508775233794,78.37925119929321,9.9,35.9,1.0216,-3.0542,8.8386,0.03838,0.01626,-0.0517,,,,1
56.669,345.444,396.921,17.44508880133005,78.37925270904356,9.896,35.89,2.0958,1.0016,14.4201,-0.01971,0.00311,-0.04402,,,,1
56.689,345.604,397.037,17.445089849568795,78.37925421822,9.891,35.88,-3.281,1.482,9.36,0.00956,-0.01071,0.01304,,,,1
56.709,345.764,397.153,17.445090897056733,78.37925572682312,9.886,35.87,1.7696,-3.068,5.6514,0.00175,-0.00609,0.03934,,,,1
56.729,345.925,397.269,17.445091943796484,78.37925723485358,9.881,35.86,1.5722,2.38,12.1181,-0.06708,0.02104,0.00837,,,,1
56.749,346.085,397.385,17.44509298979071,78.37925874231213,9.876,35.85,-2.2495,-0.1131,13.3548,0.03344,0.0106,-0.04293,,,,1
56.769,346.245,397.5,17.445094035042132,78.37926024919956,9.871,35.84,3.7726,-2.4814,6.3915,0.05663,-0.01883,-0.06818,,,,1
56.789,346.405,397.616,17.445095079553514,78.37926175551678,9.866,35.83,-0.7955,2.494,7.9013,0.02709,0.01542,-0.02012,,,,1
56.809,346.565,397.731,17.445096123327676,78.37926326126473,9.861,35.83,-1.826,-1.7189,14.2709,-0.00023,0.00032,-0.01876,,,,1
56.829,346.724,397.847,17.445097166367486,78.37926476644446,9.857,35.82,2.5972,-1.4646,10.1456,0.03301,0.0005,0.01739,,,,1
56.849,346.884,397.962,17.44509820867586,78.3792662710571,9.852,35.81,-1.4702,3.0957,5.4824,0.01652,0.02615,0.02693,,,,1
56.869,347.044,398.077,17.445099250255762,78.37926777510384,9.847,35.8,-1.0657,-2.1807,11.5965,0.04688,0.02234,-0.00048,,,,1
56.889,347.204,398.192,17.445100291110215,78.37926927858595,9.842,35.79,2.9248,-0.2332,13.6254,0.01414,0.00926,-0.04011,,,,1
56.909,347.363,398.307,17.445101331242277,78.3792707815048,9.837,35.78,-3.3618,1.9554,6.5927,0.00714,0.02014,-0.00313,,,,1
56.929,347.523,398.422,17.445102370655064,78.3792722838618,9.833,35.77,0.579,-2.7804,7.7189,0.00619,0.0039,-0.06383,,,,1
56.949,347.682,398.537,17.445103409351745,78.37927378565843,9.828,35.76,1.6094,1.249,14.2445,0.00156,-0.0047,-0.01296,,,,1
56.969,347.842,398.652,17.445104447335524,78.3792752868963,9.823,35.76,-3.4332,1.3493,10.0548,0.01833,-0.03474,0.0304,,,,1
56.989,348.001,398.767,17.445105484609662,78.37927678757704,9.819,35.75,1.8072,-3.0907,5.5141,0.03719,0.02485,-0.00938,,,,1
57.009,348.16,398.881,17.445106521177472,78.37927828770239,9.814,35.74,0.5355,2.0094,11.9368,-0.01449,0.02612,0.03407,,,,1
57.029,348.32,398.996,17.445107557042302,78.37927978727416,9.809,35.73,-2.573,0.2058,13.283,0.02401,0.03133,-0.0167,,,,1
57.049,348.479,399.11,17.445108592207564,78.37928128629419,9.805,35.72,2.3895,-2.9493,6.1589,0.06829,-0.00899,0.00991,,,,1
57.069,348.638,399.225,17.4451096266767,78.37928278476446,9.8,35.71,-0.4008,2.5066,8.524,-0.01256,0.00526,-0.04815,,,,1
57.089,348.797,399.339,17.445110660453217,78.37928428268698,9.795,35.71,-1.7165,-1.9032,14.4137,0.02558,-0.02159,0.00678,,,,1
57.109,348.956,399.453,17.445111693540653,78.37928578006385,9.791,35.7,2.9878,-1.6327,8.844,0.00493,0.0182,-0.00736,,,,1
57.129,349.115,399.567,17.4451127259426,78.37928727689724,9.786,35.69,-1.8635,2.8698,6.0392,-0.02153,0.00565,-0.0177,,,,1
57.149,349.274,399.682,17.4451137576627,78.37928877318942,9.782,35.68,0.0551,0.2746,17.9372,-0.0276,0.00713,0.03128,,,,1
57.169,349.433,399.796,17.445114788704633,78.37929026894265,9.777,35.67,3.6049,-1.1189,11.8684,0.02119,0.04555,0.00975,,,,1
57.189,349.592,399.91,17.44511581907213,78.37929176415938,9.773,35.66,-2.3245,2.5503,5.4731,-0.01842,0.01144,-0.0169,,,,1
57.209,349.75,400.023,17.445116848768965,78.37929325884201,9.768,35.66,-0.4837,-1.953,10.7271,0.02427,0.03797,0.03421,,,,1
57.229,349.909,400.137,17.445117877798964,78.37929475299312,9.764,35.65,2.9567,0.4723,13.8857,0.0092,0.01662,0.0582,,,,1
57.249,350.068,400.251,17.445118906165984,78.3792962466153,9.759,35.64,-3.3628,2.0167,6.6177,0.0453,0.01454,-0.03832,,,,1
57.269,350.226,400.365,17.445119933873944,78.3792977397112,9.755,35.63,0.9218,-2.8102,8.1773,-0.01101,-0.02162,-0.01483,,,,1
57.289,350.385,400.478,17.445120960926793,78.3792992322836,9.751,35.63,2.3715,1.1247,14.434,-0.01307,-0.00859,0.00061,,,,1
57.309,350.543,400.592,17.445121987328537,78.3793007243353,9.746,35.62,-3.2743,0.9066,8.6274,0.0307,-0.01643,0.07711,,,,1
57.329,350.702,400.705,17.44512301308321,78.37930221586919,9.742,35.61,1.0868,-3.1038,6.3722,0.00166,0.01277,-0.02729,,,,1
57.349,350.86,400.819,17.44512403819491,78.37930370688821,9.738,35.6,1.23,1.8389,13.7846,0.02533,-0.03674,-0.01038,,,,1
57.369,351.018,400.932,17.445125062667753,78.37930519739538,9.733,35.59,-4.3691,-0.5322,5.9797,0.03331,0.04809,0.03237,,,,1
57.389,351.176,401.045,17.445126086505923,78.37930668739382,9.729,35.59,2.5045,-2.7869,5.5367,0.03811,0.01275,0.03797,,,,1
57.409,351.335,401.158,17.445127109713635,78.37930817688667,9.725,35.58,1.7234,2.4716,15.8252,-0.0183,-0.01932,-0.0372,,,,1
57.429,351.493,401.271,17.445128132295142,78.37930966587716,9.721,35.57,-2.8837,0.4331,12.2724,0.00066,0.00173,9e-05,,,,1
57.449,351.651,401.384,17.445129154254747,78.37931115436858,9.717,35.57,1.5933,-3.0382,5.4667,-0.02779,0.03588,-0.0138,,,,1
57.469,351.809,401.497,17.44513017559679,78.37931264236431,9.712,35.56,0.2441,2.1965,11.2176,0.03282,0.00592,-0.06189,,,,1
57.489,351.967,401.61,17.44513119632566,78.37931412986775,9.708,35.55,-3.0986,-0.5293,12.7046,0.00428,-0.00633,-0.03067,,,,1
57.509,352.125,401.723,17.445132216445778,78.37931561688244,9.704,35.54,2.3118,-3.0547,5.8015,-0.04037,0.0138,0.01738,,,,1
57.529,352.283,401.836,17.445133235961606,78.37931710341189,9.7,35.54,-0.2948,1.428,10.1437,0.03047,0.00448,-0.02283,,,,1
57.549,352.44,401.949,17.445134254877654,78.37931858945976,9.696,35.53,-3.0155,0.2286,13.864,0.0251,0.01248,0.02599,,,,1
57.569,352.598,402.061,17.445135273198467,78.37932007502971,9.692,35.52,2.949,-2.6595,6.1959,-0.01275,-0.0016,0.00952,,,,1
57.589,352.756,402.174,17.445136290928634,78.37932156012553,9.688,35.51,-0.243,2.4287,9.453,0.00339,0.00898,0.0001,,,,1
57.609,352.914,402.286,17.445137308072773,78.379323044751,9.684,35.51,-3.542,-0.4192,14.1067,0.01975,0.01284,-0.01582,,,,1
57.629,353.071,402.399,17.445138324635554,78.37932452891005,9.681,35.5,2.0448,-2.8593,6.4443,0.02878,0.01953,-0.00013,,,,1
57.649,353.229,402.511,17.445139340621676,78.37932601260658,9.677,35.49,-0.5051,1.8988,9.1847,-0.00522,0.02632,0.02997,,,,1
57.669,353.386,402.623,17.445140356035886,78.37932749584462,9.673,35.49,-2.4418,-0.8587,14.1514,0.02737,-0.01532,-0.06191,,,,1
57.689,353.544,402.736,17.445141370882958,78.37932897862822,9.669,35.48,1.7901,-2.715,6.4305,0.00245,-0.01289,-0.04069,,,,1
57.709,353.701,402.848,17.44514238516771,78.37933046096153,9.665,35.47,-0.4042,2.5311,9.3489,0.01539,-0.01017,0.03349,,,,1
57.729,353.859,402.96,17.445143398895,78.37933194284872,9.662,35.47,-2.8967,-0.6759,14.0301,0.01352,0.05049,-0.06391,,,,1
57.749,354.016,403.072,17.445144412069713,78.37933342429406,9.658,35.46,3.3713,-1.8148,6.1609,-0.02921,-0.01534,-0.03894,,,,1
57.769,354.173,403.184,17.445145424696783,78.37933490530185,9.654,35.45,-0.1281,2.7091,9.9878,-0.00702,0.021,0.01043,,,,1
57.789,354.33,403.296,17.445146436781172,78.37933638587644,9.651,35.45,-2.6623,0.2185,13.6534,-0.01711,-0.00886,0.00212,,,,1
57.809,354.488,403.408,17.44514744832788,78.3793378660223,9.647,35.44,2.9586,-2.3732,6.5588,-0.00918,0.00557,-0.02743,,,,1
57.829,354.645,403.52,17.44514845934194,78.37933934574389,9.644,35.43,-0.4234,2.7147,11.0841,0.01324,0.00793,0.02037,,,,1
57.849,354.802,403.631,17.445149469828426,78.37934082504574,9.64,35.43,-2.6828,0.1929,12.8024,-0.00881,-0.03612,-0.04965,,,,1
57.869,354.959,403.743,17.445150479792442,78.37934230393248,9.637,35.42,4.8321,0.3745,13.4751,0.01361,0.03529,0.07643,,,,1
57.889,355.116,403.855,17.445151489239127,78.37934378240874,9.633,35.41,1.1905,1.8563,12.532,-0.01499,0.02187,0.01555,,,,1
57.909,355.273,403.966,17.445152498173655,78.37934526047925,9.63,35.41,-1.5697,1.1019,11.2573,0.00046,0.01393,-0.00626,,,,1
57.929,355.43,404.078,17.445153506601233,78.37934673814878,9.626,35.4,0.9786,-2.6784,5.7869,0.03661,0.02516,0.03271,,,,1
57.949,355.587,404.189,17.4451545145271,78.37934821542214,9.623,35.4,2.3601,1.0906,13.9254,-0.00934,-0.0155,0.02492,,,,1
57.969,355.744,404.301,17.44515552195653,78.37934969230422,9.62,35.39,-3.2709,1.2461,9.0075,0.02266,-0.01476,0.02824,,,,1
57.989,355.9,404.412,17.445156528894827,78.37935116879991,9.617,35.38,1.1414,-2.6345,7.2846,-0.02208,0.00807,-0.01133,,,,1
58.009,356.057,404.523,17.445157535347327,78.37935264491425,9.613,35.38,2.3755,0.8101,14.447,0.02391,0.01738,-0.05131,,,,1
58.029,356.214,404.635,17.4451585413194,78.37935412065224,9.61,35.37,-3.0656,1.9394,6.6103,-0.01046,-0.02433,0.02817,,,,1
58.049,356.371,404.746,17.44515954681645,78.37935559601895,9.607,35.37,-0.2479,-3.1999,10.095,-0.00702,0.03456,0.0222,,,,1
58.069,356.527,404.857,17.445160551843895,78.37935707101957,9.604,35.36,3.1253,-0.5368,13.0858,0.02811,0.02937,0.02131,,,,1
58.089,356.684,404.968,17.445161556407207,78.37935854565923,9.601,35.35,-2.8194,2.8166,5.4561,-0.04061,-0.00758,-0.02654,,,,1
58.109,356.84,405.079,17.44516256051187,78.3793600199432,9.598,35.35,-0.9429,-1.1263,13.2398,0.0036,0.02162,0.02499,,,,1
58.129,356.997,405.19,17.445163564163412,78.37936149387677,9.595,35.34,3.0627,-2.0285,9.6722,0.02602,0.0039,-0.01715,,,,1
58.149,357.154,405.301,17.44516456736737,78.37936296746525,9.592,35.34,-1.4865,2.4678,7.1329,-0.02925,-0.00138,0.03444,,,,1
58.169,357.31,405.412,17.44516557012933,78.37936444071406,9.589,35.33,-2.5917,-0.8467,14.3948,0.00404,0.00763,-0.00824,,,,1
58.189,357.466,405.523,17.445166572454895,78.37936591362858,9.586,35.32,3.3202,-1.9574,6.1133,-0.01731,-0.01894,-0.04208,,,,1
58.209,357.623,405.634,17.445167574349696,78.37936738621431,9.583,35.32,0.3289,2.0718,11.3883,-0.00668,0.01759,-0.03304,,,,1
58.229,357.779,405.744,17.445168575819395,78.37936885847678,9.581,35.31,-2.9782,0.4015,11.5307,0.00905,0.02291,-0.02253,,,,1
58.249,357.935,405.855,17.44516957686968,78.37937033042155,9.578,35.31,1.3082,-2.6915,6.101,0.01667,0.01979,0.03482,,,,1
58.269,358.092,405.966,17.445170577506268,78.37937180205424,9.575,35.3,2.464,0.6624,14.4225,0.01631,0.03728,-0.00525,,,,1
58.289,358.248,406.076,17.445171577734893,78.37937327338048,9.573,35.3,-2.6332,1.6179,6.6577,0.03065,-0.00965,-0.01583,,,,1
58.309,358.404,406.187,17.445172577561323,78.37937474440598,9.57,35.29,0.4442,-2.7755,10.8452,0.00191,0.01956,0.07606,,,,1
58.329,358.56,406.298,17.445173576991348,78.3793762151365,9.568,35.29,3.0854,-0.2238,11.7471,-0.00546,0.05063,-0.01007,,,,1
58.349,358.717,406.408,17.445174576030784,78.3793776855778,9.565,35.28,-1.2484,2.8557,6.159,0.01491,0.03975,-0.03419,,,,1
58.369,358.873,406.519,17.445175574685464,78.3793791557357,9.563,35.28,-2.1843,-0.8511,14.4534,0.02877,0.03377,0.06621,,,,1
58.389,359.029,406.629,17.445176572961262,78.37938062561608,9.56,35.27,3.3577,-2.5476,6.1661,-0.00736,0.02016,-0.02467,,,,1
58.409,359.185,406.739,17.445177570864058,78.37938209522483,9.558,35.27,0.4606,2.1191,11.9239,0.01218,0.01087,-0.0371,,,,1
58.429,359.341,406.85,17.445178568399758,78.3793835645679,9.555,35.26,-2.8737,1.2741,10.2925,0.01552,0.01332,0.03307,,,,1
58.449,359.497,406.96,17.4451795655743,78.37938503365127,9.553,35.26,0.8821,-2.7073,7.4387,0.00728,0.01065,-0.02671,,,,1
58.469,359.653,407.07,17.44518056239363,78.37938650248095,9.551,35.25,2.7428,0.0937,13.9319,0.01387,0.02495,-0.01065,,,,1
58.489,359.809,407.18,17.44518155886373,78.37938797106303,9.549,35.25,-1.5096,3.866,7.7101,0.02062,0.02829,0.00315,,,,1
58.509,359.965,407.291,17.445182554990595,78.37938943940354,9.547,35.24,-1.5364,-1.4519,13.9641,0.01153,-0.01653,-0.01158,,,,1
58.529,360.121,407.401,17.445183550780236,78.37939090750865,9.545,35.24,3.0266,-2.5285,7.2023,0.00637,-0.0086,-0.0087,,,,1
58.549,360.277,407.511,17.445184546238693,78.3793923753845,9.542,35.23,0.4872,1.9743,10.9273,0.00417,-0.00985,0.0162,,,,1
58.569,360.433,407.621,17.445185541372023,78.37939384303729,9.54,35.23,-2.5052,0.2289,10.8084,0.02717,-0.00011,-0.00582,,,,1
58.589,360.588,407.731,17.4451865361863,78.37939531047326,9.539,35.22,1.3817,-2.0113,7.4144,0.01382,0.00745,-0.02692,,,,1
58.609,360.744,407.841,17.445187530687615,78.37939677769866,9.537,35.22,3.2176,0.2361,13.6789,0.02912,0.01361,-0.0065,,,,1
58.629,360.9,407.951,17.445188524882084,78.37939824471978,9.535,35.21,-2.1257,2.3514,5.5596,0.00891,0.01858,0.03377,,,,1
58.649,361.056,408.061,17.445189518775837,78.37939971154294,9.533,35.21,-2.4219,-1.14,14.4033,0.01954,0.02446,-0.01514,,,,1
58.669,361.212,408.171,17.44519051237502,78.3794011781745,9.531,35.2,3.1504,-2.7632,5.9024,0.01755,0.01261,0.02814,,,,1
58.689,361.367,408.281,17.4451915056858,78.37940264462084,9.529,35.2,1.6426,2.2941,13.1641,-0.00506,0.00567,0.00542,,,,1
58.709,361.523,408.39,17.44519249871435,78.37940411088836,9.528,35.2,-2.4583,1.2758,7.7883,-0.04213,-0.00833,-0.01345,,,,1
58.729,361.679,408.5,17.445193491466867,78.37940557698352,9.526,35.19,-0.5318,-2.3147,10.9149,-0.02652,-0.00214,-0.0204,,,,1
58.749,361.834,408.61,17.445194483949567,78.37940704291276,9.525,35.19,3.162,-1.3903,10.1578,0.02319,-0.00134,-8e-05,,,,1
58.769,361.99,408.72,17.445195476168674,78.37940850868259,9.523,35.18,-1.0674,2.9003,8.6486,0.01746,0.0241,0.04257,,,,1
58.789,362.146,408.829,17.44519646813043,78.37940997429952,9.522,35.18,-3.1888,0.5644,12.1976,0.00646,0.01953,-0.00733,,,,1
58.809,362.301,408.939,17.445197459841086,78.3794114397701,9.52,35.17,1.6045,-3.5392,6.9318,0.01132,0.0133,-0.03194,,,,1
58.829,362.457,409.049,17.44519845130691,78.37941290510088,9.519,35.17,2.7324,-0.2583,13.556,-0.00687,0.01925,-0.02359,,,,1
58.849,362.613,409.158,17.44519944253419,78.37941437029846,9.517,35.17,-1.3647,2.3521,5.9312,-0.00816,0.00483,0.02266,,,,1
58.869,362.768,409.268,17.44520043352921,78.37941583536946,9.516,35.16,-2.5946,-0.3905,14.2445,0.00075,-0.00276,-0.02126,,,,1
58.889,362.924,409.378,17.44520142429828,78.3794173003205,9.515,35.16,2.2678,-2.2214,5.5164,0.02246,-0.02537,0.04283,,,,1
58.909,363.079,409.487,17.445202414847714,78.37941876515823,9.514,35.15,1.9276,-0.0151,14.4528,0.02715,-0.0002,0.03079,,,,1
58.929,363.235,409.597,17.44520340518384,78.37942022988935,9.513,35.15,-2.2183,2.2839,5.4688,0.01269,-0.02245,-0.02553,,,,1
58.949,363.39,409.706,17.445204395313,78.37942169452052,9.511,35.15,-3.1974,-1.263,14.4098,0.00796,0.0133,-0.00391,,,,1
58.969,363.546,409.816,17.445205385241536,78.37942315905848,9.51,35.14,2.51,-2.7832,5.5698,0.00498,-0.01159,0.03486,,,,1
58.989,363.702,409.925,17.44520637497581,78.37942462350993,9.509,35.14,1.369,1.3973,14.2939,-0.00186,0.00474,-0.01249,,,,1
59.009,363.857,410.035,17.445207364522187,78.37942608788165,9.508,35.14,-2.8966,1.2318,2.6933,-0.03377,0.00381,0.00047,,,,1
59.029,364.013,410.144,17.445208353887043,78.37942755218039,9.508,35.13,-1.4649,-1.0864,14.228,0.02315,-0.03587,0.0285,,,,1
59.049,364.168,410.253,17.44520934307676,78.37942901641291,9.507,35.13,2.8742,-2.8194,5.6896,0.01967,-0.02994,0.04478,,,,1
59.069,364.324,410.363,17.445210332097727,78.37943048058604,9.506,35.12,2.6086,1.2252,14.2657,0.01156,0.02127,0.01901,,,,1
59.089,364.479,410.472,17.445211320956343,78.37943194470655,9.505,35.12,-2.8101,2.8359,5.6083,0.01818,0.01032,0.00379,,,,1
59.109,364.635,410.581,17.445212309659013,78.37943340878127,9.504,35.12,-1.227,-1.3785,14.3714,0.04096,0.03655,-0.01211,,,,1
59.129,364.79,410.691,17.445213298212146,78.37943487281704,9.504,35.11,2.869,-2.3496,5.4956,-0.00456,0.01893,-0.03851,,,,1
59.149,364.945,410.8,17.44521428662216,78.3794363368207,9.503,35.11,2.235,0.8197,14.4624,0.01183,-0.00184,-0.00972,,,,1
59.169,365.101,410.909,17.445215274895475,78.3794378007991,9.503,35.11,-1.614,3.1116,5.482,-0.01942,-0.03216,-0.00899,,,,1
59.189,365.256,411.019,17.445216263038514,78.3794392647591,9.502,35.1,-2.8467,-0.592,14.3555,0.04016,0.02466,0.02094,,,,1
59.209,365.412,411.128,17.44521725105771,78.37944072870756,9.502,35.1,1.5739,-2.6496,5.7658,0.00694,0.03722,-0.00562,,,,1
59.229,365.567,411.237,17.44521823895949,78.3794421926514,9.501,35.1,2.6364,0.0111,13.8282,-0.03485,-0.03151,0.00068,,,,1
59.249,365.723,411.346,17.445219226750297,78.37944365659747,9.501,35.1,-1.429,2.7381,6.5996,-0.00212,0.01137,0.0413,,,,1
59.269,365.878,411.456,17.445220214436564,78.37944512055267,9.501,35.09,-3.3664,0.5975,12.6387,0.03111,0.00414,0.00173,,,,1
59.289,366.034,411.565,17.445221202024737,78.3794465845239,9.5,35.09,1.2396,-2.4725,8.1623,0.01985,-0.0352,-0.01626,,,,1
59.309,366.189,411.674,17.445222189521253,78.37944804851807,9.5,35.09,3.1853,-1.6386,10.7117,0.03842,-0.01672,-0.03537,,,,1
59.329,366.345,411.783,17.445223176932558,78.3794495125421,9.5,35.08,0.393,2.9618,10.3947,0.00313,0.01611,-0.01322,,,,1
59.349,366.5,411.893,17.4452241642651,78.37945097660285,9.5,35.08,-3.2759,1.034,8.299,0.02201,0.03811,-0.02815,,,,1
59.369,366.656,412.002,17.44522515152531,78.3794524407073,9.5,35.08,-1.6954,-2.1378,12.7853,0.01281,0.01062,-0.01708,,,,1
59.389,366.811,412.111,17.445226138719647,78.3794539048623,9.5,35.08,3.0184,-2.3852,6.176,0.01221,0.00974,0.08484,,,,1
59.409,366.967,412.22,17.44522712585454,78.37945536907482,9.5,35.07,1.3156,1.2728,14.3315,-0.01425,0.00666,-0.00795,,,,1
59.429,367.122,412.329,17.44522811293644,78.37945683335174,9.5,35.07,-2.048,3.3724,5.4886,-0.05586,0.02115,0.01046,,,,1
59.449,367.278,412.438,17.445229099971783,78.3794582977,9.5,35.07,-3.2015,-0.8288,13.904,0.00419,-0.00107,0.05957,,,,1
59.469,367.433,412.548,17.445230086967005,78.37945976212649,9.501,35.06,1.9574,-2.9526,7.1339,-0.03661,0.01323,-0.02915,,,,1
59.489,367.589,412.657,17.44523107392854,78.37946122663813,9.501,35.06,3.3605,-2.2134,10.1847,0.01733,0.04057,0.01237,,,,1
59.509,367.744,412.766,17.445232060862818,78.37946269124181,9.501,35.06,0.4221,2.3663,10.7117,-0.00302,-0.0134,0.03391,,,,1
59.529,367.9,412.875,17.44523304777627,78.37946415594446,9.502,35.06,-2.4357,2.1617,7.3281,-0.0114,0.01099,0.011,,,,1
59.549,368.055,412.984,17.44523403467531,78.37946562075297,9.502,35.06,-1.8988,-0.74,13.9501,-0.01203,0.00373,-0.01204,,,,1
59.569,368.211,413.093,17.44523502156636,78.37946708567421,9.502,35.05,2.5686,-2.6181,5.453,0.00659,0.00095,0.01729,,,,1
59.589,368.367,413.203,17.445236008455836,78.37946855071509,9.503,35.05,2.9508,0.507,13.8572,0.02438,-0.00044,-0.0259,,,,1
59.609,368.522,413.312,17.445236995350136,78.37947001588248,9.503,35.05,-0.6168,2.9797,7.7115,-0.00053,0.00639,-0.00477,,,,1
59.629,368.678,413.421,17.445237982255666,78.37947148118323,9.504,35.05,-3.3674,0.1919,7.2523,-0.00983,0.00551,-0.04668,,,,1
59.649,368.834,413.53,17.445238969178813,78.37947294662423,9.505,35.04,-0.5331,-2.4978,12.462,-0.00956,-0.00253,0.01909,,,,1
59.669,368.989,413.639,17.445239956125967,78.3794744122123,9.505,35.04,2.8896,-2.3466,5.802,0.03764,0.01935,0.03839,,,,1
59.689,369.145,413.748,17.445240943103503,78.37947587795432,9.506,35.04,1.9377,-0.0671,14.3544,0.00426,0.00162,0.02535,,,,1
59.709,369.301,413.857,17.445241930117792,78.37947734385708,9.507,35.04,-1.4256,3.3211,6.917,-0.04956,-0.00323,0.02025,,,,1
59.729,369.456,413.967,17.445242917175193,78.3794788099274,9.508,35.04,-3.1287,1.1825,10.3995,-0.0028,-0.00721,0.00099,,,,1
59.749,369.612,414.076,17.44524390428206,78.3794802761721,9.509,35.03,-0.7311,-1.4763,12.3483,-0.02365,0.02307,-0.01432,,,,1
59.769,369.768,414.185,17.44524489144473,78.37948174259796,9.51,35.03,2.2678,-2.6797,5.6969,-0.00731,-0.02095,-0.04051,,,,1
59.789,369.923,414.294,17.445245878669535,78.37948320921176,9.511,35.03,3.7189,0.4278,14.1548,-0.01868,0.01295,-0.02466,,,,1
59.809,370.079,414.403,17.445246865962798,78.37948467602024,9.512,35.03,-0.0468,2.8323,7.8459,0.04293,0.0175,-0.02063,,,,1
59.829,370.235,414.513,17.445247853330827,78.37948614303015,9.513,35.03,-2.8187,1.6635,8.8365,0.01102,-0.03926,0.01444,,,,1
59.849,370.391,414.622,17.445248840779918,78.37948761024822,9.514,35.03,-1.389,-1.6323,13.7384,0.02587,-0.0079,0.03696,,,,1
59.869,370.547,414.731,17.445249828316353,78.37948907768116,9.515,35.02,2.0547,-2.544,5.5405,0.04234,0.02735,0.00751,,,,1
59.889,370.703,414.84,17.445250815946412,78.37949054533564,9.517,35.02,2.8072,-0.9078,12.3898,0.01032,0.0488,-0.00169,,,,1
59.909,370.858,414.949,17.445251803676346,78.37949201321835,9.518,35.02,0.5283,1.8543,11.0095,0.05549,-0.00741,0.05622,,,,1
59.929,371.014,415.059,17.445252791512406,78.37949348133593,9.519,35.02,-2.5356,2.9575,6.0079,-0.02596,-0.01009,0.01757,,,,1
59.949,371.17,415.168,17.44525377946082,78.37949494969499,9.521,35.02,-2.9985,0.0324,14.182,0.03289,-0.00655,-0.03932,,,,1
59.969,371.326,415.277,17.44525476752781,78.37949641830215,9.522,35.02,0.8269,-2.572,8.3627,0.00867,0.01961,-0.00011,,,,1
59.989,371.482,415.387,17.445255755719568,78.379497887164,9.524,35.02,3.1486,-1.208,7.697,0.02215,0.00955,-0.01116,,,,1
60.009,371.638,415.496,17.44525674404229,78.3794993562871,9.525,35.01,1.4569,0.9335,14.4081,0.00172,0.01181,-0.05023,,,,1
60.029,371.794,415.605,17.445257732502142,78.37950082567797,9.527,35.01,-1.4514,3.3809,6.7569,0.01766,0.02395,0.03667,,,,1
60.049,371.95,415.715,17.445258721105272,78.37950229534312,9.528,35.01,-3.2292,1.6601,9.2854,0.01306,0.04046,0.00851,,,,1
60.069,372.107,415.824,17.445259709857826,78.37950376528903,9.53,35.01,-0.8019,-1.7219,13.9844,0.0027,-0.03061,0.05673,,,,1
60.089,372.263,415.933,17.445260698765917,78.37950523552217,9.532,35.01,1.9607,-1.987,6.0403,0.00739,0.02084,0.03683,,,,1
60.109,372.419,416.043,17.44526168783565,78.37950670604897,9.534,35.01,2.7954,-0.7966,10.226,0.0396,0.03087,-0.01473,,,,1
60.129,372.575,416.152,17.445262677073107,78.37950817687583,9.536,35.01,1.7974,1.5996,13.6299,-0.01024,0.0198,0.01787,,,,1
60.149,372.731,416.262,17.445263666484347,78.37950964800912,9.537,35.01,-2.2328,3.1678,5.8356,0.0351,0.00044,0.01639,,,,1
60.169,372.888,416.371,17.44526465607542,78.37951111945517,9.539,35.01,-2.6259,1.1392,10.4257,-0.01073,0.03203,0.00084,,,,1
60.189,373.044,416.48,17.44526564585235,78.37951259122032,9.541,35.01,-1.5298,-1.1353,13.6526,0.01744,-0.00087,-0.05154,,,,1
60.209,373.2,416.59,17.445266635821138,78.37951406331084,9.543,35.01,1.7666,-3.6649,5.9649,0.00309,0.01235,0.02807,,,,1
60.229,373.357,416.699,17.445267625987775,78.37951553573296,9.545,35.0,3.8784,-1.6739,9.9036,0.01666,-0.01531,-0.0486,,,,1
60.249,373.513,416.809,17.445268616358216,78.37951700849293,9.548,35.0,1.3528,1.8316,14.0397,0.01022,0.0044,-0.03783,,,,1
60.269,373.669,416.919,17.44526960693841,78.37951848159692,9.55,35.0,-1.7568,2.7849,6.5285,0.01452,0.03323,0.01235,,,,1
60.289,373.826,417.028,17.44527059773427,78.37951995505107,9.552,35.0,-3.2552,1.8596,8.6625,0.01678,0.02969,-0.02781,,,,1
60.309,373.982,417.138,17.4452715887517,78.3795214288615,9.554,35.0,-1.5831,-1.3715,14.4318,0.00798,0.01956,-0.0194,,,,1
60.329,374.139,417.247,17.44527257999657,78.37952290303429,9.556,35.0,0.3034,-1.8724,7.8808,0.02918,0.05746,0.00808,,,,1
60.349,374.296,417.357,17.44527357147473,78.37952437757548,9.559,35.0,2.0051,-1.5582,6.956,0.0147,0.02571,0.02549,,,,1
60.369,374.452,417.467,17.445274563192008,78.37952585249108,9.561,35.0,2.6268,0.2758,14.1216,0.03912,-0.00078,-0.00585,,,,1
60.389,374.609,417.576,17.445275555154204,78.37952732778707,9.564,35.0,0.4763,2.3575,10.2399,-0.00027,0.01454,0.05243,,,,1
60.409,374.766,417.686,17.4452765473671,78.37952880346936,9.566,35.0,-1.8853,3.0937,5.5878,-0.01037,0.01198,-0.02703,,,,1
60.429,374.922,417.796,17.44527753983645,78.37953027954384,9.569,35.0,-3.1166,1.5515,12.2455,0.01349,-0.00475,0.04013,,,,1
60.449,375.079,417.906,17.445278532567976,78.37953175601638,9.571,35.0,-1.2048,-1.2859,13.0632,-0.02441,0.00913,-0.02152,,,,1
60.469,375.236,418.016,17.445279525567386,78.37953323289277,9.574,35.0,2.2397,-1.817,6.0181,0.02588,0.01119,0.05934,,,,1
60.489,375.393,418.125,17.44528051884035,78.37953471017879,9.576,35.0,2.5762,-1.9141,8.7531,-0.003,0.02776,0.04676,,,,1
60.509,375.55,418.235,17.445281512392516,78.37953618788015,9.579,35.0,2.3115,0.5111,14.4433,0.02229,0.03362,0.01416,,,,1
60.529,375.707,418.345,17.44528250622951,78.37953766600255,9.582,35.0,-0.0246,2.197,9.2361,0.01119,-0.01722,0.02913,,,,1
60.549,375.864,418.455,17.445283500356926,78.37953914455163,9.585,35.0,-2.2827,2.809,5.7145,0.003,0.0168,0.03395,,,,1
60.569,376.021,418.565,17.445284494780324,78.37954062353298,9.587,35.0,-3.1367,0.8572,12.1732,0.01021,0.01312,-0.00508,,,,1
60.589,376.178,418.675,17.445285489505242,78.37954210295213,9.59,35.0,-1.2129,-1.5712,13.4552,-0.02498,0.03128,0.00818,,,,1
60.609,376.335,418.785,17.445286484537192,78.37954358281462,9.593,35.0,0.434,-2.3357,6.6718,-0.00454,-0.00402,-0.03726,,,,1
60.629,376.492,418.895,17.44528747988165,78.3795450631259,9.596,35.0,2.946,-1.425,7.2681,0.0196,0.00175,-0.03384,,,,1
60.649,376.65,419.005,17.445288475544068,78.37954654389138,9.599,35.0,3.1271,-0.4216,13.8285,-0.02306,0.01305,0.0387,,,,1
60.669,376.807,419.116,17.44528947152986,78.37954802511642,9.602,35.0,0.4749,1.9972,11.8648,0.01538,0.01358,0.00521,,,,1
60.689,376.964,419.226,17.44529046784442,78.37954950680636,9.605,35.0,-1.6171,3.2455,5.7424,0.02079,0.02181,0.03776,,,,1
60.709,377.122,419.336,17.445291464493103,78.37955098896643,9.608,35.0,-2.8067,1.6541,8.571,-0.00949,0.0292,0.02544,,,,1
60.729,377.279,419.446,17.445292461481234,78.37955247160187,9.611,35.0,-5.8817,-5.1015,3.0257,0.03001,0.00299,0.01072,,,,1
60.749,377.437,419.557,17.445293458814113,78.37955395471786,9.615,35.0,-0.1488,-1.7288,11.012,0.01978,-0.01059,0.04624,,,,1
60.769,377.594,419.667,17.445294456497,78.3795554383195,9.618,35.0,1.7725,-3.1351,5.5541,0.03119,-0.01173,0.0407,,,,1
60.789,377.752,419.777,17.44529545453512,78.37955692241187,9.621,35.01,3.2712,-1.6057,8.8752,0.01086,0.03472,-0.01711,,,,1
60.809,377.91,419.888,17.44529645293368,78.37955840699996,9.624,35.01,2.9563,0.7079,14.2782,-0.0048,-0.01263,-0.03625,,,,1
60.829,378.067,419.998,17.445297451697837,78.37955989208878,9.628,35.01,0.7173,2.1461,11.2266,0.02678,0.02691,-0.02446,,,,1
60.849,378.225,420.109,17.445298450832723,78.37956137768319,9.631,35.01,-1.8913,3.2367,5.6835,0.0036,-0.03484,0.04432,,,,1
60.869,378.383,420.219,17.445299450343438,78.37956286378808,9.635,35.01,-2.8611,1.7314,8.1151,0.02239,0.01953,0.02994,,,,1
60.889,378.541,420.33,17.44530045023504,78.37956435040823,9.638,35.01,-2.2813,0.6001,13.8778,-0.00541,0.00468,-0.04078,,,,1
60.909,378.699,420.44,17.445301450512563,78.3795658375484,9.641,35.01,-1.5697,-1.8614,12.4224,-0.0071,0.02277,0.00074,,,,1
60.929,378.857,420.551,17.445302451180996,78.37956732521326,9.645,35.01,1.9931,-2.3733,6.4762,-0.01098,0.00219,0.03817,,,,1
60.949,379.015,420.662,17.445303452245295,78.37956881340747,9.649,35.01,2.9753,-1.7643,6.6086,0.03192,0.00445,-0.0206,,,,1
60.969,379.173,420.773,17.445304453710378,78.3795703021356,9.652,35.01,3.4084,-0.649,12.471,0.01664,0.0108,0.00493,,,,1
60.989,379.331,420.883,17.44530545558114,78.37957179140217,9.656,35.01,2.3649,0.698,13.9763,-0.02607,-0.01578,0.03525,,,,1
61.009,379.489,420.994,17.445306457862422,78.37957328121165,9.659,35.02,-0.8145,2.9198,8.6792,-0.00262,0.00958,0.02827,,,,1
61.029,379.648,421.105,17.445307460559036,78.37957477156841,9.663,35.02,-2.4703,2.8313,5.4397,0.00806,0.00796,-0.03093,,,,1
61.049,379.806,421.216,17.44530846367576,78.37957626247685,9.667,35.02,-3.1285,1.8435,9.4752,0.0337,0.03993,0.02652,,,,1
61.069,379.964,421.327,17.445309467217335,78.3795777539412,9.671,35.02,-2.715,-0.2916,14.2057,-0.00244,0.02454,0.01219,,,,1
61.089,380.123,421.438,17.445310471188453,78.37957924596573,9.674,35.02,0.0352,-2.0228,12.217,0.0244,0.02269,0.03041,,,,1
61.109,380.281,421.549,17.445311475593776,78.37958073855458,9.678,35.02,1.0904,-1.8176,6.7021,0.03713,0.01134,-0.01234,,,,1
61.129,380.44,421.66,17.44531248043793,78.37958223171186,9.682,35.02,2.7603,-2.7991,6.0771,-0.02146,0.02317,0.03327,,,,1
61.149,380.598,421.772,17.4453134857255,78.37958372544163,9.686,35.03,3.444,-0.5273,11.1708,0.00462,-0.02553,0.01904,,,,1
61.169,380.757,421.883,17.445314491461026,78.37958521974784,9.69,35.03,1.9696,0.7296,14.418,-0.00954,0.02421,0.05102,,,,1
61.189,380.916,421.994,17.445315497649016,78.37958671463443,9.694,35.03,0.4917,2.2714,11.1945,0.03265,-0.01022,0.00108,,,,1
61.209,381.075,422.105,17.445316504293935,78.37958821010524,9.698,35.03,-1.1861,2.8413,6.1785,0.01493,-0.01938,-0.01689,,,,1
61.229,381.234,422.217,17.445317511400205,78.37958970616408,9.702,35.03,-2.8121,2.1306,6.3621,-0.00513,0.00378,-0.03216,,,,1
61.249,381.393,422.328,17.44531851897222,78.37959120281465,9.706,35.03,-2.998,1.3138,11.3815,-0.01595,0.0173,0.04358,,,,1
61.269,381.552,422.44,17.445319527014313,78.37959270006064,9.71,35.04,-2.2886,-0.0501,14.4149,-0.00894,0.06001,-0.06082,,,,1
61.289,381.711,422.551,17.44532053553079,78.37959419790563,9.714,35.04,-0.991,-1.8081,11.5189,-0.01536,-0.03481,-0.04279,,,,1
61.309,381.87,422.663,17.44532154452592,78.37959569635315,9.718,35.04,1.6295,-2.5741,6.5653,-0.00769,-0.00612,0.00718,,,,1
61.329,382.029,422.774,17.445322554003916,78.37959719540667,9.722,35.04,3.618,-2.6494,5.8895,-0.0091,0.00812,-0.01197,,,,1
61.349,382.188,422.886,17.445323563968955,78.3795986950696,9.727,35.04,3.4,-0.867,10.2424,0.01404,-0.00595,-0.03647,,,,1
61.369,382.348,422.998,17.44532457442518,78.37960019534526,9.731,35.05,2.8908,1.3838,14.1737,-0.01271,0.05729,0.02266,,,,1
61.389,382.507,423.11,17.44532558537668,78.3796016962369,9.735,35.05,1.6345,1.8335,12.9631,0.01323,0.0158,0.02427,,,,1
61.409,382.666,423.222,17.445326596827503,78.37960319774776,9.739,35.05,-0.9477,2.7136,8.1568,-0.01041,0.00148,0.01248,,,,1
61.429,382.826,423.334,17.44532760878166,78.37960469988091,9.744,35.05,-1.3453,2.6646,5.4253,-0.02051,-0.0195,0.03535,,,,1
61.449,382.986,423.446,17.445328621243117,78.37960620263947,9.748,35.05,-2.8239,1.8794,7.8487,-0.00197,-0.00648,0.01452,,,,1
61.469,383.145,423.558,17.44532963421579,78.37960770602638,9.752,35.06,-2.1896,-0.3977,12.5861,-0.00958,0.02013,-0.05711,,,,1
61.489,383.305,423.67,17.44533064770356,78.37960921004459,9.757,35.06,-2.1631,-0.6516,14.3676,-0.01995,-0.00651,-0.00431,,,,1
61.509,383.465,423.782,17.445331661710256,78.37961071469694,9.761,35.06,0.4265,-2.3592,11.324,-0.00925,0.01896,0.01252,,,,1
61.529,383.625,423.894,17.44533267623967,78.37961221998621,9.766,35.06,1.7064,-3.2297,6.8083,0.03483,0.01604,0.02419,,,,1
61.549,383.785,424.006,17.44533369129554,78.37961372591512,9.77,35.07,2.9661,-2.0538,5.5755,-0.00496,0.01242,0.01554,,,,1
61.569,383.945,424.119,17.445334706881575,78.37961523248632,9.775,35.07,3.472,-1.8549,8.8253,0.00906,0.01675,0.02398,,,,1
61.589,384.105,424.231,17.445335723001417,78.37961673970234,9.779,35.07,1.8134,-1.8423,9.0443,-0.01045,0.02055,-0.01023,,,,1
61.609,384.265,424.343,17.445336739658682,78.37961824756572,9.784,35.07,2.6169,1.9461,14.2498,0.01891,0.00334,0.0068,,,,1
61.629,384.425,424.456,17.445337756856933,78.37961975607884,9.788,35.08,0.6908,1.9034,11.0972,-0.02307,0.00022,0.02463,,,,1
61.649,384.585,424.568,17.445338774599684,78.37962126524408,9.793,35.08,-1.7606,2.375,6.8326,0.02618,0.00262,0.07543,,,,1
61.669,384.746,424.681,17.445339792890405,78.37962277506372,9.797,35.08,-2.7131,2.9124,5.5118,0.02148,-0.02314,-0.02058,,,,1
61.689,384.906,424.794,17.44534081173252,78.37962428553996,9.802,35.09,-3.0111,2.4378,8.3032,0.00077,0.03005,0.02667,,,,1
61.709,385.066,424.907,17.445341831129415,78.37962579667493,9.807,35.09,-2.7108,0.0985,12.5617,0.03528,-0.02562,-0.02594,,,,1
61.729,385.227,425.019,17.445342851084412,78.37962730847069,9.811,35.09,-2.0291,-0.4773,14.4256,0.01918,-0.03227,-0.00966,,,,1
61.749,385.388,425.132,17.4453438716008,78.37962882092923,9.816,35.1,-0.1769,-1.5682,12.2948,0.0501,0.04052,0.03812,,,,1
61.77,385.548,425.245,17.44534489268182,78.37963033405245,9.821,35.1,0.0879,-3.3073,8.1195,0.0186,0.02536,0.01795,,,,1
61.79,385.709,425.358,17.445345914330655,78.37963184784218,9.825,35.1,2.3002,-2.2278,5.5222,-0.01872,0.00259,0.0023,,,,1
61.81,385.87,425.471,17.44534693655045,78.3796333623002,9.83,35.1,2.422,-1.6544,6.6657,-0.00952,0.03528,0.07505,,,,1
61.83,386.031,425.584,17.445347959344303,78.37963487742819,9.835,35.11,3.7073,-1.1029,10.5284,0.02164,-0.00443,-0.00875,,,,1
61.85,386.192,425.697,17.445348982715256,78.37963639322774,9.839,35.11,2.9277,0.7973,13.8841,-0.02676,0.02687,0.02144,,,,1
61.87,386.353,425.811,17.445350006666313,78.3796379097004,9.844,35.11,2.1093,1.9968,14.0375,0.00176,-0.001,0.03015,,,,1
61.89,386.514,425.924,17.44535103120042,78.37963942684765,9.849,35.12,0.2203,2.5366,10.9266,-0.05679,0.01601,-0.0408,,,,1
61.91,386.675,426.037,17.445352056320484,78.37964094467084,9.854,35.12,-0.3659,2.7857,7.0659,0.02183,0.00611,0.00215,,,,1
61.93,386.836,426.151,17.445353082029357,78.37964246317128,9.859,35.12,-1.6688,2.4872,5.4465,0.00088,-0.02634,-0.02749,,,,1
61.95,386.998,426.264,17.445354108329838,78.3796439823502,9.863,35.13,-2.5916,2.2282,7.2606,-0.00551,-0.00812,-0.06083,,,,1
61.97,387.159,426.378,17.44535513522469,78.37964550220876,9.868,35.13,-3.0128,1.4451,11.0733,0.00145,-0.00258,0.02025,,,,1
61.99,387.321,426.492,17.44535616271662,78.37964702274803,9.873,35.14,-2.249,-0.1336,14.0312,-0.01102,0.01034,0.02469,,,,1
62.01,387.482,426.605,17.44535719080828,78.379648543969,9.878,35.14,-1.7667,-2.0544,13.9843,-0.01876,0.00542,-0.00858,,,,1
62.03,387.644,426.719,17.445358219502285,78.37965006587261,9.883,35.14,0.1668,-1.569,11.0134,0.00425,-0.02977,-0.02024,,,,1
62.05,387.806,426.833,17.44535924880119,78.37965158845968,9.888,35.15,1.8591,-2.4754,7.2885,-0.00495,-0.01165,0.05578,,,,1
62.07,387.967,426.947,17.4453602787075,78.37965311173099,9.893,35.15,2.8137,-2.6666,5.4508,-0.01656,0.03009,0.06888,,,,1
62.09,388.129,427.061,17.445361309223678,78.3796546356872,9.898,35.15,2.874,-1.6408,6.7453,0.04112,-0.00137,0.02857,,,,1
62.11,388.291,427.175,17.445362340352137,78.37965616032895,9.902,35.16,3.5582,-0.4447,10.234,0.00123,-0.02329,0.01194,,,,1
62.13,388.453,427.289,17.44536337209523,78.37965768565677,9.907,35.16,2.5711,-1.0342,13.4992,-0.00526,0.02495,-0.00798,,,,1
62.15,388.615,427.403,17.445364404455265,78.37965921167107,9.912,35.17,2.4901,1.4162,14.3601,0.00257,0.00029,0.01888,,,,1
62.17,388.777,427.517,17.445365437434507,78.37966073837227,9.917,35.17,1.2633,1.6418,12.2731,0.00161,0.02217,0.00865,,,,1
62.19,388.94,427.632,17.44536647103516,78.37966226576063,9.922,35.17,-0.983,3.0364,8.6623,-0.00051,-0.00981,0.0316,,,,1
62.21,389.102,427.746,17.445367505259384,78.37966379383639,9.927,35.18,-1.941,3.0561,5.899,-0.02502,-0.01234,0.04839,,,,1
62.23,389.264,427.861,17.445368540109282,78.37966532259966,9.932,35.18,-2.5361,2.9596,5.7583,0.02979,-0.01364,0.02006,,,,1
62.25,389.427,427.975,17.445369575586913,78.37966685205052,9.937,35.19,-3.0421,1.7864,8.303,-0.01317,0.00649,0.01213,,,,1
62.27,389.589,428.09,17.445370611694283,78.37966838218892,9.942,35.19,-3.3795,0.2266,11.8786,0.03505,0.0448,-0.03431,,,,1
62.29,389.752,428.204,17.445371648433344,78.3796699130148,9.947,35.19,-2.204,-0.3327,14.2274,-0.02011,-0.00448,0.02323,,,,1
62.31,389.914,428.319,17.445372685806,78.37967144452794,9.952,35.2,-1.3047,-1.0524,13.8971,0.02183,0.00789,0.03017,,,,1
62.33,390.077,428.434,17.445373723814104,78.37967297672809,9.957,35.2,-0.2655,-1.6417,11.112,0.0241,0.04517,0.04227,,,,1
62.35,390.24,428.549,17.44537476245946,78.37967450961492,9.962,35.21,0.7861,-2.9841,7.6225,0.00479,0.00515,-0.04239,,,,1
62.37,390.403,428.664,17.44537580174381,78.37967604318798,9.967,35.21,2.6432,-2.1334,5.5603,-0.03236,-0.0176,0.02068,,,,1
62.39,390.566,428.779,17.445376841668864,78.37967757744681,9.972,35.22,3.7049,-2.3977,6.1667,0.00542,0.00272,-0.01012,,,,1
62.41,390.729,428.894,17.445377882236258,78.3796791123908,9.977,35.22,3.2296,-1.2172,9.0629,0.02939,0.00891,0.03205,,,,1
62.43,390.892,429.009,17.445378923447596,78.37968064801932,9.982,35.23,3.0523,-0.5518,12.4805,-0.02426,-0.01674,0.01632,,,,1
62.45,391.055,429.124,17.445379965304415,78.3796821843316,9.987,35.23,4.5003,2.9723,19.7434,-0.0044,-0.00468,-0.0091,,,,1
62.47,391.218,429.239,17.445381007808216,78.37968372132684,9.992,35.24,0.9139,1.2538,11.452,-0.01525,-0.01198,0.06049,,,,1
62.49,391.381,429.355,17.445382050960436,78.37968525900413,9.997,35.24,0.4486,2.0548,10.6999,0.01396,0.04565,-0.00147,,,,1
62.51,391.545,429.47,17.445383094762466,78.37968679736251,10.002,35.25,-0.4414,2.6872,7.3286,0.03612,-0.02226,-0.00877,,,,1
62.53,391.708,429.586,17.44538413921564,78.3796883364009,10.007,35.25,-3.5181,1.7962,2.4274,0.00315,-0.00851,-0.00315,,,,1
62.55,391.872,429.701,17.44538518432125,78.37968987611819,10.012,35.26,-2.0803,3.4866,6.2889,-0.01153,-0.02693,-0.0468,,,,1
62.57,392.035,429.817,17.445386230080526,78.37969141651314,10.017,35.26,-2.9197,1.3971,9.2247,0.04086,-0.0118,-0.03877,,,,1
62.59,392.199,429.933,17.445387276494657,78.37969295758445,10.023,35.27,-2.9721,1.5471,12.5778,0.00771,-0.00146,0.04508,,,,1
62.61,392.363,430.049,17.445388323564767,78.37969449933077,10.028,35.27,-2.2357,0.4438,14.3846,0.00252,0.01597,0.01011,,,,1
62.63,392.527,430.164,17.44538937129194,78.37969604175062,10.033,35.28,-1.2436,-1.4031,13.5938,-0.00081,0.01925,0.02418,,,,1
62.65,392.691,430.28,17.445390419677203,78.37969758484248,10.038,35.28,0.1471,-1.0959,13.556,-0.01897,-0.00635,0.01637,,,,1
62.67,392.854,430.396,17.44539146872153,78.37969912860471,10.043,35.29,1.8125,-2.8166,7.3154,0.01703,0.0113,0.01811,,,,1
62.69,393.018,430.513,17.44539251842585,78.37970067303566,10.048,35.29,2.32,-2.5532,5.4999,0.02113,-0.03786,0.00776,,,,1
62.71,393.183,430.629,17.445393568791033,78.3797022181335,10.053,35.3,3.2553,-2.6613,6.2906,-0.00213,0.00792,-0.00964,,,,1
62.73,393.347,430.745,17.445394619817897,78.37970376389643,10.058,35.3,3.7965,-1.3509,9.2284,0.01714,-0.00718,0.02739,,,,1
62.75,393.511,430.861,17.445395671507214,78.37970531032249,10.063,35.31,2.8543,0.295,12.5902,-0.03935,-2e-05,0.0145,,,,1
62.77,393.675,430.978,17.445396723859705,78.37970685740969,10.068,35.31,2.8335,0.5469,14.3911,-0.0024,0.02533,-0.02454,,,,1
62.79,393.84,431.094,17.445397776876028,78.37970840515591,10.073,35.32,1.5495,1.7069,13.5521,-0.00977,-0.00188,0.02724,,,,1
62.81,394.004,431.211,17.445398830556805,78.37970995355901,10.078,35.32,0.7801,1.888,10.5624,0.00659,0.01707,0.05542,,,,1
62.83,394.169,431.327,17.445399884902592,78.37971150261673,10.082,35.33,-1.6605,3.1158,7.1976,-0.01958,-0.03449,0.01912,,,,1
62.85,394.333,431.444,17.445400939913906,78.37971305232675,10.087,35.34,-1.9372,3.0431,5.4681,-0.03121,0.0069,-0.01031,,,,1
62.87,394.498,431.561,17.4454019955912,78.37971460268666,10.092,35.34,-1.7118,4.0855,10.3885,-0.00319,0.03758,0.01569,,,,1
62.89,394.663,431.678,17.44540305193489,78.379716153694,10.097,35.35,-2.793,1.5677,9.5231,0.00099,-0.00399,0.03163,,,,1
62.91,394.827,431.794,17.44540410894533,78.37971770534618,10.102,35.35,-2.5814,0.4872,12.874,0.02673,-0.01795,-0.02377,,,,1
62.93,394.992,431.911,17.445405166622823,78.3797192576406,10.107,35.36,-2.3689,-0.3141,14.4215,0.01329,0.01908,-0.0062,,,,1
62.95,395.157,432.028,17.445406224967623,78.37972081057451,10.112,35.36,-1.3113,-1.5361,13.2018,0.01684,0.01786,0.00955,,,,1
62.97,395.322,432.146,17.44540728397994,78.37972236414514,10.117,35.37,0.1974,-2.1264,9.9339,-0.03606,0.01385,-0.00089,,,,1
62.99,395.487,432.263,17.445408343659917,78.37972391834961,10.122,35.38,1.1535,-2.5003,6.6548,0.02403,-0.03704,0.01393,,,,1
63.01,395.652,432.38,17.44540940400766,78.37972547318499,10.127,35.38,2.9122,-2.0104,5.4422,0.0218,-0.0095,0.0509,,,,1
63.03,395.818,432.497,17.44541046502322,78.37972702864825,10.132,35.39,3.1134,-1.6157,7.099,0.01192,-0.01187,-0.0356,,,,1
63.05,395.983,432.615,17.445411526706593,78.37972858473628,10.136,35.4,2.2771,-0.8804,10.5915,-0.05084,-0.00011,-0.03224,,,,1
63.07,396.148,432.732,17.44541258905773,78.37973014144592,10.141,35.4,2.9233,0.7792,13.6693,0.00448,-0.01877,-0.0035,,,,1
63.09,396.313,432.85,17.44541365207653,78.37973169877392,10.146,35.41,1.8035,1.4774,14.3019,-0.00933,0.01632,0.01576,,,,1
63.11,396.479,432.968,17.445414715762837,78.37973325671695,10.151,35.41,0.3621,2.7829,12.0406,-0.00479,0.01106,-0.02931,,,,1
63.13,396.644,433.085,17.44541578011645,78.37973481527159,10.156,35.42,-0.8204,3.0968,8.3536,-0.0129,0.04486,0.06304,,,,1
63.15,396.81,433.203,17.445416845137114,78.37973637443439,10.16,35.43,-1.5293,2.242,5.7286,0.00964,0.01581,0.03539,,,,1
63.17,396.976,433.321,17.445417910824528,78.37973793420178,10.165,35.43,-1.9679,3.1254,5.9804,-0.02149,-0.01283,-0.03068,,,,1
63.19,397.141,433.439,17.445418977178335,78.37973949457015,10.17,35.44,-2.8035,1.8428,8.9894,0.00449,-0.00936,0.01034,,,,1
63.21,397.307,433.557,17.44542004419813,78.37974105553577,10.175,35.45,-3.0169,0.6505,12.675,0.02838,0.02716,0.02063,,,,1
63.23,397.473,433.675,17.445421111883466,78.3797426170949,10.179,35.45,-1.8748,-0.4257,14.4295,-0.00829,-0.03797,-0.0172,,,,1
63.25,397.639,433.793,17.445422180233834,78.37974417924367,10.184,35.46,-1.0785,-1.7581,12.9502,-0.00555,-0.02012,-0.04207,,,,1
63.27,397.805,433.911,17.445423249248684,78.37974574197817,10.189,35.47,0.2191,-2.2729,9.263,-0.02251,0.01413,-0.01567,,,,1
63.29,397.971,434.03,17.44542431892741,78.37974730529437,10.193,35.47,1.3897,-2.8482,6.0543,0.01876,0.01816,0.0377,,,,1
63.31,398.137,434.148,17.445425389269367,78.37974886918825,10.198,35.48,2.1933,-1.7994,5.7505,-0.01608,0.00236,-0.0293,,,,1
63.33,398.303,434.267,17.44542646027385,78.37975043365564,10.203,35.49,3.2601,-1.5505,8.6374,-0.01055,-0.00276,0.04759,,,,1
63.35,398.469,434.385,17.44542753194011,78.37975199869234,10.207,35.49,3.3655,-0.4987,12.547,0.01766,-0.00631,-0.0209,,,,1
63.37,398.636,434.504,17.44542860426735,78.37975356429405,10.212,35.5,2.5184,0.5573,14.4376,0.01148,-0.01022,-0.06963,,,,1
63.39,398.802,434.622,17.44542967725472,78.37975513045643,10.216,35.51,1.1595,2.1609,12.7668,-0.03054,-0.00037,0.04377,,,,1
63.41,398.968,434.741,17.44543075090133,78.37975669717504,10.221,35.51,-0.5298,2.868,8.8007,0.01352,0.04046,-0.00606,,,,1
63.43,399.135,434.86,17.44543182520623,78.37975826444539,10.225,35.52,-1.3009,3.1268,5.7441,-0.00251,-0.04471,0.00144,,,,1
63.45,399.301,434.979,17.445432900168434,78.3797598322629,10.23,35.53,-3.0785,2.1266,6.161,0.00054,-0.0161,0.01697,,,,1
63.47,399.468,435.098,17.4454339757869,78.37976140062295,10.234,35.54,-2.6303,0.9286,9.7735,0.03174,0.03809,-0.03157,,,,1
63.49,399.634,435.217,17.445435052060542,78.37976296952083,10.239,35.54,-3.0064,0.5295,13.5407,0.01961,0.023,-0.02455,,,,1
63.51,399.801,435.336,17.445436128988224,78.37976453895175,10.243,35.55,-1.8972,-0.4543,14.1836,0.0268,-0.02349,-0.00362,,,,1
63.53,399.968,435.455,17.445437206568762,78.37976610891086,10.247,35.56,-0.7337,-2.5093,11.0564,-0.01688,-0.00015,0.03892,,,,1
63.55,400.135,435.574,17.445438284800932,78.37976767939327,10.252,35.56,1.2091,-1.9733,6.8989,0.03195,0.01939,0.0174,,,,1
63.57,400.302,435.694,17.445439363683455,78.37976925039399,10.256,35.57,3.0916,-2.3294,5.5034,-0.01348,0.02427,0.01667,,,,1
63.59,400.468,435.813,17.445440443215006,78.37977082190797,10.26,35.58,3.5997,-1.6217,8.2359,-0.01189,-0.01615,0.03833,,,,1
63.61,400.635,435.932,17.44544152339422,78.37977239393008,10.265,35.59,3.004,-1.409,10.3187,0.00057,-0.01076,0.03291,,,,1
63.63,400.802,436.052,17.44544260421968,78.37977396645515,10.269,35.59,2.6232,0.5264,14.4196,0.01316,-0.01658,-0.01654,,,,1
63.65,400.969,436.172,17.44544368568992,78.37977553947793,10.273,35.6,0.5241,2.6718,11.8571,0.02746,-0.00172,-0.01466,,,,1
63.67,401.137,436.291,17.44544476780344,78.37977711299312,10.277,35.61,-0.8231,2.6026,7.3653,0.00134,0.01251,0.02418,,,,1
63.69,401.304,436.411,17.445445850558684,78.37977868699532,10.282,35.62,-2.4115,2.5013,5.4651,0.03718,0.02831,0.00431,,,,1
63.71,401.471,436.531,17.445446933954056,78.3797802614791,10.286,35.63,-2.3329,2.3678,8.1882,0.0435,-0.02464,0.00532,,,,1
63.73,401.638,436.651,17.44544801798791,78.37978183643894,10.29,35.63,-3.2198,-0.1438,12.7697,-0.02144,0.02344,-0.05216,,,,1
63.75,401.806,436.771,17.44544910265856,78.37978341186927,10.294,35.64,-1.3927,-1.4981,14.3537,0.02925,0.00674,0.00841,,,,1
63.77,401.973,436.891,17.44545018796427,78.37978498776447,10.298,35.65,0.2023,-2.1019,11.1362,0.00468,-0.00188,0.03242,,,,1
63.79,402.14,437.011,17.445451273903267,78.37978656411882,10.302,35.66,2.317,-2.5093,6.571,0.0224,0.05149,-0.00195,,,,1
63.81,402.308,437.131,17.44545236047373,78.37978814092656,10.306,35.66,2.7769,-2.1214,5.7983,-0.01944,0.03681,0.00276,,,,1
63.83,402.475,437.251,17.445453447673792,78.3797897181819,10.31,35.67,3.7577,-1.3435,9.7811,0.02654,-0.03368,0.05533,,,,1
63.85,402.643,437.372,17.445454535501547,78.37979129587893,10.314,35.68,3.9015,1.3309,13.9772,-0.00889,0.03714,-0.00988,,,,1
63.87,402.81,437.492,17.44545562395504,78.37979287401171,10.318,35.69,1.3702,1.7337,13.3856,0.02414,0.00309,0.06312,,,,1
63.89,402.978,437.612,17.445456713032282,78.37979445257425,10.322,35.7,-0.8245,2.696,8.6027,0.00094,-0.02413,-0.03863,,,,1
63.91,403.146,437.733,17.445457802731234,78.37979603156046,10.325,35.71,-2.6433,2.5497,5.4558,-0.00084,0.02774,0.02333,,,,1
63.93,403.313,437.854,17.445458893049814,78.37979761096425,10.329,35.71,-2.5558,2.0639,7.9391,0.00165,0.02883,-0.04129,,,,1
63.95,403.481,437.974,17.445459983985902,78.37979919077941,10.333,35.72,-3.4625,0.7424,13.0021,0.01645,0.00424,0.02772,,,,1
63.97,403.649,438.095,17.445461075537334,78.37980077099972,10.337,35.73,-1.6533,-0.6802,14.0993,0.00135,0.01157,-0.01875,,,,1
63.99,403.817,438.216,17.445462167701905,78.37980235161888,10.34,35.74,0.5411,-2.9542,9.685,0.01346,0.00525,-0.02637,,,,1
64.01,403.985,438.337,17.44546326047737,78.37980393263052,10.344,35.75,2.2883,-2.7364,5.6079,0.00173,0.00087,-0.00882,,,,1
64.03,404.153,438.458,17.445464353861443,78.37980551402826,10.348,35.76,5.2596,0.6518,13.3312,-0.02286,0.03571,-0.01028,,,,1
64.05,404.321,438.579,17.445465447851795,78.37980709580563,10.351,35.76,3.3771,-0.0652,12.8429,0.00814,-0.00242,0.00709,,,,1
64.07,404.489,438.7,17.445466542446056,78.37980867795609,10.355,35.77,2.5384,1.4443,14.0867,0.01006,0.02961,0.03186,,,,1
64.09,404.657,438.821,17.44546763764182,78.37981026047308,10.358,35.78,-0.3308,2.8806,9.3323,-0.02673,0.01369,0.04619,,,,1
64.11,404.825,438.942,17.44546873343664,78.37981184334997,10.362,35.79,-2.1203,2.5202,5.494,-0.00475,-0.02223,0.06808,,,,1
64.13,404.993,439.063,17.445469829828028,78.37981342658007,10.365,35.8,-3.1832,2.499,8.3761,0.016,-0.00048,0.00443,,,,1
64.15,405.161,439.185,17.445470926813456,78.37981501015666,10.369,35.81,-1.7908,1.1032,15.1241,0.00455,0.0016,0.00242,,,,1
64.17,405.33,439.306,17.445472024390366,78.37981659407295,10.372,35.82,-0.6248,-2.1652,13.2126,0.01026,-0.00837,0.01422,,,,1
64.19,405.498,439.427,17.445473122556148,78.3798181783221,10.375,35.82,1.3426,-3.0605,7.5611,-0.00611,-0.00703,-0.00502,,,,1
64.21,405.666,439.549,17.445474221308164,78.37981976289721,10.379,35.83,3.3909,-2.8132,5.7813,-0.01133,0.01576,-0.0584,,,,1
64.23,405.834,439.67,17.445475320643734,78.37982134779138,10.382,35.84,2.9826,-0.7186,10.8784,0.00859,0.01984,0.01758,,,,1
64.25,406.003,439.792,17.445476420560144,78.37982293299757,10.385,35.85,3.1494,0.4245,14.4581,-0.05865,0.01512,-0.0263,,,,1
64.27,406.171,439.914,17.445477521054638,78.37982451850877,10.388,35.86,1.0375,2.3411,10.3945,0.01196,0.00589,0.00966,,,,1
64.29,406.34,440.036,17.445478622124433,78.3798261043179,10.392,35.87,-1.424,3.0216,5.5738,0.02269,-0.00528,-0.00433,,,,1
64.31,406.508,440.157,17.445479723766695,78.37982769041781,10.395,35.88,-2.1577,1.7878,8.485,0.01626,-0.00487,-0.02477,,,,1
64.33,406.676,440.279,17.445480825978567,78.37982927680135,10.398,35.89,-3.0718,-0.012,14.0487,0.00206,0.0075,-0.01062,,,,1
64.35,406.845,440.401,17.445481928757154,78.37983086346125,10.401,35.9,-0.7289,-2.3848,12.172,0.02421,0.01637,-0.02136,,,,1
64.37,407.013,440.523,17.44548303209952,78.37983245039027,10.404,35.91,1.5227,-2.4842,6.1946,0.02382,0.03509,0.01324,,,,1
64.39,407.182,440.645,17.445484136002698,78.37983403758109,10.407,35.92,3.6297,-2.2052,7.3177,-0.02795,0.01038,-0.00315,,,,1
64.41,407.351,440.768,17.445485240463686,78.37983562502633,10.41,35.93,2.7536,-0.1804,13.5041,-0.00591,0.01626,0.0149,,,,1
64.43,407.519,440.89,17.44548634547945,78.37983721271861,10.412,35.94,1.6717,2.0328,12.786,0.00398,-0.0291,-0.02889,,,,1
64.45,407.688,441.012,17.445487451046922,78.37983880065046,10.415,35.94,-0.5271,2.9064,6.4617,0.00555,-0.03274,0.02118,,,,1
64.47,407.857,441.134,17.445488557162996,78.37984038881442,10.418,35.95,-2.4406,2.1438,7.1694,0.01287,-0.01085,0.05787,,,,1
64.49,408.025,441.257,17.44548966382454,78.37984197720293,10.421,35.96,-2.4351,-0.1513,13.5776,0.01246,0.01337,0.018,,,,1
64.51,408.194,441.379,17.445490771028386,78.37984356580841,10.423,35.97,-1.0157,-2.0246,12.4613,0.00551,-0.00791,0.04149,,,,1
64.53,408.363,441.502,17.44549187877133,78.37984515462328,10.426,35.98,1.5687,-2.7418,6.0681,0.01496,-0.04182,0.0017,,,,1
64.55,408.531,441.624,17.445492987050145,78.37984674363989,10.429,35.99,3.9283,-2.349,8.0269,-0.00134,-0.00101,0.0004,,,,1
64.57,408.7,441.747,17.445494095861566,78.3798483328505,10.431,36.0,3.2405,0.1781,14.1994,0.0299,0.03653,0.02928,,,,1
64.59,408.869,441.87,17.4454952052023,78.37984992224743,10.434,36.01,1.2824,3.3075,13.0445,0.03902,0.02623,0.0027,,,,1
64.61,409.038,441.992,17.445496315069022,78.37985151182289,10.436,36.02,-2.0052,2.2571,5.4792,0.02746,-0.02678,0.04112,,,,1
64.63,409.207,442.115,17.445497425458377,78.3798531015691,10.439,36.03,-3.6924,1.7858,10.1816,0.01664,0.00212,0.00618,,,,1
64.65,409.376,442.238,17.445498536366983,78.37985469147819,10.441,36.04,-2.1139,-0.5281,14.3497,0.00934,-0.00512,0.01626,,,,1
64.67,409.544,442.361,17.445499647791426,78.3798562815423,10.443,36.05,1.7211,-3.1358,8.1967,0.00138,-0.00211,-0.0051,,,,1
64.69,409.713,442.484,17.445500759728265,78.37985787175354,10.446,36.06,2.6432,-1.7506,6.2483,0.01555,0.0121,-0.0289,,,,1
64.71,409.882,442.607,17.445501872174024,78.37985946210394,10.448,36.07,3.3297,-0.27,13.254,0.00743,-0.00224,0.00604,,,,1
64.73,410.051,442.73,17.445502985125213,78.37986105258554,10.45,36.08,1.5357,2.2408,12.1539,0.02391,0.02991,0.00263,,,,1
64.75,410.22,442.853,17.4455040985783,78.37986264319032,10.452,36.09,-2.1369,2.603,5.6023,-0.00669,-0.02609,-0.00664,,,,1
64.77,410.389,442.977,17.44550521252973,78.37986423391025,10.455,36.1,-2.8037,1.7161,10.0401,0.02468,0.01723,0.02428,,,,1
64.79,410.558,443.1,17.44550632697593,78.37986582473728,10.457,36.11,-1.1874,-1.003,14.2375,0.00993,0.02286,0.04262,,,,1
64.81,410.727,443.223,17.445507441913293,78.37986741566328,10.459,36.12,1.304,-3.0441,7.3325,0.01366,-0.00285,0.04561,,,,1
64.83,410.896,443.346,17.445508557338183,78.37986900668014,10.461,36.13,4.5137,-2.4649,7.3272,-0.00296,0.00771,0.00582,,,,1
64.85,411.065,443.47,17.445509673246942,78.37987059777969,10.463,36.14,2.202,-0.1436,14.2785,0.00073,0.04909,-0.00766,,,,1
64.87,411.234,443.593,17.445510789635893,78.37987218895375,10.464,36.15,0.5952,2.6111,9.5349,0.01777,0.00364,-0.01517,,,,1
64.89,411.403,443.717,17.445511906501327,78.37987378019412,10.466,36.16,-2.4845,2.6726,5.9418,0.03008,0.01897,0.07402,,,,1
64.91,411.572,443.84,17.44551302383951,78.37987537149253,10.468,36.18,-2.2666,0.4452,13.4074,-0.03586,0.02251,0.04832,,,,1
64.93,411.741,443.964,17.44551414164669,78.37987696284075,10.47,36.19,0.0673,-2.2929,11.1495,0.00133,-0.01875,0.01082,,,,1
64.95,411.91,444.088,17.445515259919095,78.3798785542305,10.471,36.2,2.4762,-3.0696,5.5137,-0.02711,0.0532,-0.05111,,,,1
64.97,412.079,444.211,17.445516378652915,78.37988014565343,10.473,36.21,3.4601,-0.7875,12.5934,-0.00398,-0.00183,0.00599,,,,1
64.99,412.248,444.335,17.445517497844335,78.37988173710121,10.475,36.22,0.316,2.5446,11.9505,0.01724,-0.00071,0.03653,,,,1
65.01,412.417,444.459,17.44551861748951,78.37988332856553,10.476,36.23,-1.7375,2.4723,5.4491,0.01604,0.01587,-0.01152,,,,1
65.03,412.586,444.583,17.44551973758457,78.37988492003795,10.478,36.24,-2.7306,0.5409,12.0015,0.02945,0.00607,-0.02385,,,,1
65.05,412.755,444.707,17.44552085812563,78.37988651151011,10.479,36.25,-0.1838,-2.5158,12.0229,0.00585,-0.00397,0.03052,,,,1
65.07,412.924,444.831,17.44552197910879,78.37988810297357,10.481,36.26,3.0861,-2.5447,5.454,-0.03276,0.0159,0.01109,,,,1
65.09,413.093,444.955,17.445523100530114,78.37988969441989,10.482,36.27,3.4918,-0.6973,12.6642,0.00477,-0.02328,0.01162,,,,1
65.11,413.262,445.079,17.445524222385664,78.37989128584063,10.483,36.28,0.8912,2.5902,11.3718,0.0242,0.0329,0.0109,,,,1
65.13,413.431,445.203,17.445525344671474,78.3798928772273,10.485,36.29,-2.6036,2.8142,5.6206,0.02145,0.01006,-0.02862,,,,1
65.15,413.6,445.327,17.445526467383555,78.37989446857142,10.486,36.31,-2.829,-0.1342,13.5267,0.01558,0.01449,-0.01043,,,,1
65.17,413.769,445.452,17.445527590517912,78.37989605986448,10.487,36.32,0.8067,-2.5585,9.8873,-0.00443,-0.00434,0.00933,,,,1
65.19,413.938,445.576,17.44552871407052,78.37989765109795,10.488,36.33,3.7854,-2.5352,6.4326,0.02747,-0.00831,-0.02774,,,,1
65.21,414.107,445.7,17.44552983803735,78.37989924226328,10.489,36.34,2.6966,-0.0933,14.3372,0.0038,-0.02181,-0.01665,,,,1
65.23,414.276,445.824,17.445530962414345,78.37990083335194,10.49,36.35,-0.4822,2.3182,7.6855,-0.02581,0.01755,0.05607,,,,1
65.25,414.445,445.949,17.44553208719744,78.37990242435536,10.491,36.36,-3.1981,1.7303,8.5218,-0.00981,-0.02993,0.01842,,,,1
65.27,414.614,446.073,17.445533212382546,78.37990401526496,10.492,36.37,-0.9212,-1.2898,13.9971,0.00918,0.00668,0.01854,,,,1
65.29,414.783,446.198,17.445534337965565,78.37990560607216,10.493,36.38,2.4176,-2.797,5.7099,-0.02068,-0.0078,0.03319,,,,1
65.31,414.952,446.322,17.445535463942388,78.37990719676834,10.494,36.4,4.2286,-0.9708,11.8347,-0.01007,0.00667,0.03041,,,,1
65.33,415.121,446.447,17.445536590308883,78.3799087873449,10.495,36.41,0.4812,2.5122,11.3353,-0.0173,-0.01627,0.0171,,,,1
65.35,415.29,446.572,17.445537717060912,78.37991037779325,10.495,36.42,-2.5913,2.3424,6.0148,0.00853,0.02693,-0.00915,,,,1
65.37,415.458,446.696,17.445538844194317,78.37991196810474,10.496,36.43,-2.054,-0.3198,14.3361,-0.01203,-0.01845,-0.01683,,,,1
65.39,415.627,446.821,17.445539971704928,78.37991355827073,10.497,36.44,1.6523,-3.5573,7.1006,0.01374,-0.05562,0.02399,,,,1
65.41,415.796,446.946,17.445541099588574,78.3799151482826,10.497,36.45,3.4425,-2.9971,9.9452,0.00191,-0.00491,0.05894,,,,1
65.43,415.965,447.07,17.445542227841056,78.3799167381317,10.498,36.47,0.9944,1.9173,12.6413,-0.04075,-0.01627,-0.05751,,,,1
65.45,416.134,447.195,17.445543356458177,78.37991832780938,10.498,36.48,-1.8838,1.8722,5.6075,0.00027,-0.00317,0.03762,,,,1
65.47,416.303,447.32,17.445544485435722,78.37991991730698,10.498,36.49,-1.9842,-0.5347,14.1888,-0.01754,-0.01471,-0.0244,,,,1
65.49,416.471,447.445,17.445545614769472,78.37992150661584,10.499,36.5,0.9874,-2.9815,7.1745,0.01265,0.00669,0.02538,,,,1
65.51,416.64,447.57,17.445546744455186,78.37992309572732,10.499,36.51,4.0608,-0.705,10.2959,-0.00772,-0.02536,0.00639,,,,1
65.53,416.809,447.695,17.445547874488632,78.37992468463274,10.499,36.53,1.5293,2.1362,11.9401,0.02061,0.00199,0.00109,,,,1
65.55,416.978,447.82,17.445549004865555,78.37992627332345,10.5,36.54,-2.4339,2.3084,6.1415,0.02654,-0.00428,0.01632,,,,1
65.57,417.146,447.945,17.445550135581694,78.37992786179078,10.5,36.55,-1.8276,-0.6534,14.4111,-0.01282,-0.01731,0.02979,,,,1
65.59,417.315,448.07,17.44555126663279,78.37992945002605,10.5,36.56,2.2902,-2.7592,5.8133,0.02073,-0.02145,0.0482,,,,1
65.61,417.484,448.195,17.445552398014566,78.37993103802064,10.5,36.57,3.0058,-0.7463,12.7522,-0.01578,0.02879,-0.00709,,,,1
65.63,417.652,448.32,17.44555352972274,78.37993262576587,10.5,36.59,-0.0298,2.9062,8.8691,-0.00061,-0.02372,0.02867,,,,1
65.65,417.821,448.446,17.445554661753036,78.3799342132531,10.5,36.6,-3.7143,1.0066,9.0749,-0.0026,-0.01332,0.02302,,,,1
65.67,417.989,448.571,17.44555579410115,78.37993580047366,10.5,36.61,-0.2551,-1.946,12.4443,-0.00856,0.02498,0.02595,,,,1
65.69,418.158,448.696,17.445556926762798,78.3799373874189,10.5,36.62,2.529,-3.0734,6.1926,0.00875,0.00447,0.01036,,,,1
65.71,418.327,448.821,17.44555805973367,78.37993897408022,10.5,36.64,2.9189,1.0526,14.3089,0.02542,0.00639,0.02902,,,,1
65.73,418.495,448.947,17.44555919300947,78.37994056044893,10.499,36.65,-1.9395,2.6808,5.4557,0.01056,-0.01518,0.0707,,,,1
65.75,418.663,449.072,17.44556032658588,78.37994214651644,10.499,36.66,-2.4594,0.3507,14.0109,-0.00017,-0.0022,0.01927,,,,1
65.77,418.832,449.198,17.445561460458595,78.37994373227413,10.499,36.67,1.3662,-3.5503,6.5874,-0.02558,0.04309,0.00894,,,,1
65.79,419.0,449.323,17.445562594623304,78.37994531771338,10.498,36.69,3.2828,-0.9871,12.3084,-0.04871,0.02376,0.00666,,,,1
65.81,419.169,449.448,17.445563729075687,78.37994690282558,10.498,36.7,0.4131,2.8209,8.6032,-0.00488,-0.019,0.02001,,,,1
65.83,419.337,449.574,17.445564863811427,78.37994848760216,10.497,36.71,-3.8654,1.2583,10.2032,-0.0315,-0.00528,0.01062,,,,1
65.85,419.505,449.699,17.445565998826208,78.37995007203453,10.497,36.72,0.595,-2.4145,10.6194,-0.02129,-0.05026,0.06325,,,,1
65.87,419.673,449.825,17.445567134115713,78.37995165611412,10.496,36.74,3.6222,-2.275,8.3754,0.00568,0.0157,-0.02087,,,,1
65.89,419.842,449.951,17.445568269675622,78.37995323983237,10.496,36.75,0.6841,1.6404,12.1721,-0.021,-0.01962,0.05496,,,,1
65.91,420.01,450.076,17.44556940550162,78.37995482318077,10.495,36.76,-3.1095,2.4318,7.0888,-0.01242,0.01098,0.00117,,,,1
65.93,420.178,450.202,17.445570541589387,78.37995640615075,10.494,36.78,-0.2576,-1.906,13.178,0.00625,0.00141,0.01198,,,,1
65.95,420.346,450.328,17.445571677934613,78.37995798873384,10.493,36.79,2.8208,-2.3078,6.3168,0.00637,-0.00626,0.03267,,,,1
65.97,420.514,450.453,17.445572814532984,78.37995957092151,10.492,36.8,1.4288,1.2857,13.728,-0.00649,-0.00288,-0.00181,,,,1
65.99,420.682,450.579,17.44557395138019,78.3799611527053,10.492,36.81,-1.9553,1.7798,5.9237,-0.02959,-0.00285,-0.00429,,,,1
66.01,420.85,450.705,17.445575088471927,78.37996273407674,10.491,36.83,-1.2553,-1.1396,13.9809,-0.0073,-0.02116,-0.01193,,,,1
66.03,421.018,450.831,17.44557622580389,78.37996431502738,10.49,36.84,2.6303,-2.4329,5.7746,0.00386,0.01863,-0.00788,,,,1
66.05,421.186,450.956,17.44557736337178,78.3799658955488,10.489,36.85,2.1859,2.0597,14.0498,0.00167,0.00263,0.01922,,,,1
66.07,421.353,451.082,17.44557850117131,78.37996747563261,10.488,36.87,-2.7597,1.8914,5.7864,0.02155,0.02625,0.07444,,,,1
66.09,421.521,451.208,17.445579639198183,78.37996905527041,10.486,36.88,-0.9374,-1.2076,13.9657,-0.00952,-0.0305,0.03152,,,,1
66.11,421.689,451.334,17.445580777448125,78.37997063445384,10.485,36.89,3.5081,-3.1024,5.9604,-0.02663,0.02072,0.0386,,,,1
66.13,421.857,451.46,17.445581915916858,78.37997221317455,10.484,36.91,1.8712,1.1398,13.0094,-0.00554,-0.00989,-0.01914,,,,1
66.15,422.024,451.586,17.445583054600114,78.37997379142423,10.483,36.92,-2.4054,2.4916,6.3872,-0.0065,-0.0078,-0.01806,,,,1
66.17,422.192,451.712,17.445584193493627,78.37997536919458,10.481,36.93,-0.184,-2.7657,13.0877,0.0031,0.02178,0.03884,,,,1
66.19,422.359,451.838,17.44558533259315,78.37997694647734,10.48,36.95,3.3698,-2.3181,7.2072,0.02752,0.02365,-0.0427,,,,1
66.21,422.527,451.964,17.445586471894433,78.37997852326426,10.479,36.96,0.6408,1.6441,12.0338,-0.02098,0.03153,0.01296,,,,1
66.23,422.694,452.09,17.445587611393243,78.3799800995471,10.477,36.97,-2.6431,1.2321,8.5494,0.00766,0.00053,0.04929,,,,1
66.25,422.861,452.216,17.445588751085353,78.37998167531768,10.476,36.99,0.9938,-2.4178,10.4295,0.0094,-0.00396,0.0094,,,,1
66.27,423.029,452.342,17.44558989096655,78.37998325056785,10.474,37.0,3.1325,-0.9614,10.4007,-0.00354,0.02863,0.0093,,,,1
66.29,423.196,452.468,17.44559103103262,78.37998482528945,10.472,37.01,-0.3502,2.3954,8.3895,0.00217,0.01505,0.03825,,,,1
66.31,423.363,452.594,17.445592171279376,78.37998639947438,10.471,37.03,-2.547,0.4241,12.4712,0.00013,0.00651,0.00992,,,,1
66.33,423.53,452.72,17.44559331170263,78.37998797311455,10.469,37.04,1.6873,-2.965,6.4233,0.00173,-0.03933,0.04517,,,,1
66.35,423.697,452.846,17.445594452298216,78.37998954620194,10.467,37.06,2.5983,0.0421,14.0724,0.04315,-0.00486,-0.00342,,,,1
66.37,423.864,452.973,17.44559559306197,78.37999111872848,10.465,37.07,-1.7385,1.6094,4.2965,0.01108,-0.007,0.05158,,,,1
66.39,424.031,453.099,17.44559673398975,78.37999269068624,10.463,37.08,-0.6671,-0.9232,14.2354,-0.01865,-0.00361,0.01521,,,,1
66.41,424.198,453.225,17.44559787507742,78.37999426206723,10.462,37.1,3.2773,-2.4073,6.2775,0.00217,-0.01428,-0.02417,,,,1
66.43,424.365,453.351,17.44559901632087,78.37999583286353,10.46,37.11,0.8605,1.931,12.2788,0.0515,-0.00602,0.024,,,,1
66.45,424.532,453.477,17.445600157715987,78.37999740306725,10.458,37.13,-3.4641,0.9854,9.2016,-0.00243,0.03159,-0.02608,,,,1
66.47,424.698,453.604,17.44560129925869,78.37999897267056,10.456,37.14,0.8729,-3.0199,8.7291,-0.06144,0.02082,0.01665,,,,1
66.49,424.865,453.73,17.445602440944906,78.38000054166562,10.453,37.15,3.8003,-0.7187,12.8135,-0.01332,0.0112,-0.01299,,,,1
66.51,425.032,453.856,17.445603582770577,78.38000211004466,10.451,37.17,-1.2084,1.9364,5.7748,-0.00341,0.00875,-0.03612,,,,1
66.53,425.198,453.983,17.445604724731663,78.38000367779992,10.449,37.18,-1.8265,-1.8027,14.3938,-0.0026,-0.01843,-0.04362,,,,1
66.55,425.365,454.109,17.445605866824142,78.38000524492371,10.447,37.2,2.9232,-2.8454,6.1205,0.03118,0.01263,0.04069,,,,1
66.57,425.531,454.235,17.44560700904401,78.38000681140835,10.445,37.21,0.6812,2.0239,12.0126,0.01022,0.01334,-0.01675,,,,1
66.59,425.697,454.362,17.445608151387283,78.38000837724621,10.442,37.23,-2.5133,0.7665,10.1557,-0.01004,0.00232,0.03182,,,,1
66.61,425.863,454.488,17.44560929384999,78.3800099424297,10.44,37.24,1.6755,-3.4036,7.3433,0.00889,-0.02327,0.02994,,,,1
66.63,426.03,454.614,17.445610436428183,78.38001150695126,10.438,37.25,2.3814,-0.3179,14.0861,-0.00476,0.03116,0.05571,,,,1
66.65,426.196,454.741,17.445611579117934,78.3800130708034,10.435,37.27,-1.5087,2.1559,5.5084,-0.00425,-0.00037,0.02982,,,,1
66.67,426.362,454.867,17.44561272191533,78.38001463397863,10.433,37.28,-0.5874,-2.1882,12.9717,0.02908,0.01076,-0.04798,,,,1
66.69,426.528,454.993,17.445613864816487,78.38001619646954,10.43,37.3,4.1057,-0.8651,9.3939,0.03368,0.01875,0.04542,,,,1
66.71,426.694,455.12,17.445615007817537,78.38001775826874,10.427,37.31,-1.0288,2.8946,7.6088,0.0111,-0.02737,0.00846,,,,1
66.73,426.859,455.246,17.445616150914635,78.38001931936887,10.425,37.33,-2.824,-0.1333,14.1235,-0.01185,0.03312,0.05901,,,,1
66.75,427.025,455.373,17.445617294103954,78.38002087976264,10.422,37.34,2.8995,-2.3088,5.6484,0.03341,-0.02262,0.02227,,,,1
66.77,427.191,455.499,17.4456184373817,78.38002243944283,10.419,37.36,1.4096,1.3629,12.2076,0.0095,0.00017,0.03528,,,,1
66.79,427.356,455.626,17.44561958074409,78.38002399840218,10.417,37.37,-2.1075,0.3597,10.7474,0.00424,0.0322,0.04047,,,,1
66.81,427.522,455.752,17.445620724187368,78.38002555663357,10.414,37.39,2.0849,-3.5041,6.2875,-0.01343,-0.02144,-0.00883,,,,1
66.83,427.687,455.879,17.44562186770781,78.38002711412987,10.411,37.4,2.3806,1.2249,14.3727,-0.00257,-0.00346,0.03707,,,,1
66.85,427.852,456.005,17.445623011301706,78.38002867088403,10.408,37.42,-3.0775,1.5805,7.137,0.04624,0.01939,0.02709,,,,1
66.87,428.018,456.132,17.44562415496538,78.380030226889,10.405,37.43,1.064,-3.3163,9.3059,-0.03794,0.02825,0.03634,,,,1
66.89,428.183,456.258,17.44562529869517,78.38003178213783,10.402,37.45,2.8125,-0.5097,13.5772,0.05685,-0.02314,0.02011,,,,1
66.91,428.348,456.385,17.445626442487452,78.3800333366236,10.399,37.46,-1.4874,2.2184,5.5166,0.03384,-0.01842,0.00106,,,,1
66.93,428.513,456.511,17.445627586338624,78.38003489033943,10.396,37.48,-0.5592,-2.2135,12.081,0.02965,-0.00088,-0.01921,,,,1
66.95,428.678,456.638,17.445628730245105,78.38003644327848,10.393,37.49,4.1329,-1.0469,11.533,0.00862,0.01579,0.01367,,,,1
66.97,428.843,456.764,17.44562987420335,78.38003799543402,10.39,37.51,-1.2535,2.171,5.6349,-0.00922,0.00055,0.03998,,,,1
66.99,429.008,456.891,17.445631018209838,78.38003954679931,10.387,37.52,-1.208,-1.5368,13.6489,-0.00992,0.00354,0.01406,,,,1
67.01,429.172,457.017,17.445632162261077,78.38004109736767,10.384,37.54,3.343,-1.9479,9.6493,-0.02549,-3e-05,0.0294,,,,1
67.03,429.337,457.144,17.445633306353603,78.3800426471325,10.38,37.55,-1.1428,2.4562,6.4394,-0.00563,0.00615,-0.07064,,,,1
67.05,429.501,457.27,17.445634450483983,78.38004419608724,10.377,37.57,-1.407,-1.1419,14.2596,-0.004,0.01044,0.04722,,,,1
67.07,429.666,457.397,17.44563559464881,78.38004574422537,10.374,37.58,3.552,-2.2658,8.4547,0.0101,0.01452,0.03842,,,,1
67.09,429.83,457.523,17.44563673884471,78.38004729154045,10.37,37.6,-0.9112,2.2429,7.1593,-0.02573,0.03528,0.02651,,,,1
67.11,429.994,457.65,17.445637883068336,78.38004883802607,10.367,37.62,-1.8531,-0.9698,14.3953,-0.01945,0.01071,0.05143,,,,1
67.13,430.158,457.776,17.44563902731638,78.3800503836759,10.364,37.63,3.5124,-2.4953,7.954,-0.02542,0.01694,0.02068,,,,1
67.15,430.322,457.903,17.445640171585556,78.38005192848364,10.36,37.65,-1.4201,2.2905,7.4247,0.00676,0.01924,0.04634,,,,1
67.17,430.486,458.03,17.445641315872617,78.38005347244305,10.357,37.66,-1.635,-0.9629,14.4077,0.0131,0.02,0.01514,,,,1
67.19,430.65,458.156,17.445642460174344,78.38005501554798,10.353,37.68,3.0952,-1.3162,8.0583,0.02618,0.01057,0.00385,,,,1
67.21,430.814,458.283,17.445643604487554,78.38005655779232,10.349,37.69,-1.1481,2.7016,7.1465,-0.01648,0.03662,0.02402,,,,1
67.23,430.978,458.409,17.44564474880909,78.38005809916997,10.346,37.71,-2.3507,-1.1619,14.3283,-0.00465,-0.03448,-0.01922,,,,1
67.25,431.141,458.536,17.445645893135843,78.38005963967495,10.342,37.73,2.8166,-1.7371,8.7719,-0.01867,0.00198,0.0514,,,,1
67.27,431.305,458.662,17.44564703746472,78.38006117930134,10.339,37.74,-1.541,2.0589,6.4456,-0.01729,0.01012,0.05141,,,,1
67.29,431.468,458.789,17.445648181792677,78.38006271804323,10.335,37.76,-1.6113,-1.6487,13.9423,0.00903,-0.00859,0.07158,,,,1
67.31,431.632,458.915,17.445649326116694,78.38006425589482,10.331,37.77,4.3356,-1.6068,10.1491,0.05289,0.03234,0.01483,,,,1
67.33,431.795,459.042,17.445650470433797,78.38006579285033,10.327,37.79,-1.7059,2.5895,5.6586,-0.01106,-0.03732,0.02245,,,,1
67.35,431.958,459.169,17.445651614741042,78.38006732890408,10.323,37.8,-0.6891,-2.1123,12.8437,-0.03396,-0.00382,0.02229,,,,1
67.37,432.121,459.295,17.445652759035518,78.38006886405041,10.32,37.82,2.3646,-2.528,7.899,0.03829,-0.03087,0.00594,,,,1
67.39,432.284,459.422,17.44565390331436,78.38007039828378,10.316,37.84,-2.0301,2.1772,5.4619,-0.03381,-0.00458,0.02451,,,,1
67.41,432.447,459.548,17.445655047574725,78.38007193159862,10.312,37.85,0.0375,-2.6223,10.7078,-0.00748,-0.01233,0.02638,,,,1
67.43,432.61,459.675,17.44565619181382,78.38007346398953,10.308,37.87,2.6195,-0.7024,13.8691,0.00014,0.00967,-0.05878,,,,1
67.45,432.772,459.801,17.445657336028887,78.3800749954511,10.304,37.89,-2.0241,1.7402,6.6898,0.01889,0.04956,-0.01296,,,,1
67.47,432.935,459.928,17.445658480217208,78.380076525978,10.3,37.9,1.8412,-2.4791,7.8131,0.02704,0.03054,0.04805,,,,1
67.49,433.097,460.054,17.445659624376095,78.38007805556498,10.296,37.92,1.6903,0.8621,14.3088,-0.00564,-0.02397,0.02513,,,,1
67.51,433.26,460.181,17.445660768502908,78.38007958420684,10.292,37.93,-3.2582,1.0693,9.6794,0.03801,0.01334,-0.03816,,,,1
67.53,433.422,460.308,17.445661912595043,78.38008111189845,10.288,37.95,2.1411,-2.3455,5.6055,-0.00494,-0.00632,-0.01322,,,,1
67.55,433.584,460.434,17.44566305664993,78.38008263863475,10.284,37.97,0.8093,1.1458,12.1919,-0.02708,0.02172,0.01878,,,,1
67.57,433.746,460.561,17.445664200665053,78.38008416441073,10.279,37.98,-0.2442,2.3278,20.3044,-0.0017,0.01969,-0.0089,,,,1
67.59,433.908,460.687,17.44566534463792,78.38008568922146,10.275,38.0,2.8962,-1.9765,6.211,-0.0055,0.03223,0.03361,,,,1
67.61,434.07,460.814,17.445666488566093,78.38008721306208,10.271,38.02,0.553,2.3612,8.0835,-0.0095,0.03663,0.02976,,,,1
67.63,434.231,460.94,17.445667632447165,78.38008873592779,10.267,38.03,-1.1653,-1.5325,14.2719,0.01896,0.02505,0.03361,,,,1
67.65,434.393,461.067,17.445668776278783,78.38009025781385,10.263,38.05,3.626,-2.0891,10.1723,-0.0309,0.00136,0.01974,,,,1
67.67,434.555,461.193,17.44566992005862,78.3800917787156,10.258,38.07,-1.4003,2.559,5.4127,0.01143,0.00097,0.01563,,,,1
67.69,434.716,461.32,17.445671063784403,78.38009329862842,10.254,38.08,0.402,-2.4037,10.9628,0.00102,-0.02176,0.06929,,,,1
67.71,434.877,461.446,17.4456722074539,78.38009481754783,10.25,38.1,2.76,-0.5063,14.0831,-0.02239,0.0123,-0.00941,,,,1
67.73,435.039,461.573,17.445673351064915,78.38009633546932,10.245,38.12,-3.0885,1.5013,7.7537,0.00295,0.01386,-0.06779,,,,1
67.75,435.2,461.699,17.445674494615304,78.38009785238853,10.241,38.13,1.86,-3.278,6.1873,0.03022,-0.03043,-0.03428,,,,1
67.77,435.361,461.826,17.44567563810296,78.38009936830113,10.236,38.15,1.7905,1.6022,12.8021,0.01234,0.02752,-0.00707,,,,1
67.79,435.522,461.952,17.445676781525826,78.38010088320287,10.232,38.17,-2.561,-0.4874,13.063,-0.01162,-0.00082,0.07648,,,,1
67.81,435.682,462.078,17.44567792488188,78.38010239708956,10.227,38.19,2.6128,-2.0921,6.4705,0.01668,-0.0162,0.0454,,,,1
67.83,435.843,462.205,17.44567906816916,78.3801039099571,10.223,38.2,-0.9887,2.7731,7.2073,-0.02624,0.0091,-0.01787,,,,1
67.85,436.004,462.331,17.445680211385735,78.38010542180143,10.218,38.22,-1.2038,-2.0277,13.6433,0.00892,-0.02359,-0.00929,,,,1
67.87,436.164,462.458,17.445681354529718,78.3801069326186,10.214,38.24,3.3941,-1.0741,12.2185,0.03285,-0.00886,0.03032,,,,1
67.89,436.324,462.584,17.445682497599282,78.3801084424047,10.209,38.25,-1.6319,1.9915,5.9635,-0.02554,-0.01254,0.01254,,,,1
67.91,436.485,462.711,17.44568364059263,78.38010995115592,10.205,38.27,0.5509,-3.3767,7.7908,0.01943,-0.01239,-0.01844,,,,1
67.93,436.645,462.837,17.445684783508025,78.38011145886847,10.2,38.29,2.2059,0.8566,13.8994,-0.0213,-0.01575,-0.01912,,,,1
67.95,436.805,462.963,17.445685926343767,78.3801129655387,10.196,38.31,-2.181,0.2607,11.9278,-0.00101,0.00062,-0.00739,,,,1
67.97,436.965,463.09,17.445687069098202,78.38011447116298,10.191,38.32,3.9757,-2.1431,5.8891,-0.03078,0.02202,-0.01407,,,,1
67.99,437.124,463.216,17.445688211769728,78.38011597573778,10.186,38.34,-0.6052,2.7236,7.764,0.02319,-0.01579,-0.0069,,,,1
68.01,437.284,463.343,17.445689354356794,78.38011747925961,10.182,38.36,-1.0798,-1.4415,13.7967,-0.02244,-0.00847,0.02289,,,,1
68.03,437.444,463.469,17.445690496857885,78.38011898172512,10.177,38.38,3.6447,-0.8471,12.2371,-0.00504,-0.01535,0.02361,,,,1
68.05,437.603,463.595,17.445691639271544,78.38012048313094,10.172,38.39,-2.408,1.5181,6.1549,0.02515,0.02269,-0.04221,,,,1
68.07,437.762,463.722,17.44569278159636,78.38012198347386,10.167,38.41,1.3082,-3.1506,7.1821,0.01132,-0.00207,0.01632,,,,1
68.09,437.922,463.848,17.445693923830966,78.38012348275069,10.163,38.43,1.8556,1.6718,13.3231,0.01867,0.01349,-0.00231,,,,1
68.11,438.081,463.974,17.445695065974046,78.38012498095833,10.158,38.45,-3.6377,-0.5709,13.0307,0.02091,-0.00283,0.02837,,,,1
68.13,438.24,464.101,17.445696208024334,78.38012647809376,10.153,38.46,3.6095,-2.2566,6.913,0.00848,0.03553,0.04654,,,,1
68.15,438.399,464.227,17.445697349980616,78.38012797415404,10.148,38.48,-1.0456,3.3416,6.2781,0.03926,0.00254,0.03543,,,,1
68.17,438.557,464.353,17.445698491841725,78.38012946913625,10.144,38.5,-0.6141,-1.9653,12.234,0.01189,0.02831,-0.01922,,,,1
68.19,438.716,464.479,17.445699633606537,78.38013096303763,10.139,38.52,3.8672,0.3467,13.9507,-0.0023,0.02404,0.02302,,,,1
68.21,438.875,464.606,17.44570077527399,78.38013245585543,10.134,38.54,-3.0831,1.4354,8.3893,-0.00529,-0.00081,0.04893,,,,1
68.23,439.033,464.732,17.445701916843067,78.38013394758701,10.129,38.55,2.1726,-2.7673,5.5127,-0.00559,-0.00791,0.00325,,,,1
68.251,439.191,464.858,17.445703058312795,78.38013543822977,10.124,38.57,1.3168,1.6956,10.3848,-0.00048,-0.00307,-0.06919,,,,1
68.271,439.35,464.984,17.44570419968226,78.38013692778122,10.119,38.59,-2.2282,-0.8937,14.3917,0.01941,-0.00064,0.04127,,,,1
68.291,439.508,465.111,17.445705340950603,78.38013841623895,10.114,38.61,3.3178,-1.2891,10.5723,-0.02618,0.03382,-0.01822,,,,1
68.311,439.666,465.237,17.445706482116996,78.38013990360056,10.11,38.63,-1.6054,3.1608,7.8278,-0.03773,0.0257,0.05949,,,,1
68.331,439.823,465.363,17.445707623180688,78.38014138986381,10.105,38.64,1.3738,-2.5547,8.0036,-0.03555,0.01365,0.00763,,,,1
68.351,439.981,465.489,17.445708764140964,78.3801428750265,10.1,38.66,1.944,0.9206,13.6497,-0.018,-0.00489,0.04945,,,,1
68.371,440.139,465.615,17.445709904997162,78.38014435908646,10.095,38.68,-3.1541,-0.1149,12.9488,0.0013,-0.011,-0.01179,,,,1
68.391,440.296,465.742,17.445711045748673,78.38014584204169,10.09,38.7,3.1564,-2.4341,7.1252,0.02819,-0.0233,0.00806,,,,1
68.411,440.454,465.868,17.445712186394946,78.38014732389017,10.085,38.72,-1.5288,1.9889,5.9576,0.00079,-0.00108,0.03257,,,,1
68.431,440.611,465.994,17.445713326935472,78.38014880463002,10.08,38.73,-0.2062,-2.5195,11.353,0.00578,-0.00548,0.05453,,,,1
68.451,440.768,466.12,17.445714467369804,78.38015028425944,10.075,38.75,2.9477,-0.5072,14.3568,0.01172,0.03159,0.03163,,,,1
68.471,440.925,466.246,17.445715607697544,78.38015176277663,10.07,38.77,-2.6839,1.3171,10.0488,0.01526,0.01632,0.02751,,,,1
68.491,441.082,466.372,17.445716747918343,78.38015324017996,10.065,38.79,2.1309,-2.9712,5.5101,0.02698,0.00543,0.0288,,,,1
68.511,441.239,466.498,17.44571788803191,78.38015471646783,10.06,38.81,0.1305,2.066,8.1257,-0.0088,0.02274,-0.01718,,,,1
68.531,441.395,466.625,17.44571902803801,78.38015619163869,10.055,38.83,-1.0371,-2.2821,13.6186,-0.00785,0.03206,0.04601,,,,1
68.551,441.552,466.751,17.445720167936454,78.38015766569113,10.05,38.85,3.8597,-0.778,13.1184,-0.00917,0.00313,-0.05138,,,,1
68.571,441.708,466.877,17.445721307727105,78.38015913862375,10.045,38.86,-2.5339,1.8655,7.4594,0.02985,0.0029,0.03342,,,,1
68.591,441.865,467.003,17.44572244740989,78.38016061043527,10.04,38.88,2.6125,-2.9538,5.7055,0.01682,-0.02151,-0.03836,,,,1
68.611,442.021,467.129,17.44572358698478,78.3801620811245,10.035,38.9,0.8063,1.673,10.6334,0.00311,0.03422,0.01978,,,,1
68.631,442.177,467.255,17.44572472645181,78.38016355069026,10.03,38.92,-1.3159,-1.5758,14.3949,0.04451,0.02562,0.0077,,,,1
68.651,442.333,467.381,17.44572586581106,78.3801650191315,10.025,38.94,3.7313,-1.1387,11.0553,-0.0068,-0.00466,0.00698,,,,1
68.671,442.489,467.507,17.44572700506266,78.38016648644722,10.02,38.96,-2.4225,1.7536,5.8917,-0.01942,0.02575,0.03,,,,1
68.691,442.644,467.633,17.445728144206814,78.38016795263654,10.015,38.98,2.3365,-3.1234,7.029,-0.02746,-0.04064,0.0167,,,,1
68.711,442.8,467.759,17.44572928324376,78.3801694176986,10.01,39.0,1.7423,1.5535,12.6665,0.0101,-0.00324,0.03453,,,,1
68.731,442.956,467.885,17.445730422173803,78.38017088163264,10.005,39.01,-2.1243,-0.4451,13.9683,-0.02586,0.00745,0.03976,,,,1
68.751,443.111,468.011,17.445731560997295,78.38017234443797,10.0,39.03,3.0229,-1.6559,8.9147,0.01264,0.01247,-0.06439,,,,1
68.771,443.266,468.137,17.445732699714647,78.380173806114,9.995,39.05,-2.4256,1.789,5.3933,-0.00631,0.02492,0.06798,,,,1
68.791,443.421,468.263,17.445733838326323,78.38017526666017,9.99,39.07,0.8324,-3.7452,8.8773,-0.01372,-0.01049,-0.0152,,,,1
68.811,443.576,468.388,17.445734976832842,78.38017672607604,9.985,39.09,2.1113,0.7557,13.9353,0.01606,0.01789,0.02958,,,,1
68.831,443.731,468.514,17.44573611523478,78.38017818436123,9.98,39.11,-2.9114,0.7845,12.709,-0.01252,0.02268,0.04585,,,,1
68.851,443.886,468.64,17.445737253532766,78.38017964151541,9.975,39.13,3.4343,-1.6455,7.1043,-0.01535,0.00197,0.03965,,,,1
68.871,444.04,468.766,17.445738391727488,78.38018109753838,9.97,39.15,-0.7213,3.1521,5.8266,-0.00109,-0.0025,0.0477,,,,1
68.891,444.195,468.892,17.44573952981968,78.38018255242996,9.965,39.17,0.2913,-2.7477,10.8556,-0.01218,-0.01768,-0.01701,,,,1
68.911,444.349,469.018,17.445740667810142,78.38018400619006,9.96,39.19,2.1608,-0.2838,14.385,0.01553,-0.00507,0.01667,,,,1
68.931,444.504,469.144,17.445741805699726,78.38018545881869,9.955,39.21,-2.857,-0.2651,10.9338,0.02784,-0.03318,0.04173,,,,1
68.951,444.658,469.27,17.445742943489332,78.38018691031591,9.95,39.23,2.7588,-3.0564,5.853,0.04572,0.00283,0.00931,,,,1
68.971,444.812,469.395,17.445744081179928,78.38018836068187,9.945,39.25,-0.8682,2.3096,7.046,-0.0093,0.00889,0.04499,,,,1
68.991,444.966,469.521,17.44574521877253,78.38018980991677,9.94,39.26,-0.8559,-1.7369,12.6677,-0.01346,0.00106,0.03084,,,,1
69.011,445.12,469.647,17.445746356268206,78.38019125802091,9.935,39.28,2.8742,0.1492,13.953,-0.02871,-0.00164,0.0215,,,,1
69.031,445.273,469.773,17.445747493668087,78.38019270499466,9.93,39.3,-3.321,1.3257,8.8891,0.00723,0.00599,0.05024,,,,1
69.051,445.427,469.899,17.44574863097336,78.38019415083845,9.925,39.32,2.5638,-3.4181,5.3937,0.02474,0.01125,-0.03895,,,,1
69.071,445.58,470.024,17.44574976818526,78.38019559555279,9.92,39.34,-0.1919,1.8284,8.9722,-0.0259,0.01855,-0.03285,,,,1
69.091,445.734,470.15,17.445750905305083,78.38019703913827,9.915,39.36,-2.5475,-1.5985,14.007,-0.02979,-0.02235,0.03838,,,,1
69.111,445.887,470.276,17.44575204233418,78.38019848159554,9.91,39.38,4.2244,-0.6041,12.5505,0.05727,-0.00163,0.01627,,,,1
69.131,446.04,470.402,17.445753179273957,78.38019992292534,9.905,39.4,-2.1882,1.9226,6.8921,-0.02661,-0.02187,0.01387,,,,1
69.151,446.193,470.527,17.445754316125875,78.38020136312846,9.9,39.42,1.8103,-3.5808,6.0084,-0.0147,-0.00151,0.01362,,,,1
69.171,446.346,470.653,17.445755452891454,78.38020280220582,9.895,39.44,0.8874,2.1088,11.3339,-0.04583,0.0286,0.05562,,,,1
69.191,446.498,470.779,17.445756589572266,78.3802042401583,9.89,39.46,-2.5074,-0.7975,14.3621,-0.05528,0.01174,0.00437,,,,1
69.211,446.651,470.905,17.445757726169933,78.38020567698699,9.885,39.48,4.2357,-2.0397,10.2021,-0.00495,-0.00012,0.02676,,,,1
69.231,446.803,471.03,17.44575886268615,78.38020711269293,9.88,39.5,-1.4161,1.8952,5.5478,0.0252,-0.00656,0.02767,,,,1
69.251,446.956,471.156,17.44575999912265,78.38020854727732,9.875,39.52,1.132,-2.7734,7.955,-0.00099,-0.0016,0.05112,,,,1
69.271,447.108,471.282,17.44576113548123,78.38020998074138,9.871,39.54,2.2204,1.1261,13.5361,-0.04312,-0.00389,0.02579,,,,1
69.291,447.26,471.407,17.445762271763737,78.38021141308643,9.866,39.56,-2.5125,0.5506,13.1475,-0.00207,0.0149,0.03015,,,,1
69.311,447.412,471.533,17.44576340797208,78.38021284431382,9.861,39.58,2.8901,-2.1531,7.3903,-0.03428,-0.00999,-0.01954,,,,1
69.331,447.564,471.659,17.445764544108222,78.38021427442503,9.856,39.6,-1.5425,2.2404,5.789,-0.02165,-0.00022,-0.01771,,,,1
69.351,447.716,471.784,17.445765680174176,78.38021570342156,9.851,39.62,0.0054,-2.6298,11.0415,0.00097,-0.0047,-0.00894,,,,1
69.371,447.867,471.91,17.445766816172014,78.380217131305,9.847,39.64,2.5545,0.3186,14.3684,-0.00366,-0.01509,0.01016,,,,1
69.391,448.019,472.036,17.44576795210386,78.38021855807703,9.842,39.66,-2.9198,0.6273,10.1254,0.00402,-0.02204,-0.00506,,,,1
69.411,448.17,472.161,17.445769087971904,78.38021998373935,9.837,39.68,2.807,-3.316,5.4736,0.02046,0.00789,0.01558,,,,1
69.431,448.322,472.287,17.445770223778375,78.38022140829376,9.832,39.7,-0.2045,2.5776,8.3787,-0.00146,-0.01724,0.00943,,,,1
69.451,448.473,472.412,17.445771359525565,78.38022283174215,9.828,39.72,-1.2777,-1.4092,13.8851,-0.01596,0.00684,-0.04763,,,,1
69.471,448.624,472.538,17.445772495215824,78.38022425408641,9.823,39.74,2.9965,-0.6614,12.4341,0.01065,0.02807,0.00662,,,,1
69.491,448.775,472.664,17.44577363085155,78.38022567532859,9.818,39.77,-2.8418,2.4846,6.5125,-0.03446,0.00756,-0.00471,,,,1
69.511,448.926,472.789,17.445774766435203,78.38022709547073,9.813,39.79,1.1549,-3.3579,6.5305,0.00015,0.00421,0.04607,,,,1
69.531,449.076,472.915,17.445775901969288,78.38022851451497,9.809,39.81,1.7358,2.2461,12.5104,0.02484,-0.02213,0.03217,,,,1
69.551,449.227,473.04,17.44577703745637,78.38022993246351,9.804,39.83,-3.248,-0.7821,13.7818,-0.01514,-0.00478,0.05139,,,,1
69.571,449.377,473.166,17.445778172899068,78.38023134931862,9.8,39.85,3.9494,-2.5981,8.0081,-0.01347,-0.00924,0.05361,,,,1
69.591,449.528,473.291,17.445779308300054,78.38023276508265,9.795,39.87,-0.9272,1.7244,5.6441,0.03567,-0.00308,0.08949,,,,1
69.611,449.678,473.417,17.44578044366206,78.38023417975799,9.79,39.89,-0.1834,-2.7847,11.064,0.00298,0.01044,-0.00424,,,,1
69.631,449.828,473.543,17.44578157898786,78.38023559334711,9.786,39.91,1.9794,0.2092,14.8897,0.00062,0.02149,0.03749,,,,1
69.651,449.978,473.668,17.445782714280288,78.38023700585254,9.781,39.93,-2.9698,1.3678,9.2677,0.00409,-0.0383,0.00713,,,,1
69.671,450.128,473.794,17.445783849542238,78.38023841727686,9.777,39.95,2.5058,-2.9695,5.4012,-0.02012,0.03356,0.00967,,,,1
69.691,450.278,473.919,17.445784984776644,78.38023982762276,9.772,39.97,0.0296,1.6032,10.0671,0.02163,-0.01502,-0.01878,,,,1
69.711,450.427,474.045,17.4457861199865,78.38024123689294,9.768,39.99,-2.1097,-1.2852,14.3779,0.02978,0.04757,-0.008,,,,1
69.731,450.577,474.17,17.44578725517486,78.3802426450902,9.763,40.01,4.1733,-1.8133,9.9645,-0.00722,-0.00145,0.07102,,,,1
69.751,450.726,474.296,17.44578839034482,78.38024405221739,9.759,40.03,-1.6712,1.6164,5.3848,0.00668,0.01515,0.01297,,,,1
69.771,450.876,474.422,17.44578952549953,78.38024545827741,9.755,40.06,0.062,-3.2198,9.6959,0.01776,0.01107,-0.02887,,,,1
69.791,451.025,474.547,17.4457906606422,78.38024686327326,9.75,40.08,1.9437,0.1904,14.3783,0.01878,0.00089,-0.00309,,,,1
69.811,451.174,474.673,17.445791795776085,78.38024826720795,9.746,40.1,-2.9667,1.5414,9.9952,0.02139,0.02739,0.01155,,,,1
69.831,451.323,474.798,17.445792930904496,78.38024967008458,9.742,40.12,2.5417,-2.946,5.38,-0.03105,0.03419,-0.01512,,,,1
69.851,451.472,474.924,17.445794066030793,78.38025107190632,9.737,40.14,0.6176,2.3667,10.0284,0.01215,0.00486,0.03881,,,,1
69.871,451.621,475.049,17.44579520115839,78.38025247267637,9.733,40.16,-2.1922,-1.621,14.3709,0.02928,-0.00827,0.01311,,,,1
69.891,451.769,475.175,17.44579633629075,78.38025387239803,9.729,40.18,3.7642,-1.3634,9.2901,0.01023,-0.01462,0.0301,,,,1
69.911,451.918,475.3,17.44579747143139,78.38025527107462,9.725,40.2,-0.8911,2.9383,5.4694,0.02957,0.03252,-0.03243,,,,1
69.931,452.066,475.426,17.44579860658388,78.38025666870954,9.72,40.23,0.251,-3.3808,11.1153,-0.00136,-0.01547,-0.01663,,,,1
69.951,452.215,475.551,17.445799741751834,78.38025806530622,9.716,40.25,2.9803,-0.3217,14.0961,0.00638,0.01299,-0.01391,,,,1
69.971,452.363,475.677,17.44580087693892,78.3802594608682,9.712,40.27,-2.8211,1.744,7.8777,-0.0019,0.02102,0.049,,,,1
69.991,452.511,475.803,17.445802012148864,78.38026085539904,9.708,40.29,1.7499,-2.8635,6.1221,0.00974,-0.00388,0.01163,,,,1
70.011,452.659,475.928,17.445803147385426,78.38026224890237,9.704,40.31,1.9345,1.2599,12.7958,0.01476,0.0231,0.0301,,,,1
70.031,452.807,476.054,17.44580428265243,78.38026364138186,9.7,40.33,-2.8714,-0.0689,12.9101,-0.0247,0.00906,0.0818,,,,1
70.051,452.955,476.179,17.445805417953743,78.38026503284125,9.696,40.35,3.2061,-2.898,6.1429,0.00045,0.00551,-0.00149,,,,1
70.071,453.102,476.305,17.44580655329328,78.38026642328433,9.692,40.38,-0.2819,2.4121,8.0369,-0.00051,-0.01799,0.01431,,,,1
70.091,453.25,476.43,17.445807688675014,78.38026781271493,9.688,40.4,-1.7875,-0.9586,14.2503,-0.01197,-0.00123,0.01259,,,,1
70.111,453.397,476.556,17.445808824102954,78.38026920113697,9.684,40.42,3.0219,-1.889,10.1855,0.0051,-0.00452,-0.02108,,,,1
70.131,453.545,476.682,17.44580995958117,78.38027058855441,9.68,40.44,-1.602,2.8125,5.4411,-0.01881,0.02519,0.02993,,,,1
70.151,453.692,476.807,17.44581109511377,78.38027197497122,9.676,40.46,-0.2058,-2.8226,11.4409,-0.01919,0.01582,-0.00922,,,,1
70.171,453.839,476.933,17.445812230704913,78.3802733603915,9.673,40.48,3.3816,-0.6716,13.6817,-0.01441,-0.00586,-0.02618,,,,1
70.191,453.986,477.058,17.445813366358813,78.38027474481932,9.669,40.51,-2.7864,2.2079,6.6337,-0.02643,-0.02273,-0.09797,,,,1
70.211,454.133,477.184,17.445814502079724,78.38027612825887,9.665,40.53,1.6556,-2.6639,7.7426,-0.01588,0.02417,0.02056,,,,1
70.231,454.28,477.31,17.44581563787194,78.38027751071435,9.661,40.55,2.0029,1.1202,14.2823,0.03451,0.03025,0.02241,,,,1
70.251,454.426,477.435,17.445816773739825,78.38027889219002,9.658,40.57,-2.1436,0.5591,9.6854,-0.024,0.03068,0.04031,,,,1
70.271,454.573,477.561,17.44581790968776,78.3802802726902,9.654,40.59,1.5141,-3.2832,5.664,-0.02001,0.01682,0.06352,,,,1
70.291,454.72,477.686,17.4458190457202,78.38028165221922,9.65,40.62,1.5759,1.9136,12.6418,0.00055,-0.00968,0.0164,,,,1
70.311,454.866,477.812,17.445820181841622,78.38028303078154,9.647,40.64,-2.5069,0.2786,12.3993,-0.02312,-0.00254,0.01811,,,,1
70.331,455.012,477.938,17.445821318056566,78.38028440838157,9.643,40.66,2.5727,-3.3073,5.5393,-0.02017,-0.03482,-0.03385,,,,1
70.351,455.158,478.063,17.445822454369605,78.38028578502382,9.64,40.68,0.7102,2.258,10.3832,-0.02635,0.01341,0.0808,,,,1
70.371,455.305,478.189,17.445823590785363,78.38028716071285,9.636,40.7,-1.852,-0.7178,13.9012,-0.00179,0.02327,-0.07239,,,,1
70.391,455.451,478.315,17.445824727308512,78.38028853545326,9.633,40.73,2.3944,-1.8333,6.488,-0.00657,-0.00742,0.01375,,,,1
70.411,455.596,478.441,17.44582586394376,78.38028990924967,9.629,40.75,0.0897,2.9463,8.5574,0.00711,-0.00613,0.06725,,,,1
70.431,455.742,478.566,17.44582700069586,78.38029128210678,9.626,40.77,-3.0089,-0.6977,14.376,0.00229,-0.04113,0.00387,,,,1
70.451,455.888,478.692,17.445828137569617,78.3802926540293,9.623,40.79,3.0705,-1.7125,7.5628,0.02131,0.02013,-0.02177,,,,1
70.471,456.034,478.818,17.445829274569867,78.38029402502202,9.619,40.82,0.1188,2.4642,7.4495,-0.01251,0.03435,0.03754,,,,1
70.491,456.179,478.944,17.4458304117015,78.38029539508976,9.616,40.84,-1.9919,-0.9285,14.3716,-0.02528,0.00972,0.07469,,,,1
70.511,456.324,479.069,17.445831548969437,78.38029676423736,9.613,40.86,3.0495,-1.4823,8.2597,-0.01899,-0.00292,0.0915,,,,1
70.531,456.47,479.195,17.44583268637865,78.38029813246972,9.61,40.88,-0.8061,2.5693,6.9981,0.0345,-0.00634,-0.01093,,,,1
70.551,456.615,479.321,17.44583382393415,78.38029949979179,9.607,40.91,-0.8448,-1.43,14.3272,-0.04144,0.00054,0.03413,,,,1
70.571,456.76,479.447,17.445834961640987,78.38030086620853,9.604,40.93,2.5983,-2.9725,7.7261,0.02068,0.02614,0.05608,,,,1
70.591,456.905,479.573,17.445836099504252,78.38030223172497,9.601,40.95,-1.1008,2.4487,7.0934,0.0206,0.001,0.03805,,,,1
70.611,457.05,479.698,17.44583723752908,78.38030359634615,9.598,40.97,-1.1601,-0.8864,14.3745,0.00384,-0.01063,0.03451,,,,1
70.631,457.195,479.824,17.445838375720644,78.3803049600772,9.595,41.0,4.227,-1.7899,7.8365,-0.01975,0.05103,0.00291,,,,1
70.651,457.34,479.95,17.445839514084152,78.38030632292322,9.592,41.02,-0.4487,2.626,7.7654,0.00917,-0.01373,0.00866,,,,1
70.671,457.484,480.076,17.44584065262486,78.38030768488939,9.589,41.04,-2.519,-1.1159,14.3634,-0.01785,-0.01123,0.00176,,,,1
70.691,457.629,480.202,17.44584179134805,78.38030904598091,9.586,41.06,4.1842,-3.2304,6.7948,-0.01096,-0.00628,-0.02342,,,,1
70.711,457.773,480.328,17.44584293025906,78.38031040620304,9.583,41.09,0.7658,2.0791,9.199,0.00322,0.01325,-0.0122,,,,1
70.731,457.918,480.454,17.445844069363254,78.38031176556103,9.58,41.11,-2.1156,-0.471,13.8142,-0.01125,0.00399,-0.00864,,,,1
70.751,458.062,480.58,17.44584520866603,78.38031312406021,9.578,41.13,2.6849,-2.9007,5.6916,-0.023,0.00018,0.04632,,,,1
70.771,458.206,480.706,17.445846348172836,78.38031448170591,9.575,41.16,0.9037,2.163,11.4212,-0.00502,0.00959,0.03649,,,,1
70.791,458.35,480.832,17.445847487889143,78.3803158385035,9.572,41.18,-2.7876,1.2154,12.0538,0.00884,-0.01212,0.01094,,,,1
70.811,458.494,480.958,17.445848627820467,78.38031719445841,9.57,41.2,3.6714,-1.3933,9.5281,0.02173,0.01695,0.00037,,,,1
70.831,458.638,481.084,17.445849767972355,78.38031854957606,9.567,41.23,2.5055,1.144,13.716,0.01229,0.02715,-0.05102,,,,1
70.851,458.782,481.21,17.445850908350398,78.38031990386193,9.565,41.25,-2.4526,1.2392,8.901,0.03013,-0.00313,0.00786,,,,1
70.871,458.926,481.337,17.44585204896021,78.38032125732151,9.562,41.27,0.8018,-2.9367,7.5726,0.0041,0.01468,0.0242,,,,1
70.891,459.069,481.463,17.44585318980744,78.38032260996033,9.56,41.29,3.4763,-0.1713,14.2291,-0.00458,0.00607,0.08341,,,,1
70.911,459.213,481.589,17.445854330897784,78.38032396178394,9.558,41.32,-2.2159,2.2417,5.8558,0.03468,0.02134,0.04969,,,,1
70.931,459.356,481.715,17.44585547223696,78.38032531279795,9.555,41.34,0.0003,-2.1992,11.681,-0.00863,0.0094,0.02106,,,,1
70.951,459.5,481.841,17.44585661383072,78.38032666300796,9.553,41.36,4.1214,-1.1401,11.1678,0.01657,0.0299,0.018,,,,1
70.971,459.643,481.968,17.445857755684855,78.3803280124196,9.551,41.39,-1.5503,2.7446,6.2181,0.02412,0.0589,-0.01543,,,,1
70.991,459.786,482.094,17.445858897805177,78.38032936103853,9.549,41.41,-1.8678,-0.9014,14.3906,-0.04803,0.02453,0.02608,,,,1
71.011,459.929,482.22,17.445860040197537,78.38033070887046,9.546,41.43,3.0379,-3.2212,6.3696,5e-05,0.02786,0.02609,,,,1
71.031,460.073,482.347,17.44586118286782,78.38033205592107,9.544,41.46,0.2028,2.2594,11.1788,-0.02278,0.00134,0.027,,,,1
71.051,460.216,482.473,17.445862325821935,78.38033340219614,9.542,41.48,-2.6556,0.4538,11.2529,-0.024,-0.00149,-0.00909,,,,1
71.071,460.358,482.6,17.44586346906582,78.3803347477014,9.54,41.5,2.7306,-3.4609,6.4465,-0.01768,0.01445,0.07019,,,,1
71.091,460.501,482.726,17.44586461260545,78.38033609244263,9.538,41.53,2.0501,-0.0712,14.3573,-0.03713,-0.01244,0.07635,,,,1
71.111,460.644,482.853,17.445865756446825,78.38033743642563,9.536,41.55,-2.3032,2.4356,5.7405,0.01533,0.03176,0.01819,,,,1
71.131,460.787,482.979,17.445866900595973,78.38033877965626,9.535,41.58,-0.433,-2.1876,12.7005,-0.00619,0.02519,0.04318,,,,1
71.151,460.929,483.106,17.445868045058948,78.38034012214031,9.533,41.6,3.6007,-2.4458,9.1066,0.02079,-0.00074,-0.02894,,,,1
71.171,461.072,483.232,17.445869189841837,78.38034146388368,9.531,41.62,-0.1419,2.6049,8.62,0.00482,0.02252,-0.01857,,,,1
71.191,461.214,483.359,17.44587033495075,78.38034280489224,9.529,41.65,-3.1348,-0.4179,12.9392,-0.00197,0.05438,0.03708,,,,1
71.211,461.356,483.486,17.445871480391823,78.38034414517188,9.528,41.67,2.2288,-2.9353,5.7736,-0.01822,0.01499,0.03615,,,,1
71.231,461.499,483.612,17.445872626171223,78.38034548472852,9.526,41.69,2.3248,0.6912,14.4123,-0.00834,0.0251,0.03645,,,,1
71.251,461.641,483.739,17.445873772295137,78.38034682356809,9.524,41.72,-3.1626,2.6425,5.7525,0.00709,0.01645,0.01995,,,,1
71.271,461.783,483.866,17.445874918769782,78.38034816169655,9.523,41.74,-0.4216,-1.2067,13.1858,-0.00678,0.01677,0.04301,,,,1
71.291,461.925,483.993,17.44587606560139,78.38034949911983,9.521,41.76,3.8653,-2.6141,7.8667,-0.01315,0.00953,-0.0113,,,,1
71.311,462.067,484.12,17.445877212796226,78.38035083584393,9.52,41.79,0.6267,2.1422,10.5768,-0.00115,0.05306,0.01065,,,,1
71.331,462.209,484.247,17.445878360360577,78.38035217187483,9.519,41.81,-2.7291,0.855,10.5936,0.0224,-0.02858,0.07975,,,,1
71.351,462.351,484.374,17.44587950830075,78.38035350721853,9.517,41.84,1.4819,-2.6991,8.0243,0.0022,0.02018,0.01419,,,,1
71.371,462.492,484.501,17.445880656623075,78.38035484188106,9.516,41.86,3.4685,-0.53,12.7772,0.02051,0.00792,0.05227,,,,1
71.391,462.634,484.628,17.445881805333904,78.38035617586841,9.515,41.88,-0.7038,2.4723,6.3113,-0.04443,0.03435,0.0122,,,,1
71.411,462.776,484.755,17.44588295443961,78.38035750918664,9.514,41.91,-2.4441,-0.5606,14.0013,0.00146,0.03387,0.02875,,,,1
71.431,462.917,484.882,17.44588410394659,78.38035884184177,9.512,41.93,2.8745,-3.3912,5.5355,-0.00338,0.0276,0.05346,,,,1
71.451,463.059,485.009,17.445885253861256,78.38036017383988,9.511,41.96,2.8328,0.9177,14.4024,-0.0192,-0.00534,-0.01576,,,,1
71.471,463.2,485.136,17.445886404190038,78.380361505187,9.51,41.98,-1.9087,2.6581,5.4259,0.00281,0.0395,0.06103,,,,1
71.491,463.341,485.264,17.44588755493939,78.38036283588922,9.509,42.01,-2.151,-0.8734,14.3062,0.01553,0.00414,0.01145,,,,1
71.511,463.483,485.391,17.44588870611578,78.3803641659526,9.508,42.03,3.5215,-2.2303,7.1048,0.001,0.03605,0.03557,,,,1
71.531,463.624,485.518,17.445889857725707,78.38036549538322,9.507,42.05,1.806,0.8778,14.0511,-0.02561,0.019,-0.00175,,,,1
71.551,463.765,485.646,17.44589100977566,78.38036682418716,9.507,42.08,-2.6042,1.8429,5.8773,0.00844,0.01706,0.00207,,,,1
71.571,463.906,485.773,17.445892162272173,78.38036815237052,9.506,42.1,-1.5815,-1.4411,13.8504,0.02241,0.00497,-0.02279,,,,1
71.591,464.047,485.901,17.44589331522178,78.38036947993938,9.505,42.13,2.7135,-2.9619,5.9888,0.00232,-0.02884,-0.00692,,,,1
71.611,464.188,486.028,17.445894468631035,78.38037080689983,9.504,42.15,2.8404,2.0354,13.8179,-0.00205,0.05108,0.02097,,,,1
71.631,464.329,486.156,17.445895622506505,78.38037213325799,9.504,42.18,-1.8314,1.7518,5.9163,-0.01454,0.02052,0.02253,,,,1
71.651,464.47,486.284,17.445896776854777,78.38037345901994,9.503,42.2,-0.5816,-1.381,13.9858,0.00666,0.00462,0.04271,,,,1
71.671,464.61,486.411,17.44589793168244,78.38037478419176,9.503,42.23,2.5174,-2.0167,5.6865,-0.00828,0.02294,0.01318,,,,1
71.691,464.751,486.539,17.445899086996107,78.38037610877957,9.502,42.25,1.7145,0.3971,12.132,0.07341,0.00494,0.05172,,,,1
71.711,464.892,486.667,17.445900242802402,78.38037743278946,9.502,42.27,-2.5654,2.5637,5.4414,0.02163,-0.00447,0.05245,,,,1
71.731,465.032,486.795,17.445901399107957,78.38037875622751,9.501,42.3,-2.1601,-1.3135,14.3939,0.00425,-0.00023,0.00292,,,,1
71.751,465.173,486.923,17.445902555919417,78.38038007909985,9.501,42.32,2.0891,-3.4203,5.4494,0.00868,0.00337,-0.09102,,,,1
71.771,465.313,487.051,17.445903713243435,78.38038140141252,9.501,42.35,3.4965,0.4931,14.1335,-0.00374,0.00184,0.03169,,,,1
71.791,465.454,487.179,17.445904871086686,78.38038272317165,9.5,42.37,-1.3333,3.2715,6.0642,0.00835,0.01695,0.02047,,,,1
71.811,465.594,487.307,17.445906029455838,78.38038404438328,9.5,42.4,-2.1392,-0.0081,13.0826,0.01106,0.03667,-0.01381,,,,1
71.831,465.734,487.435,17.445907188357577,78.3803853650535,9.5,42.42,1.471,-3.3057,7.6103,-0.01662,0.02026,0.06792,,,,1
71.851,465.874,487.563,17.445908347798596,78.38038668518838,9.5,42.45,4.4894,-2.1282,11.0319,-0.00578,0.00969,0.00888,,,,1
71.871,466.014,487.692,17.445909507785597,78.38038800479399,9.5,42.47,-0.1278,1.9059,10.0921,0.00569,-0.032,-0.00929,,,,1
71.891,466.155,487.82,17.445910668325286,78.38038932387636,9.5,42.5,-2.2489,1.5943,8.2815,0.00754,0.02205,0.09098,,,,1
71.911,466.295,487.948,17.44591182942438,78.38039064244154,9.5,42.52,-0.2609,-1.3211,12.837,-0.00598,-0.00113,0.01224,,,,1
71.931,466.435,488.077,17.445912991089596,78.38039196049557,9.5,42.55,2.7537,-2.2737,5.9291,-0.00887,0.01782,0.02258,,,,1
71.951,466.574,488.205,17.445914153327664,78.38039327804448,9.5,42.57,2.9486,0.9207,14.3747,0.01099,0.0216,0.03411,,,,1
71.971,466.714,488.334,17.44591531614531,78.38039459509427,9.501,42.6,-1.3533,2.4968,5.6204,0.01036,0.00625,-0.01683,,,,1
71.991,466.854,488.463,17.445916479549272,78.38039591165096,9.501,42.62,-2.6314,-0.0983,13.1884,-0.00957,-0.00368,0.00101,,,,1
72.011,466.994,488.591,17.445917643546284,78.38039722772054,9.501,42.65,0.6349,-2.2072,8.3159,-0.04236,0.01952,0.01667,,,,1
72.031,467.134,488.72,17.44591880814309,78.38039854330897,9.502,42.67,3.3013,-1.5224,9.3485,0.01116,-0.01127,0.07024,,,,1
72.051,467.273,488.849,17.44591997334643,78.38039985842222,9.502,42.7,2.2072,0.976,12.5514,0.01699,0.05826,-0.00541,,,,1
72.071,467.413,488.978,17.445921139163055,78.38040117306625,9.502,42.72,-2.2803,2.0964,5.7807,0.01159,0.01365,0.05258,,,,1
72.091,467.552,489.107,17.4459223055997,78.38040248724698,9.503,42.75,-1.6992,-1.0415,14.3566,0.03462,0.02394,0.03627,,,,1
72.111,467.692,489.236,17.445923472663118,78.38040380097034,9.504,42.77,1.4155,-3.1048,6.4942,0.01573,0.0104,0.01895,,,,1
72.131,467.831,489.365,17.44592464036005,78.38040511424224,9.504,42.8,3.2655,-0.8745,11.0607,0.00466,-0.0035,0.00044,,,,1
72.151,467.971,489.494,17.445925808697247,78.38040642706855,9.505,42.82,1.4094,2.0492,11.4786,-0.01859,0.05164,-0.01028,,,,1
72.171,468.11,489.624,17.44592697768145,78.38040773945514,9.506,42.85,-2.9415,2.242,6.1041,-0.00176,-0.01056,0.1195,,,,1
72.191,468.25,489.753,17.445928147319396,78.38040905140785,9.506,42.88,-2.1269,-0.2084,14.3748,-0.00446,0.0126,0.05546,,,,1
72.211,468.389,489.883,17.44592931761783,78.38041036293252,9.507,42.9,1.645,-3.1366,6.7153,0.00429,0.00795,0.01392,,,,1
72.231,468.528,490.012,17.44593048858348,78.38041167403496,9.508,42.93,3.6435,-0.5802,10.2235,-0.02552,0.00454,0.01896,,,,1
72.251,468.667,490.142,17.445931660223078,78.38041298472096,9.509,42.95,1.3639,1.5525,12.6523,0.01056,-0.0012,0.00481,,,,1
72.271,468.806,490.271,17.445932832543356,78.38041429499629,9.51,42.98,-1.8685,2.5878,5.4421,-0.01251,0.00586,-0.02135,,,,1
72.291,468.946,490.401,17.445934005551027,78.38041560486667,9.511,43.0,-2.1695,-0.1034,13.5351,0.00593,0.02326,0.00546,,,,1
72.311,469.085,490.531,17.445935179252814,78.38041691433784,9.512,43.03,0.9243,-2.5658,9.2571,-0.01054,0.01806,0.00985,,,,1
72.331,469.224,490.661,17.445936353655423,78.38041822341552,9.513,43.05,3.0277,-1.9832,7.0518,-0.00332,0.02086,0.06688,,,,1
72.351,469.363,490.791,17.445937528765555,78.38041953210534,9.514,43.08,2.5126,0.9419,14.3896,-0.01884,0.00661,0.02471,,,,1
72.371,469.502,490.921,17.4459387045899,78.38042084041298,9.515,43.11,-0.2707,2.4103,6.862,-0.01771,0.03012,0.00521,,,,1
72.391,469.641,491.051,17.44593988113515,78.38042214834405,9.517,43.13,-2.4259,1.0168,9.2018,0.00919,-0.01784,0.07542,,,,1
72.411,469.779,491.181,17.445941058407975,78.38042345590415,9.518,43.16,-1.7759,-0.4876,13.8399,0.01766,0.01005,0.00251,,,,1
72.431,469.918,491.311,17.445942236415046,78.38042476309886,9.519,43.18,2.2604,-3.0451,5.8141,-0.00172,0.00807,0.01537,,,,1
72.451,470.057,491.442,17.445943415163015,78.3804260699337,9.521,43.21,2.7982,-0.9004,10.6654,0.02424,0.00802,0.06216,,,,1
72.471,470.196,491.572,17.445944594658535,78.3804273764142,9.522,43.23,1.6801,1.0371,13.1434,0.01963,0.00812,-0.00698,,,,1
72.491,470.334,491.703,17.445945774908232,78.38042868254585,9.524,43.26,-0.8083,2.5978,5.5236,0.0039,0.00992,0.00248,,,,1
72.511,470.473,491.833,17.44594695591873,78.3804299883341,9.525,43.29,-3.1402,0.8685,11.2182,-0.02057,0.02544,0.00752,,,,1
72.531,470.612,491.964,17.44594813769664,78.38043129378437,9.527,43.31,-1.1067,-1.6469,12.9677,0.00429,0.00379,0.03584,,,,1
72.551,470.75,492.095,17.445949320248555,78.38043259890206,9.529,43.34,4.3081,-1.7061,11.0106,0.00624,0.00451,-0.02516,,,,1
72.571,470.889,492.226,17.445950503581056,78.38043390369253,9.53,43.36,2.965,-1.0311,10.9034,0.00985,0.03743,0.01832,,,,1
72.591,471.028,492.357,17.44595168770071,78.38043520816112,9.532,43.39,1.53,1.141,13.4043,-0.00787,0.03241,-0.00823,,,,1
72.611,471.166,492.488,17.445952872614072,78.38043651231311,9.534,43.42,-1.0457,2.889,5.8648,-0.01505,0.01423,0.01683,,,,1
72.631,471.304,492.619,17.445954058327672,78.38043781615377,9.536,43.44,-3.0432,0.9566,9.6769,-0.03364,0.01671,0.04023,,,,1
72.651,471.443,492.75,17.445955244848033,78.38043911968835,9.538,43.47,-1.5364,-1.5984,14.1424,0.00147,-0.01704,-0.00981,,,,1
72.671,471.581,492.881,17.445956432181653,78.38044042292202,9.54,43.49,1.8077,-2.8997,6.981,-0.00265,0.0086,-0.0133,,,,1
72.691,471.72,493.013,17.44595762033502,78.38044172585995,9.541,43.52,3.6601,-2.3677,7.6674,0.02368,0.02548,0.00939,,,,1
72.711,471.858,493.144,17.445958809314593,78.38044302850726,9.544,43.55,2.9802,0.3133,14.3174,-0.02037,0.02513,0.00781,,,,1
72.731,471.996,493.276,17.445959999126824,78.38044433086904,9.546,43.57,0.0903,2.0314,9.4317,-0.00132,-0.00944,0.04631,,,,1
72.751,472.135,493.408,17.445961189778135,78.38044563295034,9.548,43.6,-2.111,1.7393,5.7335,-0.0223,-0.01491,-0.03254,,,,1
72.771,472.273,493.539,17.44596238127494,78.38044693475618,9.55,43.63,-2.6898,0.8887,12.6069,0.03195,0.02648,0.01927,,,,1
72.791,472.411,493.671,17.445963573623615,78.38044823629153,9.552,43.65,-0.5044,-2.3889,12.763,-0.00781,0.03352,-0.00397,,,,1
72.811,472.549,493.803,17.445964766830528,78.3804495375613,9.554,43.68,1.8659,-2.8719,5.8933,-0.02814,0.02746,-0.01548,,,,1
72.831,472.687,493.935,17.445965960902022,78.38045083857043,9.557,43.71,3.4928,-1.3712,8.6683,0.00052,0.05307,-0.00742,,,,1
72.851,472.826,494.067,17.445967155844414,78.38045213932374,9.559,43.73,2.3838,0.4026,14.3789,0.00294,0.03997,-8e-05,,,,1
72.871,472.964,494.2,17.445968351663996,78.38045343982604,9.561,43.76,0.3128,2.1608,9.6883,-0.01336,-0.0022,-0.01086,,,,1
72.891,473.102,494.332,17.44596954836705,78.38045474008213,9.564,43.79,-2.3774,2.7022,5.4772,-0.00104,0.03941,-0.00282,,,,1
72.911,473.24,494.465,17.445970745959812,78.38045604009672,9.566,43.81,-3.2141,1.4258,11.196,-0.02108,-0.00307,0.01772,,,,1
72.931,473.378,494.597,17.445971944448505,78.38045733987451,9.569,43.84,-1.2882,-1.7434,14.0734,-0.01179,0.02036,-0.00715,,,,1
72.951,473.516,494.73,17.445973143839332,78.38045863942014,9.571,43.87,1.2052,-2.7437,7.9358,-0.01174,-0.01241,0.0244,,,,1
72.971,473.654,494.862,17.445974344138456,78.3804599387382,9.574,43.89,3.4741,-3.0898,5.9499,0.05322,0.03441,0.03911,,,,1
72.991,473.792,494.995,17.44597554535202,78.38046123783327,9.577,43.92,3.3177,-0.7955,12.1646,0.02179,0.00396,0.0321,,,,1
73.011,473.93,495.128,17.44597674748614,78.38046253670984,9.579,43.95,2.1456,1.5075,13.7512,-0.00055,0.05962,0.01344,,,,1
73.031,474.068,495.261,17.4459779505469,78.3804638353724,9.582,43.97,-0.2075,2.4023,7.6262,-0.00404,0.02007,0.03031,,,,1
73.051,474.206,495.394,17.445979154540364,78.38046513382534,9.585,44.0,-2.1612,2.2561,5.925,0.02368,0.0126,-0.02038,,,,1
73.071,474.344,495.528,17.445980359472554,78.38046643207306,9.588,44.03,-3.0411,0.2315,11.8122,0.02261,-0.00415,-0.01479,,,,1
73.091,474.481,495.661,17.445981565349467,78.38046773011988,9.591,44.05,-1.3347,-1.2116,14.0746,-0.00737,0.02241,0.03466,,,,1
73.111,474.619,495.795,17.445982772177075,78.38046902797008,9.593,44.08,1.0014,-2.1691,8.6275,0.04616,0.02024,0.01434,,,,1
73.131,474.757,495.928,17.445983979961312,78.38047032562788,9.596,44.11,2.8576,-3.0168,5.4318,-0.00742,0.00079,0.01731,,,,1
73.151,474.895,496.062,17.445985188708082,78.38047162309749,9.599,44.13,2.775,-1.504,10.0449,-0.00598,0.04521,0.01057,,,,1
73.171,475.033,496.196,17.44598639842326,78.38047292038303,9.602,44.16,2.8616,0.8718,14.3433,0.01081,-0.00054,0.04964,,,,1
73.191,475.17,496.33,17.44598760911268,78.38047421748858,9.606,44.19,1.7396,2.7634,11.115,0.0023,-0.01627,0.07046,,,,1
73.211,475.308,496.464,17.44598882078215,78.38047551441818,9.609,44.21,-1.411,2.2266,5.8579,-0.01076,0.01,0.00763,,,,1
73.231,475.446,496.598,17.445990033437443,78.38047681117581,9.612,44.24,-2.9051,2.0386,7.0639,-0.00617,0.0127,0.02568,,,,1
73.251,475.584,496.732,17.445991247084294,78.38047810776543,9.615,44.27,-2.4661,0.5997,12.6741,-0.01269,0.00733,0.04685,,,,1
73.271,475.721,496.866,17.445992461728405,78.38047940419088,9.618,44.3,-1.2057,-1.3474,13.9811,0.00112,0.02559,0.04293,,,,1
73.291,475.859,497.001,17.44599367737544,78.38048070045602,9.621,44.32,1.1356,-3.5132,9.1563,-0.0037,0.01572,-0.00074,,,,1
73.311,475.997,497.135,17.445994894031028,78.38048199656463,9.625,44.35,2.0255,-2.4892,5.4188,0.00873,0.04095,-0.02865,,,,1
73.331,476.134,497.27,17.44599611170076,78.38048329252041,9.628,44.38,3.8239,-1.1741,8.0542,0.00495,0.03605,0.08131,,,,1
73.351,476.272,497.405,17.4459973303902,78.38048458832706,9.631,44.4,3.5627,-0.1462,13.2192,-0.018,0.02717,-0.0076,,,,1
73.371,476.409,497.54,17.44599855010485,78.38048588398819,9.635,44.43,1.9806,1.0572,13.8448,-0.01013,0.02778,0.07677,,,,1
73.391,476.547,497.675,17.445999770850197,78.38048717950736,9.638,44.46,0.302,2.3863,9.2493,0.02163,-0.01859,0.08678,,,,1
73.411,476.685,497.81,17.446000992631674,78.38048847488807,9.642,44.49,-1.1802,3.5154,5.5028,-0.00249,0.02836,0.04421,,,,1
73.431,476.822,497.945,17.446002215454687,78.38048977013379,9.645,44.51,-2.3039,2.4379,7.2706,-0.02041,0.02731,0.05176,,,,1
73.451,476.96,498.08,17.44600343932459,78.38049106524792,9.649,44.54,-1.7834,2.7531,16.7528,-0.0055,0.04407,0.01911,,,,1
73.471,477.097,498.216,17.446004664246697,78.3804923602338,9.653,44.57,-1.3979,-0.7569,14.3417,-0.00032,0.00048,0.02919,,,,1
73.491,477.235,498.351,17.44600589022629,78.38049365509472,9.656,44.6,-0.1439,-2.4235,11.2949,0.04292,-0.0023,-0.00055,,,,1
73.511,477.372,498.487,17.4460071172686,78.38049494983392,9.66,44.62,1.6578,-2.8132,6.6758,-0.00798,0.00448,0.06405,,,,1
73.531,477.51,498.623,17.44600834537882,78.38049624445453,9.664,44.65,3.0153,-2.5039,5.6075,-0.00708,0.01228,0.0957,,,,1
73.551,477.647,498.759,17.4460095745621,78.38049753895973,9.667,44.68,3.5224,-1.2779,9.0998,0.00394,-0.00838,0.06453,,,,1
73.571,477.785,498.895,17.44601080482354,78.38049883335253,9.671,44.71,3.761,0.5075,13.3731,0.0128,-0.01505,0.01695,,,,1
73.591,477.922,499.031,17.44601203616821,78.38050012763595,9.675,44.73,2.1781,1.7683,14.0925,0.03921,0.00021,-0.00709,,,,1
73.611,478.06,499.168,17.446013268601117,78.38050142181292,9.679,44.76,0.2238,1.8167,10.681,-0.00538,-0.01647,0.08437,,,,1
73.631,478.197,499.304,17.446014502127237,78.38050271588635,9.683,44.79,-1.0716,2.9371,6.5455,-0.00449,-0.02332,-0.01026,,,,1
73.651,478.334,499.44,17.446015736751498,78.38050400985904,9.686,44.82,-2.0858,2.911,5.5402,-0.02417,-0.0018,0.03418,,,,1
73.671,478.472,499.577,17.446016972478777,78.38050530373376,9.69,44.85,-2.2786,2.0238,8.4498,-0.02565,0.01335,0.05278,,,,1
73.691,478.609,499.714,17.44601820931391,78.3805065975132,9.694,44.87,-2.4055,0.3058,12.5827,0.00037,0.00688,0.06028,,,,1
73.711,478.747,499.851,17.446019447261676,78.38050789120003,9.698,44.9,-2.1853,0.4092,14.3806,-0.01789,0.02691,0.06402,,,,1
73.731,478.884,499.988,17.44602068632682,78.38050918479681,9.702,44.93,0.4297,-2.3842,12.4619,-0.03134,-0.01904,0.01924,,,,1
73.751,479.021,500.125,17.446021926514028,78.38051047830608,9.706,44.96,0.9936,-3.0027,8.5033,-0.01503,0.02962,0.01127,,,,1
73.771,479.159,500.262,17.446023167827946,78.3805117717303,9.71,44.98,2.737,-2.6229,5.6577,-0.02497,0.00625,-0.00955,,,,1
73.791,479.296,500.4,17.446024410273164,78.38051306507185,9.715,45.01,3.1191,-1.4651,6.0258,-0.00173,0.04248,-0.0371,,,,1
73.811,479.433,500.537,17.446025653854225,78.38051435833309,9.719,45.04,3.7967,-1.7967,9.2034,-0.02584,0.01402,0.02964,,,,1
73.831,479.571,500.675,17.446026898575624,78.38051565151629,9.723,45.07,2.0902,-2.6247,7.3688,-0.00828,0.00999,0.06354,,,,1
73.851,479.708,500.813,17.446028144441804,78.38051694462365,9.727,45.1,3.1501,1.2743,14.3812,0.00885,0.0064,0.00643,,,,1
73.871,479.845,500.951,17.446029391457152,78.38051823765734,9.731,45.12,1.9807,1.863,12.9294,-0.00512,0.01599,0.037,,,,1
73.891,479.983,501.089,17.446030639626013,78.38051953061942,9.736,45.15,0.6195,2.4448,9.5241,-0.00275,0.03133,0.04211,,,,1
73.911,480.12,501.227,17.44603188895267,78.38052082351196,9.74,45.18,-1.1009,3.0904,6.3859,-0.0247,0.02693,0.01282,,,,1
73.931,480.257,501.365,17.446033139441365,78.38052211633686,9.744,45.21,-2.2177,2.8148,5.4063,0.01116,0.01586,0.04733,,,,1
73.951,480.395,501.504,17.44603439109628,78.38052340909607,9.748,45.24,-2.4882,2.5618,7.0646,0.00345,0.00732,0.10964,,,,1
73.971,480.532,501.642,17.44603564392154,78.3805247017914,9.753,45.26,-2.423,1.8169,10.2952,-0.00383,0.01415,0.02388,,,,1
73.991,480.669,501.781,17.446036897921225,78.38052599442462,9.757,45.29,-2.6009,0.4114,13.2539,0.00295,0.05389,0.03579,,,,1
74.011,480.806,501.92,17.44603815309936,78.38052728699743,9.762,45.32,-1.4106,-0.6214,14.3765,-0.00453,0.02382,0.02951,,,,1
74.031,480.944,502.059,17.446039409459903,78.38052857951148,9.766,45.35,-0.286,-1.5491,13.1626,0.00731,0.03216,-0.02875,,,,1
74.051,481.081,502.198,17.446040667006777,78.38052987196833,9.771,45.38,-0.118,-2.1034,10.3184,0.01294,0.02336,-0.03785,,,,1
74.071,481.218,502.337,17.446041925743835,78.38053116436951,9.775,45.41,1.0325,-2.6317,7.3024,-0.00891,0.01911,0.03145,,,,1
74.091,481.355,502.476,17.446043185674878,78.38053245671645,9.779,45.43,2.293,-2.6682,5.5379,-0.01034,-0.04004,0.02468,,,,1
74.111,481.493,502.616,17.44604444680365,78.38053374901052,9.784,45.46,3.2169,-1.8817,5.7788,-0.01271,-0.00915,0.0047,,,,1
74.131,481.63,502.755,17.44604570913384,78.38053504125307,9.789,45.49,3.3092,-1.1696,7.8211,-0.0156,0.01158,0.02949,,,,1
74.151,481.767,502.895,17.446046972669084,78.38053633344529,9.793,45.52,4.135,-1.6023,10.7206,-0.01915,0.012,0.04809,,,,1
74.171,481.904,503.035,17.44604823741295,78.38053762558842,9.798,45.55,3.5003,-0.1153,13.2326,-0.00243,0.01586,-0.01179,,,,1
74.191,482.042,503.175,17.446049503368958,78.38053891768354,9.802,45.58,2.7912,0.4962,14.3718,-0.00767,0.02272,0.00561,,,,1
74.211,482.179,503.315,17.446050770540566,78.3805402097317,9.807,45.61,1.4193,1.4594,13.7555,-0.00215,-0.01544,-0.0586,,,,1
74.231,482.316,503.456,17.44605203893117,78.3805415017339,9.812,45.63,-0.2684,1.3157,8.9881,0.00673,0.01444,0.04736,,,,1
74.251,482.453,503.596,17.446053308544116,78.38054279369103,9.816,45.66,0.2116,2.9525,9.009,0.00426,0.01296,0.0582,,,,1
74.271,482.59,503.736,17.446054579382682,78.38054408560397,9.821,45.69,-3.7159,0.1307,-0.1245,0.02425,0.02,0.03474,,,,1
74.291,482.728,503.877,17.44605585145009,78.38054537747347,9.826,45.72,-1.2254,2.0879,5.4642,-0.00079,-0.01438,-0.02155,,,,1
74.311,482.865,504.018,17.4460571247495,78.38054666930027,9.83,45.75,-2.3144,2.1974,5.7389,-0.00648,0.01129,0.05666,,,,1
74.331,483.002,504.159,17.44605839928402,78.380547961085,9.835,45.78,-1.3379,2.4773,7.3375,-0.00013,-0.02929,0.04068,,,,1
74.351,483.139,504.3,17.44605967505668,78.38054925282826,9.84,45.81,-1.8541,0.4058,9.7023,0.01125,-0.02112,0.00608,,,,1
74.371,483.276,504.441,17.446060952070468,78.38055054453054,9.845,45.83,-2.7453,1.256,12.0926,0.03903,0.04809,0.05077,,,,1
74.391,483.414,504.583,17.446062230328298,78.3805518361923,9.849,45.86,-2.3827,0.2343,13.805,0.00499,0.00726,0.04072,,,,1
74.411,483.551,504.724,17.446063509833024,78.38055312781393,9.854,45.89,-1.4142,-0.1869,14.38,0.00173,-0.01174,0.00163,,,,1
74.431,483.688,504.866,17.44606479058745,78.38055441939571,9.859,45.92,-0.4502,-1.46,13.712,0.01903,-0.02718,-0.01085,,,,1
74.451,483.825,505.008,17.446066072594295,78.3805557109379,9.864,45.95,-1.011,-2.7649,12.0284,-0.01136,0.00462,0.00717,,,,1
74.471,483.962,505.15,17.446067355856236,78.38055700244067,9.869,45.98,-0.2584,-2.1873,9.8098,-0.00399,0.04258,0.02867,,,,1
74.491,484.099,505.292,17.446068640375877,78.38055829390414,9.874,46.01,1.0068,-2.1021,7.6374,0.00394,0.00843,0.05297,,,,1
74.511,484.237,505.434,17.44606992615576,78.38055958532834,9.878,46.04,2.2224,-2.3235,6.0496,-0.01832,0.02013,0.00648,,,,1
74.531,484.374,505.576,17.446071213198366,78.38056087671325,9.883,46.07,2.8213,-2.8723,5.4009,-0.02944,-0.00593,0.00913,,,,1
74.551,484.511,505.719,17.44607250150611,78.38056216805876,9.888,46.09,3.5329,-2.3214,5.8073,0.00995,-0.00704,-0.00173,,,,1
74.571,484.648,505.861,17.44607379108134,78.38056345936472,9.893,46.12,2.9537,-2.1788,7.1276,-0.02201,0.01117,0.05464,,,,1
74.591,484.785,506.004,17.446075081926345,78.38056475063088,9.898,46.15,2.6672,-1.7933,9.0476,0.01697,0.00546,0.04974,,,,1
74.611,484.922,506.147,17.446076374043347,78.38056604185697,9.903,46.18,3.9133,-0.5087,11.1266,-0.00988,0.00641,0.0132,,,,1
74.631,485.059,506.29,17.446077667434505,78.3805673330426,9.908,46.21,3.0619,-0.7498,12.921,-0.00569,0.01407,-0.01392,,,,1
74.651,485.197,506.433,17.446078962101904,78.38056862418735,9.913,46.24,2.2469,0.0081,14.0819,-0.03793,0.02353,0.02863,,,,1
74.671,485.334,506.577,17.44608025804758,78.38056991529069,9.918,46.27,2.6475,0.5438,14.3852,0.0059,-0.03158,-0.02239,,,,1
74.691,485.471,506.72,17.446081555273484,78.38057120635207,9.923,46.3,2.3416,0.9575,13.8206,0.0075,-0.0008,-0.01204,,,,1
74.711,485.608,506.864,17.446082853781515,78.38057249737085,9.928,46.33,1.3356,2.0994,12.5107,0.00809,0.02277,0.05212,,,,1
74.731,485.745,507.007,17.446084153573498,78.38057378834633,9.933,46.36,0.5213,2.8977,10.7225,0.01342,-0.00348,0.08842,,,,1
74.752,485.882,507.151,17.4460854546512,78.38057507927772,9.938,46.39,-0.0476,2.6418,8.801,-0.03788,0.03848,-0.03896,,,,1
74.772,486.019,507.295,17.446086757016314,78.38057637016418,9.943,46.42,-0.7981,2.2718,7.0967,-0.02789,0.02279,0.04002,,,,1
74.792,486.156,507.44,17.446088060670462,78.3805776610048,9.948,46.44,-1.7993,3.2403,5.9004,-0.02917,-0.00744,-0.05328,,,,1
74.812,486.293,507.584,17.446089365615215,78.38057895179861,9.953,46.47,-2.0761,3.4816,5.409,-0.01076,-0.00283,0.02084,,,,1
74.832,486.43,507.728,17.446090671852062,78.38058024254457,9.958,46.5,-2.0132,2.3449,5.6899,-0.02025,0.0012,0.0055,,,,1
74.852,486.568,507.873,17.446091979382427,78.38058153324157,9.963,46.53,-2.4127,2.1025,6.6708,0.00413,-0.00839,0.03979,,,,1
74.872,486.705,508.018,17.44609328820767,78.3805828238884,9.968,46.56,-2.6624,2.0968,8.1836,-0.00318,-0.00196,0.0377,,,,1
74.892,486.842,508.163,17.446094598329083,78.38058411448384,9.973,46.59,-3.193,2.0655,9.9635,0.00583,-0.01143,0.05009,,,,1
74.912,486.979,508.308,17.446095909747886,78.38058540502657,9.978,46.62,-2.7964,0.6876,11.7273,0.00705,0.00449,-0.01452,,,,1
74.932,487.116,508.453,17.446097222465237,78.38058669551522,9.983,46.65,-3.3973,-0.189,13.193,-0.04326,0.01801,0.03869,,,,1
74.952,487.253,508.598,17.44609853648222,78.38058798594831,9.988,46.68,-2.1441,0.0437,14.1282,0.01414,0.01982,0.03302,,,,1
74.972,487.39,508.744,17.44609985179985,78.38058927632437,9.993,46.71,-1.2267,-0.4279,14.3983,-0.01104,0.0127,0.02125,,,,1
74.992,487.527,508.889,17.44610116841908,78.38059056664179,9.998,46.74,-1.8896,-1.2553,13.9792,0.01526,-0.03003,0.05495,,,,1
75.012,487.664,509.035,17.44610248634079,78.38059185689892,10.003,46.77,-0.9683,-1.9302,12.9362,-0.03354,0.01372,0.06821,,,,1
75.032,487.801,509.181,17.446103805565787,78.38059314709405,10.008,46.8,-0.0054,-1.6872,11.429,0.00833,-0.0007,0.03182,,,,1
75.052,487.938,509.327,17.446105126094814,78.38059443722541,10.013,46.83,0.9915,-2.171,9.7015,-0.00156,0.01147,-0.02458,,,,1
75.072,488.075,509.473,17.446106447928546,78.38059572729115,10.018,46.86,0.9337,-2.8951,8.0013,0.02752,-0.00676,0.06128,,,,1
75.092,488.212,509.619,17.44610777106758,78.38059701728936,10.023,46.89,1.4316,-2.6678,6.593,-0.00013,-0.00921,0.02097,,,,1
75.112,488.349,509.766,17.44610909551246,78.38059830721805,10.028,46.92,1.4674,-3.2284,5.6805,0.01513,0.00289,0.0433,,,,1
75.132,488.486,509.913,17.44611042126364,78.38059959707519,10.033,46.95,2.77,-2.3032,5.4023,-0.03667,0.02947,0.0258,,,,1
75.152,488.623,510.059,17.446111748321517,78.38060088685866,10.038,46.98,3.9354,-2.4678,5.8106,-0.00292,-0.05642,-0.02188,,,,1
75.172,488.76,510.206,17.44611307668642,78.3806021765663,10.043,47.01,3.5202,-2.2281,6.8324,-0.01911,0.02127,0.00626,,,,1
75.192,488.897,510.353,17.4461144063586,78.38060346619585,10.048,47.04,3.5664,-1.6774,8.3273,-0.01058,0.0309,0.05324,,,,1
75.212,489.034,510.501,17.446115737338246,78.38060475574503,10.053,47.07,3.7585,-1.1882,10.0615,-0.00532,-0.03126,-0.00605,,,,1
75.232,489.171,510.648,17.446117069625465,78.38060604521147,10.058,47.1,3.5518,-0.3379,11.7779,-0.01897,0.00084,0.01811,,,,1
75.252,489.308,510.795,17.44611840322031,78.38060733459271,10.063,47.13,3.0336,0.0888,13.2101,0.00876,-0.00835,0.05837,,,,1
75.272,489.445,510.943,17.446119738122754,78.38060862388629,10.068,47.16,3.3728,0.3501,14.1321,0.0143,-0.00521,0.05341,,,,1
75.292,489.582,511.091,17.446121074332698,78.38060991308963,10.073,47.19,2.7175,1.2665,14.3898,-0.02317,0.00352,0.07842,,,,1
75.312,489.718,511.239,17.44612241184998,78.3806112022001,10.078,47.22,2.1308,1.6351,13.9375,0.0008,0.01192,0.02602,,,,1
75.332,489.855,511.387,17.446123750674364,78.38061249121505,10.083,47.25,1.1522,1.7634,12.8325,-0.04151,-0.0001,0.04473,,,,1
75.352,489.992,511.535,17.44612509080554,78.38061378013168,10.088,47.28,1.436,2.2756,11.243,0.01517,-0.02384,0.03279,,,,1
75.372,490.129,511.683,17.44612643224314,78.38061506894721,10.093,47.31,0.5259,2.5653,9.416,-0.00247,-0.01512,-0.02664,,,,1
75.392,490.266,511.832,17.446127774986707,78.38061635765875,10.098,47.34,-0.6182,3.0173,7.6556,-0.00602,0.00453,0.0592,,,,1
75.412,490.403,511.981,17.44612911903573,78.38061764626337,10.103,47.37,-0.6187,2.7492,6.2687,0.02858,0.00785,0.02476,,,,1
75.432,490.54,512.129,17.446130464389622,78.38061893475808,10.108,47.4,-1.7841,2.694,5.5016,0.002,-0.00293,0.02797,,,,1
75.452,490.676,512.278,17.446131811047724,78.38062022313979,10.113,47.43,-2.3798,3.467,5.506,0.05081,-0.01873,0.04276,,,,1
75.472,490.813,512.427,17.44613315900931,78.38062151140541,10.117,47.46,-2.742,2.7705,6.3065,-0.02607,-0.00964,0.02627,,,,1
75.492,490.95,512.577,17.44613450827358,78.38062279955173,10.122,47.49,-3.3881,1.6904,7.7724,-0.02409,0.00903,-0.01898,,,,1
75.512,491.087,512.726,17.446135858839664,78.38062408757553,10.127,47.52,-2.5837,1.7311,9.6599,0.01216,-0.02697,-0.01921,,,,1
75.532,491.224,512.876,17.446137210706627,78.38062537547349,10.132,47.55,-3.4462,0.9878,11.6121,-0.00959,0.00375,0.02183,,,,1
75.552,491.36,513.025,17.44613856387346,78.38062666324224,10.137,47.58,-2.9942,0.486,13.253,0.01835,-0.03231,0.01092,,,,1
75.572,491.497,513.175,17.44613991833908,78.38062795087836,10.142,47.61,-2.963,-0.2482,14.2406,-0.02444,-0.01364,0.01776,,,,1
75.592,491.634,513.325,17.446141274102345,78.38062923837839,10.147,47.64,-1.6619,-0.4513,14.3502,0.01962,0.02893,-0.00409,,,,1
75.612,491.771,513.475,17.446142631162033,78.38063052573875,10.151,47.67,-1.0665,-1.3641,13.5265,-0.00567,-0.01317,0.00294,,,,1
75.632,491.907,513.625,17.44614398951685,78.38063181295585,10.156,47.7,-0.4276,-2.0137,11.9155,-0.00373,0.03966,-0.0,,,,1
75.652,492.044,513.776,17.446145349165445,78.38063310002606,10.161,47.73,0.0431,-1.952,9.8436,-0.0292,0.00585,0.0094,,,,1
75.672,492.181,513.926,17.446146710106387,78.38063438694562,10.166,47.76,0.7554,-2.5216,7.7599,0.01903,0.03893,0.01881,,,,1
75.692,492.317,514.077,17.446148072338172,78.38063567371077,10.17,47.79,2.1402,-2.6578,6.1542,0.00505,-0.03807,0.05349,,,,1
75.712,492.454,514.228,17.446149435859244,78.38063696031767,10.175,47.82,2.3825,-2.5043,5.431,0.00755,0.03765,0.05979,,,,1
75.732,492.591,514.379,17.446150800667954,78.38063824676244,10.18,47.85,3.2497,-2.4096,5.8124,-0.03178,0.00497,0.06747,,,,1
75.752,492.727,514.53,17.446152166762605,78.38063953304115,10.184,47.88,3.1245,-1.9477,7.239,-0.0083,0.00457,0.02285,,,,1
75.772,492.864,514.681,17.446153534141416,78.38064081914975,10.189,47.91,3.707,-1.6267,9.3907,-0.00492,-0.0087,0.00986,,,,1
75.792,493.0,514.832,17.446154902802544,78.38064210508422,10.194,47.94,4.0914,-1.0241,11.7134,-0.03025,0.00388,-0.01403,,,,1
75.812,493.137,514.984,17.446156272744073,78.38064339084043,10.198,47.97,3.5184,-0.3823,13.5674,0.01004,0.01496,0.0375,,,,1
75.832,493.273,515.135,17.44615764396402,78.38064467641422,10.203,48.0,2.6266,0.2099,14.405,0.01458,-0.01171,0.02366,,,,1
75.852,493.41,515.287,17.44615901646034,78.38064596180136,10.208,48.04,2.2132,1.1352,13.93,-0.03303,-0.01021,0.03047,,,,1
75.872,493.546,515.439,17.446160390230904,78.38064724699757,10.212,48.07,1.1889,2.0366,12.2163,-0.0047,0.01451,0.03432,,,,1
75.892,493.683,515.591,17.44616176527353,78.38064853199853,10.217,48.1,0.3819,2.6089,9.7572,0.01347,0.00707,0.06113,,,,1
75.912,493.819,515.743,17.446163141585956,78.38064981679985,10.221,48.13,-0.6679,2.7285,7.3195,0.03064,-0.03962,0.04233,,,,1
75.932,493.956,515.896,17.446164519165865,78.38065110139708,10.226,48.16,-1.4451,1.9287,5.7188,0.01242,0.02052,0.03745,,,,1
75.952,494.092,516.048,17.446165898010857,78.38065238578574,10.23,48.19,-1.991,3.2872,5.5377,-0.0242,0.02233,0.00167,,,,1
75.972,494.229,516.201,17.446167278118477,78.38065366996129,10.235,48.22,-2.9469,2.6458,6.9218,-0.02263,-0.02031,0.07349,,,,1
75.992,494.365,516.354,17.446168659486194,78.38065495391913,10.239,48.25,-3.159,1.7294,9.4234,0.0013,-0.01341,0.02662,,,,1
76.012,494.501,516.507,17.446170042111415,78.38065623765462,10.243,48.28,-3.0516,1.7001,12.6503,0.01014,-0.01567,0.02418,,,,1
76.032,494.638,516.66,17.446171425991476,78.38065752116307,10.248,48.31,-2.8641,-0.5452,14.0417,-0.00427,0.03622,0.04108,,,,1
76.052,494.774,516.813,17.446172811123652,78.38065880443973,10.252,48.34,-2.0107,-0.282,14.2822,-0.01355,-0.00743,0.00495,,,,1
76.072,494.91,516.966,17.446174197505144,78.38066008747981,10.257,48.37,-0.5373,-2.1977,12.6881,0.01161,0.01552,0.04851,,,,1
76.092,495.046,517.12,17.44617558513309,78.38066137027846,10.261,48.4,0.1025,-2.2973,9.8711,0.01668,0.02959,0.07688,,,,1
76.112,495.183,517.273,17.446176974004565,78.38066265283078,10.265,48.44,1.7393,-3.2092,7.0287,-0.01096,0.02087,0.01078,,,,1
76.132,495.319,517.427,17.44617836411657,78.38066393513185,10.269,48.47,2.5115,-2.6807,5.4776,-0.00461,0.00554,0.03034,,,,1
76.152,495.455,517.581,17.44617975546605,78.38066521717666,10.274,48.5,2.4396,-2.1722,6.02,0.00871,0.02548,0.01407,,,,1
76.172,495.591,517.735,17.44618114804988,78.38066649896018,10.278,48.53,3.8748,-1.7199,8.4888,-0.01222,-0.02741,0.03942,,,,1
76.192,495.727,517.889,17.446182541864868,78.38066778047734,10.282,48.56,3.9147,-0.4627,11.7148,0.01365,0.01748,0.0461,,,,1
76.212,495.863,518.043,17.446183936907758,78.380669061723,10.286,48.59,2.7353,0.3251,14.0296,-0.01337,0.0018,0.04253,,,,1
76.232,495.999,518.198,17.446185333175233,78.38067034269199,10.29,48.62,2.4637,1.0943,14.1316,0.01553,0.00137,0.05303,,,,1
76.252,496.135,518.352,17.446186730663907,78.38067162337909,10.294,48.65,0.0936,0.946,9.4105,-0.01817,0.01034,-0.01233,,,,1
76.272,496.271,518.507,17.44618812937033,78.38067290377903,10.298,48.68,-0.0321,3.026,8.4213,0.04226,0.03137,0.04867,,,,1
76.292,496.407,518.662,17.446189529290997,78.3806741838865,10.302,48.72,-1.7603,2.5873,5.8218,-0.00571,0.02687,0.034,,,,1
76.312,496.543,518.817,17.446190930422325,78.38067546369615,10.306,48.75,-2.8967,2.9119,5.713,0.00818,0.00082,0.08961,,,,1
76.332,496.679,518.972,17.44619233276068,78.3806767432026,10.31,48.78,-2.8344,2.3154,8.2768,0.02137,0.01188,0.02264,,,,1
76.352,496.815,519.127,17.446193736302366,78.38067802240039,10.314,48.81,-2.6978,0.1223,11.942,-0.00599,-0.01112,0.08361,,,,1
76.372,496.951,519.283,17.44619514104361,78.38067930128406,10.318,48.84,-2.2164,0.0547,14.2672,0.00244,0.00036,0.0642,,,,1
76.392,497.086,519.438,17.446196546980588,78.38068057984808,10.322,48.87,-1.4618,-0.6965,13.5538,-0.00187,0.01316,0.05904,,,,1
76.412,497.222,519.594,17.44619795410942,78.38068185808687,10.326,48.9,0.215,-2.2624,10.1908,0.03875,0.01056,0.03165,,,,1
76.432,497.358,519.749,17.446199362426146,78.38068313599486,10.33,48.93,1.8832,-2.5022,6.5696,0.02987,0.01447,0.0769,,,,1
76.452,497.494,519.905,17.446200771926765,78.38068441356639,10.333,48.97,2.9134,-2.1409,5.4819,-0.0175,0.01151,0.0015,,,,1
76.472,497.629,520.061,17.446202182607205,78.38068569079577,10.337,49.0,3.6653,-1.9341,7.904,-0.02419,-0.00313,0.04996,,,,1
76.492,497.765,520.218,17.44620359446333,78.38068696767729,10.341,49.03,3.3216,-0.6016,11.9945,0.00726,-0.00555,0.08708,,,,1
76.512,497.9,520.374,17.446205007490953,78.3806882442052,10.344,49.06,3.356,0.1254,14.3731,-0.00098,0.00098,0.0204,,,,1
76.532,498.036,520.53,17.446206421685822,78.38068952037369,10.348,49.09,1.1457,1.9124,12.8976,0.02861,0.01331,0.04572,,,,1
76.552,498.171,520.687,17.446207837043627,78.38069079617694,10.352,49.12,0.2531,2.8485,8.7289,0.00455,0.01215,0.0009,,,,1
76.572,498.307,520.843,17.44620925356,78.38069207160908,10.355,49.15,-0.9482,3.0127,5.6118,-0.00333,0.01624,0.08829,,,,1
76.592,498.442,521.0,17.446210671230514,78.38069334666417,10.359,49.18,-2.2452,2.6831,6.555,-0.02255,0.00825,0.02085,,,,1
76.612,498.578,521.157,17.44621209005068,78.38069462133632,10.362,49.22,-2.7821,0.8082,10.7972,-0.01347,0.00683,0.02711,,,,1
76.632,498.713,521.314,17.446213510015955,78.38069589561952,10.366,49.25,-2.3149,-0.547,14.1867,-0.0177,-0.00788,0.01243,,,,1
76.652,498.848,521.471,17.446214931121744,78.38069716950778,10.369,49.28,-0.3621,-0.9451,13.1653,-0.01113,0.01094,0.01832,,,,1
76.672,498.984,521.629,17.446216353363386,78.38069844299505,10.372,49.31,0.3646,-2.6579,8.653,-0.01133,0.03009,0.02239,,,,1
76.692,499.119,521.786,17.44621777673617,78.38069971607526,10.376,49.34,2.1475,-2.6482,5.4699,-0.01171,-0.01604,0.04341,,,,1
76.712,499.254,521.944,17.44621920123532,78.38070098874228,10.379,49.37,3.3712,-2.0398,7.261,-0.00391,0.01297,0.02371,,,,1
76.732,499.389,522.101,17.446220626856018,78.38070226098999,10.382,49.41,4.0776,-0.9802,12.1241,0.00663,0.02672,-0.03715,,,,1
76.752,499.524,522.259,17.44622205359338,78.38070353281223,10.386,49.44,2.1836,0.7965,12.369,0.01492,-0.01125,0.04533,,,,1
76.772,499.659,522.417,17.446223481442473,78.38070480420278,10.389,49.47,0.5546,2.0385,11.1335,0.0107,0.01087,0.08331,,,,1
76.792,499.794,522.575,17.446224910398307,78.3807060751554,10.392,49.5,-1.049,2.3467,6.3148,-0.03342,0.00105,-0.01462,,,,1
76.812,499.929,522.733,17.44622634045584,78.38070734566386,10.395,49.53,-2.5567,2.1735,6.0859,-0.02965,-0.0135,0.04147,,,,1
76.832,500.064,522.892,17.446227771609973,78.38070861572186,10.398,49.56,-2.2175,1.2417,13.4086,-0.01213,0.00653,0.11616,,,,1
76.852,500.199,523.05,17.44622920385556,78.38070988532307,10.401,49.6,-1.4764,-0.9427,14.3698,-0.02737,0.0138,0.01909,,,,1
76.872,500.334,523.208,17.4462306371874,78.38071115446115,10.404,49.63,-0.6751,-2.557,11.5909,0.00351,0.02135,0.02927,,,,1
76.892,500.468,523.367,17.44623207160024,78.38071242312975,10.407,49.66,2.5306,-2.5694,6.3544,-0.00582,0.00991,0.01118,,,,1
76.912,500.603,523.526,17.446233507088774,78.38071369132244,10.41,49.69,3.6847,-2.5907,6.2888,-0.00281,-0.01796,0.06495,,,,1
76.932,500.738,523.685,17.446234943647646,78.38071495903283,10.413,49.72,4.0661,-0.491,11.6562,0.02055,0.03123,0.05672,,,,1
76.952,500.872,523.844,17.446236381271454,78.38071622625445,10.416,49.75,2.3634,1.5608,14.3158,-0.01195,-0.01271,0.00403,,,,1
76.972,501.007,524.003,17.446237819954742,78.38071749298084,10.418,49.79,0.4718,2.7285,9.9851,-0.02747,-0.01618,0.03748,,,,1
76.992,501.141,524.162,17.446239259692003,78.3807187592055,10.421,49.82,-2.0983,2.6376,5.482,-0.00906,0.01667,0.00792,,,,1
77.012,501.276,524.321,17.446240700477688,78.3807200249219,10.424,49.85,-2.86,1.7883,8.2882,-0.04752,0.02308,0.0085,,,,1
77.032,501.41,524.481,17.44624214230619,78.38072129012352,10.426,49.88,-2.0663,-0.7337,13.8292,-0.00824,-0.01318,0.00647,,,,1
77.052,501.544,524.641,17.44624358517186,78.38072255480378,10.429,49.91,0.021,-2.0114,12.5449,-0.05473,-0.01677,0.01513,,,,1
77.072,501.679,524.8,17.446245029069004,78.38072381895613,10.432,49.95,1.353,-3.1769,6.5466,-0.00461,0.02943,0.0093,,,,1
77.092,501.813,524.96,17.44624647399188,78.38072508257393,10.434,49.98,3.2857,-1.9723,6.6359,0.01711,-0.04583,0.03098,,,,1
77.112,501.947,525.12,17.446247919934695,78.38072634565057,10.437,50.01,3.4356,0.5616,12.7949,0.00547,-0.028,0.07737,,,,1
77.132,502.081,525.28,17.446249366891617,78.38072760817941,10.439,50.04,1.3425,1.7687,13.4542,0.00097,0.01323,0.0081,,,,1
77.152,502.215,525.44,17.446250814856764,78.38072887015379,10.441,50.07,-0.1211,2.1153,7.7238,0.00485,-0.01113,0.00534,,,,1
77.172,502.349,525.6,17.44625226382421,78.38073013156702,10.444,50.11,-2.6584,2.1082,6.2971,-0.01999,0.00152,0.04275,,,,1
77.192,502.483,525.761,17.44625371378799,78.38073139241241,10.446,50.14,-2.6133,0.4682,12.6803,-0.04634,-0.02663,0.01364,,,,1
77.212,502.617,525.921,17.446255164742087,78.38073265268326,10.448,50.17,-1.0271,-1.6881,13.3052,-0.02985,0.0109,0.00338,,,,1
77.232,502.75,526.082,17.446256616680454,78.38073391237285,10.45,50.2,1.3831,-3.1258,6.7394,0.0067,-0.00624,0.03518,,,,1
77.252,502.884,526.242,17.44625806959699,78.3807351714744,10.453,50.23,3.0339,-2.6711,5.4534,0.01426,0.01205,0.02716,,,,1
77.272,503.018,526.403,17.446259523485555,78.38073642998117,10.455,50.27,3.2325,-0.5902,13.623,0.02107,0.03086,0.01655,,,,1
77.292,503.151,526.564,17.44626097833997,78.3807376878864,10.457,50.3,1.0818,1.6472,11.9209,-0.03123,0.0406,0.05604,,,,1
77.312,503.285,526.725,17.446262434154022,78.38073894518328,10.459,50.33,-1.6806,2.9807,5.6175,0.01852,0.02589,0.01772,,,,1
77.332,503.418,526.886,17.44626389092144,78.38074020186504,10.461,50.36,-2.5733,1.0428,9.2811,-0.03111,0.0099,0.06244,,,,1
77.352,503.552,527.048,17.446265348635936,78.38074145792484,10.463,50.4,-1.0417,-0.7056,14.3876,0.00294,0.01,0.03837,,,,1
77.372,503.685,527.209,17.446266807291167,78.3807427133559,10.465,50.43,0.9925,-3.2205,8.6602,0.00603,-0.0204,-0.01499,,,,1
77.392,503.818,527.37,17.446268266880757,78.38074396815135,10.466,50.46,3.835,-1.5092,6.5781,-0.01903,0.01135,0.04067,,,,1
77.412,503.952,527.532,17.446269727398295,78.38074522230438,10.468,50.49,2.8885,-0.6733,13.0791,0.01066,-0.00357,0.01611,,,,1
77.432,504.085,527.693,17.44627118883733,78.38074647580812,10.47,50.52,1.3389,1.8943,12.0515,-0.04918,0.01943,-0.00884,,,,1
77.452,504.218,527.855,17.44627265119138,78.3807477286557,10.472,50.56,-1.9915,2.8136,5.4842,-0.02526,0.00266,0.02894,,,,1
77.472,504.351,528.017,17.446274114453917,78.3807489808403,10.473,50.59,-3.2966,0.8672,10.5558,-0.02086,0.0287,0.01435,,,,1
77.492,504.484,528.179,17.446275578618394,78.380750232355,10.475,50.62,-1.4478,-1.4454,13.8657,0.00789,-0.03011,0.09526,,,,1
77.512,504.617,528.341,17.44627704367821,78.38075148319292,10.476,50.65,2.3158,-2.6445,6.4547,0.00741,0.01935,0.01747,,,,1
77.532,504.749,528.503,17.44627850962675,78.38075273334721,10.478,50.69,4.0219,-1.3818,8.6208,-0.00087,0.02684,0.03636,,,,1
77.552,504.882,528.665,17.446279976457355,78.38075398281094,10.479,50.72,2.6857,1.1999,14.3747,-0.001,0.00449,0.00408,,,,1
77.572,505.015,528.828,17.446281444163333,78.38075523157725,10.481,50.75,-1.0487,2.5893,7.4473,0.02041,0.00376,0.02451,,,,1
77.592,505.147,528.99,17.446282912737963,78.3807564796392,10.482,50.78,-2.6915,1.7874,7.6764,-0.01226,0.00448,0.04589,,,,1
77.612,505.28,529.153,17.446284382174493,78.38075772698991,10.483,50.82,-1.6934,0.1,14.4137,-0.01377,0.01766,0.10472,,,,1
77.632,505.412,529.315,17.446285852466147,78.38075897362248,10.485,50.85,1.3287,-2.4166,7.7811,-0.0079,0.03228,0.0368,,,,1
77.652,505.544,529.478,17.446287323606104,78.38076021952998,10.486,50.88,2.8282,-2.4023,7.6111,-0.02478,-0.00101,-0.01656,,,,1
77.672,505.677,529.641,17.446288795587527,78.3807614647055,10.487,50.91,1.1065,-0.8871,10.2569,0.0075,0.02255,0.0751,,,,1
77.692,505.809,529.804,17.44629026840355,78.38076270914216,10.488,50.95,-0.5241,2.5219,7.3019,-0.02953,-0.00407,0.05666,,,,1
77.712,505.941,529.967,17.44629174204727,78.38076395283301,10.489,50.98,-2.4657,1.5915,8.4108,-0.00839,0.00863,-0.0544,,,,1
77.732,506.073,530.13,17.446293216511766,78.38076519577118,10.49,51.01,-2.3118,-1.763,14.2132,0.01326,1e-05,-0.01717,,,,1
77.752,506.205,530.293,17.446294691790087,78.38076643794972,10.491,51.04,1.8806,-3.0648,6.2262,-0.01012,0.01548,0.01514,,,,1
77.772,506.337,530.456,17.446296167875257,78.38076767936175,10.492,51.08,3.7286,-0.6294,10.2334,-0.02591,0.00654,0.00073,,,,1
77.792,506.468,530.62,17.44629764476028,78.38076892000038,10.493,51.11,2.0409,1.8784,13.1056,0.00174,-0.0127,0.02635,,,,1
77.812,506.6,530.783,17.44629912243812,78.38077015985867,10.494,51.14,-1.4477,1.6073,5.4144,0.00956,-0.00826,0.01247,,,,1
77.832,506.732,530.946,17.446300600901736,78.38077139892975,10.495,51.17,-2.298,0.7999,12.8058,0.00446,0.02118,0.05691,,,,1
77.852,506.863,531.11,17.446302080144054,78.38077263720672,10.495,51.21,0.0037,-2.0678,10.3103,0.00529,-0.00737,0.06048,,,,1
77.872,506.995,531.274,17.44630356015798,78.3807738746827,10.496,51.24,2.6127,-2.4917,6.514,-0.01912,-0.01423,-0.00756,,,,1
77.892,507.126,531.438,17.4463050409364,78.3807751113508,10.497,51.27,2.5946,0.9284,14.4107,0.03871,0.0192,0.08956,,,,1
77.912,507.257,531.601,17.446306522472177,78.38077634720415,10.497,51.31,-0.4263,2.3296,6.5905,0.0158,0.02257,0.07215,,,,1
77.932,507.388,531.765,17.446308004758155,78.38077758223588,10.498,51.34,-2.1697,0.8668,10.5389,-0.01829,-0.01067,-0.05734,,,,1
77.952,507.519,531.929,17.446309487787158,78.38077881643913,10.498,51.37,-0.0892,-1.537,12.184,-0.00019,-0.00974,0.00225,,,,1
77.972,507.65,532.093,17.44631097155199,78.38078004980706,10.499,51.4,3.3061,-2.7005,5.7704,-0.00034,0.01199,-0.00484,,,,1
77.992,507.781,532.258,17.446312456045444,78.38078128233282,10.499,51.44,3.1136,-0.3746,14.3067,-0.00154,0.0233,0.0007,,,,1
78.012,507.912,532.422,17.446313941260286,78.38078251400957,10.499,51.47,-0.9441,2.6345,6.8173,0.00387,-0.00226,-0.04569,,,,1
78.032,508.043,532.586,17.446315427189273,78.38078374483051,10.499,51.5,-2.7775,0.9459,10.759,-0.00479,-0.00014,0.03466,,,,1
78.052,508.173,532.751,17.44631691382514,78.38078497478881,10.5,51.53,0.5636,-1.832,11.474,0.00711,-0.0091,0.0058,,,,1
78.072,508.304,532.915,17.446318401160614,78.38078620387768,10.5,51.57,2.9851,-2.3796,6.468,0.0126,0.03576,0.04606,,,,1
78.092,508.434,533.08,17.4463198891884,78.38078743209032,10.5,51.6,3.1281,0.7521,14.3292,0.00319,0.00624,0.10033,,,,1
78.112,508.565,533.244,17.446321377901196,78.38078865941998,10.5,51.63,-1.6093,3.0451,5.5838,-0.01719,0.01018,0.0793,,,,1
78.132,508.695,533.409,17.446322867291684,78.38078988585988,10.5,51.67,-1.9179,0.1041,13.3386,0.01866,0.00146,0.01014,,,,1
78.152,508.825,533.574,17.446324357352534,78.38079111140328,10.5,51.7,0.5946,-3.1324,8.023,-0.0057,0.00092,0.02806,,,,1
78.172,508.955,533.739,17.446325848076402,78.38079233604346,10.5,51.73,3.8963,-0.9658,10.1315,-0.0005,0.02197,0.05008,,,,1
78.192,509.085,533.904,17.44632733945594,78.38079355977369,10.5,51.77,0.6926,2.1411,11.3858,-0.01275,0.00689,0.0846,,,,1
78.212,509.215,534.069,17.44632883148379,78.38079478258727,10.5,51.8,-3.12,1.9347,7.1341,0.02151,0.02344,0.03147,,,,1
78.232,509.345,534.234,17.446330324152573,78.38079600447753,10.499,51.83,-0.9685,-1.5939,13.7144,-0.01588,0.02362,-0.0052,,,,1
78.252,509.474,534.399,17.44633181745491,78.3807972254378,10.499,51.86,3.4276,-3.1242,5.6133,-0.00652,-0.00296,0.04911,,,,1
78.272,509.604,534.564,17.44633331138342,78.38079844546142,10.499,51.9,2.3791,0.4412,14.4364,0.04594,-0.00989,-0.00847,,,,1
78.292,509.733,534.73,17.446334805930704,78.38079966454178,10.498,51.93,-2.1175,2.6105,5.561,-0.04027,-0.00845,-0.00761,,,,1
78.312,509.863,534.895,17.446336301089364,78.38080088267226,10.498,51.96,-2.2897,-0.3925,13.9729,-0.02145,-0.04912,0.05998,,,,1
78.332,509.992,535.06,17.446337796851992,78.38080209984626,10.497,52.0,1.8489,-2.4509,6.3622,0.01739,0.03664,0.06666,,,,1
78.352,510.121,535.226,17.446339293211178,78.38080331605724,10.497,52.03,3.6667,-0.4338,12.9861,-0.00213,0.00554,0.07855,,,,1
78.372,510.25,535.391,17.446340790159507,78.38080453129862,10.496,52.06,-0.0957,2.9226,7.3994,0.00721,0.03348,0.07624,,,,1
78.392,510.379,535.557,17.44634228768956,78.38080574556389,10.496,52.1,-2.6696,0.56,11.9977,-0.03058,0.0371,0.05038,,,,1
78.412,510.508,535.723,17.44634378579392,78.38080695884653,10.495,52.13,1.8102,-2.4186,8.2636,-0.00814,0.0202,0.01499,,,,1
78.432,510.637,535.888,17.446345284465163,78.38080817114007,10.494,52.16,3.7108,-0.971,11.2949,-0.00664,0.0003,-0.0127,,,,1
78.452,510.766,536.054,17.446346783695866,78.38080938243806,10.493,52.2,-0.0949,2.4351,8.7763,-0.00388,0.01121,0.0264,,,,1
78.472,510.894,536.22,17.446348283478603,78.38081059273405,10.492,52.23,-3.3684,0.8537,10.9977,-0.00241,0.00542,0.02124,,,,1
78.492,511.022,536.386,17.446349783805953,78.38081180202163,10.492,52.26,0.7371,-3.163,8.8642,-0.04649,0.02149,0.02426,,,,1
78.512,511.151,536.552,17.44635128467049,78.3808130102944,10.491,52.29,3.4957,-0.9806,11.1256,-0.00681,0.037,0.02832,,,,1
78.532,511.279,536.718,17.446352786064804,78.38081421754605,10.49,52.33,0.3347,2.4413,8.5269,0.02573,0.02489,0.01787,,,,1
78.552,511.407,536.884,17.446354287981467,78.38081542377019,10.489,52.36,-2.4883,0.4508,11.6701,-0.00945,0.03431,0.04017,,,,1
78.572,511.535,537.05,17.446355790413072,78.38081662896053,10.487,52.39,0.7788,-2.4561,7.7924,-0.02265,-0.00291,-0.00018,,,,1
78.592,511.663,537.217,17.446357293352207,78.38081783311081,10.486,52.43,3.5755,-1.2138,12.5568,-0.01624,0.00787,0.04496,,,,1
78.612,511.791,537.383,17.44635879679147,78.38081903621475,10.485,52.46,-0.4774,2.4226,6.7992,0.01961,0.00825,-0.00921,,,,1
78.632,511.918,537.549,17.446360300723455,78.38082023826615,10.484,52.49,-1.7722,0.2956,13.5894,-0.05462,0.03515,0.04123,,,,1
78.652,512.046,537.716,17.446361805140775,78.3808214392588,10.483,52.53,2.5519,-2.8576,5.8424,0.00877,0.00715,0.01883,,,,1
78.672,512.173,537.882,17.44636331003605,78.38082263918655,10.481,52.56,3.2438,0.3002,14.3542,0.00353,0.00721,0.0434,,,,1
78.692,512.301,538.049,17.446364815401893,78.38082383804324,10.48,52.59,-1.8254,2.5671,5.4475,-0.02017,-0.00425,0.07811,,,,1
78.712,512.428,538.215,17.44636632123094,78.3808250358228,10.478,52.63,-1.2557,-1.3382,14.2161,0.05629,0.01212,-0.03284,,,,1
78.732,512.555,538.382,17.446367827515836,78.38082623251913,10.477,52.66,3.8051,-3.1348,6.2658,0.01499,0.01373,0.02263,,,,1
78.752,512.682,538.548,17.446369334249226,78.3808274281262,10.475,52.69,0.9319,1.5651,12.6023,-0.00037,0.01557,0.04181,,,,1
78.772,512.809,538.715,17.44637084142378,78.38082862263799,10.474,52.73,-2.4989,2.5703,9.7877,0.01926,0.02181,0.02086,,,,1
78.792,512.936,538.882,17.446372349032163,78.38082981604855,10.472,52.76,0.2825,-2.9862,9.5661,0.00793,0.00086,0.03449,,,,1
78.812,513.062,539.049,17.44637385706707,78.3808310083519,10.47,52.79,3.7204,-1.0685,11.9767,0.00344,0.02923,0.03649,,,,1
78.832,513.189,539.215,17.446375365521195,78.38083219954216,10.469,52.83,-0.8409,1.8199,5.0615,-0.00029,-0.01791,0.07832,,,,1
78.852,513.315,539.382,17.446376874387255,78.38083338961344,10.467,52.86,-2.3032,-0.7085,14.2974,-0.01486,0.04442,-0.01257,,,,1
78.872,513.441,539.549,17.446378383657976,78.38083457855991,10.465,52.89,1.9982,-3.0318,5.537,0.01667,-0.03684,-0.02051,,,,1
78.892,513.568,539.716,17.446379893326107,78.38083576637575,10.463,52.93,1.616,1.6566,13.3247,-0.00648,-0.02911,0.04136,,,,1
78.912,513.694,539.883,17.446381403384404,78.38083695305521,10.461,52.96,-2.3352,1.5994,8.4073,0.01882,0.01693,0.07246,,,,1
78.932,513.819,540.05,17.446382913825648,78.38083813859255,10.459,53.0,0.9705,-2.4901,9.0664,0.01842,-0.01231,0.06823,,,,1
78.952,513.945,540.217,17.446384424642627,78.38083932298207,10.457,53.03,3.6007,-0.9968,12.9887,0.01481,0.00725,0.01751,,,,1
78.972,514.071,540.385,17.446385935828165,78.38084050621812,10.455,53.06,-1.6429,2.3951,5.5408,-0.01289,0.01117,-0.00468,,,,1
78.992,514.196,540.552,17.446387447375084,78.38084168829506,10.453,53.1,-1.8643,-1.5963,14.1134,-0.02151,0.04423,0.04487,,,,1
79.012,514.322,540.719,17.44638895927624,78.38084286920733,10.451,53.13,3.7321,-2.0421,7.4795,-0.00535,0.03027,0.04908,,,,1
79.032,514.447,540.886,17.446390471524513,78.38084404894938,10.449,53.16,-0.006,1.9443,9.5435,-0.00441,-0.01641,-0.01081,,,,1
79.052,514.572,541.053,17.44639198411279,78.38084522751569,10.447,53.2,-1.6391,0.4516,13.0021,-0.01229,-0.04213,0.00997,,,,1
79.072,514.697,541.221,17.44639349703399,78.38084640490082,10.444,53.23,2.8231,-2.5097,5.4431,0.01584,0.01493,0.04172,,,,1
79.092,514.822,541.388,17.446395010281055,78.38084758109933,10.442,53.26,1.7146,0.8993,13.6042,0.01368,0.02131,0.0318,,,,1
79.112,514.947,541.556,17.446396523846943,78.38084875610583,10.44,53.3,-5.3626,-2.057,0.9371,0.01069,0.01002,0.06847,,,,1
79.132,515.072,541.723,17.446398037724645,78.380849929915,10.437,53.33,1.295,-3.2057,7.5727,0.02406,0.00352,0.03997,,,,1
79.152,515.196,541.89,17.446399551907174,78.3808511025215,10.435,53.36,2.8779,1.2635,14.3,0.00027,0.00212,-0.00998,,,,1
79.172,515.321,542.058,17.44640106638757,78.38085227392011,10.432,53.4,-1.9032,1.914,6.1531,-0.02596,-0.01279,0.04059,,,,1
79.192,515.445,542.225,17.446402581158893,78.3808534441056,10.43,53.43,0.296,-1.9367,10.6128,0.02344,-0.02502,-0.01284,,,,1
79.212,515.569,542.393,17.446404096214234,78.38085461307278,10.427,53.47,3.1779,-1.1861,12.8205,0.00494,-0.01068,0.04421,,,,1
79.232,515.693,542.561,17.44640561154672,78.38085578081653,10.425,53.5,-1.0524,2.0193,5.4176,0.01789,-0.00517,0.02166,,,,1
79.252,515.817,542.728,17.44640712714949,78.38085694733176,10.422,53.53,-0.5453,-2.4358,12.6727,0.00477,0.07622,0.09816,,,,1
79.272,515.941,542.896,17.446408643015733,78.38085811261344,10.419,53.57,3.9505,-1.6171,11.0883,-0.01621,0.01285,0.04308,,,,1
79.292,516.064,543.064,17.44641015913865,78.38085927665655,10.416,53.6,-1.5872,2.3997,5.7097,-0.0284,0.00285,0.06684,,,,1
79.312,516.188,543.231,17.44641167551148,78.38086043945614,10.414,53.63,-0.8658,-2.1138,13.6219,0.01452,0.01341,0.02458,,,,1
79.332,516.311,543.399,17.446413192127498,78.3808616010073,10.411,53.67,3.7963,-1.9251,10.0168,-0.01273,0.0254,0.01526,,,,1
79.352,516.434,543.567,17.446414708979997,78.38086276130517,10.408,53.7,-1.8602,2.9775,6.0637,0.01614,0.00973,0.04697,,,,1
79.372,516.558,543.735,17.446416226062322,78.38086392034494,10.405,53.74,-0.3653,-1.2164,13.8954,-0.04468,0.01144,0.01303,,,,1
79.392,516.681,543.902,17.446417743367835,78.38086507812181,10.402,53.77,4.1992,-1.2824,9.8034,0.00884,0.03242,0.03879,,,,1
79.412,516.803,544.07,17.44641926088994,78.38086623463109,10.399,53.8,-1.2807,2.7161,6.0344,0.00719,0.05611,0.00661,,,,1
79.432,516.926,544.238,17.446420778622077,78.38086738986807,10.396,53.84,-1.5081,-1.7712,13.7196,0.02767,0.00017,0.08478,,,,1
79.452,517.049,544.406,17.44642229655772,78.38086854382814,10.393,53.87,3.8038,-1.7077,10.4342,-0.01239,-0.02645,0.03261,,,,1
79.472,517.171,544.574,17.446423814690377,78.38086969650672,10.39,53.9,-1.3231,2.1442,5.8011,-0.00512,-0.01102,0.00845,,,,1
79.492,517.293,544.742,17.446425333013593,78.38087084789926,10.386,53.94,-0.5465,-1.9753,12.9527,0.02733,-0.00592,0.01669,,,,1
79.512,517.415,544.91,17.446426851520954,78.38087199800128,10.383,53.97,3.6641,-1.5614,11.8317,0.02338,0.00842,0.06002,,,,1
79.532,517.537,545.078,17.446428370206082,78.38087314680836,10.38,54.01,-1.6646,1.9448,5.4337,-0.0151,0.00156,0.03622,,,,1
79.552,517.659,545.246,17.446429889062642,78.38087429431609,10.377,54.04,0.5773,-2.0937,11.2134,-0.02478,0.04444,0.00442,,,,1
79.572,517.781,545.414,17.44643140808433,78.38087544052013,10.373,54.07,3.5386,0.3595,13.5677,-0.00174,0.00409,0.06777,,,,1
79.592,517.903,545.582,17.44643292726489,78.3808765854162,10.37,54.11,-2.8073,2.1494,6.2857,0.01631,0.01523,0.03307,,,,1
79.612,518.024,545.75,17.446434446598108,78.38087772900008,10.367,54.14,1.5443,-2.5223,8.4555,0.00982,-0.02114,0.0391,,,,1
79.632,518.145,545.918,17.4464359660778,78.38087887126754,10.363,54.18,3.3181,0.4487,14.4241,-0.00633,-0.00689,0.00761,,,,1
79.652,518.267,546.086,17.446437485697842,78.38088001221448,10.36,54.21,-1.4621,0.7256,9.0497,0.03989,-0.04141,0.02127,,,,1
79.672,518.388,546.254,17.446439005452138,78.38088115183679,10.356,54.24,1.7338,-2.8726,5.8627,-0.00968,0.02729,0.02683,,,,1
79.692,518.508,546.422,17.446440525334637,78.38088229013046,10.353,54.28,1.588,1.796,12.6772,0.00455,0.042,0.00125,,,,1
79.712,518.629,546.59,17.446442045339346,78.38088342709149,10.349,54.31,-3.3652,0.0968,12.8876,-0.027,-0.00416,-0.0418,,,,1
79.732,518.75,546.758,17.446443565460296,78.38088456271595,10.346,54.35,3.4672,-2.8123,6.062,-0.01724,0.0225,0.07213,,,,1
79.752,518.87,546.926,17.446445085691582,78.38088569699995,10.342,54.38,-0.3439,2.7129,8.3031,-0.00368,0.04439,-0.01236,,,,1
79.772,518.991,547.095,17.446446606027337,78.3808868299397,10.338,54.41,-0.7564,-1.8148,14.3176,0.00675,0.03643,0.00637,,,,1
79.792,519.111,547.263,17.44644812646174,78.38088796153139,10.334,54.45,3.3473,-1.8638,10.382,-0.04734,0.01594,0.01274,,,,1
79.812,519.231,547.431,17.446449646989013,78.38088909177131,10.331,54.48,-2.4623,1.9506,5.4339,-0.01977,0.01967,0.08195,,,,1
79.832,519.351,547.599,17.446451167603435,78.3808902206558,10.327,54.52,0.1158,-2.6961,10.3884,-0.04774,0.00319,0.01992,,,,1
79.852,519.47,547.767,17.446452688299335,78.38089134818125,10.323,54.55,2.126,-0.2335,14.3724,-0.03716,-0.01592,0.04026,,,,1
79.872,519.59,547.936,17.446454209071078,78.38089247434408,10.319,54.58,-2.4147,0.9874,8.9126,0.0266,0.04058,0.05313,,,,1
79.892,519.709,548.104,17.44645572991309,78.3808935991408,10.315,54.62,1.5755,-3.4019,5.6,-0.01741,0.02194,0.07191,,,,1
79.912,519.829,548.272,17.446457250819847,78.38089472256796,10.311,54.65,0.9439,1.7852,11.2291,0.04075,0.01421,0.00999,,,,1
79.932,519.948,548.44,17.446458771785867,78.38089584462215,10.307,54.69,-2.9364,-1.323,14.2396,-0.02954,-0.04571,0.0487,,,,1
79.952,520.067,548.608,17.446460292805728,78.38089696530002,10.304,54.72,3.5051,-1.9915,8.6702,0.01207,-0.02297,0.00927,,,,1
79.972,520.186,548.777,17.44646181387406,78.38089808459831,10.299,54.75,-0.8281,2.9162,5.5844,0.00057,0.02081,-0.02177,,,,1
79.992,520.305,548.945,17.446463334985538,78.38089920251377,10.295,54.79,0.2717,-2.592,10.889,-0.00348,-0.01781,0.02655,,,,1
80.012,520.423,549.113,17.4464648561349,78.38090031904323,10.291,54.82,4.4558,3.3849,20.7094,-0.0322,0.0096,0.00842,,,,1
80.032,520.542,549.281,17.446466377316927,78.38090143418357,10.287,54.86,-2.7428,1.6236,9.5884,-0.01216,0.00439,0.082,,,,1
80.052,520.66,549.45,17.446467898526464,78.38090254793171,10.283,54.89,2.7511,-2.7181,5.4397,-0.00431,-0.01244,0.07681,,,,1
80.072,520.778,549.618,17.446469419758404,78.38090366028466,10.279,54.93,0.4579,2.2132,9.3983,-0.011,0.00071,0.06465,,,,1
80.092,520.896,549.786,17.446470941007707,78.38090477123943,10.275,54.96,-2.0539,-1.4485,14.3081,0.00443,0.05009,0.03476,,,,1
80.112,521.014,549.954,17.44647246226937,78.38090588079315,10.271,54.99,3.8408,-0.9,11.6028,-0.01401,0.01314,0.02975,,,,1
80.132,521.132,550.123,17.446473983538464,78.38090698894298,10.266,55.03,-3.3974,1.873,6.0553,-0.0139,0.00777,0.04062,,,,1
80.152,521.249,550.291,17.446475504810103,78.38090809568612,10.262,55.06,1.3012,-3.8768,7.0364,-0.00459,0.03804,0.02985,,,,1
80.172,521.366,550.459,17.44647702607947,78.38090920101985,10.258,55.1,1.3455,1.6949,12.7973,0.01442,-0.00377,0.01174,,,,1
80.192,521.484,550.627,17.446478547341805,78.3809103049415,10.253,55.13,-2.0419,-0.9175,13.8834,0.03639,-0.00191,0.01564,,,,1
80.212,521.601,550.796,17.446480068592397,78.38091140744844,10.249,55.17,3.6298,-2.4262,8.6502,-0.0188,-0.02559,0.05355,,,,1
80.232,521.718,550.964,17.4464815898266,78.38091250853812,10.245,55.2,-2.2921,2.3527,5.429,-0.0494,0.03802,0.09482,,,,1
80.252,521.834,551.132,17.44648311103983,78.38091360820803,10.24,55.23,0.3377,-2.9601,9.1524,0.01176,0.01648,0.03599,,,,1
80.272,521.951,551.3,17.44648463222756,78.38091470645575,10.236,55.27,2.2687,0.4103,14.0302,0.02148,-0.02799,0.03148,,,,1
80.292,522.068,551.469,17.446486153385322,78.38091580327888,10.231,55.3,-2.5916,0.1453,12.7812,-0.02931,-0.01881,0.01127,,,,1
80.312,522.184,551.637,17.446487674508713,78.3809168986751,10.227,55.34,3.2744,-1.9929,7.3598,0.02128,0.01813,-0.0219,,,,1
80.332,522.3,551.805,17.446489195593394,78.38091799264211,10.223,55.37,-1.6167,1.9634,5.6629,0.00754,0.04121,0.05077,,,,1
80.352,522.416,551.973,17.446490716635076,78.38091908517772,10.218,55.41,0.6965,-2.2981,10.02,-0.02853,-0.00556,0.00341,,,,1
80.372,522.532,552.141,17.446492237629542,78.38092017627976,10.213,55.44,2.1418,0.1887,14.2483,-0.05793,-0.00899,-0.02225,,,,1
80.392,522.648,552.31,17.44649375857264,78.38092126594616,10.209,55.47,-2.6408,1.0106,12.5604,-0.01838,-0.02999,0.07853,,,,1
80.412,522.763,552.478,17.44649527946027,78.38092235417484,10.204,55.51,4.3575,-2.55,7.3499,0.01702,-0.01056,0.06346,,,,1
80.432,522.879,552.646,17.44649680028841,78.38092344096384,10.2,55.54,-2.0753,2.462,5.5938,-0.0155,0.02252,-0.01855,,,,1
80.452,522.994,552.814,17.44649832105309,78.38092452631123,10.195,55.58,-0.1451,-3.6429,9.5016,-0.00317,0.00469,0.10681,,,,1
80.472,523.109,552.982,17.446499841750416,78.38092561021516,10.19,55.61,2.4234,0.995,13.947,-0.03879,0.02945,-0.0144,,,,1
80.492,523.224,553.151,17.446501362376544,78.3809266926738,10.186,55.65,-2.753,-0.071,13.3136,0.01168,-0.01015,-0.01441,,,,1
80.512,523.339,553.319,17.446502882927714,78.3809277736854,10.181,55.68,3.4566,-2.1251,8.4784,-0.01203,0.03363,-0.02412,,,,1
80.532,523.454,553.487,17.446504403400215,78.38092885324828,10.176,55.71,-2.233,2.0608,5.4391,0.01436,-0.01356,0.01837,,,,1
80.552,523.568,553.655,17.44650592379041,78.3809299313608,10.172,55.75,1.1032,-3.4567,7.8043,-0.0277,0.03029,0.06961,,,,1
80.572,523.682,553.823,17.44650744409473,78.38093100802138,10.167,55.78,0.5279,-0.1255,7.4215,-0.03989,0.0038,-0.01834,,,,1
80.592,523.797,553.991,17.446508964309675,78.38093208322852,10.162,55.82,-1.7496,-0.8452,14.3106,0.01276,0.01842,0.01098,,,,1
80.612,523.911,554.16,17.446510484431805,78.38093315698075,10.158,55.85,3.9588,-0.8225,10.8986,0.01049,0.02554,0.04261,,,,1
80.632,524.024,554.328,17.446512004457748,78.38093422927665,10.153,55.89,-3.0129,1.6886,6.3936,-0.01747,-0.02267,0.01537,,,,1
80.652,524.138,554.496,17.44651352438421,78.38093530011491,10.148,55.92,-0.1047,-5.7404,-0.1534,0.04394,-0.00591,0.03187,,,,1
80.672,524.252,554.664,17.446515044207956,78.38093636949422,10.143,55.96,-0.7473,2.4261,9.776,-0.0001,0.02029,0.06023,,,,1
80.692,524.365,554.832,17.446516563925822,78.38093743741338,10.138,55.99,-1.5057,-2.471,13.8461,-0.00654,-0.00011,0.01377,,,,1
80.712,524.478,555.0,17.44651808353472,78.38093850387119,10.133,56.02,3.6317,-0.8696,13.6983,0.00463,0.00727,0.00241,,,,1
80.732,524.592,555.168,17.446519603031618,78.38093956886658,10.129,56.06,-2.5479,1.4988,9.562,0.00539,0.01032,0.04369,,,,1
80.752,524.705,555.336,17.44652112241357,78.38094063239845,10.124,56.09,3.0437,-3.3079,5.8135,0.01784,-0.02328,0.03179,,,,1
80.772,524.817,555.504,17.44652264167769,78.38094169446585,10.119,56.13,-0.3996,2.4977,8.3172,-0.01673,-0.01195,0.05341,,,,1
80.792,524.93,555.672,17.44652416082116,78.38094275506782,10.114,56.16,-0.0262,-2.0116,10.451,-0.00229,0.0136,0.05823,,,,1
80.812,525.042,555.84,17.446525679841244,78.38094381420349,10.109,56.2,2.2787,0.3692,14.0523,-0.00727,0.01718,-0.02761,,,,1
80.832,525.155,556.008,17.446527198735268,78.38094487187203,10.104,56.23,-2.1145,-0.2284,13.5433,-0.00114,0.05458,0.00692,,,,1
80.852,525.267,556.176,17.446528717500634,78.38094592807269,10.099,56.27,2.9807,-1.8135,9.4845,0.02788,-0.00109,0.01437,,,,1
80.872,525.379,556.344,17.446530236134816,78.38094698280477,10.094,56.3,-2.1597,0.9363,5.8653,-0.00861,0.01344,0.01833,,,,1
80.892,525.491,556.512,17.44653175463535,78.38094803606762,10.089,56.33,2.3339,-3.2945,6.1358,-0.00867,-0.00177,0.08219,,,,1
80.912,525.603,556.68,17.446533272999865,78.38094908786064,10.084,56.37,0.2874,2.2376,9.9889,-0.00498,0.01432,-0.05292,,,,1
80.932,525.714,556.848,17.446534791226046,78.38095013818331,10.079,56.4,-0.8584,-1.7303,13.7648,-0.00761,0.05614,0.01606,,,,1
80.952,525.825,557.016,17.44653630931165,78.38095118703515,10.075,56.44,4.2668,0.1376,13.9657,-0.00882,0.03081,-0.001,,,,1
80.972,525.937,557.184,17.446537827254517,78.38095223441576,10.07,56.47,-2.8141,0.6573,10.4449,0.00237,0.01703,0.06084,,,,1
80.992,526.048,557.352,17.446539345052557,78.38095328032475,10.065,56.51,3.4766,-2.3601,6.4646,-0.00369,-0.00371,0.00388,,,,1
81.012,526.159,557.519,17.44654086270375,78.38095432476184,10.06,56.54,-1.7785,2.1132,5.6212,-0.00084,-0.00946,0.07609,,,,1
81.032,526.269,557.687,17.446542380206154,78.3809553677268,10.055,56.58,0.9569,-3.5775,8.6366,0.00693,0.03173,0.02813,,,,1
81.052,526.38,557.855,17.4465438975579,78.38095640921941,10.05,56.61,1.6873,0.9522,12.7895,0.01197,0.02009,0.02223,,,,1
81.072,526.49,558.023,17.446545414757185,78.38095744923955,10.045,56.65,-1.8654,-1.6293,14.4073,0.01434,-0.021,0.0123,,,,1
81.092,526.601,558.191,17.446546931802303,78.38095848778714,10.04,56.68,3.1203,-0.6721,12.085,0.01365,0.03002,0.01943,,,,1
81.112,526.711,558.358,17.446548448691594,78.38095952486218,10.035,56.72,-2.6045,0.8852,7.8948,0.00607,-0.01259,-0.02432,,,,1
81.132,526.821,558.526,17.446549965423493,78.38096056046469,10.03,56.75,3.4148,-2.9079,5.4716,-0.02849,0.03619,-0.01413,,,,1
81.152,526.931,558.694,17.446551481996504,78.38096159459478,10.024,56.78,-0.5621,2.2808,6.8903,-0.01885,-0.01757,0.01277,,,,1
81.172,527.04,558.862,17.446552998409206,78.38096262725257,10.019,56.82,0.4487,-2.7285,10.9111,-0.01393,0.00495,0.05266,,,,1
81.192,527.15,559.029,17.446554514660253,78.3809636584383,10.014,56.85,2.094,1.4543,14.0892,-0.00847,0.02821,0.0604,,,,1
81.212,527.259,559.197,17.446556030748376,78.38096468815223,10.009,56.89,-3.0188,-1.799,10.6443,-0.01952,0.00039,-0.02186,,,,1
81.232,527.368,559.365,17.446557546672377,78.38096571639466,10.004,56.92,3.722,-1.422,10.1578,-0.02199,0.01153,0.05883,,,,1
81.253,527.478,559.532,17.44655906243114,78.38096674316596,9.999,56.96,-2.8441,1.9083,6.3988,-0.03329,0.01162,0.03761,,,,1
81.273,527.586,559.7,17.44656057802363,78.38096776846656,9.994,56.99,2.4579,-3.2275,5.621,-0.01295,0.00387,0.04986,,,,1
81.293,527.695,559.868,17.44656209344887,78.38096879229695,9.989,57.03,-0.5124,3.1727,8.4698,-0.00402,0.04069,0.02691,,,,1
81.313,527.804,560.035,17.446563608705972,78.38096981465767,9.984,57.06,-0.8182,-2.9025,12.5428,-0.01137,0.03285,0.05989,,,,1
81.333,527.912,560.203,17.446565123794127,78.38097083554932,9.979,57.1,2.7447,0.912,14.427,-0.0123,-0.03545,0.00799,,,,1
81.353,528.02,560.37,17.446566638712593,78.38097185497251,9.974,57.13,-2.5259,0.3946,12.5499,-0.00165,0.0395,0.02556,,,,1
81.373,528.129,560.538,17.446568153460714,78.38097287292797,9.969,57.17,3.0861,-2.3184,8.4767,0.0051,0.00264,-0.00309,,,,1
81.393,528.236,560.705,17.446569668037903,78.38097388941645,9.964,57.2,-1.7439,2.7972,5.6228,-0.00179,0.05326,-0.01729,,,,1
81.413,528.344,560.873,17.446571182443655,78.38097490443874,9.959,57.24,2.0364,-3.9312,6.3842,0.00097,-0.00315,-0.071,,,,1
81.433,528.452,561.04,17.446572696677542,78.38097591799573,9.954,57.27,0.1868,1.8248,10.1297,0.00828,-0.00078,0.00622,,,,1
81.453,528.559,561.208,17.446574210739204,78.38097693008831,9.949,57.3,-1.7418,-2.3984,13.718,-0.01636,0.00816,0.03018,,,,1
81.473,528.667,561.375,17.446575724628367,78.38097794071746,9.944,57.34,2.9932,0.0338,14.1173,0.01597,0.03229,0.05511,,,,1
81.493,528.774,561.543,17.446577238344833,78.38097894988418,9.939,57.37,-2.9588,0.2051,10.9845,-0.01646,0.00695,0.06706,,,,1
81.513,528.881,561.71,17.446578751888477,78.38097995758956,9.934,57.41,3.4343,-2.3486,6.9602,-0.01318,0.01805,0.10113,,,,1
81.533,528.988,561.877,17.446580265259257,78.38098096383473,9.929,57.44,-3.9815,-0.5547,-1.5462,-0.05147,0.02353,0.0153,,,,1
81.553,529.095,562.045,17.4465817784572,78.38098196862084,9.924,57.48,0.377,-3.2952,7.8014,-0.01709,0.00415,0.01031,,,,1
81.573,529.201,562.212,17.44658329148242,78.38098297194914,9.919,57.51,0.9935,1.8342,11.9868,-0.03284,0.05446,0.13569,,,,1
81.593,529.307,562.379,17.446584804335096,78.3809839738209,9.914,57.55,-1.8297,-1.4588,14.4061,0.01712,0.00891,0.03067,,,,1
81.613,529.414,562.547,17.4465863170155,78.38098497423746,9.909,57.58,3.6462,-1.2023,12.9444,0.01086,-0.00165,-0.00262,,,,1
81.633,529.52,562.714,17.44658782952396,78.38098597320018,9.904,57.62,-3.0542,2.3678,8.8477,-0.01845,0.01387,0.00512,,,,1
81.653,529.626,562.881,17.4465893418609,78.38098697071051,9.9,57.65,3.6917,-3.0907,5.7083,-0.0154,0.04035,0.00871,,,,1
81.673,529.732,563.048,17.446590854026812,78.38098796676992,9.895,57.69,-1.8054,1.5243,6.3243,-0.0358,0.00937,0.04863,,,,1
81.693,529.837,563.216,17.446592366022273,78.38098896137996,9.89,57.72,0.8427,-3.1402,10.1862,-0.02327,0.02264,0.02184,,,,1
81.713,529.943,563.383,17.44659387784792,78.38098995454217,9.885,57.76,1.9061,0.5727,13.8436,0.00409,0.00817,0.01902,,,,1
81.733,530.048,563.55,17.446595389504484,78.38099094625822,9.88,57.79,-1.9838,-0.1901,13.9653,0.01837,0.03139,0.05742,,,,1
81.753,530.153,563.717,17.446596900992766,78.38099193652978,9.875,57.83,3.628,-1.4675,10.4013,-0.00829,-0.04587,0.01871,,,,1
81.773,530.258,563.884,17.44659841231364,78.38099292535857,9.87,57.86,-2.0194,2.0663,6.4106,-0.00468,0.02455,0.01792,,,,1
81.793,530.363,564.052,17.446599923468067,78.38099391274636,9.865,57.9,2.0836,-3.3136,5.7248,-0.00404,0.01283,0.00339,,,,1
81.813,530.468,564.219,17.446601434457076,78.380994898695,9.86,57.93,-0.365,2.0821,9.0401,-0.01692,0.04688,0.05992,,,,1
81.833,530.572,564.386,17.446602945281775,78.38099588320632,9.856,57.96,-0.3101,-2.2533,13.2447,-0.00101,0.01983,0.05674,,,,1
81.853,530.677,564.553,17.446604455943348,78.38099686628227,9.851,58.0,2.9085,-0.013,14.2815,-0.01218,0.00583,0.03769,,,,1
81.873,530.781,564.72,17.44660596644305,78.38099784792482,9.846,58.03,-2.6848,0.9677,11.0867,0.00602,0.03009,0.02438,,,,1
81.893,530.885,564.887,17.44660747678223,78.38099882813596,9.841,58.07,3.8478,-2.4361,6.7578,-0.00756,0.01809,0.0637,,,,1
81.913,530.989,565.054,17.446608986962293,78.38099980691777,9.837,58.1,-1.9474,2.5792,5.6162,-0.03592,0.01429,-0.01978,,,,1
81.933,531.093,565.221,17.44661049698473,78.38100078427233,9.832,58.14,1.03,-2.7947,8.8678,0.00337,0.03794,0.06463,,,,1
81.953,531.196,565.388,17.4466120068511,78.38100176020181,9.827,58.17,1.4433,1.676,13.2471,-0.00386,0.02749,0.04151,,,,1
81.973,531.3,565.555,17.44661351656305,78.3810027347084,9.822,58.21,-2.2495,-0.6195,14.2169,-0.01564,0.01741,-0.00623,,,,1
81.993,531.403,565.722,17.44661502612229,78.38100370779433,9.818,58.24,3.6183,-1.3846,10.6919,-0.00711,0.05306,-0.02584,,,,1
82.013,531.506,565.889,17.44661653553062,78.38100467946191,9.813,58.28,-3.0653,2.3849,6.3567,-0.02537,-0.00568,0.00771,,,,1
82.033,531.609,566.056,17.446618044789897,78.38100564971346,9.808,58.31,1.7851,-3.4517,5.9026,-0.02785,0.01944,0.02331,,,,1
82.053,531.712,566.223,17.446619553902064,78.38100661855133,9.804,58.35,0.9246,1.7363,9.902,-0.0144,0.03643,0.0536,,,,1
82.073,531.815,566.39,17.446621062869138,78.38100758597795,9.799,58.38,-0.9225,-2.2478,13.9775,-0.00047,-0.03583,0.0502,,,,1
82.093,531.918,566.556,17.446622571693208,78.38100855199579,9.794,58.42,3.2517,-0.438,13.5125,0.00169,-0.03325,0.04414,,,,1
82.113,532.02,566.723,17.44662408037644,78.38100951660734,9.79,58.45,-1.5367,1.9976,12.7462,-0.02945,-0.00729,0.05231,,,,1
82.133,532.122,566.89,17.446625588921073,78.38101047981515,9.785,58.49,2.7718,-2.7924,5.5445,-0.00671,0.04596,0.06897,,,,1
82.153,532.225,567.057,17.446627097329415,78.38101144162178,9.781,58.52,-0.0202,2.3236,7.3482,-0.02864,0.04093,0.08748,,,,1
82.173,532.327,567.224,17.44662860560386,78.3810124020299,9.776,58.56,-0.5332,-1.9287,12.2972,-0.00506,0.03769,0.01081,,,,1
82.193,532.428,567.391,17.44663011374686,78.38101336104215,9.772,58.59,2.9335,-0.0672,14.3942,-0.01035,0.0326,0.02517,,,,1
82.213,532.53,567.557,17.44663162176095,78.38101431866123,9.767,58.63,-2.3067,0.5889,10.9731,-0.00334,0.02239,-0.00848,,,,1
82.233,532.632,567.724,17.446633129648735,78.38101527488992,9.763,58.66,2.9377,-2.2567,6.2321,-0.02089,0.04114,0.02574,,,,1
82.253,532.733,567.891,17.446634637412895,78.38101622973097,9.759,58.7,-0.4482,2.9791,6.2323,0.01873,0.01321,0.00169,,,,1
82.273,532.834,568.058,17.446636145056182,78.38101718318724,9.754,58.73,-0.6051,-2.9102,11.0693,0.03208,0.00453,0.0729,,,,1
82.293,532.935,568.224,17.44663765258142,78.38101813526158,9.75,58.77,3.2294,0.6048,14.4247,-0.01164,0.05438,0.0258,,,,1
82.313,533.036,568.391,17.446639159991495,78.3810190859569,9.745,58.8,-2.8708,0.5613,11.7354,-0.02128,0.01452,-0.00881,,,,1
82.333,533.137,568.558,17.44664066728938,78.38102003527614,9.741,58.84,3.2329,-2.4431,6.5676,-0.02885,0.02895,0.00759,,,,1
82.353,533.238,568.724,17.44664217447811,78.38102098322227,9.737,58.87,-1.916,2.3392,6.0781,-0.03262,0.04718,0.01517,,,,1
82.373,533.338,568.891,17.446643681560793,78.38102192979834,9.733,58.91,-0.1805,-2.1106,11.0612,0.01314,0.01018,-0.01513,,,,1
82.393,533.439,569.058,17.44664518854061,78.38102287500736,9.728,58.94,2.229,-0.2858,14.4322,-0.0171,0.03173,0.02901,,,,1
82.413,533.539,569.225,17.44664669542081,78.38102381885246,9.724,58.98,-2.9943,0.4666,11.2042,-0.03398,0.00782,0.06508,,,,1
82.433,533.639,569.391,17.44664820220471,78.38102476133673,9.72,59.01,3.1409,-2.5493,6.0642,-0.03033,0.0213,-0.0212,,,,1
82.453,533.739,569.558,17.4466497088957,78.38102570246336,9.716,59.04,-0.4029,2.6228,6.7975,-0.03209,0.04964,0.03965,,,,1
82.473,533.839,569.724,17.44665121549723,78.38102664223553,9.712,59.08,-0.4071,-1.7719,12.3873,0.0184,0.02272,-0.04439,,,,1
82.493,533.939,569.891,17.44665272201284,78.38102758065648,9.708,59.11,3.1773,0.4246,14.1305,0.02128,0.02258,0.05009,,,,1
82.513,534.038,570.058,17.446654228446114,78.38102851772948,9.704,59.15,-3.2095,1.1047,9.1488,-0.01178,0.00672,-0.00373,,,,1
82.533,534.137,570.224,17.44665573480072,78.38102945345781,9.699,59.18,2.3297,-2.495,5.4293,-0.01437,0.04318,0.06997,,,,1
82.553,534.237,570.391,17.446657241080388,78.38103038784482,9.695,59.22,0.8618,1.9418,9.1663,-0.04953,0.05081,0.05687,,,,1
82.573,534.336,570.557,17.446658747288918,78.38103132089387,9.692,59.25,-1.7597,-1.1701,14.1889,-0.03602,0.02556,0.04109,,,,1
82.593,534.435,570.724,17.44666025343017,78.38103225260835,9.688,59.29,4.1904,-0.3692,11.8878,-0.02542,0.00705,0.0216,,,,1
82.613,534.534,570.891,17.446661759508082,78.38103318299169,9.684,59.32,-2.4984,2.5099,6.1347,0.0045,-0.00369,-0.00115,,,,1
82.633,534.632,571.057,17.446663265526645,78.38103411204735,9.68,59.36,1.4755,-3.0481,7.0995,0.04027,0.00359,0.03589,,,,1
82.653,534.731,571.224,17.446664771489928,78.38103503977882,9.676,59.39,2.0926,1.2768,13.161,0.00739,-0.00137,0.02815,,,,1
82.673,534.829,571.39,17.44666627740206,78.38103596618963,9.672,59.43,-2.0047,-0.7036,13.2438,-0.01076,0.03173,0.03832,,,,1
82.693,534.927,571.557,17.44666778326723,78.38103689128332,9.668,59.46,3.385,-2.2833,7.0771,-0.00463,-0.02226,-0.00184,,,,1
82.713,535.026,571.723,17.4466692890897,78.38103781506346,9.665,59.5,-1.1808,2.0266,6.2942,-0.00562,0.01775,0.06972,,,,1
82.733,535.123,571.89,17.446670794873793,78.38103873753369,9.661,59.53,-0.5913,-2.5703,12.5094,-0.01443,0.01073,0.07583,,,,1
82.753,535.221,572.056,17.44667230062389,78.3810396586976,9.657,59.57,3.3792,-0.8497,13.5773,-0.01107,0.04204,0.01369,,,,1
82.773,535.319,572.223,17.446673806344446,78.38104057855891,9.654,59.6,-2.2841,1.5382,7.2598,-0.04241,0.02838,0.02668,,,,1
82.793,535.417,572.39,17.446675312039964,78.38104149712126,9.65,59.64,1.819,-3.1189,6.3241,-0.02265,0.00134,0.02855,,,,1
82.813,535.514,572.556,17.446676817715026,78.3810424143884,9.646,59.67,1.7438,1.6473,12.7979,-0.01606,0.01437,0.03103,,,,1
82.833,535.611,572.723,17.44667832337426,78.38104333036407,9.643,59.71,-1.8872,-0.2747,13.1439,-0.03027,0.03523,0.00169,,,,1
82.853,535.708,572.889,17.44667982902237,78.38104424505204,9.639,59.74,3.4685,-2.1101,6.528,-0.00384,0.01826,0.04353,,,,1
82.873,535.805,573.056,17.446681334664103,78.38104515845609,9.636,59.78,-0.4566,2.3644,7.2722,0.00276,-0.02956,-0.0082,,,,1
82.893,535.902,573.222,17.44668284030428,78.38104607058007,9.632,59.81,-1.8295,-2.0522,13.837,0.01803,0.01641,0.03473,,,,1
82.913,535.999,573.389,17.44668434594778,78.3810469814278,9.629,59.85,2.4951,-1.0825,11.522,-0.01618,-0.01861,-0.03589,,,,1
82.933,536.096,573.555,17.446685851599536,78.38104789100318,9.626,59.88,-1.9367,3.0724,5.5096,-0.0458,0.01459,0.04652,,,,1
82.953,536.192,573.722,17.446687357264548,78.38104879931007,9.622,59.92,0.422,-2.6519,9.7372,0.02417,0.04644,0.03445,,,,1
82.973,536.288,573.888,17.44668886294786,78.3810497063524,9.619,59.95,2.6256,0.1308,14.3518,-42.10169,43.00369,0.00697,,,,1
82.993,536.385,574.055,17.446690368654583,78.38105061213412,9.616,59.99,-36.31,58.1633,8.283,-52.19637,42.99317,-3.46075,,,,1
83.013,536.531,574.242,17.446692065087614,78.38105199242119,11.905,52.0,-42.7336,55.232,13.3071,41.73107,-42.99581,-3.43977,,,,1
83.033,536.678,574.43,17.446693761012085,78.38105337229447,11.901,52.0,3.6991,-1.0685,11.6104,51.84906,-42.97262,0.04604,,,,1
83.053,536.824,574.617,17.44669545643022,78.38105475175578,11.898,52.0,-2.18,2.1903,5.4169,-0.01377,0.00628,0.01517,,,,1
83.073,536.971,574.805,17.446697151344313,78.381056130807,11.894,52.0,-0.6526,-3.2225,11.1823,-0.03206,0.03213,0.01264,,,,1
83.093,537.117,574.992,17.446698845756742,78.38105750945002,11.891,52.0,3.3572,-0.7489,13.5256,-0.05352,0.01141,0.03157,,,,1
83.113,537.263,575.18,17.44670053966997,78.38105888768688,11.887,52.0,-1.9144,3.7942,9.078,0.00299,0.02469,0.02498,,,,1
83.133,537.41,575.367,17.446702233086526,78.38106026551962,11.884,52.0,0.647,-2.3273,8.9605,-0.01081,0.0148,-0.03212,,,,1
83.153,537.556,575.554,17.44670392600903,78.38106164295039,11.88,52.0,2.6952,0.3664,15.4982,0.01501,0.01885,0.00861,,,,1
83.173,537.702,575.741,17.44670561844017,78.38106301998135,11.877,52.0,-3.2389,1.9205,7.5538,0.01782,0.01028,-0.01347,,,,1
83.193,537.849,575.929,17.44670731038272,78.38106439661479,11.873,52.0,-0.0189,-5.0564,3.4305,-0.0435,0.00985,0.05468,,,,1
83.213,537.995,576.116,17.446709001839526,78.381065772853,11.87,52.0,2.0942,1.3438,14.2819,-0.00651,0.01717,0.01835,,,,1
83.233,538.141,576.303,17.44671069281351,78.38106714869838,11.867,52.0,-2.8915,1.3541,9.0789,0.03501,0.00574,-0.01089,,,,1
83.253,538.287,576.49,17.44671238330768,78.38106852415335,11.863,52.0,1.4775,-2.7287,6.2075,-0.02805,0.04609,-0.00957,,,,1
83.273,538.433,576.677,17.446714073325104,78.38106989922042,11.86,52.0,0.9555,0.4732,13.7821,0.01512,-0.01713,-0.05031,,,,1
83.293,538.579,576.863,17.446715762868937,78.38107127390217,11.857,52.0,-3.2668,1.1992,10.291,-0.00108,0.03439,0.00179,,,,1
83.313,538.725,577.05,17.446717451942405,78.3810726482012,11.853,52.0,2.2319,-3.0925,5.7,-0.0022,0.05094,-0.02113,,,,1
83.333,538.871,577.237,17.446719140548808,78.3810740221202,11.85,52.0,1.2803,1.7335,13.2321,-0.00941,0.00933,0.00317,,,,1
83.353,539.017,577.424,17.44672082869152,78.38107539566194,11.847,52.0,-3.1671,1.0719,11.0535,-0.03351,0.01334,0.08402,,,,1
83.373,539.162,577.61,17.446722516373995,78.3810767688292,11.844,52.0,2.4912,-3.041,5.5136,-0.04051,-0.00016,-0.00462,,,,1
83.393,539.308,577.797,17.446724203599747,78.38107814162485,11.84,52.0,0.8082,1.0551,12.3807,-0.02126,0.04006,-0.04756,,,,1
83.413,539.454,577.983,17.446725890372367,78.38107951405182,11.837,52.0,-3.666,0.9265,11.3391,-0.03103,0.03431,-0.0162,,,,1
83.433,539.6,578.17,17.446727576695523,78.3810808861131,11.834,52.0,2.0638,-3.0903,5.4913,0.00171,-0.00348,-0.00488,,,,1
83.453,539.745,578.356,17.446729262572948,78.3810822578117,11.831,52.0,1.0672,1.1413,12.9429,0.03342,-0.00981,-0.01385,,,,1
83.473,539.891,578.543,17.44673094800845,78.38108362915072,11.828,52.0,-3.4567,0.3128,11.1327,0.02188,0.01273,0.00403,,,,1
83.493,540.037,578.729,17.446732633005904,78.38108500013335,11.825,52.0,1.9412,-3.673,5.5937,-0.01844,0.03214,-0.00499,,,,1
83.513,540.182,578.916,17.446734317569252,78.38108637076276,11.822,52.0,1.6413,1.1535,13.3421,0.01482,0.03043,0.01003,,,,1
83.533,540.328,579.102,17.446736001702508,78.38108774104224,11.819,52.0,-3.0987,1.3471,10.391,0.00851,0.01806,0.00404,,,,1
83.553,540.473,579.288,17.446737685409754,78.3810891109751,11.816,52.0,1.8553,-3.0234,5.9593,-0.00407,0.02526,0.04448,,,,1
83.573,540.619,579.474,17.44673936869514,78.38109048056471,11.813,52.0,3.4059,2.0192,16.8706,0.02528,0.01922,0.01719,,,,1
83.593,540.764,579.66,17.446741051562878,78.3810918498145,11.81,52.0,-3.2232,1.5994,9.053,-0.04499,0.00781,0.03088,,,,1
83.613,540.909,579.846,17.44674273401725,78.38109321872797,11.807,52.0,1.3521,-3.3951,6.9136,-0.02185,0.02141,-0.02626,,,,1
83.633,541.055,580.032,17.4467444160626,78.38109458730864,11.804,52.0,2.0955,0.6201,14.395,0.00746,0.00211,0.01678,,,,1
83.653,541.2,580.218,17.446746097703343,78.3810959555601,11.801,52.0,-3.2805,1.6772,7.2683,-0.00218,0.04067,0.01734,,,,1
83.673,541.345,580.404,17.446747778943948,78.381097323486,11.798,52.0,0.2619,-2.5756,8.8036,-0.02169,0.00933,-0.03605,,,,1
83.693,541.491,580.59,17.44674945978896,78.38109869109002,11.796,52.0,2.6371,-0.7764,13.916,-0.03579,0.01017,-0.01998,,,,1
83.713,541.636,580.776,17.446751140242977,78.38110005837592,11.793,52.0,-2.3921,1.8688,5.7058,-0.03841,-0.01769,0.0037,,,,1
83.733,541.781,580.962,17.446752820310657,78.38110142534748,11.79,52.0,0.4459,-3.1044,11.5653,-0.01127,0.00928,0.00339,,,,1
83.753,541.926,581.148,17.44675449999673,78.38110279200853,11.787,52.0,2.9459,-1.1825,11.7735,0.00578,0.02057,0.0078,,,,1
83.773,542.071,581.333,17.44675617930597,78.381104158363,11.785,52.0,-1.8918,2.982,5.6858,0.01773,-0.01325,-0.00528,,,,1
83.793,542.216,581.519,17.44675785824323,78.38110552441479,11.782,52.0,-1.6692,-1.8188,14.0149,-0.02929,0.04163,0.0049,,,,1
83.813,542.361,581.705,17.44675953681341,78.38110689016793,11.78,52.0,3.3969,-2.2981,8.1477,-0.01376,-0.00202,-0.01118,,,,1
83.833,542.506,581.89,17.446761215021464,78.38110825562642,11.777,52.0,-0.3255,2.7086,8.4126,-0.02702,0.02073,-0.00368,,,,1
83.853,542.651,582.076,17.446762892872417,78.38110962079435,11.775,52.0,-2.15,0.0606,13.8151,0.00054,0.03686,0.02261,,,,1
83.873,542.796,582.261,17.446764570371332,78.38111098567586,11.772,52.0,1.5894,-2.9258,5.4793,0.00355,-0.01688,-0.01471,,,,1
83.893,542.941,582.447,17.44676624752335,78.3811123502751,11.77,52.0,0.2455,1.8274,12.8209,-0.0259,-0.00454,0.02266,,,,1
83.913,543.086,582.632,17.446767924333646,78.38111371459632,11.767,52.0,-3.2991,0.6743,9.7265,-0.03511,0.0238,0.00913,,,,1
83.933,543.231,582.818,17.446769600807457,78.38111507864376,11.765,52.0,1.4867,-2.4772,7.3515,0.02701,0.03061,0.04083,,,,1
83.953,543.376,583.003,17.44677127695008,78.38111644242173,11.763,52.0,2.0822,0.903,14.1463,-0.00724,-0.03255,0.00539,,,,1
83.973,543.521,583.189,17.446772952766857,78.38111780593458,11.76,52.0,-3.6529,2.4954,5.5625,-0.00642,0.02281,0.01808,,,,1
83.993,543.665,583.374,17.44677462826318,78.38111916918669,11.758,52.0,-0.8015,-2.9315,12.8689,-0.03226,0.00411,-0.11573,,,,1
84.013,543.81,583.559,17.446776303444498,78.3811205321825,11.756,52.0,3.3828,-2.0195,9.2295,-0.0118,0.02115,-0.03579,,,,1
84.033,543.955,583.744,17.4467779783163,78.38112189492648,11.754,52.0,-0.9746,2.6482,8.1682,-0.0225,0.01847,0.00413,,,,1
84.053,544.1,583.93,17.44677965288414,78.38112325742314,11.752,52.0,-3.1697,-0.3301,13.4966,-0.02041,0.03676,0.02429,,,,1
84.073,544.244,584.115,17.446781327153598,78.38112461967704,11.749,52.0,1.7999,-2.491,5.4475,-0.02779,0.006,0.00714,,,,1
84.093,544.389,584.3,17.44678300113032,78.38112598169273,11.747,52.0,1.9675,1.2191,14.1294,0.01423,0.05452,-0.01631,,,,1
84.113,544.534,584.485,17.44678467481999,78.38112734347489,11.745,52.0,-3.1353,1.62,6.8104,-0.02297,0.03533,-0.037,,,,1
84.133,544.678,584.67,17.44678634822834,78.38112870502813,11.743,52.0,-0.2046,-2.4573,11.2764,0.00832,0.01157,-0.01178,,,,1
84.153,544.823,584.855,17.446788021361144,78.3811300663572,11.741,52.0,2.1417,-1.8028,10.417,-0.03317,0.00338,0.01111,,,,1
84.173,544.967,585.04,17.44678969422422,78.3811314274668,11.74,52.0,-1.0709,2.3981,7.6737,0.01906,0.03488,0.00509,,,,1
84.193,545.112,585.225,17.44679136682343,78.3811327883617,11.738,52.0,-3.2376,-0.3281,13.4301,-0.00574,0.02073,0.02178,,,,1
84.213,545.256,585.41,17.446793039164678,78.38113414904672,11.736,52.0,1.877,-2.5533,5.6184,0.0044,0.03824,-0.00882,,,,1
84.233,545.401,585.595,17.446794711253904,78.38113550952667,11.734,52.0,2.1077,1.4296,14.4039,-0.04281,0.02601,-0.00078,,,,1
84.253,545.545,585.78,17.446796383097098,78.38113686980645,11.732,52.0,-2.2087,1.6919,5.6759,0.0036,-0.02814,-0.05054,,,,1
84.273,545.69,585.965,17.446798054700274,78.38113822989094,11.731,52.0,-2.0817,-2.6119,13.5041,0.03464,0.01232,-0.02653,,,,1
84.293,545.834,586.15,17.4467997260695,78.38113958978508,11.729,52.0,3.1493,-2.4042,7.1617,-0.00557,0.02098,0.03341,,,,1
84.313,545.979,586.335,17.44680139721087,78.38114094949383,11.728,52.0,0.9646,1.2871,11.6649,0.04211,-0.01576,0.01566,,,,1
84.333,546.123,586.519,17.446803068130517,78.38114230902217,11.726,52.0,-2.345,1.3249,9.1192,-0.04501,0.03943,0.02547,,,,1
84.353,546.267,586.704,17.446804738834608,78.38114366837513,11.724,52.0,-0.0444,-2.4193,9.7524,-0.02841,0.01219,-0.01773,,,,1
84.373,546.412,586.889,17.446806409329348,78.38114502755775,11.723,52.0,3.4077,-0.7107,10.8665,-0.00055,-0.00671,0.04381,,,,1
84.393,546.556,587.074,17.446808079620972,78.38114638657511,11.722,52.0,-1.2214,2.5091,8.2423,-0.02826,0.00761,0.00558,,,,1
84.413,546.7,587.258,17.446809749715747,78.3811477454323,11.72,52.0,-3.9539,0.3619,12.1117,0.03408,0.0117,-0.0245,,,,1
84.433,546.845,587.443,17.44681141961997,78.38114910413445,11.719,52.0,1.4275,-3.774,7.247,-0.03038,0.02712,0.00848,,,,1
84.453,546.989,587.628,17.44681308933997,78.38115046268672,11.718,52.0,3.0905,-0.6105,12.8636,0.00594,0.03944,0.01883,,,,1
84.473,547.133,587.812,17.44681475888211,78.38115182109426,11.716,52.0,-0.6614,2.5829,6.6972,-0.02303,-0.01191,0.01192,,,,1
84.493,547.277,587.997,17.446816428252767,78.38115317936229,11.715,52.0,-3.3768,0.2611,13.2209,-0.04822,0.03123,-0.02531,,,,1
84.513,547.422,588.182,17.446818097458358,78.381154537496,11.714,52.0,1.6272,-3.3035,6.492,-0.01181,-0.00257,-0.00324,,,,1
84.533,547.566,588.366,17.446819766505325,78.38115589550065,11.713,52.0,3.7538,-0.6092,13.2751,-0.01604,0.02569,0.02738,,,,1
84.553,547.71,588.551,17.44682143540013,78.3811572533815,11.712,52.0,-1.0206,1.9687,6.5812,-0.001,-0.01062,-0.01617,,,,1
84.573,547.854,588.735,17.446823104149257,78.38115861114383,11.711,52.0,-2.7573,-0.829,13.0334,0.00796,0.0397,-0.00034,,,,1
84.593,547.998,588.92,17.446824772759225,78.38115996879293,11.71,52.0,1.1966,-3.4373,6.9877,-0.02351,0.0343,-0.03482,,,,1
84.613,548.143,589.104,17.44682644123656,78.38116132633411,11.709,52.0,2.5221,-1.4047,12.4374,0.00821,0.03274,0.02358,,,,1
84.633,548.287,589.289,17.44682810958782,78.3811626837727,11.708,52.0,-0.1174,2.614,7.8126,-0.00815,0.03389,-0.02133,,,,1
84.653,548.431,589.473,17.446829777819577,78.38116404111406,11.707,52.0,-3.299,0.4864,11.3546,-0.02598,0.01406,0.04906,,,,1
84.673,548.575,589.658,17.446831445938425,78.38116539836356,11.706,52.0,0.5562,-2.9936,9.1661,-0.02272,0.02524,0.02174,,,,1
84.693,548.719,589.842,17.446833113950973,78.38116675552658,11.706,52.0,2.6691,-1.9973,9.7255,-0.00819,0.01506,-0.00651,,,,1
84.713,548.863,590.027,17.446834781863853,78.38116811260849,11.705,52.0,-0.5713,-0.0421,9.009,0.00045,0.05867,-0.06251,,,,1
84.733,549.007,590.211,17.446836449683705,78.38116946961472,11.704,52.0,-2.4272,2.3015,7.7176,-0.01094,0.05726,-0.00565,,,,1
84.753,549.152,590.396,17.446838117417183,78.38117082655066,11.704,52.0,-1.2411,-2.3799,13.0186,-0.01334,0.00589,-0.07428,,,,1
84.773,549.296,590.58,17.446839785070964,78.38117218342177,11.703,52.0,3.4416,-2.7736,5.947,-0.02433,0.06588,-0.01909,,,,1
84.793,549.44,590.765,17.446841452651732,78.38117354023346,11.703,52.0,2.1124,0.2515,14.3111,-0.0075,0.04199,0.05184,,,,1
84.813,549.584,590.949,17.446843120166182,78.3811748969912,11.702,52.0,-2.7105,2.9305,5.4434,-0.00391,0.05861,-0.01005,,,,1
84.833,549.728,591.134,17.446844787621018,78.38117625370043,11.702,52.0,-2.318,-0.1966,13.7709,0.03026,-0.00614,-0.02287,,,,1
84.853,549.872,591.318,17.446846455022957,78.38117761036662,11.701,52.0,0.8827,-3.2816,7.1662,-0.0277,-0.00405,-0.01644,,,,1
84.873,550.016,591.502,17.44684812237872,78.38117896699524,11.701,52.0,3.5609,-1.4036,10.9039,0.01723,0.0464,0.00764,,,,1
84.893,550.16,591.687,17.446849789695044,78.38118032359178,11.701,52.0,0.4557,2.7779,10.8521,0.00628,-0.01288,-0.00174,,,,1
84.913,550.304,591.871,17.446851456978663,78.3811816801617,11.7,52.0,-3.5346,1.8715,7.0365,-0.01112,0.01507,0.05792,,,,1
84.933,550.448,592.056,17.446853124236323,78.3811830367105,11.7,52.0,-1.6206,-1.5529,14.0445,0.02927,0.03524,0.00841,,,,1
84.953,550.592,592.24,17.446854791474763,78.38118439324366,11.7,52.0,3.0847,-3.2921,5.4234,-0.01065,0.03744,0.00072,,,,1
84.973,550.736,592.424,17.44685645870074,78.38118574976669,11.7,52.0,3.1797,-1.0847,13.3996,-0.00329,0.03214,-0.00835,,,,1
84.993,550.881,592.609,17.446858125921004,78.38118710628505,11.7,52.0,-0.4447,2.404,8.4562,-0.01589,0.03859,-0.00866,,,,1
85.013,551.025,592.793,17.446859793142306,78.38118846280427,11.7,52.0,-2.6471,1.6211,8.6864,0.00495,-0.00712,0.04407,17.44684983619605,78.38121017000007,3.5,0
85.033,551.169,592.978,17.446861460371398,78.38118981932983,11.7,52.0,-1.2038,-1.3631,13.3943,-0.00846,0.00876,0.01651,17.446855577478825,78.38115567141242,3.5,0
85.053,551.313,593.162,17.446863127615035,78.38119117586723,11.7,52.0,2.4769,-3.7408,5.388,-0.02639,0.03902,-0.04346,17.446884519559188,78.38120934710996,3.5,0
85.073,551.457,593.346,17.44686479487996,78.38119253242195,11.7,52.0,2.52,-0.7137,13.4924,-0.00026,0.02174,0.0183,17.44687659695969,78.38117874454431,3.5,0
85.093,551.601,593.531,17.446866462172927,78.38119388899946,11.701,52.0,-0.1816,2.2009,8.8468,0.02351,0.00233,0.02585,17.446833731862952,78.38116077531826,3.5,0
85.113,551.745,593.715,17.44686812950067,78.3811952456053,11.701,52.0,-2.5966,1.7327,7.7659,-0.02043,0.03819,0.05694,17.44687690544776,78.38120268412912,3.5,0
85.133,551.889,593.9,17.446869796869926,78.3811966022449,11.701,52.0,-2.0957,-1.4419,14.1358,0.00897,0.00857,-0.00244,17.446901482473365,78.38120654394471,3.5,0
85.153,552.033,594.084,17.446871464287423,78.38119795892375,11.701,52.0,2.3824,-3.0022,5.8168,-0.02059,0.01731,-0.01223,17.44688133414038,78.38119383328426,3.5,0
85.173,552.177,594.268,17.446873131759887,78.38119931564732,11.702,52.0,3.2177,-0.9114,11.3454,-0.00067,0.01968,0.03003,17.446855999494947,78.3812087481049,3.5,0
85.193,552.321,594.453,17.446874799294026,78.38120067242107,11.702,52.0,0.5227,1.5424,12.0181,0.00227,0.01849,-0.00928,17.446871221016988,78.38116877716736,3.5,0
85.213,552.465,594.637,17.446876466896548,78.38120202925047,11.703,52.0,-2.0079,2.8002,5.5019,0.01632,0.03341,0.01402,17.446884669145685,78.381223337044,3.5,0
85.233,552.609,594.822,17.446878134574142,78.38120338614095,11.703,52.0,-2.8798,0.1322,13.4703,-0.02456,0.02835,0.05691,17.446864732711195,78.38118414079528,3.5,0
85.253,552.754,595.006,17.446879802333488,78.38120474309794,11.704,52.0,0.444,-2.7475,9.7682,-0.01262,-0.00559,0.00505,17.446882829284874,78.38121898722284,3.5,0
85.273,552.898,595.191,17.446881470181253,78.38120610012687,11.704,52.0,2.8661,-1.7832,6.354,-0.01945,0.01443,0.01798,17.446902883978535,78.38120701931817,3.5,0
85.293,553.042,595.375,17.446883138124093,78.38120745723317,11.705,52.0,2.6354,0.8864,14.2021,0.00584,0.0124,-0.01028,17.44689193267183,78.38120884840522,3.5,0
85.313,553.186,595.56,17.446884806168644,78.38120881442222,11.706,52.0,-0.2034,2.8738,8.4866,0.00433,-0.01303,-0.05303,17.446876098876736,78.3811807321887,3.5,0
85.333,553.33,595.744,17.44688647432153,78.38121017169941,11.707,52.0,-2.802,0.7464,7.0387,-0.00455,0.03174,0.02622,17.446910546910306,78.38124195144182,3.5,0
85.353,553.474,595.929,17.446888142589355,78.38121152907013,11.707,52.0,-3.1174,-0.1007,14.3418,-0.00972,0.06116,0.01274,17.446870513522022,78.38123166002713,3.5,0
85.373,553.618,596.113,17.44688981097871,78.38121288653971,11.708,52.0,0.2546,-2.4775,8.2164,0.00957,0.04903,0.02599,17.44689534730747,78.38119995498334,3.5,0
85.393,553.763,596.298,17.446891479496156,78.38121424411354,11.709,52.0,1.8474,-3.602,1.5638,-0.03311,0.03527,-0.03187,17.44686560116777,78.38123886259056,3.5,0
85.413,553.907,596.482,17.44689314814825,78.3812156017969,11.71,52.0,2.5463,0.8416,14.2755,-0.00527,-0.01604,-0.02912,17.446874126398885,78.38120958056119,3.5,0
85.433,554.051,596.667,17.44689481694151,78.38121695959512,11.711,52.0,-0.4668,3.0901,8.9058,0.01254,0.01568,0.00974,17.446883152240247,78.38121040853997,3.5,0
85.453,554.195,596.851,17.44689648588244,78.38121831751351,11.712,52.0,-2.1038,4.1233,10.2742,-0.03508,0.04665,-0.00321,17.446906963840103,78.38119688625063,3.5,0
85.473,554.339,597.036,17.44689815497753,78.38121967555732,11.713,52.0,-3.1071,0.3577,13.767,-0.01615,0.04732,-0.0398,17.446904693075226,78.38121636260772,3.5,0
85.493,554.484,597.221,17.446899824233224,78.3812210337318,11.714,52.0,-0.9703,-1.67,10.6186,-0.01675,0.0268,-0.03486,17.446897147574724,78.38122046590553,3.5,0
85.513,554.628,597.405,17.446901493655965,78.3812223920422,11.715,52.0,2.0315,-3.2887,3.8509,-0.01577,0.01091,-0.01133,17.446918405835635,78.3812093075073,3.5,0
85.533,554.772,597.59,17.44690316325215,78.38122375049372,11.717,52.0,2.9522,-1.4341,12.0852,0.02777,0.01353,-0.01884,17.44690387364795,78.3812361842023,3.5,0
85.553,554.916,597.775,17.44690483302816,78.38122510909156,11.718,52.0,0.8976,1.5288,13.0169,-0.0501,0.0233,-0.03856,17.44691939612859,78.38125143375404,3.5,0
85.573,555.061,597.959,17.44690650299034,78.38122646784086,11.719,52.0,-1.5826,2.8248,5.9276,-0.01687,-0.02641,-0.02905,17.446926913892373,78.38123883465309,3.5,0
85.593,555.205,598.144,17.446908173145015,78.3812278267468,11.721,52.0,-2.9426,1.5326,8.8251,0.00313,0.00337,-0.0057,17.446896628451867,78.38120053322065,3.5,0
85.613,555.349,598.329,17.446909843498467,78.38122918581446,11.722,52.0,-1.3534,-1.3899,14.401,0.0082,-0.02341,-0.0012,17.446899173002524,78.38120417878245,3.5,0
85.633,555.494,598.513,17.44691151405696,78.38123054504895,11.723,52.0,-0.2186,-3.3408,9.0686,0.01331,-0.02211,-0.03778,17.44688599147525,78.38123437027551,3.5,0
85.653,555.638,598.698,17.44691318482672,78.38123190445535,11.725,52.0,3.1851,-2.9089,5.7013,-0.03644,-0.01617,0.02094,17.446912491899504,78.38124863829826,3.5,0
85.673,555.783,598.883,17.446914855813933,78.38123326403866,11.726,52.0,3.5677,-0.4585,12.1359,0.01612,0.02322,0.01049,17.446938287537208,78.38122921756798,3.5,0
85.693,555.927,599.068,17.44691652702476,78.38123462380392,11.728,52.0,1.1999,2.1262,13.4943,0.01411,0.00076,0.00021,17.446923373353094,78.38123633125869,3.5,0
85.713,556.071,599.253,17.446918198465326,78.3812359837561,11.73,52.0,-1.011,3.0437,6.8171,-0.02371,0.01804,0.02954,17.446924269411394,78.38123698739729,3.5,0
85.733,556.216,599.438,17.44691987014171,78.38123734390015,11.731,52.0,-3.0839,2.4556,6.8934,-0.02638,0.02131,0.01462,17.44693622760685,78.38123249772681,3.5,0
85.753,556.36,599.623,17.446921542059965,78.38123870424101,11.733,52.0,-2.7194,0.0121,13.4268,-0.03245,-0.00889,-0.05356,17.44694709792716,78.38124622467352,3.5,0
85.773,556.505,599.807,17.446923214226103,78.38124006478355,11.735,52.0,-0.3065,-2.7047,12.5705,-0.05273,-0.00989,-0.04772,17.44693163427148,78.38124544314589,3.5,0
85.793,556.649,599.992,17.44692488664609,78.38124142553264,11.736,52.0,2.0784,-2.6886,7.1998,0.03188,-0.00274,0.02101,17.446936309935634,78.38125835058224,3.5,0
85.813,556.794,600.177,17.446926559325863,78.38124278649309,11.738,52.0,3.3333,-2.2357,7.2489,-0.0069,0.01852,-0.03391,17.446926048361746,78.38122464542971,3.5,0
85.833,556.938,600.362,17.44692823227131,78.3812441476697,11.74,52.0,2.7879,-0.4167,13.4481,-0.04373,0.04272,0.01159,17.44693446769534,78.38121563911908,3.5,0
85.853,557.083,600.548,17.44692990548828,78.38124550906724,11.742,52.0,0.6113,1.7667,12.85,-0.05323,-0.03815,0.00818,17.44694589050395,78.38124519297627,3.5,0
85.873,557.228,600.733,17.44693157898258,78.38124687069043,11.744,52.0,-1.218,2.8791,6.7374,-0.02787,0.04311,-0.00943,17.446923241430408,78.38123947357876,3.5,0
85.893,557.372,600.918,17.446933252759962,78.38124823254394,11.746,52.0,-2.3226,2.5301,6.3912,-0.01708,0.03738,-0.03938,17.44693273025749,78.38123738817987,3.5,0
85.913,557.517,601.103,17.446934926826156,78.38124959463244,11.748,52.0,-3.6045,0.4195,12.2732,0.0061,-0.00342,-0.00253,17.446925045396185,78.38123460657975,3.5,0
85.933,557.662,601.288,17.446936601186824,78.38125095696054,11.75,52.0,-2.0867,-2.1693,14.0118,0.01247,0.01498,-0.03786,17.44694771121385,78.38126776115318,3.5,0
85.953,557.806,601.473,17.446938275847597,78.38125231953282,11.752,52.0,0.5353,-2.8799,8.7837,-0.00262,0.02065,0.01791,17.44693630008162,78.38125032389213,3.5,0
85.973,557.951,601.659,17.446939950814045,78.3812536823538,11.754,52.0,2.0276,-2.7208,5.4061,-0.00674,0.01762,0.04044,17.44694617868601,78.38129338563904,3.5,0
85.993,558.096,601.844,17.446941626091704,78.381255045428,11.757,52.0,2.9608,-1.1069,9.2482,-0.00244,0.01386,-0.01358,17.446909651634197,78.38125068523492,3.5,0
86.013,558.241,602.029,17.44694330168605,78.38125640875987,11.759,52.0,2.5612,-0.0272,14.0843,0.01673,0.03588,0.00344,17.44691924817132,78.38124519214547,3.5,0
86.033,558.385,602.215,17.446944977602517,78.38125777235383,11.761,52.0,0.5238,2.0605,12.5339,-0.00658,-0.00174,0.02999,17.446958750985033,78.38127368419337,3.5,0
86.053,558.53,602.4,17.446946653846478,78.38125913621425,11.763,52.0,-1.3622,2.8137,7.0912,0.00173,0.03214,-0.01183,17.446933110821764,78.38129308606091,3.5,0
86.073,558.675,602.585,17.44694833042326,78.38126050034548,11.766,52.0,-2.2863,2.4418,5.7193,-0.0311,0.01714,-0.02245,17.446932350514626,78.38125207146427,3.5,0
86.093,558.82,602.771,17.44695000733815,78.38126186475179,11.768,52.0,-3.6338,1.5607,10.1981,-0.00434,-0.00093,0.01541,17.446935866842274,78.38127660192957,3.5,0
86.113,558.965,602.956,17.446951684596353,78.38126322943744,11.77,52.0,-3.0908,-0.7531,14.2282,-0.01832,0.00656,-0.04631,17.446954943095577,78.38124178975963,3.5,0
86.133,559.11,603.142,17.446953362203043,78.38126459440663,11.773,52.0,-1.1348,-2.2243,12.4937,-0.0005,-0.03602,-0.0521,17.44694564152934,78.38126034045135,3.5,0
86.153,559.255,603.327,17.446955040163335,78.38126595966354,11.775,52.0,1.3007,-2.8013,7.4289,-0.01519,0.04267,-0.05265,17.446947853675276,78.3812472586178,3.5,0
86.173,559.4,603.513,17.44695671848228,78.38126732521225,11.778,52.0,2.48,-2.9152,5.4725,-0.00078,0.00509,-0.00892,17.44694631149856,78.38127501621426,3.5,0
86.193,559.545,603.699,17.44695839716488,78.38126869105685,11.78,52.0,3.0895,-1.4621,8.8791,-0.02407,0.00492,-4e-05,17.446970400841927,78.38126512999035,3.5,0
86.213,559.69,603.884,17.44696007621608,78.38127005720135,11.783,52.0,2.9875,-0.4618,13.4452,-0.0287,-0.00336,-0.02073,17.446953125113527,78.38125878298843,3.5,0
86.233,559.835,604.07,17.446961755640757,78.38127142364974,11.786,52.0,1.0885,1.4198,13.9278,-0.02504,0.04266,-0.03591,17.44695649521215,78.38128900132105,3.5,0
86.253,559.98,604.256,17.446963435443738,78.38127279040593,11.788,52.0,0.3112,2.3625,9.9475,-0.02402,0.00347,0.00637,17.446950835299432,78.38125260897354,3.5,0
86.273,560.126,604.442,17.44696511562979,78.3812741574738,11.791,52.0,-1.3804,2.8417,5.944,-0.00264,0.02045,-0.02723,17.44697216716003,78.3813093551659,3.5,0
86.293,560.271,604.628,17.446966796203622,78.38127552485717,11.794,52.0,-2.8736,2.136,6.0701,0.00667,-0.02355,0.014,17.44699544517833,78.3812857000683,3.5,0
86.313,560.416,604.814,17.446968477169865,78.38127689255984,11.796,52.0,-2.7042,1.1287,10.0337,-0.00587,0.0605,0.03642,17.44697837083215,78.38129360667212,3.5,0
86.333,560.561,605.0,17.446970158533112,78.38127826058552,11.799,52.0,-3.1184,-0.0802,13.8082,-0.00637,0.001,0.03584,17.44698011392166,78.38130002856319,3.5,0
86.353,560.707,605.186,17.446971840297877,78.38127962893789,11.802,52.0,-1.0862,-1.376,13.8448,-0.00646,-0.01916,0.00967,17.446987751742792,78.38129442349509,3.5,0
86.373,560.852,605.372,17.44697352246861,78.38128099762058,11.805,52.0,0.0282,-2.4271,10.2674,0.01295,0.02752,0.00366,17.446966497143958,78.38125082079561,3.5,0
86.393,560.997,605.558,17.446975205049714,78.38128236663715,11.808,52.0,1.3441,-2.1388,6.3996,-0.02991,0.00979,-0.01368,17.44697255650884,78.38125477779262,3.5,0
86.413,561.143,605.744,17.446976888045505,78.38128373599115,11.811,52.0,2.6475,-2.977,5.559,-0.004,0.02286,0.00608,17.446946854553875,78.38126676309497,3.5,0
86.433,561.288,605.93,17.446978571460246,78.381285105686,11.814,52.0,3.2083,-1.8125,8.3171,-0.00538,0.04576,0.02108,17.446986847414145,78.38127767475659,3.5,0
86.453,561.434,606.116,17.446980255298133,78.38128647572516,11.817,52.0,3.6608,-1.2631,12.2977,0.00896,-0.00133,0.02942,17.446980223107445,78.3813095087468,3.5,0
86.473,561.579,606.303,17.446981939563294,78.38128784611196,11.82,52.0,2.0398,0.7746,14.3686,-0.02447,0.00843,0.039,17.446971690146984,78.38126380053902,3.5,0
86.493,561.725,606.489,17.44698362425979,78.38128921684971,11.823,52.0,1.0115,1.2905,13.0618,0.02308,0.01099,-0.01325,17.446986494353073,78.38127247922635,3.5,0
86.513,561.87,606.675,17.44698530939161,78.38129058794165,11.826,52.0,0.3653,2.3861,9.4816,-0.01082,-0.00593,0.03382,17.447014867064834,78.38128043570643,3.5,0
86.533,562.016,606.862,17.44698699496268,78.38129195939099,11.829,52.0,-1.6034,2.6287,6.2375,-0.03304,0.02551,-0.01485,17.44698769036797,78.38129357860258,3.5,0
86.553,562.162,607.048,17.44698868097685,78.38129333120085,11.832,52.0,-2.0395,2.6768,5.5061,-0.0191,-0.00778,0.01842,17.446991896155073,78.38130236941134,3.5,0
86.573,562.308,607.235,17.44699036743791,78.38129470337432,11.835,52.0,-2.3155,1.6955,7.6476,0.00511,0.02748,-0.00524,17.44701986593745,78.38127762353312,3.5,0
86.593,562.453,607.421,17.44699205434957,78.38129607591442,11.838,52.0,-3.2295,0.7243,11.1769,-0.013,0.02337,-0.02952,17.447011194129363,78.38132294557889,3.5,0
86.613,562.599,607.608,17.44699374171547,78.3812974488241,11.841,52.0,-2.3684,0.4355,13.8784,-0.02354,0.00453,0.04964,17.447008247887606,78.38130640174863,3.5,0
86.633,562.745,607.795,17.446995429539182,78.38129882210629,11.845,52.0,-2.2599,-1.083,14.2053,0.0181,0.00011,0.03425,17.447025527609778,78.38130308481036,3.5,0
86.653,562.891,607.981,17.446997117824207,78.38130019576381,11.848,52.0,-0.3917,-2.2842,12.0763,0.00181,-0.00057,-0.04402,17.44698280723192,78.38130271339799,3.5,0
86.673,563.037,608.168,17.446998806573966,78.38130156979946,11.851,52.0,0.584,-2.7226,8.7881,-0.01389,0.032,0.00726,17.44703224196458,78.38127634145707,3.5,0
86.693,563.183,608.355,17.447000495791816,78.38130294421596,11.854,52.0,1.8226,-2.161,6.14,-0.00454,0.0458,-0.0117,17.447016820487864,78.3813009119525,3.5,0
86.713,563.329,608.542,17.44700218548103,78.381304319016,11.858,52.0,2.2771,-2.7314,5.4544,0.00866,0.00521,0.01062,17.447022559437453,78.38130564311278,3.5,0
86.733,563.475,608.729,17.44700387564481,78.38130569420214,11.861,52.0,2.4494,-2.4009,6.9816,0.01423,-0.00248,0.01469,17.447014724049236,78.38131946917918,3.5,0
86.753,563.621,608.916,17.44700556628629,78.38130706977698,11.864,52.0,3.5148,-1.6364,9.8873,-0.0208,0.01057,0.02364,17.446992429884396,78.38132021457434,3.5,0
86.773,563.767,609.103,17.447007257408522,78.38130844574296,11.868,52.0,2.306,-0.6746,12.7553,0.00563,0.01022,-0.03156,17.446977611955024,78.3813330751204,3.5,0
86.793,563.913,609.29,17.447008949014478,78.38130982210254,11.871,52.0,2.4774,0.2477,14.3142,0.02847,0.0135,-0.05752,17.447015416349434,78.38131438734482,3.5,0
86.813,564.059,609.477,17.447010641107063,78.38131119885804,11.875,52.0,2.1957,0.8494,13.9567,-0.02187,0.01136,0.02188,17.447000927977815,78.38129063223552,3.5,0
86.833,564.206,609.664,17.447012333689102,78.3813125760118,11.878,52.0,0.9333,1.633,11.9234,-0.00147,0.01968,-0.03417,17.447000773073647,78.38133252588518,3.5,0
86.853,564.352,609.851,17.447014026763338,78.381313953566,11.881,52.0,0.62,2.2306,9.1156,-3e-05,0.0291,-0.01239,17.447007328706164,78.38134244771645,3.5,0
86.873,564.498,610.039,17.44701572033244,78.38131533152287,11.885,52.0,-0.7285,3.0227,6.6621,-0.01262,0.01894,-0.00291,17.44697460451778,78.38132548583881,3.5,0
86.893,564.645,610.226,17.447017414399003,78.38131670988449,11.888,52.0,-2.2403,2.5817,5.4683,-0.02719,0.03682,-0.00813,17.447001003868277,78.38134481802794,3.5,0
86.913,564.791,610.413,17.44701910896553,78.3813180886529,11.892,52.0,-2.6007,2.3474,5.9059,-0.02715,0.03922,0.02134,17.446994698095928,78.38132281030049,3.5,0
86.933,564.938,610.601,17.447020804034466,78.3813194678301,11.895,52.0,-3.006,2.4196,7.7508,-0.01355,0.00412,-0.04784,17.447001074718088,78.38131222921521,3.5,0
86.953,565.084,610.788,17.447022499608153,78.38132084741797,11.899,52.0,-3.7218,1.7597,10.3129,-0.02587,0.0103,-0.0331,17.447009276777255,78.38131182077474,3.5,0
86.973,565.231,610.976,17.447024195688872,78.38132222741838,11.903,52.0,-3.291,0.3569,12.7028,-0.03764,0.02028,-0.01856,17.44702177322758,78.38129919005877,3.5,0
86.993,565.377,611.164,17.447025892278816,78.38132360783312,11.906,52.0,-2.7243,-0.5797,14.1725,-0.0344,0.03933,-0.01046,17.447034138610526,78.38132035482944,3.5,0
87.013,565.524,611.351,17.4470275893801,78.38132498866392,11.91,52.0,-2.693,-1.4296,14.3026,-0.02003,0.00867,-0.04543,17.44705746882964,78.38130439531423,3.5,0
87.033,565.671,611.539,17.44702928699475,78.3813263699124,11.913,52.0,-1.0981,-1.4668,13.1109,-0.01314,0.05382,0.01671,17.447007128669895,78.38136784878613,3.5,0
87.053,565.817,611.727,17.44703098512472,78.38132775158017,11.917,52.0,-0.3766,-2.3436,11.003,-0.02111,0.00207,-0.04157,17.447049997149126,78.38131286855383,3.5,0
87.073,565.964,611.915,17.447032683771884,78.38132913366876,11.921,52.0,-0.0896,-2.7651,8.6179,-0.02735,-0.00035,-0.0389,17.447026502060172,78.3813476658126,3.5,0
87.093,566.111,612.103,17.447034382938025,78.3813305161796,11.924,52.0,1.5541,-3.0967,6.6227,0.01053,-0.0147,0.02222,17.446999576859227,78.38130553586697,3.5,0
87.113,566.258,612.291,17.447036082624855,78.3813318991141,11.928,52.0,2.3952,-3.05,5.53,-0.03097,0.02064,-0.01283,17.447020264936043,78.38132450358233,3.5,0
87.133,566.405,612.479,17.447037782833995,78.38133328247356,11.932,52.0,2.7697,-2.3999,5.5994,-0.00859,0.00234,0.03005,17.447049767600767,78.38132961149394,3.5,0
87.153,566.552,612.667,17.44703948356699,78.38133466625926,11.935,52.0,2.9462,-2.6824,6.7619,0.01487,0.01298,-0.09733,17.44704150461127,78.38132932971746,3.5,0
87.173,566.699,612.855,17.44704118482529,78.38133605047237,11.939,52.0,3.5218,-1.2521,8.6896,-0.00641,0.00742,-0.02327,17.447009931505843,78.38133538450082,3.5,0
87.193,566.846,613.043,17.447042886610284,78.38133743511402,11.943,52.0,3.5737,-1.2627,10.8918,0.03596,0.01588,0.02803,17.44704854768984,78.38135354344298,3.5,0
87.213,566.993,613.232,17.44704458892325,78.38133882018525,11.946,52.0,3.7816,0.2657,14.6434,0.00107,0.02845,-0.02329,17.447026783875803,78.38136720991476,3.5,0
87.233,567.14,613.42,17.447046291765414,78.38134020568705,11.95,52.0,2.4385,-0.2493,14.0983,-0.01361,0.01373,0.0132,17.447036967458427,78.38134463345258,3.5,0
87.253,567.287,613.608,17.447047995137886,78.38134159162034,11.954,52.0,2.3834,0.93,14.3998,-0.01821,0.01044,-0.02647,17.447043061164994,78.38133825898916,3.5,0
87.273,567.434,613.797,17.44704969904172,78.38134297798597,11.957,52.0,2.1382,1.3969,13.7117,0.00536,-0.00095,0.00964,17.44705103285805,78.38132574618683,3.5,0
87.293,567.582,613.985,17.447051403477865,78.3813443647847,11.961,52.0,0.7294,2.0094,12.2079,0.00371,0.05053,-0.0133,17.4470620182246,78.38134232348088,3.5,0
87.313,567.729,614.174,17.447053108447204,78.38134575201725,11.965,52.0,1.0767,3.0104,10.2322,0.00177,0.02461,0.05422,17.447058112062287,78.38132174049561,3.5,0
87.333,567.876,614.362,17.447054813950515,78.38134713968428,11.969,52.0,-0.6991,2.7563,8.2025,-0.02194,-0.01599,0.00114,17.44707084517746,78.38134363488442,3.5,0
87.353,568.024,614.551,17.447056519988514,78.38134852778634,11.972,52.0,-1.1674,2.4857,6.5428,-0.01434,-0.00277,-0.02305,17.44706361810938,78.38138945687707,3.5,0
87.373,568.171,614.74,17.447058226561822,78.38134991632396,11.976,52.0,-2.0755,2.4908,5.5774,-0.03633,0.03596,-0.0328,17.44706172858041,78.38137977165101,3.5,0
87.393,568.319,614.929,17.447059933670968,78.38135130529756,11.98,52.0,-2.2371,2.8496,5.4816,-0.01029,0.00254,0.01589,17.447053736793837,78.3813569648099,3.5,0
87.413,568.466,615.118,17.447061641316406,78.3813526947075,11.984,52.0,-3.4169,2.8386,6.2662,-0.00128,0.01322,0.02967,17.447049569884705,78.38137021110163,3.5,0
87.433,568.614,615.306,17.447063349498507,78.38135408455409,11.987,52.0,-3.1865,2.0265,7.7563,-0.02182,0.0149,-0.03023,17.447082952649907,78.38134435381099,3.5,0
87.453,568.762,615.495,17.447065058217547,78.38135547483756,11.991,52.0,-3.503,1.6977,9.6559,-0.01606,0.00383,0.03522,17.447055642203622,78.3813413044279,3.5,0
87.473,568.909,615.684,17.44706676747373,78.38135686555808,11.995,52.0,-2.9547,1.1041,11.5968,-0.01455,0.02502,0.01814,17.447095318838794,78.38134299186046,3.5,0
87.493,569.057,615.874,17.447068477267166,78.38135825671571,11.999,52.0,-2.4023,0.8263,13.2085,-0.00167,0.00917,-0.00189,17.447084263160775,78.38135487515106,3.5,0
87.513,569.205,616.063,17.44707018759788,78.38135964831051,12.003,52.0,-2.1922,-1.1329,14.1935,-0.03175,0.01685,-0.0067,17.44708775993957,78.38137732709656,3.5,0
87.533,569.353,616.252,17.44707189846582,78.38136104034241,12.006,52.0,-2.9279,-0.6795,14.3695,-0.01978,-0.00219,0.04004,17.447060205184368,78.3813419592981,3.5,0
87.553,569.501,616.441,17.447073609870838,78.38136243281131,12.01,52.0,-0.5916,-1.1022,13.7038,-0.03424,-0.0294,0.00681,17.447089420022582,78.38137275649378,3.5,0
87.573,569.648,616.631,17.447075321812715,78.381363825717,12.014,52.0,-0.6455,-2.5102,12.3211,-0.0144,-0.0034,0.00075,17.447106277215287,78.38137866379509,3.5,0
87.593,569.796,616.82,17.447077034291134,78.38136521905926,12.018,52.0,-0.3849,-2.7034,10.4893,-0.00209,-2e-05,-0.02445,17.44709563847117,78.38136906104695,3.5,0
87.613,569.944,617.009,17.447078747305696,78.38136661283775,12.021,52.0,0.6896,-2.9591,8.5439,0.00176,0.01445,-0.00607,17.44711460199647,78.38135539111367,3.5,0
87.633,570.093,617.199,17.447080460855926,78.38136800705207,12.025,52.0,1.3824,-3.0537,6.8497,0.00382,0.02747,0.05464,17.447089260649836,78.38137520974466,3.5,0
87.653,570.241,617.389,17.447082174941258,78.38136940170178,12.029,52.0,1.6636,-2.9647,5.7376,-0.01766,0.02465,-0.00777,17.447104849465603,78.3813726563028,3.5,0
87.673,570.389,617.578,17.447083889561036,78.38137079678633,12.033,52.0,2.5488,-2.5518,5.4251,0.01218,0.02554,0.04202,17.447093611787995,78.38138321924173,3.5,0
87.693,570.537,617.768,17.44708560471453,78.38137219230514,12.036,52.0,2.6569,-2.0459,5.9773,0.02877,-0.0056,-0.07117,17.44706298110454,78.38139246321809,3.5,0
87.713,570.685,617.958,17.44708732040092,78.38137358825752,12.04,52.0,3.0276,-1.5871,7.2999,-0.01336,0.0032,-0.01972,17.4471069086138,78.3813536380082,3.5,0
87.733,570.834,618.147,17.447089036619303,78.38137498464276,12.044,52.0,3.058,-1.8728,9.1414,-0.00659,0.01454,0.01926,17.447077395967693,78.3813824539751,3.5,0
87.754,570.982,618.337,17.44709075336869,78.38137638146006,12.048,52.0,2.739,-1.3151,11.1531,-0.01356,0.05225,0.01435,17.447068010022562,78.38138673280088,3.5,0
87.774,571.13,618.527,17.447092470648016,78.38137777870853,12.051,52.0,3.1868,0.1682,12.9247,-0.01584,0.07435,-0.03362,17.447087098954665,78.38138590250207,3.5,0
87.794,571.279,618.717,17.44709418845612,78.38137917638723,12.055,52.0,3.0214,0.5418,14.0898,-0.02156,0.00178,0.04163,17.447101030975414,78.38138776405488,3.5,0
87.814,571.427,618.907,17.447095906791766,78.38138057449515,12.059,52.0,2.511,0.9482,14.3911,0.0015,-0.00842,0.10099,17.447087099164378,78.38137486305405,3.5,0
87.834,571.576,619.097,17.447097625653633,78.38138197303124,12.062,52.0,2.0297,1.6898,13.7419,0.01414,-0.00977,0.05533,17.447116579199662,78.38136413344289,3.5,0
87.854,571.724,619.288,17.447099345040314,78.38138337199435,12.066,52.0,1.1392,2.0004,12.2558,-0.03506,-0.00505,0.03622,17.447084988083585,78.38135724463493,3.5,0
87.874,571.873,619.478,17.447101064950324,78.38138477138324,12.07,52.0,0.0419,2.6291,10.2334,0.00273,0.03775,-0.03531,17.447107905585504,78.38140259600637,3.5,0
87.894,572.022,619.668,17.44710278538209,78.38138617119667,12.073,52.0,-0.1715,2.5565,8.1147,-0.02581,0.02834,0.01625,17.4471007083661,78.38138648792466,3.5,0
87.914,572.17,619.858,17.447104506333964,78.38138757143327,12.077,52.0,-1.7835,2.9119,6.3921,-0.00141,-0.02804,0.00016,17.44710262838453,78.38139379835665,3.5,0
87.934,572.319,620.049,17.447106227804206,78.38138897209163,12.081,52.0,-2.2613,2.1547,5.4805,-0.00203,-0.02098,0.01709,17.447114078019546,78.38139179817432,3.5,0
87.954,572.468,620.239,17.447107949791,78.38139037317029,12.084,52.0,-2.8239,2.2683,5.6224,0.00087,0.03231,-0.04105,17.44712141240607,78.3813875168637,3.5,0
87.974,572.617,620.43,17.447109672292452,78.38139177466769,12.088,52.0,-2.3906,1.8882,6.8231,-0.00291,0.05482,0.01196,17.447114439048995,78.38141004937648,3.5,0
87.994,572.766,620.62,17.447111395306578,78.38139317658222,12.092,52.0,-2.6478,1.4857,8.8272,-0.01493,0.03378,-0.01482,17.447125932908882,78.3813880651448,3.5,0
88.014,572.914,620.811,17.447113118831318,78.38139457891222,12.095,52.0,-2.8262,0.6281,11.1408,-0.01216,-0.00389,-0.0134,17.44711997997699,78.38140694873462,3.5,0
88.034,573.063,621.002,17.447114842864533,78.38139598165593,12.099,52.0,-2.3705,0.0677,13.1513,0.01838,-0.0021,-0.0025,17.4471503694193,78.38139436810994,3.5,0
88.054,573.212,621.192,17.447116567404,78.38139738481155,12.102,52.0,-1.4913,0.5624,18.3858,-0.00655,0.01937,-0.04861,17.447084739987258,78.38136006560768,3.5,0
88.074,573.362,621.383,17.447118292447417,78.3813987883772,12.106,52.0,-1.6106,-0.9744,14.2022,0.00333,0.02921,0.03334,17.44705967351942,78.38138851417408,3.5,0
88.094,573.511,621.574,17.447120017992404,78.38140019235094,12.109,52.0,-1.026,-1.8716,12.8546,-0.01463,0.02331,0.01641,17.44712733166485,78.38141920193304,3.5,0
88.114,573.66,621.765,17.447121744036497,78.38140159673078,12.113,52.0,0.2293,-3.031,10.6054,-0.00958,-0.02406,-0.00255,17.447098853657984,78.38138598102847,3.5,0
88.134,573.809,621.956,17.447123470577164,78.38140300151466,12.116,52.0,0.7487,-3.0208,8.102,0.01199,0.01754,-0.0435,17.44712619272915,78.38141443862267,3.5,0
88.154,573.958,622.147,17.447125197611783,78.38140440670043,12.12,52.0,1.5076,-2.6758,6.1456,-0.02749,0.0217,-0.03963,17.44712904484519,78.38141026313737,3.5,0
88.174,574.108,622.338,17.447126925137656,78.3814058122859,12.123,52.0,2.6312,-2.9135,5.4111,-0.00845,0.02648,0.0266,17.44710058349104,78.38140741000316,3.5,0
88.194,574.257,622.529,17.447128653152014,78.38140721826883,12.127,52.0,3.327,-2.6209,6.208,-0.01219,0.00992,-0.02161,17.44713604063084,78.3814103163446,3.5,0
88.214,574.406,622.72,17.447130381652002,78.38140862464688,12.13,52.0,3.0222,-1.7977,8.3256,0.01531,0.05463,-0.0296,17.447140911451367,78.3814193138605,3.5,0
88.234,574.556,622.911,17.447132110634698,78.38141003141769,12.133,52.0,3.2944,-0.8865,11.0565,0.02457,0.01977,-0.04749,17.447123830839462,78.38141512676907,3.5,0
88.254,574.705,623.103,17.447133840097095,78.38141143857881,12.137,52.0,2.6179,-0.7457,13.3962,0.00594,-0.01047,-0.0011,17.447155673226277,78.38139409252875,3.5,0
88.274,574.855,623.294,17.447135570036117,78.38141284612772,12.14,52.0,1.4668,0.9321,14.4069,0.02002,0.01104,-0.028,17.447110280718086,78.3814317783063,3.5,0
88.294,575.004,623.485,17.447137300448606,78.38141425406187,12.143,52.0,1.7161,1.2213,13.6118,-0.02855,0.00767,-0.02077,17.44713253822542,78.38144627976298,3.5,0
88.314,575.154,623.677,17.447139031331332,78.38141566237861,12.147,52.0,0.8729,2.2027,11.2542,-0.06287,-0.02088,0.02693,17.447152971669993,78.38139315967975,3.5,0
88.334,575.303,623.868,17.447140762681,78.38141707107528,12.15,52.0,-0.3366,2.6317,8.2758,-0.00024,-0.01547,-0.00233,17.447156000212942,78.38140891941849,3.5,0
88.354,575.453,624.06,17.44714249449422,78.38141848014912,12.153,52.0,-2.246,2.5739,5.9893,0.00714,0.0405,-0.04758,17.447152754653796,78.38144600816784,3.5,0
88.374,575.603,624.251,17.447144226767552,78.38141988959732,12.157,52.0,-2.4517,2.1762,5.4901,-0.01585,0.00412,-0.01696,17.44713886860666,78.3814104607583,3.5,0
88.394,575.752,624.443,17.447145959497465,78.38142129941701,12.16,52.0,-3.758,1.9424,7.1122,-0.02024,0.0523,0.00578,17.447104700419544,78.38142991967953,3.5,0
88.414,575.902,624.635,17.44714769268037,78.38142270960529,12.163,52.0,-2.4969,1.9053,10.1551,-0.00203,0.00737,0.00962,17.447134637386235,78.38142082153531,3.5,0
88.434,576.052,624.827,17.4471494263126,78.38142412015914,12.166,52.0,-3.2276,-0.277,13.1216,0.01925,0.0322,0.05152,17.4471594823159,78.38144759055949,3.5,0
88.454,576.202,625.018,17.447151160390412,78.38142553107555,12.169,52.0,-1.6304,-0.0995,14.4115,-0.00229,0.03475,0.01706,17.44717232603849,78.38142117162924,3.5,0
88.474,576.352,625.21,17.44715289491,78.3814269423514,12.172,52.0,-0.7506,-1.8339,13.2298,0.01007,0.02404,0.00286,17.44717115183764,78.38139832933815,3.5,0
88.494,576.501,625.402,17.44715462986749,78.38142835398354,12.175,52.0,-0.2799,-2.4314,10.1285,0.00881,0.00331,0.02873,17.44718007605305,78.3814388593044,3.5,0
88.514,576.651,625.594,17.44715636525893,78.38142976596876,12.178,52.0,0.8696,-3.2335,6.8547,0.002,0.04043,0.02049,17.447189017491137,78.38144903356638,3.5,0
88.534,576.801,625.786,17.447158101080305,78.3814311783038,12.181,52.0,2.5435,-3.0195,5.4155,0.01499,-0.00486,-0.09161,17.447159192517496,78.38143820431753,3.5,0
88.554,576.951,625.978,17.447159837327533,78.38143259098531,12.184,52.0,2.7878,-2.3725,6.8297,-0.02115,0.01951,-0.02381,17.447163819240465,78.38141926981268,3.5,0
88.574,577.102,626.17,17.44716157399646,78.38143400400996,12.187,52.0,3.3896,-1.6746,10.3,-0.0207,0.04375,-0.00663,17.447154657723242,78.38142939791051,3.5,0
88.594,577.252,626.362,17.44716331108287,78.38143541737428,12.19,52.0,2.8092,-0.186,13.5518,-0.02025,0.02964,-0.04988,17.447152591201196,78.38143980898663,3.5,0
88.614,577.402,626.554,17.447165048582484,78.3814368310748,12.193,52.0,1.4092,0.9267,14.2753,-0.00349,0.00646,-0.02974,17.44715063612139,78.38144739349853,3.5,0
88.634,577.552,626.747,17.44716678649095,78.38143824510797,12.196,52.0,-0.0462,2.8255,11.8081,0.01749,0.00121,0.02327,17.447155758056272,78.3814517342078,3.5,0
88.654,577.702,626.939,17.44716852480385,78.38143965947022,12.199,52.0,-0.4979,2.2064,7.8616,0.00513,0.03593,-0.01467,17.44716956747759,78.3814368044734,3.5,0
88.674,577.852,627.131,17.447170263516714,78.38144107415788,12.202,52.0,-2.1199,2.7563,5.4745,-0.05939,0.04509,0.01291,17.447188516191225,78.3814498183649,3.5,0
88.694,578.003,627.323,17.447172002625,78.38144248916728,12.204,52.0,-3.0039,2.2653,6.651,0.05191,-0.00424,0.00563,17.44717718641343,78.38143067116992,3.5,0
88.714,578.153,627.516,17.4471737421241,78.38144390449466,12.207,52.0,-2.7527,0.6978,10.5768,0.00107,0.01902,0.03066,17.447173511279313,78.3814716017177,3.5,0
88.734,578.303,627.708,17.447175482009353,78.38144532013624,12.21,52.0,-2.0748,0.0728,13.9628,0.01687,0.02751,-0.01024,17.4471744942672,78.38141330262873,3.5,0
88.754,578.454,627.901,17.447177222276036,78.38144673608815,12.213,52.0,-1.5085,-1.6691,13.7489,0.00145,0.01231,0.03305,17.447168156630845,78.38147835747668,3.5,0
88.774,578.604,628.093,17.44717896291936,78.38144815234652,12.215,52.0,0.0129,-3.4723,9.9665,-0.03443,0.01508,0.0335,17.447173134331763,78.38142277719804,3.5,0
88.794,578.755,628.286,17.44718070393448,78.3814495689074,12.218,52.0,1.9282,-2.5641,6.0791,0.00355,0.02968,-0.03369,17.447157781535285,78.38144112149982,3.5,0
88.814,578.905,628.478,17.447182445316496,78.3814509857668,12.22,52.0,2.3748,-2.8914,5.9337,-0.03084,-0.00117,0.01184,17.447179263961896,78.38142442026641,3.5,0
88.834,579.056,628.671,17.44718418706044,78.38145240292069,12.223,52.0,3.4617,-1.8117,9.8504,-0.00013,0.02001,-0.00584,17.447181166733422,78.38146142050326,3.5,0
88.854,579.206,628.864,17.447185929161293,78.38145382036495,12.225,52.0,3.1424,0.3378,13.861,0.00286,0.00622,-0.01552,17.44717616234534,78.38146085416243,3.5,0
88.874,579.357,629.056,17.447187671613985,78.3814552380955,12.228,52.0,1.9247,1.3813,13.6034,0.01313,0.01387,0.04621,17.44718161045339,78.38144510231061,3.5,0
88.894,579.507,629.249,17.44718941441338,78.38145665610814,12.23,52.0,-0.862,2.8883,9.1927,-0.0146,0.04005,0.00518,17.447213904820195,78.38143379328736,3.5,0
88.914,579.658,629.442,17.447191157554293,78.38145807439865,12.233,52.0,-2.0721,3.2104,5.5751,-0.0548,0.03399,-0.0395,17.447188172601578,78.38147418902406,3.5,0
88.934,579.808,629.635,17.44719290103149,78.38145949296278,12.235,52.0,-3.1975,1.7808,7.113,-0.01122,0.00208,0.01083,17.44716273799967,78.38145512828143,3.5,0
88.954,579.959,629.828,17.447194644839666,78.3814609117962,12.237,52.0,-2.8776,0.9618,12.1142,0.00646,0.01457,0.00127,17.447203642142462,78.381462113931,3.5,0
88.974,580.11,630.021,17.447196388973488,78.38146233089458,12.24,52.0,-1.7261,-1.3223,14.37,-0.00569,0.03943,-0.02678,17.44721552252163,78.3814459498327,3.5,0
88.994,580.261,630.214,17.447198133427552,78.38146375025352,12.242,52.0,0.4523,-1.457,10.8187,-0.00738,-0.00238,0.02477,17.447226329587505,78.38147602421554,3.5,0
89.014,580.411,630.407,17.44719987819641,78.38146516986859,12.244,52.0,1.5757,-3.1228,6.0321,-0.01408,0.00333,0.01532,17.44717122386139,78.38146011979315,3.5,0
89.034,580.562,630.6,17.447201623274573,78.38146658973533,12.246,52.0,1.989,-3.0817,3.5313,0.00937,0.03777,-0.04755,17.447219593561954,78.38147132358024,3.5,0
89.054,580.713,630.793,17.44720336865649,78.3814680098492,12.249,52.0,3.7543,-0.4666,11.9049,0.02348,0.0111,0.01036,17.447205788946494,78.3814560187216,3.5,0
89.074,580.864,630.986,17.447205114336565,78.38146943020568,12.251,52.0,2.3236,1.1185,14.3282,-0.00962,-0.01401,-0.02141,17.447221792718622,78.38147704959803,3.5,0
89.094,581.015,631.179,17.44720686030916,78.38147085080017,12.253,52.0,0.7535,2.1033,10.1174,0.00938,0.0236,0.00379,17.44718604934799,78.3814677220782,3.5,0
89.114,581.166,631.372,17.447208606568587,78.38147227162803,12.255,52.0,-1.6581,2.6445,5.5724,0.01263,0.0154,-0.02353,17.447240898099064,78.38144263629462,3.5,0
89.134,581.317,631.565,17.447210353109114,78.3814736926846,12.257,52.0,-3.4033,0.9412,7.9296,-0.02236,0.03009,0.01431,17.447198359737975,78.381479563888,3.5,0
89.154,581.467,631.758,17.44721209992496,78.38147511396518,12.259,52.0,-3.2064,0.109,13.5499,-0.02408,0.02165,0.01967,17.447200455309375,78.38148582715581,3.5,0
89.174,581.618,631.951,17.447213847010314,78.38147653546505,12.26,52.0,-1.6629,-1.6822,13.0888,0.01541,0.02564,-0.01406,17.447212110630446,78.38145960698668,3.5,0
89.194,581.769,632.145,17.447215594359307,78.38147795717943,12.262,52.0,1.4776,-2.7751,7.1585,-0.0213,0.00036,-0.01733,17.447227350129076,78.38150154223702,3.5,0
89.214,581.92,632.338,17.447217341966034,78.38147937910351,12.264,52.0,3.4411,-3.6268,6.0896,-0.01187,0.02993,-0.0053,17.447213952997096,78.3814619293557,3.5,0
89.234,582.071,632.531,17.44721908982455,78.38148080123244,12.266,52.0,4.0247,-1.3096,11.9578,0.00124,0.05426,0.01114,17.447236938652075,78.38148902911564,3.5,0
89.254,582.223,632.725,17.447220837928874,78.38148222356139,12.268,52.0,1.646,0.1186,11.9646,-0.02501,-0.00601,-0.01285,17.447214484739174,78.38151118179408,3.5,0
89.274,582.374,632.918,17.447222586272975,78.38148364608543,12.269,52.0,0.0458,2.7136,8.2784,-0.00983,-0.00265,-0.00305,17.447221682415982,78.3815169551677,3.5,0
89.294,582.525,633.111,17.447224334850798,78.38148506879963,12.271,52.0,-2.6847,2.5473,5.7156,0.00017,0.03003,-0.04476,17.44720685932019,78.38146668563358,3.5,0
89.314,582.676,633.305,17.44722608365624,78.38148649169904,12.273,52.0,-3.424,0.7252,11.5595,-0.04447,0.01277,0.00461,17.447223904898756,78.38149990954282,3.5,0
89.334,582.827,633.498,17.447227832683172,78.38148791477865,12.274,52.0,-1.2346,-1.131,14.0604,-0.00515,-0.00488,-0.01968,17.447264382128324,78.38148048032254,3.5,0
89.354,582.978,633.692,17.447229581925416,78.38148933803345,12.276,52.0,1.0867,-3.1828,7.9089,-0.03456,-0.00806,0.00773,17.4472421653905,78.3814735073695,3.5,0
89.374,583.129,633.885,17.447231331376777,78.3814907614584,12.277,52.0,3.0154,-2.2054,6.0796,-0.01641,0.06976,0.01401,17.447285159813706,78.38149507523015,3.5,0
89.394,583.28,634.079,17.447233081031012,78.3814921850484,12.278,52.0,3.3711,-0.3737,12.6582,-0.01055,-0.01924,0.02517,17.44725665082255,78.38150915466862,3.5,0
89.414,583.432,634.272,17.447234830881854,78.3814936087984,12.28,52.0,1.5435,1.8246,13.1138,-0.04933,-0.00983,-0.0038,17.447240241775447,78.38149181094143,3.5,0
89.434,583.583,634.466,17.447236580923004,78.38149503270321,12.281,52.0,1.4515,5.5722,13.6228,-0.01491,0.02233,-0.01851,17.447218048708287,78.38146971594156,3.5,0
89.454,583.734,634.659,17.44723833114813,78.38149645675773,12.283,52.0,-2.4133,2.505,7.9589,-0.0365,-0.00829,0.04398,17.447259411740806,78.3814744769131,3.5,0
89.474,583.885,634.853,17.44724008155088,78.38149788095676,12.284,52.0,-2.1211,-0.3386,14.2883,-0.03665,0.01405,0.03142,17.447226161082476,78.38151064368016,3.5,0
89.494,584.037,635.047,17.44724183212486,78.38149930529512,12.285,52.0,0.4952,-2.9225,10.0123,-0.00843,-0.01518,-0.00377,17.447223956057552,78.38150787550877,3.5,0
89.514,584.188,635.24,17.44724358286366,78.38150072976758,12.286,52.0,2.9047,-2.5692,5.5503,0.01247,0.00698,0.03116,17.44724069951138,78.38150940527589,3.5,0
89.534,584.339,635.434,17.447245333760836,78.3815021543689,12.287,52.0,3.098,-0.4674,12.1473,0.00739,0.00516,0.01896,17.447232114962986,78.38148044365116,3.5,0
89.554,584.491,635.628,17.447247084809927,78.38150357909383,12.288,52.0,1.6582,1.4631,12.9877,-0.02174,-0.00363,0.05077,17.44726745906949,78.38149258697156,3.5,0
89.574,584.642,635.821,17.44724883600444,78.38150500393708,12.289,52.0,-2.1141,3.1287,5.8093,-0.03097,0.01513,0.0208,17.447238674280424,78.38149509357966,3.5,0
89.594,584.793,636.015,17.44725058733787,78.38150642889335,12.29,52.0,-2.5896,1.4701,9.6335,-0.01194,-0.00144,0.01079,17.44727256885918,78.38148554471302,3.5,0
89.614,584.945,636.209,17.447252338803676,78.38150785395733,12.291,52.0,-2.1734,-2.2434,14.1951,0.00753,0.02307,-0.01089,17.447257197926355,78.38150991527775,3.5,0
89.634,585.096,636.402,17.447254090395305,78.38150927912369,12.292,52.0,1.432,-2.7602,6.9374,0.00135,-0.00812,0.00945,17.44724961715675,78.38149685955423,3.5,0
89.654,585.247,636.596,17.44725584210618,78.38151070438707,12.293,52.0,2.9799,-2.0895,8.1137,-0.0282,0.02013,-0.02367,17.447253431675016,78.38150681003845,3.5,0
89.674,585.399,636.79,17.447257593929717,78.3815121297421,12.294,52.0,2.6166,0.9493,14.4131,-0.01684,0.0243,0.02944,17.447249558392024,78.38149835207082,3.5,0
89.694,585.55,636.984,17.447259345859294,78.38151355518343,12.294,52.0,-0.6659,2.9859,7.6366,-0.02358,0.02407,-0.02217,17.447271488111472,78.38149368185553,3.5,0
89.714,585.701,637.177,17.447261097888287,78.38151498070565,12.295,52.0,-3.5392,1.8965,7.6365,-0.06332,0.03549,0.01819,17.44726652026637,78.3814942838448,3.5,0
89.734,585.853,637.371,17.447262850010052,78.38151640630335,12.296,52.0,-3.9618,-3.0085,7.5122,0.01365,-0.01968,-0.00449,17.44724561105536,78.38150144066867,3.5,0
89.754,586.004,637.565,17.447264602217935,78.38151783197111,12.296,52.0,0.8636,-2.9271,7.4843,0.00303,-0.01437,0.02179,17.447250612056617,78.38152309930375,3.5,0
89.774,586.156,637.759,17.447266354505256,78.38151925770352,12.297,52.0,3.6804,-1.6893,8.1102,0.02201,-0.02115,0.02482,17.447249272150028,78.38150415060257,3.5,0
89.794,586.307,637.953,17.447268106865334,78.38152068349511,12.297,52.0,2.2202,1.2542,14.3167,0.01932,0.01843,0.0168,17.447280755377072,78.38152323665163,3.5,0
89.814,586.458,638.146,17.447269859291474,78.38152210934047,12.298,52.0,-0.9514,2.6302,6.5423,-0.00472,-0.00957,-0.00137,17.44729430119388,78.38154170134827,3.5,0
89.834,586.61,638.34,17.447271611776966,78.38152353523411,12.298,52.0,-3.3719,1.594,9.6597,0.01217,0.00099,0.01937,17.447291035268595,78.38152423814553,3.5,0
89.854,586.761,638.534,17.447273364315098,78.38152496117057,12.299,52.0,-1.4663,-1.9644,13.5328,-0.01327,0.02401,-0.03282,17.44728027151163,78.3815027849743,3.5,0
89.874,586.913,638.728,17.447275116899146,78.3815263871444,12.299,52.0,2.0376,-3.0585,5.5257,-0.0016,0.02655,0.04388,17.447295525576276,78.38151743314597,3.5,0
89.894,587.064,638.922,17.447276869522376,78.38152781315011,12.299,52.0,3.6356,-1.3073,12.2231,-0.01859,-0.03717,0.0305,17.447280629830065,78.38154647470233,3.5,0
89.914,587.216,639.116,17.44727862217805,78.38152923918221,12.3,52.0,1.299,2.2153,11.0756,-0.00772,0.01026,-0.03301,17.447286862958208,78.38152931768077,3.5,0
89.934,587.367,639.309,17.447280374859428,78.38153066523525,12.3,52.0,-2.8935,2.3596,6.067,0.00384,-0.00125,0.04428,17.447272186534033,78.38151754938251,3.5,0
89.954,587.519,639.503,17.447282127559763,78.38153209130368,12.3,52.0,-1.8297,-0.1906,14.326,0.00485,0.01424,-0.05615,17.44727404313449,78.38152290787254,3.5,0
89.974,587.67,639.697,17.447283880272302,78.38153351738205,12.3,52.0,0.3773,-2.5888,7.1743,-0.05413,0.01091,0.0202,17.447286042373662,78.38155717833389,3.5,0
89.994,587.821,639.891,17.447285632990294,78.38153494346487,12.3,52.0,2.9403,-1.6488,9.7581,0.00893,0.00523,-0.02589,17.447313194901078,78.38155212521366,3.5,0
90.014,587.973,640.085,17.44728738570699,78.38153636954662,12.3,52.0,0.9229,1.2285,12.8071,-0.0323,0.04279,0.00246,17.447313111390216,78.38153454140884,3.5,0
90.034,588.124,640.279,17.44728913841563,78.38153779562184,12.3,52.0,-2.84,2.5953,5.5453,-0.0185,0.01637,0.01574,17.447298846724493,78.38153463032053,3.5,0
90.054,588.276,640.473,17.447290891109475,78.38153922168499,12.3,52.0,-3.0546,0.0075,14.1138,-0.04311,-0.00216,0.03611,17.44728591133399,78.38154534733899,3.5,0
90.074,588.427,640.666,17.447292643781765,78.38154064773062,12.3,52.0,1.3564,-2.6097,7.3082,-0.02104,0.00299,0.0028,17.447277296819387,78.38152958160934,3.5,0
90.094,588.579,640.86,17.447294396425757,78.38154207375322,12.299,52.0,3.3257,-1.0021,10.1937,0.01986,-0.02703,-0.0092,17.447302466997,78.38155838241042,3.5,0
90.114,588.73,641.054,17.447296149034713,78.38154349974732,12.299,52.0,1.1073,1.8275,11.9302,-0.00033,-0.02529,-0.03164,17.447343279213232,78.38154468039535,3.5,0
90.134,588.882,641.248,17.4472979016019,78.38154492570743,12.299,52.0,-2.3356,1.9708,6.2081,-0.00496,-0.00015,0.00611,17.447285281594997,78.38152503978544,3.5,0
90.154,589.033,641.442,17.44729965412058,78.38154635162807,12.299,52.0,-1.782,-1.4305,14.3754,0.03096,0.01607,-0.03775,17.44729567614072,78.38156182911088,3.5,0
90.174,589.184,641.636,17.44730140658404,78.38154777750378,12.298,52.0,2.3614,-2.9766,5.6422,-0.02193,0.03184,0.02314,17.447315818801595,78.38153254081062,3.5,0
90.194,589.336,641.829,17.447303158985566,78.3815492033291,12.298,52.0,3.1222,-0.4494,13.2455,-0.00313,-0.01167,0.00748,17.44733007282637,78.38151858798614,3.5,0
90.214,589.487,642.023,17.44730491131845,78.38155062909858,12.297,52.0,-0.9418,2.5857,8.013,0.01608,0.01962,0.01495,17.44731691626933,78.3815687583348,3.5,0
90.234,589.639,642.217,17.447306663576008,78.38155205480676,12.297,52.0,-2.5495,1.013,10.228,0.01055,0.04325,0.03224,17.447304428284436,78.38156806780529,3.5,0
90.254,589.79,642.411,17.447308415751557,78.38155348044822,12.296,52.0,-0.4428,-2.5092,11.1228,0.00519,0.03552,0.01931,17.44729718341796,78.38154164774457,3.5,0
90.274,589.942,642.605,17.447310167838427,78.38155490601753,12.296,52.0,2.9154,-2.5105,7.4263,0.01485,0.02305,0.03954,17.44733144393246,78.38158812213955,3.5,0
90.294,590.093,642.798,17.44731191982997,78.38155633150927,12.295,52.0,1.5087,1.8352,13.3633,0.01025,-0.01833,-0.01615,17.447292433235003,78.38157135202522,3.5,0
90.314,590.244,642.992,17.447313671719545,78.38155775691804,12.294,52.0,-2.8379,2.2781,5.846,0.00512,-0.00295,0.00385,17.44727165155072,78.381521451636,3.5,0
90.334,590.396,643.186,17.447315423500534,78.38155918223848,12.293,52.0,-1.9628,-1.334,14.3286,-0.03205,0.02633,-0.02576,17.447344108243076,78.3815457236537,3.5,0
90.354,590.547,643.38,17.447317175166326,78.38156060746518,12.293,52.0,2.6263,-3.1996,5.4225,-0.00664,0.02127,-0.03847,17.447332790329305,78.38158283248697,3.5,0
90.374,590.698,643.573,17.447318926710338,78.38156203259278,12.292,52.0,2.8366,-0.2115,14.3411,0.01347,0.02141,-0.01624,17.44729424656444,78.38159892342904,3.5,0
90.394,590.85,643.767,17.447320678126005,78.38156345761597,12.291,52.0,-1.9697,3.092,5.6739,-0.02175,0.02665,-0.00092,17.4473329415671,78.38156178851696,3.5,0
90.414,591.001,643.961,17.447322429406775,78.3815648825294,12.29,52.0,-2.6856,-0.1365,13.9235,-0.02193,0.00204,0.0193,17.447314833605617,78.38157810805941,3.5,0
90.434,591.152,644.154,17.447324180546126,78.38156630732777,12.289,52.0,2.195,-3.6681,6.1307,-0.00681,2e-05,-0.0008,17.447302522217523,78.3815574489201,3.5,0
90.454,591.304,644.348,17.447325931537556,78.38156773200578,12.288,52.0,3.3014,-0.0251,13.4995,0.01341,0.0917,0.021,17.447330229223354,78.38157519691721,3.5,0
90.474,591.455,644.542,17.44732768237458,78.38156915655816,12.287,52.0,-0.2834,2.9408,6.4745,-0.02422,0.01459,0.0634,17.447314537531916,78.38156325728296,3.5,0
90.494,591.606,644.735,17.447329433050747,78.38157058097966,12.286,52.0,-2.2089,0.0393,13.2944,-0.02233,0.0357,-0.02931,17.447317830849197,78.38154285576024,3.5,0
90.514,591.758,644.929,17.447331183559626,78.38157200526504,12.284,52.0,2.0123,-2.3814,6.5404,-0.04494,0.00872,0.01779,17.447313708863682,78.38156911361285,3.5,0
90.534,591.909,645.122,17.447332933894817,78.38157342940912,12.283,52.0,2.579,-0.3172,13.3836,-0.02384,0.01521,-0.02478,17.44733646220636,78.3816224149207,3.5,0
90.554,592.06,645.316,17.447334684049935,78.38157485340666,12.282,52.0,-0.8933,1.9984,6.3137,0.00782,0.0026,0.02925,17.44735283413001,78.38156777471879,3.5,0
90.574,592.211,645.51,17.447336434018638,78.38157627725255,12.281,52.0,-0.5944,2.5449,20.3565,-0.02392,0.01221,0.02187,17.447320255509904,78.3815784737753,3.5,0
90.594,592.362,645.703,17.447338183794606,78.3815777009416,12.279,52.0,1.7109,-2.9331,5.8825,-0.02896,-0.01832,-0.04616,17.44734557838284,78.38158495950655,3.5,0
90.614,592.514,645.897,17.447339933371552,78.38157912446873,12.278,52.0,2.902,-0.1376,14.1882,-0.01526,0.02807,-0.0163,17.44734685798029,78.38157671041975,3.5,0
90.634,592.665,646.09,17.447341682743218,78.38158054782883,12.277,52.0,-1.4514,2.7357,5.4913,-0.01563,0.07656,0.07272,17.447321056075666,78.3815682110565,3.5,0
90.654,592.816,646.284,17.44734343190338,78.38158197101686,12.275,52.0,-1.8188,-1.7155,14.4253,0.00807,0.01352,-0.04181,17.447344863479607,78.38158842784571,3.5,0
90.674,592.967,646.477,17.447345180845854,78.38158339402774,12.274,52.0,2.3746,-2.4365,5.535,-0.03261,-0.02696,-0.03895,17.447359370755123,78.38159243703227,3.5,0
90.694,593.118,646.67,17.447346929564475,78.3815848168565,12.272,52.0,2.2322,0.7606,13.9892,-0.03951,-0.00612,0.01859,17.44736550749226,78.381586684663,3.5,0
90.714,593.269,646.864,17.447348678053125,78.38158623949816,12.27,52.0,-2.9313,1.605,6.5032,0.01456,0.04115,0.00053,17.44734703698717,78.38157618555853,3.5,0
90.734,593.42,647.057,17.447350426305718,78.38158766194773,12.269,52.0,-0.6156,-2.2638,12.4246,0.00192,-0.01634,-0.03817,17.4473329868284,78.38158237330664,3.5,0
90.754,593.571,647.25,17.44735217431621,78.38158908420034,12.267,52.0,3.2665,-1.7584,8.68,-0.03194,0.01831,0.02311,17.447354907353642,78.38157629583473,3.5,0
90.774,593.722,647.444,17.44735392207859,78.38159050625106,12.265,52.0,0.0544,2.2922,9.7199,0.01507,0.03405,0.02735,17.447358977513478,78.38160124683309,3.5,0
90.794,593.873,647.637,17.44735566958689,78.38159192809505,12.263,52.0,-2.6129,0.2657,11.699,-0.04767,0.02022,-0.04838,17.447343014222213,78.38159668005206,3.5,0
90.814,594.024,647.83,17.44735741683518,78.3815933497275,12.262,52.0,1.0157,-3.2481,6.7693,0.01048,-0.02628,0.06378,17.447328918548106,78.38159527114807,3.5,0
90.834,594.175,648.024,17.44735916381757,78.38159477114358,12.26,52.0,3.654,-0.4637,14.1002,0.0145,-0.00062,0.0309,17.447372223743116,78.38157805991317,3.5,0
90.854,594.326,648.217,17.44736091052821,78.38159619233856,12.258,52.0,-2.8178,2.3161,5.4415,0.02253,0.02997,0.01065,17.447365122837958,78.38157506851385,3.5,0
90.874,594.477,648.41,17.447362656961303,78.38159761330773,12.256,52.0,-1.6724,-1.2503,13.911,-0.03168,-0.00908,-0.02538,17.44734362907569,78.38159535094375,3.5,0
90.894,594.628,648.603,17.447364403111088,78.38159903404637,12.254,52.0,3.4133,-2.2885,7.3609,-0.00847,0.01816,-0.01963,17.447391290685147,78.38156390438387,3.5,0
90.914,594.779,648.796,17.447366148971845,78.38160045454987,12.252,52.0,0.6233,2.453,10.4459,-0.03734,-0.00911,-0.03104,17.447372569070783,78.38160843332453,3.5,0
90.934,594.93,648.989,17.44736789453791,78.38160187481358,12.25,52.0,-2.9642,1.1354,11.7246,0.02062,0.02406,-0.04291,17.44734176051808,78.38159794587817,3.5,0
90.954,595.081,649.182,17.447369639803654,78.38160329483294,12.248,52.0,1.6528,-3.3003,6.2816,0.00549,0.0127,0.00788,17.44737905058256,78.38158931618523,3.5,0
90.974,595.231,649.375,17.447371384763507,78.38160471460341,12.246,52.0,2.7022,0.3731,14.4315,-0.00633,0.01708,-0.00454,17.447393666203336,78.38157862693308,3.5,0
90.994,595.382,649.568,17.44737312941194,78.3816061341205,12.243,52.0,-2.6545,2.9857,6.0668,-0.0236,-0.0042,0.02889,17.447368335106194,78.3816074658131,3.5,0
91.014,595.533,649.761,17.447374873743478,78.38160755337975,12.241,52.0,0.0991,-1.8118,11.793,-0.01218,-0.00891,0.019,17.44740523979086,78.38161363234612,3.5,0
91.034,595.683,649.954,17.447376617752685,78.38160897237674,12.239,52.0,3.7364,-2.0219,10.8656,-0.00721,-0.03577,0.01647,17.44737453148352,78.38163332002208,3.5,0
91.054,595.834,650.147,17.447378361434193,78.3816103911071,12.237,52.0,-0.774,2.672,6.5068,0.01629,-0.00392,0.00389,17.447396654661215,78.38160143787506,3.5,0
91.074,595.985,650.34,17.44738010478267,78.3816118095665,12.234,52.0,-2.4609,-1.0266,14.425,0.00658,0.00162,-0.02336,17.447343582173243,78.38163536294704,3.5,0
91.094,596.135,650.532,17.44738184779285,78.38161322775063,12.232,52.0,3.0676,-2.2257,6.4055,-0.01445,0.01968,0.02216,17.447381639033086,78.38161572004337,3.5,0
91.114,596.286,650.725,17.44738359045951,78.38161464565526,12.229,52.0,0.3854,1.7542,10.7328,-0.02368,-0.02675,0.00914,17.44740435320551,78.38161788682086,3.5,0
91.134,596.437,650.918,17.447385332777483,78.3816160632762,12.227,52.0,-3.2598,-0.0019,12.3339,0.00115,0.04327,-0.00293,17.447353281033255,78.3816480385539,3.5,0
91.154,596.587,651.11,17.44738707474166,78.38161748060928,12.225,52.0,2.3315,-3.3118,5.5611,0.00911,-0.00426,-0.011,17.447413067321484,78.38162678630681,3.5,0
91.174,596.738,651.303,17.44738881634699,78.38161889765037,12.222,52.0,1.5729,0.969,13.7866,0.01365,0.00141,-0.0045,17.44740504049912,78.38162594417074,3.5,0
91.194,596.888,651.496,17.447390557588477,78.38162031439542,12.219,52.0,-2.7052,1.6566,8.9249,-0.02512,0.02056,-0.0282,17.447404896252902,78.38161119164083,3.5,0
91.214,597.038,651.688,17.447392298461175,78.38162173084042,12.217,52.0,0.7375,-3.4975,7.3905,-0.01465,0.00339,0.03972,17.447398817706194,78.38160034180541,3.5,0
91.234,597.189,651.881,17.44739403896021,78.3816231469814,12.214,52.0,3.3027,0.0879,14.4008,0.00581,0.02137,-0.04991,17.447377300559342,78.38163076406197,3.5,0
91.254,597.339,652.073,17.44739577908075,78.38162456281441,12.212,52.0,-3.0719,1.2209,6.6207,-0.02028,-0.00459,0.00635,17.447398871087678,78.38163140298843,3.5,0
91.274,597.49,652.266,17.44739751881804,78.38162597833559,12.209,52.0,0.3984,-2.374,9.6757,-0.00244,-0.00392,0.00337,17.447401480914323,78.38162224583748,3.5,0
91.294,597.64,652.458,17.447399258167376,78.38162739354112,12.206,52.0,3.3715,0.1701,13.6291,-0.00552,0.00342,0.01462,17.447364586159892,78.38162257877124,3.5,0
91.314,597.79,652.65,17.447400997124117,78.38162880842721,12.203,52.0,-2.5977,2.1122,5.6606,-0.02076,-0.00202,-0.01248,17.447393132237476,78.38160602102569,3.5,0
91.334,597.94,652.843,17.44740273568368,78.38163022299015,12.201,52.0,0.0715,-2.6259,11.3035,0.01956,0.01483,0.00851,17.44740013027479,78.38162205353323,3.5,0
91.354,598.091,653.035,17.447404473841555,78.38163163722626,12.198,52.0,2.7652,-0.5905,12.671,-0.00875,0.03381,0.03699,17.447413211601887,78.38164664029601,3.5,0
91.374,598.241,653.227,17.44740621159329,78.38163305113191,12.195,52.0,-1.5333,2.9568,5.4447,-0.02241,-0.03694,-0.01663,17.44739708247162,78.38163265675941,3.5,0
91.394,598.391,653.419,17.44740794893449,78.38163446470354,12.192,52.0,1.8015,0.9931,20.0341,0.01072,0.03217,0.03649,17.447400422053082,78.38161314168096,3.5,0
91.414,598.541,653.611,17.447409685860833,78.38163587793763,12.189,52.0,3.0745,-1.2507,12.1347,0.02459,0.01599,-0.00154,17.44739442126802,78.38163725817327,3.5,0
91.434,598.691,653.803,17.447411422368067,78.3816372908307,12.186,52.0,-2.1402,1.7535,5.4337,-0.00662,0.03884,0.01659,17.44745020962491,78.3816742636646,3.5,0
91.454,598.841,653.995,17.44741315845199,78.38163870337935,12.183,52.0,-0.3127,-2.7493,12.247,-0.0244,0.01651,-0.03746,17.44739360647844,78.38167332137499,3.5,0
91.474,598.991,654.187,17.447414894108487,78.38164011558024,12.18,52.0,3.0707,-0.9152,12.2103,-0.03512,0.02261,0.03245,17.44739133933386,78.38162198497534,3.5,0
91.494,599.141,654.379,17.447416629333492,78.38164152743005,12.177,52.0,-2.4024,2.1073,5.444,-0.00942,-0.01377,0.06418,17.44742715513154,78.38162108262799,3.5,0
91.514,599.291,654.571,17.44741836412302,78.38164293892552,12.174,52.0,-0.5333,-2.3492,11.7605,0.04119,0.03549,-0.02712,17.447405641351097,78.3816326461137,3.5,0
91.534,599.441,654.763,17.447420098473152,78.3816443500635,12.171,52.0,2.7539,-0.9328,12.8422,0.00242,-0.01254,-0.00548,17.44739738422265,78.38163599636627,3.5,0
91.554,599.59,654.955,17.447421832380034,78.38164576084083,12.168,52.0,-1.4025,2.1001,6.2632,-0.0219,0.00654,0.03427,17.44741843559444,78.38164061257666,3.5,0
91.574,599.74,655.146,17.44742356583988,78.38164717125443,12.165,52.0,-0.2393,-3.1258,10.5798,-0.01212,0.04915,-0.02989,17.447423123459536,78.38162059814766,3.5,0
91.594,599.89,655.338,17.44742529884899,78.38164858130128,12.162,52.0,3.3415,0.3568,13.7703,-0.02479,0.02332,0.02635,17.447433910316015,78.38165382687436,3.5,0
91.614,600.04,655.53,17.44742703140372,78.38164999097845,12.158,52.0,-2.5548,2.3576,6.3125,-0.0024,-0.00154,-0.03159,17.447430496024463,78.38163613873103,3.5,0
91.634,600.189,655.721,17.447428763500497,78.38165140028299,12.155,52.0,0.2604,-2.2234,8.728,-0.03947,0.00684,-0.01872,17.447430166509196,78.38165158539593,3.5,0
91.654,600.339,655.913,17.447430495135833,78.3816528092121,12.152,52.0,2.5815,0.5855,14.4048,-0.00094,0.02199,0.02072,17.44743856809841,78.38164637398964,3.5,0
91.674,600.489,656.104,17.4474322263063,78.38165421776296,12.149,52.0,-2.586,1.3573,8.058,-0.00805,0.03292,0.04058,17.44744587128523,78.38164587547273,3.5,0
91.694,600.638,656.296,17.447433957008556,78.38165562593288,12.145,52.0,1.4249,-2.5653,6.6407,0.02324,-0.01162,0.02746,17.447424660532388,78.38163079111244,3.5,0
91.714,600.788,656.487,17.44743568723932,78.38165703371916,12.142,52.0,2.3318,1.1142,13.8607,0.00207,0.02629,0.0117,17.447427166413306,78.38164829259837,3.5,0
91.734,600.937,656.678,17.447437416995392,78.38165844111921,12.139,52.0,-2.548,0.8607,10.8436,0.01136,0.00769,-0.02239,17.447449580621395,78.38163859835264,3.5,0
91.754,601.087,656.87,17.447439146273652,78.38165984813051,12.136,52.0,2.7737,-3.0432,5.4352,0.00653,-0.01099,0.00341,17.447434668983686,78.38163901927462,3.5,0
91.774,601.236,657.061,17.44744087507104,78.38166125475054,12.132,52.0,0.5978,0.6939,11.46,-0.00395,0.02584,-0.00446,17.447428317385924,78.38164005215052,3.5,0
91.794,601.385,657.252,17.44744260338459,78.3816626609769,12.129,52.0,-3.0468,0.3771,13.6088,0.00379,-0.0036,0.01761,17.4474316476201,78.38166605708396,3.5,0
91.814,601.535,657.443,17.447444331211404,78.38166406680723,12.125,52.0,2.8871,-2.3607,6.5221,-0.00352,-0.01135,0.00223,17.447420412794308,78.38163218532343,3.5,0
91.834,601.684,657.634,17.447446058548657,78.38166547223925,12.122,52.0,-0.4608,2.5226,7.8345,-0.03159,0.01252,-0.0133,17.447452827409645,78.38168444549734,3.5,0
91.854,601.833,657.825,17.447447785393607,78.38166687727069,12.118,52.0,-1.5136,-1.4712,14.2661,0.00272,0.01484,0.02228,17.44747764685242,78.38168458771908,3.5,0
91.874,601.982,658.016,17.44744951174359,78.38166828189942,12.115,52.0,2.5492,-1.5359,10.1328,-0.01246,0.0077,-0.00616,17.447465165848204,78.38170203998072,3.5,0
91.894,602.131,658.207,17.447451237596017,78.38166968612332,12.111,52.0,-1.8688,2.175,5.4619,0.02469,-0.01451,-0.01902,17.447440661363967,78.38165227834678,3.5,0
91.914,602.28,658.398,17.44745296294838,78.38167108994033,12.108,52.0,-0.2578,-2.2717,11.4017,-0.02443,0.04447,0.0019,17.44741915337166,78.38166924536272,3.5,0
91.934,602.43,658.588,17.447454687798245,78.3816724933485,12.104,52.0,2.8707,-0.7645,13.8211,-0.03565,0.02814,-0.02136,17.447437774926026,78.38166507525611,3.5,0
91.954,602.579,658.779,17.447456412143268,78.3816738963459,12.101,52.0,-2.2825,1.8414,7.0646,0.00792,0.02341,-0.01989,17.447454955983307,78.3816573456992,3.5,0
91.974,602.727,658.97,17.447458135981176,78.3816752989307,12.097,52.0,1.5283,-2.8702,6.8994,-0.05599,-0.00762,0.03716,17.447470951081602,78.3816612035669,3.5,0
91.994,602.876,659.16,17.447459859309774,78.38167670110111,12.094,52.0,2.2534,1.1261,13.6607,0.0105,0.0014,-0.03441,17.44747215625354,78.38169721869693,3.5,0
92.014,603.025,659.351,17.447461582126955,78.3816781028554,12.09,52.0,-2.9931,0.5882,11.8619,0.01095,-0.01729,0.04919,17.447454790678822,78.3816931644463,3.5,0
92.034,603.174,659.541,17.447463304430695,78.38167950419194,12.087,52.0,3.1847,-3.251,5.6433,-0.01497,0.00414,0.03804,17.447462290846556,78.38166821266563,3.5,0
92.054,603.323,659.732,17.447465026219035,78.38168090510912,12.083,52.0,0.5538,1.8626,9.0277,-0.01344,-0.01437,-0.03595,17.447455134548054,78.38168745043865,3.5,0
92.074,603.472,659.922,17.447466747490115,78.38168230560544,12.079,52.0,-1.4186,-1.1425,14.4009,-0.02941,-0.00219,0.00931,17.447458669721623,78.3816931750595,3.5,0
92.094,603.62,660.113,17.447468468242146,78.38168370567945,12.076,52.0,2.9808,-1.4221,9.8568,-0.02324,0.0598,0.01289,17.44747250568157,78.3816592658715,3.5,0
92.114,603.769,660.303,17.447470188473428,78.38168510532975,12.072,52.0,-2.0201,1.642,5.4499,-0.00383,0.06461,0.00672,17.44746178093792,78.38168067538028,3.5,0
92.134,603.918,660.493,17.44747190818234,78.38168650455502,12.068,52.0,-0.2328,-2.4356,10.8081,0.00364,0.01132,-0.0008,17.44745154685152,78.38170130126778,3.5,0
92.154,604.066,660.683,17.44747362736734,78.38168790335403,12.065,52.0,2.9718,-0.1468,14.2538,-0.01529,0.00223,-0.00887,17.447475185706814,78.38164289195208,3.5,0
92.174,604.215,660.873,17.447475346026977,78.38168930172557,12.061,52.0,-2.6547,1.3337,8.3831,-0.01699,0.03017,-0.02007,17.44748518227032,78.38168324382406,3.5,0
92.194,604.363,661.063,17.447477064159873,78.38169069966854,12.057,52.0,1.6307,-3.6666,5.8185,-0.00416,0.00664,-0.01074,17.447469264338736,78.38169151539242,3.5,0
92.214,604.512,661.253,17.44747878176474,78.38169209718188,12.054,52.0,1.0151,1.3889,12.0089,0.00696,0.0367,0.04041,17.447518000239036,78.38168412736164,3.5,0
92.234,604.66,661.443,17.447480498840378,78.38169349426462,12.05,52.0,-3.3614,-0.0062,13.8062,-0.00639,0.01754,0.05042,17.447479099960326,78.38168286274771,3.5,0
92.254,604.808,661.633,17.447482215385655,78.38169489091584,12.046,52.0,3.8704,-2.3153,7.4503,0.00047,0.03992,-0.05691,17.44746895032643,78.38170221072083,3.5,0
92.274,604.956,661.823,17.44748393139954,78.38169628713469,12.042,52.0,-1.4275,2.3179,6.2901,-0.0121,0.03959,0.00383,17.447513536984108,78.38169658094877,3.5,0
92.294,605.105,662.013,17.44748564688107,78.3816976829204,12.039,52.0,-0.7968,-2.2564,12.7108,-0.04522,-0.00126,0.00458,17.447508830604384,78.38165727805834,3.5,0
92.314,605.253,662.202,17.44748736182938,78.38169907827226,12.035,52.0,3.007,-0.3206,13.3602,0.00927,0.00587,0.01092,17.447526567122168,78.3816925782489,3.5,0
92.334,605.401,662.392,17.447489076243688,78.38170047318962,12.031,52.0,-2.2985,1.9782,6.9151,-0.05432,0.01896,-0.00735,17.447488522338098,78.38167374143586,3.5,0
92.354,605.549,662.581,17.447490790123283,78.38170186767194,12.027,52.0,0.3565,-3.1535,6.6758,-0.02757,0.04719,0.02305,17.4474848054834,78.38170371797571,3.5,0
92.374,605.697,662.771,17.447492503467547,78.38170326171868,12.024,52.0,1.4521,1.8593,13.1113,-0.00424,0.04681,0.037,17.44749124662427,78.3816880260053,3.5,0
92.394,605.845,662.96,17.447494216275956,78.38170465532943,12.02,52.0,-2.772,0.382,13.0478,-0.02112,0.01251,0.02728,17.447504537610865,78.3817124292138,3.5,0
92.414,605.993,663.15,17.44749592854805,78.38170604850382,12.016,52.0,3.1111,-2.2186,7.0264,-0.00662,0.00929,-0.06668,17.44751564870791,78.38166570871401,3.5,0
92.434,606.141,663.339,17.447497640283476,78.38170744124153,12.012,52.0,-0.2179,2.4671,6.9177,0.01934,0.02558,0.00228,17.447514265593277,78.38170251621027,3.5,0
92.454,606.289,663.528,17.447499351481948,78.38170883354238,12.009,52.0,-1.4331,-1.7495,13.3111,-0.03969,0.01832,-0.00809,17.44749962740417,78.38170784254726,3.5,0
92.474,606.437,663.717,17.447501062143274,78.38171022540617,12.005,52.0,3.5523,-0.6143,12.8482,-0.0035,0.02274,-0.00707,17.447512883200762,78.38168135451791,3.5,0
92.494,606.585,663.907,17.44750277226735,78.38171161683283,12.001,52.0,-2.513,2.3441,6.4752,-0.041,0.01586,0.00863,17.447486947647953,78.38172095901434,3.5,0
92.514,606.732,664.096,17.44750448185414,78.38171300782234,11.997,52.0,1.8234,-2.7482,7.0687,-0.01335,-0.03387,-0.03979,17.447489588116607,78.38172626693789,3.5,0
92.534,606.88,664.285,17.44750619090371,78.38171439837474,11.994,52.0,1.3554,0.8903,13.4269,-0.02224,0.01718,0.06237,17.447508435907597,78.38171779449021,3.5,0
92.554,607.028,664.474,17.44750789941621,78.38171578849015,11.99,52.0,-3.0767,-0.3162,12.7278,-0.03771,0.0126,0.0738,17.447471797444535,78.38170079885376,3.5,0
92.574,607.175,664.663,17.44750960739186,78.38171717816878,11.986,52.0,3.5517,-2.8991,6.3859,0.01834,0.01222,0.01966,17.447509662166535,78.38168547947706,3.5,0
92.594,607.323,664.851,17.447511314830987,78.38171856741086,11.982,52.0,-0.6266,2.8163,7.1859,-0.00199,0.0228,-0.00687,17.44752694906411,78.38170586159751,3.5,0
92.614,607.47,665.04,17.447513021733982,78.38171995621673,11.978,52.0,-1.9394,-2.7415,13.0793,0.01965,-0.01376,0.03355,17.447519377951178,78.38172447099213,3.5,0
92.634,607.618,665.229,17.447514728101332,78.38172134458677,11.975,52.0,3.059,-0.6763,12.6044,-0.02387,0.02551,-0.0139,17.447537562815373,78.38174678877832,3.5,0
92.654,607.765,665.418,17.447516433933604,78.38172273252144,11.971,52.0,-1.0563,3.9966,10.9483,0.01392,0.00185,0.04496,17.4475095973718,78.38172979065999,3.5,0
92.674,607.912,665.606,17.447518139231455,78.38172412002129,11.967,52.0,1.5365,-2.6157,7.3465,0.00202,-0.01941,0.06621,17.447494485764608,78.38169081168074,3.5,0
92.694,608.06,665.795,17.44751984399562,78.38172550708691,11.963,52.0,1.4597,1.2844,13.651,-0.0338,0.02751,0.0023,17.447507021827693,78.38172367483146,3.5,0
92.714,608.207,665.983,17.447521548226923,78.38172689371898,11.96,52.0,-3.9961,-0.2782,12.388,-0.02864,0.02445,0.02698,17.44752305578395,78.38173022317406,3.5,0
92.734,608.354,666.172,17.447523251926267,78.38172827991822,11.956,52.0,3.2445,-3.0697,6.1063,-0.029,-0.02123,0.03899,17.447550715601768,78.38169812185615,3.5,0
92.754,608.501,666.36,17.447524955094647,78.38172966568546,11.952,52.0,-1.0926,1.9346,7.6319,-0.00193,-0.0161,-0.008,17.44755580197042,78.38172284186085,3.5,0
92.774,608.648,666.548,17.447526657733135,78.38173105102153,11.949,52.0,-2.1859,-1.9676,13.8617,-0.00262,-0.01144,-0.00595,17.44749398989324,78.38174598615329,3.5,0
92.794,608.796,666.737,17.447528359842888,78.38173243592742,11.945,52.0,2.2171,-1.1088,11.9949,0.02271,-0.01842,-0.00658,17.447524797611397,78.38173524065499,3.5,0
92.814,608.943,666.925,17.44753006142515,78.38173382040412,11.941,52.0,-2.1381,1.6703,5.8629,-0.02624,0.00133,0.02277,17.447517584499888,78.38171509615121,3.5,0
92.834,609.09,667.113,17.447531762481244,78.3817352044527,11.937,52.0,0.9304,-2.4018,8.1687,0.00224,0.02592,-0.00251,17.447521080655005,78.38174455150735,3.5,0
92.854,609.237,667.301,17.447533463012576,78.38173658807432,11.934,52.0,1.9748,0.4115,14.1467,-0.0029,0.02587,-0.0075,17.44752975847445,78.38173485081435,3.5,0
92.874,609.383,667.489,17.447535163020643,78.38173797127018,11.93,52.0,-2.3625,1.1698,11.2963,-0.02273,0.0035,0.06333,17.44752271759198,78.38175880231645,3.5,0
92.894,609.53,667.677,17.44753686250701,78.38173935404158,11.926,52.0,3.0276,-2.4089,5.5711,0.00795,-0.02102,0.00304,17.44754654454702,78.38171239649174,3.5,0
92.914,609.677,667.865,17.44753856147334,78.38174073638984,11.923,52.0,0.5831,2.6158,9.0667,-0.01372,0.01915,-0.00877,17.447565251572104,78.3817319076275,3.5,0
92.934,609.824,668.053,17.447540259921368,78.3817421183164,11.919,52.0,-2.4272,-1.5494,14.3973,-0.00442,0.02494,0.04337,17.44756626475319,78.38170971258083,3.5,0
92.954,609.971,668.241,17.447541957852913,78.38174349982273,11.916,52.0,3.433,-1.4557,10.1705,-0.00472,0.00036,-0.00941,17.447529112558833,78.38172814965493,3.5,0
92.974,610.117,668.428,17.44754365526988,78.38174488091038,11.912,52.0,-2.6277,1.8769,5.4376,-0.01969,-0.0075,0.01566,17.447541356837785,78.38175955101134,3.5,0
92.994,610.264,668.616,17.447545352174245,78.38174626158094,11.908,52.0,-0.0253,-2.3175,10.4591,0.00051,0.01388,0.00496,17.447571205116244,78.3817635403507,3.5,0
93.014,610.41,668.804,17.44754704856808,78.38174764183611,11.905,52.0,2.6385,0.1632,14.3335,0.00408,-0.00472,0.00782,17.44755489439274,78.3817815072396,3.5,0
93.034,610.557,668.991,17.44754874445352,78.38174902167765,11.901,52.0,-2.6601,1.2419,8.5356,0.01456,-0.02808,-0.06823,17.447569653226914,78.38173713406944,3.5,0
93.054,610.703,669.179,17.4475504398328,78.38175040110735,11.898,52.0,4.9667,0.3582,15.6997,-0.01398,-0.01259,0.01616,17.447560721097247,78.38178039252249,3.5,0
93.074,610.85,669.366,17.447552134708218,78.38175178012709,11.894,52.0,1.368,0.7071,12.268,-0.01137,-0.00271,0.02831,17.447568778709016,78.38177077782976,3.5,0
93.094,610.996,669.553,17.44755382908216,78.3817531587388,11.891,52.0,-2.3433,-0.5777,13.452,-0.03085,0.03699,0.02832,17.447545795277204,78.38174791921571,3.5,0
93.114,611.143,669.741,17.44755552295709,78.3817545369445,11.887,52.0,4.0581,-2.068,6.6653,-0.01792,-0.00361,0.06286,17.44754509828069,78.38175786725874,3.5,0
93.134,611.289,669.928,17.44755721633555,78.38175591474625,11.884,52.0,-0.8245,2.2821,7.3536,-0.02278,0.00033,-0.02283,17.447526251550247,78.38174698083117,3.5,0
93.154,611.435,670.115,17.44755890922016,78.38175729214618,11.88,52.0,-1.8052,-1.7406,13.9779,-0.00246,0.01727,-0.02566,17.44753963906273,78.38177093536707,3.5,0
93.174,611.582,670.303,17.447560601613617,78.38175866914649,11.877,52.0,3.5317,-1.0189,11.2004,0.00747,0.01782,0.02721,17.447554510322945,78.38173393585454,3.5,0
93.194,611.728,670.49,17.447562293518697,78.38176004574943,11.873,52.0,-2.4363,3.0659,5.4628,0.01301,-0.01455,-0.01775,17.447531110759297,78.38174694426733,3.5,0
93.214,611.874,670.677,17.44756398493826,78.38176142195735,11.87,52.0,0.7277,-2.1616,10.3068,0.01579,0.00763,0.04673,17.447578413005157,78.38176432685059,3.5,0
93.234,612.02,670.864,17.44756567587523,78.3817627977726,11.866,52.0,2.7105,-0.281,14.2589,0.00478,0.04159,0.02486,17.447566422563522,78.38176536527043,3.5,0
93.254,612.166,671.051,17.447567366332613,78.38176417319764,11.863,52.0,-3.0624,0.8313,7.8035,-0.00807,0.02103,0.0236,17.44756272009661,78.38176535935864,3.5,0
93.274,612.312,671.238,17.447569056313494,78.38176554823498,11.86,52.0,1.4015,-2.1398,6.5467,-0.03764,0.02675,0.01054,17.447566968757595,78.38174617258207,3.5,0
93.294,612.458,671.424,17.447570745821032,78.3817669228872,11.856,52.0,2.0279,2.1847,13.6076,0.00189,0.02591,-0.00065,17.44758917254193,78.38174713560076,3.5,0
93.314,612.604,671.611,17.447572434858454,78.3817682971569,11.853,52.0,-2.9368,0.6515,11.5558,-0.02588,-0.00571,0.02541,17.447556515415595,78.38176094111357,3.5,0
93.334,612.75,671.798,17.447574123429067,78.38176967104678,11.85,52.0,2.3901,-3.4361,5.4584,-0.01244,0.03596,0.02833,17.44755440696247,78.38173499742447,3.5,0
93.354,612.896,671.985,17.447575811536257,78.38177104455961,11.847,52.0,1.2019,2.4345,10.6791,-0.01006,-0.00074,0.0202,17.447568189640435,78.38178565402234,3.5,0
93.374,613.042,672.171,17.44757749918347,78.38177241769819,11.843,52.0,-2.7845,-0.4949,13.9746,-0.02582,0.00349,0.00076,17.447601822426265,78.38178594071644,3.5,0
93.394,613.187,672.358,17.447579186374234,78.38177379046537,11.84,52.0,3.2606,-2.4876,6.8452,-0.0236,0.00619,-0.0472,17.447566735867714,78.3817824606832,3.5,0
93.414,613.333,672.545,17.447580873112152,78.3817751628641,11.837,52.0,-0.2574,2.7866,7.7758,-0.00654,0.04043,-0.00767,17.447585405258668,78.38177566067446,3.5,0
93.434,613.479,672.731,17.44758255940089,78.38177653489737,11.834,52.0,-2.4419,-1.159,14.3657,-0.01126,0.04515,-0.00271,17.447573144010494,78.38177145730725,3.5,0
93.454,613.625,672.918,17.447584245244183,78.3817779065682,11.831,52.0,3.6513,-2.3033,9.1503,-0.01206,-0.01605,0.02254,17.447549862375613,78.38174817990716,3.5,0
93.474,613.77,673.104,17.44758593064585,78.3817792778797,11.828,52.0,-1.7295,2.4008,6.0512,-0.02217,0.02296,0.05588,17.447568227676953,78.38179249115416,3.5,0
93.494,613.916,673.29,17.44758761560977,78.38178064883505,11.825,52.0,-0.7976,-1.6142,13.4779,0.01181,-0.03374,-0.03657,17.44756991113957,78.38178342842903,3.5,0
93.514,614.061,673.477,17.447589300139892,78.38178201943742,11.821,52.0,3.0644,-1.0476,11.1434,-0.03886,0.03109,-0.01052,17.44759354360874,78.38180883435227,3.5,0
93.534,614.207,673.663,17.447590984240232,78.38178338969011,11.818,52.0,-1.5487,2.5829,5.471,0.03319,-0.00303,-0.01444,17.447603889141917,78.38178285346144,3.5,0
93.554,614.352,673.849,17.44759266791488,78.38178475959644,11.815,52.0,-0.1529,-1.8772,12.3056,-0.0076,0.02299,-0.02205,17.447562612800862,78.38178140458355,3.5,0
93.574,614.498,674.035,17.447594351167986,78.38178612915979,11.813,52.0,3.6896,-0.9845,12.3988,-0.02096,0.02702,0.01866,17.447592731202604,78.38177158382665,3.5,0
93.594,614.643,674.221,17.447596034003773,78.3817874983836,11.81,52.0,-2.0198,2.457,5.4748,-0.03882,-0.01045,0.02363,17.44759316530869,78.38179577332092,3.5,0
93.614,614.789,674.407,17.447597716426525,78.38178886727134,11.807,52.0,-0.3678,-3.7825,11.4773,-0.03116,0.03284,0.00194,17.447631196738115,78.38179814183367,3.5,0
93.634,614.934,674.593,17.447599398440598,78.38179023582656,11.804,52.0,3.0373,-0.7932,12.9518,-0.00383,8e-05,0.02487,17.447598888344636,78.38181276676072,3.5,0
93.654,615.079,674.779,17.4476010800504,78.38179160405285,11.801,52.0,-1.6297,2.6487,5.5504,-0.01662,-0.02576,0.08572,17.44761713854188,78.38180704810732,3.5,0
93.674,615.225,674.965,17.447602761260416,78.38179297195386,11.798,52.0,-0.4702,-2.6209,11.2519,-0.03467,0.01897,0.02116,17.44757861250594,78.38178551076538,3.5,0
93.694,615.37,675.151,17.447604442075185,78.38179433953327,11.795,52.0,2.8565,-0.7914,12.9354,-0.03356,0.02139,-0.05368,17.447597684470356,78.38177107108568,3.5,0
93.714,615.515,675.337,17.447606122499316,78.38179570679485,11.793,52.0,-1.8952,1.9687,5.4961,-0.02078,0.0338,0.0177,17.44758045280464,78.3818126509529,3.5,0
93.734,615.66,675.523,17.447607802537476,78.38179707374239,11.79,52.0,-0.6889,-1.9534,11.7184,-0.01683,-0.01185,0.01836,17.44759993844601,78.38178950028338,3.5,0
93.754,615.805,675.709,17.447609482194387,78.38179844037973,11.787,52.0,2.9724,-0.602,12.3298,0.00724,-0.03017,-0.0209,17.44760816805902,78.3817917580216,3.5,0
93.774,615.95,675.894,17.447611161474846,78.38179980671076,11.785,52.0,-2.4999,2.8205,5.4366,-0.01863,0.00397,0.01057,17.447582978837165,78.38179466184087,3.5,0
93.794,616.096,676.08,17.447612840383695,78.38180117273944,11.782,52.0,-0.9988,-2.7622,12.8012,0.04295,0.00851,0.02208,17.44762674489972,78.38183407716953,3.5,0
93.814,616.241,676.266,17.44761451892584,78.38180253846977,11.779,52.0,3.4235,-1.3384,10.9322,-0.00331,-0.00668,0.00568,17.447623403664966,78.38181046994724,3.5,0
93.834,616.386,676.451,17.447616197106246,78.38180390390576,11.777,52.0,-1.3288,2.4735,5.8866,0.00595,-0.0032,0.0416,17.447630331467064,78.3818174922335,3.5,0
93.854,616.531,676.637,17.447617874929936,78.38180526905151,11.774,52.0,-1.0834,-1.658,14.0412,0.01578,0.00687,0.01318,17.447621044392523,78.38183011583446,3.5,0
93.874,616.676,676.822,17.447619552401985,78.38180663391115,11.772,52.0,3.6553,-2.1458,8.6268,-0.0356,-0.02668,0.00327,17.447601702409937,78.38181171598532,3.5,0
93.894,616.82,677.008,17.44762122952753,78.38180799848888,11.77,52.0,-0.6527,2.3802,7.6267,-0.01975,-0.0017,-0.03931,17.44763589841897,78.38179907343363,3.5,0
93.914,616.965,677.193,17.447622906311757,78.38180936278887,11.767,52.0,-2.3005,-0.3501,14.3218,-0.01284,0.02618,-0.03995,17.447607590632405,78.38178697660476,3.5,0
93.934,617.11,677.379,17.447624582759904,78.38181072681543,11.765,52.0,3.2887,-3.3218,6.1474,0.01552,0.03845,-0.03023,17.44759934481339,78.38180323899445,3.5,0
93.954,617.255,677.564,17.447626258877275,78.38181209057285,11.762,52.0,1.153,2.8076,10.9575,-0.00821,-0.01389,0.02407,17.447618310750475,78.38181713252587,3.5,0
93.974,617.4,677.75,17.447627934669207,78.3818134540655,11.76,52.0,-2.7638,0.6699,12.1667,-0.00537,0.01326,-0.00904,17.44762407023688,78.38182224562281,3.5,0
93.994,617.545,677.935,17.447629610141107,78.38181481729774,11.758,52.0,1.9532,-2.9879,5.6706,0.01033,0.04688,-0.02756,17.447631962651794,78.38180938529172,3.5,0
94.014,617.689,678.12,17.447631285298417,78.38181618027401,11.756,52.0,1.6747,1.4554,14.1164,0.0098,0.02848,0.0004,17.447615950898197,78.38180468228816,3.5,0
94.034,617.834,678.305,17.447632960146642,78.3818175429988,11.754,52.0,-3.4002,1.1501,7.7428,0.02367,0.02152,0.00135,17.447657974657194,78.38181245506564,3.5,0
94.054,617.979,678.491,17.447634634691326,78.38181890547663,11.751,52.0,0.7751,-2.9967,9.2574,-0.03683,-0.01126,-0.01943,17.44764240768439,78.38181176152709,3.5,0
94.074,618.123,678.676,17.447636308938065,78.38182026771203,11.749,52.0,3.4535,-0.5263,13.1283,-0.01922,0.04204,0.01243,17.447647165917882,78.38184005842369,3.5,0
94.094,618.268,678.861,17.447637982892505,78.3818216297096,11.747,52.0,-1.5709,3.1096,5.5005,-0.01525,0.002,0.05305,17.44765557289881,78.38184104295036,3.5,0
94.114,618.413,679.046,17.447639656560334,78.38182299147398,11.745,52.0,-1.522,-1.5292,14.0378,-0.02376,0.00101,-0.02649,17.447644362141197,78.38183018199875,3.5,0
94.134,618.557,679.231,17.44764132994728,78.38182435300982,11.743,52.0,3.8949,-1.9841,7.4682,0.00085,0.02636,0.0161,17.44764644295117,78.38181514084617,3.5,0
94.154,618.702,679.416,17.447643003059127,78.38182571432182,11.741,52.0,0.1283,2.0198,10.0907,0.00623,0.00835,-0.03268,17.447640022466683,78.38182892660572,3.5,0
94.174,618.846,679.601,17.4476446759017,78.38182707541473,11.739,52.0,-2.4566,0.7355,12.026,-0.04323,0.0216,0.04487,17.447642195984013,78.38184531381494,3.5,0
94.194,618.991,679.786,17.447646348480855,78.38182843629333,11.738,52.0,2.4969,-1.3208,8.6363,0.00558,0.02937,-0.03087,17.447656295625883,78.3818304180291,3.5,0
94.214,619.135,679.971,17.447648020802504,78.38182979696239,11.736,52.0,2.4119,0.8639,14.4,-0.02108,0.02709,-0.05205,17.447627800130093,78.3818343471736,3.5,0
94.234,619.28,680.156,17.447649692872595,78.38183115742679,11.734,52.0,-2.1005,2.319,5.679,-0.007,0.00443,0.01418,17.447633015480854,78.38183846290178,3.5,0
94.255,619.424,680.341,17.44765136469711,78.38183251769136,11.732,52.0,-0.8329,-1.6217,13.2028,-0.02565,0.05035,-0.02524,17.44768557465814,78.38183250091505,3.5,0
94.275,619.569,680.526,17.447653036282077,78.38183387776104,11.731,52.0,3.5401,-1.7491,8.1248,0.00842,0.08641,0.06738,17.447648981240686,78.38184198130904,3.5,0
94.295,619.713,680.711,17.447654707633557,78.38183523764074,11.729,52.0,0.3615,2.4748,10.1053,-0.02559,0.01729,-0.03353,17.44770828245387,78.38181201326006,3.5,0
94.315,619.858,680.895,17.447656378757653,78.38183659733544,11.727,52.0,-2.9102,1.2316,11.303,-0.00823,0.03982,-0.04312,17.44766940033632,78.38182853125967,3.5,0
94.335,620.002,681.08,17.447658049660497,78.3818379568501,11.726,52.0,2.2215,-2.4672,7.2511,0.00424,0.02494,0.00877,17.447666997042166,78.38185726099923,3.5,0
94.355,620.146,681.265,17.447659720348266,78.38183931618978,11.724,52.0,3.5971,-0.3017,13.546,-0.0013,0.01053,-0.06403,17.447646598209154,78.38183702166175,3.5,0
94.375,620.291,681.45,17.44766139082716,78.38184067535951,11.723,52.0,-1.2625,2.8804,5.7124,-0.02433,0.01884,-0.04262,17.447656696422857,78.3818537362747,3.5,0
94.395,620.435,681.635,17.44766306110342,78.38184203436437,11.721,52.0,-2.0715,-0.9415,14.3899,-0.00943,0.003,-0.02755,17.44763220446741,78.38183348100438,3.5,0
94.415,620.579,681.819,17.44766473118331,78.38184339320945,11.72,52.0,3.4967,-2.5713,6.9239,-0.00919,-0.0002,-0.02933,17.447666267527307,78.38185046112069,3.5,0
94.435,620.724,682.004,17.44766640107314,78.38184475189989,11.719,52.0,2.3615,0.9329,14.2106,0.00571,0.00046,-0.01728,17.447653269454467,78.38182968049219,3.5,0
94.455,620.868,682.189,17.44766807077923,78.38184611044085,11.717,52.0,-2.4598,2.251,5.9212,-0.01167,0.02082,-0.01742,17.447660423323285,78.38184857959388,3.5,0
94.475,621.012,682.373,17.44766974030795,78.38184746883746,11.716,52.0,-1.3194,-2.3783,13.5819,-0.01274,0.03053,-0.0246,17.44766050969814,78.3818235521379,3.5,0
94.495,621.157,682.558,17.447671409665684,78.38184882709497,11.715,52.0,3.1554,-2.0159,6.5967,-0.01323,0.01661,0.02936,17.447653343411474,78.3818721157532,3.5,0
94.515,621.301,682.743,17.447673078858845,78.38185018521858,11.714,52.0,0.1501,0.5581,12.9558,-0.03597,0.01304,-0.0002,17.44762763590461,78.38186333627128,3.5,0
94.535,621.445,682.927,17.447674747893878,78.38185154321353,11.713,52.0,-2.6782,3.0276,7.1138,0.01017,0.02976,0.0039,17.447672648773413,78.38186549709759,3.5,0
94.555,621.589,683.112,17.447676416777245,78.38185290108507,11.712,52.0,-0.936,-1.451,12.602,0.01578,-0.00923,0.00187,17.44767378595629,78.38184469265636,3.5,0
94.575,621.733,683.296,17.447678085515438,78.38185425883849,11.711,52.0,3.9424,-2.2652,7.2967,0.02317,-0.00358,0.00049,17.447650259478213,78.38185548812488,3.5,0
94.595,621.878,683.481,17.44767975411497,78.3818556164791,11.71,52.0,1.2705,1.7861,12.6101,0.00083,0.01255,0.00669,17.447670365335743,78.38185334304468,3.5,0
94.615,622.022,683.665,17.447681422582374,78.3818569740122,11.709,52.0,-3.2392,2.0828,7.0925,-0.03206,-0.00108,0.0191,17.447675224754324,78.38180988882236,3.5,0
94.635,622.166,683.85,17.447683090924208,78.38185833144313,11.708,52.0,-0.9342,-2.1529,12.9964,-0.04667,0.03772,0.03677,17.447689476583452,78.38184530202687,3.5,0
94.655,622.31,684.034,17.447684759147045,78.38185968877723,11.707,52.0,2.7645,-2.2753,6.5523,-0.00152,-0.00965,0.03367,17.44767389838526,78.38185394523384,3.5,0
94.675,622.454,684.219,17.44768642725748,78.38186104601989,11.706,52.0,1.9454,1.3689,13.6427,-0.02181,0.00254,0.07961,17.447692653626895,78.38186366710836,3.5,0
94.695,622.598,684.403,17.447688095262126,78.38186240317647,11.706,52.0,-2.3336,2.2881,5.8663,-0.01516,0.00554,-0.02086,17.447702966966364,78.38185606696626,3.5,0
94.715,622.742,684.588,17.447689763167613,78.38186376025237,11.705,52.0,-1.2952,-1.1841,14.262,-0.01183,0.0227,-0.0172,17.44767537948679,78.3818735644865,3.5,0
94.735,622.887,684.772,17.447691430980584,78.38186511725299,11.704,52.0,2.2754,-3.297,5.4385,-0.00224,0.00562,0.02703,17.447672650634324,78.3818556022996,3.5,0
94.755,623.031,684.957,17.447693098707695,78.38186647418375,11.704,52.0,2.7182,0.4651,14.3636,-0.01818,-0.01277,-0.02347,17.447672898748817,78.38188334098464,3.5,0
94.775,623.175,685.141,17.447694766355625,78.3818678310501,11.703,52.0,-2.0126,2.7511,5.8387,0.00656,0.02705,0.00424,17.44770274495053,78.38187377821045,3.5,0
94.795,623.319,685.326,17.447696433931053,78.38186918785745,11.702,52.0,-2.3713,0.1564,13.3034,-0.02279,0.0152,0.07228,17.447690729416127,78.38187250681086,3.5,0
94.815,623.463,685.51,17.447698101440675,78.38187054461126,11.702,52.0,1.3164,-2.9138,7.6454,-0.01362,0.00421,0.05628,17.447691325946863,78.38185262776146,3.5,0
94.835,623.607,685.694,17.447699768891205,78.38187190131698,11.702,52.0,3.6516,-0.7519,10.7559,0.00547,0.02416,-0.02403,17.44770184864977,78.38188482639904,3.5,0
94.855,623.751,685.879,17.447701436289353,78.38187325798009,11.701,52.0,0.5685,2.0871,10.7583,-0.01503,0.04148,-0.03674,17.447670685401647,78.38189135697297,3.5,0
94.875,623.895,686.063,17.447703103641846,78.38187461460606,11.701,52.0,-2.6329,1.9921,7.4311,0.0193,0.0227,-0.05834,17.44771146084059,78.38189270281187,3.5,0
94.895,624.039,686.248,17.447704770955415,78.38187597120034,11.701,52.0,-0.6529,-1.0676,13.7607,-0.02312,0.00898,0.00407,17.447696674560664,78.38187349827238,3.5,0
94.915,624.183,686.432,17.447706438236796,78.38187732776845,11.7,52.0,2.5177,-2.7718,5.454,0.01225,0.02339,-0.00949,17.44769493482722,78.38188163463744,3.5,0
94.935,624.327,686.616,17.447708105492737,78.38187868431585,11.7,52.0,2.9802,0.2444,14.0966,-0.03331,-0.01475,0.00022,17.447703798293304,78.38188051342146,3.5,0
94.955,624.471,686.801,17.447709772729983,78.38188004084805,11.7,52.0,-1.2135,2.6318,7.1516,-0.01782,0.01434,-0.0061,17.447715294374465,78.3818460069725,3.5,0
94.975,624.616,686.985,17.447711439955278,78.3818813973705,11.7,52.0,-3.2719,1.5933,10.4947,0.00732,0.01484,-0.00793,17.447704305071593,78.38189441622761,3.5,0
94.995,624.76,687.17,17.44771310717538,78.38188275388876,11.7,52.0,-0.3977,-2.2922,11.875,0.02638,0.00175,-0.01125,17.44769861470189,78.38187724372082,3.5,0
95.015,624.904,687.354,17.447714774397042,78.38188411040827,11.7,52.0,3.4843,-1.9664,6.0446,0.00211,0.04766,0.00394,17.44773203179957,78.38188528599059,3.5,0
95.035,625.048,687.538,17.447716441627016,78.38188546693453,11.7,52.0,2.5433,0.524,14.4079,0.00706,0.00467,0.03795,17.44770216780643,78.38186896796537,3.5,0
95.055,625.192,687.723,17.44771810887205,78.38188682347307,11.7,52.0,-1.0889,2.3565,6.6498,0.00261,0.02566,-0.06955,17.447697738920454,78.38185835704073,3.5,0
95.075,625.336,687.907,17.447719776138893,78.38188818002935,11.7,52.0,-3.0828,1.3627,10.5108,-0.01205,0.01215,-0.00802,17.447711814067745,78.38189827863324,3.5,0
95.095,625.48,688.092,17.447721443434293,78.38188953660885,11.701,52.0,-0.8567,-2.1742,12.3937,-0.05541,-0.01052,-0.02971,17.447721216783957,78.38190320589379,3.5,0
95.115,625.624,688.276,17.44772311076499,78.38189089321708,11.701,52.0,2.9209,-2.3988,5.5665,-0.02443,-0.01197,0.01809,17.447704142765616,78.38188770516246,3.5,0
95.135,625.768,688.46,17.44772477813772,78.3818922498595,11.701,52.0,2.4471,-1.0913,13.8374,-0.02054,0.00321,-0.0102,17.447722922419622,78.38189760361689,3.5,0
95.155,625.912,688.645,17.44772644555921,78.38189360654161,11.701,52.0,0.3828,2.5398,8.7936,-0.02746,0.02015,0.03716,17.447736184433168,78.38187295820059,3.5,0
95.175,626.056,688.829,17.447728113036177,78.38189496326885,11.702,52.0,-3.0621,1.7339,7.505,-0.03871,-0.02148,0.03243,17.447745474784504,78.38189437051675,3.5,0
95.195,626.2,689.014,17.44772978057534,78.38189632004669,11.702,52.0,-1.5276,-1.4688,14.3884,0.02439,-0.0118,-0.02349,17.447704833550514,78.38190173317797,3.5,0
95.215,626.344,689.198,17.447731448183397,78.38189767688058,11.703,52.0,1.0641,-3.0655,6.6005,-0.02129,0.00207,0.01071,17.44774060529431,78.38191970075626,3.5,0
95.235,626.489,689.383,17.44773311586704,78.38189903377598,11.703,52.0,3.7381,-1.7149,9.6087,-0.03568,0.01135,0.0366,17.447726256384183,78.38190054624975,3.5,0
95.255,626.633,689.567,17.447734783632953,78.38190039073832,11.704,52.0,2.0954,1.4267,13.7533,0.04932,0.01542,-0.00747,17.44773703538814,78.38187808804648,3.5,0
95.275,626.777,689.752,17.447736451487796,78.38190174777301,11.704,52.0,-1.3302,2.1978,5.8051,0.0116,0.00887,0.00149,17.44772211756074,78.38193302997975,3.5,0
95.295,626.921,689.936,17.447738119438224,78.38190310488548,11.705,52.0,-3.3102,1.2104,10.701,-0.02724,0.00331,-0.01694,17.44772456281026,78.38191149458054,3.5,0
95.315,627.065,690.12,17.447739787490875,78.38190446208112,11.706,52.0,-0.9483,-1.1794,13.3348,-0.02524,-0.00929,-0.00481,17.447734259517418,78.38191255409944,3.5,0
95.335,627.209,690.305,17.44774145565237,78.38190581936531,11.707,52.0,1.6594,-2.7115,5.6933,-0.03488,0.02079,0.01184,17.44773131110184,78.38190278723977,3.5,0
95.355,627.353,690.49,17.44774312392931,78.38190717674345,11.707,52.0,3.3652,-0.8563,10.665,-0.03804,0.01861,0.02065,17.44772973222183,78.38188378874902,3.5,0
95.375,627.498,690.674,17.447744792328283,78.38190853422087,11.708,52.0,2.1503,1.9739,13.6007,-0.02411,0.04163,0.02558,17.44772807980918,78.38190904500365,3.5,0
95.395,627.642,690.859,17.447746460855857,78.38190989180292,11.709,52.0,-1.0196,3.2602,6.019,0.0014,0.01647,0.0009,17.44774695493873,78.38190280880548,3.5,0
95.415,627.786,691.043,17.447748129518573,78.38191124949493,11.71,52.0,-2.9167,2.1826,9.4969,0.01888,0.01159,-0.02192,17.447741467505253,78.38192553972823,3.5,0
95.435,627.93,691.228,17.447749798322963,78.38191260730223,11.711,52.0,-2.0418,-1.3828,14.2804,0.015,-0.00726,-0.0087,17.4477257520715,78.3819027861004,3.5,0
95.455,628.074,691.412,17.447751467275523,78.38191396523005,11.712,52.0,1.5329,-3.0657,7.2922,0.01635,0.0132,0.03888,17.447736342809918,78.38189790019287,3.5,0
95.475,628.219,691.597,17.447753136382737,78.38191532328374,11.713,52.0,3.3403,-1.7248,7.3764,-0.01111,0.00137,0.04553,17.44776622684955,78.38191804526578,3.5,0
95.495,628.363,691.782,17.447754805651055,78.3819166814685,11.714,52.0,1.9419,0.6269,14.2376,0.00351,0.00813,-0.00115,17.44773279447578,78.38191017100135,3.5,0
95.515,628.507,691.966,17.44775647508691,78.38191803978955,11.716,52.0,1.145,3.362,11.7382,-0.00105,0.01889,0.01168,17.447770048109074,78.38191109841132,3.5,0
95.535,628.651,692.151,17.447758144696703,78.38191939825215,11.717,52.0,-2.2011,3.3352,5.5429,-0.00784,0.02275,0.00615,17.447749312621173,78.38191322737464,3.5,0
95.555,628.796,692.335,17.447759814486805,78.38192075686145,11.718,52.0,-2.3563,0.7939,11.782,0.01522,0.00777,0.00529,17.44777456883321,78.38193568746534,3.5,0
95.575,628.94,692.52,17.44776148446357,78.38192211562263,11.719,52.0,-1.6284,-1.3913,13.6368,0.00533,0.02487,-0.06493,17.447752784150396,78.38190175481634,3.5,0
95.595,629.084,692.705,17.447763154633314,78.38192347454081,11.721,52.0,0.2236,-3.1726,6.808,-0.0045,-0.00628,-0.0321,17.447778890168433,78.38192205990687,3.5,0
95.615,629.229,692.89,17.447764825002317,78.38192483362114,11.722,52.0,3.4271,-1.2097,7.1759,-0.02423,0.06109,0.02534,17.447788151284993,78.38191284650084,3.5,0
95.635,629.373,693.074,17.447766495576843,78.38192619286868,11.724,52.0,3.2009,-0.0989,13.773,0.01755,-0.00668,0.00922,17.447770388142327,78.38191402430569,3.5,0
95.655,629.517,693.259,17.447768166363108,78.38192755228849,11.725,52.0,0.3577,1.9622,11.9897,-0.03415,-0.00189,0.03417,17.447768714052156,78.38191222847036,3.5,0
95.675,629.662,693.444,17.447769837367304,78.38192891188562,11.727,52.0,-1.8518,2.6656,5.8315,-0.0372,-0.0461,-0.00016,17.447785422987327,78.38195374670764,3.5,0
95.695,629.806,693.629,17.447771508595586,78.3819302716651,11.728,52.0,-1.7557,1.5448,8.2628,-0.05401,-0.0189,-0.0322,17.447770565520884,78.38191963106034,3.5,0
95.715,629.951,693.814,17.447773180054075,78.38193163163186,11.73,52.0,-2.4881,-0.5399,14.1301,-0.01004,0.0088,0.00017,17.44775716182746,78.3819333452259,3.5,0
95.735,630.095,693.999,17.44777485174885,78.38193299179088,11.731,52.0,-0.0667,-2.3295,11.7163,-0.00086,0.01057,0.03407,17.44775576287004,78.38195825036219,3.5,0
95.755,630.239,694.184,17.44777652368596,78.38193435214707,11.733,52.0,1.7136,-3.3178,5.8962,-0.03351,0.01332,0.01219,17.44777986624794,78.38193902073766,3.5,0
95.775,630.384,694.368,17.447778195871415,78.38193571270533,11.735,52.0,2.5297,-2.2296,7.6842,-0.0088,0.02366,-0.04525,17.447771078159715,78.38190372949035,3.5,0
95.795,630.528,694.553,17.447779868311176,78.3819370734705,11.737,52.0,3.0625,0.7253,13.5932,0.01369,0.028,-0.02502,17.447784782459642,78.38194925592184,3.5,0
95.815,630.673,694.738,17.447781541011178,78.3819384344474,11.738,52.0,1.3436,2.1085,13.0244,0.00414,0.02011,-0.01576,17.447784274707924,78.38192201190161,3.5,0
95.835,630.818,694.923,17.447783213977303,78.38193979564085,11.74,52.0,-0.935,3.1546,7.1669,-0.01939,0.00547,-0.03984,17.447768404181964,78.3819070298502,3.5,0
95.855,630.962,695.109,17.4477848872154,78.38194115705558,11.742,52.0,-2.5223,2.9092,5.9876,0.00787,-0.00601,-0.00884,17.447791129316133,78.38194735686302,3.5,0
95.875,631.107,695.294,17.44778656073127,78.38194251869632,11.744,52.0,-2.7902,1.7367,11.2487,0.01238,0.01278,0.03078,17.447804731408965,78.38194055361512,3.5,0
95.895,631.251,695.479,17.44778823453067,78.38194388056775,11.746,52.0,-1.9747,-1.5526,14.4495,0.01351,-0.0015,-0.02697,17.447786912680527,78.38194088912924,3.5,0
95.915,631.396,695.664,17.44778990861931,78.3819452426745,11.748,52.0,-0.5307,-2.7807,10.7911,0.00524,0.04209,0.02837,17.447780343968972,78.38194795567392,3.5,0
95.935,631.541,695.849,17.447791583002864,78.38194660502123,11.75,52.0,2.1511,-3.0848,5.936,-0.0386,0.01714,0.01893,17.447775971041573,78.38193792860103,3.5,0
95.955,631.685,696.034,17.447793257686953,78.38194796761248,11.752,52.0,2.4612,-2.3093,6.8703,0.0231,0.00582,-0.01039,17.447807919074627,78.3819529923596,3.5,0
95.975,631.83,696.22,17.447794932677148,78.38194933045278,11.755,52.0,2.5573,-0.7949,12.0786,-0.00328,-0.00957,0.01465,17.44778105806817,78.3819630544074,3.5,0
95.995,631.975,696.405,17.447796607978972,78.38195069354664,11.757,52.0,2.6614,0.8274,14.423,-0.01752,0.0243,-0.00903,17.447822333108178,78.38194680908383,3.5,0
96.015,632.12,696.59,17.447798283597905,78.38195205689851,11.759,52.0,0.8366,2.4026,10.9906,0.01131,0.01987,0.02197,17.447797990097495,78.38194524482662,3.5,0
96.035,632.265,696.776,17.44779995953937,78.38195342051282,11.761,52.0,-1.2098,2.8419,6.3177,-0.01291,0.02104,0.06972,17.447808553666377,78.38193922297957,3.5,0
96.055,632.409,696.961,17.447801635808748,78.38195478439391,11.764,52.0,-3.0641,2.1284,6.0819,-0.06445,0.00601,0.06467,17.447794894392317,78.38196285348384,3.5,0
96.075,632.554,697.146,17.447803312411352,78.38195614854615,11.766,52.0,-3.212,0.3987,10.3648,0.01422,-0.01954,-0.06257,17.447818877643392,78.38197540297162,3.5,0
96.095,632.699,697.332,17.447804989352463,78.3819575129738,11.768,52.0,-2.4825,-0.6272,14.161,-0.01923,0.02608,-0.00641,17.44779117453477,78.38195333574463,3.5,0
96.115,632.844,697.517,17.44780666663729,78.38195887768111,11.771,52.0,-1.7011,-1.8422,13.3944,-0.01162,0.0244,-0.01122,17.447825749375845,78.38196696883011,3.5,0
96.135,632.989,697.703,17.447808344271003,78.38196024267229,11.773,52.0,0.294,-2.6238,9.0819,-0.00795,0.00179,0.02366,17.447794787867963,78.3819514289617,3.5,0
96.155,633.134,697.888,17.447810022258704,78.3819616079515,11.776,52.0,2.3923,-3.1708,5.7167,-0.01405,0.03156,0.03465,17.44780102617803,78.38195732289158,3.5,0
96.175,633.279,698.074,17.447811700605445,78.38196297352283,11.778,52.0,3.7329,-2.3982,6.4878,-0.00416,0.02754,0.02686,17.44780624617872,78.3819849342559,3.5,0
96.195,633.424,698.26,17.447813379316226,78.38196433939035,11.781,52.0,3.2954,-1.591,10.4689,0.00942,0.04052,0.01749,17.447849480303933,78.38195437165835,3.5,0
96.215,633.569,698.445,17.447815058395978,78.38196570555809,11.783,52.0,3.311,0.141,13.9533,0.00236,0.02551,-0.02492,17.44780679781888,78.38197805758897,3.5,0
96.235,633.714,698.631,17.447816737849585,78.38196707203001,11.786,52.0,1.1826,1.0301,13.9999,-0.02829,0.01513,0.04471,17.447814149102953,78.38195797453496,3.5,0
96.255,633.86,698.817,17.44781841768187,78.38196843881003,11.789,52.0,0.8084,2.0692,10.7575,-0.03493,0.03454,-0.01024,17.447839306208337,78.38193618592248,3.5,0
96.275,634.005,699.003,17.447820097897583,78.38196980590205,11.791,52.0,-1.2067,2.3314,6.9534,-0.01549,0.0198,-0.03863,17.447838022751732,78.38198668485747,3.5,0
96.295,634.15,699.189,17.447821778501435,78.38197117330985,11.794,52.0,-1.9373,2.6872,5.4774,-0.02356,0.02816,-0.04714,17.447840250777897,78.38199565481736,3.5,0
96.315,634.295,699.375,17.447823459498057,78.38197254103723,11.797,52.0,-2.8691,1.7959,7.2643,-0.02383,-0.01507,-0.00347,17.44780260779688,78.38196515342733,3.5,0
96.335,634.44,699.561,17.44782514089203,78.38197390908792,11.799,52.0,-2.3944,1.5392,10.8813,-0.02443,0.02597,0.03637,17.44781973452624,78.38199334057919,3.5,0
96.355,634.586,699.747,17.447826822687862,78.38197527746557,11.802,52.0,-2.8751,0.2046,13.8369,0.01868,0.01297,-0.02524,17.447840322085582,78.38195878651685,3.5,0
96.375,634.731,699.933,17.447828504890012,78.38197664617381,11.805,52.0,-1.4279,-1.0793,14.3072,0.00242,0.0289,0.0246,17.447840779899668,78.38199804486678,3.5,0
96.395,634.877,700.119,17.44783018750286,78.38197801521622,11.808,52.0,-0.6581,-2.2657,12.1637,-0.01427,0.01734,-0.016,17.44783799259518,78.38197239244732,3.5,0
96.415,635.022,700.305,17.447831870530727,78.3819793845963,11.811,52.0,0.6154,-2.3637,8.8005,-0.00545,0.01804,-0.01176,17.447812862836972,78.38196801082924,3.5,0
96.435,635.167,700.491,17.44783355397787,78.38198075431752,11.814,52.0,1.7392,-2.4289,6.1448,0.00062,0.01218,-0.03967,17.447830133245443,78.38196361440491,3.5,0
96.455,635.313,700.677,17.44783523784848,78.3819821243833,11.817,52.0,1.893,-3.0898,3.9532,-0.02165,-0.01487,0.03007,17.447813922526546,78.38201042996423,3.5,0
96.475,635.458,700.864,17.447836922146678,78.38198349479698,11.82,52.0,3.269,-1.3395,7.1621,-0.00598,0.01856,-0.01097,17.44783841811302,78.38198320768929,3.5,0
96.495,635.604,701.05,17.447838606876516,78.38198486556186,11.823,52.0,3.4341,-1.0285,10.075,-0.05308,0.02239,0.01407,17.447838058288685,78.38200624956886,3.5,0
96.515,635.75,701.236,17.447840292041988,78.38198623668119,11.826,52.0,3.3618,0.0521,12.8845,-0.00673,0.01301,0.0037,17.447836639423986,78.38198291619366,3.5,0
96.535,635.895,701.423,17.447841977647006,78.38198760815814,11.829,52.0,2.7785,0.6591,14.3813,0.00503,0.02716,-0.00098,17.447848828332305,78.38198686783406,3.5,0
96.555,636.041,701.609,17.44784366369542,78.38198897999587,11.832,52.0,2.289,1.7264,14.0449,0.00369,0.00856,0.00722,17.447842640624426,78.38197027632245,3.5,0
96.575,636.187,701.796,17.44784535019101,78.38199035219743,11.835,52.0,1.4216,1.8285,12.1364,-0.00568,-0.00328,0.02291,17.44784076770546,78.38201706832494,3.5,0
96.595,636.333,701.982,17.447847037137482,78.38199172476585,11.838,52.0,-0.334,2.4462,9.4784,-0.0327,0.00948,0.03407,17.44784177045519,78.3819839659383,3.5,0
96.615,636.478,702.169,17.447848724538474,78.3819930977041,11.842,52.0,-0.4931,3.0126,7.0544,-0.00035,0.0335,-0.02091,17.44785577464804,78.38200062742386,3.5,0
96.635,636.624,702.356,17.44785041239755,78.38199447101505,11.845,52.0,-2.1242,3.0114,5.656,0.01238,0.0027,-0.02227,17.447857204832683,78.381971548702,3.5,0
96.655,636.77,702.542,17.4478521007182,78.38199584470156,11.848,52.0,-2.0566,2.8604,5.6444,0.01182,0.02751,0.06782,17.447842198972598,78.38199195187435,3.5,0
96.675,636.916,702.729,17.44785378950385,78.38199721876641,11.851,52.0,-2.4723,2.688,6.9185,-0.00805,0.01891,0.00189,17.4478337531903,78.38200236001832,3.5,0
96.695,637.062,702.916,17.44785547875784,78.38199859321233,11.855,52.0,-3.6861,1.1286,9.0287,-0.00173,0.00994,0.02068,17.447859347370898,78.38199445252728,3.5,0
96.715,637.208,703.103,17.447857168483445,78.38199996804197,11.858,52.0,-2.866,0.6672,11.338,-0.01206,0.0311,-0.02084,17.4478687795373,78.38199040909488,3.5,0
96.735,637.354,703.29,17.447858858683865,78.38200134325793,11.861,52.0,-2.8712,0.4666,13.2343,0.00484,0.00938,-0.02693,17.447864639496792,78.38196354175494,3.5,0
96.755,637.5,703.477,17.44786054936222,78.38200271886276,11.865,52.0,-2.5911,-0.5979,14.3036,-0.01639,0.02115,-0.01616,17.44786669022114,78.38200541340676,3.5,0
96.775,637.646,703.664,17.44786224052155,78.38200409485894,11.868,52.0,-1.2145,0.3994,14.3733,-0.01775,0.03987,-0.00619,17.447850220576054,78.38200290565887,3.5,0
96.795,637.792,703.851,17.447863932164843,78.38200547124889,11.871,52.0,-1.3966,-1.308,13.495,-0.00916,0.04868,0.01064,17.447864368882758,78.38198675474072,3.5,0
96.815,637.939,704.038,17.447865624294977,78.38200684803495,11.875,52.0,-0.7771,-2.0138,11.9317,-0.00938,0.00116,0.07088,17.447858118213322,78.38201112748884,3.5,0
96.835,638.085,704.225,17.44786731691478,78.38200822521942,11.878,52.0,0.2691,-2.5419,10.0388,-0.03658,0.02913,0.02013,17.44786793907244,78.38202897954875,3.5,0
96.855,638.231,704.413,17.44786901002699,78.38200960280453,11.882,52.0,1.1919,-2.7593,8.1805,-0.00997,0.04172,-0.02254,17.447855922770625,78.3819890566061,3.5,0
96.875,638.378,704.6,17.44787070363427,78.38201098079246,11.885,52.0,1.4901,-2.6643,6.6869,-0.03132,0.04621,-0.00286,17.447864617898357,78.38198209047832,3.5,0
96.895,638.524,704.787,17.4478723977392,78.3820123591853,11.889,52.0,2.5708,-2.6203,5.7511,-0.00844,0.00978,-0.01847,17.44785859221561,78.38198593830764,3.5,0
96.915,638.67,704.975,17.447874092344293,78.38201373798508,11.892,52.0,2.7881,-2.7324,5.4875,0.0401,0.00276,-0.05022,17.44787139613188,78.38200935672683,3.5,0
96.935,638.817,705.162,17.44787578745197,78.38201511719379,11.896,52.0,2.0788,-2.4561,5.8723,0.00677,0.02505,0.00532,17.44786879189573,78.38199931356912,3.5,0
96.955,638.963,705.35,17.44787748306458,78.38201649681334,11.899,52.0,3.0165,-1.5206,6.7959,-0.02845,0.02478,-0.03072,17.44787600807677,78.38203509593443,3.5,0
96.975,639.11,705.537,17.447879179184394,78.38201787684557,11.903,52.0,3.1757,-1.1557,8.0996,-0.00579,-0.00672,0.02805,17.447864323110092,78.38199994661085,3.5,0
96.995,639.257,705.725,17.4478808758136,78.38201925729226,11.906,52.0,3.6621,-1.2162,9.5929,0.00355,0.02739,-0.00169,17.447854376273717,78.38202301204014,3.5,0
97.015,639.403,705.913,17.447882572954295,78.38202063815511,11.91,52.0,2.4001,-1.4392,11.086,-0.03089,0.03176,0.01234,17.44789566744251,78.38200498905992,3.5,0
97.035,639.55,706.1,17.44788427060852,78.3820220194358,11.914,52.0,4.3643,-0.2529,12.4191,0.00072,0.02181,-0.00777,17.447859333871477,78.38201563087027,3.5,0
97.055,639.697,706.288,17.44788596877821,78.38202340113588,11.917,52.0,3.3742,0.5931,13.4716,-0.00794,0.01901,0.02901,17.44790033385699,78.3820067956987,3.5,0
97.075,639.843,706.476,17.44788766746523,78.3820247832569,11.921,52.0,2.9731,0.9552,14.1609,-0.00872,0.00101,0.05213,17.447876937793893,78.38203262932204,3.5,0
97.095,639.99,706.664,17.44788936667137,78.38202616580028,11.924,52.0,3.0908,1.1178,14.453,-0.02006,-0.01148,-0.02334,17.447906243391593,78.3820351580244,3.5,0
97.115,640.137,706.852,17.44789106639832,78.38202754876743,11.928,52.0,3.2139,1.7768,14.3587,-0.00704,0.01746,0.00889,17.447901954569968,78.38203705899564,3.5,0
97.135,640.284,707.04,17.4478927666477,78.38202893215964,11.932,52.0,2.2514,1.5785,13.9075,0.01896,0.01695,0.04367,17.447885489997777,78.38202412505585,3.5,0
97.155,640.431,707.228,17.44789446742105,78.38203031597817,11.935,52.0,1.8904,2.1254,13.1691,-0.01513,-0.01768,0.06674,17.447878002283943,78.38199990120104,3.5,0
97.175,640.578,707.416,17.447896168719822,78.3820317002242,11.939,52.0,1.1553,1.8798,12.2158,0.01238,0.0223,0.03155,17.447906689224286,78.38201924451258,3.5,0
97.195,640.725,707.604,17.447897870545383,78.38203308489886,11.943,52.0,0.6367,2.5006,11.1299,-0.00689,0.03091,0.01095,17.447882608002928,78.38206322841178,3.5,0
97.215,640.872,707.793,17.44789957289902,78.38203447000318,11.947,52.0,0.0945,3.1052,9.9904,-0.0015,0.02053,0.0207,17.447881400493795,78.38203102574587,3.5,0
97.235,641.019,707.981,17.44790127578193,78.38203585553813,11.95,52.0,-0.4511,2.4932,8.8791,0.02168,0.03029,-0.01731,17.447905385146328,78.38202932932327,3.5,0
97.255,641.166,708.169,17.447902979195245,78.38203724150465,11.954,52.0,-0.7772,2.4902,7.856,-0.00852,0.01487,-0.02588,17.447924516840203,78.38206013480722,3.5,0
97.275,641.314,708.358,17.447904683139992,78.38203862790357,11.958,52.0,-1.4053,2.9385,6.9797,-0.00538,0.00879,0.00348,17.447869641029556,78.38203959536432,3.5,0
97.295,641.461,708.546,17.44790638761712,78.38204001473564,11.961,52.0,-1.2346,2.8436,6.2836,0.00617,0.03736,0.00861,17.447902261352002,78.38203661715193,3.5,0
97.315,641.608,708.735,17.447908092627507,78.3820414020016,11.965,52.0,-2.1984,3.1818,5.7907,-0.02575,0.02548,0.00058,17.44789533101449,78.38204945417296,3.5,0
97.335,641.756,708.924,17.447909798171928,78.38204278970207,11.969,52.0,-1.7378,2.6916,5.5166,0.01265,-0.00476,0.01332,17.44788013566004,78.38206845433011,3.5,0
97.355,641.903,709.112,17.44791150425108,78.38204417783763,11.973,52.0,-2.0805,3.4792,5.4635,-0.0132,-0.0074,0.00418,17.447909420475494,78.3820252280185,3.5,0
97.375,642.051,709.301,17.447913210865586,78.38204556640876,11.976,52.0,-2.2305,2.1677,5.6248,-0.01536,0.03907,0.04587,17.447921710808075,78.38202377720093,3.5,0
97.395,642.198,709.49,17.44791491801597,78.3820469554159,11.98,52.0,-2.6949,3.0468,5.9855,-0.03301,0.00044,0.02623,17.447921496547977,78.38203630365646,3.5,0
97.415,642.346,709.679,17.44791662570268,78.38204834485943,11.984,52.0,-1.4129,2.0771,6.5185,-0.02781,0.006,-0.04246,17.44791192811602,78.38204872962974,3.5,0
97.435,642.493,709.868,17.447918333926072,78.38204973473962,11.988,52.0,-2.2289,1.4799,7.1831,0.00022,0.00914,-0.00738,17.447955053021875,78.38205831237737,3.5,0
97.455,642.641,710.057,17.447920042686427,78.3820511250567,11.992,52.0,-3.3635,2.0982,7.9711,0.01465,0.04914,0.00121,17.447925163665754,78.38207345063311,3.5,0
97.475,642.789,710.246,17.447921751983934,78.38205251581084,11.995,52.0,-2.8294,1.6809,8.8304,-0.02291,-0.02522,0.05374,17.447933189373295,78.38204150530804,3.5,0
97.495,642.936,710.435,17.4479234618187,78.38205390700212,11.999,52.0,-3.0949,1.2244,10.0421,0.00494,0.02036,-0.00763,17.447921034293465,78.38204601900058,3.5,0
97.515,643.084,710.624,17.447925172190743,78.38205529863053,12.003,52.0,-3.3411,0.6179,10.6312,-0.01111,0.04423,0.03057,17.44795502968484,78.38207521302509,3.5,0
97.535,643.232,710.813,17.447926883100003,78.38205669069606,12.007,52.0,-3.4296,1.0277,11.5032,-0.03433,0.02977,-0.03815,17.447930877807728,78.38206221954853,3.5,0
97.555,643.38,711.003,17.44792859454633,78.38205808319856,12.01,52.0,-2.6471,1.1541,12.319,-0.01583,0.02026,-0.00578,17.44792210241069,78.38205326036899,3.5,0
97.575,643.528,711.192,17.44793030652949,78.38205947613785,12.014,52.0,-2.9906,0.7161,13.0335,0.00655,-0.00364,0.02841,17.44792391222733,78.38205626526539,3.5,0
97.595,643.676,711.381,17.447932019049162,78.38206086951367,12.018,52.0,-2.2002,0.2197,13.6242,-0.02709,0.00766,0.03022,17.44791332240928,78.3820841627153,3.5,0
97.615,643.824,711.571,17.44793373210495,78.3820622633257,12.022,52.0,-2.027,0.1073,14.0774,-0.03282,0.0158,0.05347,17.44794874849711,78.38210784763314,3.5,0
97.635,643.972,711.76,17.447935445696363,78.38206365757353,12.025,52.0,-1.6807,-0.3791,14.3591,-0.01979,0.00976,0.02579,17.44793567478529,78.38209134823626,3.5,0
97.655,644.12,711.95,17.44793715982283,78.3820650522567,12.029,52.0,-2.3503,-1.2214,14.4572,-0.02061,0.02979,0.03353,17.447948558158622,78.38206684220421,3.5,0
97.675,644.268,712.14,17.44793887448369,78.38206644737468,12.033,52.0,-1.5752,-1.4906,14.373,0.02791,0.05166,-0.00214,17.447950217881342,78.38207283523495,3.5,0
97.695,644.416,712.329,17.447940589678208,78.38206784292686,12.037,52.0,-1.2434,-1.266,14.0957,-0.00351,0.01718,0.01438,17.447906326152875,78.382083163936,3.5,0
97.715,644.565,712.519,17.44794230540555,78.38206923891258,12.04,52.0,-1.3967,-1.5033,13.6265,0.01697,0.026,0.02511,17.447948915555322,78.38204456680081,3.5,0
97.735,644.713,712.709,17.447944021664817,78.38207063533108,12.044,52.0,-1.1995,-1.3438,12.9839,-0.00833,0.01251,0.03923,17.44793955924569,78.38206614944428,3.5,0
97.755,644.861,712.899,17.44794573845501,78.38207203218157,12.048,52.0,0.089,-1.6046,12.1925,-0.00097,0.00082,-0.00419,17.447940703407717,78.38206113411887,3.5,0
97.775,645.01,713.089,17.44794745577505,78.38207342946316,12.052,52.0,-0.1157,-1.8698,11.2792,0.01097,0.02402,0.0094,17.4479558918642,78.38207986062798,3.5,0
97.795,645.158,713.279,17.44794917362378,78.38207482717492,12.055,52.0,0.4018,-2.3988,10.2817,-0.03372,-0.01215,0.01756,17.447948143320428,78.38205503893839,3.5,0
97.815,645.307,713.469,17.447950891999955,78.38207622531583,12.059,52.0,0.1882,-2.9813,9.2502,-0.02714,0.02348,0.03613,17.447967132840436,78.38210605775927,3.5,0
97.835,645.455,713.659,17.44795261090224,78.38207762388481,12.063,52.0,0.406,-2.3802,8.2415,0.00356,-0.00908,0.02103,17.447957365548177,78.38208184612242,3.5,0
97.855,645.604,713.849,17.44795433032923,78.3820790228807,12.066,52.0,1.0336,-2.415,7.3064,-0.00521,0.02979,-0.02293,17.447944656141676,78.38207309672833,3.5,0
97.875,645.752,714.039,17.447956050279434,78.38208042230231,12.07,52.0,1.5791,-3.6205,6.5059,0.00382,-0.0106,0.02614,17.4479329979802,78.38207803975916,3.5,0
97.895,645.901,714.229,17.44795777075127,78.38208182214832,12.074,52.0,1.5546,-2.9946,5.8994,-0.02357,0.02626,0.06514,17.44795363901544,78.38209480779331,3.5,0
97.915,646.05,714.42,17.447959491743077,78.38208322241742,12.077,52.0,2.313,-2.8932,5.5439,-0.00924,0.0455,-0.03031,17.447961706653068,78.38205916085799,3.5,0
97.935,646.198,714.61,17.44796121325312,78.38208462310817,12.081,52.0,1.2434,-3.4098,3.1487,0.02139,0.00468,0.06695,17.44796905021696,78.38207132745957,3.5,0
97.955,646.347,714.801,17.447962935279573,78.3820860242191,12.085,52.0,2.442,-2.6964,5.7476,-0.01818,0.00124,-0.00382,17.44793563443595,78.38209943470844,3.5,0
97.975,646.496,714.991,17.44796465782053,78.38208742574865,12.088,52.0,3.3825,-2.1967,6.3364,0.01115,0.01018,-0.01516,17.447955368972877,78.3820761656158,3.5,0
97.995,646.645,715.182,17.44796638087401,78.3820888276952,12.092,52.0,3.5343,-2.0218,7.2356,0.00126,0.02376,-0.0066,17.447995270985068,78.38210806487828,3.5,0
98.015,646.794,715.372,17.44796810443794,78.38209023005709,12.095,52.0,3.2557,-1.7034,8.3845,-0.02228,-0.02021,0.00628,17.447972000992714,78.38208710237888,3.5,0
98.035,646.943,715.563,17.44796982851018,78.38209163283254,12.099,52.0,3.0569,-1.5753,9.7139,0.01718,0.00402,0.00782,17.447986752117316,78.3820887106561,3.5,0
98.055,647.092,715.754,17.447971553088493,78.38209303601977,12.103,52.0,3.0272,-1.153,11.104,0.0186,0.03775,0.01152,17.44795052705414,78.3820835907651,3.5,0
98.075,647.241,715.945,17.44797327817058,78.38209443961688,12.106,52.0,3.1825,-0.9029,12.4141,-0.03293,0.01401,-0.04504,17.447987140419546,78.38210585143287,3.5,0
98.095,647.39,716.135,17.447975003754046,78.38209584362193,12.11,52.0,3.3985,0.1406,13.5046,0.00919,0.00014,0.02502,17.447970827980203,78.38210212896365,3.5,0
98.115,647.539,716.326,17.44797672983643,78.38209724803292,12.113,52.0,3.2373,0.6923,14.2352,-0.01432,0.00356,0.05414,17.447975165347916,78.38209265152781,3.5,0
98.135,647.688,716.517,17.447978456415186,78.38209865284779,12.117,52.0,2.2993,0.6306,14.4757,-0.00894,0.02856,-0.03927,17.447961690303284,78.38211335351475,3.5,0
98.155,647.838,716.708,17.44798018348769,78.38210005806438,12.12,52.0,1.5897,2.0121,14.1525,-0.04739,0.0334,0.01546,17.447982423350865,78.38207891754887,3.5,0
98.175,647.987,716.899,17.44798191105124,78.38210146368051,12.123,52.0,1.6342,1.7108,13.2616,-0.01359,0.02246,-0.02469,17.447998475611392,78.38209237479322,3.5,0
98.195,648.136,717.09,17.447983639103054,78.38210286969392,12.127,52.0,0.6157,2.8364,11.8776,-0.02367,0.02547,-0.02663,17.447960374137118,78.38209383960915,3.5,0
98.215,648.286,717.282,17.447985367640282,78.38210427610227,12.13,52.0,0.1134,2.2878,10.1688,-0.00861,-0.01135,0.0361,17.447973179482737,78.38208824902239,3.5,0
98.235,648.435,717.473,17.447987096659983,78.38210568290319,12.134,52.0,0.2116,1.9566,8.3826,-0.02635,0.00606,0.06818,17.447985794680886,78.38210913292092,3.5,0
98.255,648.585,717.664,17.447988826159154,78.38210709009422,12.137,52.0,-0.6297,3.0479,6.8192,-0.02456,0.02417,0.00774,17.448017480386547,78.38208588591328,3.5,0
98.275,648.734,717.856,17.44799055613471,78.38210849767286,12.14,52.0,-1.4978,2.9916,5.7719,-0.02472,0.01855,0.03292,17.447985672537797,78.38209277014988,3.5,0
98.295,648.884,718.047,17.447992286583485,78.38210990563653,12.144,52.0,-2.6085,2.771,5.503,0.01699,0.01249,-0.06511,17.44798014760284,78.38210814696434,3.5,0
98.315,649.033,718.238,17.44799401750225,78.3821113139826,12.147,52.0,-2.444,2.232,6.1256,-0.00943,-0.01308,-0.02239,17.44800874254414,78.382091293136,3.5,0
98.335,649.183,718.43,17.447995748887696,78.38211272270838,12.15,52.0,-2.3941,2.0613,7.5867,0.00306,0.01548,-0.03153,17.44800088593926,78.38212359083745,3.5,0
98.355,649.332,718.621,17.447997480736433,78.38211413181112,12.154,52.0,-3.09,1.3341,9.6366,0.00014,-0.03033,0.04253,17.447983929475892,78.38213851417937,3.5,0
98.375,649.482,718.813,17.447999213045012,78.382115541288,12.157,52.0,-2.3331,0.7809,11.8192,-0.02017,0.00925,0.04534,17.448013235747137,78.38212487305215,3.5,0
98.395,649.632,719.005,17.448000945809902,78.38211695113615,12.16,52.0,-2.0877,0.5304,13.6008,0.0013,0.0057,0.03919,17.448013071263414,78.38211397410052,3.5,0
98.415,649.782,719.196,17.4480026790275,78.38211836135265,12.163,52.0,-1.4722,-0.4624,14.4627,-0.00451,-0.01305,0.0223,17.44798798916,78.38210063300794,3.5,0
98.435,649.931,719.388,17.44800441269414,78.38211977193451,12.166,52.0,-1.3561,-1.0006,14.0853,-0.02158,0.00987,-0.03121,17.44803321342432,78.38211038472787,3.5,0
98.455,650.081,719.58,17.44800614680607,78.38212118287866,12.169,52.0,-0.4369,-1.9607,12.4748,-0.00899,-0.0131,-0.02041,17.44800915821357,78.38210575329272,3.5,0
98.475,650.231,719.772,17.448007881359484,78.38212259418204,12.173,52.0,0.8013,-2.4922,10.0436,0.02939,0.00414,0.08353,17.447991793439517,78.38214327735533,3.5,0
98.495,650.381,719.964,17.448009616350493,78.38212400584145,12.176,52.0,1.3465,-3.1047,7.5386,-0.03105,-0.02121,-0.03098,17.448038274220973,78.3821299870138,3.5,0
98.515,650.531,720.156,17.448011351775147,78.3821254178537,12.179,52.0,1.8436,-2.8428,5.8361,-0.01554,0.04072,-0.02914,17.44802812044484,78.38212246145332,3.5,0
98.535,650.681,720.347,17.448013087629427,78.38212683021551,12.182,52.0,2.5888,-3.8137,5.6399,0.0035,-0.03639,0.00395,17.44801132767042,78.38213835456664,3.5,0
98.555,650.831,720.54,17.44801482390924,78.38212824292354,12.185,52.0,3.3583,-2.2442,7.1385,-0.03504,0.01936,0.04358,17.448027162389355,78.38209849187389,3.5,0
98.575,650.981,720.732,17.448016560610434,78.38212965597444,12.188,52.0,2.9366,-1.3274,9.85,-0.01154,-0.02662,0.05732,17.448007464466325,78.382126196116,3.5,0
98.595,651.131,720.924,17.448018297728783,78.38213106936475,12.191,52.0,3.2326,-0.1892,12.6956,0.01542,0.00914,0.02216,17.448012324641414,78.38216756321613,3.5,0
98.615,651.281,721.116,17.44802003526,78.38213248309098,12.193,52.0,3.2107,0.4423,14.3871,-0.01584,0.02147,0.01755,17.44801893731378,78.3821397139155,3.5,0
98.635,651.431,721.308,17.448021773199734,78.3821338971496,12.196,52.0,1.053,1.6186,14.0236,0.01406,0.01099,0.00787,17.448008831671267,78.3821016703366,3.5,0
98.655,651.582,721.5,17.44802351154356,78.382135311537,12.199,52.0,1.4665,1.3807,11.6409,-0.02563,0.00688,-0.00084,17.448002560503827,78.38212784067636,3.5,0
98.675,651.732,721.693,17.448025250287003,78.38213672624956,12.202,52.0,0.1138,2.7281,8.3484,0.02116,-0.01065,0.02142,17.44805155129364,78.38213511269856,3.5,0
98.695,651.882,721.885,17.448026989425514,78.38213814128355,12.205,52.0,-1.6459,2.2087,5.9084,0.03756,-0.0026,-4e-05,17.447991719454926,78.38215116061248,3.5,0
98.715,652.033,722.077,17.448028728954487,78.38213955663522,12.207,52.0,-2.1374,2.1084,5.7943,-0.04218,0.01956,0.06993,17.448047335338387,78.38211076177912,3.5,0
98.735,652.183,722.27,17.44803046886925,78.38214097230082,12.21,52.0,-2.8579,1.8193,8.2395,0.02296,-0.00498,-0.03316,17.44804337230598,78.38214203007811,3.5,0
98.755,652.333,722.462,17.448032209165074,78.38214238827643,12.213,52.0,-2.3657,1.3888,11.8504,-0.0098,0.04133,-0.03068,17.448010010885532,78.38213449851256,3.5,0
98.775,652.484,722.655,17.44803394983717,78.38214380455823,12.215,52.0,-0.18,2.1513,20.0655,-0.01398,0.01966,0.00379,17.44803011892249,78.38214744481978,3.5,0
98.795,652.634,722.847,17.44803569088069,78.38214522114221,12.218,52.0,-1.8251,-1.4248,13.8069,-0.02604,0.05617,-0.02821,17.44804008685384,78.38215828329554,3.5,0
98.815,652.785,723.04,17.44803743229072,78.3821466380244,12.221,52.0,0.3242,-2.3111,10.5436,-0.02831,-0.0136,0.04816,17.44804952926586,78.38215679131478,3.5,0
98.835,652.935,723.233,17.4480391740623,78.38214805520076,12.223,52.0,1.4265,-2.9989,6.815,0.00838,-0.04529,0.02172,17.448023778707878,78.3821541681295,3.5,0
98.855,653.086,723.425,17.448040916190397,78.38214947266721,12.226,52.0,3.2081,-2.1442,7.1248,-0.01443,0.00545,0.03788,17.448038857488235,78.38210866690122,3.5,0
98.875,653.236,723.618,17.44804265866994,78.3821508904196,12.228,52.0,3.1031,-1.6429,7.9582,-0.04536,-0.01303,-0.01346,17.448049046150896,78.38213206685211,3.5,0
98.895,653.387,723.811,17.448044401495792,78.38215230845375,12.231,52.0,4.0842,-1.1867,12.1629,0.01117,0.01792,-0.04023,17.448026739077292,78.38213390812166,3.5,0
98.915,653.537,724.004,17.44804614466276,78.38215372676547,12.233,52.0,3.0447,0.983,14.4889,-0.00213,0.01506,0.01954,17.448023248452845,78.38219216756362,3.5,0
98.935,653.688,724.196,17.448047888165604,78.38215514535047,12.235,52.0,0.9804,1.8244,12.6449,-0.01654,0.03189,0.02328,17.44804739432182,78.38216175855341,3.5,0
98.955,653.839,724.389,17.448049631999023,78.38215656420442,12.238,52.0,-0.8996,3.0623,8.1992,0.01706,0.01827,0.04892,17.44802865931088,78.38214986935019,3.5,0
98.975,653.989,724.582,17.448051376157668,78.382157983323,12.24,52.0,-2.0149,3.1572,5.518,0.00673,-0.02053,0.01074,17.44803174358921,78.38216819756953,3.5,0
98.995,654.14,724.775,17.448053120636143,78.3821594027018,12.242,52.0,-2.599,1.377,7.5197,0.00416,0.01021,0.02235,17.448055611400033,78.38214657208647,3.5,0
99.015,654.291,724.968,17.448054865428993,78.3821608223364,12.244,52.0,-2.6945,0.4792,12.2581,-0.04318,0.02832,0.0408,17.44804398539879,78.38216206866069,3.5,0
99.035,654.442,725.161,17.448056610530717,78.38216224222231,12.247,52.0,-1.3592,-1.1858,14.4812,-0.0016,0.03022,0.00566,17.448046527005584,78.38217892448372,3.5,0
99.055,654.593,725.354,17.448058355935768,78.38216366235501,12.249,52.0,0.0957,-2.8704,11.4408,0.00823,0.0088,0.00548,17.44808354453259,78.38217534655644,3.5,0
99.075,654.743,725.547,17.448060101638543,78.38216508272995,12.251,52.0,2.0177,-3.1448,6.6081,-0.01897,0.00445,-0.02703,17.448072695891195,78.38219896390181,3.5,0
99.095,654.894,725.74,17.448061847633404,78.38216650334255,12.253,52.0,4.5702,0.4683,10.6484,-0.01609,0.04404,0.01807,17.44807883856714,78.3821709036154,3.5,0
99.115,655.045,725.933,17.448063593914657,78.38216792418817,12.255,52.0,2.9461,-0.8625,10.643,-0.04762,0.00218,-0.01901,17.448051149138603,78.38216978785685,3.5,0
99.135,655.196,726.127,17.44806534047657,78.38216934526214,12.257,52.0,2.6834,1.3698,14.4295,-0.04886,0.02668,0.04161,17.448065990130292,78.38220239067434,3.5,0
99.155,655.347,726.32,17.44806708731336,78.38217076655977,12.259,52.0,1.4697,2.4631,12.0219,0.01103,0.03466,0.02369,17.448081610478987,78.38216147468806,3.5,0
99.175,655.498,726.513,17.4480688344192,78.38217218807631,12.261,52.0,-1.0141,2.5411,6.655,-0.0125,0.03415,-0.02915,17.448072596168583,78.38221687958367,3.5,0
99.195,655.649,726.706,17.448070581788226,78.38217360980698,12.262,52.0,-2.323,2.237,6.2625,-0.02247,0.02943,-0.01261,17.448082780268034,78.3821701801807,3.5,0
99.215,655.8,726.9,17.448072329414533,78.382175031747,12.264,52.0,-2.979,1.1404,11.6392,-0.01568,0.02219,0.01248,17.448062185763046,78.38217572822424,3.5,0
99.235,655.951,727.093,17.448074077292173,78.38217645389149,12.266,52.0,-2.1679,-0.8143,14.416,0.01498,0.00629,-0.02981,17.448061375104462,78.3821813609895,3.5,0
99.255,656.102,727.286,17.448075825415152,78.38217787623562,12.268,52.0,0.2639,-2.6611,9.9103,0.02852,0.02402,0.02598,17.44805294904196,78.38215271136865,3.5,0
99.275,656.253,727.48,17.44807757377745,78.38217929877446,12.269,52.0,2.5277,-3.3016,5.5168,0.01198,0.0036,-0.00221,17.44808508134212,78.382175276522,3.5,0
99.295,656.404,727.673,17.448079322373,78.38218072150308,12.271,52.0,3.2015,-0.278,8.9185,-0.00708,0.02969,-0.00945,17.448089254176992,78.38216557295281,3.5,0
99.315,656.555,727.866,17.4480810711957,78.38218214441652,12.273,52.0,2.7933,0.3134,14.2347,0.02976,-0.0167,0.0709,17.44809137871113,78.38219288382145,3.5,0
99.335,656.707,728.06,17.44808282023941,78.38218356750978,12.274,52.0,0.5272,2.0525,11.6682,-0.02149,0.00842,-0.00485,17.448071797899946,78.38217610236215,3.5,0
99.355,656.858,728.253,17.44808456949796,78.38218499077786,12.276,52.0,-1.0075,2.8626,5.863,-0.02947,-0.00499,0.05179,17.448092063777576,78.3821845677113,3.5,0
99.375,657.009,728.447,17.44808631896515,78.38218641421568,12.277,52.0,-2.9608,1.7624,8.0905,0.00973,-0.02586,0.04896,17.44810879681283,78.38218290851086,3.5,0
99.395,657.16,728.64,17.44808806863473,78.38218783781818,12.279,52.0,-1.8152,-0.1533,14.0892,0.01041,-0.00727,0.05065,17.448105904140014,78.38217447984708,3.5,0
99.415,657.311,728.834,17.448089818500435,78.38218926158027,12.28,52.0,0.316,-1.6397,11.5665,0.00095,-0.02863,-0.01608,17.44810912307242,78.38220441099232,3.5,0
99.435,657.463,729.027,17.448091568555963,78.38219068549678,12.281,52.0,2.1624,-2.8056,5.646,0.00254,-0.00231,0.00047,17.448059826559977,78.38221076647848,3.5,0
99.455,657.614,729.221,17.44809331879498,78.3821921095626,12.283,52.0,3.0627,-2.0178,9.107,-0.02929,0.01214,0.04027,17.44811434492789,78.38216987521416,3.5,0
99.475,657.765,729.415,17.448095069211128,78.38219353377254,12.284,52.0,1.7743,0.6495,14.4503,-0.00289,0.02958,0.00426,17.448079843086504,78.38218833285053,3.5,0
99.495,657.916,729.608,17.448096819798014,78.38219495812139,12.285,52.0,-0.4628,2.339,9.5344,-0.03213,-0.0005,-0.00609,17.44810304518597,78.3821939322258,3.5,0
99.515,658.068,729.802,17.448098570549224,78.38219638260395,12.286,52.0,-2.8271,3.1227,5.6343,-0.00064,-0.02909,0.04616,17.448096303123126,78.38216343045872,3.5,0
99.535,658.219,729.996,17.44810032145832,78.38219780721496,12.287,52.0,-2.2758,1.1712,12.081,0.02029,0.0035,0.00458,17.448086197211712,78.38220032394524,3.5,0
99.555,658.37,730.189,17.448102072518825,78.38219923194919,12.288,52.0,-0.9784,-1.6575,13.3118,0.00307,0.02923,0.04217,17.448087534667728,78.3822072816925,3.5,0
99.575,658.521,730.383,17.448103823724257,78.38220065680132,12.289,52.0,1.9661,-3.3145,6.1795,-0.01873,-0.02849,0.02073,17.448115373311033,78.38220488316135,3.5,0
99.595,658.673,730.577,17.4481055750681,78.38220208176607,12.29,52.0,2.5618,-2.1573,8.751,-0.00351,-0.00803,0.00153,17.448108965500904,78.38219690907125,3.5,0
99.615,658.824,730.77,17.448107326543816,78.38220350683811,12.291,52.0,2.0056,0.8571,14.4631,-0.00936,0.00465,-0.07465,17.448097043819757,78.3822133668683,3.5,0
99.635,658.976,730.964,17.448109078144853,78.38220493201212,12.292,52.0,-0.0051,2.7956,8.1966,-0.0123,-0.02533,0.00215,17.44808113034204,78.3822105439222,3.5,0
99.655,659.127,731.158,17.448110829864632,78.38220635728274,12.293,52.0,-1.4695,3.4685,10.4269,-0.01127,-0.00681,0.03295,17.44808542465881,78.38217986424912,3.5,0
99.675,659.278,731.352,17.44811258169656,78.38220778264461,12.294,52.0,-2.419,-0.494,14.1579,-0.02866,0.03579,-0.01283,17.448089232139356,78.38222328612511,3.5,0
99.695,659.43,731.545,17.448114333634017,78.38220920809235,12.295,52.0,0.6138,-2.7645,9.67,0.00089,0.02202,-0.03276,17.448143691615606,78.3822134954335,3.5,0
99.715,659.581,731.739,17.448116085670385,78.38221063362056,12.295,52.0,3.721,-2.4228,6.1058,-0.00736,-0.01514,0.01732,17.448129011499923,78.3822299134861,3.5,0
99.735,659.732,731.933,17.44811783779901,78.38221205922385,12.296,52.0,2.9783,-0.9379,13.838,0.02085,0.02362,-0.01071,17.448138246523985,78.38220733636258,3.5,0
99.755,659.884,732.127,17.44811959001324,78.38221348489678,12.296,52.0,0.3265,1.9728,10.0111,0.00473,0.01317,-0.03255,17.448112794981107,78.38224514578036,3.5,0
99.775,660.035,732.32,17.448121342306393,78.38221491063392,12.297,52.0,-2.4326,2.0795,6.1273,0.0278,0.04295,0.05184,17.448095663269584,78.3822232627996,3.5,0
99.795,660.187,732.514,17.448123094671793,78.38221633642985,12.298,52.0,-1.3581,0.3872,14.395,0.02482,0.00954,0.01507,17.448132992834147,78.38223658199375,3.5,0
99.815,660.338,732.708,17.448124847102736,78.38221776227911,12.298,52.0,-0.2763,-2.9423,9.1843,-0.03188,-0.01018,0.03083,17.44813099365909,78.38221263180323,3.5,0
99.835,660.49,732.902,17.448126599592516,78.38221918817624,12.298,52.0,3.5278,-2.133,6.9157,-0.01697,-0.01771,-0.01396,17.448124897455433,78.38223254972962,3.5,0
99.855,660.641,733.096,17.44812835213442,78.38222061411578,12.299,52.0,2.5745,0.7198,14.4707,-0.03097,0.01404,0.00482,17.448128645004832,78.3822275356952,3.5,0
99.875,660.792,733.29,17.44813010472172,78.38222204009224,12.299,52.0,-0.4936,3.2164,7.3376,-0.02412,0.00566,0.03331,17.448171069743324,78.38223036847168,3.5,0
99.895,660.944,733.483,17.448131857347686,78.38222346610019,12.299,52.0,-4.2751,0.5857,5.3984,-0.01865,0.01602,-0.00095,17.44813531920039,78.38223879876416,3.5,0
99.915,661.095,733.677,17.448133610005577,78.38222489213409,12.3,52.0,-1.314,-1.5739,13.8076,0.03025,-0.00765,-0.05682,17.448107131223846,78.38221958110152,3.5,0
99.935,661.247,733.871,17.448135362688653,78.3822263181885,12.3,52.0,2.5441,-3.014,5.5926,0.02566,0.0205,0.00013,17.448132431327533,78.3821968845303,3.5,0
99.955,661.398,734.065,17.448137115390164,78.3822277442579,12.3,52.0,4.5685,-0.8928,12.5075,0.00085,0.03091,0.00797,17.44812483798618,78.38224909243284,3.5,0
99.975,661.55,734.259,17.448138868103364,78.38222917033681,12.3,52.0,0.7851,2.2021,10.5253,-0.01518,0.01161,0.03107,17.448135644980148,78.38222168957553,3.5,0
99.995,661.701,734.453,17.448140620821498,78.38223059641975,12.3,52.0,-3.016,1.9575,6.7098,-0.0367,0.02747,0.01135,17.448157966622315,78.38222652582743,3.5,0
100.015,661.853,734.647,17.44814237353781,78.38223202250119,12.3,52.0,-2.0525,-0.7794,14.4568,-0.0182,0.01345,-0.0042,17.448149216156317,78.38223356172011,3.5,0
100.035,662.004,734.84,17.448144126245555,78.38223344857566,12.3,52.0,1.6736,-2.7138,6.097,-0.00433,0.01186,-0.00985,17.448133536075282,78.38223124191343,3.5,0
100.055,662.155,735.034,17.44814587893798,78.38223487463766,12.3,52.0,2.6681,-0.6184,11.8996,-0.02135,-0.00256,0.04252,17.44815840423851,78.38224301552003,3.5,0
100.075,662.307,735.228,17.448147631608332,78.38223630068171,12.3,52.0,0.3389,2.7798,10.5698,0.01607,0.0318,0.044,17.448168607044508,78.38219624925881,3.5,0
100.095,662.458,735.422,17.44814938424987,78.38223772670233,12.299,52.0,-2.4671,2.729,7.1922,0.03141,-0.00442,-0.03285,17.44815026801141,78.38224557112991,3.5,0
100.115,662.61,735.616,17.448151136855852,78.382239152694,12.299,52.0,-2.0335,-1.339,14.1508,-0.02083,0.01181,0.02663,17.448164490150152,78.38225612649076,3.5,0
100.135,662.761,735.81,17.448152889419543,78.38224057865126,12.299,52.0,2.8316,-2.3749,5.507,-0.0077,-0.01194,-0.03107,17.44813755191151,78.38224119841735,3.5,0
100.155,662.913,736.003,17.448154641934217,78.38224200456865,12.299,52.0,3.2304,-0.199,13.8482,-0.01146,0.02403,0.03869,17.44816986639138,78.38225379239398,3.5,0
100.175,663.064,736.197,17.448156394393152,78.38224343044068,12.298,52.0,-1.0026,3.1143,7.4207,-0.01215,0.00341,0.02144,17.448178113970776,78.38223817687867,3.5,0
100.195,663.216,736.391,17.448158146789634,78.38224485626189,12.298,52.0,-2.9866,1.3774,10.9626,-0.0203,0.01764,0.04319,17.448167219459105,78.3822314870125,3.5,0
100.215,663.367,736.585,17.448159899116963,78.38224628202686,12.297,52.0,0.6632,-2.0646,10.6492,-0.0181,-0.01788,0.02759,17.448175170706737,78.3822531929159,3.5,0
100.235,663.518,736.779,17.448161651368448,78.38224770773009,12.297,52.0,3.6572,-1.9615,7.9324,-0.02907,-0.01156,-0.03868,17.44817141975025,78.38223759330417,3.5,0
100.255,663.67,736.972,17.44816340353741,78.38224913336619,12.296,52.0,1.473,1.3791,13.1644,0.0053,-0.00793,0.01946,17.44813778676963,78.382237473941,3.5,0
100.275,663.821,737.166,17.448165155617186,78.38225055892973,12.296,52.0,-2.6029,1.7178,6.0884,0.00612,0.01237,0.04793,17.44815373312132,78.38224967208268,3.5,0
100.295,663.973,737.36,17.44816690760112,78.38225198441528,12.295,52.0,-1.6417,-1.286,14.3271,0.02216,0.01002,0.05309,17.44818076497562,78.38223409213387,3.5,0
100.315,664.124,737.554,17.448168659482576,78.38225340981745,12.294,52.0,2.3833,-2.1675,5.5094,-0.02915,0.0015,-0.02872,17.448158427945767,78.38226371668102,3.5,0
100.335,664.275,737.747,17.44817041125494,78.38225483513085,12.293,52.0,1.8109,0.3707,14.4743,-0.03193,-0.00714,-0.00673,17.44816434100655,78.3822560544217,3.5,0
100.355,664.427,737.941,17.448172162911597,78.38225626035012,12.293,52.0,-0.857,2.9483,5.6757,-0.03512,-0.01895,0.04728,17.448179530352924,78.38228220333063,3.5,0
100.375,664.578,738.135,17.448173914445967,78.3822576854699,12.292,52.0,-2.3545,-0.0415,14.1412,-0.02473,0.02005,0.01424,17.44818509181166,78.38223723965562,3.5,0
100.395,664.729,738.329,17.44817566585149,78.38225911048482,12.291,52.0,2.0423,-3.0587,6.047,0.02683,-0.01295,0.03542,17.44817226043584,78.38226410073315,3.5,0
100.415,664.881,738.522,17.448177417121613,78.38226053538959,12.29,52.0,3.0343,0.3851,13.7991,-0.02417,0.01551,0.01571,17.448160478909074,78.38225918943984,3.5,0
100.435,665.032,738.716,17.44817916824982,78.3822619601789,12.289,52.0,-1.5275,1.4881,6.2921,-0.00157,-0.0228,-0.02519,17.44818462940754,78.38227977277718,3.5,0
100.455,665.183,738.91,17.4481809192296,78.38226338484742,12.288,52.0,-2.6539,-0.5904,13.6835,0.02916,0.00861,0.02491,17.448162334640394,78.3822859942785,3.5,0
100.475,665.335,739.103,17.44818267005448,78.38226480938992,12.287,52.0,0.2911,-4.4465,3.4774,0.0011,0.03235,0.05422,17.44819927051395,78.3822580928711,3.5,0
100.495,665.486,739.297,17.448184420718007,78.38226623380113,12.286,52.0,3.6097,-0.9229,12.6831,-0.01231,0.01604,-0.0016,17.448188934856788,78.38226657214791,3.5,0
100.515,665.637,739.491,17.448186171213752,78.38226765807583,12.284,52.0,-1.9168,2.7619,5.9719,-0.0559,0.00931,0.01251,17.44820258588682,78.38225892371408,3.5,0
100.535,665.788,739.684,17.448187921535315,78.38226908220882,12.283,52.0,-2.7876,-0.3524,14.2086,-0.0093,0.02811,-0.05512,17.44818625940027,78.38228409910803,3.5,0
100.555,665.94,739.878,17.448189671676317,78.38227050619489,12.282,52.0,2.0744,-2.7774,5.6075,0.00375,-0.00502,-0.00766,17.448190080901625,78.38228170185013,3.5,0
100.575,666.091,740.071,17.44819142163042,78.38227193002888,12.281,52.0,3.0955,0.7648,14.4906,-0.00867,-0.00649,0.01327,17.448177576880504,78.38226607865711,3.5,0
100.595,666.242,740.265,17.448193171391303,78.38227335370567,12.279,52.0,-2.156,2.0646,5.5367,-0.00832,0.01444,0.00248,17.448146552519297,78.38225495121257,3.5,0
100.615,666.393,740.458,17.448194920952677,78.38227477722013,12.278,52.0,-2.0827,-1.9257,14.2223,-0.02916,-0.00066,-0.00496,17.448178792013746,78.38226617104195,3.5,0
100.635,666.544,740.652,17.448196670308295,78.38227620056718,12.276,52.0,3.5748,-2.371,6.2911,0.03266,-0.00713,-0.02191,17.44817689413581,78.38230336513872,3.5,0
100.655,666.696,740.845,17.448198419451934,78.38227762374174,12.275,52.0,1.6277,1.3997,12.8854,-0.01268,-0.01918,-0.03647,17.448185051522113,78.38226795070895,3.5,0
100.675,666.847,741.039,17.448200168377404,78.3822790467388,12.273,52.0,-2.679,0.9616,8.2955,0.01025,-0.01375,0.07038,17.448199448489188,78.38227059195316,3.5,0
100.695,666.998,741.232,17.448201917078553,78.38228046955335,12.272,52.0,0.4402,-2.2367,10.2696,-0.00505,0.0245,0.03459,17.448205089651392,78.382267808795,3.5,0
100.715,667.149,741.425,17.448203665549258,78.3822818921804,12.27,52.0,4.5075,-0.4254,11.8154,-0.01217,0.02398,0.02452,17.4482028564255,78.38229018099815,3.5,0
100.735,667.3,741.619,17.448205413783445,78.38228331461501,12.269,52.0,0.0383,3.171,7.149,-0.01089,0.05859,-0.00556,17.44818368712774,78.38226927124856,3.5,0
100.756,667.451,741.812,17.448207161775066,78.38228473685224,12.267,52.0,-2.7579,-0.2855,14.0178,0.01802,0.02933,-0.0133,17.448224153322787,78.38229813503428,3.5,0
100.776,667.602,742.005,17.44820890951811,78.38228615888724,12.265,52.0,3.1288,-2.6669,5.5104,-0.01548,0.01494,0.01059,17.448214460239296,78.38229022408422,3.5,0
100.796,667.753,742.199,17.44821065700662,78.38228758071513,12.263,52.0,2.1072,1.6854,14.0773,0.0038,0.02638,-0.03015,17.448176658499666,78.38229015049257,3.5,0
100.816,667.904,742.392,17.448212404234663,78.38228900233109,12.261,52.0,-2.6025,1.5685,7.3349,0.00166,-0.0135,0.01603,17.448203734370153,78.38230275904677,3.5,0
100.836,668.055,742.585,17.448214151196357,78.38229042373035,12.26,52.0,-0.6209,-2.1546,10.5124,-0.02009,0.01838,0.00178,17.44820446930172,78.3822865966499,3.5,0
100.856,668.206,742.778,17.448215897885856,78.38229184490812,12.258,52.0,3.2964,-0.8956,11.8958,-0.02243,0.00487,0.03211,17.448228549762334,78.3823150560392,3.5,0
100.876,668.357,742.971,17.448217644297358,78.38229326585973,12.256,52.0,-1.6347,2.9429,6.1972,0.00424,0.05272,-0.0356,17.448201334884367,78.38229057766137,3.5,0
100.896,668.508,743.165,17.44821939042511,78.38229468658045,12.254,52.0,-1.6524,-0.9904,14.504,0.032,0.03232,0.01765,17.44818492577496,78.38227534335871,3.5,0
100.916,668.658,743.358,17.4482211362634,78.38229610706566,12.252,52.0,3.5412,-1.9918,6.4644,-0.03213,0.02567,0.00674,17.448232623968444,78.38229363071855,3.5,0
100.936,668.809,743.551,17.44822288180656,78.38229752731073,12.25,52.0,-0.1828,2.1242,11.1428,-0.01513,-0.01078,0.02403,17.44822399330386,78.3822768075026,3.5,0
100.956,668.96,743.744,17.448224627048976,78.38229894731111,12.248,52.0,-2.8965,-0.0312,11.8573,-0.00396,0.07524,-0.01233,17.448217242143294,78.38231900382705,3.5,0
100.976,669.111,743.937,17.44822637198507,78.38230036706224,12.245,52.0,2.3968,-2.451,5.9497,-0.0022,0.00391,-0.0147,17.448245301076412,78.38230404725721,3.5,0
100.996,669.262,744.13,17.448228116609318,78.38230178655967,12.243,52.0,2.0851,0.5427,14.3268,-0.00718,-0.00457,-0.03185,17.44820637515951,78.38229148909011,3.5,0
101.016,669.412,744.323,17.448229860916253,78.38230320579889,12.241,52.0,-2.5542,2.205,7.7119,0.04439,0.02605,-0.05474,17.44824767556112,78.38231540910792,3.5,0
101.036,669.563,744.516,17.448231604900442,78.38230462477553,12.239,52.0,0.7673,-2.8794,8.9287,-0.00957,-0.02186,0.0553,17.44825123909236,78.3823068661573,3.5,0
101.056,669.714,744.708,17.44823334855652,78.3823060434852,12.236,52.0,3.1478,0.2907,13.8988,-0.03518,-0.01096,0.0713,17.448258738158952,78.38230366061289,3.5,0
101.076,669.864,744.901,17.448235091879162,78.38230746192357,12.234,52.0,-2.4495,2.7458,5.7024,0.0242,-0.00797,0.01912,17.448245501459876,78.38229335354855,3.5,0
101.096,670.015,745.094,17.448236834863103,78.38230888008636,12.232,52.0,-2.282,-4.0181,7.2906,-0.0272,0.01321,0.04193,17.448222039158267,78.3823073316486,3.5,0
101.116,670.166,745.287,17.44823857750312,78.38231029796933,12.229,52.0,2.9052,-0.8009,11.9755,-0.00647,0.01374,-0.0159,17.448233638757912,78.38228363052863,3.5,0
101.136,670.316,745.479,17.44824031979406,78.38231171556826,12.227,52.0,-1.4845,2.6793,5.6028,-0.01951,-0.00446,0.0005,17.44824654428817,78.38233663775746,3.5,0
101.156,670.467,745.672,17.448242061730813,78.38231313287902,12.224,52.0,-1.1026,-2.7228,13.4283,-0.02039,0.00262,0.00879,17.448263002225502,78.3822880952457,3.5,0
101.176,670.617,745.865,17.448243803308333,78.38231454989749,12.222,52.0,5.2746,1.0808,16.6741,-0.03058,-0.0532,-0.00406,17.44823662020626,78.3823275231189,3.5,0
101.196,670.768,746.057,17.448245544521626,78.3823159666196,12.219,52.0,-1.5321,2.1027,6.1036,0.00911,0.00465,0.03271,17.448231611967383,78.38230288215912,3.5,0
101.216,670.918,746.25,17.448247285365753,78.38231738304135,12.217,52.0,-1.5705,-1.5678,14.023,0.01526,0.01041,0.02253,17.448256507960117,78.38231648797135,3.5,0
101.236,671.068,746.442,17.44824902583584,78.38231879915877,12.214,52.0,3.8466,-2.1702,9.5755,0.00613,0.02907,0.02856,17.448252561338137,78.38233412574887,3.5,0
101.256,671.219,746.635,17.44825076592707,78.38232021496793,12.211,52.0,1.4138,5.7514,15.5742,0.02526,0.007,0.06205,17.44825659413256,78.38233980918992,3.5,0
101.276,671.369,746.827,17.448252505634684,78.38232163046497,12.209,52.0,-2.0401,-0.959,14.0971,-0.02029,0.02167,-0.02236,17.44826832185784,78.38235654037373,3.5,0
101.296,671.519,747.019,17.448254244953983,78.38232304564606,12.206,52.0,3.7287,-1.2611,9.6979,-0.01064,0.00289,-0.02466,17.448261268970974,78.38234470108425,3.5,0
101.316,671.67,747.212,17.448255983880333,78.38232446050743,12.203,52.0,-1.4286,2.5319,6.1301,-0.0186,0.04929,0.00556,17.448250630438757,78.38231549663985,3.5,0
101.336,671.82,747.404,17.44825772240916,78.38232587504535,12.2,52.0,-1.2684,-1.7214,13.7515,0.00499,0.0096,0.01485,17.448274738801206,78.38231549255255,3.5,0
101.356,671.97,747.596,17.44825946053595,78.38232728925617,12.198,52.0,3.0005,-2.9357,7.1427,-0.00045,0.00924,0.04252,17.44826249334995,78.3823361856702,3.5,0
101.376,672.12,747.789,17.448261198256258,78.38232870313625,12.195,52.0,-1.735,2.7191,5.6426,-0.03535,-0.01028,0.01699,17.448269477938705,78.38233137853857,3.5,0
101.396,672.27,747.981,17.4482629355657,78.38233011668204,12.192,52.0,-0.6597,-2.4552,12.6958,0.02192,0.02684,-0.01527,17.448283337353498,78.38232658873082,3.5,0
101.416,672.42,748.173,17.448264672459956,78.38233152989002,12.189,52.0,2.8386,-0.4904,12.3937,-0.02276,0.01644,-0.04641,17.448260096332692,78.38231209047237,3.5,0
101.436,672.571,748.365,17.448266408934774,78.38233294275672,12.186,52.0,-2.3417,2.2038,5.6045,-0.03602,0.03174,0.00168,17.448267608619563,78.38233711795417,3.5,0
101.456,672.721,748.557,17.448268144985963,78.38233435527874,12.183,52.0,0.2879,-2.8311,10.5291,-0.0305,-0.00107,0.0311,17.448288353335283,78.38232922450624,3.5,0
101.476,672.871,748.749,17.448269880609413,78.38233576745273,12.18,52.0,2.2962,-0.0815,14.1001,0.01905,0.01186,-0.0158,17.44826690423942,78.3823547659549,3.5,0
101.496,673.02,748.941,17.448271615801062,78.3823371792754,12.177,52.0,-2.6875,1.5895,7.0423,0.02788,0.03826,0.02446,17.448284169127515,78.38236219805377,3.5,0
101.516,673.17,749.133,17.448273350556928,78.3823385907435,12.174,52.0,1.1823,-2.9004,7.5337,-0.00793,0.04851,0.04927,17.448260134732337,78.38231764676443,3.5,0
101.536,673.32,749.324,17.448275084873096,78.38234000185383,12.171,52.0,2.1058,0.6978,14.2657,0.01158,0.03148,-0.04262,17.448285948829902,78.382338498457,3.5,0
101.556,673.47,749.516,17.448276818745725,78.3823414126033,12.168,52.0,-2.5572,1.1138,10.4123,-0.02336,0.02212,0.05174,17.44829790385825,78.38233716834603,3.5,0
101.576,673.62,749.708,17.448278552171033,78.38234282298879,12.165,52.0,2.4742,-2.5457,5.5414,0.00655,-0.0141,0.05794,17.448276551849638,78.38234591612107,3.5,0
101.596,673.77,749.9,17.448280285145316,78.38234423300732,12.161,52.0,1.3429,1.6159,11.4561,0.00351,0.00206,-0.02885,17.448295813936102,78.38233869700596,3.5,0
101.616,673.919,750.091,17.448282017664944,78.3823456426559,12.158,52.0,-2.9312,-0.4407,13.9312,-0.02983,-0.03393,0.05285,17.448291763796743,78.3823585601104,3.5,0
101.636,674.069,750.283,17.44828374972635,78.38234705193169,12.155,52.0,3.3027,-2.2007,7.1748,-0.00522,0.01998,0.0119,17.448265021722264,78.38233839184942,3.5,0
101.656,674.219,750.474,17.44828548132605,78.38234846083179,12.152,52.0,-0.8901,2.2986,6.9672,-0.00423,0.0056,0.02212,17.44828784477029,78.38236467271396,3.5,0
101.676,674.368,750.666,17.44828721246062,78.38234986935345,12.149,52.0,-1.678,-1.6806,13.702,-0.02163,0.0219,-0.04932,17.448295362362472,78.38234644752708,3.5,0
101.696,674.518,750.857,17.44828894312672,78.38235127749394,12.145,52.0,3.7269,-0.7982,12.1106,0.01033,0.00401,-0.00304,17.448307448030583,78.38236222188853,3.5,0
101.716,674.667,751.048,17.448290673321083,78.38235268525061,12.142,52.0,-1.4877,2.6057,5.8318,-0.02795,-0.00728,0.00323,17.448293392952664,78.38233267244938,3.5,0
101.736,674.817,751.24,17.448292403040508,78.38235409262086,12.139,52.0,0.6967,-3.1807,8.6864,0.01155,-0.00071,0.04194,17.448306638212433,78.38235174747838,3.5,0
101.756,674.966,751.431,17.448294132281884,78.38235549960213,12.135,52.0,2.434,0.3967,14.385,0.0299,0.03952,-5e-05,17.4482898714297,78.38236535316848,3.5,0
101.776,675.115,751.622,17.448295861042162,78.38235690619197,12.132,52.0,-2.9222,0.7095,10.7366,0.00576,0.0352,-0.01172,17.448279262800607,78.38236009661493,3.5,0
101.796,675.265,751.813,17.448297589318372,78.38235831238795,12.128,52.0,2.334,-3.3293,5.5301,0.01278,0.00807,-0.02242,17.44826809524738,78.38233801069363,3.5,0
101.816,675.414,752.004,17.448299317107626,78.38235971818773,12.125,52.0,-0.647,2.4358,9.5959,0.0125,0.03999,0.01032,17.448289164162706,78.38236395913265,3.5,0
101.836,675.563,752.196,17.448301044407103,78.38236112358899,12.122,52.0,-2.2341,-1.6576,14.4788,0.01299,0.03032,0.01314,17.448270282724874,78.38231347160557,3.5,0
101.856,675.713,752.386,17.448302771214074,78.38236252858955,12.118,52.0,2.8683,-0.6328,10.2918,-0.0121,-0.00039,0.03539,17.448281436050117,78.38233325846923,3.5,0
101.876,675.862,752.577,17.448304497525875,78.38236393318721,12.115,52.0,-1.4449,2.8643,5.4994,0.00422,-0.00409,-0.01757,17.44825884600764,78.38236091532174,3.5,0
101.896,676.011,752.768,17.448306223339923,78.38236533737987,12.111,52.0,0.3318,-2.8204,9.548,0.00341,-0.00937,-0.01152,17.44829316548099,78.38234532241356,3.5,0
101.916,676.16,752.959,17.448307948653717,78.38236674116551,12.108,52.0,2.1908,1.0066,14.4484,-0.03321,0.00489,0.05075,17.44828359033762,78.38236757216673,3.5,0
101.936,676.309,753.15,17.44830967346483,78.38236814454214,12.104,52.0,-2.6127,0.1596,10.7838,-0.01409,0.0248,0.04151,17.448303835656528,78.3823424967338,3.5,0
101.956,676.458,753.341,17.448311397770926,78.38236954750788,12.101,52.0,2.2792,-1.8707,5.6181,-0.02066,-0.00125,0.04133,17.44831197208918,78.38240339476482,3.5,0
101.976,676.607,753.531,17.44831312156973,78.38237095006086,12.097,52.0,-0.5718,2.0902,8.664,-0.01546,-0.00967,-0.04362,17.448287227702373,78.38235824544647,3.5,0
101.996,676.756,753.722,17.448314844859066,78.38237235219931,12.093,52.0,-1.5509,-1.6323,14.1817,0.01646,0.04024,-0.01788,17.44833771336751,78.38239358310797,3.5,0
102.016,676.905,753.912,17.448316567636823,78.38237375392154,12.09,52.0,3.7396,-1.781,12.0371,-0.01407,0.01979,0.01807,17.44833872754729,78.38237552959248,3.5,0
102.036,677.054,754.103,17.448318289900982,78.38237515522587,12.086,52.0,-2.3888,2.2491,6.2087,-0.01448,0.0083,0.01435,17.448315674323876,78.38237592070534,3.5,0
102.056,677.202,754.293,17.4483200116496,78.38237655611073,12.083,52.0,0.3863,-4.8344,3.8899,-0.00338,-0.03415,-0.00799,17.448328336296417,78.38237190041185,3.5,0
102.076,677.351,754.484,17.448321732880814,78.38237795657462,12.079,52.0,1.4588,1.4966,13.1621,-0.00998,0.02527,0.03274,17.448325065497453,78.3823940289393,3.5,0
102.096,677.5,754.674,17.44832345359285,78.38237935661608,12.075,52.0,-2.4951,-0.4171,13.581,-0.022,-0.01551,0.01497,17.448313989641157,78.3823907376981,3.5,0
102.116,677.648,754.864,17.448325173784003,78.38238075623373,12.072,52.0,3.3873,-2.6717,7.7828,-0.00131,0.01298,0.02474,17.44830175087651,78.38237992312709,3.5,0
102.136,677.797,755.054,17.448326893452666,78.38238215542626,12.068,52.0,-2.0092,2.1505,5.8122,-0.00421,0.02538,0.00227,17.448316876487805,78.38238451008993,3.5,0
102.156,677.946,755.245,17.448328612597308,78.38238355419243,12.064,52.0,-0.1213,-2.5201,10.9932,-0.01687,0.03173,-0.01076,17.448319903157255,78.38240677085396,3.5,0
102.176,678.094,755.435,17.44833033121647,78.38238495253104,12.061,52.0,2.1147,-0.131,14.4987,0.00016,-0.00945,0.03187,17.448350014911604,78.38238536741626,3.5,0
102.196,678.243,755.625,17.448332049308796,78.382386350441,12.057,52.0,-2.9527,0.5917,10.4669,-0.01246,0.03095,0.02428,17.44835297409382,78.38238555702829,3.5,0
102.216,678.391,755.815,17.448333766872995,78.38238774792124,12.053,52.0,2.5727,-2.6113,5.6683,0.01251,0.01192,-0.02148,17.44831461167252,78.38237019077131,3.5,0
102.236,678.539,756.005,17.448335483907872,78.38238914497083,12.05,52.0,0.5073,3.4132,8.0237,-0.04089,0.0178,0.01525,17.448335043515275,78.38239121178289,3.5,0
102.256,678.688,756.194,17.44833720041231,78.3823905415888,12.046,52.0,-1.2422,-1.7262,13.6178,-0.015,-0.01407,0.00144,17.44834342771296,78.38239148572548,3.5,0
102.276,678.836,756.384,17.448338916385275,78.38239193777437,12.042,52.0,2.5741,-0.9335,13.3222,-0.0016,-0.02228,-0.01135,17.448384496036766,78.38241112721231,3.5,0
102.296,678.984,756.574,17.448340631825822,78.38239333352674,12.038,52.0,-2.9279,1.4785,7.6663,-0.01093,0.0477,0.00973,17.448314793381254,78.38240124062789,3.5,0
102.316,679.132,756.764,17.44834234673308,78.3823947288452,12.035,52.0,2.2537,-3.0964,5.7688,-0.03274,0.04264,-0.00226,17.448377002951275,78.38240430059656,3.5,0
102.336,679.28,756.953,17.44834406110628,78.38239612372911,12.031,52.0,-0.2186,0.1265,6.2164,0.03482,-0.02909,0.00599,17.448341377180864,78.38241714889,3.5,0
102.356,679.429,757.143,17.448345774944716,78.38239751817794,12.027,52.0,-2.8977,-1.7633,12.1954,-0.00371,0.02668,0.05754,17.448333175745088,78.38238023905765,3.5,0
102.376,679.577,757.332,17.44834748824778,78.38239891219115,12.023,52.0,2.74,-1.2223,11.2537,-0.02876,0.0006,0.02662,17.44832905329979,78.38240907185903,3.5,0
102.396,679.725,757.522,17.448349201014945,78.38240030576834,12.02,52.0,-2.2156,2.4493,6.0546,0.01157,0.03028,0.04269,17.448334428104406,78.38237423652949,3.5,0
102.416,679.873,757.711,17.448350913245775,78.38240169890915,12.016,52.0,0.7733,-3.2229,7.0585,-0.01146,-0.0208,-0.00483,17.448371341213942,78.38237184059636,3.5,0
102.436,680.02,757.9,17.448352624939904,78.38240309161327,12.012,52.0,1.0269,2.1255,12.6745,0.01732,0.0064,-0.00617,17.448372098526633,78.38239308166158,3.5,0
102.456,680.168,758.09,17.44835433609706,78.38240448388049,12.008,52.0,-2.5699,-0.6162,14.1409,-0.01187,0.01986,0.02848,17.448355436978076,78.38239894098831,3.5,0
102.476,680.316,758.279,17.448356046717066,78.38240587571067,12.005,52.0,3.3666,-2.2749,9.1884,0.01252,-0.02562,-0.05067,17.44835991896104,78.38237561267306,3.5,0
102.496,680.464,758.468,17.44835775679981,78.3824072671037,12.001,52.0,-1.8272,3.2117,5.5163,-0.00354,-0.01668,-0.01645,17.44836281096881,78.3823931761968,3.5,0
102.516,680.612,758.657,17.44835946634527,78.38240865805959,11.997,52.0,0.368,-3.6732,8.8091,-0.00369,0.00379,0.02724,17.448329161486107,78.38240107285834,3.5,0
102.536,680.759,758.846,17.448361175353522,78.38241004857836,11.993,52.0,1.7391,0.8023,13.961,-0.01732,-0.01451,0.02041,17.448342012773768,78.38239633831067,3.5,0
102.556,680.907,759.035,17.448362883824718,78.38241143866018,11.989,52.0,-2.7822,-0.2012,13.0058,-0.01295,0.00873,-0.0031,17.448391676394998,78.38242845949442,3.5,0
102.576,681.055,759.224,17.448364591759088,78.38241282830522,11.986,52.0,3.3301,-1.3506,7.4216,0.00242,0.00657,0.01488,17.448382625438043,78.38242609013437,3.5,0
102.596,681.202,759.413,17.448366299156955,78.38241421751373,11.982,52.0,-1.5323,3.173,5.8484,-0.00973,0.02047,-0.00702,17.448374111169095,78.38241004133272,3.5,0
102.616,681.35,759.601,17.44836800601873,78.38241560628605,11.978,52.0,0.1324,-2.0877,10.7282,-0.02328,0.02249,0.04554,17.448350270984033,78.38242494625602,3.5,0
102.636,681.497,759.79,17.448369712344896,78.38241699462259,11.974,52.0,2.7341,0.4057,14.506,-0.01929,0.00019,0.04163,17.448376750680374,78.38242052796726,3.5,0
102.656,681.644,759.979,17.448371418136034,78.3824183825238,11.971,52.0,-2.7951,1.6028,11.3061,0.00632,0.02858,-0.02488,17.448374262294017,78.38239005926918,3.5,0
102.676,681.792,760.167,17.448373123392805,78.38241976999022,11.967,52.0,3.1593,-2.5858,6.094,0.01016,-0.01289,-0.0235,17.448372040998866,78.38243963627173,3.5,0
102.696,681.939,760.356,17.448374828115952,78.38242115702246,11.963,52.0,-1.5676,2.8276,6.9967,0.01574,-0.00801,0.06537,17.44839218754811,78.38243137283239,3.5,0
102.716,682.086,760.544,17.448376532306302,78.3824225436212,11.959,52.0,-0.7474,-2.194,12.6247,-0.01053,-0.03861,0.00094,17.448369266442395,78.38241383057712,3.5,0
102.736,682.234,760.733,17.448378235964768,78.3824239297872,11.956,52.0,3.0695,-0.124,14.1446,0.03143,0.00733,0.03972,17.448379878372172,78.38245827552001,3.5,0
102.756,682.381,760.921,17.448379939092344,78.38242531552122,11.952,52.0,-2.6867,1.1459,9.1323,0.01595,0.0385,-0.01135,17.44837029159246,78.38241370750974,3.5,0
102.776,682.528,761.11,17.44838164169012,78.38242670082418,11.948,52.0,2.2023,-3.0966,5.513,-0.00464,0.01152,-0.00515,17.448389570062677,78.38241208262741,3.5,0
102.796,682.675,761.298,17.44838334375925,78.38242808569701,11.945,52.0,-0.3941,2.4997,9.0676,-0.00277,-0.008,-0.00019,17.448365826136616,78.38244202714642,3.5,0
102.816,682.822,761.486,17.44838504530099,78.38242947014074,11.941,52.0,-1.7815,-1.5024,14.1443,0.00941,-0.03177,0.02478,17.448380147213253,78.38241915871886,3.5,0
102.836,682.969,761.674,17.448386746316668,78.38243085415644,11.937,52.0,3.4761,-0.8987,12.5604,-0.01921,-0.02589,0.01715,17.448396436844753,78.3824384771343,3.5,0
102.856,683.116,761.862,17.448388446807694,78.38243223774526,11.933,52.0,-2.3395,2.4493,6.838,-0.0323,0.0024,-0.03538,17.448379725664765,78.38239338743699,3.5,0
102.876,683.263,762.05,17.448390146775573,78.38243362090843,11.93,52.0,1.5304,-4.3225,6.3055,-0.00042,0.00322,-0.01281,17.448388270815865,78.38243818482984,3.5,0
102.896,683.41,762.238,17.448391846221877,78.38243500364723,11.926,52.0,1.2434,1.9854,11.8764,-0.00147,0.02278,-0.0084,17.448422491434492,78.38243585173208,3.5,0
102.916,683.556,762.426,17.448393545148274,78.382436385963,11.923,52.0,-2.2852,-0.4787,14.3592,-0.01944,0.03768,0.00876,17.44841598923037,78.38245196439746,3.5,0
102.936,683.703,762.614,17.448395243556508,78.38243776785718,11.919,52.0,3.3757,-1.2939,9.6593,-0.0166,0.01862,0.0257,17.44840736785778,78.38241906950381,3.5,0
102.956,683.85,762.802,17.4483969414484,78.38243914933125,11.915,52.0,-2.2095,2.3088,5.5246,0.01532,0.00015,0.00791,17.44840039815806,78.38245061617049,3.5,0
102.976,683.997,762.989,17.448398638825864,78.38244053038675,11.912,52.0,0.8199,-2.825,9.1227,-0.00098,0.02371,-0.03241,17.448397606069147,78.38243787444891,3.5,0
102.996,684.143,763.177,17.448400335690884,78.38244191102531,11.908,52.0,2.1839,1.2954,14.2628,-0.03551,0.02212,0.02078,17.448385734265866,78.38245008301276,3.5,0
103.016,684.29,763.365,17.448402032045536,78.3824432912486,11.904,52.0,-1.9991,1.0098,12.0461,-0.05439,0.03329,-0.00156,17.448385441280163,78.3824404307124,3.5,0
103.036,684.436,763.552,17.448403727891964,78.3824446710584,11.901,52.0,2.6856,-2.7805,6.2726,-0.04791,-0.00615,0.04797,17.44839056758609,78.38244061065845,3.5,0
103.056,684.583,763.74,17.4484054232324,78.38244605045648,11.897,52.0,-0.6836,2.5548,7.123,0.02827,0.02219,0.00534,17.448413234741356,78.3824440006185,3.5,0
103.076,684.729,763.927,17.44840711806916,78.38244742944477,11.894,52.0,-1.2021,-1.4193,13.1552,-0.01556,0.02382,-0.00536,17.448404199684443,78.38244582927577,3.5,0
103.096,684.876,764.115,17.448408812404626,78.38244880802517,11.89,52.0,2.7515,-1.3165,13.5213,-0.00762,0.00726,-0.00578,17.448403730562067,78.38241538303724,3.5,0
103.116,685.022,764.302,17.448410506241274,78.38245018619972,11.887,52.0,-2.8483,1.4152,7.487,0.04573,-0.01526,0.02945,17.448407470394773,78.3824486143778,3.5,0
103.136,685.168,764.489,17.44841219958165,78.38245156397049,11.883,52.0,1.8673,-2.5312,6.1344,-0.02161,0.01266,-0.02482,17.44838684349779,78.38243748865604,3.5,0
103.156,685.315,764.677,17.44841389242838,78.3824529413396,11.88,52.0,2.1252,2.2008,12.0496,0.01539,-0.00337,-0.01648,17.448404224410012,78.38245275522671,3.5,0
103.176,685.461,764.864,17.448415584784172,78.38245431830926,11.876,52.0,-2.3228,-0.0217,14.8536,-0.00758,0.03003,0.00172,17.448409009866612,78.38248438824118,3.5,0
103.196,685.607,765.051,17.448417276651806,78.38245569488174,11.873,52.0,2.9096,-2.2773,8.3316,0.01464,0.00935,0.02878,17.44838806638959,78.38247601184312,3.5,0
103.216,685.753,765.238,17.44841896803414,78.38245707105936,11.87,52.0,-1.49,2.1252,5.8063,0.00709,0.01247,0.0118,17.448425794849097,78.38246461711262,3.5,0
103.236,685.899,765.425,17.448420658934108,78.38245844684451,11.866,52.0,-1.1609,-2.7291,11.5484,-0.0421,0.00462,0.01108,17.448427080466576,78.3824316563818,3.5,0
103.256,686.045,765.612,17.44842234935473,78.38245982223964,11.863,52.0,2.8075,0.6275,14.236,-0.02115,0.00689,0.02881,17.448442658657665,78.3824455316661,3.5,0
103.276,686.191,765.799,17.448424039299088,78.38246119724727,11.859,52.0,-2.912,1.2196,8.3976,-0.02103,0.0466,-0.01787,17.44842304176239,78.38245305730402,3.5,0
103.296,686.337,765.986,17.448425728770346,78.38246257186995,11.856,52.0,2.3168,-3.0421,5.8423,0.00173,0.02428,0.0317,17.448417303559367,78.38247814968783,3.5,0
103.316,686.483,766.172,17.44842741777174,78.38246394611035,11.853,52.0,1.2988,1.5169,11.8961,-0.01517,-0.01493,0.03561,17.448415353176507,78.38247233364524,3.5,0
103.336,686.629,766.359,17.448429106306584,78.38246531997113,11.85,52.0,-2.7318,-0.0663,13.9686,0.00257,0.01204,0.05585,17.448441938902153,78.38248882665081,3.5,0
103.356,686.775,766.546,17.448430794378268,78.38246669345507,11.846,52.0,3.2341,-2.4829,7.6006,0.00887,-0.01521,0.09898,17.44844308212447,78.38247517036162,3.5,0
103.376,686.921,766.733,17.448432481990242,78.38246806656497,11.843,52.0,-1.5111,2.4649,6.4064,0.03159,0.04684,0.02771,17.448438731449382,78.3824798816046,3.5,0
103.396,687.067,766.919,17.448434169146047,78.38246943930372,11.84,52.0,-1.4058,-2.7658,13.0574,0.00829,0.03967,0.03921,17.448429332057255,78.3824753921515,3.5,0
103.416,687.212,767.106,17.44843585584928,78.38247081167422,11.837,52.0,3.3424,-1.3471,12.9024,-0.00406,0.04699,-0.00756,17.448463391182763,78.38247479543034,3.5,0
103.436,687.358,767.292,17.448437542103616,78.3824721836795,11.834,52.0,-3.5849,1.4378,4.613,0.00139,-0.02233,0.02979,17.448435452091072,78.38244424794927,3.5,0
103.456,687.504,767.479,17.448439227912804,78.38247355532258,11.83,52.0,0.7175,-3.4981,8.142,-0.03682,-0.00907,0.06696,17.44843078776992,78.38246620573557,3.5,0
103.476,687.649,767.665,17.44844091328066,78.38247492660658,11.827,52.0,1.7707,1.6933,14.3351,-0.01377,-0.00365,-0.0323,17.44845128698473,78.38248887891572,3.5,0
103.496,687.795,767.851,17.44844259821107,78.38247629753465,11.824,52.0,-2.7626,0.1507,10.3149,-0.02232,-0.0071,0.04563,17.44843468882133,78.38250215317281,3.5,0
103.516,687.941,768.038,17.448444282707985,78.38247766811001,11.821,52.0,3.0498,-3.3259,5.5105,0.01939,-0.00631,0.02664,17.448422170203447,78.3824711285361,3.5,0
103.536,688.086,768.224,17.448445966775434,78.38247903833594,11.818,52.0,0.2438,1.9238,11.4894,0.01249,-0.00426,0.03517,17.448480936957925,78.38249583744198,3.5,0
103.556,688.232,768.41,17.44844765041751,78.38248040821577,11.815,52.0,-3.3355,-0.4082,13.7406,-0.03931,0.00801,0.02497,17.448460349629727,78.38247121376601,3.5,0
103.576,688.377,768.596,17.448449333638365,78.38248177775287,11.812,52.0,3.0916,-2.9359,6.6406,0.01086,0.02222,-0.0309,17.448450752781426,78.38247539812197,3.5,0
103.596,688.522,768.782,17.448451016442228,78.3824831469507,11.809,52.0,-0.5181,2.0476,7.9434,0.01558,0.02539,-0.045,17.448453367104626,78.38244554335662,3.5,0
103.616,688.668,768.968,17.448452698833385,78.38248451581273,11.806,52.0,-1.7584,-1.6875,14.4017,-0.01718,0.03473,0.0125,17.448433850685074,78.38250608251373,3.5,0
103.636,688.813,769.155,17.4484543808162,78.38248588434253,11.804,52.0,3.2294,-1.8901,9.3628,0.01412,0.02073,-0.03072,17.448455793676942,78.38249153247041,3.5,0
103.656,688.959,769.341,17.448456062395092,78.38248725254367,11.801,52.0,-1.5463,3.3072,5.9478,0.00128,0.02069,0.06073,17.44845192643879,78.382475778139,3.5,0
103.676,689.104,769.526,17.44845774357454,78.3824886204198,11.798,52.0,-0.9115,-1.9607,13.243,-0.02776,0.03971,-0.01975,17.448449010115862,78.38251850629747,3.5,0
103.696,689.249,769.712,17.448459424359097,78.38248998797464,11.795,52.0,3.7661,-0.6424,11.6589,-0.03039,0.03036,0.04185,17.448440339042364,78.38248834581641,3.5,0
103.716,689.394,769.898,17.448461104753374,78.38249135521193,11.792,52.0,-2.8261,2.6206,5.4652,0.04878,0.02055,0.0194,17.44844262995751,78.38251527153916,3.5,0
103.736,689.539,770.084,17.448462784762036,78.38249272213547,11.79,52.0,-0.5898,-1.9451,11.7784,-0.00668,-0.02321,0.03231,17.44846265745081,78.38246951301566,3.5,0
103.756,689.685,770.27,17.448464464389822,78.3824940887491,11.787,52.0,3.2931,-1.7684,12.9486,0.00506,0.04472,-0.01706,17.44846353561914,78.38251442248814,3.5,0
103.776,689.83,770.455,17.448466143641518,78.38249545505674,11.784,52.0,-2.7005,2.1734,5.6347,-0.03238,-0.02032,0.0673,17.448469134227597,78.38251183623073,3.5,0
103.796,689.975,770.641,17.448467822521984,78.38249682106233,11.782,52.0,0.5853,-2.0457,10.8827,0.03195,-0.00058,0.00979,17.44845901644487,78.38249546910839,3.5,0
103.816,690.12,770.827,17.44846950103613,78.38249818676987,11.779,52.0,2.8688,-0.6705,13.4196,0.0143,-0.0322,0.0729,17.448457517964055,78.38249151069269,3.5,0
103.836,690.265,771.012,17.448471179188914,78.38249955218339,11.777,52.0,-2.424,2.9522,5.7531,0.00091,0.05173,0.02501,17.44848392177898,78.38248615050858,3.5,0
103.856,690.41,771.198,17.448472856985376,78.38250091730698,11.774,52.0,0.1394,-1.9871,10.8138,0.03191,0.00219,-0.01212,17.448477347808243,78.38251983657548,3.5,0
103.876,690.555,771.384,17.448474534430588,78.3825022821448,11.772,52.0,2.9153,-0.6976,13.2587,-0.03214,0.01616,0.02816,17.44848457924386,78.38249073597699,3.5,0
103.896,690.7,771.569,17.44847621152969,78.382503646701,11.769,52.0,-3.0337,2.1202,5.5923,-0.016,-0.01953,0.03584,17.448499382159568,78.3824648623567,3.5,0
103.916,690.844,771.754,17.44847788828788,78.38250501097981,11.767,52.0,-0.5518,-2.8175,11.6282,-0.00161,0.01885,-0.0016,17.448476097047738,78.38252518895492,3.5,0
103.936,690.989,771.94,17.448479564710397,78.38250637498551,11.765,52.0,3.7018,-1.1135,12.3643,-0.01448,0.037,0.02407,17.448460474295924,78.38251150448264,3.5,0
103.956,691.134,772.125,17.44848124080254,78.38250773872241,11.762,52.0,-2.0691,1.9792,5.4875,0.01341,-0.00274,0.03677,17.44846663815797,78.3825037712061,3.5,0
103.976,691.279,772.311,17.448482916569663,78.38250910219486,11.76,52.0,-1.3394,-1.8408,13.1212,0.00768,0.01449,-0.02028,17.44847034678135,78.38250373515675,3.5,0
103.996,691.424,772.496,17.448484592017167,78.38251046540725,11.758,52.0,3.7755,-2.0609,10.3768,0.02158,0.02142,-0.01049,17.44847512509202,78.38255166164369,3.5,0
104.016,691.569,772.681,17.448486267150507,78.38251182836403,11.756,52.0,-1.3601,2.7925,6.3695,0.0011,-0.00868,-0.02533,17.44848188874619,78.38250727542797,3.5,0
104.036,691.713,772.866,17.448487941975184,78.38251319106966,11.753,52.0,-2.0535,-1.0209,14.4126,-0.02232,0.03043,0.06282,17.448503270693156,78.38250720711213,3.5,0
104.056,691.858,773.052,17.44848961649675,78.38251455352868,11.751,52.0,3.3271,-2.9274,7.4332,-0.00825,-0.00376,-0.00397,17.448474011816796,78.38250931632076,3.5,0
104.076,692.003,773.237,17.448491290720806,78.38251591574563,11.749,52.0,0.2542,2.9285,9.2418,0.00963,0.01715,0.06548,17.448486318754483,78.38250433748475,3.5,0
104.096,692.147,773.422,17.448492964652996,78.3825172777251,11.747,52.0,-1.718,0.0907,13.5233,-0.00843,0.01189,0.00894,17.448498692696514,78.38251113084144,3.5,0
104.116,692.292,773.607,17.448494638299014,78.38251863947173,11.745,52.0,2.855,-2.6107,5.4913,0.00045,0.03818,-0.05787,17.448499514167136,78.38252406731894,3.5,0
104.136,692.436,773.792,17.44849631166459,78.38252000099018,11.743,52.0,1.9606,1.1609,13.3057,-0.01088,0.01905,0.0298,17.448495098414146,78.38251226169892,3.5,0
104.156,692.581,773.977,17.44849798475552,78.38252136228516,11.741,52.0,-3.1823,1.546,9.238,0.00822,-0.03038,0.02318,17.448511003044793,78.38249047195829,3.5,0
104.176,692.726,774.162,17.44849965757762,78.38252272336142,11.739,52.0,0.5443,-2.5012,7.9385,0.00857,0.0164,-0.00052,17.44850584480237,78.3824994972184,3.5,0
104.196,692.87,774.347,17.448501330136757,78.38252408422372,11.737,52.0,2.9764,-0.1703,13.9555,0.04586,0.0173,0.00532,17.44854779679655,78.38253415045467,3.5,0
104.216,693.015,774.532,17.448503002438844,78.38252544487688,11.736,52.0,-2.1158,3.2008,5.5024,-0.03463,0.02353,0.04793,17.448477046923752,78.38250534502556,3.5,0
104.236,693.159,774.717,17.44850467448983,78.38252680532572,11.734,52.0,-1.643,-1.8402,13.5554,0.0044,0.0031,0.00788,17.44850855051953,78.38253405068262,3.5,0
104.256,693.304,774.902,17.448506346295705,78.38252816557514,11.732,52.0,3.2753,-1.5825,8.2863,0.03944,-0.01635,-0.00133,17.448480683215795,78.3825492129866,3.5,0
104.276,693.448,775.087,17.448508017862494,78.38252952563002,11.731,52.0,0.1777,2.4022,9.4679,0.02183,-0.01701,-0.05551,17.448516273152475,78.38253881869899,3.5,0
104.296,693.592,775.272,17.448509689196268,78.38253088549531,11.729,52.0,-2.7183,0.5597,12.4967,0.03583,0.00943,0.0336,17.448529644279812,78.38253298267259,3.5,0
104.316,693.737,775.456,17.448511360303126,78.38253224517598,11.727,52.0,1.9901,-3.7077,6.1082,-0.02353,0.0463,0.01334,17.448516559471177,78.38253323689656,3.5,0
104.336,693.881,775.641,17.448513031189208,78.38253360467701,11.726,52.0,2.7038,0.5464,14.4628,-0.00096,0.01301,0.01481,17.44854758806385,78.38253571567198,3.5,0
104.356,694.026,775.826,17.448514701860688,78.38253496400344,11.724,52.0,-2.5575,2.0203,5.6685,-0.02964,0.01177,0.0281,17.448497630053854,78.38253383065846,3.5,0
104.376,694.17,776.011,17.448516372323773,78.3825363231603,11.723,52.0,-1.4403,-2.171,13.5941,-0.01911,0.01867,0.02166,17.448521563677748,78.38251637608431,3.5,0
104.396,694.314,776.196,17.448518042584702,78.38253768215269,11.721,52.0,2.7752,-1.5358,7.4933,0.02612,0.03253,-0.03008,17.448519305635806,78.38253502376723,3.5,0
104.416,694.459,776.38,17.44851971264975,78.38253904098569,11.72,52.0,1.3568,1.9222,11.2591,-0.02536,0.00628,-0.00694,17.448526871520883,78.38255406123449,3.5,0
104.436,694.603,776.565,17.448521382525218,78.38254039966445,11.719,52.0,-2.9986,0.7152,9.9748,-0.00812,0.03011,0.01618,17.448526572487868,78.38255870558079,3.5,0
104.456,694.747,776.75,17.448523052217443,78.38254175819411,11.717,52.0,0.4948,-2.9736,8.9057,-0.02064,0.03482,0.01024,17.44853571152628,78.38253791866909,3.5,0
104.476,694.891,776.934,17.44852472173278,78.38254311657985,11.716,52.0,2.9326,-1.4842,12.0138,0.00369,0.02787,-0.04722,17.4485035261238,78.38255137922849,3.5,0
104.496,695.036,777.119,17.448526391077625,78.38254447482687,11.715,52.0,0.3332,3.1115,7.255,-0.03161,0.03573,-0.01189,17.44854408651538,78.38255141689066,3.5,0
104.516,695.18,777.303,17.448528060258397,78.3825458329404,11.714,52.0,-3.1734,-0.2408,13.289,-0.00196,0.05177,0.04385,17.448519925461653,78.38254778296916,3.5,0
104.536,695.324,777.488,17.448529729281532,78.38254719092566,11.713,52.0,1.4854,-2.7947,6.3379,0.01624,0.01229,-0.09634,17.44854425348357,78.38254991692119,3.5,0
104.556,695.468,777.673,17.4485313981535,78.38254854878792,11.712,52.0,3.1219,0.414,13.9143,-0.00908,0.00444,-0.06817,17.44854540939516,78.38255169778006,3.5,0
104.576,695.612,777.857,17.448533066880795,78.38254990653249,11.711,52.0,-1.2815,2.3929,5.9346,0.02488,-0.0141,0.00185,17.448517881539015,78.38254867500514,3.5,0
104.596,695.757,778.042,17.44853473546993,78.38255126416463,11.71,52.0,-2.0929,-0.2241,14.1451,0.00816,0.02046,0.01401,17.44852835589079,78.38255095694107,3.5,0
104.616,695.901,778.226,17.44853640392744,78.38255262168968,11.709,52.0,2.7011,-3.3929,5.8254,-0.00883,0.01228,0.00095,17.448521312176126,78.38256511742445,3.5,0
104.636,696.045,778.411,17.44853807225989,78.38255397911297,11.708,52.0,3.0685,1.0198,14.1341,-0.0163,0.02991,0.03288,17.44852985529176,78.38254016476027,3.5,0
104.656,696.189,778.595,17.448539740473848,78.38255533643985,11.707,52.0,-1.9282,2.9776,5.9371,0.01835,0.00974,0.07414,17.44855219719255,78.38253307801611,3.5,0
104.676,696.333,778.78,17.44854140857591,78.3825566936757,11.706,52.0,-2.6823,-0.3277,13.8878,-0.00827,-0.00671,0.03405,17.448554186365783,78.38254479125347,3.5,0
104.696,696.477,778.964,17.448543076572694,78.38255805082588,11.705,52.0,1.7631,-3.2867,6.3646,-0.00443,0.01264,-0.04875,17.448556349831275,78.38255428661373,3.5,0
104.716,696.622,779.149,17.448544744470826,78.3825594078958,11.705,52.0,3.9642,-0.4994,13.2338,0.04035,-0.0219,-0.01726,17.448541474772593,78.38255991523646,3.5,0
104.736,696.766,779.333,17.448546412276958,78.38256076489085,11.704,52.0,-1.3704,2.4417,7.3355,0.0191,0.01212,0.01072,17.448516615293805,78.38256437928746,3.5,0
104.756,696.91,779.518,17.448548079997742,78.38256212181648,11.704,52.0,-4.1807,-0.9093,6.1515,-0.01726,0.00121,-0.04126,17.44854797318233,78.38255175876071,3.5,0
104.776,697.054,779.702,17.448549747639856,78.38256347867808,11.703,52.0,0.5862,-3.2448,9.0789,0.00034,0.03923,0.02295,17.448571660249133,78.38259363212595,3.5,0
104.796,697.198,779.887,17.448551415209984,78.38256483548112,11.702,52.0,3.7194,-1.5192,9.759,0.01844,0.04088,0.02704,17.448569281281475,78.38257447650392,3.5,0
104.816,697.342,780.071,17.448553082714824,78.38256619223104,11.702,52.0,0.6986,2.022,11.5173,-0.01462,0.01434,-0.05586,17.44853954245246,78.38256007615598,3.5,0
104.836,697.486,780.255,17.448554750161083,78.3825675489333,11.702,52.0,-3.1706,1.8658,7.2131,0.02697,-0.02391,0.01219,17.448579579975252,78.38256120691169,3.5,0
104.856,697.63,780.44,17.44855641755548,78.38256890559335,11.701,52.0,-0.6208,-1.0936,15.3174,0.00731,-0.00796,0.0184,17.448540099671728,78.38256625772495,3.5,0
104.876,697.774,780.624,17.44855808490474,78.38257026221667,11.701,52.0,2.8999,-2.8119,5.5653,0.04411,0.01415,-0.03001,17.448558741597704,78.38258180248683,3.5,0
104.896,697.918,780.809,17.448559752215594,78.38257161880877,11.701,52.0,3.1065,0.6433,14.3683,-0.00715,-0.00361,0.00099,17.44854618402612,78.38259549830292,3.5,0
104.916,698.062,780.993,17.44856141949478,78.38257297537508,11.7,52.0,-1.1721,2.8836,6.5404,0.01,0.00811,0.02391,17.448599584595254,78.38260022454077,3.5,0
104.936,698.207,781.177,17.448563086749044,78.38257433192112,11.7,52.0,-3.1801,0.8431,11.7679,-0.01589,0.04718,-0.01079,17.448562561186673,78.38258685055585,3.5,0
104.956,698.351,781.362,17.448564753985128,78.38257568845236,11.7,52.0,-0.598,-3.7435,10.4871,-0.00331,0.00484,0.04044,17.448542250317868,78.38256152212102,3.5,0
104.976,698.495,781.546,17.448566421209787,78.38257704497431,11.7,52.0,3.5119,-2.1462,7.1438,-0.01334,5.49422,-0.02497,17.448587654225058,78.38260092445863,3.5,0
104.996,698.639,781.731,17.44856808842977,78.38257840149245,11.7,52.0,2.1986,7.7463,14.2387,0.01918,5.31794,-0.00062,17.44854722766927,78.38257530540861,3.5,0
105.016,698.786,781.92,17.448569797293782,78.38257979189389,11.992,52.0,3.0078,6.0036,10.6368,-0.03411,-5.84783,-0.00183,17.448563665339933,78.38257902903845,3.5,0
105.036,698.934,782.108,17.44857150478961,78.3825811811821,11.983,52.0,-0.7061,-2.146,11.9308,-0.0579,-5.66246,0.00081,17.4485923291527,78.38258241366414,3.5,0
105.056,699.081,782.297,17.44857321091725,78.3825825693571,11.973,52.0,-2.7818,1.3675,6.209,0.00431,0.00478,0.01597,17.448567228314033,78.38257161500597,3.5,0
105.076,699.229,782.486,17.448574915676705,78.3825839564189,11.963,52.0,1.8898,0.0455,14.5181,-0.00021,0.01272,-0.01735,17.448581038467083,78.38258268934534,3.5,0
105.096,699.376,782.674,17.448576619067975,78.38258534236748,11.954,52.0,1.4001,-3.6633,6.2538,-0.01692,0.02775,-0.01308,17.44856026566508,78.38257253437945,3.5,0
105.116,699.523,782.862,17.44857832109106,78.38258672720283,11.944,52.0,-3.3703,0.6598,11.877,0.00066,-0.01185,-0.02448,17.44860973579427,78.38260569083269,3.5,0
105.136,699.67,783.05,17.448580021745954,78.382588110925,11.935,52.0,0.2662,1.7681,10.6318,-0.04053,0.01067,0.01254,17.448558755601585,78.38256763641448,3.5,0
105.156,699.817,783.238,17.448581721032667,78.38258949353394,11.925,52.0,2.9194,-2.0382,7.1179,0.03,-0.04906,0.02749,17.448572038810358,78.38261554334113,3.5,0
105.176,699.963,783.426,17.448583418951195,78.38259087502966,11.915,52.0,-2.3219,-1.6634,14.2842,-0.01701,0.00907,-0.00041,17.448579224843805,78.38260061181286,3.5,0
105.196,700.11,783.614,17.448585115501533,78.38259225541219,11.906,52.0,-0.9494,2.2285,5.6315,0.01973,0.01715,-0.01684,17.448559216284036,78.38259540188983,3.5,0
105.216,700.256,783.801,17.44858681068369,78.3825936346815,11.896,52.0,3.6751,-0.9213,13.148,-0.02415,0.01334,-0.01491,17.448589822115864,78.38258222761917,3.5,0
105.236,700.403,783.989,17.448588504497657,78.3825950128376,11.887,52.0,0.2547,-2.9003,9.0071,-0.02811,0.04992,0.0253,17.44860831207968,78.3826252967879,3.5,0
105.256,700.549,784.176,17.448590196943442,78.38259638988048,11.877,52.0,-2.836,0.3884,8.563,-0.0199,-0.00261,-0.05623,17.448617775616917,78.3826262450285,3.5,0
105.276,700.695,784.363,17.44859188802104,78.38259776581016,11.867,52.0,1.7329,1.0551,13.4457,-0.00039,0.00345,0.00109,17.44860127067245,78.38260125310381,3.5,0
105.296,700.841,784.55,17.448593577730453,78.38259914062662,11.858,52.0,3.1203,-3.2896,5.5537,0.01664,0.00621,-0.01726,17.448579747877236,78.38258344217147,3.5,0
105.316,700.987,784.736,17.448595266071678,78.38260051432987,11.848,52.0,-2.7708,-0.6127,14.1669,0.02992,0.02074,-0.01781,17.44857111556319,78.38259027133219,3.5,0
105.336,701.133,784.923,17.448596953044717,78.38260188691991,11.839,52.0,-0.368,2.0373,7.2961,0.01988,0.0459,0.03153,17.448645818944158,78.38260119343212,3.5,0
105.356,701.279,785.109,17.44859863864957,78.38260325839673,11.829,52.0,3.1819,-2.2641,10.4862,-0.02989,0.03207,0.00452,17.44861731195271,78.38259039543064,3.5,0
105.376,701.424,785.296,17.448600322886243,78.38260462876035,11.819,52.0,-1.0115,-2.7525,11.8648,-0.00568,0.00042,-0.01669,17.448625642149317,78.38260316938191,3.5,0
105.396,701.569,785.482,17.448602005754726,78.38260599801076,11.81,52.0,-2.35,1.2573,6.317,-0.01168,-0.02101,0.01818,17.448607045566526,78.38259100003955,3.5,0
105.416,701.715,785.668,17.448603687255023,78.38260736614795,11.8,52.0,2.8856,-0.5099,14.4852,-0.0034,0.02902,0.02137,17.448623151084238,78.38260080473661,3.5,0
105.436,701.86,785.854,17.448605367387135,78.38260873317192,11.791,52.0,2.9438,-3.1419,5.9404,0.00579,0.01456,0.04125,17.448602610385986,78.3826146485544,3.5,0
105.456,702.005,786.039,17.44860704615106,78.3826100990827,11.781,52.0,-3.3323,0.1483,12.5562,-0.01743,0.02526,0.01152,17.44858663662407,78.38260443087024,3.5,0
105.476,702.15,786.225,17.448608723546798,78.38261146388025,11.771,52.0,0.3558,2.0628,9.6621,0.03749,-0.01637,-0.00787,17.448588257097796,78.38260301515855,3.5,0
105.496,702.295,786.41,17.448610399574353,78.3826128275646,11.762,52.0,3.1563,-1.9593,8.0954,-0.01038,-0.00349,0.05628,17.448609374064866,78.3826090218494,3.5,0
105.516,702.44,786.595,17.448612074233722,78.38261419013573,11.752,52.0,-0.9613,-2.4577,13.6985,0.01306,-0.00832,0.05279,17.448614784228283,78.38260248171181,3.5,0
105.536,702.584,786.78,17.448613747524906,78.38261555159364,11.743,52.0,-2.7556,1.4475,5.5363,-0.03114,0.02538,0.08097,17.448617452243706,78.38260526923867,3.5,0
105.556,702.729,786.965,17.4486154194479,78.38261691193836,11.733,52.0,2.3819,-0.4363,14.1298,0.0377,-0.03093,0.04196,17.44859339219816,78.38265703224134,3.5,0
105.576,702.873,787.15,17.448617090002713,78.38261827116986,11.723,52.0,0.9084,-3.5214,7.3095,0.01168,-0.01696,0.0269,17.448621336247577,78.38260769856986,3.5,0
105.596,703.017,787.335,17.448618759189337,78.38261962928814,11.714,52.0,-2.9512,0.2068,10.6285,-0.00776,0.01572,-0.06464,17.448572300945095,78.3826257632932,3.5,0
105.616,703.161,787.519,17.44862042700778,78.38262098629322,11.704,52.0,0.5366,1.5049,11.6383,0.00528,-0.02864,0.05605,17.448624183732164,78.3826051767125,3.5,0
105.636,703.305,787.704,17.44862209345803,78.38262234218509,11.695,52.0,3.3701,-3.1331,6.5662,0.00696,0.01585,0.00772,17.44860844153418,78.3825919444267,3.5,0
105.656,703.449,787.888,17.4486237585401,78.38262369696373,11.685,52.0,-1.4098,-2.4233,14.4198,0.00228,-0.00076,0.00166,17.448616546481546,78.3826109144865,3.5,0
105.676,703.593,788.072,17.448625422253983,78.38262505062917,11.675,52.0,-1.4541,1.9618,5.7132,-0.00717,-0.0429,0.02112,17.44864861277632,78.38262385607484,3.5,0
105.696,703.737,788.256,17.44862708459968,78.3826264031814,11.666,52.0,3.8163,-1.4094,13.1584,-0.02705,0.03175,-0.01202,17.44862999965287,78.38261375544732,3.5,0
105.716,703.88,788.439,17.44862874557719,78.38262775462042,11.656,52.0,3.3083,0.142,17.0314,0.02968,-0.02955,0.03892,17.448625672762727,78.38259948697295,3.5,0
105.736,704.023,788.623,17.448630405186517,78.38262910494622,11.647,52.0,-3.4582,0.6931,9.0711,0.00178,0.02144,-0.03946,17.448632639412054,78.38262149152705,3.5,0
105.756,704.167,788.806,17.448632063427656,78.38263045415881,11.637,52.0,1.8499,1.6609,12.9017,-0.01723,0.03018,0.03755,17.448652712491516,78.38263123870759,3.5,0
105.776,704.31,788.989,17.44863372030061,78.38263180225819,11.627,52.0,2.6276,-2.479,5.8446,-0.00733,0.01615,0.02465,17.44865044191285,78.38264366918467,3.5,0
105.796,704.453,789.173,17.448635375805377,78.38263314924437,11.618,52.0,-1.7899,-1.0185,14.4902,0.02153,0.02949,0.00774,17.44866814962254,78.38263165947453,3.5,0
105.816,704.596,789.356,17.44863702994196,78.38263449511732,11.608,52.0,-0.6784,1.5465,6.2417,0.02271,-0.02044,0.04693,17.448620714291653,78.38262083083687,3.5,0
105.836,704.739,789.538,17.448638682710353,78.38263583987707,11.599,52.0,3.4932,-0.7067,12.2186,-0.00775,-0.00542,0.0284,17.44863376643083,78.3826550338722,3.5,0
105.856,704.881,789.721,17.448640334110564,78.3826371835236,11.589,52.0,-0.3248,-2.4869,9.8375,-0.01298,0.03433,0.10426,17.44865598933621,78.38266932257832,3.5,0
105.876,705.024,789.903,17.44864198414259,78.38263852605692,11.579,52.0,-3.2743,1.2165,8.0969,-0.01162,0.0395,-0.01121,17.448660613268302,78.38264277200577,3.5,0
105.896,705.167,790.086,17.44864363280643,78.38263986747704,11.57,52.0,2.1531,1.509,13.5563,0.01898,0.05247,0.00848,17.448648888660628,78.3826639964113,3.5,0
105.916,705.309,790.268,17.44864528010208,78.38264120778393,11.56,52.0,2.6257,-3.4595,5.5948,0.02415,-0.00119,0.01321,17.44866175065159,78.3826533131924,3.5,0
105.936,705.451,790.45,17.44864692602955,78.38264254697762,11.551,52.0,-2.2942,-1.7996,14.3424,-0.00697,0.0096,0.039,17.44864524410119,78.38267526867827,3.5,0
105.956,705.593,790.632,17.448648570588833,78.3826438850581,11.541,52.0,-0.767,1.8452,6.6814,0.01102,0.0277,0.01086,17.44863985017562,78.3826462634899,3.5,0
105.976,705.735,790.814,17.448650213779928,78.38264522202536,11.531,52.0,3.6478,-0.8202,11.6405,-0.00825,0.00324,-0.03336,17.44865371819842,78.38266019312417,3.5,0
105.996,705.877,790.995,17.44865185560284,78.38264655787941,11.522,52.0,0.1908,-3.6386,10.4123,-0.02903,-0.03293,-0.0712,17.44863752502666,78.38266931299226,3.5,0
106.016,706.019,791.177,17.448653496057563,78.38264789262026,11.512,52.0,-2.9419,1.3088,7.6734,0.01022,0.0249,-0.01726,17.448658159075322,78.3826489060048,3.5,0
106.036,706.16,791.358,17.4486551351441,78.38264922624788,11.503,52.0,1.6381,0.8795,13.7992,-0.00503,0.00683,0.02209,17.44865030915347,78.38266150307827,3.5,0
106.056,706.302,791.539,17.448656772862456,78.38265055876231,11.493,52.0,2.9649,-3.4834,5.5405,-0.00461,0.01818,0.01637,17.448631145189566,78.38265219645976,3.5,0
106.076,706.443,791.72,17.448658409212623,78.3826518901635,11.483,52.0,-1.0992,0.254,17.7695,0.01413,0.0265,-0.02168,17.448672959457916,78.38264075610944,3.5,0
106.096,706.585,791.901,17.448660044194604,78.3826532204515,11.474,52.0,-1.1015,2.176,6.8122,-0.02859,0.02403,-0.00093,17.448662962169546,78.38262957032775,3.5,0
106.116,706.726,792.082,17.4486616778084,78.38265454962628,11.464,52.0,3.8212,-1.7686,11.536,-0.04445,0.01833,-0.03207,17.448658619964856,78.3826752546977,3.5,0
106.136,706.867,792.262,17.44866331005401,78.38265587768785,11.455,52.0,0.9075,-2.4237,13.3875,0.00535,0.01465,-0.01137,17.448672831438596,78.38268220496049,3.5,0
106.156,707.008,792.442,17.448664940931433,78.38265720463622,11.445,52.0,-3.196,1.3905,7.703,0.03187,0.02242,0.03625,17.44867634343919,78.38265455496797,3.5,0
106.176,707.149,792.623,17.448666570440672,78.38265853047136,11.435,52.0,1.4269,1.3237,13.7343,0.0173,-0.01105,-0.0184,17.448681115512837,78.38264452527731,3.5,0
106.196,707.289,792.803,17.448668198581725,78.3826598551933,11.426,52.0,2.2736,-2.9128,5.5688,-0.01714,0.00325,0.04195,17.448655869407943,78.38266936200291,3.5,0
106.216,707.43,792.983,17.448669825354592,78.38266117880201,11.416,52.0,-2.4245,-1.3831,14.3447,0.00373,-0.00498,-0.0485,17.448652226486235,78.38266807566112,3.5,0
106.236,707.57,793.162,17.448671450759274,78.38266250129753,11.407,52.0,-0.6105,1.6513,6.5823,0.0085,0.00609,-0.01337,17.448657452918948,78.38263691845287,3.5,0
106.256,707.711,793.342,17.448673074795767,78.38266382267983,11.397,52.0,3.0389,-1.5333,11.9252,0.00967,0.00476,0.06368,17.448715901291123,78.3826879479129,3.5,0
106.276,707.851,793.522,17.448674697464078,78.38266514294891,11.387,52.0,0.3349,-2.4821,9.9606,-0.01355,-0.02583,-0.07038,17.448658885282214,78.3826545839023,3.5,0
106.296,707.991,793.701,17.448676318764203,78.3826664621048,11.378,52.0,-3.1618,1.4247,8.2262,-0.01363,-0.00395,0.00564,17.4486937224581,78.38266140012288,3.5,0
106.316,708.131,793.88,17.44867793869614,78.38266778014746,11.368,52.0,1.4235,1.3437,13.3471,-0.04813,0.03075,0.02759,17.448660223116264,78.38265620792475,3.5,0
106.336,708.271,794.059,17.448679557259894,78.38266909707691,11.359,52.0,2.2261,-2.8179,5.7493,0.00274,0.00292,0.00964,17.44866034700385,78.38265180810701,3.5,0
106.356,708.41,794.238,17.44868117445546,78.38267041289315,11.349,52.0,-2.2242,-1.1399,14.4957,0.01346,0.01229,0.03629,17.448654598951137,78.38263741314617,3.5,0
106.376,708.55,794.417,17.44868279028284,78.38267172759618,11.339,52.0,-1.4636,2.1943,6.085,0.01767,0.05208,0.0339,17.44865917624209,78.38267450825495,3.5,0
106.396,708.69,794.595,17.448684404742036,78.382673041186,11.33,52.0,3.479,-0.875,12.7395,-0.02407,0.01768,-0.01508,17.44867960994273,78.3826537349694,3.5,0
106.416,708.829,794.774,17.448686017833044,78.38267435366261,11.32,52.0,0.7066,-3.4738,8.941,-0.00319,0.04217,0.02628,17.44868957289127,78.38268515692756,3.5,0
106.436,708.968,794.952,17.448687629555867,78.382675665026,11.311,52.0,-3.435,0.324,9.2767,-0.00378,0.01574,-0.00411,17.448694073968213,78.38267534833939,3.5,0
106.456,709.107,795.13,17.448689239910507,78.38267697527618,11.301,52.0,1.571,1.6197,12.4433,-0.01913,0.00179,0.01461,17.448695922867753,78.38267482607121,3.5,0
106.476,709.246,795.308,17.44869084889696,78.38267828441316,11.291,52.0,3.1473,-2.4941,6.2996,0.01881,0.00253,-0.01528,17.448701064729335,78.38267359328822,3.5,0
106.496,709.385,795.486,17.448692456515225,78.38267959243692,11.282,52.0,-1.7155,-2.1524,14.4221,-0.00195,0.01801,0.0785,17.448686702264617,78.38268817450685,3.5,0
106.516,709.524,795.663,17.448694062765306,78.38268089934746,11.272,52.0,-1.8038,2.4302,5.6007,-0.0118,0.01398,-0.00704,17.448658503619324,78.38268269271911,3.5,0
106.536,709.663,795.841,17.4486956676472,78.3826822051448,11.263,52.0,2.8475,-0.0084,13.7503,0.02122,0.03486,-0.02451,17.44869374376919,78.38270443260045,3.5,0
106.556,709.801,796.018,17.44869727116091,78.38268350982892,11.253,52.0,1.2451,-3.397,7.5242,0.01103,0.05889,0.0352,17.44868649544275,78.38266966084016,3.5,0
106.576,709.94,796.195,17.448698873306434,78.38268481339983,11.243,52.0,-2.7613,0.1118,10.905,-0.01498,0.02998,0.00194,17.448709163713097,78.38271919301367,3.5,0
106.596,710.078,796.372,17.44870047408377,78.38268611585754,11.234,52.0,-0.1653,1.7162,10.8684,-0.03629,0.01374,0.03471,17.448712989972638,78.38271277177962,3.5,0
106.616,710.216,796.549,17.44870207349292,78.38268741720202,11.224,52.0,3.0786,-2.8588,7.5771,-0.01693,0.02132,-0.00315,17.44869064384262,78.38270716533346,3.5,0
106.636,710.354,796.726,17.448703671533888,78.3826887174333,11.215,52.0,-1.352,-2.4628,13.6952,0.00056,0.02123,-0.0339,17.44871785721717,78.38268473495673,3.5,0
106.656,710.492,796.903,17.448705268206666,78.38269001655136,11.205,52.0,-2.1821,2.0953,5.6416,-0.01195,0.01533,0.0402,17.44870377562855,78.3827051097735,3.5,0
106.676,710.63,797.079,17.448706863511262,78.38269131455623,11.195,52.0,3.1215,-0.6983,14.4723,-0.02543,0.00198,-0.025,17.448691839330955,78.38270091571731,3.5,0
106.696,710.768,797.255,17.448708457447673,78.38269261144787,11.186,52.0,1.5241,-4.032,6.1119,-0.00673,0.0002,-0.024,17.448746222595922,78.38268042851841,3.5,0
106.716,710.906,797.432,17.448710050015894,78.3826939072263,11.176,52.0,-2.9903,-0.2032,12.8507,-0.03599,0.01721,0.00023,17.44870413858757,78.3826798047814,3.5,0
106.736,711.043,797.608,17.44871164121593,78.38269520189151,11.167,52.0,-0.4713,1.9675,8.6513,0.00938,-0.00857,-0.01397,17.448723741242304,78.38269260606197,3.5,0
106.756,711.18,797.783,17.448713231047783,78.38269649544353,11.157,52.0,3.1005,-1.9377,9.7547,0.04007,0.0085,-0.02321,17.4487344722835,78.38266853622555,3.5,0
106.776,711.318,797.959,17.448714819511448,78.38269778788232,11.147,52.0,-0.5875,-2.0308,11.8709,0.01015,0.04291,-0.03872,17.44872379573619,78.38268569991564,3.5,0
106.796,711.455,798.135,17.448716406606927,78.3826990792079,11.138,52.0,-2.4223,1.5616,6.8301,0.02416,-0.01459,0.0313,17.448708997657413,78.38269183285625,3.5,0
106.816,711.592,798.31,17.448717992334224,78.38270036942028,11.128,52.0,1.5475,0.9109,14.1173,-0.01509,0.00081,0.04767,17.4487133516507,78.38270672518865,3.5,0
106.836,711.729,798.485,17.448719576693332,78.38270165851944,11.119,52.0,2.7362,-3.7143,5.52,-0.00914,0.00279,-0.01566,17.44868453698237,78.38270751586569,3.5,0
106.856,711.866,798.66,17.448721159684254,78.38270294650538,11.109,52.0,-3.0145,-0.751,14.3244,-0.0259,0.03108,0.04309,17.44870611703211,78.38267400877092,3.5,0
106.876,712.002,798.835,17.44872274130699,78.38270423337812,11.099,52.0,-1.4217,1.9194,6.4184,0.00975,0.01856,0.01626,17.44873578227639,78.38272949644951,3.5,0
106.896,712.139,799.01,17.448724321561542,78.38270551913764,11.09,52.0,3.1748,-1.2303,12.4628,0.01859,0.02687,0.02534,17.44872208048683,78.3826829986145,3.5,0
106.916,712.275,799.185,17.448725900447908,78.38270680378396,11.08,52.0,1.2718,-3.3083,9.0083,-0.01464,0.03246,0.0241,17.448734434427365,78.38267890001237,3.5,0
106.936,712.412,799.359,17.448727477966088,78.38270808731706,11.071,52.0,-3.0679,1.2323,9.4815,0.0022,0.05909,-0.01105,17.44870799243399,78.38271937560852,3.5,0
106.956,712.548,799.533,17.448729054116082,78.38270936973694,11.061,52.0,0.0949,0.8924,12.0325,-0.03189,-0.02804,-0.01675,17.448724712319642,78.38272909909477,3.5,0
106.976,712.684,799.708,17.448730628897888,78.38271065104362,11.051,52.0,2.3877,-3.7755,6.7776,-0.00578,0.07009,-5e-05,17.448737301273155,78.38271227300112,3.5,0
106.996,712.82,799.882,17.44873220231151,78.3827119312371,11.042,52.0,-1.4768,-2.0922,14.1168,-0.01912,0.0339,0.00086,17.44873116798845,78.3827202825104,3.5,0
107.016,712.956,800.055,17.44873377435695,78.38271321031735,11.032,52.0,-1.8807,2.1617,5.5487,0.0004,0.0571,0.03297,17.44876244897052,78.38272541198758,3.5,0
107.036,713.091,800.229,17.448735345034198,78.38271448828439,11.022,52.0,2.9113,-0.1519,14.3954,0.00958,0.00229,0.01491,17.448725766744065,78.38271506339836,3.5,0
107.056,713.227,800.403,17.448736914343264,78.38271576513823,11.013,52.0,1.8402,-2.9754,6.2543,-0.02136,0.01328,0.0083,17.448737800624308,78.38272189913206,3.5,0
107.076,713.362,800.576,17.448738482284142,78.38271704087884,11.003,52.0,-2.3105,-0.0271,12.8124,-0.02928,-0.01031,0.02148,17.448741933680058,78.38270910065053,3.5,0
107.096,713.498,800.749,17.448740048856838,78.38271831550625,10.994,52.0,-0.5048,1.7568,8.5372,-0.00411,-0.02154,-0.02535,17.448724864366227,78.38271458023901,3.5,0
107.116,713.633,800.923,17.448741614061344,78.38271958902045,10.984,52.0,3.8109,-2.9193,10.1015,-0.0036,0.01025,0.02178,17.44872069241496,78.38273195280163,3.5,0
107.136,713.768,801.095,17.448743177897665,78.38272086142143,10.974,52.0,-0.8862,-2.9861,11.4015,-0.00476,0.00207,0.0118,17.44874774555952,78.38274185456619,3.5,0
107.156,713.903,801.268,17.448744740365804,78.3827221327092,10.965,52.0,-3.1507,1.7745,7.3999,-0.02772,0.00511,0.11595,17.44875793036594,78.3827185329884,3.5,0
107.176,714.038,801.441,17.448746301465754,78.38272340288377,10.955,52.0,0.9822,0.7469,13.6831,-0.02761,-0.0063,-0.03057,17.448755587516256,78.3827087573318,3.5,0
107.196,714.173,801.613,17.448747861197518,78.38272467194511,10.946,52.0,2.7291,-3.1931,5.7579,0.0024,0.0184,0.018,17.44875963441622,78.38276992563478,3.5,0
107.216,714.308,801.786,17.448749419561096,78.38272593989326,10.936,52.0,-2.0284,-1.2955,14.5445,-0.03871,0.0149,-0.01634,17.448740632809656,78.3827306709311,3.5,0
107.236,714.442,801.958,17.44875097655649,78.38272720672818,10.926,52.0,-1.5908,1.6892,5.7559,-0.027,0.0133,0.0091,17.44873772864852,78.38269761108343,3.5,0
107.257,714.577,802.13,17.448752532183697,78.3827284724499,10.917,52.0,3.1111,-0.4998,13.706,0.03182,-0.00685,0.04505,17.448748638242968,78.38271949303086,3.5,0
107.277,714.711,802.302,17.44875408644272,78.3827297370584,10.907,52.0,0.89,-2.7855,7.3243,-0.01374,-0.008,0.06184,17.448775666208096,78.3826911353903,3.5,0
107.297,714.845,802.474,17.448755639333555,78.38273100055369,10.898,52.0,-2.9862,0.1479,11.5619,-0.03175,0.01149,-0.01621,17.44876707254698,78.382734035708,3.5,0
107.317,714.979,802.645,17.448757190856206,78.38273226293578,10.888,52.0,-0.4285,1.3495,9.8446,-0.02847,-0.01177,-0.0025,17.4487364427822,78.38273533793463,3.5,0
107.337,715.113,802.817,17.44875874101067,78.38273352420464,10.878,52.0,3.9631,-2.3527,8.9169,0.02157,0.01612,-0.05816,17.448767243365392,78.38273415671429,3.5,0
107.357,715.247,802.988,17.44876028979695,78.3827347843603,10.869,52.0,-0.7475,-3.5716,12.3966,-0.01689,-0.01307,0.05599,17.448801290255126,78.38272817747394,3.5,0
107.377,715.381,803.159,17.44876183721504,78.38273604340274,10.859,52.0,-2.8728,1.6839,6.6863,-0.00641,0.03221,-0.01537,17.448781013480907,78.3827347907323,3.5,0
107.397,715.514,803.33,17.44876338326495,78.38273730133197,10.85,52.0,2.5979,0.8575,14.1146,-0.01209,-0.00301,-0.04846,17.448752490852364,78.38274776325525,3.5,0
107.417,715.648,803.501,17.44876492794667,78.38273855814799,10.84,52.0,2.1662,-2.625,5.59,-0.03239,0.04028,0.00982,17.448782320507632,78.3827551471563,3.5,0
107.437,715.781,803.672,17.448766471260207,78.3827398138508,10.83,52.0,-2.6243,-1.3595,14.5011,-0.0335,0.02147,-0.02935,17.44876975868123,78.38273577174576,3.5,0
107.457,715.914,803.842,17.448768013205555,78.3827410684404,10.821,52.0,-1.9428,2.2749,5.9318,0.00585,-0.00673,-0.02413,17.448757851603617,78.38274628174614,3.5,0
107.477,716.047,804.013,17.44876955378272,78.38274232191678,10.811,52.0,3.1146,-1.2091,13.4813,-0.02681,0.01671,-0.01901,17.448776315989647,78.38275498653401,3.5,0
107.497,716.18,804.183,17.4487710929917,78.38274357427996,10.802,52.0,1.3473,-3.5682,7.532,0.04225,0.03424,0.04253,17.4487925456032,78.38276428160451,3.5,0
107.517,716.313,804.353,17.44877263083249,78.38274482552993,10.792,52.0,-2.628,-0.355,11.4377,-0.03271,-0.00468,0.05591,17.44876120698371,78.38273566143965,3.5,0
107.537,716.446,804.523,17.4487741673051,78.38274607566667,10.782,52.0,1.1987,1.724,9.8578,-0.02631,-0.00059,0.01967,17.448780653397012,78.38277579594289,3.5,0
107.557,716.579,804.693,17.44877570240952,78.38274732469021,10.773,52.0,2.5151,-2.4205,9.0215,0.0071,0.01591,-0.00054,17.44876230593028,78.3827629162815,3.5,0
107.577,716.711,804.862,17.448777236145755,78.38274857260053,10.763,52.0,-0.3069,-2.6129,12.2051,0.00051,0.03096,-0.03216,17.448758675880946,78.38274830129603,3.5,0
107.597,716.844,805.032,17.448778768513804,78.38274981939765,10.754,52.0,-2.956,1.2272,6.9368,0.02373,0.00694,-0.00687,17.44876671153754,78.38274889717957,3.5,0
107.617,716.976,805.201,17.44878029951367,78.38275106508155,10.744,52.0,1.5761,0.8262,13.9087,0.00702,0.01663,0.01515,17.448766104353737,78.38275441092716,3.5,0
107.637,717.108,805.37,17.448781829145346,78.38275230965225,10.734,52.0,2.5464,-3.3707,5.7278,0.02058,0.03639,0.02441,17.448783385847992,78.3827348075692,3.5,0
107.657,717.24,805.539,17.44878335740884,78.38275355310972,10.725,52.0,-2.3625,-1.6368,14.5551,0.02979,-0.00333,0.02414,17.448770445400456,78.38274029340172,3.5,0
107.677,717.372,805.708,17.448784884304146,78.38275479545399,10.715,52.0,-1.0664,2.1027,5.6807,-0.00831,-0.01188,0.01872,17.44881185856256,78.3827343176952,3.5,0
107.697,717.504,805.877,17.448786409831268,78.38275603668505,10.706,52.0,3.3251,-0.5577,14.0158,-0.04025,0.03265,0.01885,17.448773560235708,78.38276542940943,3.5,0
107.717,717.636,806.045,17.4487879339902,78.38275727680289,10.696,52.0,1.5377,-3.1745,6.7315,0.02692,0.02208,0.01681,17.448790968782436,78.38275389218529,3.5,0
107.737,717.767,806.214,17.44878945678095,78.38275851580754,10.686,52.0,-2.2833,-0.1495,12.4982,0.01658,-0.02011,0.02257,17.44881284385902,78.38276491177201,3.5,0
107.757,717.899,806.382,17.448790978203515,78.38275975369895,10.677,52.0,-2.5529,-0.4052,3.0215,0.00835,0.0411,-0.03465,17.448785926381476,78.38277529964549,3.5,0
107.777,718.03,806.55,17.44879249825789,78.38276099047717,10.667,52.0,2.9069,-1.9992,10.4243,0.02728,0.02341,-0.03058,17.44879789681455,78.38277694395923,3.5,0
107.797,718.161,806.718,17.448794016944085,78.38276222614216,10.658,52.0,-0.2232,-2.4544,12.9095,-0.00367,0.01885,0.03565,17.448823579237505,78.38272984393686,3.5,0
107.817,718.292,806.886,17.44879553426209,78.38276346069395,10.648,52.0,-3.1761,0.9564,8.2959,-0.01408,0.00678,0.00957,17.44880160734778,78.38275884788358,3.5,0
107.837,718.423,807.054,17.448797050211912,78.38276469413252,10.638,52.0,1.3041,2.0347,12.6974,0.0199,-0.00136,0.03797,17.44877621534255,78.38274182510696,3.5,0
107.857,718.554,807.221,17.448798564793545,78.38276592645789,10.629,52.0,3.1846,-3.3125,6.5964,0.00342,0.01526,0.0345,17.44880886891423,78.38275522754672,3.5,0
107.877,718.685,807.389,17.448800078006993,78.38276715767003,10.619,52.0,-1.3714,-2.1946,14.0454,-0.00641,0.03095,-0.01271,17.448830713172416,78.38273115089193,3.5,0
107.897,718.816,807.556,17.44880158985226,78.38276838776898,10.61,52.0,-2.8357,1.7308,5.6589,0.02861,-0.00836,0.04346,17.44879089337482,78.38278336301602,3.5,0
107.917,718.946,807.723,17.448803100329336,78.3827696167547,10.6,52.0,2.8219,0.0142,14.526,0.02498,0.00835,0.05128,17.44882510030825,78.38274019735735,3.5,0
107.937,719.077,807.89,17.448804609438227,78.38277084462722,10.59,52.0,2.3567,-3.5779,5.6297,-0.01282,0.02669,0.00108,17.44881442806305,78.3827534306788,3.5,0
107.957,719.207,808.057,17.448806117178933,78.38277207138653,10.581,52.0,-3.0246,-1.9256,11.1946,-0.03078,0.03113,0.04804,17.44880378092619,78.38275664423608,3.5,0
107.977,719.337,808.223,17.448807623551453,78.38277329703261,10.571,52.0,-1.9091,1.4299,6.4657,-0.0209,-0.00402,-0.00668,17.44881430228505,78.38278967934734,3.5,0
107.997,719.467,808.39,17.448809128555787,78.3827745215655,10.562,52.0,3.3911,-0.6958,12.9027,-0.01322,0.01163,0.02242,17.44878393428838,78.38277636506236,3.5,0
108.017,719.597,808.556,17.448810632191936,78.38277574498517,10.552,52.0,0.5367,-3.1363,7.953,-0.01129,-0.00024,0.0347,17.448797669932876,78.3827651966877,3.5,0
108.037,719.727,808.722,17.4488121344599,78.38277696729163,10.542,52.0,-3.0783,-0.1791,11.1997,0.0038,0.01206,-0.01136,17.448813918732,78.38275758523218,3.5,0
108.057,719.856,808.888,17.448813635359677,78.38277818848488,10.533,52.0,0.3802,0.8938,9.7817,0.05937,0.01351,0.00114,17.448815154649683,78.38278418725805,3.5,0
108.077,719.986,809.054,17.44881513489127,78.38277940856491,10.523,52.0,3.4698,-2.6118,9.3337,0.01875,0.01295,-0.01259,17.44881743091699,78.38275007509493,3.5,0
108.097,720.115,809.22,17.448816633054673,78.38278062753173,10.514,52.0,-0.6682,-2.9618,11.6178,0.02267,0.03273,-0.00054,17.448827035254993,78.38276588931869,3.5,0
108.117,720.245,809.385,17.448818129849894,78.38278184538534,10.504,52.0,-2.8238,2.3233,7.6202,-0.00229,0.01107,0.05084,17.448834242823995,78.38281165943468,3.5,0
108.137,720.374,809.551,17.44881962527693,78.38278306212574,10.494,52.0,0.8334,1.3131,13.1548,0.00286,-0.02293,0.00027,17.44881258463304,78.38279981370762,3.5,0
108.157,720.503,809.716,17.448821119335776,78.38278427775293,10.485,52.0,3.5448,-3.7329,6.3353,0.0086,-0.00627,0.00716,17.448803851101708,78.38275986612122,3.5,0
108.177,720.632,809.881,17.44882261202644,78.3827854922669,10.475,52.0,-1.5927,-2.2716,14.1664,0.02244,0.06479,0.02538,17.448824883397904,78.38280744419868,3.5,0
108.197,720.761,810.046,17.448824103348915,78.38278670566767,10.466,52.0,-1.799,1.8851,5.6384,0.01789,-0.00634,-0.01735,17.44880809675376,78.38278659489816,3.5,0
108.217,720.89,810.211,17.448825593303205,78.38278791795523,10.456,52.0,2.2713,0.2446,14.5349,0.01264,0.01945,-0.02943,17.44881775383734,78.38280093011225,3.5,0
108.237,721.018,810.375,17.448827081889313,78.38278912912956,10.446,52.0,2.1011,-3.9493,5.5991,-0.01444,0.03678,-0.00962,17.448849999418503,78.38279596922196,3.5,0
108.257,721.147,810.54,17.44882856910723,78.38279033919069,10.437,52.0,-2.6884,-1.04,14.2648,-0.03576,0.04507,-0.00915,17.448808048450854,78.38278712304424,3.5,0
108.277,721.275,810.704,17.448830054956964,78.38279154813861,10.427,52.0,-1.5999,1.0165,4.133,0.0222,0.01249,-0.00854,17.448831706483872,78.38279472062884,3.5,0
108.297,721.404,810.868,17.448831539438512,78.38279275597331,10.418,52.0,2.8658,-1.331,13.4293,0.01288,0.02698,0.03442,17.44884228702247,78.38281332833225,3.5,0
108.317,721.532,811.032,17.448833022551877,78.3827939626948,10.408,52.0,1.5482,-3.3324,7.2491,-0.01427,0.00799,-0.04931,17.448816952063847,78.38282188139223,3.5,0
108.337,721.66,811.196,17.448834504297054,78.38279516830309,10.398,52.0,-3.0179,0.3382,12.1861,0.04304,-0.00574,0.05565,17.4488416840723,78.38279987103124,3.5,0
108.357,721.788,811.36,17.448835984674044,78.38279637279815,10.389,52.0,-1.0599,2.3069,8.6352,-0.01853,0.0085,0.04305,17.448863634053453,78.38278215987125,3.5,0
108.377,721.915,811.523,17.44883746368285,78.38279757618002,10.379,52.0,3.2017,-1.5998,10.7044,-0.00259,-0.00391,-0.0575,17.44883352313272,78.38279692586423,3.5,0
108.397,722.043,811.687,17.448838941323466,78.38279877844866,10.37,52.0,-0.2641,-3.3089,10.1509,-0.00681,0.0379,0.0133,17.448851459864194,78.38283508816242,3.5,0
108.417,722.171,811.85,17.4488404175959,78.3827999796041,10.36,52.0,-2.926,1.1901,9.1885,-0.01542,0.04551,-0.03231,17.448855829866616,78.38281246995945,3.5,0
108.437,722.298,812.013,17.44884189250015,78.38280117964632,10.35,52.0,0.3348,1.6433,11.604,-0.01206,0.0137,0.00898,17.448857350292062,78.38281453880175,3.5,0
108.457,722.425,812.176,17.44884336603621,78.38280237857533,10.341,52.0,3.4302,-2.9073,6.8947,-0.01422,-0.00777,-0.02595,17.44886417669977,78.38280688605344,3.5,0
108.477,722.553,812.339,17.448844838204085,78.38280357639114,10.331,52.0,-0.8651,-2.7848,12.8682,-0.01618,-0.01077,-0.01317,17.448842496357987,78.3828171393741,3.5,0
108.497,722.68,812.502,17.448846309003777,78.38280477309372,10.322,52.0,-2.7569,1.3571,6.7075,0.00949,0.035,-0.00384,17.448883473529996,78.3827996015391,3.5,0
108.517,722.807,812.664,17.448847778435283,78.3828059686831,10.312,52.0,2.026,0.8834,13.8159,0.01546,-0.00575,0.01358,17.448855340375935,78.3828125108063,3.5,0
108.537,722.934,812.827,17.4488492464986,78.38280716315927,10.302,52.0,3.3155,-2.152,5.9462,-0.01419,-0.02257,0.00236,17.448850596645855,78.38279140124249,3.5,0
108.557,723.06,812.989,17.448850713193735,78.38280835652222,10.293,52.0,-1.6993,-1.7009,14.3744,-0.01154,0.02894,0.00564,17.448847476947794,78.38278642195402,3.5,0
108.577,723.187,813.151,17.44885217852068,78.38280954877196,10.283,52.0,-2.4701,1.715,5.5802,0.00611,0.01982,0.03983,17.448863662476754,78.3827930780597,3.5,0
108.597,723.313,813.313,17.448853642479442,78.38281073990849,10.274,52.0,1.816,-0.2421,14.5429,0.00346,-0.01255,0.02544,17.448857907401873,78.38283193060553,3.5,0
108.617,723.44,813.475,17.44885510507002,78.3828119299318,10.264,52.0,2.0352,-3.6099,5.5993,0.00101,0.00812,0.01024,17.448850227417648,78.3827907222907,3.5,0
108.637,723.566,813.636,17.44885656629241,78.38281311884192,10.254,52.0,-2.5877,-0.1728,14.3349,0.0023,0.02746,-0.00481,17.448850912573143,78.382848043547,3.5,0
108.657,723.692,813.798,17.448858026146613,78.3828143066388,10.245,52.0,-1.4292,1.966,5.9719,0.01042,0.02284,0.0559,17.448822972600958,78.38282985635028,3.5,0
108.677,723.818,813.959,17.44885948463263,78.3828154933225,10.235,52.0,2.9169,-0.3175,13.8073,0.02038,0.00386,0.02809,17.448855142776466,78.3828322491273,3.5,0
108.697,723.944,814.12,17.448860941750464,78.38281667889297,10.226,52.0,1.8445,-3.6161,6.6377,-0.0125,-0.00678,-0.019,17.448876883593876,78.38279462146048,3.5,0
108.717,724.07,814.281,17.44886239750011,78.38281786335023,10.216,52.0,-3.0012,-0.1827,13.0316,0.00506,-0.00387,0.019,17.4488761894774,78.38280926767762,3.5,0
108.737,724.196,814.442,17.448863851881573,78.38281904669428,10.206,52.0,-0.7299,2.3958,7.5099,-0.01148,0.01565,0.02179,17.448858569768362,78.3828244445549,3.5,0
108.757,724.321,814.603,17.44886530489485,78.38282022892511,10.197,52.0,3.821,-1.6251,12.0845,-0.04134,0.02701,0.02265,17.448876219531943,78.38282109210418,3.5,0
108.777,724.447,814.763,17.44886675653994,78.38282141004274,10.187,52.0,0.9251,-3.5705,8.5108,-0.01973,0.01958,0.00514,17.44884858403878,78.38284435081692,3.5,0
108.797,724.572,814.924,17.448868206816844,78.38282259004714,10.178,52.0,-2.9761,1.0546,11.043,0.03401,-0.01253,0.06944,17.44886587103818,78.38281567746745,3.5,0
108.817,724.697,815.084,17.448869655725563,78.38282376893835,10.168,52.0,-0.1816,2.2518,9.5513,0.01873,0.02204,0.01528,17.44886100121484,78.38283987096328,3.5,0
108.837,724.822,815.244,17.448871103266093,78.38282494671634,10.158,52.0,3.183,-1.7116,9.978,-0.04186,-0.0197,-0.05801,17.448858107077168,78.38284276621036,3.5,0
108.857,724.947,815.404,17.44887254943844,78.38282612338112,10.149,52.0,-0.3016,-2.7221,10.5868,-0.01562,0.04125,-0.06208,17.448905087836238,78.38282985752971,3.5,0
108.877,725.072,815.564,17.448873994242604,78.38282729893268,10.139,52.0,-3.1606,1.1346,8.9628,-0.0052,0.04423,-0.04066,17.44889151219692,78.38282643687317,3.5,0
108.897,725.197,815.723,17.448875437678577,78.38282847337103,10.13,52.0,1.087,2.3211,11.5497,-0.00119,0.00723,0.01766,17.44886738800722,78.38280325237983,3.5,0
108.917,725.321,815.883,17.44887687974637,78.38282964669618,10.12,52.0,3.2605,-2.5176,8.0464,-0.01303,-0.0032,0.03267,17.448877697781466,78.38283419215763,3.5,0
108.937,725.446,816.042,17.44887832044597,78.3828308189081,10.11,52.0,-1.1926,-2.4318,12.4122,0.01385,0.02022,0.0465,17.44883345139252,78.38284593974403,3.5,0
108.957,725.57,816.201,17.448879759777387,78.38283199000682,10.101,52.0,-2.0924,0.8176,7.2609,0.0286,-0.00106,-0.00187,17.44889883256198,78.38282054483646,3.5,0
108.977,725.695,816.36,17.448881197740622,78.38283315999233,10.091,52.0,1.5415,0.7859,13.1304,0.02095,-0.01053,-0.00176,17.448885031528015,78.38281256480968,3.5,0
108.997,725.819,816.519,17.448882634335668,78.38283432886463,10.082,52.0,2.5733,-3.3882,6.6177,-0.01251,-0.02441,0.02003,17.44888518480554,78.38282432965615,3.5,0
109.017,725.943,816.678,17.448884069562528,78.38283549662371,10.072,52.0,-1.4174,-1.7165,13.7011,-0.02919,0.03668,-0.00174,17.448904434802017,78.38283165112465,3.5,0
109.037,726.067,816.837,17.448885503421202,78.38283666326959,10.062,52.0,-2.4981,0.7049,6.1369,0.01028,0.02717,0.01679,17.448901263432322,78.38284686480074,3.5,0
109.057,726.19,816.995,17.44888693591169,78.38283782880225,10.053,52.0,2.6371,0.5197,14.1162,-0.03152,-0.00139,-0.01954,17.448909921858903,78.38283999646646,3.5,0
109.077,726.314,817.153,17.448888367033994,78.3828389932217,10.043,52.0,2.4042,-4.3742,5.7929,0.01289,0.01977,0.00911,17.448860337628254,78.38282536425211,3.5,0
109.097,726.438,817.312,17.448889796788112,78.38284015652793,10.034,52.0,-1.3316,-2.1228,14.3773,0.02678,0.00148,-0.00529,17.44889711152864,78.38280317864464,3.5,0
109.117,726.561,817.47,17.448891225174044,78.38284131872096,10.024,52.0,-1.6661,1.7482,5.5928,0.00866,0.00489,0.04688,17.448891943820946,78.38286522542663,3.5,0
109.137,726.684,817.627,17.44889265219179,78.38284247980077,10.014,52.0,2.1231,0.8139,14.503,-0.02311,0.00111,0.02224,17.44887770750501,78.38281754239898,3.5,0
109.157,726.808,817.785,17.448894077841352,78.38284363976737,10.005,52.0,2.3937,-3.1762,5.525,-0.02116,0.02636,0.06107,17.448909630552485,78.38283887019817,3.5,0
109.177,726.931,817.943,17.448895502122728,78.38284479862077,9.995,52.0,-2.5152,-1.7003,14.5163,-0.00017,0.00198,0.017,17.448897022569298,78.38284269421757,3.5,0
109.197,727.054,818.1,17.448896925035918,78.38284595636094,9.986,52.0,-1.9587,2.4984,5.5683,0.03404,-0.00538,-0.01339,17.448913165274554,78.38281398425691,3.5,0
109.217,727.176,818.257,17.44889834658092,78.38284711298792,9.976,52.0,2.6975,-0.1391,14.4373,0.00149,-0.00902,-0.01594,17.44890324895174,78.3828205576749,3.5,0
109.237,727.299,818.414,17.448899766757737,78.38284826850166,9.966,52.0,2.431,-3.4142,5.6959,-0.02365,-0.0169,-0.01413,17.448894751331494,78.38280936183975,3.5,0
109.257,727.422,818.571,17.448901185566367,78.38284942290221,9.957,52.0,-1.938,-1.4681,14.2806,-0.00355,0.01524,0.03038,17.44888777709964,78.38286404295833,3.5,0
109.277,727.544,818.728,17.448902603006815,78.38285057618954,9.947,52.0,-1.8295,1.7331,5.8922,0.04091,-0.01838,0.01068,17.44890346845545,78.38284515433081,3.5,0
109.297,727.667,818.885,17.448904019079073,78.38285172836366,9.938,52.0,2.1688,-0.8392,14.0598,-0.0309,0.03451,-0.00393,17.448899505005265,78.38284876892669,3.5,0
109.317,727.789,819.041,17.44890543378315,78.38285287942458,9.928,52.0,1.8312,-3.4351,6.1311,0.02577,0.01695,0.03376,17.448865609687374,78.38285262308209,3.5,0
109.337,727.911,819.197,17.448906847119037,78.38285402937227,9.918,52.0,-2.4646,-0.6115,13.8015,-0.00807,-0.04632,0.02985,17.448891249069398,78.38282383393977,3.5,0
109.357,728.033,819.353,17.44890825908674,78.38285517820675,9.909,52.0,-1.1152,2.7612,6.4051,0.00809,-0.001,0.01753,17.44889141203319,78.3828232255642,3.5,0
109.377,728.155,819.509,17.44890966968626,78.38285632592803,9.899,52.0,2.9916,-0.6622,13.5264,0.01695,-0.01082,-0.01329,17.448916139335978,78.38286038835051,3.5,0
109.397,728.277,819.665,17.44891107891759,78.38285747253609,9.89,52.0,1.5837,-4.5261,6.6953,-0.01657,-0.03519,-0.03808,17.4488997175631,78.38285225106765,3.5,0
109.417,728.398,819.821,17.448912486780735,78.38285861803094,9.88,52.0,-2.1159,-0.2558,13.2343,0.02168,0.02674,0.0333,17.44891133316642,78.38282723545994,3.5,0
109.437,728.52,819.977,17.448913893275694,78.38285976241258,9.87,52.0,-0.7822,1.5452,6.9864,0.00798,0.02066,0.01429,17.448911524609116,78.38286206194942,3.5,0
109.457,728.641,820.132,17.44891529840247,78.382860905681,9.861,52.0,3.0857,-1.4513,12.9533,0.02551,0.03029,0.03549,17.448911125209154,78.38286452276598,3.5,0
109.477,728.762,820.287,17.448916702161057,78.38286204783621,9.851,52.0,1.0732,-3.7358,7.2684,0.00594,0.01381,-0.04394,17.44889327723002,78.38287255823721,3.5,0
109.497,728.884,820.442,17.44891810455146,78.38286318887822,9.842,52.0,-2.8823,-0.3919,12.6802,0.03642,0.03284,0.01329,17.448906897413195,78.38287012911478,3.5,0
109.517,729.005,820.597,17.448919505573677,78.382864328807,9.832,52.0,-0.0463,1.5466,7.5289,-0.03496,0.02009,-0.03934,17.448935431867387,78.38287041694022,3.5,0
109.537,729.126,820.752,17.448920905227705,78.3828654676226,9.822,52.0,3.2363,-1.1733,12.425,0.01199,0.03043,0.0065,17.448940230087075,78.38286249497789,3.5,0
109.557,729.246,820.907,17.44892230351355,78.38286660532496,9.813,52.0,1.0649,-3.9291,7.7641,0.00383,0.02414,-0.00252,17.448916883196414,78.3828820432447,3.5,0
109.577,729.367,821.061,17.448923700431212,78.38286774191411,9.803,52.0,-3.0621,0.1897,12.203,-0.02309,0.02687,0.02812,17.44890660536421,78.38287919423627,3.5,0
109.597,729.488,821.216,17.448925095980684,78.38286887739005,9.794,52.0,-0.0839,2.9577,7.9751,0.02432,0.02352,0.02659,17.448910901015815,78.3828617815963,3.5,0
109.617,729.608,821.37,17.448926490161973,78.38287001175279,9.784,52.0,4.1313,-1.9307,12.0122,-0.02383,-3e-05,-0.00834,17.44893273288572,78.38283027722515,3.5,0
109.637,729.729,821.524,17.448927882975074,78.38287114500231,9.774,52.0,1.1038,-3.4495,8.1502,0.01251,-0.02551,0.00054,17.448941131488652,78.3828592872972,3.5,0
109.657,729.849,821.678,17.448929274419992,78.38287227713862,9.765,52.0,-2.8627,-0.8482,11.8539,-0.00947,0.02213,-0.01176,17.448915836721476,78.38285235484304,3.5,0
109.677,729.969,821.831,17.44893066449672,78.38287340816171,9.755,52.0,-0.3862,1.9105,8.2869,0.04396,0.00181,-0.05556,17.44894846238799,78.38291955683188,3.5,0
109.697,730.089,821.985,17.44893205320527,78.3828745380716,9.745,52.0,2.4259,-1.231,11.7326,0.01089,-0.0138,0.00293,17.448927383729554,78.38285521434818,3.5,0
109.717,730.209,822.139,17.448933440545627,78.38287566686827,9.736,52.0,1.1393,-3.0197,8.3826,0.01128,0.00816,-0.06475,17.44892455819656,78.38289144521842,3.5,0
109.737,730.329,822.292,17.4489348265178,78.38287679455173,9.726,52.0,-2.8501,0.258,11.6555,0.03144,0.00612,-0.02501,17.448911409029563,78.38284950223441,3.5,0
109.757,730.448,822.445,17.448936211121786,78.38287792112199,9.717,52.0,-0.1659,2.3679,8.4443,-0.00127,0.0212,0.01049,17.448930677529898,78.38285074056515,3.5,0
109.777,730.568,822.598,17.44893759435759,78.38287904657903,9.707,52.0,3.0976,-0.5165,11.6165,0.00862,0.02759,0.00619,17.448934746985767,78.38289641230583,3.5,0
109.797,730.687,822.751,17.448938976225207,78.38288017092286,9.697,52.0,0.6453,-2.6213,8.4602,-0.02804,0.01754,0.02827,17.44893145977011,78.38286961298564,3.5,0
109.817,730.806,822.903,17.448940356724638,78.38288129415348,9.688,52.0,-3.0818,0.0266,11.6144,-0.00106,0.00321,0.00014,17.448963994086682,78.38292043848789,3.5,0
109.837,730.926,823.056,17.448941735855882,78.38288241627087,9.678,52.0,0.0626,1.4309,8.4444,-0.00026,-0.03212,0.03729,17.44894185733132,78.38290869253701,3.5,0
109.857,731.045,823.208,17.44894311361894,78.38288353727506,9.669,52.0,3.2222,-1.6749,11.662,-0.03978,0.0003,0.01815,17.448934294361187,78.38287603301798,3.5,0
109.877,731.164,823.361,17.44894449001381,78.38288465716604,9.659,52.0,1.66,-3.6859,8.3814,0.00722,0.01065,0.01133,17.448951828309326,78.38285911023907,3.5,0
109.897,731.282,823.513,17.4489458650405,78.38288577594382,9.649,52.0,-2.7356,0.3829,11.7383,0.02562,0.04627,-0.04327,17.448963854224182,78.3828974672452,3.5,0
109.917,731.401,823.665,17.448947238699002,78.38288689360837,9.64,52.0,-0.9134,1.5686,8.276,0.01537,-0.01718,0.05379,17.44894572256166,78.38288243913753,3.5,0
109.937,731.52,823.816,17.44894861098932,78.38288801015972,9.63,52.0,3.3197,-1.4714,11.8618,0.0237,-0.03155,-0.03304,17.44894826022132,78.38290617020351,3.5,0
109.957,731.638,823.968,17.448949981911447,78.38288912559786,9.621,52.0,0.6696,-2.9927,8.1358,0.01165,0.02133,0.01143,17.44893936287411,78.38291689299896,3.5,0
109.977,731.757,824.119,17.448951351465393,78.38289023992277,9.611,52.0,-3.7538,0.0702,12.0183,-0.00107,0.01082,0.06273,17.448972373509402,78.38288031913854,3.5,0
109.997,731.875,824.271,17.44895271965115,78.38289135313448,9.601,52.0,0.1229,1.685,7.9545,-0.03844,-0.00693,-0.05784,17.448952859232577,78.38289995008333,3.5,0
110.017,731.993,824.422,17.448954086468724,78.38289246523298,9.592,52.0,3.6272,-0.8584,12.2084,-0.01971,0.02465,-0.00976,17.448938605719203,78.38288127528544,3.5,0
110.037,732.111,824.573,17.44895545191811,78.38289357621827,9.582,52.0,1.3034,-4.1181,7.7463,-0.00015,-0.01484,-0.0719,17.44895534254627,78.38291119791457,3.5,0
110.057,732.229,824.724,17.448956815999313,78.38289468609035,9.573,52.0,-2.7626,-0.1703,12.4286,-0.01326,0.0572,0.02523,17.448967302631157,78.3828780807147,3.5,0
110.077,732.346,824.875,17.448958178712328,78.3828957948492,9.563,52.0,-1.2499,2.0809,7.4997,-0.02072,0.02927,0.00039,17.448987358060428,78.38291035629308,3.5,0
110.097,732.464,825.025,17.448959540057157,78.38289690249486,9.553,52.0,3.0909,-1.1551,12.6862,0.05183,0.02817,-0.01368,17.448930007826043,78.38290246462718,3.5,0
110.117,732.582,825.176,17.4489609000338,78.3828980090273,9.544,52.0,1.6294,-3.3339,7.2415,0.02657,0.01471,-0.02201,17.448956319624667,78.3828731380836,3.5,0
110.137,732.699,825.326,17.44896225864226,78.38289911444653,9.534,52.0,-3.1783,0.0085,12.9615,0.04143,0.01667,-0.00779,17.448958161395176,78.38287617748936,3.5,0
110.157,732.816,825.476,17.448963615882533,78.38290021875254,9.525,52.0,-1.9471,2.1231,6.9652,-0.01279,0.00178,0.02005,17.448930962659663,78.38289711227488,3.5,0
110.177,732.933,825.626,17.44896497175462,78.38290132194535,9.515,52.0,3.1023,-1.0751,13.2527,-0.00389,0.01805,-0.02257,17.44897244068717,78.3828903457236,3.5,0
110.197,733.051,825.776,17.44896632625852,78.38290242402495,9.505,52.0,1.4916,-3.5965,6.6766,-0.00995,0.01634,-0.00453,17.448964820191193,78.38286053308354,3.5,0
110.217,733.167,825.925,17.448967679394237,78.38290352499132,9.496,52.0,-2.5894,-0.7344,13.5362,-0.0402,0.03624,0.00673,17.448956645499436,78.38287408108563,3.5,0
110.237,733.284,826.075,17.448969031161766,78.3829046248445,9.486,52.0,-0.9226,2.473,6.3934,0.00643,0.00847,-0.00847,17.44896305143407,78.38288203022546,3.5,0
110.257,733.401,826.224,17.448970381561107,78.38290572358446,9.477,52.0,3.3114,-0.9055,13.8267,-0.01139,0.01475,0.00827,17.448982994494315,78.38291587787442,3.5,0
110.277,733.517,826.373,17.448971730592266,78.3829068212112,9.467,52.0,1.958,-3.1038,6.1278,-0.01231,-0.01331,-0.03164,17.448920609701826,78.38290431847359,3.5,0
110.297,733.634,826.522,17.44897307825524,78.38290791772474,9.457,52.0,-1.9912,-0.7957,14.089,-0.01748,0.02824,-0.02367,17.448995108243157,78.3828906100297,3.5,0
110.317,733.75,826.671,17.448974424550027,78.38290901312506,9.448,52.0,-2.1412,1.9395,5.8956,-0.00324,0.01207,-0.00208,17.448967445093366,78.38289971001969,3.5,0
110.337,733.866,826.82,17.448975769476625,78.38291010741217,9.438,52.0,3.0446,-0.0592,14.3111,0.01365,0.01797,-0.04428,17.448944146260462,78.38292535647811,3.5,0
110.357,733.983,826.969,17.448977113035042,78.38291120058607,9.429,52.0,2.4413,-3.6984,5.7085,-0.02072,0.02361,-0.0109,17.44897613456335,78.3829358889361,3.5,0
110.377,734.099,827.117,17.44897845522527,78.38291229264675,9.419,52.0,-2.7207,-0.9058,14.468,-0.00876,0.01848,-0.01063,17.448993837355008,78.3828869036084,3.5,0
110.397,734.214,827.265,17.448979796047315,78.38291338359423,9.409,52.0,-2.4785,2.179,5.5888,-0.00702,-0.00034,0.02191,17.448979271378143,78.38290182393638,3.5,0
110.417,734.33,827.414,17.44898113550117,78.3829144734285,9.4,52.0,2.2621,-0.1538,14.5498,-0.0046,0.03321,0.03464,17.448987417128222,78.38292117168359,3.5,0
110.437,734.446,827.562,17.44898247358684,78.38291556214955,9.39,52.0,2.2755,-3.1028,5.5573,-0.01859,0.01808,0.03667,17.44899710853532,78.38290928668866,3.5,0
110.457,734.561,827.709,17.44898381030433,78.38291664975739,9.381,52.0,-1.5901,-1.35,14.5335,0.00889,0.00796,0.00951,17.449002173828973,78.38293694672913,3.5,0
110.477,734.677,827.857,17.44898514565363,78.38291773625201,9.371,52.0,-2.4608,2.4237,5.643,-0.00183,0.02362,-0.0384,17.449012186735157,78.38289849451269,3.5,0
110.497,734.792,828.005,17.448986479634744,78.38291882163344,9.361,52.0,1.8473,0.8872,14.399,-0.00757,0.01947,-0.03182,17.448995778517357,78.38291014127095,3.5,0
110.517,734.907,828.152,17.448987812247672,78.38291990590164,9.352,52.0,2.6362,-2.9493,5.8454,0.00618,0.00124,0.01394,17.448966033236154,78.38292281926364,3.5,0
110.537,735.022,828.299,17.448989143492415,78.38292098905663,9.342,52.0,-1.0131,-2.45,14.124,-0.0046,0.03106,0.02364,17.449011031958097,78.38292021772578,3.5,0
110.557,735.137,828.446,17.448990473368973,78.38292207109842,9.333,52.0,-2.5263,2.7284,6.1892,-0.01868,0.03101,-0.03509,17.449022382177333,78.38291536897957,3.5,0
110.577,735.252,828.593,17.448991801877344,78.38292315202699,9.323,52.0,1.6319,0.3812,13.6979,0.00338,-0.03704,0.0447,17.448981116874833,78.3829266440607,3.5,0
110.597,735.367,828.74,17.44899312901753,78.38292423184235,9.313,52.0,3.1237,-2.4933,6.6806,0.00039,-0.01314,0.03772,17.44899210263261,78.38293490769344,3.5,0
110.617,735.481,828.887,17.44899445478953,78.3829253105445,9.304,52.0,-0.4051,-2.2592,13.1201,-0.04094,-0.0185,0.04633,17.448984063562502,78.38291558303821,3.5,0
110.637,735.596,829.033,17.448995779193346,78.38292638813343,9.294,52.0,-3.0816,0.9472,7.3363,0.01777,-0.02055,0.00866,17.449007291876224,78.38292370559512,3.5,0
110.657,735.71,829.18,17.448997102228972,78.38292746460915,9.285,52.0,1.6414,1.3113,12.3917,-0.02723,0.03202,-0.03337,17.448973753469957,78.38290591703446,3.5,0
110.677,735.824,829.326,17.448998423896416,78.38292853997166,9.275,52.0,3.4521,-2.5248,8.1314,-0.00247,-0.00759,0.02009,17.448980181920934,78.38291266575057,3.5,0
110.697,735.938,829.472,17.448999744195675,78.38292961422097,9.265,52.0,-0.3544,-2.3238,11.5288,-0.01069,0.02877,-0.00143,17.44899674884251,78.38291386258346,3.5,0
110.717,736.052,829.618,17.449001063126744,78.38293068735706,9.256,52.0,-1.9372,0.6821,9.059,0.00065,0.01835,0.0014,17.44900919540293,78.38293099436116,3.5,0
110.737,736.166,829.763,17.44900238068963,78.38293175937993,9.246,52.0,0.0009,1.6323,10.5582,-0.01319,0.0151,0.04128,17.449001125785266,78.38292933229661,3.5,0
110.757,736.28,829.909,17.44900369688433,78.38293283028959,9.237,52.0,3.3009,-2.9136,10.0729,0.00258,-0.00138,-0.0148,17.449002829560992,78.38295137208395,3.5,0
110.777,736.393,830.054,17.449005011710845,78.38293390008604,9.227,52.0,-0.0559,-2.4839,9.5174,0.02286,-0.00649,0.01079,17.449015261369777,78.38291853397934,3.5,0
110.797,736.507,830.2,17.449006325169172,78.38293496876929,9.217,52.0,-2.5499,-0.0307,11.1248,-0.01334,-0.00624,-0.01033,17.4490235890453,78.38292412598827,3.5,0
110.817,736.62,830.345,17.449007637259314,78.38293603633932,9.208,52.0,0.345,2.1511,8.4594,-0.01117,0.02171,-0.01581,17.449010556883486,78.38292477408596,3.5,0
110.837,736.733,830.49,17.449008947981273,78.38293710279613,9.198,52.0,4.0205,-1.3914,12.1549,-0.01737,0.01577,-0.0184,17.449033744839706,78.38298393150507,3.5,0
110.857,736.847,830.634,17.449010257335043,78.38293816813975,9.189,52.0,1.7036,-3.429,7.4555,0.00298,-0.04885,-0.02198,17.448974242865138,78.38295415897944,3.5,0
110.877,736.96,830.779,17.449011565320628,78.38293923237013,9.179,52.0,-2.8104,0.0442,13.0934,-0.00849,0.03648,-0.0325,17.449004664520146,78.38292403820756,3.5,0
110.897,737.073,830.924,17.449012871938027,78.38294029548733,9.169,52.0,-1.135,2.9733,6.9724,-0.00093,0.00434,0.06233,17.448975076052328,78.38292411291035,3.5,0
110.917,737.185,831.068,17.44901417718724,78.38294135749129,9.16,52.0,2.3836,-0.5294,13.8577,-0.02662,0.01184,0.00197,17.449018821250565,78.382919372051,3.5,0
110.937,737.298,831.212,17.44901548106827,78.38294241838206,9.15,52.0,2.7958,-3.1734,5.9494,-0.00211,0.02488,0.01451,17.44902325641565,78.38295296890666,3.5,0
110.957,737.411,831.356,17.44901678358111,78.3829434781596,9.141,52.0,-2.123,-0.9066,14.3636,-0.03905,-0.01396,-0.01706,17.449004085007783,78.38297302135604,3.5,0
110.977,737.523,831.5,17.44901808472577,78.38294453682394,9.131,52.0,-2.0338,2.5041,5.5968,0.00682,-0.02016,-0.02785,17.449008913214488,78.38295173759022,3.5,0
110.997,737.635,831.644,17.44901938450224,78.38294559437506,9.121,52.0,3.0532,-0.0383,14.5494,-0.01651,-0.00781,-0.02076,17.44899355207571,78.38294199671626,3.5,0
111.017,737.747,831.788,17.449020682910522,78.38294665081298,9.112,52.0,2.2903,-2.8309,5.5937,-0.0113,0.03359,-0.02179,17.449033682764455,78.38293013832995,3.5,0
111.037,737.86,831.931,17.449021979950622,78.38294770613768,9.102,52.0,-1.4829,-1.3665,14.3577,-0.00072,0.01018,0.0053,17.448997043129378,78.38296597617983,3.5,0
111.057,737.972,832.074,17.449023275622537,78.38294876034917,9.093,52.0,-2.5111,2.242,5.9792,-0.02433,0.03182,-0.00391,17.44904976995327,78.38294175377754,3.5,0
111.077,738.083,832.217,17.449024569926262,78.38294981344745,9.083,52.0,2.0145,0.6403,13.7594,-0.0237,-0.03952,0.05431,17.449013829584302,78.38296338487693,3.5,0
111.097,738.195,832.36,17.449025862861806,78.38295086543252,9.073,52.0,3.1746,-2.9164,6.7549,0.04465,0.00608,-0.02259,17.449026714120265,78.38297931317373,3.5,0
111.117,738.307,832.503,17.44902715442916,78.38295191630436,9.064,52.0,-1.3528,-2.4305,12.7881,-0.00331,-0.01391,0.01656,17.44904741198219,78.38293465294305,3.5,0
111.137,738.418,832.646,17.449028444628333,78.38295296606302,9.054,52.0,-2.8024,0.7231,7.8757,0.01546,0.03071,-0.06041,17.449027054597664,78.38297556607036,3.5,0
111.157,738.53,832.789,17.449029733459316,78.38295401470845,9.045,52.0,1.2273,2.1992,11.51,-0.01624,0.00144,-0.01168,17.449028067859945,78.38295654998332,3.5,0
111.177,738.641,832.931,17.449031020922114,78.38295506224065,9.035,52.0,3.4524,-2.1906,9.269,-0.00636,-0.0111,0.07979,17.449045757813312,78.38296092201075,3.5,0
111.197,738.752,833.073,17.44903230701673,78.38295610865967,9.025,52.0,0.578,-2.9877,10.0407,-0.01738,0.00358,-0.03462,17.449015420735723,78.38297240725946,3.5,0
111.217,738.863,833.215,17.449033591743156,78.38295715396546,9.016,52.0,-3.3384,0.2614,10.78,0.02488,-0.02402,0.0272,17.44902545986739,78.38292387831008,3.5,0
111.237,738.974,833.357,17.449034875101397,78.38295819815805,9.006,52.0,-0.2882,1.4856,8.5195,0.00249,0.0108,0.01551,17.449041669267363,78.38296971465478,3.5,0
111.257,739.085,833.499,17.449036157091452,78.38295924123742,8.997,52.0,3.1096,-1.544,12.242,-0.00991,-0.01335,-0.00833,17.449034094923306,78.38296302083226,3.5,0
111.277,739.195,833.641,17.449037437713322,78.38296028320359,8.987,52.0,1.6538,-3.3135,7.1473,0.00784,-0.01247,-0.04065,17.449012180563056,78.38297452851933,3.5,0
111.297,739.306,833.782,17.449038716967006,78.38296132405652,8.977,52.0,-2.6202,-0.1791,13.4683,-0.01607,0.00971,-0.00612,17.449021189525745,78.38296468122347,3.5,0
111.317,739.416,833.923,17.449039994852505,78.38296236379627,8.968,52.0,-1.0705,2.2335,6.1066,-0.02901,-0.03317,-0.01932,17.449070224390965,78.38295374961629,3.5,0
111.337,739.527,834.065,17.44904127136982,78.38296340242279,8.958,52.0,3.3046,-0.1546,14.2814,0.02008,0.00282,-0.02676,17.449041688955212,78.38295570100391,3.5,0
111.357,739.637,834.206,17.449042546518946,78.3829644399361,8.949,52.0,2.6346,-3.5051,5.5693,-0.00751,-0.00118,-0.05842,17.449045662460495,78.38295827422132,3.5,0
111.377,739.747,834.347,17.449043820299888,78.38296547633621,8.939,52.0,-1.8367,-1.2924,14.5126,0.00478,0.03669,-0.00086,17.44905270297614,78.38297573573338,3.5,0
111.397,739.857,834.487,17.44904509271264,78.3829665116231,8.929,52.0,-2.6519,2.5272,5.6414,-0.00807,0.02402,-0.01811,17.449068361120432,78.38299334431898,3.5,0
111.417,739.967,834.628,17.449046363757212,78.38296754579677,8.92,52.0,1.9841,0.9899,14.1039,0.00533,-0.00586,-0.02927,17.449026601715154,78.38294126353942,3.5,0
111.437,740.076,834.768,17.449047633433594,78.38296857885724,8.91,52.0,2.9004,-2.6252,6.3821,-0.04154,-0.00711,-0.03842,17.44904614378784,78.38295212667727,3.5,0
111.457,740.186,834.909,17.449048901741794,78.3829696108045,8.901,52.0,-1.0335,-2.3198,13.0576,-0.01856,0.01804,-0.01922,17.449042345406184,78.38295981651063,3.5,0
111.477,740.295,835.049,17.449050168681808,78.38297064163855,8.891,52.0,-2.9742,0.714,7.7065,-0.03897,0.00994,0.02198,17.44905774914245,78.38293684398845,3.5,0
111.497,740.405,835.189,17.449051434253633,78.38297167135937,8.881,52.0,1.2545,2.2832,14.3417,0.03062,0.03691,0.01061,17.44903303758093,78.38295185020392,3.5,0
111.517,740.514,835.328,17.449052698457272,78.382972699967,8.872,52.0,2.6641,-1.9508,9.4387,0.0003,0.01464,0.00745,17.449065527526066,78.38296132437769,3.5,0
111.537,740.623,835.468,17.44905396129273,78.3829737274614,8.862,52.0,0.1125,-3.143,9.6714,-0.00946,0.01473,-0.02028,17.44905109363466,78.38297667154282,3.5,0
111.557,740.732,835.608,17.44905522276,78.3829747538426,8.853,52.0,-2.8338,0.5224,11.3198,-0.01971,0.02381,0.05315,17.449056476541003,78.3829794438297,3.5,0
111.577,740.841,835.747,17.44905648285908,78.38297577911058,8.843,52.0,-1.0795,2.7583,7.8551,0.01995,0.0422,-0.01554,17.449065475841916,78.38296188683233,3.5,0
111.597,740.95,835.886,17.44905774158998,78.38297680326536,8.833,52.0,3.9234,0.1627,15.2195,0.03303,0.01271,0.013,17.44904443678061,78.38301104405826,3.5,0
111.617,741.058,836.025,17.44905899895269,78.38297782630693,8.824,52.0,2.463,-2.9229,6.4009,0.0042,0.02603,0.03351,17.449080226606178,78.38297013034409,3.5,0
111.637,741.167,836.164,17.44906025494722,78.38297884823527,8.814,52.0,-2.0131,-0.8143,14.1605,0.00243,0.00969,-0.00414,17.449094676831784,78.38298575767944,3.5,0
111.657,741.275,836.303,17.44906150957356,78.38297986905042,8.805,52.0,-1.1328,1.7996,5.6105,0.00335,-0.00445,-0.05855,17.449079150863604,78.38298269200018,3.5,0
111.677,741.384,836.442,17.449062762831716,78.38298088875234,8.795,52.0,2.6268,0.1919,14.5333,-0.01255,0.02409,0.0168,17.449093211598743,78.3829883006836,3.5,0
111.697,741.492,836.58,17.44906401472168,78.38298190734105,8.785,52.0,3.2589,-3.5099,5.6999,-0.00534,-0.00219,0.01017,17.44906501230763,78.38299863767355,3.5,0
111.717,741.6,836.718,17.449065265243465,78.38298292481656,8.776,52.0,-2.2382,-2.1852,12.1183,-0.03849,-0.01316,-0.04293,17.449074217378733,78.38298144904823,3.5,0
111.737,741.708,836.856,17.449066514397064,78.38298394117885,8.766,52.0,-2.9313,1.9091,6.6858,-0.0225,0.00224,0.01277,17.44905723885975,78.3829984268438,3.5,0
111.757,741.816,836.994,17.449067762182477,78.38298495642792,8.757,52.0,0.1047,1.5195,12.5977,0.00531,0.02213,-8e-05,17.449077760324567,78.38299787899419,3.5,0
111.777,741.923,837.132,17.4490690085997,78.3829859705638,8.747,52.0,3.8692,-1.9112,8.4236,-0.00725,0.00914,0.01401,17.449088435748653,78.38299656755768,3.5,0
111.797,742.031,837.27,17.449070253648742,78.38298698358645,8.737,52.0,0.6638,-3.8167,10.6103,0.02157,0.03666,-0.03851,17.44904959141697,78.38299076857318,3.5,0
111.817,742.138,837.408,17.449071497329598,78.3829879954959,8.728,52.0,-3.1637,0.7838,10.5604,-0.02618,0.02918,0.02663,17.449059770921597,78.3829691896249,3.5,0
111.837,742.246,837.545,17.449072739642265,78.38298900629212,8.718,52.0,-0.4231,1.491,8.452,0.01932,0.05769,-0.01371,17.44907642478782,78.38297378996974,3.5,0
111.857,742.353,837.682,17.44907398058675,78.38299001597515,8.709,52.0,3.0012,-1.1899,12.6157,-0.0141,0.00806,-0.02737,17.44909893430925,78.38295996867599,3.5,0
111.877,742.46,837.819,17.449075220163046,78.38299102454496,8.699,52.0,1.7344,-3.5644,6.639,-0.01468,0.02276,0.02651,17.449078312411096,78.38300873895425,3.5,0
111.897,742.567,837.956,17.449076458371156,78.38299203200155,8.689,52.0,-2.0199,-0.5341,14.0785,-0.01464,0.04088,0.02932,17.449053271869737,78.38299293967167,3.5,0
111.917,742.674,838.093,17.449077695211084,78.38299303834494,8.68,52.0,-2.4683,2.2054,5.6423,-0.01734,-0.01967,0.00777,17.449067317136226,78.3830117358029,3.5,0
111.937,742.781,838.23,17.449078930682823,78.38299404357511,8.67,52.0,2.615,0.7574,14.5424,0.00995,0.03896,0.02294,17.449064901933056,78.3829724073872,3.5,0
111.957,742.887,838.366,17.449080164786377,78.38299504769208,8.661,52.0,1.8965,-4.509,3.0101,-0.01383,-0.02142,-0.01296,17.44908334827538,78.38299537717126,3.5,0
111.977,742.994,838.503,17.449081397521745,78.38299605069582,8.651,52.0,-1.2395,-1.8652,13.8195,-0.03972,0.03918,-0.01134,17.449078433787363,78.38298536321989,3.5,0
111.997,743.1,838.639,17.449082628888927,78.38299705258636,8.641,52.0,-2.5595,1.5675,7.0256,0.0035,0.01768,0.04171,17.449061995552793,78.38298225630614,3.5,0
112.017,743.207,838.775,17.449083858887924,78.38299805336369,8.632,52.0,0.9066,0.7978,12.0543,0.00439,0.00732,-0.06801,17.449083127489907,78.38298350578687,3.5,0
112.037,743.313,838.911,17.449085087518736,78.38299905302782,8.622,52.0,3.3829,-2.5783,9.1502,-0.00497,-0.01107,-0.05965,17.449087053511526,78.38304647815262,3.5,0
112.057,743.419,839.046,17.44908631478136,78.38300005157872,8.613,52.0,0.2707,-3.2076,9.6957,-0.00176,-0.01629,-0.00571,17.449082561105367,78.38301444755044,3.5,0
112.077,743.525,839.182,17.4490875406758,78.38300104901641,8.603,52.0,-2.5229,0.701,11.5757,-0.00346,0.00327,-0.01351,17.449108362281354,78.38299052319442,3.5,0
112.097,743.63,839.317,17.449088765202056,78.38300204534089,8.593,52.0,-0.5764,2.2966,7.4038,0.01138,0.00029,0.03881,17.449088239894383,78.38298295723312,3.5,0
112.117,743.736,839.453,17.449089988360125,78.38300304055215,8.584,52.0,3.2127,-1.242,13.5731,0.0264,-0.00461,-0.00943,17.44910829742192,78.38299369645925,3.5,0
112.137,743.842,839.588,17.449091210150005,78.38300403465021,8.574,52.0,1.5313,-3.4824,5.8624,-0.02587,0.00105,0.01062,17.44911864030206,78.38303209225474,3.5,0
112.157,743.947,839.723,17.449092430571703,78.38300502763506,8.565,52.0,-2.2704,-0.4854,14.5079,0.03522,0.02606,0.02965,17.449086562051285,78.382993242448,3.5,0
112.177,744.053,839.858,17.449093649625215,78.3830060195067,8.555,52.0,-1.8509,2.0057,5.6055,0.02524,0.04255,0.03191,17.44909223775112,78.382985957594,3.5,0
112.197,744.158,839.992,17.44909486731054,78.38300701026512,8.545,52.0,1.9399,0.6243,14.0379,-0.0082,0.00211,-0.03001,17.44909734558123,78.382987510176,3.5,0
112.217,744.263,840.127,17.44909608362768,78.38300799991033,8.536,52.0,3.4626,-2.6413,6.7805,0.00337,0.01174,0.01528,17.44912632664761,78.38302552343946,3.5,0
112.237,744.368,840.261,17.449097298576632,78.38300898844233,8.526,52.0,0.1493,-2.369,12.2384,0.02339,-0.01129,-0.04877,17.449081971632776,78.38299246607494,3.5,0
112.257,744.473,840.395,17.4490985121574,78.38300997586111,8.517,52.0,-2.5124,0.7813,9.0559,0.01087,0.00343,0.03014,17.449075920079427,78.38303190610121,3.5,0
112.277,744.577,840.53,17.449099724369983,78.3830109621667,8.507,52.0,0.16,2.0723,9.6633,0.00903,-0.00324,-0.00732,17.449108793957052,78.38301351615947,3.5,0
112.297,744.682,840.663,17.44910093521438,78.38301194735905,8.497,52.0,3.191,-1.623,11.702,0.01965,0.02571,0.02021,17.44911435384432,78.38302665416579,3.5,0
112.317,744.787,840.797,17.44910214469059,78.3830129314382,8.488,52.0,0.3131,-3.1159,7.177,-0.03268,-0.00794,-0.00649,17.44908690602537,78.38303624658975,3.5,0
112.337,744.891,840.931,17.449103352798613,78.38301391440415,8.478,52.0,-2.6277,-0.5581,13.7834,-0.02069,0.01875,-0.00664,17.449089797774075,78.38300332662456,3.5,0
112.357,744.995,841.064,17.44910455953845,78.38301489625687,8.469,52.0,-1.8031,2.3194,5.6891,-0.00557,-0.00839,0.01467,17.449092563938883,78.3830278677722,3.5,0
112.377,745.099,841.198,17.449105764910104,78.38301587699638,8.459,52.0,2.642,-0.1037,14.5146,0.01829,0.04619,0.01224,17.44912073005246,78.38301532349256,3.5,0
112.397,745.203,841.331,17.449106968913572,78.38301685662269,8.449,52.0,2.826,-3.4774,5.7889,0.03283,0.02556,-0.01551,17.44913933442585,78.38302205667283,3.5,0
112.417,745.307,841.464,17.449108171548854,78.38301783513579,8.44,52.0,-1.7752,-2.5673,11.8526,0.011,0.01209,-0.03877,17.44914420951592,78.38305831577904,3.5,0
112.437,745.411,841.597,17.44910937281595,78.38301881253567,8.43,52.0,-3.5147,1.3269,7.5149,-0.01278,0.03126,-0.01295,17.44911141851399,78.38301801770834,3.5,0
112.457,745.515,841.729,17.44911057271486,78.38301978882234,8.42,52.0,0.3087,1.7295,11.2004,-0.00393,0.02739,0.00967,17.449078995570098,78.38303624091739,3.5,0
112.477,745.618,841.862,17.449111771245587,78.3830207639958,8.411,52.0,3.6447,-2.0372,10.2566,-0.01699,0.02245,0.04014,17.44909518381924,78.38305126610872,3.5,0
112.497,745.722,841.994,17.449112968408127,78.38302173805604,8.401,52.0,1.544,-2.9447,8.3437,-0.01369,-0.01175,-0.00574,17.449109458959644,78.38301179456134,3.5,0
112.517,745.825,842.127,17.449114164202477,78.38302271100308,8.392,52.0,-2.7868,-0.4716,12.9273,-0.01707,0.0331,-0.02378,17.44911649282259,78.38300768938272,3.5,0
112.537,745.928,842.259,17.449115358628646,78.3830236828369,8.382,52.0,-1.1959,2.1058,6.1374,0.00853,0.03213,-0.03541,17.44912695854296,78.38302106575074,3.5,0
112.557,746.032,842.391,17.449116551686625,78.38302465355751,8.372,52.0,3.1204,0.1835,14.4159,0.00589,0.00046,0.00744,17.44913200569524,78.38300867382556,3.5,0
112.577,746.134,842.522,17.449117743376423,78.38302562316491,8.363,52.0,2.3418,-2.801,5.5454,0.01874,0.02208,-0.00803,17.449136265258556,78.38301791229082,3.5,0
112.597,746.237,842.654,17.44911893369803,78.3830265916591,8.353,52.0,-1.2698,-2.2373,14.0246,0.00223,-0.03173,-0.01571,17.449094844056873,78.38301911986062,3.5,0
112.617,746.34,842.786,17.449120122651458,78.38302755904007,8.344,52.0,-3.0029,2.3102,6.8917,-0.01013,-0.02623,0.04773,17.449096079947424,78.38302428847662,3.5,0
112.637,746.443,842.917,17.449121310236695,78.38302852530784,8.334,52.0,1.2812,1.6135,11.8467,0.00753,0.00842,0.0132,17.449123540141702,78.38301214268098,3.5,0
112.657,746.545,843.048,17.449122496453747,78.38302949046239,8.324,52.0,3.5251,-2.4934,9.653,0.02184,0.02914,0.01536,17.449118238968182,78.38303379586216,3.5,0
112.677,746.648,843.179,17.449123681302616,78.38303045450374,8.315,52.0,0.814,-3.1046,8.7989,0.01021,0.01752,-0.01409,17.449106583138903,78.38302281248048,3.5,0
112.697,746.75,843.31,17.449124864783297,78.38303141743187,8.305,52.0,-3.0926,-0.2589,12.6072,0.02462,0.00898,-0.00033,17.449111386055222,78.38302636239547,3.5,0
112.717,746.852,843.441,17.449126046895792,78.38303237924679,8.296,52.0,-0.9362,2.3339,6.2913,0.00291,0.01284,0.00553,17.449137801540846,78.38304321094746,3.5,0
112.737,746.954,843.571,17.4491272276401,78.38303333994848,8.286,52.0,3.6299,-0.2046,14.3655,-0.03111,0.0123,-0.01454,17.449130849930505,78.3830384541661,3.5,0
112.757,747.056,843.702,17.449128407016225,78.38303429953697,8.276,52.0,2.2436,-3.2472,5.5327,0.01431,-0.00467,0.02554,17.449145501447124,78.38305381348596,3.5,0
112.777,747.158,843.832,17.449129585024163,78.38303525801226,8.267,52.0,-1.5488,-2.3865,14.0224,0.01344,0.02438,-0.01612,17.449132630278996,78.38305647531568,3.5,0
112.797,747.259,843.962,17.449130761663916,78.38303621537433,8.257,52.0,-2.6257,1.9063,6.9581,0.03114,0.02212,0.0342,17.44910867782088,78.38302981955847,3.5,0
112.817,747.361,844.092,17.449131936935483,78.38303717162319,8.248,52.0,1.1839,1.0638,11.6709,-0.01847,0.04593,0.02302,17.44912050833496,78.3830397656458,3.5,0
112.837,747.462,844.222,17.44913311083886,78.38303812675883,8.238,52.0,3.2421,-2.4375,9.9377,0.00197,0.02324,0.01784,17.44912284460459,78.3830439222179,3.5,0
112.857,747.564,844.352,17.449134283374057,78.38303908078127,8.228,52.0,-0.3084,-3.141,8.4433,0.00083,0.05589,0.00348,17.44913893611781,78.38302904045266,3.5,0
112.877,747.665,844.481,17.449135454541068,78.3830400336905,8.219,52.0,-2.1866,0.3885,12.9918,-0.00763,-0.00021,-0.0022,17.449117200863114,78.38302396205205,3.5,0
112.897,747.766,844.611,17.44913662433989,78.38304098548652,8.209,52.0,-0.8642,2.3298,6.7826,-0.0313,0.033,0.03191,17.449149204051768,78.38305394606913,3.5,0
112.917,747.867,844.74,17.44913779277053,78.3830419361693,8.2,52.0,1.9397,0.2921,14.4879,-0.00978,0.04541,-0.01043,17.449107598013562,78.38306154050642,3.5,0
112.937,747.968,844.869,17.449138959832982,78.3830428857389,8.19,52.0,2.5802,-2.7644,5.6876,-0.00791,-0.01722,-0.0683,17.449107141477143,78.38302917189333,3.5,0
112.957,748.069,844.998,17.449140125527247,78.38304383419528,8.18,52.0,-0.5137,-1.9328,13.5659,-0.01146,-0.0141,-0.00729,17.449140154783546,78.38304799657904,3.5,0
112.977,748.169,845.127,17.449141289853326,78.38304478153844,8.171,52.0,-2.2445,1.1682,7.7459,0.00521,0.01335,-0.01052,17.449128455174538,78.38303399421476,3.5,0
112.997,748.27,845.255,17.449142452811223,78.38304572776839,8.161,52.0,0.8734,1.272,10.642,0.0286,0.02009,-0.01925,17.44913583637283,78.38303609468343,3.5,0
113.017,748.37,845.384,17.44914361440093,78.38304667288514,8.152,52.0,3.3791,-2.5592,11.096,0.01198,0.04889,0.03072,17.449162837464208,78.38304029684309,3.5,0
113.037,748.47,845.512,17.449144774622454,78.38304761688867,8.142,52.0,1.3041,-3.5051,7.3367,-0.01943,-0.00148,-0.0428,17.44912141522797,78.38306036080914,3.5,0
113.057,748.57,845.64,17.449145933475794,78.38304855977898,8.132,52.0,-2.5678,-0.2116,13.8552,0.01749,-0.03297,-0.00643,17.449163513531662,78.3830561210974,3.5,0
113.077,748.67,845.768,17.449147090960945,78.3830495015561,8.123,52.0,-1.3656,1.6436,5.5535,0.01971,0.01409,-0.00043,17.4491516448176,78.38306493021574,3.5,0
113.097,748.77,845.896,17.44914824707791,78.38305044222,8.113,52.0,1.8873,0.7492,14.367,0.009,0.00976,-0.01671,17.449138983262227,78.38305191146168,3.5,0
113.117,748.87,846.024,17.44914940182669,78.38305138177067,8.104,52.0,2.8172,-3.3204,6.4191,0.02975,0.01784,0.02981,17.44914183916957,78.3830280730091,3.5,0
113.137,748.97,846.151,17.449150555207286,78.38305232020815,8.094,52.0,-0.1458,-2.6307,12.2456,-0.00617,-0.00873,0.05063,17.449159368886985,78.38307357976267,3.5,0
113.157,749.069,846.279,17.449151707219695,78.38305325753241,8.084,52.0,-2.9423,1.1262,9.4818,0.04063,-0.02711,0.00576,17.449160449722168,78.38306860807931,3.5,0
113.177,749.169,846.406,17.44915285786392,78.38305419374345,8.075,52.0,-0.0702,1.149,7.2915,0.00262,0.04443,0.01279,17.449141879569922,78.38301687584566,3.5,0
113.197,749.268,846.533,17.449154007139953,78.38305512884129,8.065,52.0,3.0062,-0.9966,12.9056,-0.04906,0.0217,0.02323,17.449160980426793,78.38305048119878,3.5,0
113.217,749.367,846.66,17.449155155047805,78.38305606282591,8.056,52.0,1.9322,-3.6077,5.9724,0.04155,0.04465,0.0095,17.44915159541136,78.38305421071294,3.5,0
113.237,749.466,846.787,17.44915630158747,78.38305699569733,8.046,52.0,-2.4141,-1.0898,14.4963,-0.0261,-0.01619,0.05749,17.44917025400236,78.38306706505925,3.5,0
113.257,749.565,846.914,17.44915744675895,78.38305792745552,8.036,52.0,-2.3701,1.9441,5.8085,-0.00493,0.01173,-0.00879,17.449141719953964,78.38307276312231,3.5,0
113.277,749.664,847.04,17.449158590562245,78.38305885810051,8.027,52.0,0.8916,1.1443,13.1767,-0.01171,0.02508,0.01627,17.449152184338587,78.38306731211705,3.5,0
113.297,749.763,847.166,17.449159732997355,78.38305978763229,8.017,52.0,3.2246,-1.7728,8.4258,-0.00864,0.02946,-0.00741,17.449122946702893,78.38305866924534,3.5,0
113.317,749.861,847.293,17.449160874064276,78.38306071605086,8.008,52.0,-0.1993,-2.8719,9.7184,-0.00321,0.03749,0.04199,17.44917125174102,78.38303902194447,3.5,0
113.337,749.96,847.419,17.44916201376301,78.38306164335621,7.998,52.0,-2.5519,-0.2079,12.1266,0.01606,-0.00986,-0.02303,17.449169325856197,78.3830975725983,3.5,0
113.357,750.058,847.545,17.449163152093565,78.38306256954836,7.988,52.0,-0.8545,2.1204,6.4298,0.00598,0.00748,-0.0232,17.44914882210354,78.38308929393467,3.5,0
113.377,750.157,847.67,17.44916428905593,78.3830634946273,7.979,52.0,2.083,-0.1828,14.3966,-0.00315,0.02384,0.00364,17.449183716691664,78.38308246417878,3.5,0
113.397,750.255,847.796,17.449165424650108,78.38306441859301,7.969,52.0,3.3017,-3.1977,5.6133,-0.01177,0.01271,0.04714,17.44914622375275,78.38309020911359,3.5,0
113.417,750.353,847.921,17.449166558876104,78.38306534144552,7.96,52.0,-0.1528,-1.2343,13.5995,-0.00645,-0.03383,0.04855,17.449174887293044,78.38304839389713,3.5,0
113.437,750.451,848.047,17.449167691733912,78.38306626318482,7.95,52.0,-2.8128,1.3989,7.9129,0.01962,0.02137,-0.04809,17.449187311507707,78.38307851333576,3.5,0
113.457,750.548,848.172,17.449168823223534,78.3830671838109,7.94,52.0,0.0888,0.9664,10.2018,0.00239,0.01751,0.03243,17.44916792580518,78.38308093704248,3.5,0
113.477,750.646,848.297,17.44916995334497,78.38306810332377,7.931,52.0,4.543,-1.6896,11.7576,-0.01742,-0.001,0.00615,17.4491669703795,78.38303640514212,3.5,0
113.497,750.743,848.422,17.44917108209822,78.38306902172343,7.921,52.0,1.0606,-4.2117,6.6442,0.00852,0.01254,-0.01244,17.449177482769336,78.3830777251708,3.5,0
113.517,750.841,848.546,17.449172209483287,78.38306993900989,7.912,52.0,0.1648,2.0505,22.433,0.03175,-0.03304,0.04518,17.44917923786652,78.38305671990156,3.5,0
113.537,750.938,848.671,17.449173335500166,78.38307085518312,7.902,52.0,-2.0912,1.168,5.5732,-0.01961,0.04259,0.02526,17.44918119486299,78.38307951190905,3.5,0
113.557,751.035,848.795,17.44917446014886,78.38307177024315,7.892,52.0,2.2739,0.5781,13.6591,-0.0398,0.00954,0.02354,17.449159378301744,78.38308548047385,3.5,0
113.577,751.132,848.92,17.449175583429366,78.38307268418995,7.883,52.0,3.5274,-3.1523,7.8846,-0.00264,-0.00624,0.01445,17.4491655666425,78.38307273759835,3.5,0
113.597,751.229,849.044,17.44917670534169,78.38307359702357,7.873,52.0,0.0256,-2.9283,10.1569,0.00847,0.04392,-0.01043,17.449188495397117,78.38309081955641,3.5,0
113.617,751.326,849.168,17.449177825885826,78.38307450874395,7.864,52.0,-3.2276,0.1412,11.8694,0.02775,-0.02409,0.00817,17.449186109513423,78.38309190504236,3.5,0
113.637,751.423,849.291,17.449178945061774,78.38307541935113,7.854,52.0,-1.2302,2.2659,6.5128,-0.01933,-0.00211,0.01222,17.449182803395807,78.3830589355923,3.5,0
113.657,751.52,849.415,17.44918006286954,78.38307632884509,7.844,52.0,2.372,-0.1956,14.404,-0.00794,0.03384,-0.02943,17.44916950410706,78.38304702616165,3.5,0
113.677,751.616,849.538,17.449181179309118,78.38307723722585,7.835,52.0,2.8257,-3.7714,5.6446,-0.01217,-0.01077,0.0226,17.449148494999303,78.38305515418705,3.5,0
113.697,751.712,849.662,17.449182294380513,78.3830781444934,7.825,52.0,-1.2706,-2.1213,13.39,0.01069,-0.00397,0.04305,17.44916621569857,78.38311054086039,3.5,0
113.717,751.809,849.785,17.44918340808372,78.38307905064772,7.816,52.0,-3.4592,1.9035,8.3385,-0.02521,0.01016,0.04528,17.44918070667864,78.38305982989733,3.5,0
113.737,751.905,849.908,17.449184520418743,78.38307995568886,7.806,52.0,0.6321,2.0337,9.5721,0.02481,0.02064,-0.02337,17.449200999543596,78.38307516139677,3.5,0
113.758,752.001,850.031,17.44918563138558,78.38308085961675,7.796,52.0,3.1543,-1.4144,12.4318,0.00786,0.00856,-0.00607,17.449168536792925,78.3830824537866,3.5,0
113.778,752.097,850.154,17.449186740984228,78.38308176243146,7.787,52.0,1.3822,-4.0232,6.0928,-0.02836,0.01445,0.02602,17.44918599568143,78.38306466444773,3.5,0
113.798,752.192,850.276,17.44918784921469,78.38308266413294,7.777,52.0,-2.0918,-1.7578,14.493,-0.00914,0.01088,-0.0013,17.449178762042667,78.38307838950357,3.5,0
113.818,752.288,850.399,17.44918895607697,78.38308356472122,7.768,52.0,-2.3968,1.9687,5.9355,-0.00035,0.00804,-0.0165,17.44920445228966,78.38304815152686,3.5,0
113.838,752.384,850.521,17.449190061571063,78.38308446419627,7.758,52.0,0.5939,1.6874,12.676,-0.01794,0.0064,0.03831,17.44920477185717,78.38310419218182,3.5,0
113.858,752.479,850.643,17.44919116569697,78.38308536255812,7.748,52.0,3.6073,-2.0709,9.3267,-0.01775,0.00647,-0.00299,17.449193121845372,78.38309615803134,3.5,0
113.878,752.574,850.765,17.44919226845469,78.38308625980676,7.739,52.0,0.4091,-2.9848,8.4902,-0.01682,0.00442,-0.03897,17.449205730254658,78.38311161608333,3.5,0
113.898,752.669,850.887,17.449193369844227,78.38308715594219,7.729,52.0,-1.9543,-0.148,13.334,-0.01732,-0.03067,0.02638,17.449203887737987,78.38308090388604,3.5,0
113.918,752.764,851.008,17.449194469865578,78.3830880509644,7.72,52.0,-2.336,1.1647,2.7797,-0.04632,0.04588,0.0352,17.449183110164334,78.38308232829154,3.5,0
113.938,752.859,851.13,17.449195568518743,78.3830889448734,7.71,52.0,2.0773,0.2021,14.3469,0.01444,-0.01546,-0.00836,17.449217755452857,78.38309348845246,3.5,0
113.958,752.954,851.251,17.449196665803722,78.3830898376692,7.7,52.0,2.9289,-2.7954,6.7367,0.02187,-0.00279,0.0237,17.44919707145226,78.38308234806534,3.5,0
113.978,753.049,851.372,17.449197761720512,78.38309072935178,7.691,52.0,-0.2475,-3.2255,11.3615,-0.03852,0.03283,-0.04892,17.449184111169423,78.38307919229017,3.5,0
113.998,753.143,851.494,17.44919885626912,78.38309161992115,7.681,52.0,-2.6626,0.4379,10.8904,-0.00115,0.04697,0.00074,17.449189415277786,78.38305917295473,3.5,0
114.018,753.238,851.614,17.449199949449543,78.3830925093773,7.672,52.0,-0.8414,2.2433,7.0706,-0.01026,0.03109,-0.01076,17.449200214708878,78.38312417275887,3.5,0
114.038,753.332,851.735,17.449201041261777,78.38309339772024,7.662,52.0,2.8144,0.316,14.2179,-0.01077,0.02134,0.04498,17.449230743511986,78.38307902926788,3.5,0
114.058,753.426,851.856,17.449202131705825,78.38309428494999,7.652,52.0,2.7392,-3.7986,5.5536,-0.0217,0.01566,0.04007,17.449191119733868,78.38309202185546,3.5,0
114.078,753.521,851.976,17.44920322078169,78.3830951710665,7.643,52.0,-1.3464,-2.1002,13.5103,-0.01137,0.0027,-0.00735,17.449199935783604,78.38308809284818,3.5,0
114.098,753.615,852.097,17.449204308489367,78.38309605606982,7.633,52.0,-3.0009,1.7081,8.3306,0.0413,0.02171,-0.00499,17.449210318091268,78.38309354231882,3.5,0
114.118,753.708,852.217,17.449205394828862,78.38309693995991,7.624,52.0,-0.3803,2.7301,10.7076,0.01145,0.03113,0.05371,17.44918327658306,78.38308357273854,3.5,0
114.138,753.802,852.337,17.449206479800168,78.3830978227368,7.614,52.0,3.6915,-0.7909,12.7665,-0.00521,0.02969,0.04625,17.449197311780054,78.38309170730633,3.5,0
114.158,753.896,852.457,17.449207563403288,78.38309870440047,7.604,52.0,2.1909,-3.2094,5.8083,-0.03166,0.0313,-0.02839,17.449221644447878,78.38313079442432,3.5,0
114.178,753.989,852.576,17.449208645638222,78.38309958495094,7.595,52.0,-2.1237,-1.1233,14.4416,-0.01326,-0.00106,-0.00247,17.44919882032607,78.3831120606292,3.5,0
114.198,754.083,852.696,17.44920972650497,78.38310046438819,7.585,52.0,-1.8512,1.1783,6.4837,-0.004,0.00978,0.0201,17.44922655533084,78.38307939743696,3.5,0
114.218,754.176,852.815,17.449210806003535,78.38310134271222,7.576,52.0,0.8891,0.9605,11.5839,-0.02029,-0.02764,0.01527,17.449183760607184,78.38309284916285,3.5,0
114.238,754.269,852.934,17.449211884133913,78.38310221992306,7.566,52.0,3.0563,-1.7884,10.7707,0.00098,0.0359,0.03093,17.449221219501293,78.38308137376131,3.5,0
114.258,754.362,853.053,17.449212960896105,78.38310309602068,7.556,52.0,1.7359,-4.2967,7.0641,-0.00609,0.00772,-0.01346,17.449190382778532,78.38307754304716,3.5,0
114.278,754.455,853.172,17.449214036290112,78.38310397100507,7.547,52.0,-2.1622,-0.5244,14.2716,0.01278,-0.02642,0.02126,17.44921997922462,78.38312020811401,3.5,0
114.298,754.548,853.291,17.449215110315933,78.38310484487627,7.537,52.0,-2.0671,2.404,5.6085,-0.01908,0.01418,0.00696,17.4492136966725,78.38310161909664,3.5,0
114.318,754.641,853.41,17.44921618297357,78.38310571763425,7.528,52.0,0.2623,-0.5611,9.5937,0.0064,0.03146,0.03496,17.449238696418412,78.38312815626718,3.5,0
114.338,754.733,853.528,17.449217254263015,78.38310658927902,7.518,52.0,3.6277,-2.4617,8.853,0.00817,0.00713,-0.01501,17.449220804987434,78.38309160723699,3.5,0
114.358,754.826,853.647,17.44921832418428,78.38310745981057,7.508,52.0,0.6278,-3.3164,8.7197,0.00221,0.01824,-0.02048,17.449229726595124,78.38312627392398,3.5,0
114.378,754.918,853.765,17.449219392737355,78.38310832922892,7.499,52.0,-2.4241,-0.4189,13.3683,-0.00808,-0.00168,0.01664,17.449224218451164,78.38310874323602,3.5,0
114.398,755.01,853.883,17.44922045992225,78.38310919753405,7.489,52.0,-2.1475,2.6696,6.9257,0.0101,-0.00974,0.01422,17.44922497808897,78.3831084893118,3.5,0
114.418,755.102,854.001,17.449221525738956,78.38311006472597,7.48,52.0,1.8851,0.8396,14.1957,-0.01494,0.01742,-0.00395,17.449250973275298,78.38312712625724,3.5,0
114.438,755.194,854.118,17.449222590187475,78.38311093080469,7.47,52.0,3.7405,-3.1122,6.5141,-0.04033,-0.00791,0.00779,17.44922617243487,78.38311568265253,3.5,0
114.458,755.286,854.236,17.449223653267808,78.38311179577019,7.46,52.0,-0.1571,-2.6978,10.3212,-0.01061,0.01005,0.0012,17.44921721139697,78.38311598410795,3.5,0
114.478,755.378,854.353,17.44922471497996,78.38311265962247,7.451,52.0,-3.0907,0.2081,12.143,-0.00237,-0.01579,0.0295,17.449225466697868,78.38312400042348,3.5,0
114.498,755.47,854.471,17.44922577532392,78.38311352236154,7.441,52.0,-1.5445,1.8886,6.0734,-0.01964,0.00643,0.00134,17.44919778660801,78.38307234835497,3.5,0
114.518,755.561,854.588,17.449226834299697,78.3831143839874,7.432,52.0,1.9674,0.732,14.4917,-0.00513,0.02448,0.00873,17.449215996676404,78.38312480308223,3.5,0
114.538,755.652,854.705,17.449227891907288,78.38311524450006,7.422,52.0,2.2262,-3.5213,6.3608,-0.03988,-0.01728,-0.01299,17.449207745444397,78.38310619728585,3.5,0
114.558,755.744,854.822,17.449228948146693,78.3831161038995,7.412,52.0,-0.4232,-2.8723,11.6206,0.00924,0.00022,0.02891,17.44921834570052,78.38309680449504,3.5,0
114.578,755.835,854.938,17.449230003017913,78.38311696218574,7.403,52.0,-2.8698,0.8045,10.9274,0.0089,-0.00765,0.00191,17.449208386304452,78.38310698760579,3.5,0
114.598,755.926,855.055,17.449231056520947,78.38311781935874,7.393,52.0,-0.9855,1.8293,6.8151,-0.00346,0.02997,0.06522,17.449255271927413,78.38310469191408,3.5,0
114.618,756.017,855.171,17.449232108655796,78.38311867541856,7.384,52.0,2.6821,-0.0252,14.4105,0.02255,0.0089,-0.01094,17.44925713051907,78.38314531842802,3.5,0
114.638,756.108,855.287,17.44923315942246,78.38311953036515,7.374,52.0,2.9251,-2.9351,5.8226,-0.02117,0.0072,0.00681,17.44922846348886,78.3831049824246,3.5,0
114.658,756.198,855.403,17.449234208820936,78.38312038419853,7.364,52.0,-0.2837,-2.9479,12.5744,0.013,0.00499,0.00599,17.449217715606856,78.38312931170042,3.5,0
114.678,756.289,855.519,17.449235256851228,78.3831212369187,7.355,52.0,-3.016,0.6753,9.9196,0.00504,-0.00365,-0.00126,17.449227803354745,78.38313084084402,3.5,0
114.698,756.379,855.635,17.449236303513334,78.38312208852565,7.345,52.0,-0.8713,2.0125,7.567,-0.01154,-0.0232,0.04832,17.449252993835003,78.38311512388603,3.5,0
114.718,756.47,855.751,17.44923734880725,78.3831229390194,7.336,52.0,2.8198,-0.6523,14.139,-0.00614,0.00278,-0.05699,17.449218264463788,78.3831116672231,3.5,0
114.738,756.56,855.866,17.449238392732987,78.38312378839994,7.326,52.0,2.953,-2.3398,5.5835,-0.00452,0.02754,0.02792,17.449243774913054,78.38312324249266,3.5,0
114.758,756.65,855.982,17.449239435290533,78.38312463666726,7.316,52.0,-0.4028,-2.719,13.1832,0.00234,-0.00201,-0.00083,17.449226182180045,78.38311012485975,3.5,0
114.778,756.74,856.097,17.449240476479897,78.38312548382137,7.307,52.0,-3.1801,1.307,9.1806,-0.00038,0.02029,0.01607,17.449254234081042,78.38311222560614,3.5,0
114.798,756.83,856.212,17.449241516301072,78.38312632986228,7.297,52.0,-0.3658,1.8638,8.1859,-0.03028,-0.02002,-0.01042,17.44926317788922,78.38314368051745,3.5,0
114.818,756.919,856.327,17.449242554754065,78.38312717478996,7.288,52.0,3.1816,-1.0711,13.8446,0.01349,0.0373,0.00489,17.449265472396267,78.38315672828728,3.5,0
114.838,757.009,856.441,17.44924359183887,78.38312801860444,7.278,52.0,2.1923,-3.2882,5.5147,0.01514,0.04193,0.00576,17.449223188076836,78.38312824328872,3.5,0
114.858,757.099,856.556,17.449244627555487,78.3831288613057,7.268,52.0,-1.1278,-2.0332,13.5376,-0.00032,0.01963,-0.01624,17.449236296510076,78.38310601638895,3.5,0
114.878,757.188,856.67,17.449245661903923,78.38312970289375,7.259,52.0,-3.4908,1.3855,8.713,0.01646,0.01108,-0.00885,17.449260614234134,78.383150082517,3.5,0
114.898,757.277,856.784,17.44924669488417,78.3831305433686,7.249,52.0,-0.959,2.599,8.5724,-0.02036,-0.0092,0.06417,17.449241557446573,78.38313921688932,3.5,0
114.918,757.366,856.899,17.449247726496232,78.38313138273023,7.24,52.0,3.2561,0.4296,13.6363,0.0297,-0.03144,0.00121,17.449256461520918,78.38314948771621,3.5,0
114.938,757.455,857.012,17.449248756740108,78.38313222097864,7.23,52.0,2.3555,-3.2575,5.5031,-0.02041,0.01898,0.00133,17.449244130296766,78.38312544389566,3.5,0
114.958,757.544,857.126,17.449249785615798,78.38313305811386,7.22,52.0,-1.1383,-2.4899,13.6877,0.01685,0.0317,0.04073,17.449229958729067,78.38315048863632,3.5,0
114.978,757.633,857.24,17.449250813123303,78.38313389413584,7.211,52.0,-2.9037,1.2504,8.5158,0.00066,0.0051,0.0221,17.44922996562759,78.38312891091908,3.5,0
114.998,757.722,857.353,17.449251839262622,78.38313472904463,7.201,52.0,-0.5951,1.8505,8.7164,0.00441,0.0129,0.00281,17.449252179864864,78.38311984184497,3.5,0
115.018,757.81,857.467,17.449252864033756,78.3831355628402,7.192,52.0,2.8232,-0.7957,12.6253,0.02207,-0.0108,-0.00295,17.449249560321455,78.38311581336822,3.5,0
115.038,757.899,857.58,17.4492538874367,78.38313639552256,7.182,52.0,1.9989,-3.8813,5.5044,0.00939,0.01655,-0.00835,17.449273404487585,78.38313609090417,3.5,0
115.058,757.987,857.693,17.449254909471463,78.38313722709171,7.172,52.0,-0.6651,-1.2803,13.6842,-0.01835,0.02883,0.06052,17.44924820866613,78.38316987011997,3.5,0
115.078,758.075,857.806,17.44925593013804,78.38313805754764,7.163,52.0,-3.4468,1.3979,8.5816,0.00761,0.02011,-0.0256,17.449236967712668,78.3831505342031,3.5,0
115.098,758.163,857.919,17.44925694943643,78.38313888689036,7.153,52.0,-0.3225,1.3011,8.6015,0.03934,-0.00877,-0.0285,17.449269057881786,78.38312584090477,3.5,0
115.118,758.251,858.031,17.449257967366634,78.38313971511988,7.143,52.0,2.6798,-1.013,13.6841,0.03443,-0.00178,-0.01594,17.44925104797747,78.38313576926782,3.5,0
115.138,758.339,858.144,17.449258983928654,78.38314054223618,7.134,52.0,2.783,-3.0233,5.505,0.01716,0.02221,-0.0309,17.44923388041295,78.38316770906061,3.5,0
115.158,758.427,858.256,17.449259999122486,78.38314136823927,7.124,52.0,-1.2602,-1.8403,13.5135,0.00608,-0.00331,0.00894,17.449265947343854,78.38314962736386,3.5,0
115.178,758.514,858.368,17.44926101294813,78.38314219312915,7.115,52.0,-3.1252,0.4448,8.9041,-0.01896,0.04414,0.02642,17.449249474116936,78.3831502408005,3.5,0
115.198,758.602,858.48,17.449262025405595,78.3831430169058,7.105,52.0,-0.0402,2.2846,8.2325,0.00522,0.05456,-0.01136,17.449235158383644,78.38313980594793,3.5,0
115.218,758.689,858.592,17.44926303649487,78.38314383956926,7.095,52.0,3.0335,-1.3787,13.9239,-0.00489,0.00306,-0.01954,17.449270554705002,78.38312963412002,3.5,0
115.238,758.777,858.704,17.44926404621596,78.3831446611195,7.086,52.0,2.8882,-3.3404,5.5559,-0.01418,0.06302,0.02827,17.449251496506673,78.38318338557158,3.5,0
115.258,758.864,858.815,17.449265054568862,78.38314548155654,7.076,52.0,-1.328,-2.0022,13.1549,-0.00685,0.00912,0.00881,17.44928027873933,78.38313603704708,3.5,0
115.278,758.951,858.926,17.449266061553583,78.38314630088036,7.067,52.0,-3.4864,0.5839,9.5198,-0.01805,0.03132,-0.07987,17.449262840740243,78.38316995981714,3.5,0
115.298,759.038,859.038,17.449267067170116,78.38314711909096,7.057,52.0,-2.0903,-0.5857,2.553,0.04362,0.01462,-0.05171,17.44926143796463,78.3831462057128,3.5,0
115.318,759.124,859.149,17.449268071418462,78.38314793618835,7.047,52.0,2.7663,-0.3093,14.2355,-0.01077,0.01013,0.01924,17.449303219277713,78.38312328110399,3.5,0
115.338,759.211,859.26,17.449269074298623,78.38314875217254,7.038,52.0,3.1079,-3.4455,5.7343,0.01281,-0.01779,0.047,17.44927174403557,78.38315674235156,3.5,0
115.358,759.298,859.37,17.4492700758106,78.38314956704352,7.028,52.0,-0.6906,-2.3818,12.5129,-0.00313,0.00511,0.0068,17.449265733277507,78.38317929941489,3.5,0
115.378,759.384,859.481,17.449271075954385,78.38315038080127,7.019,52.0,-2.8487,0.2132,10.3971,-0.02895,0.04412,0.00949,17.44927393978163,78.38314555773324,3.5,0
115.398,759.47,859.591,17.44927207472999,78.38315119344583,7.009,52.0,-1.5633,1.8005,6.9175,-0.00519,0.01974,0.00433,17.449274849871216,78.38314320133021,3.5,0
115.418,759.556,859.702,17.44927307213741,78.38315200497716,6.999,52.0,3.4386,-0.8703,14.4724,-0.00205,0.00976,0.02364,17.449300611229553,78.38315320019763,3.5,0
115.438,759.643,859.812,17.449274068176642,78.38315281539528,6.99,52.0,2.9991,-2.9735,6.1705,0.02695,0.00803,-0.03266,17.44926589342122,78.38313211037,3.5,0
115.458,759.728,859.922,17.449275062847686,78.3831536247002,6.98,52.0,0.014,-2.9252,11.5351,-0.00567,0.02102,0.00968,17.44927962925842,78.38314385350334,3.5,0
115.478,759.814,860.032,17.44927605615055,78.3831544328919,6.971,52.0,-3.2059,-0.2356,11.5227,-0.02397,0.00926,0.00202,17.449272834399917,78.38317869136019,3.5,0
115.498,759.9,860.142,17.449277048085225,78.38315523997039,6.961,52.0,-1.1693,2.2105,6.1662,-0.02623,0.01832,-0.00455,17.449291992714034,78.38314987348521,3.5,0
115.518,759.986,860.251,17.449278038651713,78.38315604593566,6.951,52.0,1.8476,0.7266,14.4667,0.01722,0.00633,-0.0161,17.44928447298425,78.38313300590492,3.5,0
115.538,760.071,860.36,17.449279027850015,78.38315685078773,6.942,52.0,3.4494,-2.8906,7.0045,-0.01606,0.00468,0.00552,17.449271494624604,78.38315150964226,3.5,0
115.558,760.156,860.47,17.449280015680134,78.38315765452658,6.932,52.0,0.075,-2.9975,10.1931,-0.00123,-0.01156,-0.02343,17.449278245541304,78.38315565963477,3.5,0
115.578,760.242,860.579,17.449281002142065,78.38315845715223,6.923,52.0,-2.7459,-0.0919,12.7612,-0.03731,0.04436,-0.01243,17.449288171476553,78.3831574102415,3.5,0
115.598,760.327,860.688,17.44928198723581,78.38315925866466,6.913,52.0,-1.465,1.6025,5.6128,0.03061,-0.01195,0.01841,17.449264916981146,78.38318528723234,3.5,0
115.618,760.412,860.797,17.449282970961374,78.38316005906388,6.903,52.0,1.4167,1.5704,13.9863,-0.02213,0.01456,0.00513,17.449292232466124,78.38320065021098,3.5,0
115.638,760.497,860.905,17.449283953318748,78.38316085834988,6.894,52.0,3.1261,-2.6409,8.3366,0.0153,-0.00065,-0.04223,17.449269707630354,78.38316476157125,3.5,0
115.658,760.581,861.014,17.449284934307936,78.38316165652269,6.884,52.0,0.9585,-3.0542,8.5668,0.01892,-0.00228,0.0324,17.44930282400196,78.38318345778413,3.5,0
115.678,760.666,861.122,17.44928591392894,78.38316245358227,6.875,52.0,-1.6839,-0.4159,13.874,0.03965,1e-05,-0.01351,17.449304189051343,78.38316578808754,3.5,0
115.698,760.751,861.23,17.449286892181757,78.38316324952864,6.865,52.0,-2.2512,1.8796,5.579,-0.02343,-0.0038,0.01425,17.44926240496226,78.38313400084283,3.5,0
115.718,760.835,861.338,17.44928786906639,78.3831640443618,6.855,52.0,1.5642,1.4376,12.8531,-0.00159,0.01506,-0.00636,17.449294661112383,78.38313171744537,3.5,0
115.738,760.919,861.446,17.449288844582835,78.38316483808175,6.846,52.0,3.4152,-1.8681,10.1621,0.05623,0.02468,8e-05,17.449284264163467,78.38315728262307,3.5,0
115.758,761.004,861.554,17.449289818731096,78.3831656306885,6.836,52.0,2.208,-4.0104,6.9473,-0.01463,0.02183,0.03604,17.44928274821476,78.38314772792751,3.5,0
115.778,761.088,861.662,17.449290791511167,78.38316642218201,6.827,52.0,-2.8148,-1.4537,14.4937,-0.00423,-0.0277,-0.02342,17.449289381945064,78.3831499685758,3.5,0
115.798,761.172,861.769,17.449291762923057,78.38316721256233,6.817,52.0,-2.5558,1.4035,6.362,0.01244,0.02907,0.00379,17.449293892297057,78.38313912300424,3.5,0
115.818,761.255,861.876,17.44929273296676,78.38316800182943,6.807,52.0,-0.0384,1.4412,11.0085,0.01609,0.02257,-0.02388,17.449264851630474,78.38319873469874,3.5,0
115.838,761.339,861.983,17.449293701642276,78.38316878998333,6.798,52.0,2.3489,-1.874,12.2,0.03561,-0.00319,0.01006,17.449261509190215,78.38319825859213,3.5,0
115.858,761.423,862.09,17.44929466894961,78.383169577024,6.788,52.0,2.2312,-2.9972,5.7732,-0.01358,0.02267,-0.05779,17.449317104107266,78.38317691480135,3.5,0
115.878,761.506,862.197,17.449295634888752,78.38317036295147,6.779,52.0,-1.4571,-1.3239,14.1719,-0.01323,0.02912,-0.02675,17.449294078417434,78.38315585206612,3.5,0
115.898,761.589,862.304,17.449296599459714,78.38317114776572,6.769,52.0,-2.9827,1.5746,8.1115,9e-05,0.00229,0.04956,17.44929489653608,78.3831819203157,3.5,0
115.918,761.673,862.41,17.449297562662487,78.38317193146678,6.759,52.0,-0.2627,2.4745,8.6904,0.03087,-0.00543,-0.0532,17.449283051339588,78.38317675849035,3.5,0
115.938,761.756,862.517,17.449298524497078,78.3831727140546,6.75,52.0,4.2756,-0.7471,13.894,-0.01503,0.04037,-0.01078,17.449292789013423,78.38318421618139,3.5,0
115.958,761.839,862.623,17.44929948496348,78.38317349552922,6.74,52.0,2.6454,-3.5057,5.6137,-0.0092,0.04457,-0.01451,17.44928167821681,78.38316676637709,3.5,0
115.978,761.922,862.729,17.449300444061695,78.38317427589062,6.731,52.0,-0.5023,-2.9077,12.6069,-0.014,0.02482,0.00918,17.449296333050675,78.38314903208607,3.5,0
115.998,762.004,862.835,17.449301401791725,78.38317505513884,6.721,52.0,-3.19,0.776,10.6026,-0.0071,0.03281,-0.02268,17.449296584903845,78.38316988149188,3.5,0
116.018,762.087,862.941,17.44930235815357,78.38317583327381,6.711,52.0,-0.9831,2.2218,6.5376,-0.01312,0.01088,0.00498,17.449296211078924,78.38317238050654,3.5,0
116.038,762.17,863.046,17.44930331314723,78.38317661029559,6.702,52.0,2.3636,0.1725,14.5013,0.00479,0.0292,-0.01269,17.449302778742183,78.38317779778818,3.5,0
116.058,762.252,863.152,17.449304266772703,78.38317738620415,6.692,52.0,3.0801,-2.3035,6.9298,-0.0078,-0.03539,-0.03226,17.4493017210512,78.38315955498273,3.5,0
116.078,762.334,863.257,17.44930521902999,78.3831781609995,6.683,52.0,1.0038,-2.9652,9.9943,0.01787,0.02214,-0.01979,17.449317615715174,78.38317309727702,3.5,0
116.098,762.416,863.362,17.449306169919094,78.38317893468164,6.673,52.0,-2.2348,-0.6738,13.1191,-0.00258,0.02158,-0.0017,17.44932392035711,78.38318890450822,3.5,0
116.118,762.499,863.467,17.44930711944001,78.38317970725056,6.663,52.0,-1.8887,1.7663,5.5173,-0.03885,0.02166,0.01682,17.449308549784988,78.38317906552174,3.5,0
116.138,762.58,863.572,17.449308067592742,78.38318047870628,6.654,52.0,0.6764,1.2896,13.3996,0.02872,0.01714,-0.02558,17.449295352944176,78.38319310650371,3.5,0
116.158,762.662,863.677,17.449309014377288,78.38318124904879,6.644,52.0,3.3204,-1.6974,9.616,0.01366,0.01717,-0.00985,17.44931131565796,78.38315542683168,3.5,0
116.178,762.744,863.782,17.449309959793645,78.38318201827808,6.635,52.0,2.4246,-3.2013,7.1777,0.02112,-0.00286,0.01613,17.44930149728282,78.38319919736787,3.5,0
116.198,762.826,863.886,17.44931090384182,78.38318278639416,6.625,52.0,-2.2084,-0.5286,14.4801,-0.00815,0.04832,-0.02064,17.449319321055576,78.383166248156,3.5,0
116.218,762.907,863.99,17.44931184652181,78.38318355339702,6.615,52.0,-2.1586,2.2839,6.4434,0.03884,0.04065,-0.01532,17.449280946110736,78.3831904726746,3.5,0
116.238,762.988,864.094,17.44931278783361,78.38318431928668,6.606,52.0,1.0701,1.8733,10.6357,0.01283,0.05522,-0.01438,17.44930987564631,78.38318629382147,3.5,0
116.258,763.07,864.198,17.449313727777227,78.38318508406313,6.596,52.0,3.3977,-1.4985,12.6951,0.01268,-0.00324,0.01817,17.449332306573588,78.38316447287923,3.5,0
116.278,763.151,864.302,17.449314666352656,78.38318584772635,6.587,52.0,2.0246,-3.9267,5.5568,-0.04594,0.02317,-0.00745,17.44932006881774,78.3831670269857,3.5,0
116.298,763.232,864.406,17.4493156035599,78.38318661027638,6.577,52.0,-2.1466,-2.4023,13.6297,-0.00621,0.02502,0.0424,17.449340819155925,78.38317733498667,3.5,0
116.318,763.312,864.509,17.44931653939896,78.38318737171319,6.567,52.0,-2.6413,1.1671,9.3214,0.0102,-0.03262,0.01413,17.44928926776589,78.38319494718198,3.5,0
116.338,763.393,864.613,17.449317473869833,78.38318813203679,6.558,52.0,-1.0465,2.827,7.333,0.00344,0.00804,-0.02165,17.44930432547145,78.38320332984696,3.5,0
116.358,763.474,864.716,17.44931840697252,78.38318889124717,6.548,52.0,2.7729,0.1009,14.4575,-0.01393,0.01517,0.01192,17.44930944076787,78.38320163179111,3.5,0
116.378,763.554,864.819,17.44931933870702,78.38318964934435,6.539,52.0,2.6522,-2.488,6.415,-0.05787,0.0156,0.02005,17.449321735326013,78.3831969090833,3.5,0
116.398,763.635,864.922,17.449320269073336,78.38319040632831,6.529,52.0,-0.0238,-3.1238,10.5718,0.00076,-0.00779,-0.02745,17.44933540318381,78.38320411218601,3.5,0
116.418,763.715,865.025,17.449321198071466,78.38319116219907,6.519,52.0,-2.7211,0.0498,12.8015,0.00345,0.02951,0.01847,17.449312430286497,78.38318298542855,3.5,0
116.438,763.795,865.127,17.44932212570141,78.3831919169566,6.51,52.0,-1.7463,2.3919,5.5192,0.0261,0.01549,-0.01336,17.449303634752958,78.38317532050951,3.5,0
116.458,763.875,865.23,17.44932305196317,78.38319267060093,6.5,52.0,-0.8693,-2.5379,6.5673,0.00967,-0.00035,-0.00494,17.44931068484078,78.38319524404325,3.5,0
116.478,763.955,865.332,17.449323976856743,78.38319342313204,6.491,52.0,3.969,-2.2513,9.7177,0.00062,0.02151,0.03049,17.449326250443445,78.38322651113684,3.5,0
116.498,764.035,865.434,17.44932490038213,78.38319417454996,6.481,52.0,1.2142,-3.0631,6.9526,-0.00106,-0.00981,-0.0261,17.449314485164415,78.38319127064966,3.5,0
116.518,764.115,865.536,17.449325822539333,78.38319492485465,6.471,52.0,-2.6583,-1.3213,14.5051,-0.0,0.01666,-0.0071,17.449323157750005,78.38319721854293,3.5,0
116.538,764.194,865.638,17.449326743328346,78.38319567404612,6.462,52.0,-2.7203,1.0235,6.8611,-0.01249,0.0072,0.00065,17.44930612071402,78.38320325907962,3.5,0
116.558,764.274,865.74,17.449327662749177,78.3831964221244,6.452,52.0,0.2341,0.8453,9.825,-0.01203,0.00966,0.02296,17.44934853643551,78.38319494351144,3.5,0
116.578,764.353,865.841,17.449328580801822,78.38319716908946,6.443,52.0,3.2663,-1.0067,13.4039,0.00058,-0.00436,-0.02292,17.449335693330955,78.38321475934602,3.5,0
116.598,764.432,865.942,17.44932949748628,78.38319791494129,6.433,52.0,3.2143,-3.3316,5.5284,0.02197,-0.01266,0.01561,17.449331957672097,78.38318607985929,3.5,0
116.618,764.511,866.044,17.449330412802553,78.38319865967993,6.423,52.0,-0.8157,-2.9233,12.7009,0.01248,-0.01418,0.04596,17.449309504216245,78.38324036558203,3.5,0
116.638,764.59,866.145,17.449331326750638,78.38319940330535,6.414,52.0,-2.9411,0.5074,10.8175,0.00676,-0.01624,0.00734,17.44934686542065,78.3831932422625,3.5,0
116.658,764.669,866.246,17.449332239330538,78.38320014581757,6.404,52.0,-1.6939,2.3375,6.1989,-0.03243,0.01054,-0.04924,17.449326450710224,78.38322357908011,3.5,0
116.678,764.748,866.346,17.449333150542255,78.38320088721656,6.395,52.0,2.5572,0.7453,14.3508,0.0158,0.0169,0.04242,17.449360871703067,78.38323376681025,3.5,0
116.698,764.826,866.447,17.449334060385784,78.38320162750234,6.385,52.0,3.4687,-3.4864,7.9604,0.0044,0.01608,0.0022,17.449329756047714,78.38317821169804,3.5,0
116.718,764.905,866.548,17.449334968861127,78.38320236667492,6.375,52.0,0.695,-3.8473,8.4173,0.0466,-0.00546,0.06122,17.449336039259837,78.38320110829417,3.5,0
116.738,764.983,866.648,17.449335875968284,78.38320310473429,6.366,52.0,-3.1126,-1.0623,14.1975,-0.00132,-0.01575,-0.00178,17.449320086202615,78.38321975697492,3.5,0
116.758,765.062,866.748,17.449336781707256,78.38320384168044,6.356,52.0,-1.86,1.9978,5.9838,0.01165,0.01706,0.03603,17.449319268329788,78.38321636625027,3.5,0
116.778,765.14,866.848,17.449337686078042,78.38320457751338,6.347,52.0,0.2129,1.791,11.1808,0.0071,0.0162,0.06493,17.44935423608004,78.3831999704327,3.5,0
116.798,765.218,866.948,17.449338589080643,78.38320531223312,6.337,52.0,3.2512,-0.87,12.9405,-0.00349,0.03013,-0.0515,17.4493363120504,78.38321212308449,3.5,0
116.818,765.296,867.048,17.449339490715058,78.38320604583963,6.327,52.0,1.708,-4.6271,2.8661,-0.00265,-0.01529,-0.0137,17.449362817267527,78.38317779003128,3.5,0
116.838,765.374,867.147,17.449340390981288,78.38320677833293,6.318,52.0,-1.5454,-2.4546,13.442,-0.01228,0.00502,-0.00523,17.449325403433075,78.38321172980099,3.5,0
116.858,765.451,867.247,17.44934128987933,78.38320750971303,6.308,52.0,-3.5196,0.4127,9.939,0.00949,0.01721,0.04341,17.44932247305385,78.38321016969353,3.5,0
116.878,765.529,867.346,17.44934218740919,78.38320823997991,6.299,52.0,-1.8743,2.4423,6.6695,-0.02821,-0.02185,-0.02209,17.449333174908634,78.38320735741429,3.5,0
116.898,765.606,867.445,17.449343083570863,78.38320896913358,6.289,52.0,2.6836,-0.0754,14.4822,0.05333,0.00492,0.03564,17.44931695697781,78.38319961817093,3.5,0
116.918,765.683,867.544,17.449343978364347,78.38320969717404,6.279,52.0,3.1148,-2.316,7.5075,-0.00506,-0.02612,-0.00082,17.449340195888674,78.38320914213284,3.5,0
116.938,765.761,867.643,17.44934487178965,78.38321042410128,6.27,52.0,1.8754,-3.1907,8.8108,-0.01304,-0.00262,-0.0158,17.449359204368193,78.38319264696312,3.5,0
116.958,765.838,867.741,17.44934576384676,78.38321114991533,6.26,52.0,-2.8283,-0.8617,14.0826,-0.00656,0.03578,-0.01804,17.44936328982906,78.38322156196364,3.5,0
116.978,765.915,867.84,17.44934665453569,78.38321187461614,6.251,52.0,-2.7892,1.5352,5.9166,0.01634,0.04878,0.0331,17.449319070542312,78.38321864352368,3.5,0
116.998,765.992,867.938,17.449347543856433,78.38321259820376,6.241,52.0,-0.5692,-0.3574,7.71,0.01132,0.01099,0.01529,17.449317506946592,78.3832118354104,3.5,0
117.018,766.068,868.037,17.449348431808993,78.38321332067815,6.231,52.0,3.4364,-1.4832,12.5282,-0.00349,0.01546,-0.01508,17.449337935895883,78.38319639977576,3.5,0
117.038,766.145,868.135,17.449349318393363,78.38321404203934,6.222,52.0,2.2359,-3.517,5.5381,-0.01134,0.00927,0.05519,17.449322026119997,78.38323123061332,3.5,0
117.058,766.221,868.233,17.449350203609548,78.38321476228732,6.212,52.0,2.5148,0.956,24.0193,-0.02405,0.02694,0.01069,17.449366540151452,78.38319529385011,3.5,0
117.078,766.298,868.33,17.44935108745755,78.38321548142208,6.203,52.0,-3.4988,0.2555,9.7514,-0.00402,0.02545,0.02293,17.44934860644043,78.38319838513301,3.5,0
117.098,766.374,868.428,17.449351969937364,78.38321619944364,6.193,52.0,-1.7466,2.5118,6.3447,0.00432,-0.02187,0.07382,17.44934397485576,78.38326949922251,3.5,0
117.118,766.45,868.525,17.449352851048992,78.38321691635198,6.183,52.0,1.5004,0.7083,14.3643,-0.04624,0.01945,0.02567,17.449368394171433,78.38322001458916,3.5,0
117.138,766.526,868.623,17.449353730792435,78.38321763214711,6.174,52.0,2.524,-2.6798,8.2071,0.01622,-0.01615,0.03231,17.44935540719172,78.38319377553508,3.5,0
117.158,766.602,868.72,17.449354609167692,78.38321834682903,6.164,52.0,0.8226,-3.3446,7.9868,0.00742,0.03128,-0.00551,17.44934210907698,78.38322498890804,3.5,0
117.178,766.678,868.817,17.449355486174763,78.38321906039774,6.155,52.0,-2.3244,-1.3833,14.4277,-0.00931,0.03058,0.00378,17.449340248759956,78.38322011106793,3.5,0
117.198,766.754,868.914,17.44935636181365,78.38321977285322,6.145,52.0,-2.8572,1.6739,6.5299,-0.00254,-0.02396,-0.01065,17.44933836731319,78.38320850420513,3.5,0
117.218,766.829,869.01,17.44935723608435,78.3832204841955,6.135,52.0,0.7726,2.4231,10.0076,-0.02037,0.02802,-0.00359,17.449362812168054,78.3832286784974,3.5,0
117.238,766.905,869.107,17.44935810898686,78.38322119442458,6.126,52.0,3.6567,-0.406,13.5573,-0.00086,-0.01415,0.01104,17.44936713230192,78.38322309806749,3.5,0
117.258,766.98,869.203,17.44935898052119,78.38322190354044,6.116,52.0,2.6542,-3.028,5.6455,-0.04419,0.00446,-0.02764,17.44938504124645,78.38320153570174,3.5,0
117.278,767.055,869.299,17.449359850687333,78.38322261154309,6.107,52.0,-1.1386,-2.9618,11.9366,0.01669,-0.01721,0.03397,17.449340348666507,78.38322519984965,3.5,0
117.298,767.13,869.396,17.44936071948529,78.38322331843253,6.097,52.0,-3.0671,0.3794,12.0425,-0.00737,0.0179,0.01724,17.44936995180119,78.38321840993717,3.5,0
117.318,767.205,869.492,17.44936158691506,78.38322402420874,6.087,52.0,-1.9886,1.4184,5.6197,-0.04089,0.03907,0.00611,17.44934457533849,78.38322191276703,3.5,0
117.338,767.28,869.587,17.449362452976647,78.38322472887177,6.078,52.0,1.3521,0.915,13.4386,0.01812,0.00381,0.01314,17.449365428001897,78.38322446104017,3.5,0
117.358,767.355,869.683,17.449363317670045,78.38322543242157,6.068,52.0,3.1967,-1.6999,10.2516,-0.01225,-0.00315,-0.002,17.44935500996415,78.38321954457773,3.5,0
117.378,767.429,869.778,17.449364180995257,78.38322613485815,6.059,52.0,1.4953,-3.1571,6.3356,-0.0141,0.00689,-0.0416,17.44936740292347,78.38323264850357,3.5,0
117.398,767.504,869.874,17.449365042952287,78.38322683618152,6.049,52.0,-1.7686,-1.5741,14.3218,-0.01165,0.03688,-0.04547,17.44938051807115,78.38322917369233,3.5,0
117.418,767.578,869.969,17.44936590354113,78.3832275363917,6.039,52.0,-3.1318,1.2156,8.5188,-0.0141,0.02785,-0.01817,17.449377515102004,78.38320854672446,3.5,0
117.438,767.652,870.064,17.449366762761784,78.38322823548864,6.03,52.0,-0.5479,2.0102,7.5819,0.00876,0.03559,0.04001,17.44933500435255,78.38323618659668,3.5,0
117.458,767.726,870.159,17.449367620614257,78.3832289334724,6.02,52.0,2.7706,0.2579,14.5271,-0.00593,0.00709,-0.02834,17.449347656926392,78.38323926196597,3.5,0
117.478,767.8,870.254,17.44936847709854,78.38322963034292,6.011,52.0,2.9184,-3.1499,7.0835,-0.01177,-0.03544,-0.01442,17.44935231125548,78.38318719747255,3.5,0
117.498,767.874,870.348,17.44936933221464,78.38323032610025,6.001,52.0,1.1399,-3.5722,9.0849,-0.00963,-0.02813,0.06672,17.44939095533561,78.383180904052,3.5,0
117.518,767.948,870.443,17.449370185962554,78.38323102074435,5.991,52.0,-2.7913,-0.8202,14.1283,0.02139,0.00391,-0.00786,17.449395555634748,78.3832304939692,3.5,0
117.538,768.022,870.537,17.44937103834228,78.38323171427524,5.982,52.0,-3.1108,1.8239,6.0993,-0.01663,-0.02035,-0.06676,17.449382684990216,78.38322717203633,3.5,0
117.558,768.095,870.631,17.449371889353824,78.38323240669293,5.972,52.0,0.0531,0.179,8.6093,-0.00497,0.02203,-0.00964,17.449360132188403,78.38324353831061,3.5,0
117.578,768.169,870.725,17.44937273899718,78.3832330979974,5.963,52.0,2.9148,-0.7349,13.2897,-0.02337,0.0032,-0.02021,17.449395283486048,78.3832204084182,3.5,0
117.598,768.242,870.819,17.449373587272348,78.38323378818866,5.953,52.0,2.8865,-2.9482,5.6045,0.02167,-0.02863,-0.00255,17.449368982350382,78.38323728467034,3.5,0
117.618,768.315,870.912,17.449374434179333,78.38323447726671,5.943,52.0,-1.3769,-2.7742,12.001,-0.01623,0.01482,0.00691,17.44936693461319,78.38324581701107,3.5,0
117.638,768.388,871.006,17.449375279718133,78.38323516523154,5.934,52.0,-2.2454,1.0039,12.1741,0.0274,-0.00709,0.06373,17.449337912468085,78.38324325963589,3.5,0
117.658,768.461,871.099,17.449376123888744,78.38323585208317,5.924,52.0,-1.5386,1.8145,5.5739,0.04556,0.00363,0.00763,17.449399662050883,78.3832222626339,3.5,0
117.678,768.534,871.193,17.449376966691172,78.38323653782159,5.915,52.0,0.8733,1.0081,13.1076,0.01067,0.02847,-0.01595,17.449380744040653,78.38323547447622,3.5,0
117.698,768.607,871.286,17.449377808125416,78.38323722244678,5.905,52.0,2.8876,-1.8891,10.9429,-0.01683,0.03288,-0.0103,17.449373109945086,78.38322671074205,3.5,0
117.718,768.679,871.378,17.44937864819147,78.38323790595878,5.895,52.0,2.7091,-3.4659,5.9228,-0.02251,0.03326,-0.0078,17.44938900807747,78.38323985064925,3.5,0
117.738,768.752,871.471,17.44937948688934,78.38323858835756,5.886,52.0,-1.5774,-2.2565,13.9047,0.02054,0.02141,0.03014,17.44937414121632,78.38324432479041,3.5,0
117.758,768.824,871.564,17.449380324219025,78.38323926964311,5.876,52.0,-3.2351,0.2184,9.7481,0.00256,0.04333,0.03498,17.449389176145747,78.38326058610694,3.5,0
117.778,768.896,871.656,17.449381160180522,78.38323994981548,5.867,52.0,-1.997,1.9266,6.5516,-0.0034,0.00151,-0.02311,17.449383370812107,78.38323471043253,3.5,0
117.798,768.968,871.749,17.449381994773834,78.38324062887462,5.857,52.0,2.064,0.4762,14.3733,0.00722,0.00408,0.00393,17.44937013350524,78.38325668041293,3.5,0
117.818,769.04,871.841,17.449382827998964,78.38324130682055,5.847,52.0,2.1264,-3.5054,4.5572,-0.02198,-0.006,-0.02146,17.44936260786736,78.38325760616871,3.5,0
117.838,769.112,871.933,17.449383659855904,78.38324198365326,5.838,52.0,1.5956,-2.5205,7.3254,-0.00773,0.00872,-0.0118,17.449400077833747,78.3832400410964,3.5,0
117.858,769.184,872.025,17.44938449034466,78.38324265937278,5.828,52.0,-2.481,-0.9691,14.5465,-0.02248,0.0073,0.01873,17.449350738812505,78.3832312695391,3.5,0
117.878,769.256,872.116,17.44938531946523,78.38324333397907,5.818,52.0,-3.4161,0.9991,7.7234,0.00402,0.01092,0.01603,17.449363428826658,78.3832419778949,3.5,0
117.898,769.327,872.208,17.449386147217613,78.38324400747216,5.809,52.0,-0.2335,1.7676,8.1683,0.0103,0.00695,-0.01453,17.449370889813416,78.3832562210703,3.5,0
117.918,769.399,872.299,17.44938697360181,78.38324467985203,5.799,52.0,3.1172,-0.1305,14.4991,0.01934,0.02626,0.0557,17.449375220874007,78.38324597893768,3.5,0
117.938,769.47,872.391,17.449387798617824,78.38324535111869,5.79,52.0,2.6303,-2.0733,6.9888,-0.01569,0.00896,0.02248,17.44938854304664,78.38322621950402,3.5,0
117.958,769.541,872.482,17.44938862226565,78.38324602127214,5.78,52.0,1.0913,-3.3031,9.0057,0.01747,0.00612,0.03455,17.449386806577255,78.383247828806,3.5,0
117.978,769.612,872.573,17.44938944454529,78.38324669031238,5.77,52.0,-2.325,-1.483,14.2771,-0.03762,0.01565,0.00232,17.449368040852118,78.38323071808558,3.5,0
117.998,769.683,872.663,17.449390265456746,78.3832473582394,5.761,52.0,-2.1422,1.4597,6.4378,-0.02475,-0.01748,0.00686,17.44938203613116,78.38324490861055,3.5,0
118.018,769.754,872.754,17.449391085000016,78.38324802505322,5.751,52.0,0.1595,2.1513,9.786,0.00998,-0.01659,0.02084,17.449408033694695,78.38327863462969,3.5,0
118.038,769.825,872.844,17.449391903175098,78.38324869075382,5.742,52.0,2.0401,-0.3001,13.9551,0.00789,0.00278,0.00776,17.449392614884186,78.38326962733969,3.5,0
118.058,769.895,872.935,17.449392719981997,78.38324935534122,5.732,52.0,2.9536,-3.1507,6.0456,0.00522,0.01972,0.02348,17.44940207096673,78.3832423402787,3.5,0
118.078,769.966,873.025,17.449393535420707,78.38325001881539,5.722,52.0,0.6378,-2.6518,10.7493,-0.03486,0.00823,0.02878,17.449371450887302,78.38325259393937,3.5,0
118.098,770.036,873.115,17.449394349491236,78.38325068117636,5.713,52.0,-2.9518,-1.4174,13.5864,0.01805,0.00159,-0.03689,17.449391009390713,78.38326656591677,3.5,0
118.118,770.106,873.205,17.449395162193575,78.38325134242412,5.703,52.0,-2.484,1.9202,5.801,0.00312,0.01038,0.00519,17.44940689344572,78.38323937750624,3.5,0
118.138,770.176,873.295,17.449395973527732,78.38325200255866,5.694,52.0,0.5783,1.9894,11.0693,0.00065,0.03073,-0.02565,17.44939742687671,78.38330068593643,3.5,0
118.158,770.246,873.384,17.4493967834937,78.38325266157999,5.684,52.0,2.0862,-1.2798,13.2124,0.01148,-0.01445,-0.02679,17.449380011024605,78.3832266658225,3.5,0
118.178,770.316,873.474,17.449397592091483,78.38325331948812,5.674,52.0,3.4472,-3.5598,5.6554,-0.01198,0.00982,0.02952,17.449403734030856,78.38326024602179,3.5,0
118.198,770.386,873.563,17.44939839932108,78.38325397628303,5.665,52.0,-0.6185,-3.5812,11.5485,0.02111,-0.01513,0.0148,17.44939838176808,78.38324946340698,3.5,0
118.218,770.456,873.652,17.44939920518249,78.38325463196472,5.655,52.0,-2.5395,0.4469,12.8626,0.00228,-0.00979,0.03082,17.449392532981854,78.38325660249622,3.5,0
118.238,770.525,873.741,17.44940000967572,78.3832552865332,5.646,52.0,-2.1527,1.7049,5.5859,0.00465,0.00947,0.00305,17.449408480540193,78.38326112725343,3.5,0
118.258,770.595,873.83,17.44940081280076,78.38325593998847,5.636,52.0,-0.6207,-1.2049,4.9869,0.01271,0.02428,0.0014,17.449386511929177,78.38325793551198,3.5,0
118.278,770.664,873.919,17.449401614557615,78.38325659233054,5.626,52.0,3.4989,-0.9612,12.5706,-0.03661,0.01199,0.0192,17.449396632158997,78.38323644754583,3.5,0
118.298,770.733,874.007,17.44940241494628,78.3832572435594,5.617,52.0,2.4943,-2.6924,5.5598,-0.01183,0.02065,0.02658,17.449398864688117,78.3832494869172,3.5,0
118.318,770.802,874.095,17.449403213966765,78.38325789367504,5.607,52.0,-0.8673,-2.7408,12.198,-0.0104,0.01234,-0.02093,17.449415901067248,78.38322670966394,3.5,0
118.338,770.871,874.184,17.449404011619063,78.38325854267745,5.598,52.0,-2.4907,-0.1954,12.3408,-0.01649,0.03566,0.01387,17.449405405801254,78.38324988768511,3.5,0
118.358,770.94,874.272,17.449404807903175,78.38325919056668,5.588,52.0,-2.7252,2.1353,5.5545,0.00239,0.02019,-0.00954,17.449396512812022,78.38326270945801,3.5,0
118.378,771.008,874.36,17.4494056028191,78.38325983734268,5.578,52.0,1.3955,1.8934,12.3778,-0.01085,0.00567,-0.00977,17.449394538141497,78.38327083909543,3.5,0
118.398,771.077,874.447,17.44940639636684,78.38326048300547,5.569,52.0,2.9466,-1.3983,12.1854,0.01384,0.02687,0.0248,17.44938322590677,78.3832474196416,3.5,0
118.418,771.145,874.535,17.449407188546395,78.38326112755504,5.559,52.0,2.9989,-3.7134,5.5517,0.002,0.00872,0.00779,17.449394090227294,78.3832628500362,3.5,0
118.438,771.214,874.623,17.449407979357762,78.38326177099141,5.55,52.0,-0.552,-3.2317,12.4681,-0.01724,0.01962,0.00281,17.449407037129227,78.3832539616966,3.5,0
118.458,771.282,874.71,17.449408768800946,78.38326241331457,5.54,52.0,-2.5702,-0.3987,12.1186,0.00178,0.02673,-0.04829,17.4493786324817,78.38327032684303,3.5,0
118.478,771.35,874.797,17.449409556875942,78.38326305452452,5.53,52.0,-1.9007,2.4188,5.5554,-0.02331,0.03866,-0.00983,17.449408021432113,78.38325847862988,3.5,0
118.498,771.418,874.884,17.449410343582752,78.38326369462125,5.521,52.0,0.4731,1.222,12.4755,-0.02668,0.04293,0.0177,17.449394131418543,78.38327158874156,3.5,0
118.518,771.486,874.971,17.44941112892138,78.38326433360477,5.511,52.0,3.0408,-1.5917,12.1375,-0.00805,0.04627,0.02632,17.449425226327296,78.38326218217966,3.5,0
118.538,771.554,875.058,17.44941191289182,78.38326497147509,5.502,52.0,2.7683,-3.6141,5.5516,0.00822,0.02786,-0.00307,17.44940826531283,78.38328192989125,3.5,0
118.558,771.621,875.144,17.449412695494072,78.38326560823218,5.492,52.0,-0.5223,-2.5957,12.4024,0.00927,0.00615,-0.0066,17.44941160985593,78.38328655097476,3.5,0
118.578,771.689,875.231,17.44941347672814,78.38326624387607,5.482,52.0,-2.3421,-0.0409,12.2406,0.00982,0.01485,-0.03646,17.449396213476682,78.38323820758178,3.5,0
118.598,771.756,875.317,17.44941425659402,78.38326687840674,5.473,52.0,-1.8195,1.9512,5.5423,-0.01391,-0.00542,-0.01539,17.449404197473292,78.38326653777752,3.5,0
118.618,771.824,875.403,17.449415035091718,78.3832675118242,5.463,52.0,0.6978,1.9527,12.2376,-0.01447,-0.00103,-0.00259,17.44941091775197,78.38325794129214,3.5,0
118.638,771.891,875.489,17.44941581222123,78.38326814412846,5.454,52.0,3.0342,-0.6296,12.4215,-0.05163,0.0113,0.00647,17.449422565016484,78.38327596473847,3.5,0
118.658,771.958,875.575,17.449416587982554,78.3832687753195,5.444,52.0,1.787,-5.0818,2.7029,-0.03144,0.02101,0.02179,17.449412923466355,78.38324790286414,3.5,0
118.678,772.025,875.66,17.449417362375694,78.38326940539733,5.434,52.0,-1.3556,-2.6047,11.984,0.0313,-0.00526,0.02602,17.449408327173394,78.38325989384204,3.5,0
118.698,772.091,875.746,17.44941813540065,78.38327003436194,5.425,52.0,-2.0971,-0.4331,12.6883,-0.00128,0.0162,-0.04392,17.449405919540574,78.38327852352484,3.5,0
118.718,772.158,875.831,17.449418907057417,78.38327066221335,5.415,52.0,-1.9521,1.8891,5.586,-0.01196,-0.02192,0.0036,17.449422614468688,78.38327682641273,3.5,0
118.738,772.225,875.916,17.449419677345997,78.38327128895153,5.406,52.0,1.3412,1.6581,11.6366,0.0139,0.00187,-0.00624,17.449415463252294,78.38326798226302,3.5,0
118.758,772.291,876.001,17.449420446266394,78.38327191457653,5.396,52.0,2.6343,-1.1159,13.0112,0.00614,0.02372,0.00878,17.44940028461446,78.3832565765837,3.5,0
118.778,772.357,876.086,17.449421213818606,78.3832725390883,5.386,52.0,3.2782,-3.1266,5.671,0.00323,0.00536,0.01123,17.449424975964103,78.38327557587313,3.5,0
118.798,772.424,876.171,17.44942198000263,78.38327316248684,5.377,52.0,0.7571,-2.6385,11.1928,-0.01158,0.03549,-0.03332,17.44945149662382,78.38328783299337,3.5,0
118.818,772.49,876.256,17.44942274481847,78.3832737847722,5.367,52.0,-3.1867,-0.2852,13.3766,-0.00516,0.02136,0.06602,17.44941565407344,78.38326779204414,3.5,0
118.838,772.556,876.34,17.449423508266122,78.38327440594433,5.358,52.0,-2.0483,1.614,5.818,0.00963,-0.02931,0.01513,17.449427566319997,78.38327937755598,3.5,0
118.858,772.622,876.424,17.44942427034559,78.38327502600325,5.348,52.0,0.4732,1.4806,10.6113,0.01711,0.01429,-0.0224,17.449423337406884,78.38326975070906,3.5,0
118.878,772.687,876.508,17.449425031056872,78.38327564494897,5.338,52.0,1.0503,-3.1748,8.953,-0.00592,0.0082,-0.00858,17.44942548914809,78.38326168526662,3.5,0
118.898,772.753,876.592,17.449425790399967,78.38327626278146,5.329,52.0,3.218,-3.3902,6.0724,0.00928,0.03326,-0.02967,17.449454745126125,78.38326036258658,3.5,0
118.918,772.818,876.676,17.449426548374877,78.38327687950074,5.319,52.0,0.6428,-2.324,9.9348,-0.03688,-0.01836,-0.0017,17.449406670406194,78.3832850551631,3.5,0
118.938,772.884,876.76,17.4494273049816,78.38327749510682,5.31,52.0,-2.6764,-1.129,14.0946,-0.01917,0.02729,0.00214,17.449431228944167,78.38329219404682,3.5,0
118.958,772.949,876.843,17.449428060220143,78.38327810959969,5.3,52.0,-2.1303,1.1764,6.4764,-0.01036,0.03703,0.01895,17.44942840025883,78.38325338920646,3.5,0
118.978,773.014,876.927,17.449428814090496,78.38327872297934,5.29,52.0,-0.7015,2.0735,9.1693,-0.025,0.03735,-0.00965,17.449406261446832,78.38327376464747,3.5,0
118.998,773.079,877.01,17.449429566592663,78.38327933524577,5.281,52.0,2.2222,-0.2544,14.3746,-0.01289,0.00532,0.0771,17.449437087503426,78.38328104994541,3.5,0
119.018,773.144,877.093,17.449430317726645,78.38327994639901,5.271,52.0,3.3183,-2.8342,7.0435,0.04936,0.02603,-0.01674,17.44939988232253,78.38325681363308,3.5,0
119.038,773.209,877.176,17.449431067492437,78.38328055643903,5.262,52.0,0.8973,-2.7335,8.3376,0.03379,0.01554,-0.0133,17.449442129376507,78.38328564322647,3.5,0
119.058,773.274,877.259,17.449431815890048,78.38328116536583,5.252,52.0,-2.3604,-1.1027,14.5232,-0.02856,0.04523,0.00207,17.4494273567635,78.3832777831289,3.5,0
119.078,773.338,877.341,17.449432562919473,78.38328177317942,5.242,52.0,-2.5065,1.0967,7.7996,-0.00817,0.02541,-0.01956,17.449434164812235,78.38326831773395,3.5,0
119.098,773.403,877.424,17.449433308580712,78.3832823798798,5.233,52.0,-0.478,1.9545,7.4843,-0.01005,0.0119,0.02578,17.449439391647296,78.38329949096813,3.5,0
119.118,773.467,877.506,17.449434052873762,78.38328298546698,5.223,52.0,2.6831,0.1725,14.4827,-0.01617,0.01297,-0.02899,17.449405919475105,78.38328276698532,3.5,0
119.138,773.531,877.588,17.44943479579863,78.38328358994093,5.214,52.0,3.3737,-1.9513,8.7453,-0.03034,-0.01283,0.02014,17.449444268466106,78.38328217388063,3.5,0
119.158,773.595,877.67,17.449435537355313,78.38328419330169,5.204,52.0,1.7987,-3.5268,6.6896,-0.00608,-0.00267,-0.00388,17.449443400742425,78.38329524112318,3.5,0
119.178,773.659,877.752,17.449436277543807,78.38328479554922,5.194,52.0,-1.6868,-2.634,14.1818,-0.01974,0.00716,0.05712,17.4494327695673,78.3832773335916,3.5,0
119.198,773.723,877.834,17.44943701636412,78.38328539668355,5.185,52.0,-2.1189,0.761,9.8553,-0.02979,0.02293,-0.01911,17.44944896142293,78.38327146117585,3.5,0
119.218,773.787,877.916,17.44943775381624,78.38328599670466,5.175,52.0,-1.7333,1.5694,6.0248,-0.01716,-0.02092,0.04256,17.44946482999189,78.38327087459732,3.5,0
119.238,773.85,877.997,17.449438489900178,78.38328659561256,5.166,52.0,2.5043,1.8773,13.571,0.01942,0.01639,0.00878,17.449466011150413,78.38324919587026,3.5,0
119.258,773.914,878.078,17.449439224615933,78.38328719340724,5.156,52.0,3.4494,-2.0525,11.0661,-0.01408,-0.00669,0.01892,17.44946955257602,78.38330986999836,3.5,0
119.278,773.977,878.159,17.4494399579635,78.38328779008872,5.146,52.0,1.7426,-3.4364,5.6085,-0.01436,-0.01965,-0.0423,17.44941586646234,78.38331038280279,3.5,0
119.298,774.04,878.24,17.44944068994288,78.38328838565698,5.137,52.0,-0.1635,-2.4455,12.6402,-0.00335,-0.01095,-0.00096,17.449437306311346,78.38326251094823,3.5,0
119.318,774.103,878.321,17.449441420554074,78.38328898011204,5.127,52.0,-2.7698,-0.0789,12.2971,0.01754,0.01018,-0.00419,17.44944329094954,78.3832930995054,3.5,0
119.338,774.167,878.402,17.449442149797083,78.38328957345388,5.118,52.0,-1.7741,1.9045,5.5563,-0.03232,0.01583,0.02674,17.449441247130366,78.38327028691668,3.5,0
119.358,774.229,878.482,17.449442877671906,78.38329016568251,5.108,52.0,1.2492,1.7656,11.4092,0.0082,0.01587,-0.00915,17.449458869687774,78.38325974468066,3.5,0
119.378,774.292,878.563,17.449443604178544,78.38329075679793,5.098,52.0,3.3124,-0.2318,13.3986,7e-05,0.00279,0.05254,17.449422007380196,78.38327571793539,3.5,0
119.398,774.355,878.643,17.449444329316997,78.38329134680014,5.089,52.0,2.7144,-2.7706,5.9433,0.01378,0.00141,-0.00343,17.4494289591362,78.38329821452606,3.5,0
119.418,774.417,878.723,17.449445053087263,78.38329193568913,5.079,52.0,0.6788,-2.5029,9.9495,0.00849,0.01059,-0.05652,17.449438689146362,78.38327826617564,3.5,0
119.438,774.48,878.803,17.449445775489345,78.38329252346492,5.07,52.0,-2.3976,-1.2973,14.1978,0.0341,-0.02583,-0.00719,17.449448459506506,78.38327618330358,3.5,0
119.458,774.542,878.883,17.449446496523237,78.38329311012748,5.06,52.0,-2.4114,1.6904,6.8213,-0.01548,0.01041,0.00698,17.44944703483225,78.38332060089971,3.5,0
119.478,774.604,878.962,17.449447216188947,78.38329369567684,5.05,52.0,-1.1923,2.1007,8.4003,-0.0218,0.01562,0.01919,17.449451753272122,78.38329565680564,3.5,0
119.498,774.666,879.042,17.44944793448647,78.38329428011299,5.041,52.0,2.7358,0.2703,14.5386,-0.01734,-0.01614,-0.00236,17.449456772732955,78.38330236643772,3.5,0
119.518,774.728,879.121,17.449448651415807,78.38329486343592,5.031,52.0,3.1322,-1.9043,8.1719,0.00129,0.02716,0.06898,17.449461738146468,78.38330635312617,3.5,0
119.538,774.79,879.2,17.44944936697696,78.38329544564566,5.022,52.0,2.0878,-3.4857,6.9864,0.01888,-0.01807,0.01433,17.44945928285197,78.38328134308338,3.5,0
119.558,774.852,879.279,17.449450081169925,78.38329602674216,5.012,52.0,-1.3174,-2.0288,14.2698,0.02422,0.01791,-0.01041,17.449446172570163,78.38330953174521,3.5,0
119.578,774.913,879.358,17.449450793994707,78.38329660672547,5.002,52.0,-2.8382,0.983,9.8629,-0.01628,-0.01246,-0.0197,17.449445044520107,78.38328190615862,3.5,0
119.598,774.975,879.437,17.4494515054513,78.38329718559555,4.993,52.0,-1.268,1.4604,5.9458,0.03123,0.02256,0.04429,17.44944347963634,78.38329862293357,3.5,0
119.618,775.036,879.515,17.449452215539708,78.38329776335243,4.983,52.0,1.1382,1.0127,13.3115,0.00069,0.00727,-0.00386,17.449475830550345,78.38328869461857,3.5,0
119.638,775.098,879.593,17.449452924259933,78.3832983399961,4.974,52.0,4.0634,-1.5363,11.6613,-0.00555,0.0003,0.01692,17.449432804896304,78.38330036075561,3.5,0
119.658,775.159,879.672,17.44945363161197,78.38329891552655,4.964,52.0,3.313,-3.6755,5.5288,-0.00559,0.02537,0.03496,17.449462885180417,78.38329367757247,3.5,0
119.678,775.22,879.75,17.44945433759582,78.3832994899438,4.954,52.0,-0.1921,-2.3442,11.747,0.02274,-0.02184,-0.01265,17.449451483857846,78.38330107263023,3.5,0
119.698,775.281,879.828,17.449455042211486,78.38330006324783,4.945,52.0,-2.0374,-0.7652,13.2732,-0.02245,0.02204,-0.00853,17.449498434681555,78.38330860700782,3.5,0
119.718,775.341,879.905,17.449455745458966,78.38330063543864,4.935,52.0,-2.6455,1.7847,5.9436,0.003,0.01893,0.04393,17.44943766767822,78.38328934343426,3.5,0
119.738,775.402,879.983,17.44945644733826,78.38330120651625,4.926,52.0,-0.1332,1.9921,9.791,-0.00091,0.00793,-0.02904,17.44943812210848,78.38331275356278,3.5,0
119.758,775.462,880.061,17.44945714784937,78.38330177648065,4.916,52.0,2.8736,0.282,14.3227,-0.031,0.01424,0.02356,17.449488189055003,78.38329584724904,3.5,0
119.778,775.523,880.138,17.449457846992292,78.38330234533183,4.906,52.0,3.4548,-2.711,7.207,-0.05674,-0.02535,0.03909,17.449446013554496,78.38330353840772,3.5,0
119.798,775.583,880.215,17.44945854476703,78.3833029130698,4.897,52.0,0.9362,-2.9617,7.7955,-0.00224,0.00526,-0.01044,17.449462426517275,78.3832872188884,3.5,0
119.818,775.643,880.292,17.449459241173578,78.38330347969456,4.887,52.0,-1.5955,-1.3321,14.4901,-0.02882,0.00524,0.04269,17.44942541659271,78.38330094228425,3.5,0
119.838,775.703,880.369,17.449459936211944,78.38330404520612,4.878,52.0,-2.7975,1.0258,9.1597,-0.00962,0.04112,0.00305,17.449460348460075,78.38331648443368,3.5,0
119.858,775.763,880.446,17.449460629882125,78.38330460960445,4.868,52.0,-1.6914,1.7621,6.231,-0.00511,-0.00697,-0.01391,17.449454291166585,78.38330716254296,3.5,0
119.878,775.823,880.522,17.449461322184117,78.38330517288958,4.858,52.0,1.4749,-0.0988,12.2645,-0.03796,-0.02962,-0.01916,17.449466024855866,78.38330422936815,3.5,0
119.898,775.883,880.599,17.449462013117927,78.38330573506148,4.849,52.0,3.7645,-1.5117,11.4028,-0.00783,0.01108,0.03235,17.449456002793408,78.38333501088343,3.5,0
119.918,775.942,880.675,17.449462702683547,78.3833062961202,4.839,52.0,4.5804,-0.7988,12.3576,-0.0151,0.00645,-0.00783,17.44945674323807,78.38329513645667,3.5,0
119.938,776.002,880.751,17.449463390880986,78.38330685606569,4.83,52.0,0.0954,-2.3776,11.7712,-0.01518,-0.00155,0.00555,17.449487421359155,78.38333570970497,3.5,0
119.958,776.061,880.827,17.449464077710235,78.38330741489796,4.82,52.0,-3.1529,-0.0637,13.37,-0.01394,-0.02128,0.01138,17.4494808296213,78.38331679040554,3.5,0
119.978,776.121,880.903,17.4494647631713,78.38330797261703,4.81,52.0,-2.2938,1.7445,6.0678,-0.01198,-0.01087,-0.04802,17.449467942144054,78.38333808830339,3.5,0
119.998,776.18,880.978,17.44946544726418,78.38330852922289,4.801,52.0,-0.4438,1.4893,9.3822,-0.02538,-0.00332,-0.00229,17.44948708947826,78.38329442213801,3.5,0
120.018,776.239,881.054,17.449466129988874,78.38330908471552,4.791,52.0,2.2871,0.1334,14.4609,0.07418,0.00531,0.02928,17.449484331284896,78.3832989661022,3.5,0
120.038,776.298,881.129,17.44946681134538,78.38330963909496,4.782,52.0,3.1058,-2.9379,7.7797,-0.03827,-0.03094,-0.03646,17.44948315274241,78.38332645198744,3.5,0
120.058,776.356,881.205,17.449467491333703,78.38331019236118,4.772,52.0,1.0032,-3.6677,7.1101,0.00408,0.03425,-0.01216,17.449496250968096,78.38329992983101,3.5,0
120.078,776.415,881.28,17.44946816995384,78.38331074451419,4.762,52.0,-1.7495,-2.2623,14.2212,-0.01026,0.0375,-0.00101,17.44946913763678,78.38330634127759,3.5,0
120.098,776.473,881.355,17.44946884720579,78.38331129555398,4.753,52.0,-3.0229,0.6324,10.262,-0.01975,-0.01452,0.00316,17.449481517431835,78.38335075072882,3.5,0
120.118,776.532,881.429,17.449469523089554,78.38331184548056,4.743,52.0,-1.3308,2.6439,5.7095,0.00792,-0.02007,0.00694,17.449480869492383,78.3832766918192,3.5,0
120.138,776.59,881.504,17.449470197605134,78.38331239429394,4.734,52.0,1.08,1.352,12.5836,0.01765,-0.01295,0.01855,17.449459840398493,78.3833118539751,3.5,0
120.158,776.648,881.578,17.449470870752528,78.3833129419941,4.724,52.0,2.6585,-1.2644,12.7481,-0.00068,0.02009,0.0365,17.449476629584538,78.38329344491825,3.5,0
120.178,776.706,881.653,17.449471542531736,78.38331348858105,4.714,52.0,3.3201,-3.7317,5.7711,-0.00104,0.00392,0.01996,17.44947959047403,78.38332918289079,3.5,0
120.198,776.764,881.727,17.449472212942755,78.38331403405479,4.705,52.0,-0.0573,-2.8406,9.9799,0.00056,0.00481,-0.00376,17.449482287519213,78.38330338649536,3.5,0
120.218,776.822,881.801,17.449472881985592,78.38331457841531,4.695,52.0,-2.3369,-1.2812,14.3287,-0.00859,0.04206,0.00458,17.449452328660367,78.38331012903416,3.5,0
120.238,776.88,881.875,17.449473549660244,78.38331512166263,4.686,52.0,-2.6095,1.4708,7.4407,0.01034,0.01213,0.03242,17.449445067380033,78.38333651052444,3.5,0
120.259,776.937,881.948,17.449474215966706,78.38331566379674,4.676,52.0,-0.6806,2.0146,7.3352,-0.02759,0.02831,0.01126,17.44947721044541,78.38330256678245,3.5,0
120.279,776.995,882.022,17.449474880904987,78.38331620481762,4.666,52.0,2.5399,0.9649,14.2883,-0.029,0.02441,0.02241,17.44947520636891,78.38331418188339,3.5,0
120.299,777.052,882.095,17.449475544475078,78.3833167447253,4.657,52.0,3.6459,-1.9624,10.1984,0.01834,0.01345,0.00986,17.449486796862402,78.383297401037,3.5,0
120.319,777.109,882.168,17.449476206676987,78.38331728351977,4.647,52.0,1.8507,-3.3914,5.7087,-0.03915,-0.01672,-0.00904,17.44948434186419,78.38328800501918,3.5,0
120.339,777.166,882.242,17.449476867510707,78.38331782120103,4.638,52.0,0.2305,-2.385,12.4722,-0.00918,0.00809,-0.04052,17.449477331090073,78.38328650693475,3.5,0
120.359,777.223,882.314,17.449477526976242,78.38331835776907,4.628,52.0,-2.6705,0.6602,12.97,-0.02953,-0.00385,-0.01418,17.449453842108596,78.38328286989497,3.5,0
120.379,777.28,882.387,17.44947818507359,78.3833188932239,4.618,52.0,-2.4817,2.2382,5.925,-0.00773,0.01505,0.00764,17.449468879637838,78.38328514519036,3.5,0
120.399,777.337,882.46,17.449478841802758,78.38331942756552,4.609,52.0,0.4475,1.9025,9.5269,-0.01564,0.02734,-0.00648,17.449480121028348,78.38330107869183,3.5,0
120.419,777.394,882.532,17.449479497163736,78.38331996079393,4.599,52.0,2.7995,-0.035,14.4852,0.0147,-0.01403,-0.00967,17.44947582295396,78.38332653835285,3.5,0
120.439,777.45,882.605,17.44948015115653,78.38332049290914,4.59,52.0,3.5283,-2.6653,8.0495,0.03072,0.00744,-0.01294,17.44947515257649,78.38330467094674,3.5,0
120.459,777.507,882.677,17.449480803781135,78.38332102391112,4.58,52.0,2.5324,-3.7571,6.747,-0.02674,0.02919,0.00885,17.44948536634993,78.38330852773163,3.5,0
120.479,777.563,882.749,17.449481455037557,78.38332155379989,4.57,52.0,-1.4342,-2.2879,13.9136,-0.02122,0.04123,0.01575,17.449487811904426,78.38332492639819,3.5,0
120.499,777.619,882.821,17.449482104925792,78.38332208257545,4.561,52.0,-3.0485,0.1137,11.2171,-0.01437,-0.02303,-0.01904,17.449506515792585,78.38332990968752,3.5,0
120.519,777.675,882.893,17.449482753445842,78.3833226102378,4.551,52.0,-1.9406,2.3667,5.5574,-0.00821,0.00337,0.00153,17.44948157795222,78.38333220450369,3.5,0
120.539,777.731,882.964,17.449483400597703,78.38332313678694,4.541,52.0,1.1512,1.2166,11.3524,0.01331,0.01437,0.02354,17.449496746628398,78.38332893189977,3.5,0
120.559,777.787,883.036,17.449484046381382,78.38332366222286,4.532,52.0,2.4539,-0.0554,13.8461,-0.02455,0.00852,0.04429,17.44948471870638,78.38334245923392,3.5,0
120.579,777.842,883.107,17.449484690796876,78.38332418654558,4.522,52.0,2.3894,-2.5209,6.7068,-0.00951,-0.00403,0.03,17.449474326808247,78.38333176812013,3.5,0
120.599,777.898,883.178,17.44948533384418,78.38332470975509,4.513,52.0,0.7558,-3.289,8.0352,-0.00894,-0.02619,0.01861,17.449479494131822,78.38331505766658,3.5,0
120.619,777.953,883.249,17.449485975523302,78.38332523185139,4.503,52.0,-2.4245,-1.6457,14.4692,-0.01326,0.00548,-0.01277,17.449484621604924,78.38335681122452,3.5,0
120.639,778.009,883.32,17.449486615834235,78.38332575283447,4.493,52.0,-3.1096,0.6002,9.761,0.00781,-0.01747,0.01023,17.4494767333674,78.38335601117852,3.5,0
120.659,778.064,883.39,17.449487254776987,78.38332627270432,4.484,52.0,-1.4047,2.2903,5.7927,-0.00877,0.00541,0.02852,17.44948431187273,78.38330835082127,3.5,0
120.679,778.119,883.461,17.44948789235155,78.38332679146099,4.474,52.0,0.8238,1.8001,12.5403,-0.03696,0.02681,-0.02369,17.44950395358067,78.38333233503188,3.5,0
120.699,778.174,883.531,17.44948852855793,78.38332730910443,4.465,52.0,2.6728,-1.2591,13.0512,-0.03135,0.03013,-0.02987,17.44948040633971,78.38332163392577,3.5,0
120.719,778.229,883.601,17.44948916339612,78.38332782563467,4.455,52.0,3.0117,-3.637,6.0503,-0.00671,0.01822,0.00679,17.449467712215586,78.38334288297578,3.5,0
120.739,778.284,883.672,17.449489796866125,78.38332834105168,4.445,52.0,0.9556,-2.9081,9.0523,0.03218,0.04936,-0.04497,17.449496539170145,78.38334072031881,3.5,0
120.759,778.338,883.741,17.449490428967945,78.3833288553555,4.436,52.0,-2.7177,-1.2211,14.5479,0.00626,0.04278,-0.01298,17.4494961942107,78.38329495331172,3.5,0
120.779,778.393,883.811,17.449491059701582,78.3833293685461,4.426,52.0,-2.5911,0.6205,8.8335,0.01539,-0.01315,-0.01754,17.449493515488648,78.38334980992867,3.5,0
120.799,778.447,883.881,17.44949168906703,78.38332988062348,4.417,52.0,-1.0331,1.9081,6.1359,-0.00481,0.00946,0.01245,17.449498872283886,78.38333798408205,3.5,0
120.819,778.501,883.95,17.449492317064294,78.38333039158766,4.407,52.0,1.821,0.8443,13.1455,-0.00375,0.03569,-0.00968,17.44947414178322,78.38334535118082,3.5,0
120.839,778.556,884.02,17.44949294369337,78.38333090143863,4.397,52.0,3.81,-1.4826,12.4811,0.00075,0.02475,0.00298,17.449491846027833,78.38334973068315,3.5,0
120.859,778.61,884.089,17.449493568954264,78.38333141017637,4.388,52.0,3.743,-3.2405,5.7871,-0.00296,0.03258,-0.01644,17.449483142027987,78.38333263361056,3.5,0
120.879,778.664,884.158,17.44949419284697,78.38333191780092,4.378,52.0,0.2761,-3.219,9.5854,-0.00012,0.01088,0.00833,17.44952083406288,78.38333781768183,3.5,0
120.899,778.717,884.227,17.449494815371487,78.38333242431224,4.369,52.0,-2.1077,-1.4632,14.4926,0.0175,-0.04153,-0.00141,17.44949220593328,78.38333613339115,3.5,0
120.919,778.771,884.295,17.449495436527823,78.38333292971036,4.359,52.0,-3.0555,0.8713,8.4425,-0.00272,0.03292,-0.03238,17.449497458680273,78.38333522681623,3.5,0
120.939,778.825,884.364,17.449496056315972,78.38333343399526,4.349,52.0,-1.2477,2.1223,6.2976,-0.00617,0.01636,0.00791,17.449458773991317,78.38332405604235,3.5,0
120.959,778.878,884.432,17.449496674735933,78.38333393716695,4.34,52.0,2.1444,1.201,13.311,0.02807,-0.00834,0.0101,17.449466446692533,78.38333168537467,3.5,0
120.979,778.931,884.5,17.44949729178771,78.38333443922544,4.33,52.0,2.8093,-1.369,12.3246,0.00579,0.00185,0.0249,17.449520837670768,78.38332926078601,3.5,0
120.999,778.985,884.569,17.449497907471304,78.3833349401707,4.321,52.0,2.5036,-2.6658,5.7591,-0.0399,0.0155,0.02118,17.449497475816315,78.38336903440403,3.5,0
121.019,779.038,884.637,17.44949852178671,78.38333544000277,4.311,52.0,0.9647,-2.9155,9.6179,-0.02058,-0.01966,0.02744,17.44948865317863,78.38332610708345,3.5,0
121.039,779.091,884.704,17.449499134733927,78.38333593872161,4.301,52.0,-1.7267,-1.8612,14.51,-0.03036,0.04043,-0.00905,17.44949052988266,78.38333810498243,3.5,0
121.059,779.143,884.772,17.449499746312963,78.38333643632724,4.292,52.0,-3.0407,1.3415,8.5619,0.00674,0.00138,0.01405,17.449502892250944,78.38333587779569,3.5,0
121.079,779.196,884.839,17.44950035652381,78.38333693281966,4.282,52.0,-0.9694,2.444,6.1836,0.02241,-0.01226,-0.03675,17.449503719255254,78.38334606372119,3.5,0
121.099,779.249,884.907,17.44950096536647,78.38333742819887,4.273,52.0,1.5758,1.0189,13.1067,0.01186,0.04432,-0.0522,17.449493134776965,78.38333902720126,3.5,0
121.119,779.301,884.974,17.44950157284095,78.38333792246488,4.263,52.0,3.921,-1.7375,12.614,-0.00669,-0.0159,-0.0262,17.449504547984347,78.38336423300025,3.5,0
121.139,779.354,885.041,17.44950217894724,78.38333841561766,4.253,52.0,2.9789,-3.067,5.9027,0.03122,-0.00514,-0.0554,17.449492929651022,78.38334459180679,3.5,0
121.159,779.406,885.108,17.449502783685347,78.38333890765723,4.244,52.0,1.0205,-3.1822,9.1045,0.002,0.01102,0.01152,17.449507974416456,78.38335549273648,3.5,0
121.179,779.458,885.175,17.449503387055266,78.3833393985836,4.234,52.0,-0.9296,-1.8508,14.5301,0.01428,0.00855,0.00744,17.449521635946745,78.38333912991051,3.5,0
121.199,779.51,885.241,17.449503989057,78.38333988839676,4.225,52.0,-2.6804,0.3832,9.1925,0.00394,0.00539,-0.04425,17.449498442967162,78.38330556637835,3.5,0
121.219,779.562,885.308,17.449504589690548,78.3833403770967,4.215,52.0,-1.5072,2.1539,5.856,-0.02592,0.01261,0.04175,17.44950597266377,78.38332886647501,3.5,0
121.239,779.614,885.374,17.44950518895591,78.38334086468343,4.205,52.0,1.4611,1.287,12.4706,-0.01202,0.00207,0.00445,17.449500354599227,78.38335529453087,3.5,0
121.259,779.665,885.44,17.449505786853088,78.38334135115694,4.196,52.0,3.0599,-1.0321,13.2943,0.00567,-0.00919,-0.03888,17.44947139752944,78.3833530258214,3.5,0
121.279,779.717,885.506,17.449506383382076,78.38334183651725,4.186,52.0,4.0695,-2.9506,6.3804,0.00256,0.05796,0.03698,17.449521014483764,78.3833578889663,3.5,0
121.299,779.768,885.572,17.449506978542882,78.38334232076434,4.177,52.0,1.0295,-3.7306,8.1159,-0.00754,0.04764,-0.02109,17.449498191253365,78.38335566936645,3.5,0
121.319,779.82,885.638,17.449507572335502,78.38334280389823,4.167,52.0,-1.7991,-1.9008,14.3825,-0.01265,-0.00142,0.01089,17.449500031305217,78.38334345475373,3.5,0
121.339,779.871,885.703,17.449508164759933,78.3833432859189,4.157,52.0,-3.2731,0.857,10.3828,0.00765,-0.00818,0.01065,17.449515373610165,78.3833551066523,3.5,0
121.359,779.922,885.768,17.449508755816183,78.38334376682636,4.148,52.0,-1.447,1.9847,5.5565,0.01557,0.01996,-0.03687,17.449536631368893,78.38336359068248,3.5,0
121.379,779.973,885.834,17.449509345504243,78.3833442466206,4.138,52.0,1.0486,0.9819,11.2491,0.00103,0.01173,0.0407,17.449521173720203,78.38337150241917,3.5,0
121.399,780.024,885.899,17.44950993382412,78.38334472530164,4.129,52.0,2.7725,-0.6094,14.1034,0.02755,-0.04406,0.07638,17.449506346645286,78.38337162000339,3.5,0
121.419,780.074,885.964,17.44951052077581,78.38334520286946,4.119,52.0,3.5468,-3.0465,7.4434,0.01951,-0.00492,-0.03018,17.449522148095408,78.38338556400319,3.5,0
121.439,780.125,886.028,17.449511106359317,78.38334567932408,4.109,52.0,0.8923,-3.2729,6.8435,-0.01344,-0.03707,0.0124,17.449519408817732,78.3833226882823,3.5,0
121.459,780.176,886.093,17.449511690574635,78.38334615466547,4.1,52.0,-1.1232,-2.0418,13.6876,0.01147,-0.00524,0.0096,17.449509969663563,78.38333929156347,3.5,0
121.479,780.226,886.157,17.449512273421767,78.38334662889366,4.09,52.0,-2.6706,-0.5132,12.0386,0.05274,0.02096,0.00784,17.449528065902683,78.383326407086,3.5,0
121.499,780.276,886.222,17.449512854900714,78.38334710200864,4.081,52.0,-1.627,2.2454,5.7371,-0.02017,0.01343,0.05986,17.449525475390367,78.3833310133374,3.5,0
121.519,780.326,886.286,17.449513435011475,78.3833475740104,4.071,52.0,-0.2725,1.5076,9.3878,0.00798,-0.03326,0.00766,17.44954280679239,78.38336610164139,3.5,0
121.539,780.376,886.35,17.449514013754055,78.38334804489895,4.061,52.0,2.032,0.8006,14.5325,-0.03779,0.00079,0.016,17.449508214711184,78.38334760740571,3.5,0
121.559,780.426,886.414,17.449514591128445,78.3833485146743,4.052,52.0,0.9356,-5.0348,2.0941,0.01086,0.01486,0.03278,17.449515710838433,78.38336709767886,3.5,0
121.579,780.476,886.477,17.449515167134646,78.38334898333643,4.042,52.0,1.6144,-3.8638,5.7484,0.01439,0.02816,0.05555,17.449542442524944,78.38334334660054,3.5,0
121.599,780.526,886.541,17.449515741772665,78.38334945088535,4.033,52.0,0.0701,-3.1276,12.0358,-0.00532,0.00827,-0.01907,17.44950408664079,78.38337190820886,3.5,0
121.619,780.575,886.604,17.449516315042498,78.38334991732106,4.023,52.0,-1.9484,-0.3961,13.7281,-0.00984,0.01349,-0.00462,17.449510946951865,78.38335389333204,3.5,0
121.639,780.625,886.668,17.449516886944146,78.38335038264354,4.013,52.0,-2.5797,1.4071,6.9739,-0.00416,-0.00477,0.01131,17.449512874566913,78.3833540992675,3.5,0
121.659,780.674,886.731,17.449517457477608,78.38335084685284,4.004,52.0,-0.3038,2.1385,7.2165,-0.02799,-0.00495,-0.02245,17.4495204547618,78.38336353307001,3.5,0
121.679,780.723,886.794,17.44951802664288,78.3833513099489,3.994,52.0,1.9047,1.5355,13.9045,-0.01088,-0.00301,0.03297,17.44953276879203,78.38335033838408,3.5,0
121.699,780.772,886.857,17.449518594439972,78.38335177193176,3.985,52.0,3.3689,-1.6878,11.8233,-0.00643,0.00757,0.00473,17.44952740729574,78.3833365621441,3.5,0
121.719,780.821,886.919,17.449519160868878,78.38335223280141,3.975,52.0,2.6857,-3.1175,5.716,0.01162,-0.02481,-0.03014,17.44950173712269,78.3833275377185,3.5,0
121.739,780.87,886.982,17.449519725929594,78.38335269255785,3.965,52.0,0.3714,-2.5615,9.4178,-0.05007,-0.01797,-0.00169,17.449525291806367,78.38338085274715,3.5,0
121.759,780.919,887.044,17.44952028962213,78.38335315120108,3.956,52.0,-2.5962,-1.2742,14.5491,-0.00092,0.01559,-0.02863,17.449536824544634,78.38335050001156,3.5,0
121.779,780.967,887.106,17.449520851946474,78.38335360873108,3.946,52.0,-2.821,0.2618,9.538,-0.02151,0.00469,-0.00765,17.44953812443973,78.38334065476585,3.5,0
121.799,781.016,887.168,17.449521412902634,78.38335406514788,3.937,52.0,-1.7257,2.3846,5.6807,-0.00375,-0.01271,-0.06095,17.44956307094072,78.3833509118683,3.5,0
121.819,781.064,887.23,17.44952197249061,78.38335452045148,3.927,52.0,1.141,1.1304,11.6402,0.03578,0.00812,0.02746,17.449537580679035,78.38333651426105,3.5,0
121.839,781.112,887.292,17.4495225307104,78.38335497464185,3.917,52.0,3.0416,0.1101,14.0533,-0.01478,-0.00698,-0.01245,17.449498606977357,78.38336261050567,3.5,0
121.859,781.16,887.353,17.449523087562003,78.38335542771902,3.908,52.0,3.2709,-2.912,7.539,-0.03151,0.01373,-0.02655,17.449523309052363,78.3833601953024,3.5,0
121.879,781.208,887.415,17.44952364304542,78.38335587968298,3.898,52.0,1.2629,-2.186,6.6408,-0.03669,0.00957,-0.00313,17.44951774413468,78.38336450387266,3.5,0
121.899,781.256,887.476,17.449524197160653,78.38335633053372,3.889,52.0,-0.9723,-1.7124,13.3539,-0.00193,0.00261,0.03802,17.449518654807644,78.38335135341529,3.5,0
121.919,781.304,887.537,17.4495247499077,78.38335678027124,3.879,52.0,-2.4732,-0.3976,12.7521,0.0202,-0.01542,0.02096,17.44952264446225,78.38338291645478,3.5,0
121.939,781.352,887.598,17.44952530128656,78.38335722889556,3.869,52.0,-2.9699,1.8128,6.1909,-0.03765,-0.00967,0.0587,17.449536998078887,78.38336737272864,3.5,0
121.959,781.399,887.659,17.449525851297235,78.38335767640667,3.86,52.0,-0.3809,2.4132,8.1874,0.00984,-0.00758,-0.03852,17.449517597521382,78.38338190195232,3.5,0
121.979,781.447,887.72,17.449526399939725,78.38335812280457,3.85,52.0,2.2218,0.9501,14.318,-0.01775,-0.0167,-0.0401,17.449523225342173,78.3833436980545,3.5,0
121.999,781.494,887.78,17.44952694721403,78.38335856808925,3.841,52.0,3.1554,-1.4551,11.0825,-0.00489,0.00779,-0.00594,17.44949949705916,78.38337950415963,3.5,0
122.019,781.541,887.841,17.449527493120147,78.38335901226073,3.831,52.0,2.4329,-2.7121,5.5972,0.02257,0.01163,0.05012,17.44949950007193,78.38335000926145,3.5,0
122.039,781.588,887.901,17.449528037658077,78.38335945531898,3.821,52.0,0.4142,-3.1133,9.8919,-0.01052,0.02817,0.02477,17.44953661510351,78.38336013417833,3.5,0
122.059,781.635,887.961,17.449528580827824,78.38335989726403,3.812,52.0,-2.5206,-1.4396,14.5447,0.00537,0.00404,0.02653,17.449538236878194,78.38336321742268,3.5,0
122.079,781.682,888.021,17.449529122629386,78.38336033809587,3.802,52.0,-2.7991,0.7942,9.4009,-0.0165,0.00749,-0.02816,17.449530042483637,78.38335719217382,3.5,0
122.099,781.729,888.081,17.44952966306276,78.3833607778145,3.793,52.0,-2.0909,2.5117,5.676,-0.00968,-0.00932,-0.00906,17.44955343437133,78.38337808076211,3.5,0
122.119,781.775,888.14,17.44953020212795,78.38336121641991,3.783,52.0,1.1835,1.7697,11.4604,-0.00551,0.00165,-0.00857,17.449535406305824,78.38336944810906,3.5,0
122.139,781.822,888.2,17.44953073982495,78.38336165391212,3.773,52.0,3.8518,-0.2347,14.1944,-0.00879,0.01414,0.01415,17.44950434737276,78.38332880955825,3.5,0
122.159,781.868,888.259,17.44953127615377,78.3833620902911,3.764,52.0,3.0117,-2.1631,7.9637,-0.04563,0.00443,0.02581,17.4495447138115,78.38339168441627,3.5,0
122.179,781.914,888.318,17.4495318111144,78.38336252555689,3.754,52.0,2.0137,-4.211,6.2368,-0.00178,0.05042,0.00201,17.449503198303297,78.38337821718467,3.5,0
122.199,781.96,888.377,17.449532344706846,78.38336295970944,3.745,52.0,-1.0367,-2.3834,12.7212,0.00787,-0.01102,-0.03055,17.44956122779903,78.38338972196595,3.5,0
122.219,782.006,888.436,17.449532876931105,78.3833633927488,3.735,52.0,-2.2334,-0.3131,13.4698,-0.00115,-0.02721,-0.01928,17.449555490473372,78.38336201032311,3.5,0
122.239,782.052,888.495,17.449533407787182,78.38336382467494,3.725,52.0,-3.2132,2.2488,6.8849,0.01342,-0.01003,0.02145,17.449565836869354,78.38335991933856,3.5,0
122.259,782.098,888.553,17.44953393727507,78.38336425548788,3.716,52.0,-0.6895,1.5643,7.0703,0.00188,0.03763,0.04467,17.44955295972543,78.38335552776908,3.5,0
122.279,782.144,888.612,17.449534465394773,78.3833646851876,3.706,52.0,1.3097,1.6418,13.6152,-0.03204,0.03507,0.01685,17.44954951172108,78.38336502940157,3.5,0
122.299,782.189,888.67,17.44953499214629,78.3833651137741,3.697,52.0,3.2283,-1.1319,12.5768,-0.01227,0.00031,-0.01029,17.44955690992358,78.38337583650173,3.5,0
122.319,782.234,888.728,17.449535517529622,78.3833655412474,3.687,52.0,2.6849,-2.6944,6.4138,-0.02359,0.00812,-0.01565,17.44953888145308,78.38336443514069,3.5,0
122.339,782.28,888.786,17.449536041544768,78.38336596760749,3.677,52.0,1.3317,-2.6294,8.0018,-0.05639,0.028,-0.00582,17.44951797803337,78.38335535197884,3.5,0
122.359,782.325,888.844,17.449536564191725,78.38336639285437,3.668,52.0,-1.832,-1.7033,14.1755,0.01633,0.03077,0.04813,17.449550215118062,78.38337997154187,3.5,0
122.379,782.37,888.902,17.4495370854705,78.38336681698803,3.658,52.0,-2.682,0.4354,11.6651,0.05333,-0.03763,-0.01376,17.449558656955734,78.38336398961476,3.5,0
122.399,782.415,888.959,17.44953760538109,78.38336724000848,3.649,52.0,-3.1399,1.153,3.587,-0.01774,0.01342,-0.02247,17.449563149532935,78.3833734169244,3.5,0
122.419,782.46,889.017,17.449538123923492,78.38336766191571,3.639,52.0,-0.2242,1.8239,8.8804,-0.00034,0.03704,-0.0094,17.44952016737487,78.38334549477361,3.5,0
122.439,782.504,889.074,17.449538641097707,78.38336808270974,3.629,52.0,2.3021,0.4717,14.445,-0.02243,0.01589,0.00719,17.449494790100474,78.38335064271948,3.5,0
122.459,782.549,889.131,17.44953915690374,78.38336850239055,3.62,52.0,3.1283,-2.0007,10.833,0.00037,-0.03025,-0.00739,17.449551039498328,78.38335548154394,3.5,0
122.479,782.593,889.188,17.449539671341583,78.38336892095816,3.61,52.0,2.7371,-3.2305,5.5897,0.02047,0.0508,-0.00953,17.44955450909664,78.3833671578633,3.5,0
122.499,782.638,889.244,17.449540184411244,78.38336933841255,3.601,52.0,1.0042,-4.034,9.6353,0.00609,0.02123,0.0173,17.44951778380887,78.38335629728618,3.5,0
122.519,782.682,889.301,17.449540696112717,78.38336975475373,3.591,52.0,-2.2652,-1.2753,14.5431,0.0161,-0.02169,-0.03627,17.44953397903428,78.38336910590303,3.5,0
122.539,782.726,889.357,17.449541206446003,78.3833701699817,3.581,52.0,-2.4889,0.6791,10.148,0.02554,-0.00372,-0.00992,17.44954306044202,78.38335916756269,3.5,0
122.559,782.77,889.414,17.449541715411108,78.38337058409645,3.572,52.0,-1.4125,1.9662,5.5558,0.0304,0.02205,-0.00061,17.449538091851835,78.38340478570137,3.5,0
122.579,782.814,889.47,17.449542223008024,78.383370997098,3.562,52.0,-0.021,1.9279,10.234,0.00201,-0.00075,0.01596,17.449524547204625,78.38338291480386,3.5,0
122.599,782.858,889.526,17.449542729236754,78.38337140898633,3.553,52.0,2.0009,-0.4631,14.5478,-0.02138,0.03464,-0.01471,17.449558843195796,78.3833674865256,3.5,0
122.619,782.901,889.582,17.4495432340973,78.38337181976145,3.543,52.0,3.5637,-1.2715,9.6435,-0.0172,0.02496,-0.03436,17.449545443517668,78.38339182835215,3.5,0
122.639,782.945,889.637,17.449543737589657,78.38337222942336,3.533,52.0,2.1531,-3.3527,5.588,-0.00732,0.01664,0.01826,17.449550374606595,78.38337828238853,3.5,0
122.659,782.988,889.693,17.44954423971383,78.38337263797206,3.524,52.0,0.7724,-3.0085,10.666,-0.00976,-0.00972,0.07709,17.449556054653524,78.38337198076135,3.5,0
122.679,783.031,889.748,17.44954474046982,78.38337304540754,3.514,52.0,-2.1695,-1.5578,14.5139,-0.03235,0.01411,-0.001,17.449575682825053,78.38335712914056,3.5,0
122.699,783.075,889.804,17.44954523985762,78.38337345172982,3.505,52.0,-3.2625,0.964,9.3161,-0.00456,0.05031,0.0155,17.449539662869206,78.38337493562024,3.5,0
122.719,783.118,889.859,17.449545737877237,78.38337385693889,3.495,52.0,-2.2651,2.7132,5.6339,-0.00163,0.02074,0.00031,17.449567439009495,78.38337142709592,3.5,0
122.739,783.16,889.914,17.44954623452867,78.38337426103473,3.485,52.0,0.9819,2.146,10.9131,-0.02214,0.02237,-0.00922,17.449556248604082,78.38339942805779,3.5,0
122.759,783.203,889.968,17.449546729811914,78.38337466401737,3.476,52.0,1.7002,-0.7786,11.8377,-0.00523,-0.01985,0.02166,17.449534670673604,78.38334873200554,3.5,0
122.779,783.246,890.023,17.44954722372697,78.3833750658868,3.466,52.0,3.4427,-1.9514,9.1455,-0.02774,0.0001,-0.0058,17.44954824575897,78.38337304849006,3.5,0
122.799,783.289,890.077,17.449547716273845,78.38337546664302,3.457,52.0,2.6473,-3.4825,5.6515,0.00042,0.00836,-0.02576,17.449564755548007,78.38336285176072,3.5,0
122.819,783.331,890.132,17.44954820745253,78.38337586628602,3.447,52.0,-0.2795,-3.4711,10.9788,-0.02112,0.00905,0.00398,17.44954996523399,78.38336918478771,3.5,0
122.839,783.373,890.186,17.449548697263033,78.38337626481581,3.437,52.0,-2.254,-1.1771,14.4534,0.00188,0.02761,-0.03493,17.44956145993739,78.38336232280557,3.5,0
122.859,783.415,890.24,17.449549185705347,78.3833766622324,3.428,52.0,-2.9418,0.9066,9.1506,0.00738,-0.01534,0.03024,17.449543173256977,78.38337529604834,3.5,0
122.879,783.458,890.294,17.44954967277948,78.38337705853576,3.418,52.0,-1.5146,2.5879,5.6368,0.01143,0.01237,0.0279,17.449526640371307,78.38335379391933,3.5,0
122.899,783.5,890.348,17.449550158485422,78.38337745372591,3.409,52.0,0.7702,1.8645,10.883,0.03069,0.00983,0.03564,17.449530137501185,78.38337356529352,3.5,0
122.919,783.541,890.401,17.44955064282318,78.38337784780286,3.399,52.0,2.5988,0.614,14.483,0.00466,0.03493,-0.0301,17.44954582869187,78.38339274995313,3.5,0
122.939,783.583,890.455,17.449551125792755,78.38337824076659,3.389,52.0,3.4516,-1.6336,9.3351,-0.00564,0.01209,0.00361,17.44956532755019,78.38338116748665,3.5,0
122.959,783.625,890.508,17.44955160739414,78.38337863261712,3.38,52.0,2.1857,-3.4963,5.6018,0.01379,-0.00385,0.07008,17.449559394777634,78.38338292915824,3.5,0
122.979,783.666,890.561,17.449552087627342,78.38337902335442,3.37,52.0,-0.5539,-3.6617,10.6245,-0.03641,-0.03503,-0.03557,17.449562755575965,78.38339273752835,3.5,0
122.999,783.708,890.614,17.449552566492358,78.38337941297853,3.361,52.0,-2.5477,-1.3539,12.8246,-0.01339,0.00395,-0.01076,17.449540975716918,78.38339145992022,3.5,0
123.019,783.749,890.667,17.449553043989187,78.38337980148941,3.351,52.0,-2.201,1.412,9.697,-0.01455,0.00764,0.00199,17.44954616834146,78.38336422248095,3.5,0
123.039,783.79,890.719,17.44955352011783,78.38338018888709,3.341,52.0,-2.3076,1.5886,5.5742,-0.02061,0.0048,-0.01165,17.44953901119017,78.3833912501653,3.5,0
123.059,783.831,890.772,17.44955399487829,78.38338057517156,3.332,52.0,-0.0207,2.475,10.1899,-0.00925,0.03286,-0.01018,17.44954382963753,78.38337389757218,3.5,0
123.079,783.872,890.824,17.449554468270563,78.3833809603428,3.322,52.0,2.154,0.3764,14.567,0.03679,0.02066,-0.00793,17.449578784696143,78.383399171966,3.5,0
123.099,783.913,890.876,17.44955494029465,78.38338134440085,3.313,52.0,3.733,-1.8037,10.2279,-0.0093,-0.00345,-0.03752,17.449563314272318,78.38339411845669,3.5,0
123.119,783.953,890.928,17.449555410950552,78.38338172734568,3.303,52.0,2.7662,-2.5827,5.5767,0.00558,-0.00451,-0.02938,17.449548911203596,78.38337287669577,3.5,0
123.139,783.994,890.98,17.449555880238265,78.38338210917729,3.293,52.0,0.3606,-2.5621,9.5696,-0.02122,0.01032,-0.0138,17.449541990927692,78.38335831475183,3.5,0
123.159,784.034,891.032,17.449556348157795,78.3833824898957,3.284,52.0,-2.2054,-1.2978,14.5099,-0.01987,-0.01514,-0.09125,17.449542429070014,78.3833937865022,3.5,0
123.179,784.075,891.084,17.449556814709137,78.38338286950089,3.274,52.0,-2.8984,0.7119,10.9267,-0.02321,0.00193,-0.02983,17.449551593949735,78.38338455699079,3.5,0
123.199,784.115,891.135,17.449557279892296,78.38338324799287,3.265,52.0,-2.8965,2.2436,5.6916,-0.01942,0.00615,0.00384,17.44957059238528,78.38340009206607,3.5,0
123.219,784.155,891.186,17.44955774370727,78.38338362537164,3.255,52.0,-0.1568,1.8838,8.7977,0.02559,-0.00849,-0.01213,17.449538517009323,78.38338404046509,3.5,0
123.239,784.195,891.238,17.449558206154055,78.3833840016372,3.245,52.0,2.4418,0.6219,14.3132,-0.0124,0.00143,-0.02548,17.449580616983386,78.38337663015699,3.5,0
123.259,784.235,891.289,17.449558667232655,78.38338437678954,3.236,52.0,2.88,-1.785,11.7663,-0.01968,-0.01096,-0.0024,17.449583628610874,78.38336718133377,3.5,0
123.279,784.275,891.339,17.449559126943072,78.38338475082868,3.226,52.0,2.3298,-3.161,5.9966,0.00473,0.05666,-0.00522,17.449562933916862,78.38337214646077,3.5,0
123.299,784.314,891.39,17.4495595852853,78.3833851237546,3.216,52.0,1.6628,-3.4369,7.9025,-0.00246,0.03983,0.0217,17.44956336861087,78.38340762828963,3.5,0
123.319,784.354,891.441,17.449560042259343,78.38338549556731,3.207,52.0,-1.5567,-2.3301,13.8717,0.02959,0.00021,0.0096,17.449570470697353,78.38338312377623,3.5,0
123.339,784.393,891.491,17.4495604978652,78.3833858662668,3.197,52.0,-2.3495,0.0054,12.6777,0.00276,-0.01413,-0.00144,17.44953739218546,78.38339939684143,3.5,0
123.359,784.432,891.541,17.44956095210287,78.3833862358531,3.188,52.0,-2.7118,1.558,6.571,0.02401,-0.05328,-0.02836,17.449534940078088,78.38336957827379,3.5,0
123.379,784.471,891.591,17.449561404972357,78.38338660432618,3.178,52.0,-0.9984,2.3997,6.9735,-0.02746,-0.02247,-0.00144,17.449565039201072,78.38336288145803,3.5,0
123.399,784.51,891.641,17.449561856473657,78.38338697168604,3.168,52.0,1.5874,0.5697,13.1103,-0.00621,0.02513,-0.05249,17.449542767488875,78.38339299474791,3.5,0
123.419,784.549,891.691,17.449562306606772,78.38338733793269,3.159,52.0,2.7741,-0.7721,13.5629,0.01056,0.00327,0.06373,17.44955095870179,78.38340182375022,3.5,0
123.439,784.588,891.741,17.4495627553717,78.38338770306613,3.149,52.0,3.353,-2.536,7.5003,-0.01756,0.01135,-0.04321,17.449563425128286,78.38343240051246,3.5,0
123.459,784.627,891.79,17.449563202768445,78.38338806708636,3.14,52.0,1.6888,-3.5013,6.1564,-0.00229,0.01734,0.00665,17.44953626049422,78.38335934404127,3.5,0
123.479,784.665,891.84,17.449563648797003,78.38338842999337,3.13,52.0,-0.9943,-2.7516,11.9952,-0.02756,-0.00282,-0.00967,17.449573532942356,78.38337330634714,3.5,0
123.499,784.704,891.889,17.449564093457376,78.38338879178718,3.12,52.0,-2.2573,-1.5035,14.2473,-0.00503,0.02863,0.00056,17.449566714064847,78.38340544668573,3.5,0
123.519,784.742,891.938,17.44956453674956,78.38338915246779,3.111,52.0,-3.0303,1.2323,8.7961,-0.03321,0.01591,0.0075,17.449587292506646,78.38337094416515,3.5,0
123.539,784.78,891.987,17.44956497867356,78.38338951203517,3.101,52.0,-1.8489,2.4282,5.6299,-0.01947,0.00195,-0.02687,17.449539411256687,78.38339635641596,3.5,0
123.559,784.818,892.035,17.449565419229373,78.38338987048934,3.092,52.0,-0.0647,1.9922,10.5206,-0.02947,0.00383,0.02404,17.449563661723516,78.38339323023916,3.5,0
123.579,784.856,892.084,17.449565858417003,78.38339022783029,3.082,52.0,3.1686,0.601,14.5422,-0.00841,0.02808,0.02884,17.449552654529004,78.38341004526742,3.5,0
123.599,784.894,892.132,17.449566296236444,78.38339058405803,3.072,52.0,3.7966,-1.7487,10.3941,0.0064,0.02187,-0.00402,17.449583616465404,78.38341223641773,3.5,0
123.619,784.932,892.181,17.449566732687703,78.38339093917257,3.063,52.0,3.0753,-2.9988,5.6091,-0.0317,-0.02365,0.0217,17.449577926739646,78.3833976662369,3.5,0
123.639,784.969,892.229,17.449567167770773,78.3833912931739,3.053,52.0,0.5575,-3.1381,8.8323,0.00523,0.03077,0.05622,17.44958156306638,78.38341314363022,3.5,0
123.659,785.007,892.277,17.449567601485658,78.38339164606201,3.044,52.0,-2.2486,-1.583,14.2355,-0.01643,0.01177,0.01608,17.449572856625213,78.3833996603027,3.5,0
123.679,785.044,892.325,17.44956803383236,78.38339199783691,3.034,52.0,-2.08,-0.4889,12.1033,-0.0468,-0.00259,0.01534,17.44956363592958,78.38338198635213,3.5,0
123.699,785.081,892.372,17.449568464810874,78.3833923484986,3.024,52.0,-2.594,1.4065,6.2785,0.01099,-0.01179,-0.04593,17.449575239343723,78.38337027404964,3.5,0
123.719,785.119,892.42,17.4495688944212,78.38339269804707,3.015,52.0,-1.1399,2.8162,7.1782,0.00378,0.0012,0.0288,17.449560925101135,78.38338008159958,3.5,0
123.739,785.156,892.467,17.449569322663343,78.38339304648234,3.005,52.0,1.605,0.2053,13.1762,-0.01149,0.00551,-0.00554,17.4495880912115,78.38337998255288,3.5,0
123.759,785.192,892.514,17.4495697495373,78.3833933938044,2.996,52.0,3.5732,-0.7606,13.5971,0.0133,-0.01244,0.02937,17.449554502228178,78.38343727815199,3.5,0
123.779,785.229,892.561,17.44957017504307,78.38339374001323,2.986,52.0,3.3073,-2.064,7.7128,0.0377,0.0122,0.01096,17.44957251189052,78.38340199608514,3.5,0
123.799,785.266,892.608,17.449570599180657,78.38339408510886,2.976,52.0,2.4839,-3.4121,5.9397,-0.00192,-0.0178,-0.03353,17.449573838822076,78.38338183245305,3.5,0
123.819,785.302,892.655,17.449571021950057,78.38339442909128,2.967,52.0,0.1854,-2.9662,11.3947,0.01941,-0.04284,-0.00344,17.449568322066494,78.38339300721705,3.5,0
123.839,785.339,892.702,17.44957144335127,78.3833947719605,2.957,52.0,-2.6493,-1.067,14.463,-0.03685,0.00731,0.03842,17.449571647214793,78.38336130002116,3.5,0
123.859,785.375,892.748,17.449571863384296,78.38339511371649,2.948,52.0,-3.228,0.694,9.7705,0.00377,0.01672,0.09554,17.449577664597534,78.38338674644181,3.5,0
123.879,785.411,892.794,17.44957228204914,78.38339545435927,2.938,52.0,-1.4412,2.4611,6.4699,0.00506,0.02388,-0.02252,17.449564869314923,78.38336585946854,3.5,0
123.899,785.447,892.841,17.449572699345797,78.38339579388884,2.928,52.0,-1.1674,1.7306,9.1481,0.00474,0.03017,-0.04132,17.44958262672137,78.38339364580249,3.5,0
123.919,785.483,892.887,17.449573115274266,78.38339613230521,2.919,52.0,2.0308,1.0902,14.2936,-0.0324,-0.02618,0.00272,17.449559977442295,78.38336808188667,3.5,0
123.939,785.519,892.932,17.449573529834552,78.38339646960836,2.909,52.0,2.7686,-0.7471,12.0535,-0.01524,0.01091,0.01126,17.4495549397988,78.38338797788197,3.5,0
123.959,785.555,892.978,17.44957394302665,78.38339680579828,2.9,52.0,2.8668,-2.9637,6.3267,0.00219,0.02435,0.02134,17.449549823737847,78.38338354044879,3.5,0
123.979,785.59,893.024,17.449574354850565,78.38339714087502,2.89,52.0,1.26,-3.9083,6.9962,-0.00543,0.0076,0.03423,17.449555806331293,78.38338721193654,3.5,0
123.999,785.626,893.069,17.44957476530629,78.38339747483853,2.88,52.0,-1.0042,-2.6459,12.8901,-0.011,0.00516,0.01748,17.449580335535398,78.38337700959538,3.5,0
124.019,785.661,893.114,17.449575174393832,78.38339780768882,2.871,52.0,-2.79,-0.6911,13.8853,0.00924,0.01617,-0.01919,17.44957337906035,78.38339750249644,3.5,0
124.039,785.696,893.159,17.44957558211319,78.38339813942592,2.861,52.0,-3.3648,1.4203,8.2898,-0.01778,0.02851,0.01433,17.449579573641657,78.38341996703895,3.5,0
124.059,785.732,893.204,17.44957598846436,78.3833984700498,2.852,52.0,-0.8327,1.7809,5.6681,-0.01189,0.00663,-0.03162,17.44957354786804,78.38342767851879,3.5,0
124.079,785.767,893.249,17.449576393447344,78.38339879956045,2.842,52.0,1.1231,1.5078,10.4692,0.00746,0.01178,-0.04114,17.449550510359753,78.38336813101566,3.5,0
124.099,785.801,893.294,17.449576797062143,78.38339912795792,2.832,52.0,1.9568,0.4897,14.5241,0.01874,-0.00758,0.03979,17.449583386633464,78.38338735233515,3.5,0
124.119,785.836,893.338,17.449577199308756,78.38339945524216,2.823,52.0,4.0399,-1.2761,10.9823,0.0018,-0.00964,0.03407,17.449567831421604,78.38341596377751,3.5,0
124.139,785.871,893.383,17.449577600187183,78.38339978141319,2.813,52.0,2.24,-3.9454,4.2787,0.02816,-0.02386,-0.05974,17.449575759402272,78.38338943979866,3.5,0
124.159,785.905,893.427,17.449577999697425,78.383400106471,2.804,52.0,1.1214,-3.8319,7.7443,0.02746,-0.03028,0.03912,17.44960973859618,78.3834127821504,3.5,0
124.179,785.94,893.471,17.44957839783948,78.38340043041562,2.794,52.0,-1.1528,-0.9169,13.4838,0.03153,0.01755,0.00753,17.449559435031652,78.38340492476465,3.5,0
124.199,785.974,893.515,17.449578794613352,78.38340075324702,2.784,52.0,-2.9428,-0.0642,13.4459,-0.02428,0.00355,0.03393,17.449583419199456,78.38340544175513,3.5,0
124.219,786.008,893.558,17.449579190019033,78.38340107496519,2.775,52.0,-2.4667,1.2655,7.7115,-0.00575,0.00362,-0.04731,17.449601417431364,78.38337131522411,3.5,0
124.239,786.042,893.602,17.449579584056533,78.38340139557017,2.765,52.0,-1.5337,2.5559,5.8342,-0.00115,0.02103,-0.01544,17.44958585036686,78.38342025780452,3.5,0
124.259,786.076,893.645,17.449579976725847,78.38340171506194,2.756,52.0,0.3493,1.6833,10.9105,-0.02404,0.04349,-0.01791,17.449576950247234,78.38342320707928,3.5,0
124.279,786.11,893.689,17.44958036802697,78.38340203344048,2.746,52.0,1.9914,0.5234,14.5289,-0.00808,0.00866,-0.00352,17.449597125042732,78.38339614640527,3.5,0
124.299,786.144,893.732,17.449580757959914,78.38340235070582,2.736,52.0,3.0626,-1.6691,10.7305,-0.01794,-0.01733,0.00565,17.44959304585094,78.38340636670125,3.5,0
124.319,786.177,893.775,17.449581146524668,78.38340266685795,2.727,52.0,2.1877,-3.066,5.7775,-0.04738,0.00811,-0.06285,17.449619440662428,78.38339799898283,3.5,0
124.339,786.211,893.818,17.44958153372124,78.38340298189685,2.717,52.0,1.0596,-3.35,7.7897,-0.02554,0.02392,-0.0133,17.449544909527646,78.3834035135572,3.5,0
124.359,786.244,893.86,17.449581919549622,78.38340329582256,2.708,52.0,-1.5921,-2.8292,13.4454,-0.00376,-0.02816,-0.01188,17.4495947718876,78.38341915796678,3.5,0
124.379,786.277,893.903,17.44958230400982,78.38340360863505,2.698,52.0,-2.7599,0.3416,13.5231,0.02979,0.03044,-0.01646,17.449572111379887,78.38339076731894,3.5,0
124.399,786.31,893.945,17.449582687101834,78.38340392033433,2.688,52.0,-2.322,0.94,7.9045,-0.03052,-0.01165,-0.00557,17.449600906346205,78.38341483418579,3.5,0
124.419,786.343,893.987,17.44958306882566,78.38340423092039,2.679,52.0,-1.1912,1.6467,5.7136,0.02033,0.03505,0.0719,17.449565279292372,78.38341687035458,3.5,0
124.439,786.376,894.029,17.4495834491813,78.38340454039324,2.669,52.0,0.3817,1.7138,10.4685,-0.00438,0.00392,0.00032,17.44962038560062,78.38342146711418,3.5,0
124.459,786.409,894.071,17.449583828168755,78.38340484875289,2.66,52.0,2.3485,-0.0549,14.489,-0.00713,-0.01228,-0.04425,17.449563908138597,78.38340503018111,3.5,0
124.479,786.442,894.113,17.449584205788025,78.38340515599933,2.65,52.0,4.1496,-1.5752,11.3185,-0.02136,0.01768,0.02309,17.44956100526144,78.38338785075848,3.5,0
124.499,786.474,894.155,17.44958458203911,78.38340546213254,2.64,52.0,3.1955,-2.7218,6.059,-0.01357,-0.00743,0.03014,17.449552493857976,78.38340080028374,3.5,0
124.519,786.506,894.196,17.449584956922006,78.38340576715255,2.631,52.0,1.2036,-2.9599,7.1054,-0.00974,-0.04059,0.02412,17.44956174980714,78.38340881196629,3.5,0
124.539,786.539,894.238,17.44958533043672,78.38340607105935,2.621,52.0,-1.375,-2.1527,12.7821,0.00996,0.00075,-0.01864,17.44959407909099,78.38342465219355,3.5,0
124.559,786.571,894.279,17.449585702583246,78.38340637385294,2.612,52.0,-2.3193,-0.8805,14.0654,-0.00779,0.03933,0.03725,17.449613994186596,78.38341617224607,3.5,0
124.579,786.603,894.32,17.449586073361587,78.38340667553331,2.602,52.0,-2.6153,1.0527,8.9444,0.03105,-0.00948,0.02097,17.449565007838917,78.38338630926951,3.5,0
124.599,786.635,894.361,17.44958644277174,78.38340697610047,2.592,52.0,-2.2477,2.2652,5.5195,-0.02768,-0.02808,0.02689,17.449587126997834,78.38338083094968,3.5,0
124.619,786.667,894.401,17.44958681081371,78.38340727555442,2.583,52.0,0.0511,1.2761,9.1695,0.02477,-0.015,0.01748,17.449560279868127,78.38339327200191,3.5,0
124.639,786.698,894.442,17.449587177487494,78.38340757389516,2.573,52.0,1.8523,0.9491,14.1494,-0.01877,-0.00529,0.03309,17.4495405249303,78.38339748406275,3.5,0
124.659,786.73,894.482,17.44958754279309,78.38340787112269,2.564,52.0,3.2054,-1.6976,12.6762,-0.01683,0.03663,0.0071,17.44957893500696,78.38339324367344,3.5,0
124.679,786.761,894.522,17.449587906730503,78.38340816723701,2.554,52.0,2.2439,-1.9013,7.0681,0.00376,-0.02844,0.01514,17.449616394890246,78.38335892368444,3.5,0
124.699,786.793,894.563,17.449588269299728,78.38340846223811,2.544,52.0,1.7981,-3.5568,6.0572,-0.02788,0.0002,-0.0075,17.44954789461678,78.38339327133012,3.5,0
124.719,786.824,894.603,17.44958863050077,78.383408756126,2.535,52.0,0.2042,-2.9299,11.1978,0.02688,-0.01983,-0.00773,17.44959659070214,78.38341025398864,3.5,0
124.739,786.855,894.642,17.449588990333623,78.38340904890067,2.525,52.0,-2.3199,-1.6527,14.5254,-0.00682,0.01604,0.05535,17.449565780687006,78.3834296968968,3.5,0
124.759,786.886,894.682,17.44958934879829,78.38340934056214,2.516,52.0,-2.9361,0.2345,10.932,-0.00209,0.02821,-0.0107,17.449570535052946,78.38343142148287,3.5,0
124.779,786.917,894.721,17.449589705894773,78.3834096311104,2.506,52.0,-2.7788,2.7625,5.9549,-0.00391,0.01524,-0.0042,17.449584063916877,78.38342572403485,3.5,0
124.799,786.948,894.761,17.449590061623073,78.38340992054545,2.496,52.0,-0.6975,2.544,7.208,0.01461,0.0102,-0.00608,17.449593941098207,78.38341314760903,3.5,0
124.819,786.978,894.8,17.449590415983184,78.38341020886728,2.487,52.0,1.4832,1.1063,13.8249,-0.02075,-0.01669,0.01423,17.449565073090508,78.38344147549871,3.5,0
124.839,787.009,894.839,17.44959076897511,78.3834104960759,2.477,52.0,2.524,0.2262,14.1458,-0.02848,-0.00208,-0.03921,17.449595535872472,78.3834072930633,3.5,0
124.859,787.039,894.878,17.44959112059885,78.38341078217131,2.468,52.0,3.9469,-1.6648,9.2817,-0.00076,0.00746,-0.01928,17.44959787064016,78.3834206276359,3.5,0
124.879,787.069,894.917,17.449591470854404,78.3834110671535,2.458,52.0,2.9522,-3.3689,5.5379,-0.00707,0.03441,-0.0018,17.449574942022483,78.38340734085548,3.5,0
124.899,787.1,894.955,17.449591819741773,78.38341135102249,2.448,52.0,0.5141,-3.1254,8.5478,-0.01261,-0.01799,0.00672,17.44957783350519,78.38341081647702,3.5,0
124.919,787.13,894.994,17.449592167260956,78.38341163377827,2.439,52.0,-1.093,-2.1368,13.7703,0.01428,-0.00835,-0.03226,17.44957465091152,78.38342453348125,3.5,0
124.939,787.159,895.032,17.44959251341195,78.38341191542084,2.429,52.0,-2.49,0.4113,13.3734,-0.01153,0.01186,0.01677,17.449614065857315,78.38339712634779,3.5,0
124.959,787.189,895.07,17.449592858194762,78.38341219595019,2.42,52.0,-2.6426,0.9594,7.9765,-0.03242,0.03237,-0.01447,17.449600185380156,78.38342527630452,3.5,0
124.979,787.219,895.108,17.44959320160939,78.38341247536631,2.41,52.0,-2.4797,2.2089,5.6253,0.05516,-0.00661,0.00763,17.449585551088912,78.38340092474687,3.5,0
124.999,787.248,895.146,17.449593543655826,78.38341275366925,2.4,52.0,0.5357,1.7125,9.8005,-0.01957,0.05136,0.03663,17.449591898532066,78.38341674844925,3.5,0
125.019,787.278,895.184,17.44959388433408,78.38341303085896,2.391,52.0,1.8609,0.0178,14.3099,0.0074,-0.00591,0.01082,17.449615417338546,78.3834201603537,3.5,0
125.039,787.307,895.221,17.44959422364415,78.38341330693547,2.381,52.0,3.1357,-0.3123,12.5082,-0.00716,-0.0156,0.02216,17.4496120071238,78.38342497354404,3.5,0
125.059,787.336,895.259,17.449594561586032,78.38341358189876,2.372,52.0,4.261,-3.1997,7.0684,-0.05483,-0.00036,-0.02782,17.449618238412093,78.38341126001608,3.5,0
125.079,787.366,895.296,17.449594898159727,78.38341385574884,2.362,52.0,2.0322,-3.3103,5.9739,-0.02019,-0.01009,-0.04139,17.44960106968134,78.38339122221365,3.5,0
125.099,787.394,895.333,17.44959523336524,78.38341412848571,2.352,52.0,-0.2224,-3.6352,10.7999,-0.00866,0.00987,0.03205,17.44959634782812,78.38343570463769,3.5,0
125.119,787.423,895.37,17.449595567202564,78.38341440010937,2.343,52.0,-2.8123,-1.6954,14.5003,-0.05555,0.0232,0.05117,17.449570884772672,78.383417186485,3.5,0
125.139,787.452,895.407,17.449595899671703,78.38341467061981,2.333,52.0,-2.3789,0.408,11.7117,-0.02671,0.02176,0.04692,17.449608134437714,78.3833935772284,3.5,0
125.159,787.481,895.443,17.44959623077266,78.38341494001705,2.324,52.0,-3.2096,1.3452,6.492,-0.01729,0.02229,-0.02506,17.449623362246403,78.38346055187927,3.5,0
125.179,787.509,895.48,17.449596560505427,78.38341520830107,2.314,52.0,-1.6546,2.4231,6.3755,-0.01115,-0.00044,-0.01223,17.449588766273276,78.3834306015048,3.5,0
125.199,787.538,895.516,17.44959688887001,78.38341547547188,2.304,52.0,0.6129,1.4809,11.5139,0.02085,0.00869,-0.05446,17.44961990135656,78.38343853763914,3.5,0
125.219,787.566,895.552,17.449597215866405,78.38341574152948,2.295,52.0,3.0883,0.5773,14.5267,-0.00966,-0.0241,-0.01939,17.449590917995398,78.38341293400917,3.5,0
125.239,787.594,895.588,17.449597541494615,78.38341600647387,2.285,52.0,3.6924,-1.1005,11.1262,-0.01641,-0.01401,0.00206,17.449610376770135,78.38344408664467,3.5,0
125.259,787.622,895.624,17.44959786575464,78.38341627030503,2.276,52.0,2.9231,-3.2262,6.1678,0.01337,0.02619,0.01815,17.449604737076882,78.38339635089837,3.5,0
125.279,787.65,895.66,17.44959818864648,78.38341653302301,2.266,52.0,1.6252,-3.3727,6.6923,-0.02177,0.00254,0.00839,17.449589830718256,78.38342065795747,3.5,0
125.299,787.678,895.695,17.44959851017013,78.38341679462775,2.256,52.0,-0.7292,-2.6499,11.9289,0.03146,0.00548,0.03554,17.449592570629488,78.38342504390401,3.5,0
125.319,787.705,895.731,17.4495988303256,78.3834170551193,2.247,52.0,-2.1493,-0.9696,14.4852,-0.01952,0.01394,0.03437,17.449588569957612,78.38340100349932,3.5,0
125.339,787.733,895.766,17.44959914911288,78.38341731449762,2.237,52.0,-2.9566,0.525,10.7766,-0.01249,-0.03616,0.00631,17.449582238523256,78.38340957805907,3.5,0
125.359,787.76,895.801,17.44959946653198,78.38341757276274,2.228,52.0,-2.1422,1.8918,6.0206,-0.00937,0.01263,0.02792,17.44960420977596,78.38341628128755,3.5,0
125.379,787.788,895.836,17.449599782582887,78.38341782991465,2.218,52.0,-0.6289,2.0757,6.8527,0.00767,-0.00252,0.00799,17.449589654426884,78.38339141153341,3.5,0
125.399,787.815,895.871,17.449600097265613,78.38341808595334,2.208,52.0,-0.9397,-1.301,5.0833,0.01285,0.02257,0.0387,17.449605967173806,78.38342445501765,3.5,0
125.419,787.842,895.905,17.44960041058015,78.38341834087882,2.199,52.0,2.5085,0.4732,14.4608,0.00183,0.00453,0.04455,17.449620946799868,78.38340939666772,3.5,0
125.439,787.869,895.94,17.449600722526505,78.3834185946911,2.189,52.0,3.7038,-1.5062,10.6951,-0.01541,-0.0126,0.01419,17.44960189379697,78.38341730989744,3.5,0
125.459,787.896,895.974,17.44960103310467,78.38341884739015,2.18,52.0,2.9003,-2.7581,6.0042,-0.02823,0.00172,0.01819,17.449593800424445,78.38343417433816,3.5,0
125.479,787.922,896.008,17.44960134231465,78.38341909897599,2.17,52.0,1.0113,-3.1042,6.8273,0.00244,-0.01766,0.01887,17.449616991799285,78.38343063700502,3.5,0
125.499,787.949,896.043,17.44960165015645,78.38341934944863,2.16,52.0,-0.6754,-2.7559,12.0131,0.00622,0.03309,-0.00147,17.449591508783776,78.38340504870439,3.5,0
125.519,787.975,896.076,17.449601956630058,78.38341959880805,2.151,52.0,-2.1588,-1.083,14.4749,0.01323,0.01437,0.04378,17.449606526277652,78.38341363131683,3.5,0
125.539,788.002,896.11,17.449602261735482,78.38341984705427,2.141,52.0,-2.6051,0.0633,10.8838,-0.03114,0.02877,-0.04293,17.44955282412735,78.38341167743394,3.5,0
125.559,788.028,896.144,17.44960256547272,78.38342009418726,2.132,52.0,-2.6312,2.2976,6.1219,-0.00405,0.02457,0.0129,17.449616746959705,78.38341006829006,3.5,0
125.579,788.054,896.177,17.449602867841772,78.38342034020705,2.122,52.0,-1.5989,1.0771,6.6215,-0.02937,-0.00828,0.02357,17.44961469410436,78.38341406176252,3.5,0
125.599,788.08,896.21,17.44960316884264,78.38342058511363,2.112,52.0,0.8402,1.5176,11.6847,-0.00184,0.01053,0.00525,17.449565627703098,78.38341306221614,3.5,0
125.619,788.106,896.244,17.44960346847532,78.38342082890699,2.103,52.0,2.5698,0.576,14.508,-0.01617,0.01452,-0.00795,17.44958901859384,78.38340845435093,3.5,0
125.639,788.132,896.277,17.449603766739816,78.38342107158715,2.093,52.0,3.4555,-2.1174,11.3236,-0.01876,0.02126,0.0404,17.44958558565625,78.38339746975457,3.5,0
125.659,788.158,896.309,17.449604063636126,78.38342131315409,2.084,52.0,3.4396,-2.7532,6.3944,0.02132,0.02127,-0.03335,17.449600241861123,78.38342445320022,3.5,0
125.679,788.183,896.342,17.44960435916425,78.38342155360782,2.074,52.0,2.1274,-3.6793,6.2681,0.01758,-0.00183,0.02857,17.449581032776397,78.38341101043159,3.5,0
125.699,788.208,896.375,17.449604653324187,78.38342179294834,2.064,52.0,-0.4175,-3.0299,11.0911,-0.00074,0.01972,-0.00449,17.449606278549727,78.38340664027659,3.5,0
125.719,788.234,896.407,17.44960494611594,78.38342203117564,2.055,52.0,-2.1793,-1.1571,14.4897,-0.01689,0.01433,-0.03366,17.449634840079646,78.38340811577037,3.5,0
125.739,788.259,896.439,17.449605237539508,78.38342226828973,2.045,52.0,-3.3302,0.2244,12.0115,0.00952,-0.01032,0.01299,17.44960476554477,78.38342324516742,3.5,0
125.759,788.284,896.471,17.449605527594887,78.38342250429062,2.036,52.0,-2.4935,0.7361,6.9262,0.01308,-0.00471,-0.03092,17.449624856361083,78.3833993389707,3.5,0
125.779,788.309,896.503,17.449605816282084,78.38342273917829,2.026,52.0,-0.9876,1.7899,5.8747,-0.00527,0.01978,-0.02534,17.449606771287186,78.38345206032794,3.5,0
125.799,788.334,896.535,17.44960610360109,78.38342297295274,2.016,52.0,0.1354,2.2078,10.2041,0.0112,0.00566,0.00027,17.449582730366767,78.3834315415273,3.5,0
125.819,788.358,896.567,17.449606389551914,78.383423205614,2.007,52.0,1.9704,0.7795,14.2958,-0.0047,0.00537,0.03919,17.449603949984752,78.38341517352596,3.5,0
125.839,788.383,896.598,17.449606674134554,78.38342343716204,1.997,52.0,3.7962,-0.3438,12.8655,-0.01553,-0.00657,0.03644,17.449568818368817,78.38340138432184,3.5,0
125.859,788.408,896.629,17.449606957349005,78.38342366759686,1.988,52.0,3.4893,-1.8589,7.7824,0.00102,0.02838,0.0174,17.449609860987433,78.3834374442324,3.5,0
125.879,788.432,896.661,17.44960723919527,78.38342389691847,1.978,52.0,2.4524,-3.474,5.5732,-0.02725,0.03386,0.02558,17.449603022881234,78.38341513167497,3.5,0
125.899,788.456,896.692,17.44960751967335,78.38342412512687,1.968,52.0,0.0667,-2.1888,9.0436,-0.02427,-0.00467,0.02699,17.449637204580323,78.38340165694203,3.5,0
125.919,788.48,896.723,17.449607798783248,78.38342435222205,1.959,52.0,-1.0397,-2.1303,13.7505,-0.03736,0.0238,-0.02654,17.44961849340095,78.38341116577801,3.5,0
125.939,788.504,896.753,17.449608076524957,78.38342457820403,1.949,52.0,-3.0142,-0.9377,13.7259,0.02549,0.02051,0.06094,17.44960496459669,78.38341006109825,3.5,0
125.959,788.528,896.784,17.44960835289848,78.3834248030728,1.939,52.0,-3.447,0.7647,9.0161,-0.01577,-0.00268,-0.01048,17.449597714820577,78.3834291241545,3.5,0
125.979,788.552,896.814,17.449608627903817,78.38342502682835,1.93,52.0,-2.3765,1.1256,5.5793,0.02107,-0.00292,-0.03793,17.44961632276035,78.38341709980196,3.5,0
125.999,788.576,896.845,17.44960890154097,78.38342524947069,1.92,52.0,-0.8902,2.7753,7.7166,-0.04398,0.02183,-0.04412,17.449551255564604,78.38343776827901,3.5,0
126.019,788.599,896.875,17.449609173809932,78.38342547099982,1.911,52.0,1.1269,1.9523,12.7375,0.04448,-0.0265,-0.05901,17.449610842743265,78.38342032499911,3.5,0
126.039,788.622,896.905,17.449609444710713,78.38342569141574,1.901,52.0,2.1603,-0.5607,14.3845,-0.00962,-0.03456,-0.01962,17.44960360880665,78.38342873525646,3.5,0
126.059,788.646,896.934,17.44960971424331,78.38342591071844,1.891,52.0,3.7822,-1.8566,10.6284,0.00071,0.03317,-0.00315,17.44960543331135,78.38340618264235,3.5,0
126.079,788.669,896.964,17.44960998240772,78.38342612890794,1.882,52.0,3.4306,-2.9399,6.1434,-0.02953,0.00906,-0.00742,17.44959835569264,78.38342310594511,3.5,0
126.099,788.692,896.994,17.44961024920394,78.38342634598423,1.872,52.0,0.8426,-3.7667,6.456,-0.00859,0.01688,-0.00416,17.449637269848793,78.3834211561007,3.5,0
126.119,788.715,897.023,17.449610514631978,78.3834265619473,1.863,52.0,0.1856,-3.5547,11.1631,-0.01855,0.05741,-0.01943,17.449611303349002,78.38342623990341,3.5,0
126.139,788.738,897.052,17.449610778691827,78.38342677679717,1.853,52.0,-2.2159,-1.6436,14.4899,-0.02396,0.01272,0.01972,17.449628829919952,78.38341888786552,3.5,0
126.159,788.76,897.081,17.449611041383495,78.3834269905338,1.843,52.0,-2.5376,-0.076,12.3889,-0.01163,0.01721,0.02752,17.44960347593202,78.38341474034932,3.5,0
126.179,788.783,897.11,17.449611302706973,78.38342720315724,1.834,52.0,-2.8761,1.2924,7.4351,-0.03926,0.00436,0.02096,17.449603401472633,78.38341816923646,3.5,0
126.199,788.806,897.139,17.44961156266227,78.38342741466747,1.824,52.0,-1.805,2.2612,5.6445,0.03354,-0.00012,-0.05994,17.449634326844524,78.38340773011252,3.5,0
126.219,788.828,897.167,17.449611821249377,78.38342762506448,1.815,52.0,-0.198,2.5633,9.1521,-0.0107,-0.01471,0.01483,17.449624692287628,78.38343238547185,3.5,0
126.239,788.85,897.196,17.4496120784683,78.38342783434828,1.805,52.0,2.157,0.854,13.7324,0.01854,0.02039,-0.00197,17.449602906150638,78.38342256528985,3.5,0
126.259,788.872,897.224,17.449612334319035,78.38342804251887,1.795,52.0,2.4881,-0.4778,13.8987,0.05289,0.01108,-0.00875,17.44962840017031,78.38339496953593,3.5,0
126.279,788.894,897.252,17.44961258880159,78.38342824957626,1.786,52.0,3.635,-1.7962,9.478,-0.01912,-0.01025,0.04665,17.449594079614247,78.38343177908087,3.5,0
126.299,788.916,897.28,17.449612841915954,78.38342845552042,1.776,52.0,3.2032,-2.9089,5.7398,0.00215,0.02816,0.02444,17.44963064138505,78.38341125992513,3.5,0
126.319,788.938,897.308,17.449613093662133,78.38342866035137,1.767,52.0,1.6004,-3.6029,7.106,0.00468,-0.00166,-0.03873,17.449623371156243,78.38341490461579,3.5,0
126.339,788.959,897.336,17.449613344040127,78.38342886406912,1.757,52.0,0.4367,-2.6536,11.9357,-0.03005,0.01056,0.04348,17.449611920596478,78.38348440199498,3.5,0
126.359,788.981,897.363,17.449613593049936,78.38342906667364,1.747,52.0,-2.2883,-1.1439,14.549,0.01199,0.0196,-0.02294,17.449618451148687,78.38343838324492,3.5,0
126.379,789.002,897.391,17.449613840691555,78.38342926816497,1.738,52.0,-2.5524,-0.2364,11.8946,0.02242,0.01314,-0.00679,17.449596775177863,78.38341986118118,3.5,0
126.399,789.024,897.418,17.449614086964992,78.38342946854307,1.728,52.0,-2.8503,2.0429,7.0984,-0.01335,0.00471,0.00318,17.449608146809727,78.3834301086413,3.5,0
126.419,789.045,897.445,17.449614331870244,78.38342966780797,1.719,52.0,-1.2379,2.7593,5.7371,0.00422,-0.01855,-0.04086,17.449636526178136,78.38342449576665,3.5,0
126.439,789.066,897.472,17.44961457540731,78.38342986595966,1.709,52.0,-0.0542,1.6749,9.3707,-0.00225,0.01283,-0.00248,17.449634155700757,78.38348098027647,3.5,0
126.459,789.087,897.499,17.449614817576187,78.38343006299813,1.699,52.0,1.5395,1.0286,13.7953,-0.00878,0.02774,-0.02823,17.449598314465344,78.38343516865012,3.5,0
126.479,789.108,897.525,17.44961505837688,78.3834302589234,1.69,52.0,3.5003,-0.283,13.9205,0.01572,-0.01499,-0.00198,17.449621232997906,78.38343935828854,3.5,0
126.499,789.128,897.552,17.44961529780939,78.38343045373544,1.68,52.0,3.1923,-2.2599,9.6188,-0.01867,-0.01886,0.02815,17.44958908585699,78.38340413180937,3.5,0
126.519,789.149,897.578,17.44961553587371,78.38343064743428,1.671,52.0,2.2519,-2.8951,5.8222,-0.01248,0.03735,0.06432,17.44963905128722,78.38342867093118,3.5,0
126.539,789.169,897.604,17.449615772569846,78.3834308400199,1.661,52.0,1.2279,-3.3002,6.8275,-0.03302,-0.01193,0.05883,17.44962070401439,78.38341389573301,3.5,0
126.559,789.19,897.63,17.4496160078978,78.38343103149232,1.651,52.0,-0.0676,-3.3766,11.4769,-0.01446,-0.00335,-0.02167,17.449608516472882,78.38344808952031,3.5,0
126.579,789.21,897.656,17.449616241857562,78.38343122185152,1.642,52.0,-1.3585,-1.3573,14.5135,0.01437,0.00174,0.0737,17.449579165032475,78.38345415182145,3.5,0
126.599,789.23,897.682,17.44961647444914,78.3834314110975,1.632,52.0,-2.8244,-0.4426,12.5467,-0.00724,0.02415,-0.01836,17.44961418499589,78.38341387976995,3.5,0
126.619,789.25,897.708,17.449616705672536,78.38343159923029,1.623,52.0,-2.3701,1.7298,7.7971,-0.01748,-0.02084,-0.03251,17.44965169933102,78.38341243320302,3.5,0
126.639,789.27,897.733,17.449616935527743,78.38343178624986,1.613,52.0,-2.5381,1.8618,5.5672,-0.04269,0.00185,0.00129,17.449611993561103,78.38341408606374,3.5,0
126.659,789.29,897.758,17.449617164014764,78.38343197215622,1.603,52.0,-0.6157,2.0319,8.3151,-0.03591,-0.01563,-0.0074,17.44962182935866,78.38346486017133,3.5,0
126.679,789.309,897.783,17.4496173911336,78.38343215694935,1.594,52.0,1.1865,1.8102,12.9849,-0.03222,0.0485,-0.01571,17.449612880753353,78.38342052532496,3.5,0
126.699,789.329,897.808,17.44961761688425,78.38343234062928,1.584,52.0,2.6623,0.0791,14.4302,-0.00399,-0.00466,-0.015,17.44960882714168,78.38342706698306,3.5,0
126.719,789.348,897.833,17.449617841266715,78.383432523196,1.575,52.0,3.4024,-2.0609,11.0761,0.03109,-0.01207,0.03845,17.449624295473384,78.38344207456473,3.5,0
126.739,789.367,897.858,17.449618064280994,78.38343270464952,1.565,52.0,3.3683,-3.2346,6.6167,0.00755,-0.00683,0.00409,17.449642784910257,78.38339710526375,3.5,0
126.76,789.386,897.882,17.449618285927087,78.38343288498982,1.555,52.0,1.7878,-3.607,5.9034,-0.00731,0.00355,-0.01735,17.44962539522748,78.38344630190824,3.5,0
126.78,789.405,897.907,17.44961850620499,78.3834330642169,1.546,52.0,0.3796,-2.9333,9.6913,0.01088,0.01034,-0.03696,17.449619237267125,78.38343932361406,3.5,0
126.8,789.424,897.931,17.449618725114714,78.38343324233077,1.536,52.0,-1.3699,-1.9402,13.8745,-0.0151,0.02146,-0.02295,17.44961106557477,78.38341325328382,3.5,0
126.82,789.443,897.955,17.44961894265625,78.38343341933144,1.527,52.0,-2.948,-0.9819,13.9602,-0.06092,-0.00857,-0.00615,17.449621196466605,78.38342199555663,3.5,0
126.84,789.462,897.979,17.4496191588296,78.38343359521889,1.517,52.0,-3.0483,0.3469,9.8857,0.00989,-0.00787,0.0061,17.44961068694521,78.38342162287442,3.5,0
126.86,789.48,898.003,17.449619373634764,78.38343376999312,1.507,52.0,-2.5678,1.977,6.016,0.01337,-0.03407,0.01685,17.44961520887672,78.38344294581857,3.5,0
126.88,789.499,898.026,17.44961958707174,78.38343394365415,1.498,52.0,-1.3155,2.1442,6.4536,-0.02811,-0.01434,0.00812,17.449634712501172,78.38345334914327,3.5,0
126.9,789.517,898.05,17.449619799140535,78.38343411620197,1.488,52.0,0.4364,2.636,10.7212,-0.00298,-0.00491,0.02299,17.449626056452495,78.38343208331192,3.5,0
126.92,789.535,898.073,17.44962000984114,78.38343428763658,1.479,52.0,2.0608,0.6789,14.3032,0.01613,0.03809,0.00166,17.449619170559775,78.38344800254761,3.5,0
126.94,789.554,898.096,17.449620219173564,78.38343445795796,1.469,52.0,2.938,-0.0642,13.4398,-0.03286,0.00857,0.01448,17.449591241014517,78.38342135773243,3.5,0
126.96,789.571,898.119,17.4496204271378,78.38343462716614,1.459,52.0,3.8791,-2.6574,9.0662,0.0193,-0.0001,-0.02187,17.449614484839007,78.38343477991711,3.5,0
126.98,789.589,898.142,17.449620633733847,78.38343479526111,1.45,52.0,2.278,-3.7586,5.7479,0.01262,0.03767,0.02602,17.449649985114895,78.38342709803976,3.5,0
127.0,789.607,898.165,17.44962083896171,78.38343496224286,1.44,52.0,1.1255,-3.805,6.9245,0.02052,0.00175,0.01868,17.44963586315784,78.38343257087597,3.5,0
127.02,789.625,898.187,17.44962104282139,78.38343512811142,1.431,52.0,0.8527,-2.3425,11.3532,0.03615,-0.00985,0.03992,17.449637861520667,78.38341708902202,3.5,0
127.04,789.642,898.21,17.449621245312883,78.38343529286675,1.421,52.0,-2.2082,-0.9558,14.4669,-0.0217,-0.0094,0.04365,17.4496082914339,78.38340566885202,3.5,0
127.06,789.66,898.232,17.44962144643619,78.38343545650886,1.411,52.0,-3.3229,-0.5187,13.0898,0.01175,-0.01531,0.08329,17.44964800137946,78.38344013853809,3.5,0
127.08,789.677,898.254,17.44962164619131,78.38343561903777,1.402,52.0,-2.6558,0.9632,8.6407,-0.02977,-0.00929,0.05488,17.44960860673007,78.38343130803985,3.5,0
127.1,789.694,898.276,17.449621844578243,78.38343578045347,1.392,52.0,-3.0925,1.556,5.6542,-0.017,0.00774,0.01794,17.44962437085254,78.38342846175846,3.5,0
127.12,789.711,898.298,17.449622041596992,78.38343594075596,1.383,52.0,-0.9983,1.47,7.1295,0.03363,0.00275,0.04946,17.44960829584063,78.38343325722624,3.5,0
127.14,789.728,898.319,17.449622237247556,78.38343609994523,1.373,52.0,1.6093,1.9049,11.5641,0.0105,0.02793,0.05886,17.449646952812174,78.38345236802634,3.5,0
127.16,789.745,898.341,17.449622431529935,78.38343625802129,1.363,52.0,1.6354,0.5401,14.4894,-0.01715,0.01367,-0.00994,17.449633307796333,78.383399133998,3.5,0
127.18,789.761,898.362,17.449622624444128,78.38343641498415,1.354,52.0,2.4203,-0.9867,12.9941,-0.02269,0.02681,-0.02402,17.449642667777752,78.38348181019576,3.5,0
127.2,789.778,898.383,17.449622815990132,78.3834365708338,1.344,52.0,2.7674,-2.8794,8.5919,-0.00499,0.03482,-0.04068,17.44958034178807,78.38342083994549,3.5,0
127.22,789.794,898.404,17.449623006167954,78.38343672557022,1.335,52.0,3.0426,-2.5271,5.656,-0.02001,0.0224,0.00476,17.44962655601537,78.38342763201068,3.5,0
127.24,789.811,898.425,17.449623194977587,78.38343687919343,1.325,52.0,1.7967,-3.5611,7.072,-0.04017,-0.01007,-0.0256,17.4496059635636,78.38345807192972,3.5,0
127.26,789.827,898.446,17.449623382419038,78.38343703170344,1.315,52.0,-2.4033,-5.1487,5.0419,-0.00718,0.00345,0.06231,17.449623265229363,78.38346005843455,3.5,0
127.28,789.843,898.467,17.4496235684923,78.38343718310023,1.306,52.0,-1.5052,-2.2536,14.455,-0.03082,0.02971,-0.05541,17.449589949481137,78.38340757523913,3.5,0
127.3,789.859,898.487,17.44962375319738,78.38343733338381,1.296,52.0,-2.2032,-0.3341,13.2074,-0.01539,0.03647,-0.00903,17.449607954505044,78.38342221810859,3.5,0
127.32,789.875,898.507,17.44962393653427,78.38343748255417,1.287,52.0,-2.2518,1.1877,8.9248,0.03045,0.01124,0.04155,17.449607355370414,78.38344106943592,3.5,0
127.34,789.89,898.528,17.449624118502975,78.38343763061134,1.277,52.0,-2.4532,2.1027,5.7552,-0.01389,0.04773,0.01096,17.44959753947764,78.3834190008735,3.5,0
127.36,789.906,898.547,17.449624299103494,78.38343777755529,1.267,52.0,-2.0095,2.2742,6.743,-0.03377,-0.00142,0.03117,17.449616324455377,78.38344546101376,3.5,0
127.38,789.922,898.567,17.449624478335828,78.38343792338601,1.258,52.0,0.179,1.9418,10.9136,0.0085,0.01511,-0.02416,17.449641663496894,78.38343537080557,3.5,0
127.4,789.937,898.587,17.44962465619998,78.38343806810354,1.248,52.0,1.8523,0.2334,14.2823,-0.00195,-0.02066,-0.03658,17.449628503360756,78.38340622431241,3.5,0
127.42,789.952,898.606,17.449624832695942,78.38343821170785,1.239,52.0,2.9718,-0.6128,13.6499,0.01547,0.01027,0.02612,17.44960890945361,78.3834580665185,3.5,0
127.44,789.967,898.626,17.44962500782372,78.38343835419894,1.229,52.0,3.3258,-1.9904,9.6464,-0.00459,0.02175,0.0221,17.44962260862299,78.38345127176643,3.5,0
127.46,789.982,898.645,17.449625181583308,78.38343849557684,1.219,52.0,3.3754,-2.918,6.0501,-0.00377,0.03357,0.02939,17.44962621264782,78.38344132415776,3.5,0
127.48,789.997,898.664,17.449625353974714,78.38343863584151,1.21,52.0,2.2793,-3.3489,6.2213,0.00164,-0.0479,0.00345,17.449642587813653,78.38346921809382,3.5,0
127.5,790.012,898.683,17.449625524997934,78.38343877499297,1.2,52.0,0.1655,-3.5544,9.9808,0.02025,-0.02225,0.05939,17.44964506715272,78.38344739705852,3.5,0
127.52,790.027,898.702,17.44962569465297,78.38343891303123,1.191,52.0,-0.0651,-1.5626,16.4923,-0.02651,-0.00283,0.01336,17.449627084068705,78.38342283228602,3.5,0
127.54,790.041,898.72,17.44962586293982,78.38343904995627,1.181,52.0,-2.3345,-1.6735,14.1879,0.01676,-0.03914,0.0306,17.44962779549922,78.38341573801765,3.5,0
127.56,790.056,898.739,17.44962602985848,78.3834391857681,1.171,52.0,-2.9652,0.9072,10.7686,-0.00093,0.01051,0.02137,17.449650044361277,78.38339968917978,3.5,0
127.58,790.07,898.757,17.449626195408957,78.3834393204667,1.162,52.0,-2.3552,1.9915,6.7203,0.01135,0.04135,-0.05249,17.44960195649722,78.38342137974223,3.5,0
127.6,790.084,898.775,17.449626359591246,78.38343945405212,1.152,52.0,-1.7119,2.5347,5.7362,-0.02923,0.00051,0.02226,17.449619412159233,78.38344409784017,3.5,0
127.62,790.098,898.793,17.449626522405353,78.3834395865243,1.143,52.0,0.5271,2.1924,8.6974,-0.02044,0.02372,0.02795,17.44960272791438,78.3834361990366,3.5,0
127.64,790.112,898.811,17.44962668385127,78.38343971788329,1.133,52.0,0.6898,0.4499,12.8987,-0.03759,0.00688,0.0364,17.44961348721766,78.38343304697577,3.5,0
127.66,790.126,898.829,17.449626843929007,78.38343984812906,1.123,52.0,2.3587,-0.3181,14.5609,-0.01798,-0.01039,-0.01368,17.449648517708262,78.38344366579163,3.5,0
127.68,790.14,898.846,17.449627002638554,78.38343997726162,1.114,52.0,3.254,-1.2058,12.2077,-0.00812,-0.01698,0.0366,17.449642607886013,78.38344399754742,3.5,0
127.7,790.153,898.864,17.449627159979915,78.38344010528097,1.104,52.0,3.4825,-2.4182,7.9582,-0.03038,0.02016,-0.0308,17.449620243461133,78.38345865327263,3.5,0
127.72,790.167,898.881,17.449627315953094,78.3834402321871,1.095,52.0,3.083,-3.3052,5.6052,-0.01834,0.01977,0.01723,17.44961553784278,78.3834527243207,3.5,0
127.74,790.18,898.898,17.449627470558084,78.38344035798002,1.085,52.0,1.2732,-3.1926,7.2052,0.00156,0.00752,-0.01029,17.449630471376064,78.38343805378243,3.5,0
127.76,790.193,898.915,17.44962762379489,78.38344048265974,1.075,52.0,-0.8214,-2.8154,11.3346,0.01574,0.01063,-0.03062,17.449637145677727,78.38343608756857,3.5,0
127.78,790.206,898.932,17.449627775663508,78.38344060622623,1.066,52.0,-1.3434,-1.7258,14.3583,-0.0062,0.04346,-0.02311,17.449624472407212,78.38345596324771,3.5,0
127.8,790.219,898.949,17.44962792616394,78.38344072867953,1.056,52.0,-2.3701,-0.7153,13.654,-0.00197,0.03718,0.0399,17.449629366768484,78.3834443184568,3.5,0
127.82,790.232,898.965,17.44962807529619,78.3834408500196,1.047,52.0,-3.7748,1.2211,9.8499,-0.00903,-0.0196,0.03917,17.449637583155372,78.3834319173857,3.5,0
127.84,790.245,898.981,17.44962822306025,78.38344097024647,1.037,52.0,-2.5919,1.6223,6.2539,-0.01752,-0.02482,-0.01066,17.449626410129408,78.3834165695779,3.5,0
127.86,790.258,898.998,17.44962836945613,78.38344108936012,1.027,52.0,-2.1854,1.6867,5.956,-0.01124,0.01998,0.00197,17.449638915642137,78.38346683162287,3.5,0
127.88,790.27,899.014,17.449628514483816,78.38344120736056,1.018,52.0,-0.3843,1.6997,9.1899,-0.01047,-0.02507,-0.03259,17.4496393147911,78.38346024423825,3.5,0
127.9,790.283,899.03,17.44962865814332,78.38344132424778,1.008,52.0,1.0207,1.0727,13.1771,0.00928,0.01431,0.03901,17.44962665505957,78.38342993833169,3.5,0
127.92,790.295,899.045,17.449628800434642,78.38344144002181,0.999,52.0,2.9381,0.4179,14.5327,0.01394,0.02676,0.03747,17.449631496633195,78.38344438378884,3.5,0
127.94,790.307,899.061,17.449628941357773,78.38344155468262,0.989,52.0,3.3517,-1.3176,12.1288,-0.00452,-0.00888,-0.03547,17.449628381976137,78.38345450836985,3.5,0
127.96,790.319,899.076,17.44962908091272,78.3834416682302,0.979,52.0,2.7915,-2.5335,8.0075,-0.0185,0.00473,-0.04797,17.449633833723606,78.38346130518528,3.5,0
127.98,790.331,899.092,17.44962921909948,78.3834417806646,0.97,52.0,2.9694,-3.6945,5.6245,-0.0478,0.0185,0.06094,17.449621400875596,78.38344145561236,3.5,0
128.0,790.343,899.107,17.44962935591806,78.38344189198577,0.96,52.0,0.8232,-3.0436,6.9488,-0.02427,-0.00358,0.03045,17.449643091248117,78.3834166097677,3.5,0
128.02,790.355,899.122,17.449629491368448,78.38344200219372,0.951,52.0,0.0507,-3.1727,10.8587,0.00107,0.02406,0.01344,17.449620900919037,78.38345638619647,3.5,0
128.04,790.366,899.137,17.449629625450655,78.38344211128847,0.941,52.0,-1.8246,-1.9962,14.1142,-0.01285,0.0006,-0.01144,17.449632580516926,78.38342331089677,3.5,0
128.06,790.378,899.151,17.449629758164672,78.38344221927001,0.931,52.0,-2.6879,-0.1091,14.0472,-0.0103,0.01463,-0.00974,17.4495967582604,78.3834328009243,3.5,0
128.08,790.389,899.166,17.449629889510504,78.38344232613832,0.922,52.0,-2.7902,0.7806,10.7347,-0.03681,-0.02472,0.00755,17.44963246905298,78.38344091849466,3.5,0
128.1,790.4,899.18,17.44963001948815,78.38344243189344,0.912,52.0,-2.5469,0.9466,6.8879,-0.0122,0.00687,0.04458,17.449642513330776,78.38344549545542,3.5,0
128.12,790.411,899.194,17.44963014809761,78.38344253653534,0.903,52.0,-1.3527,1.451,5.6155,0.00984,0.0159,-0.01416,17.449614516848694,78.38344406595759,3.5,0
128.14,790.422,899.208,17.449630275338887,78.38344264006403,0.893,52.0,-0.613,2.1072,7.9323,-0.04099,-0.00745,0.03919,17.449599791098212,78.38347696456137,3.5,0
128.16,790.433,899.222,17.44963040121198,78.3834427424795,0.883,52.0,1.0064,1.0441,11.9555,-0.07999,-0.00832,-0.01643,17.449620916363823,78.3834451828059,3.5,0
128.18,790.444,899.236,17.44963052571688,78.38344284378178,0.874,52.0,2.0287,0.7478,14.4727,-0.03122,0.02611,-0.03753,17.4495998301499,78.38342657043086,3.5,0
128.2,790.455,899.25,17.4496306488536,78.38344294397083,0.864,52.0,3.1776,-0.7539,13.4989,-0.00091,0.01966,0.00616,17.44962212423083,78.38339520494854,3.5,0
128.22,790.465,899.263,17.449630770622132,78.38344304304667,0.855,52.0,3.5704,-1.926,9.8262,-0.02403,0.0092,0.02879,17.449611401688042,78.38343899207656,3.5,0
128.24,790.476,899.277,17.44963089102248,78.3834431410093,0.845,52.0,2.9818,-3.1963,6.3627,0.01045,0.0177,0.03438,17.44962640580196,78.38344633854399,3.5,0
128.26,790.486,899.29,17.44963101005464,78.38344323785871,0.835,52.0,1.347,-2.6536,5.8163,0.014,-0.02665,-0.02631,17.449628729402853,78.38347609583693,3.5,0
128.28,790.496,899.303,17.449631127718614,78.38344333359493,0.826,52.0,0.8698,-2.0836,8.5904,-0.03374,0.00705,0.05239,17.449643354114258,78.3834063100834,3.5,0
128.3,790.506,899.316,17.449631244014405,78.38344342821792,0.816,52.0,-0.5569,-2.6653,12.5162,0.01189,-0.01154,-0.02332,17.449659746178515,78.38346916519073,3.5,0
128.32,790.516,899.328,17.44963135894201,78.3834435217277,0.807,52.0,-2.2246,-1.3405,14.5597,0.01333,0.00506,0.01841,17.449627073157227,78.3834575931185,3.5,0
128.34,790.526,899.341,17.449631472501427,78.38344361412427,0.797,52.0,-3.2819,-0.1895,13.1704,-0.00192,-0.02419,-0.0289,17.449627761891787,78.38346089713984,3.5,0
128.36,790.536,899.353,17.44963158469266,78.38344370540764,0.787,52.0,-2.3949,0.8426,9.4237,-0.01012,0.01729,0.01675,17.4496270079297,78.38345022110714,3.5,0
128.38,790.545,899.366,17.449631695515706,78.38344379557779,0.778,52.0,-2.3699,1.4861,6.1844,0.01636,-0.01627,0.00192,17.449630555711035,78.38341497570265,3.5,0
128.4,790.555,899.378,17.449631804970565,78.38344388463473,0.768,52.0,-1.694,1.7831,5.8861,0.02795,0.05806,6e-05,17.449612424190825,78.38341638760886,3.5,0
128.42,790.564,899.39,17.449631913057242,78.38344397257845,0.759,52.0,-0.7342,1.6098,8.7399,-0.0064,0.0043,0.03259,17.449658366149,78.38342977704463,3.5,0
128.44,790.573,899.401,17.44963201977573,78.38344405940896,0.749,52.0,0.8057,1.5534,12.5842,0.00021,-0.00404,0.02809,17.44964275986246,78.38346103101985,3.5,0
128.46,790.582,899.413,17.449632125126033,78.38344414512626,0.739,52.0,2.8853,0.1275,14.5527,0.00965,0.00247,0.02681,17.449650879581895,78.38344511073588,3.5,0
128.48,790.591,899.425,17.44963222910815,78.38344422973036,0.73,52.0,3.2249,-1.9178,13.2023,0.03103,-0.0284,-0.05661,17.449644941536658,78.38344369002752,3.5,0
128.5,790.6,899.436,17.449632331722082,78.38344431322123,0.72,52.0,3.1797,-1.8697,9.5474,0.02106,0.00351,0.00526,17.449646955735215,78.38345063586563,3.5,0
128.52,790.609,899.447,17.449632432967828,78.3834443955989,0.711,52.0,3.2215,-2.937,6.2814,-0.01492,0.02393,0.04758,17.449639209703236,78.38345697183668,3.5,0
128.54,790.618,899.458,17.44963253284539,78.38344447686335,0.701,52.0,1.769,-2.8055,5.7778,0.02035,0.0152,-0.00837,17.449654329463,78.38343625337794,3.5,0
128.56,790.626,899.469,17.449632631354763,78.3834445570146,0.691,52.0,1.419,-3.087,8.3816,-0.04648,-0.0044,0.05464,17.44963401730572,78.38343905594732,3.5,0
128.58,790.634,899.48,17.449632728495953,78.38344463605263,0.682,52.0,-0.0269,-3.2194,12.192,0.00581,0.03396,0.03559,17.449635873924265,78.3834371683419,3.5,0
128.6,790.643,899.49,17.449632824268956,78.38344471397745,0.672,52.0,-1.996,-2.5186,14.4552,0.05208,-0.00641,-0.0057,17.449622922589345,78.38343650292308,3.5,0
128.62,790.651,899.501,17.449632918673775,78.38344479078906,0.663,52.0,-2.9201,-0.722,13.5774,-0.02993,-0.00221,-0.00197,17.44963176963601,78.38343481921434,3.5,0
128.64,790.659,899.511,17.449633011710407,78.38344486648745,0.653,52.0,-4.0378,0.4741,10.195,-0.00811,-0.01208,-0.05469,17.449644260510837,78.38346196148615,3.5,0
128.66,790.667,899.521,17.44963310337885,78.38344494107264,0.643,52.0,-3.3136,2.0192,6.7133,-0.01482,-0.02114,0.00778,17.449627952364967,78.38346367871425,3.5,0
128.68,790.675,899.531,17.449633193679112,78.3834450145446,0.634,52.0,-2.4396,2.1503,5.5822,-0.01181,0.02478,-0.02264,17.449618899892883,78.38345743788418,3.5,0
128.7,790.682,899.541,17.449633282611185,78.38344508690336,0.624,52.0,-0.6434,2.6144,7.5765,0.01376,-0.00901,-0.0402,17.449652020795916,78.38342100257049,3.5,0
128.72,790.69,899.551,17.449633370175075,78.38344515814892,0.614,52.0,0.5333,1.1374,11.2863,0.01213,0.00886,0.05252,17.449634800791813,78.38343956381841,3.5,0
128.74,790.697,899.56,17.449633456370776,78.38344522828126,0.605,52.0,1.4016,1.1567,14.1342,0.00837,-0.00598,-0.01665,17.44963450354612,78.38342639869575,3.5,0
128.76,790.705,899.57,17.449633541198295,78.38344529730038,0.595,52.0,2.7961,-0.0799,14.1641,-0.00085,0.02826,0.06696,17.449657806810173,78.38344398619644,3.5,0
128.78,790.712,899.579,17.449633624657626,78.3834453652063,0.586,52.0,3.593,-2.3483,11.3789,0.01003,0.02393,-0.04688,17.44961022296956,78.3834538304266,3.5,0
128.8,790.719,899.588,17.44963370674877,78.383445431999,0.576,52.0,3.5153,-2.0098,7.696,-0.01671,-0.02457,-0.04409,17.449646914980427,78.38345414965954,3.5,0
128.82,790.726,899.597,17.44963378747173,78.3834454976785,0.566,52.0,1.912,-3.1531,5.6177,0.00673,0.01052,0.02059,17.449613056591307,78.38342450327791,3.5,0
128.84,790.733,899.606,17.449633866826506,78.38344556224477,0.557,52.0,1.5635,-3.2234,6.529,0.00525,0.00575,0.02817,17.44960719890839,78.38347114704976,3.5,0
128.86,790.74,899.614,17.449633944813094,78.38344562569783,0.547,52.0,-0.2376,-3.426,9.7952,-0.01911,0.02391,0.07155,17.449631498611108,78.38342247055753,3.5,0
128.88,790.746,899.623,17.449634021431496,78.3834456880377,0.538,52.0,-0.6327,-1.8362,13.229,-0.00619,0.00998,-0.01161,17.449658923430523,78.38344543297164,3.5,0
128.9,790.753,899.631,17.449634096681713,78.38344574926434,0.528,52.0,-1.7749,-1.7842,14.5431,-0.0035,0.02605,0.00305,17.44962697417735,78.3834617360215,3.5,0
128.92,790.759,899.639,17.449634170563744,78.38344580937778,0.518,52.0,-3.1463,0.1816,12.8934,-0.00801,0.02042,0.04716,17.449645979164508,78.38345409797178,3.5,0
128.94,790.765,899.647,17.44963424307759,78.38344586837799,0.509,52.0,-3.2727,1.2563,9.3833,-0.01557,0.01464,-0.00157,17.449625284713044,78.38344800354307,3.5,0
128.96,790.771,899.655,17.449634314223246,78.383445926265,0.499,52.0,-2.7866,1.3581,6.3163,-0.02079,0.02337,0.01893,17.449622886944663,78.38344684761591,3.5,0
128.98,790.777,899.663,17.44963438400072,78.3834459830388,0.49,52.0,-2.6587,2.9611,5.6788,-0.02495,-0.00348,-0.0439,17.449626343906598,78.3834320957367,3.5,0
129.0,790.783,899.67,17.44963445241001,78.38344603869938,0.48,52.0,-0.4487,2.2134,7.862,-0.01027,-0.00123,0.04289,17.449617914892613,78.38346583122429,3.5,0
129.02,790.789,899.678,17.449634519451113,78.38344609324676,0.47,52.0,0.6129,1.8774,11.4423,-0.00207,0.03466,0.09972,17.44964470697543,78.38343927359766,3.5,0
129.04,790.795,899.685,17.449634585124027,78.38344614668092,0.461,52.0,2.3286,0.1357,14.1341,0.02569,0.02673,-0.01517,17.449612173747457,78.38341777666784,3.5,0
129.06,790.8,899.692,17.44963464942876,78.38344619900187,0.451,52.0,2.4348,0.505,14.2254,-0.0391,0.02105,0.09388,17.449634699681802,78.38343736661037,3.5,0
129.08,790.806,899.699,17.449634712365302,78.3834462502096,0.442,52.0,3.1189,-1.9567,11.685,0.01116,0.01498,0.04356,17.449629364819152,78.38344532815101,3.5,0
129.1,790.811,899.706,17.449634773933663,78.38344630030413,0.432,52.0,2.7393,-2.0403,8.123,0.03397,-0.02929,0.03863,17.44960844849813,78.38344784910711,3.5,0
129.12,790.816,899.713,17.449634834133835,78.38344634928545,0.422,52.0,2.4064,-3.5327,5.7719,-0.04527,0.01459,0.01518,17.4496180270936,78.38345622502112,3.5,0
129.14,790.821,899.719,17.449634892965825,78.38344639715355,0.413,52.0,1.3853,-3.6518,6.075,0.03119,0.00115,0.01243,17.449637852552044,78.38346057254091,3.5,0
129.16,790.826,899.726,17.449634950429626,78.38344644390844,0.403,52.0,1.0508,-2.9095,8.8298,0.0271,0.0274,0.02419,17.4496294243919,78.38342341362383,3.5,0
129.18,790.831,899.732,17.44963500652524,78.38344648955012,0.394,52.0,-0.904,-2.2143,12.3232,-0.00328,-0.00139,0.01685,17.449643848619264,78.38343791069036,3.5,0
129.2,790.836,899.738,17.44963506125267,78.38344653407859,0.384,52.0,-1.7079,-2.2215,14.4208,-0.00992,-0.05151,-0.06197,17.449632290569262,78.38343144412478,3.5,0
129.22,790.841,899.744,17.449635114611915,78.38344657749386,0.374,52.0,-2.731,-0.185,13.8607,-0.01863,0.01577,0.01624,17.449636707222208,78.38345189647197,3.5,0
129.24,790.845,899.749,17.449635166602974,78.38344661979589,0.365,52.0,-3.4704,0.8854,11.0036,-0.01264,-0.00056,0.06407,17.44964489804325,78.38343761842047,3.5,0
129.26,790.849,899.755,17.449635217225847,78.38344666098473,0.355,52.0,-2.916,1.0085,7.578,-0.01049,0.00104,0.02778,17.4496167300172,78.38345755178803,3.5,0
129.28,790.854,899.76,17.449635266480534,78.38344670106035,0.346,52.0,-2.0248,2.6244,5.633,-0.01284,0.00534,-0.03598,17.449607958083398,78.38343344152783,3.5,0
129.3,790.858,899.766,17.449635314367036,78.38344674002276,0.336,52.0,-1.7786,1.602,6.3089,-0.01542,0.03166,-0.00308,17.449651489526385,78.3834529720121,3.5,0
129.32,790.862,899.771,17.449635360885352,78.38344677787195,0.326,52.0,0.2319,1.7118,9.1845,0.03963,0.0495,0.0473,17.449616663750287,78.3834380369077,3.5,0
129.34,790.866,899.776,17.449635406035483,78.38344681460795,0.317,52.0,0.8145,1.5394,12.5561,-0.00677,0.00618,0.0223,17.449595786540204,78.38346792604376,3.5,0
129.36,790.87,899.781,17.44963544981743,78.38344685023073,0.307,52.0,2.0623,0.0987,14.459,-0.01324,-0.01279,0.0473,17.44965299618223,78.38344775153679,3.5,0
129.38,790.873,899.785,17.449635492231184,78.38344688474028,0.298,52.0,3.2574,-0.515,13.8072,0.00138,-0.04242,0.02513,17.449618408428247,78.38341891299885,3.5,0
129.4,790.877,899.79,17.44963553327676,78.38344691813663,0.288,52.0,1.4737,-3.8082,5.4237,0.02232,0.04255,0.04589,17.449636591458603,78.38344902309466,3.5,0
129.42,790.88,899.794,17.449635572954147,78.38344695041977,0.278,52.0,3.3149,-2.6484,7.6407,-0.01736,0.04965,0.02875,17.44963870657881,78.38342720614104,3.5,0
129.44,790.884,899.799,17.449635611263346,78.3834469815897,0.269,52.0,2.6128,-2.8359,5.6752,0.01421,-0.02118,0.01747,17.449669880548814,78.38346487861446,3.5,0
129.46,790.887,899.803,17.449635648204364,78.38344701164641,0.259,52.0,1.861,-3.4845,6.1861,0.00068,0.01081,0.03109,17.449611600863598,78.3834453813862,3.5,0
129.48,790.89,899.807,17.449635683777192,78.38344704058993,0.25,52.0,-0.3025,-3.1146,8.8715,-0.01326,0.00762,-0.06423,17.449648114567506,78.38344788613759,3.5,0
129.5,790.893,899.81,17.449635717981835,78.38344706842021,0.24,52.0,-1.2973,-2.1888,12.2107,0.00673,-0.02788,-0.01239,17.449633307022452,78.38341847462964,3.5,0
129.52,790.896,899.814,17.449635750818295,78.3834470951373,0.23,52.0,0.9204,1.6497,22.1463,0.02585,0.01248,0.03557,17.44966321751476,78.38344461082784,3.5,0
129.54,790.898,899.818,17.449635782286567,78.38344712074117,0.221,52.0,-2.0742,-0.4484,14.1006,5e-05,0.01852,-0.04098,17.449640483363183,78.38341858926869,3.5,0
129.56,790.901,899.821,17.449635812386653,78.38344714523183,0.211,52.0,-3.2916,-0.1782,11.6398,0.01127,6e-05,0.0428,17.449624677854526,78.3834539922697,3.5,0
129.58,790.903,899.824,17.449635841118553,78.38344716860927,0.202,52.0,-3.0127,1.408,8.3184,0.0002,0.00927,0.01262,17.449632641685376,78.38344205114858,3.5,0
129.6,790.906,899.827,17.449635868482268,78.3834471908735,0.192,52.0,-2.3493,1.5074,5.9453,0.06253,0.01597,-0.02073,17.449663078291263,78.38344715795753,3.5,0
129.62,790.908,899.83,17.449635894477797,78.38344721202452,0.182,52.0,-1.3657,1.6633,5.7867,0.00083,0.00556,0.01268,17.449636094411506,78.38345077292223,3.5,0
129.64,790.91,899.833,17.44963591910514,78.38344723206234,0.173,52.0,-1.373,2.074,7.9136,0.04182,0.00056,-0.02159,17.449628519967796,78.38345679039224,3.5,0
129.66,790.912,899.835,17.4496359423643,78.38344725098693,0.163,52.0,0.2678,1.2948,11.1763,0.02364,0.00016,0.0325,17.44965257866171,78.38346283789146,3.5,0
129.68,790.914,899.838,17.449635964255272,78.38344726879832,0.154,52.0,1.6169,1.2181,13.8216,-0.00247,0.0187,0.05055,17.449628254038732,78.38344296714179,3.5,0
129.7,790.916,899.84,17.44963598477806,78.3834472854965,0.144,52.0,2.1641,-0.7732,11.8659,-0.01494,0.01689,0.00762,17.449628260796338,78.38344323598558,3.5,0
129.72,790.917,899.842,17.44963600393266,78.38344730108146,0.134,52.0,4.2451,-1.8461,12.8155,-0.0048,0.026,0.0593,17.449631153477572,78.38346573311117,3.5,0
129.74,790.919,899.844,17.449636021719076,78.38344731555321,0.125,52.0,3.3261,-2.385,9.7202,0.00959,0.01203,0.03385,17.449653751968363,78.38346270281467,3.5,0
129.76,790.92,899.846,17.449636038137303,78.38344732891176,0.115,52.0,2.5988,-3.408,6.7918,0.00575,0.02247,0.02954,17.449633291250425,78.38345748524758,3.5,0
129.78,790.922,899.847,17.449636053187348,78.38344734115708,0.106,52.0,2.6769,-3.4868,5.5391,-0.02292,0.03562,0.02759,17.449651230227854,78.38345162262061,3.5,0
129.8,790.923,899.849,17.449636066869203,78.3834473522892,0.096,52.0,2.1065,-3.2391,6.5799,0.00256,-0.0211,-0.0038,17.449628168695103,78.38347079865432,3.5,0
129.82,790.924,899.85,17.449636079182877,78.3834473623081,0.086,52.0,0.5007,-3.2765,9.3663,-0.0211,0.01303,0.01214,17.449632436409942,78.3834368891254,3.5,0
129.84,790.925,899.852,17.44963609012836,78.3834473712138,0.077,52.0,-1.0479,-2.8375,12.484,0.02613,0.01225,0.0151,17.44962092249037,78.38346346360281,3.5,0
129.86,790.926,899.853,17.449636099705664,78.38344737900628,0.067,52.0,-1.3268,-1.2482,14.3651,-0.02796,-0.01051,0.01172,17.449595756255178,78.38343341091309,3.5,0
129.88,790.926,899.854,17.449636107914777,78.38344738568556,0.058,52.0,-2.2196,-1.714,14.0952,-0.03125,0.02085,-0.0034,17.44963166988045,78.38343005536987,3.5,0
129.9,790.927,899.854,17.449636114755705,78.38344739125161,0.048,52.0,-3.3215,0.6915,11.8139,0.00036,0.00225,-0.0007,17.44963062304273,78.38348598921785,3.5,0
129.92,790.928,899.855,17.449636120228448,78.38344739570445,0.038,52.0,-2.7864,0.8657,8.6696,-0.01463,0.00175,-0.04142,17.449647471414565,78.38346665775786,3.5,0
129.94,790.928,899.855,17.449636124333008,78.38344739904409,0.029,52.0,-2.1763,1.7176,6.197,0.00323,-0.02892,-0.02656,17.449638580213204,78.38344395358453,3.5,0
129.96,790.928,899.856,17.44963612706938,78.38344740127052,0.019,52.0,-1.3861,1.9055,5.5855,0.0231,0.00583,-0.00362,17.449638809057937,78.38341337351788,3.5,0
129.98,790.928,899.856,17.449636128437565,78.38344740238372,0.01,52.0,-0.9135,2.7602,7.1114,0.03109,0.00807,-0.0305,17.449624430397538,78.38341961255401,3.5,0
130.0,790.928,899.856,17.449636128437565,78.38344740238372,0.0,52.0,0.0737,1.3387,10.0296,-0.03306,0.02629,0.02111,17.449649464129465,78.38345702623477,3.5,0
