time,seconds_elapsed,mslAltitudeAccuracy,bearingAccuracy,speedAccuracy,verticalAccuracy,horizontalAccuracy,speed,altitudeAboveMeanSeaLevel,bearing,altitude,longitude,latitude
1790334777108764000,2.519763916015625,,121.5999984741211,0.3799999952316284,7.521212577819824,24,0.25999999046325684,,106,-44.30000305175781,80.0865817,13.0488202
1790334778047213600,3.458213623046875,,83.0999984741211,0.28999999165534973,7.53059720993042,16.25,0.5,,212,-44.30000305175781,80.0865014,13.0487767
1790334779077161500,4.488161376953125,,42.400001525878906,0.27000001072883606,7.540896415710449,14,0.6800000071525574,,300,-44.30000305175781,80.0865255,13.0488037
1790334780068521200,5.479521240234375,,51.70000076293945,0.27000001072883606,7.55081033706665,12.625,0.4699999988079071,,287,-44.30000305175781,80.0864375,13.0488566
1790334781078237000,6.48923681640625,,31.299999237060547,0.2800000011920929,7.560907363891602,11.800000190734863,0.699999988079071,,275,-44.30000305175781,80.0864847,13.0488446
1790334781397814300,6.808814208984375,,39.29999923706055,0.28999999165534973,7.564103126525879,11.166000366210938,0.5399999618530273,,276,-44.30000305175781,80.0864917,13.0488346
1790334783096375800,8.507375732421876,,11.600000381469727,0.23999999463558197,7.581088542938232,8.100000381469727,0.47999998927116394,,276,-44.30000305175781,80.0864887,13.048834
1790334784098495500,9.50949560546875,,14.699999809265137,0.3100000023841858,7.591109752655029,7.199999809265137,0.4399999976158142,,290,-44.30000305175781,80.0864897,13.0488317
1790334785073819000,10.48481884765625,,0,0.4099999964237213,7.600862979888916,6.400000095367432,0.05999999865889549,,0,-44.30000305175781,80.0864867,13.0488324
1790334785759000000,11.17,,0,0,18.489999771118164,10.651000022888184,0,,0,-50.70000076293945,80.0864867,13.0488324
1790334786078473500,11.489473388671875,,0,0.029999999329447746,18.493194580078125,9.901000022888184,0,,0,-50.70000076293945,80.0864871,13.0488323
1790334787097991000,12.508990966796874,,39,0.7599999904632568,18.503389358520508,9.234000205993652,0.4099999964237213,,237,-50.70000076293945,80.0864892,13.0488313
1790334788101806600,13.512806640625,,15,0.3400000035762787,18.513427734375,8.817000389099121,0.4899999797344208,,230,-50.70000076293945,80.0864876,13.0488272
1790334789116200400,14.527200439453125,,15.800000190734863,0.5,18.523571014404297,8.567000389099121,0.7999999523162842,,265,-50.70000076293945,80.0864898,13.0488202
1790334790127178800,15.5381787109375,,10.699999809265137,0.4099999964237213,18.533681869506836,8.401000022888184,1.0199999809265137,,253,-50.70000076293945,80.0864803,13.0488144
1790334791106654500,16.517654541015624,,6.199999809265137,0.6200000047683716,18.543476104736328,3.5999999046325684,2.25,,257,-50.70000076293945,80.0864583,13.0488117
1790334792108830000,17.519829833984375,,3,0.6399999856948853,18.553497314453125,3.5,4.110000133514404,,264,-50.70000076293945,80.086423,13.0488115
1790334793125827600,18.53682763671875,,1.899999976158142,0.44999998807907104,18.56366729736328,3.4000000953674316,4.769999980926514,,263,-50.70000076293945,80.0863629,13.0488107
1790334794125559600,19.5365595703125,,1.100000023841858,0.38999998569488525,18.573665618896484,3.299999952316284,5.679999828338623,,263,-50.70000076293945,80.0863064,13.0488033
1790334794887000000,20.298,,0,0,18.489999771118164,8.326000213623047,0,,0,-50.70000076293945,80.0863064,13.0488033
1790334795080763100,20.49176318359375,,0.8999999761581421,0.3799999952316284,2,7.565000057220459,6.779999732971191,,264,-50,80.0862412,13.0487997
1790334796137667000,21.5486669921875,,0.800000011920929,0.41999998688697815,2,8.076000213623047,7.190000057220459,,264,-50,80.086174,13.0487926
1790334797127914200,22.538914306640624,,1.2000000476837158,0.38999998569488525,2,7.908999919891357,7.119999885559082,,265,-50,80.086093,13.048777
1790334798137661000,23.548660888671876,,1.399999976158142,0.6100000143051147,2,7.826000213623047,8.149999618530273,,264,-50,80.0860143,13.0487718
1790334799133635800,24.5446357421875,,1.2999999523162842,0.47999998927116394,2,7.742000102996826,9,,265,-50,80.0859198,13.0487622
1790334800148196400,25.5591962890625,,0.5,0.3100000023841858,2,2.5,8.949999809265137,,264,-50,80.0858382,13.0487532
1790334801151738600,26.562738525390625,,1,0.28999999165534973,2,2.5999999046325684,8.84999942779541,,264,-50,80.08574,13.048749
1790334802104322000,27.515322021484376,,0.800000011920929,0.2800000011920929,2,2.5829999446868896,8.649999618530273,,263,-50,80.0856564,13.0487373
1790334803149569800,28.56056982421875,,1.2000000476837158,0.4300000071525574,2,2.5999999046325684,8.6899995803833,,263,-51,80.0855788,13.0487275
1790334804104204000,29.5152041015625,,1,0.4399999976158142,2,2.5829999446868896,8.269999504089355,,264,-51,80.085506,13.0487179
1790334805091904800,30.50290478515625,,0.6000000238418579,0.30000001192092896,2,2.6659998893737793,8.279999732971191,,264,-51,80.0854269,13.0487066
1790334806115795000,31.526794921875,,0.8999999761581421,0.3199999928474426,2,2.6659998893737793,8.869999885559082,,262,-52,80.085348,13.0486956
1790334807155666000,32.566666015625,,1,0.30000001192092896,2,2.700000047683716,8.9399995803833,,259,-53,80.085269,13.0486766
1790334808103745500,33.51474560546875,,0.8999999761581421,0.3499999940395355,2,2.75,9.399999618530273,,256,-55,80.0851837,13.0486582
1790334809101049900,34.5120498046875,,0.5,0.27000001072883606,2,2.75,9.699999809265137,,256,-56,80.0851037,13.0486407
1790334810104517000,35.51551708984375,,0.5,0.25999999046325684,2,2.700000047683716,9.880000114440918,,256,-57,80.0850146,13.0486204
1790334811114932000,36.525931884765626,,0.699999988079071,0.2800000011920929,2,2.6659998893737793,10.079999923706055,,255,-58,80.0849224,13.0485961
1790334812111931400,37.522931396484374,,0.6000000238418579,0.28999999165534973,2,2.6659998893737793,10.1899995803833,,254,-60,80.0848267,13.0485705
1790334813090117000,38.5011171875,,0.5,0.2800000011920929,2,2.5829999446868896,10,,252,-60,80.0847334,13.0485454
1790334814090929400,39.50192944335937,,0.5,0.2199999988079071,2,2.5,9.779999732971191,,253,-61,80.0846439,13.0485167
1790334815147780400,40.5587802734375,,0.4000000059604645,0.18000000715255737,2,2.5,9.84999942779541,,254,-61,80.0845567,13.0484926
1790334816150130000,41.5611298828125,,0.4000000059604645,0.17000000178813934,2,2.5,9.84000015258789,,255,-61,80.0844713,13.0484697
1790334817149885700,42.5608857421875,,0.30000001192092896,0.18000000715255737,2,2.5,9.84999942779541,,254,-61,80.0843843,13.0484453
1790334818145642500,43.556642578125,,0.5,0.28999999165534973,2,2.5,9.710000038146973,,252,-61,80.084295,13.0484192
1790334819143026200,44.554026123046874,,0.699999988079071,0.3100000023841858,2,2.5,9.279999732971191,,253,-62,80.0842098,13.0483862
1790334820134604800,45.54560473632812,,1.399999976158142,0.6499999761581421,2,2.5829999446868896,8.199999809265137,,254,-62,80.0841333,13.0483615
1790334821146919200,46.55791918945312,,1.5,0.47999998927116394,2,2.75,8.300000190734863,,250,-62,80.0840599,13.0483352
1790334822143169800,47.55416967773437,,1.5,0.44999998807907104,2,2.9159998893737793,8.130000114440918,,247,-62,80.0839882,13.0483112
1790334823117086000,48.5280859375,,0.800000011920929,0.3199999928474426,2,3.0829999446868896,8.179999351501465,,247,-62,80.083916,13.0482872
1790334824112209000,49.523208984375,,1.100000023841858,0.33000001311302185,2,3.25,8.319999694824219,,248,-62,80.0838513,13.0482579
1790334825107617800,50.51861767578125,,0.8999999761581421,0.3700000047683716,2,3.4159998893737793,8.479999542236328,,250,-62,80.0837745,13.0482337
1790334826142502100,51.55350219726562,,0.8999999761581421,0.3799999952316284,2,3.5,8.809999465942383,,251,-62,80.0837011,13.0482066
1790334827119387000,52.530386962890624,,2,0.49000000953674316,2,3.5829999446868896,8.679999351501465,,246,-62,80.0836264,13.0481801
1790334828135868400,53.546868408203125,,1.7000000476837158,0.4099999964237213,2,3.5999999046325684,8.539999961853027,,248,-62,80.0835578,13.0481548
1790334829148333600,54.55933349609375,,1.2000000476837158,0.3700000047683716,2,3.5999999046325684,8.619999885559082,,248,-63,80.0834899,13.0481254
1790334830145455400,55.55645532226563,,1.2000000476837158,0.4000000059604645,2,3.5999999046325684,8.609999656677246,,249,-62,80.0834087,13.0481067
1790334831131731200,56.542731201171875,,0.8999999761581421,0.27000001072883606,2,3.5,8.809999465942383,,248,-61,80.0833305,13.0480751
1790334832138833200,57.549833251953125,,1.2000000476837158,0.33000001311302185,2,3.299999952316284,8.819999694824219,,246,-61,80.0832569,13.0480352
1790334833140393000,58.55139306640625,,0.699999988079071,0.25,2,3.200000047683716,9.179999351501465,,241,-61,80.0831826,13.0480018
1790334834137293600,59.54829345703125,,0.800000011920929,0.25,2,3.1659998893737793,9.139999389648438,,241,-61,80.0831024,13.0479535
1790334835116025900,60.52702587890625,,0.6000000238418579,0.23000000417232513,2,3,9.239999771118164,,234,-62,80.0830351,13.0479033
1790334836142750000,61.55375,,0.699999988079071,0.23999999463558197,2,2.799999952316284,9.1899995803833,,233,-61,80.0829632,13.0478477
1790334837114471700,62.5254716796875,,1.100000023841858,0.36000001430511475,2,2.75,8.970000267028809,,228,-61,80.0828951,13.0477895
1790334838101467600,63.51246752929688,,1.100000023841858,0.41999998688697815,2,2.6659998893737793,9.300000190734863,,214,-61,80.0828413,13.0477231
1790334839141665800,64.55266577148437,,0.699999988079071,0.2800000011920929,2,2.5,9.019999504089355,,210,-60,80.0827942,13.0476525
1790334840124934000,65.53593383789062,,1.2999999523162842,0.3499999940395355,2,2.5999999046325684,8.670000076293945,,202,-60,80.0827597,13.0475768
1790334841110766000,66.52176611328125,,2.299999952316284,0.5299999713897705,2,2.6659998893737793,8.710000038146973,,192,-60,80.0827399,13.0475057
1790334842103232500,67.514232421875,,1.2999999523162842,0.36000001430511475,2,2.75,8.369999885559082,,182,-61,80.0827279,13.0474266
1790334843157032000,68.56803198242187,,1.100000023841858,0.28999999165534973,2,2.799999952316284,8.289999961853027,,180,-61,80.0827268,13.0473473
1790334844141047300,69.55204736328125,,0.800000011920929,0.2800000011920929,2,2.75,7.96999979019165,,174,-61,80.0827296,13.0472681
1790334845140328000,70.55132788085938,,1.5,0.3499999940395355,2,2.700000047683716,7.699999809265137,,168,-61,80.0827385,13.0471978
1790334846152188000,71.56318798828126,,0.800000011920929,0.23999999463558197,2,2.5999999046325684,7.399999618530273,,160,-61,80.0827582,13.0471305
1790334847152260600,72.56326049804687,,1.5,0.36000001430511475,2,2.5,7.759999752044678,,152,-61,80.0827934,13.0470689
1790334848126795800,73.53779565429687,,0.699999988079071,0.25,2,2.4159998893737793,7.75,,144,-62,80.0828368,13.0470062
1790334849123562000,74.53456201171875,,0.699999988079071,0.25,2,2.4159998893737793,8.109999656677246,,137,-61,80.0828839,13.0469483
1790334850139554300,75.55055419921875,,0.699999988079071,0.25,2,2.4159998893737793,8.130000114440918,,131,-61,80.0829379,13.0468956
1790334851124819000,76.53581884765624,,0.6000000238418579,0.27000001072883606,2,2.4159998893737793,8.130000114440918,,123,-60,80.0830045,13.046849
1790334852124516900,77.53551684570313,,0.800000011920929,0.27000001072883606,2,2.4159998893737793,8.220000267028809,,121,-59,80.083071,13.0468134
1790334853152712700,78.56371264648438,,0.699999988079071,0.2800000011920929,2,2.5,8.539999961853027,,109,-58,80.0831444,13.0467834
1790334854112372700,79.52337280273437,,0.699999988079071,0.23999999463558197,2,2.5,8.380000114440918,,104,-58,80.0832236,13.0467674
1790334855095926500,80.50692651367187,,0.6000000238418579,0.25999999046325684,2,2.5,9.1899995803833,,97,-58,80.0833048,13.0467571
1790334856126471400,81.53747143554688,,0.6000000238418579,0.20000000298023224,2,2.5,8.979999542236328,,87,-58,80.0833922,13.0467529
1790334857136592600,82.54759252929688,,0.800000011920929,0.27000001072883606,2,2.5,9.019999504089355,,81,-57,80.0834723,13.0467607
1790334858123664100,83.5346640625,,0.800000011920929,0.2800000011920929,2,2.5,9.039999961853027,,72,-57,80.0835582,13.0467808
1790334859165231000,84.57623120117188,,0.699999988079071,0.28999999165534973,2,2.5,8.09999942779541,,62,-57,80.0836325,13.0468121
1790334860116808400,85.52780834960937,,0.8999999761581421,0.25999999046325684,2,2.5,7.440000057220459,,55,-57,80.083691,13.0468526
1790334861166570200,86.5775703125,,0.699999988079071,0.1899999976158142,2,2.5,6.799999713897705,,52,-56,80.0837397,13.0468862
1790334862134451700,87.54545166015625,,0.800000011920929,0.20999999344348907,2,2.5,6.230000019073486,,46,-56,80.0837857,13.0469259
1790334863131668700,88.54266870117188,,0.699999988079071,0.1899999976158142,2,2.5,5.96999979019165,,42,-56,80.0838231,13.0469621
1790334864141836300,89.55283618164063,,1,0.23000000417232513,2,2.4159998893737793,6.109999656677246,,36,-55,80.0838594,13.047002
1790334865149253000,90.56025317382813,,0.699999988079071,0.1899999976158142,2,2.299999952316284,6.279999732971191,,32,-55,80.083892,13.0470468
1790334866155606500,91.5666064453125,,0.699999988079071,0.1899999976158142,2,2.25,6.299999713897705,,29,-55,80.0839229,13.047098
1790334867140686800,92.55168676757812,,0.800000011920929,0.23999999463558197,2,2.0999999046325684,6.649999618530273,,22,-54,80.0839487,13.0471558
1790334868105326800,93.51632690429688,,0.8999999761581421,0.2199999988079071,2,2.0829999446868896,6.789999961853027,,14,-54,80.0839708,13.0472182
1790334869143330300,94.55433032226563,,1.2999999523162842,0.30000001192092896,2,2.0999999046325684,6.730000019073486,,10,-54,80.0839822,13.0472775
1790334870074179600,95.4851796875,,1.2000000476837158,0.25,2,2.1659998893737793,6.579999923706055,,8,-54,80.0839907,13.0473395
1790334871118592300,96.52959228515626,,0.8999999761581421,0.23000000417232513,2,2.25,6.269999980926514,,0,-54,80.0839915,13.0473968
1790334872154589400,97.56558935546875,,1,0.27000001072883606,2,2.299999952316284,6.619999885559082,,355,-54,80.0839868,13.0474534
1790334873107245300,98.51824536132813,,0.8999999761581421,0.23999999463558197,2,2.4000000953674316,6.960000038146973,,351,-54,80.0839792,13.047512
1790334874136655600,99.54765551757812,,0.699999988079071,0.1899999976158142,2,2.4159998893737793,6.980000019073486,,349,-53,80.0839661,13.0475754
1790334875114716700,100.52571655273438,,0.800000011920929,0.2199999988079071,2,2.4000000953674316,7.309999942779541,,347,-53,80.0839552,13.0476417
1790334876146641000,101.55764086914063,,0.699999988079071,0.25999999046325684,2,2.4000000953674316,7.96999979019165,,346,-52,80.0839419,13.0477126
1790334877137037300,102.54803735351562,,0.6000000238418579,0.23000000417232513,2,2.4159998893737793,8.09999942779541,,346,-52,80.0839252,13.0477804
1790334878151239200,103.5622392578125,,1,0.33000001311302185,2,2.5,8.229999542236328,,344,-51,80.0839014,13.0478539
1790334879153122800,104.56412280273437,,0.8999999761581421,0.3400000035762787,2,2.5,9.1899995803833,,345,-51,80.0838817,13.047934
1790334880113370400,105.52437036132812,,0.800000011920929,0.30000001192092896,2,2.5,9.239999771118164,,345,-50,80.0838601,13.0480213
1790334881126456300,106.53745629882812,,1.399999976158142,0.41999998688697815,2,2.5,9.460000038146973,,340,-50,80.0838297,13.0481072
1790334882151912700,107.56291259765625,,0.800000011920929,0.3700000047683716,2,2.5999999046325684,10.269999504089355,,339,-50,80.0837885,13.0481997
1790334883125822500,108.53682250976563,,0.6000000238418579,0.23999999463558197,2,2.5829999446868896,10.912125587463379,,337.00311279296875,-51,80.0837497,13.0482921
1790334884083503900,109.49450390625,,0.699999988079071,0.2800000011920929,2,2.5829999446868896,10.95997142791748,,336.0097961425781,-51,80.0837079,13.0483882
1790334885068689400,110.479689453125,,0.800000011920929,0.3799999952316284,2,2.5829999446868896,11.719701766967773,,333.0242919921875,-51,80.0836651,13.0484837
1790334886090675500,111.50167553710938,,0.800000011920929,0.3799999952316284,2,2.5829999446868896,11.808798789978027,,332.0163879394531,-52,80.0836148,13.0485775
1790334887151247000,112.5622470703125,,1.399999976158142,0.4399999976158142,2,2.6659998893737793,11.659494400024414,,335.879638671875,-52,80.0835663,13.0486795
1790334888145065200,113.55606518554687,,1.2000000476837158,0.5400000214576721,2,2.799999952316284,11.01971435546875,,337.017333984375,-52,80.0835223,13.0487821
1790334889156188000,114.56718798828125,,0.8999999761581421,0.3400000035762787,2,3,10.356589317321777,,338.0079650878906,-52,80.0834883,13.0488747
1790334890083750700,115.49475073242188,,1,0.41999998688697815,2,3.200000047683716,9.109176635742188,,334.1922607421875,-51,80.0834556,13.0489555
1790334891151129000,116.56212915039063,,0.8999999761581421,0.3100000023841858,2,3.299999952316284,8.758991241455078,,330.067138671875,-51,80.0834133,13.049027
1790334892146677800,117.557677734375,,0.6000000238418579,0.23000000417232513,2,3.25,8.355005264282227,,328.0241394042969,-51,80.0833705,13.0490905
1790334893153081300,118.56408129882813,,0.699999988079071,0.2199999988079071,2,3.0999999046325684,8.103153228759766,,324.0367736816406,-51,80.0833299,13.0491505
1790334894146102500,119.5571025390625,,1,0.3199999928474426,2,3.0829999446868896,7.9831695556640625,,321.0569763183594,-52,80.0832854,13.0492043
1790334894726731500,120.1377314453125,,0.8999999761581421,0.2800000011920929,2,3,7.780336856842041,,312.2141418457031,-52,80.0832564,13.049232
1790334896128676900,121.5396767578125,,1.5,0.38999998569488525,2,2.8329999446868896,8.202569007873535,,303.1831359863281,-53,80.0831732,13.0492881
1790334897126008000,122.53700805664063,,0.699999988079071,0.23000000417232513,2,2.75,8.264655113220215,,295.0579833984375,-54,80.0831061,13.0493206
1790334898108241000,123.51924096679687,,0.5,0.2199999988079071,2,2.6659998893737793,8.562255859375,,288.034912109375,-53,80.0830339,13.0493488
1790334899072647700,124.48364770507813,,0.6000000238418579,0.23999999463558197,2,2.6659998893737793,8.487857818603516,,282.0226135253906,-54,80.0829584,13.0493673
1790334900072864300,125.4838642578125,,1.100000023841858,0.33000001311302185,2,2.5,8.823869705200195,,273.0805969238281,-54,80.0828774,13.0493767
1790334901080083200,126.49108325195313,,1.2000000476837158,0.3799999952316284,2,2.5,9.002310752868652,,264.0949401855469,-54,80.0827955,13.0493723
1790334902088556800,127.49955688476562,,1,0.3100000023841858,2,2.5,8.885011672973633,,259.0466003417969,-54,80.0827155,13.0493571
1790334903103009500,128.51400952148438,,1,0.33000001311302185,2,2.5,8.629554748535156,,256.0382995605469,-54,80.0826377,13.0493368
1790334904148379600,129.55937963867189,,1.100000023841858,0.28999999165534973,2,2.5,8.534247398376465,,241.1992950439453,-55,80.0825661,13.0493084
1790334905107344400,130.51834448242187,,1,0.3400000035762787,2,2.5,9.048541069030762,,230.21385192871094,-55,80.0825057,13.0492638
1790334906141836300,131.55283618164063,,0.699999988079071,0.30000001192092896,2,2.5,9.382939338684082,,223.10435485839844,-55,80.0824498,13.0492042
1790334907143880400,132.55488037109376,,0.6000000238418579,0.25999999046325684,2,2.5,9.307109832763672,,216.07650756835938,-56,80.0823935,13.0491356
1790334908155692000,133.56669213867187,,0.800000011920929,0.2800000011920929,2,2.5,9.22935676574707,,213.0377197265625,-56,80.0823401,13.0490596
1790334909136566500,134.54756640625,,1.7000000476837158,0.49000000953674316,2,2.5,9.192474365234375,,200.4402313232422,-56,80.0823011,13.0489851
1790334910104524000,135.51552392578125,,1.5,0.4399999976158142,2,2.5,9.213746070861816,,192.18101501464844,-57,80.0822864,13.0489088
1790334911118478800,136.52947875976562,,1.600000023841858,0.41999998688697815,2,2.5,9.601568222045898,,182.2089385986328,-57,80.0822778,13.0488209
1790334912133539800,137.5445397949219,,1.399999976158142,0.3199999928474426,2,2.5,9.414535522460938,,174.13233947753906,-57,80.0822803,13.0487332
1790334913112333300,138.52333325195312,,0.699999988079071,0.28999999165534973,2,2.5,9.052295684814453,,166.059814453125,-57,80.0822924,13.0486461
1790334914116232400,139.527232421875,,0.5,0.23999999463558197,2,2.5,8.856553077697754,,157.05584716796875,-58,80.0823163,13.048567
1790334915075548400,140.48654833984375,,1,0.3499999940395355,2,2.5,8.417315483093262,,150.1545867919922,-58,80.0823479,13.048498
1790334916111638800,141.522638671875,,2.5,0.6899999976158142,2,2.5,7.427154064178467,,144.61476135253906,-59,80.0823875,13.0484333
1790334917114771700,142.52577172851562,,1.600000023841858,0.4000000059604645,2,2.5829999446868896,6.57144021987915,,136.25973510742188,-60,80.0824287,13.0483848
1790334918158105000,143.56910498046875,,2.4000000953674316,0.49000000953674316,2,2.700000047683716,6.145727634429932,,131.22157287597656,-60,80.0824729,13.0483434
1790334919173280800,144.58428076171876,,2.5999999046325684,0.5600000023841858,2,2.799999952316284,7.063350677490234,,122.50533294677734,-60,80.0825255,13.0483089
1790334920136479700,145.5474797363281,,2.5999999046325684,0.550000011920929,2,2.9000000953674316,6.448666095733643,,116.23650360107422,-61,80.0825861,13.0482787
1790334921144635600,146.5556357421875,,1.2000000476837158,0.4000000059604645,2,3.0999999046325684,6.485018730163574,,113.0538558959961,-60,80.0826455,13.0482557
1790334922138998300,147.5499982910156,,2.4000000953674316,0.6399999856948853,2,3.299999952316284,6.5689873695373535,,106.275390625,-60,80.0827033,13.0482348
1790334923154791200,148.56579125976563,,1.7999999523162842,0.49000000953674316,3,3.4159998893737793,6.747994422912598,,98.13590240478516,-60,80.0827656,13.0482218
1790334924156570600,149.56757055664062,,1.7999999523162842,0.44999998807907104,2,3.5,6.255160808563232,,92.06979370117188,-60,80.0828247,13.0482245
1790334925161804300,150.57280419921875,,2,0.38999998569488525,2,3.700000047683716,6.115780830383301,,84.11917877197266,-59,80.0828758,13.0482313
1790334926092300300,151.50330029296876,,1.2999999523162842,0.3100000023841858,3,3.75,6.276273250579834,,81.01811218261719,-59,80.0829323,13.0482461
1790334927170801200,152.58180126953124,,1.600000023841858,0.3499999940395355,3,3.799999952316284,6.096392631530762,,80.01715087890625,-57,80.0830007,13.048264
1790334928141267700,153.55226782226563,,1.2999999523162842,0.30000001192092896,2,3.75,5.866422176361084,,79.01593017578125,-56,80.0830577,13.048288
1790334929151272400,154.5622724609375,,1.7000000476837158,0.4300000071525574,2,3.6659998893737793,5.452582359313965,,77.06610870361328,-54,80.0831108,13.0483076
1790334930144579000,155.5555791015625,,1.600000023841858,0.25999999046325684,2,3.6659998893737793,4.487959861755371,,73.0770492553711,-54,80.0831523,13.0483265
1790334931074192400,156.4851923828125,,1.5,0.23999999463558197,2,3.5829999446868896,4.155843734741211,,71.03126525878906,-53,80.0831946,13.0483421
1790334932130213000,157.54121313476563,,1.7999999523162842,0.27000001072883606,2,3.4159998893737793,3.609786033630371,,70.04497528076172,-52,80.0832282,13.0483515
1790334933151920400,158.56292041015624,,1.600000023841858,0.2199999988079071,2,3.200000047683716,3.432253122329712,,69.01424407958984,-52,80.083257,13.0483607
1790334934124461600,159.5354616699219,,2.799999952316284,0.3199999928474426,2,3.25,3.0691394805908203,,71.01446533203125,-52,80.083286,13.0483625
1790334935137886000,160.54888598632812,,2.9000000953674316,0.3199999928474426,2,3.25,3.0807318687438965,,67.05072021484375,-53,80.0833121,13.0483662
1790334936138836000,161.5498359375,,2.4000000953674316,0.33000001311302185,3,3.4000000953674316,3.1775031089782715,,66.98873138427734,-53,80.0833349,13.0483738
1790334937154824400,162.56582446289062,,2.4000000953674316,0.3100000023841858,2,3.5,3.2878401279449463,,66.00068664550781,-54,80.0833612,13.0483813
1790334938141657600,163.55265771484375,,2.299999952316284,0.33000001311302185,2,3.5,3.6891016960144043,,66.94792175292969,-54,80.0833941,13.0483939
1790334939162908400,164.57390844726564,,1.899999976158142,0.28999999165534973,2,3.5999999046325684,3.709941864013672,,66.00817108154297,-55,80.0834319,13.048408
1790334940146994400,165.55799438476564,,2.700000047683716,0.3700000047683716,3,3.700000047683716,3.6339824199676514,,62.09001541137695,-54,80.0834634,13.0484212
1790334941145410300,166.55641040039063,,3,0.3799999952316284,3,3.700000047683716,3.5246856212615967,,56.158302307128906,-54,80.0834927,13.0484359
1790334942146275600,167.55727563476563,,2.5999999046325684,0.28999999165534973,3,3.75,3.3228530883789062,,58.9703254699707,-53,80.0835133,13.0484534
1790334943130424600,168.5414245605469,,1.7000000476837158,0.23999999463558197,3,3.8329999446868896,3.3988754749298096,,59.9874267578125,-53,80.0835391,13.0484657
1790334944158331000,169.5693308105469,,2.9000000953674316,0.33000001311302185,3,3.9159998893737793,3.2404704093933105,,67.89832305908203,-53,80.0835647,13.0484795
1790334945104836600,170.51583666992187,,2.700000047683716,0.36000001430511475,3,4,2.7833404541015625,,73.00904846191406,-53,80.0835886,13.0484863
1790334946141273600,171.55227368164063,,3.5,0.4699999988079071,3,4.083000183105469,2.600308418273926,,72.0699691772461,-53,80.0836093,13.0484933
1790334947148779500,172.55977954101562,,4,0.3700000047683716,3,4.199999809265137,2.4747955799102783,,70.05392456054688,-54,80.0836318,13.0485044
1790334948163189500,173.574189453125,,3.9000000953674316,0.6399999856948853,3,4.300000190734863,3.130723476409912,,67.75914764404297,-55,80.0836582,13.0485156
1790334949155126500,174.56612646484376,,3.799999952316284,0.47999998927116394,3,4.415999889373779,3.8734636306762695,,64.96340942382812,-55,80.0836927,13.0485287
1790334950147581000,175.55858081054689,,3.5,0.49000000953674316,3,4.800000190734863,4.243329048156738,,61.08281707763672,-55,80.0837324,13.0485467
1790334951157008100,176.56800805664062,,1.7999999523162842,0.3499999940395355,3,4.900000095367432,4.552594184875488,,60.97833251953125,-55,80.083779,13.0485626
1790334952157646600,177.568646484375,,2.0999999046325684,0.3799999952316284,3,4.800000190734863,4.750473499298096,,64.90693664550781,-55,80.083818,13.0485716
1790334953144155400,178.5551552734375,,2,0.38999998569488525,3,4.665999889373779,5.649824142456055,,62.9656982421875,-54,80.0838555,13.0485846
1790334954082559000,179.49355908203125,,2.200000047683716,0.49000000953674316,3,4.583000183105469,5.250810623168945,,64.02881622314453,-54,80.0838984,13.0485971
1790334955153117400,180.56411743164062,,2.799999952316284,0.6899999976158142,3,4.199999809265137,5.2466630935668945,,68.78804779052734,-55,80.0839482,13.0486107
1790334956146659600,181.55765966796875,,2.200000047683716,0.4399999976158142,3,4.25,5.267210006713867,,70.95464324951172,-56,80.083997,13.048623
1790334957144897300,182.55589721679686,,5.099999904632568,1.090000033378601,3,4.25,5.166240692138672,,71.9657211303711,-56,80.0840531,13.0486409
1790334958139386600,183.55038671875,,4.400000095367432,0.6700000166893005,3,4.415999889373779,4.991582870483398,,70.14674377441406,-56,80.0841041,13.0486601
1790334959143591400,184.55459130859376,,2.799999952316284,0.4099999964237213,3,4.699999809265137,4.614124774932861,,73.95523071289062,-56,80.0841619,13.0486801
1790334960133126400,185.54412646484374,,1.2999999523162842,0.36000001430511475,3,4.583000183105469,4.754763603210449,,74.9800033569336,-54,80.0842116,13.0486853
1790334961118868000,186.52986791992188,,1.7999999523162842,0.3700000047683716,3,4.5,5.842158794403076,,82.88650512695312,-54,80.0842697,13.0486882
1790334962148853500,187.559853515625,,1,0.3199999928474426,3,4.199999809265137,6.580445766448975,,79.98761749267578,-54,80.084333,13.0486885
1790334963149420000,188.560419921875,,1.899999976158142,0.44999998807907104,2,3.799999952316284,7.399648189544678,,74.06758880615234,-52,80.0843965,13.0486942
1790334964149738800,189.56073876953124,,0.6000000238418579,0.23000000417232513,2,3.4000000953674316,7.461289882659912,,71.05308532714844,-52,80.0844636,13.0487079
1790334965156862000,190.56786206054687,,0.6000000238418579,0.2800000011920929,2,3.200000047683716,8.302266120910645,,72.81930541992188,-52,80.084538,13.0487304
1790334966110150400,191.521150390625,,0.6000000238418579,0.2800000011920929,2,3.1659998893737793,8.783537864685059,,74.878173828125,-52,80.0846215,13.0487519
1790334967155232800,192.56623266601562,,0.5,0.2199999988079071,2,2.9000000953674316,9.384507179260254,,74.95475769042969,-53,80.084703,13.0487686
1790334968137001700,193.54800170898437,,0.4000000059604645,0.18000000715255737,2,2.9159998893737793,9.659748077392578,,73.99723052978516,-52,80.084793,13.0487867
1790334969114661600,194.52566162109375,,0.4000000059604645,0.2199999988079071,2,2.8329999446868896,9.725800514221191,,73.99435424804688,-52,80.0848848,13.0488067
1790334970143502300,195.55450244140624,,0.4000000059604645,0.25,2,2.75,9.983351707458496,,75.94304656982422,-52,80.0849782,13.048826
1790334971147747600,196.55874755859375,,0.4000000059604645,0.23000000417232513,2,2.5999999046325684,10.188504219055176,,74.99840545654297,-53,80.0850684,13.0488463
1790334972161169400,197.57216943359376,,0.4000000059604645,0.20999999344348907,2,2.5999999046325684,10.509554862976074,,75.96638488769531,-54,80.0851622,13.0488695
1790334973135501300,198.54650122070314,,0.4000000059604645,0.20999999344348907,2,2.5829999446868896,10.79073715209961,,76.9687728881836,-54,80.0852603,13.048893
1790334974146276400,199.5572763671875,,0.20000000298023224,0.15000000596046448,2,2.5,10.877382278442383,,76.99710845947266,-55,80.0853583,13.0489168
1790334975142713000,200.55371313476562,,0.30000001192092896,0.18000000715255737,2,2.5,11.02025318145752,,78.97777557373047,-55,80.0854599,13.0489347
1790334976093196500,201.50419653320313,,0.30000001192092896,0.23000000417232513,2,2.5,11.147555351257324,,79.9817123413086,-55,80.0855618,13.0489503
1790334977144279300,202.555279296875,,0.4000000059604645,0.20000000298023224,2,2.5,11.139017105102539,,80.9889144897461,-55,80.085668,13.0489643
1790334978152387800,203.56338793945312,,0.4000000059604645,0.20000000298023224,2,2.5,11.016851425170898,,81.00444793701172,-55,80.0857706,13.0489751
1790334979143982000,204.5549821777344,,0.5,0.25,2,2.4159998893737793,10.447391510009766,,82.99695587158203,-55,80.0858663,13.0489851
1790334980159679700,205.5706796875,,0.5,0.23999999463558197,2,2.299999952316284,10.079155921936035,,83.01681518554688,-54,80.0859589,13.048992
1790334981146230500,206.55723046875,,0.4000000059604645,0.20000000298023224,2,2.299999952316284,9.797028541564941,,82.02063751220703,-54,80.0860485,13.0490028
1790334982086091800,207.497091796875,,0.5,0.20000000298023224,2,2.3329999446868896,9.56418514251709,,82.00963592529297,-53,80.0861376,13.0490165
1790334983076304600,208.4873046875,,0.6000000238418579,0.2199999988079071,2,2.3329999446868896,9.317296028137207,,82.01151275634766,-53,80.0862266,13.0490288
1790334984092716000,209.50371606445313,,0.6000000238418579,0.25999999046325684,2,2.3329999446868896,8.877479553222656,,84.97543334960938,-54,80.0863099,13.0490334
1790334985071411500,210.48241137695314,,0.5,0.18000000715255737,2,2.4159998893737793,8.802997589111328,,85.99134826660156,-54,80.0863891,13.0490332
1790334986074972700,211.48597265625,,0.5,0.23000000417232513,2,2.5,8.772358894348145,,86.00086212158203,-54,80.0864683,13.0490347
1790334987072475100,212.48347509765625,,0.6000000238418579,0.23999999463558197,2,2.5,8.623082160949707,,85.0196533203125,-54,80.0865443,13.0490367
1790334988106448100,213.5174482421875,,1.100000023841858,0.30000001192092896,2,2.5,8.373992919921875,,82.14250946044922,-53,80.0866213,13.0490408
1790334989106692400,214.5176923828125,,1.2000000476837158,0.3499999940395355,2,2.5,8.315613746643066,,83.91828155517578,-53,80.086695,13.0490477
1790334990141510400,215.55251049804687,,1.100000023841858,0.33000001311302185,2,2.5,8.231399536132812,,84.00297546386719,-52,80.0867699,13.0490518
1790334991137802200,216.54880224609374,,1.2000000476837158,0.3499999940395355,2,2.5,8.250399589538574,,82.09259796142578,-53,80.086843,13.0490573
1790334992113529900,217.52452978515626,,0.699999988079071,0.25999999046325684,2,2.5,8.250139236450195,,82.00173950195312,-53,80.0869163,13.0490645
1790334993077272000,218.48827197265626,,0.6000000238418579,0.20999999344348907,2,2.5,8.146535873413086,,82.00513458251953,-53,80.0869896,13.0490706
1790334994086182400,219.49718237304688,,0.4000000059604645,0.15000000596046448,2,2.5,8.120820045471191,,82.00070190429688,-53,80.0870652,13.0490767
1790334995074627800,220.4856279296875,,0.699999988079071,0.2199999988079071,2,2.5,8.188705444335938,,79.05256652832031,-53,80.08714,13.0490855
1790334996071124200,221.48212426757811,,0.5,0.23999999463558197,2,2.4159998893737793,8.210366249084473,,78.01276397705078,-52,80.0872183,13.0490983
1790334997142122000,222.5531220703125,,0.8999999761581421,0.28999999165534973,2,2.4000000953674316,8.307236671447754,,78.96023559570312,-52,80.087294,13.0491117
1790334998081000700,223.49200073242187,,0.699999988079071,0.23000000417232513,2,2.299999952316284,8.264662742614746,,78.0239486694336,-52,80.0873682,13.0491257
1790334999110842400,224.52184228515625,,0.4000000059604645,0.18000000715255737,2,2.299999952316284,8.509626388549805,,77.9879150390625,-52,80.0874449,13.0491396
1790335000105638000,225.51663793945312,,0.5,0.1899999976158142,2,2.200000047683716,8.73024845123291,,77.00010681152344,-52,80.0875221,13.0491567
1790335001118699800,226.52969970703126,,0.5,0.20000000298023224,1,2.200000047683716,8.813971519470215,,77.9820327758789,-52,80.0876006,13.0491716
1790335002128780300,227.5397802734375,,0.5,0.2199999988079071,1,2.1659998893737793,9.043055534362793,,78.9710464477539,-52,80.0876823,13.0491858
1790335003091059500,228.5020595703125,,0.5,0.2199999988079071,1,2.0999999046325684,9.219700813293457,,78.00216674804688,-52,80.0877651,13.0492018
1790335004101320400,229.51232055664062,,0.699999988079071,0.25,2,2.0829999446868896,9.349084854125977,,77.9899673461914,-52,80.0878505,13.0492218
1790335005119636000,230.53063598632812,,0.5,0.23999999463558197,1,2,9.538000106811523,,76.00369262695312,-52,80.0879379,13.0492385
1790335006146663000,231.55766284179688,,0.5,0.25,2,2,10.120967864990234,,74.99262237548828,-52,80.0880266,13.0492615
1790335007146581200,232.55758129882813,,0.5,0.2199999988079071,2,2,10.387011528015137,,74.00009155273438,-53,80.0881183,13.0492864
1790335008100002800,233.5110029296875,,0.30000001192092896,0.17000000178813934,1,2,10.578112602233887,,74.99617767333984,-53,80.0882134,13.049313
1790335009141623600,234.55262353515624,,0.4000000059604645,0.23999999463558197,1,2,10.383484840393066,,74.00743103027344,-52,80.0883132,13.0493382
1790335010095499800,235.50649975585938,,0.5,0.2199999988079071,1,2,9.659428596496582,,75.00791931152344,-52,80.0884017,13.0493614
1790335011117213700,236.52821362304687,,0.4000000059604645,0.20999999344348907,1,2,9.324633598327637,,73.01204681396484,-52,80.0884885,13.0493801
1790335012143730400,237.55473046875,,0.30000001192092896,0.17000000178813934,1,2,9.449088096618652,,72.9986572265625,-52,80.088573,13.0494019
1790335013148819500,238.5598193359375,,0.5,0.20000000298023224,1,2,9.45949935913086,,73.996337890625,-53,80.0886567,13.0494229
1790335014138130400,239.54913037109375,,0.30000001192092896,0.18000000715255737,1,2,9.678095817565918,,73.99732971191406,-53,80.0887393,13.0494431
1790335015129039000,240.5400390625,,0.30000001192092896,0.17000000178813934,1,2,9.89828872680664,,73.99769592285156,-53,80.0888275,13.049465
1790335016132644600,241.54364453125,,0.4000000059604645,0.1899999976158142,1,2,9.959033012390137,,74.9966049194336,-53,80.0889159,13.0494887
1790335017140394000,242.55139404296875,,0.30000001192092896,0.1599999964237213,1,2,10.15861988067627,,74.9983139038086,-53,80.0890031,13.0495102
1790335018125640400,243.53664038085938,,0.5,0.23000000417232513,1,2,10.16152572631836,,72.0142593383789,-53,80.0890951,13.0495324
1790335019096115000,244.50711499023438,,0.4000000059604645,0.1899999976158142,1,2,10.030876159667969,,72.99860382080078,-54,80.089185,13.0495534
1790335020083238000,245.49423779296876,,0.4000000059604645,0.17000000178813934,1,2,10.12861442565918,,74.99415588378906,-54,80.0892764,13.0495749
1790335021137190700,246.54819067382812,,0.30000001192092896,0.17000000178813934,1,2,10.268953323364258,,74.99871826171875,-54,80.0893726,13.049597
1790335022131284500,247.54228442382814,,0.30000001192092896,0.18000000715255737,1,2,10.428587913513184,,74.99828338623047,-54,80.0894643,13.0496185
1790335023161053000,248.57205297851561,,0.30000001192092896,0.15000000596046448,1,2,10.549280166625977,,74.99918365478516,-54,80.0895601,13.0496414
1790335024140203300,249.55120336914064,,0.20000000298023224,0.14000000059604645,1,2,10.649691581726074,,74.00052642822266,-55,80.0896546,13.0496693
1790335025141579800,250.55257983398437,,0.30000001192092896,0.18000000715255737,1,2,10.491022109985352,,74.99958801269531,-56,80.0897508,13.0496982
1790335026156728800,251.56772875976563,,0.6000000238418579,0.25,2,2,10.32228946685791,,75.99762725830078,-56,80.0898469,13.04972
1790335027136255500,252.54725537109374,,0.4000000059604645,0.20000000298023224,2,2.0999999046325684,9.973542213439941,,77.0015869140625,-56,80.0899359,13.0497404
1790335028109756200,253.52075610351562,,0.5,0.23999999463558197,2,2.1659998893737793,9.674925804138184,,77.0054702758789,-57,80.0900207,13.0497589
1790335029142899500,254.5538994140625,,0.4000000059604645,0.20000000298023224,2,2.299999952316284,9.52164077758789,,77.00189208984375,-57,80.0901075,13.0497767
1790335030099631400,255.51063134765624,,0.8999999761581421,0.30000001192092896,2,2.3329999446868896,9.258244514465332,,75.02694702148438,-57,80.0901908,13.0498
1790335031158732500,256.5697326660156,,0.8999999761581421,0.25,2,2.5999999046325684,9.091504096984863,,77.98136138916016,-57,80.0902729,13.0498238
1790335032145609700,257.5566096191406,,0.699999988079071,0.25999999046325684,2,2.700000047683716,8.745817184448242,,79.9966049194336,-57,80.0903515,13.0498389
1790335033150662100,258.561662109375,,0.6000000238418579,0.20000000298023224,2,2.799999952316284,8.670866012573242,,80.00074768066406,-57,80.0904332,13.0498532
1790335034156485400,259.5674853515625,,0.4000000059604645,0.20000000298023224,2,2.9000000953674316,8.551382064819336,,80.00142669677734,-56,80.090517,13.0498681
1790335035152701400,260.56370141601565,,0.800000011920929,0.25999999046325684,2,3,8.206811904907227,,80.00643157958984,-56,80.0905997,13.0498813
1790335036084782800,261.49578295898436,,0.6000000238418579,0.23999999463558197,2,3,7.964315891265869,,80.00462341308594,-56,80.090673,13.0498895
1790335037126960600,262.53796069335937,,0.699999988079071,0.2199999988079071,2,3,7.644292831420898,,80.00444030761719,-56,80.0907471,13.0499002
1790335038142717700,263.5537177734375,,0.800000011920929,0.2800000011920929,2,3,7.4933624267578125,,80.00373840332031,-55,80.0908167,13.0499139
1790335039158342400,264.56934228515627,,1.2000000476837158,0.33000001311302185,2,3,7.12187385559082,,79.02205657958984,-55,80.0908845,13.0499254
1790335040148030700,265.55903076171876,,0.8999999761581421,0.27000001072883606,2,3,7.129454612731934,,79.9949722290039,-55,80.0909473,13.0499348
1790335041169120000,266.5801201171875,,0.8999999761581421,0.2800000011920929,2,3,6.856658935546875,,78.01871490478516,-55,80.0910086,13.0499406
1790335042136464600,267.5474645996094,,0.8999999761581421,0.27000001072883606,2,3,6.830538272857666,,78.00083923339844,-55,80.0910656,13.0499512
1790335043117493500,268.52849340820313,,2,0.46000000834465027,2,3.0829999446868896,5.471480846405029,,81.06005096435547,-55,80.091121,13.0499574
1790335044128107000,269.53910693359376,,2.0999999046325684,0.4699999988079071,2,3.1659998893737793,4.451333522796631,,83.06180572509766,-55,80.0911618,13.0499609
1790335045165280800,270.57628076171875,,3.200000047683716,0.4300000071525574,2,3.299999952316284,3.1741693019866943,,85.05712890625,-55,80.0911926,13.0499627
1790335046148981000,271.55998095703126,,2.299999952316284,0.2800000011920929,2,3.3329999446868896,3.0624799728393555,,85.00346374511719,-55,80.091216,13.0499635
1790335047080956400,272.49195629882814,,2.0999999046325684,0.41999998688697815,2,3.5,3.569999933242798,,83,-55,80.0912436,13.0499648
1790335048082940400,273.4939404296875,,2.200000047683716,0.3700000047683716,2,3.6659998893737793,4.309999942779541,,82,-55,80.0912788,13.0499702
1790335049094223400,274.5052233886719,,1.100000023841858,0.30000001192092896,2,3.6659998893737793,5.480000019073486,,79,-54,80.0913207,13.0499804
1790335050147598600,275.5585986328125,,1,0.30000001192092896,1.0151560306549072,3.75,5.900000095367432,,78,-50.20000076293945,80.091375,13.0499912
1790335051154194700,276.5651945800781,,1.2999999523162842,0.27000001072883606,1.0252219438552856,3.9000000953674316,6.25,,78,-50.20000076293945,80.0914344,13.050006
1790335052162897200,277.57389721679687,,1.2999999523162842,0.36000001430511475,1.0353089570999146,3.799999952316284,6.489999771118164,,80,-50.20000076293945,80.091498,13.0500237
1790335053139695400,278.5506953125,,1.2000000476837158,0.30000001192092896,1.0450769662857056,3.799999952316284,6.539999961853027,,79,-50.20000076293945,80.0915578,13.0500357
1790335054139062300,279.55006225585936,,1,0.33000001311302185,1.0550706386566162,3.9000000953674316,6.089999675750732,,78,-50.20000076293945,80.0916174,13.0500446
1790335055147699500,280.5586994628906,,1.7000000476837158,0.41999998688697815,1.0651569366455078,3.799999952316284,5.929999828338623,,78,-50.20000076293945,80.0916704,13.0500551
1790335056165202400,281.5762023925781,,1.399999976158142,0.3400000035762787,1.0753320455551147,3.799999952316284,5.769999980926514,,78,-50.20000076293945,80.0917254,13.0500592
1790335057084797700,282.4957976074219,,1.899999976158142,0.41999998688697815,1.0845279693603516,3.75,5.150000095367432,,75,-50.20000076293945,80.0917861,13.0500601
1790335058104655400,283.5156552734375,,1.100000023841858,0.2800000011920929,1.0947265625,3.8329999446868896,4.909999847412109,,74,-50.20000076293945,80.0918312,13.0500727
1790335059148333300,284.55933325195315,,1.2999999523162842,0.27000001072883606,1.105163335800171,3.700000047683716,4.670000076293945,,74,-50.20000076293945,80.0918699,13.0500894
1790335060164258000,285.5752580566406,,1.899999976158142,0.36000001430511475,1.1153225898742676,3.700000047683716,4.679999828338623,,74,-50.20000076293945,80.0919109,13.0501049
1790335061165268200,286.5762683105469,,1.5,0.28999999165534973,1.1253327131271362,3.5999999046325684,4.579999923706055,,74,-50.20000076293945,80.0919501,13.0501153
1790335062091795700,287.50279565429685,,1.2999999523162842,0.28999999165534973,1.1345980167388916,3.5999999046325684,4.679999828338623,,75,-50.20000076293945,80.0919952,13.0501264
1790335063160265500,288.57126538085936,,2.700000047683716,0.4099999964237213,1.1452826261520386,3.5,3.8399999141693115,,68,-50.20000076293945,80.0920253,13.0501406
1790335063939000000,289.35,,0,0,1,8.690999984741211,0,,0,-50.80000305175781,80.0920253,13.0501406
1790335064095146200,289.5061462402344,,2.799999952316284,0.36000001430511475,1.0015614032745361,8.020999908447266,3.2699999809265137,,68,-50.80000305175781,80.0920476,13.0501595
1790335065148833000,290.5598330078125,,2,0.2800000011920929,1.0120983123779297,8.092000007629395,2.9800000190734863,,68,-50.80000305175781,80.0920699,13.0501764
1790335066154462000,291.5654619140625,,1.7999999523162842,0.25999999046325684,1.0221545696258545,8.163999557495117,3.0299999713897705,,66,-50.80000305175781,80.0920956,13.0501837
1790335067146471700,292.5574716796875,,2.0999999046325684,0.2800000011920929,1.0320746898651123,9.02400016784668,3.2300000190734863,,69,-50.80000305175781,80.0921149,13.0501983
1790335068155129000,293.5661291503906,,2,0.27000001072883606,1.0421613454818726,8.307000160217285,3.3299999237060547,,65,-50.80000305175781,80.0921435,13.050214
1790335069159916000,294.570916015625,,1.899999976158142,0.38999998569488525,1.0522091388702393,4.099999904632568,4.059999942779541,,71,-50.80000305175781,80.092177,13.0502365
1790335070099737300,295.5107373046875,,2,0.3100000023841858,1.0616073608398438,4,3.7699999809265137,,76,-50.80000305175781,80.0922118,13.0502567
1790335071135401500,296.5464013671875,,1.600000023841858,0.28999999165534973,1.0719640254974365,4,3.43999981880188,,76,-50.80000305175781,80.0922462,13.050267
1790335072154531800,297.56553173828127,,2.5999999046325684,0.33000001311302185,1.0821553468704224,4,3.049999952316284,,73,-50.80000305175781,80.0922773,13.0502781
1790335073148046800,298.559046875,,2.799999952316284,0.3400000035762787,1.0920904874801636,4,3.1499998569488525,,68,-50.80000305175781,80.0923057,13.0502931
1790335074103613000,299.51461303710937,,3.299999952316284,0.4000000059604645,1.1016461849212646,4.083000183105469,2.799999952316284,,60,-50.80000305175781,80.0923318,13.0503081
1790335075141899300,300.5528991699219,,2.5,0.3100000023841858,1.112028956413269,4.099999904632568,2.6599998474121094,,61,-50.80000305175781,80.092357,13.050321
1790335076159354400,301.5703542480469,,2.5,0.30000001192092896,1.1222035884857178,4.199999809265137,2.5799999237060547,,62,-50.80000305175781,80.0923775,13.0503349
1790335077142578000,302.5535778808594,,5.099999904632568,0.3799999952316284,1.132035732269287,4.25,1.3899999856948853,,68,-50.80000305175781,80.0923978,13.0503438
1790335078114185000,303.52518505859376,,5,0.4000000059604645,1.1417518854141235,4.333000183105469,1.7899999618530273,,74,-50.80000305175781,80.0924114,13.0503486
1790335079109838800,304.5208388671875,,3.700000047683716,0.36000001430511475,1.1517083644866943,4.400000095367432,2.1399998664855957,,77,-50.80000305175781,80.092432,13.0503548
1790335080151159600,305.56215966796873,,3.0999999046325684,0.3100000023841858,1.0159616470336914,4.400000095367432,2.0399999618530273,,79,-50.400001525878906,80.0924542,13.0503595
1790335081077098200,306.48809814453125,,3,0.28999999165534973,1.0252209901809692,4.415999889373779,2.059999942779541,,78,-50.400001525878906,80.0924731,13.0503704
1790335082147150800,307.55815087890625,,2.5,0.33000001311302185,1.0359214544296265,4.400000095367432,2.200000047683716,,80,-50.400001525878906,80.0924972,13.0503773
1790335083084417000,308.4954169921875,,2.799999952316284,0.30000001192092896,1.045294165611267,4.415999889373779,1.8399999141693115,,81,-50.400001525878906,80.0925179,13.0503821
1790335084073885000,309.4848850097656,,4.5,0.3700000047683716,1.0551888942718506,4.415999889373779,1.6999999284744263,,85,-50.400001525878906,80.092536,13.0503883
1790335085113979600,310.52497973632813,,8.100000381469727,0.6499999761581421,1.0655897855758667,4.5,0.9599999785423279,,87,-50.400001525878906,80.092549,13.0503888
1790335086073441000,311.48444091796875,,10.199999809265137,0.4300000071525574,1.0751844644546509,4.583000183105469,0.8100000023841858,,74,-50.400001525878906,80.0925592,13.0503908
1790335087100110800,312.51111083984375,,14.899999618530273,0.4099999964237213,1.0854511260986328,4.665999889373779,0.41999998688697815,,71,-50.400001525878906,80.0925616,13.050391
1790335088078511000,313.4895109863281,,20.399999618530273,0.5600000023841858,1.0952351093292236,4.665999889373779,0.28999999165534973,,71,-50.400001525878906,80.0925664,13.0503882
1790335088901000000,314.312,,0,0,1,10.14900016784668,0,,0,-50.400001525878906,80.0925664,13.0503882
1790335089074863600,314.48586352539064,,26.600000381469727,0.5699999928474426,1.0017386674880981,10.14900016784668,0.5299999713897705,,71,-50.400001525878906,80.0925731,13.0503929
1790335090082013700,315.493013671875,,33.29999923706055,1,1.0118101835250854,9.413999557495117,2.4600000381469727,,71,-50.400001525878906,80.0925873,13.0504
1790335091099447800,316.51044775390625,,5.099999904632568,0.4699999988079071,1.0219844579696655,10.232999801635742,2.4800000190734863,,81,-50.400001525878906,80.0926109,13.0504081
1790335092086427100,317.49742724609376,,4.099999904632568,0.44999998807907104,1.031854271888733,9.413999557495117,1.7799999713897705,,86,-50.400001525878906,80.0926406,13.0504028
1790335093091178000,318.50217797851565,,5.099999904632568,0.44999998807907104,1.0419018268585205,10.065999984741211,1.959999918937683,,75,-50.400001525878906,80.0926566,13.0503995
1790335094106291200,319.5172912597656,,5.599999904632568,0.33000001311302185,1.0520528554916382,4.599999904632568,1.409999966621399,,67,-50.400001525878906,80.092668,13.0504017
1790335095078343700,320.48934375,,6.5,0.41999998688697815,1.061773419380188,4.5,1.3299999237060547,,68,-50.400001525878906,80.0926793,13.0504026
1790335096109097700,321.52009765625,,5.300000190734863,0.27000001072883606,1.0720809698104858,4.199999809265137,1,,72,-50.400001525878906,80.0926916,13.0504025
1790335097126752500,322.53775244140627,,5.099999904632568,0.3400000035762787,1.0822575092315674,4.199999809265137,1.2999999523162842,,72,-50.400001525878906,80.0927103,13.0504081
1790335098136182000,323.54718212890623,,7.400000095367432,0.3700000047683716,1.0923517942428589,4.300000190734863,0.8100000023841858,,78,-50.400001525878906,80.0927238,13.0504104
1790335098940000000,324.351,,0,0,1,9.692000389099121,0,,0,-50.400001525878906,80.0927238,13.0504104
1790335099102556700,324.513556640625,,11.800000190734863,0.36000001430511475,1.0016255378723145,8.949999809265137,0.3100000023841858,,81,-50.400001525878906,80.0927343,13.0504119
1790335100112380700,325.5233806152344,,17,0.46000000834465027,1.0117237567901611,9.692000389099121,0.17999999225139618,,84,-50.400001525878906,80.0927393,13.0504143
1790335101119063800,326.53006372070314,,0,0.3799999952316284,1.021790623664856,9.774999618530273,0.08999999612569809,,0,-50.400001525878906,80.0927453,13.0504102
1790335102118165500,327.52916552734376,,29.600000381469727,0.30000001192092896,1.0317816734313965,9.020999908447266,0.17999999225139618,,84,-50.400001525878906,80.0927493,13.050405
1790335103138279400,328.5492795410156,,36.70000076293945,0.36000001430511475,1.0419827699661255,9.774999618530273,0.35999998450279236,,84,-50.400001525878906,80.0927583,13.0503987
1790335104129516800,329.5405168457031,,44.400001525878906,0.4399999976158142,1.0518951416015625,4.300000190734863,0.23999999463558197,,84,-50.400001525878906,80.0927663,13.0503955
1790335105080874500,330.4918745117188,,0,0.46000000834465027,1.0614087581634521,4.333000183105469,0.08999999612569809,,0,-50.400001525878906,80.0927706,13.0503941
1790335106079590100,331.4905900878906,,61.099998474121094,0.46000000834465027,1.0713958740234375,4.415999889373779,0.6800000071525574,,84,-50.400001525878906,80.0927834,13.0503912
1790335107144247600,332.55524755859375,,70.19999694824219,0.49000000953674316,1.0820424556732178,4.400000095367432,0.4399999976158142,,84,-50.400001525878906,80.0927925,13.050388
1790335108077742300,333.4887424316406,,79.5999984741211,0.4000000059604645,1.0913773775100708,4.415999889373779,0.17999999225139618,,84,-50.400001525878906,80.0927963,13.0503873
1790335108132000000,333.543,,0,0,1,4.73799991607666,0,,0,-50.400001525878906,80.0927963,13.0503873
1790335109147145000,334.55814501953125,,89.4000015258789,0.3100000023841858,1.0101515054702759,4.7779998779296875,0.2199999988079071,,84,-50.400001525878906,80.0928013,13.0503858
1790335110147140900,335.55814086914063,,99.5999984741211,0.36000001430511475,1.0201513767242432,4.695000171661377,0.14000000059604645,,84,-50.400001525878906,80.092802,13.0503834
1790335111144053200,336.5550532226562,,0,0.03999999910593033,1.0301204919815063,4.611000061035156,0,,0,-50.400001525878906,80.0928022,13.0503834
1790335112145805300,337.5568054199219,,0,0.019999999552965164,1.0401380062103271,4.611000061035156,0,,0,-50.400001525878906,80.0928022,13.0503834
1790335113138722300,338.54972241210936,,0,0.009999999776482582,1.0500671863555908,4.099999904632568,0,,0,-50.400001525878906,80.0928022,13.0503834
1790335114119421000,339.5304208984375,,0,0.009999999776482582,1.059874176979065,4.083000183105469,0,,0,-50.400001525878906,80.0928022,13.0503834
1790335115126815700,340.5378156738281,,0,0.05000000074505806,1.0699481964111328,4.083000183105469,0,,0,-50.400001525878906,80.0928022,13.0503834
1790335116129738500,341.5407385253906,,0,0.029999999329447746,1.0799773931503296,4.083000183105469,0,,0,-50.400001525878906,80.0928022,13.0503834
1790335117081450200,342.4924501953125,,0,0.009999999776482582,1.0894944667816162,4.083000183105469,0,,0,-50.400001525878906,80.0928022,13.0503834
1790335117375000000,342.786,,0,0,1,5.955999851226807,0,,0,-50.400001525878906,80.0928022,13.0503834
1790335118097050600,343.5080505371094,,0,0.009999999776482582,1.0072205066680908,5.748000144958496,0,,0,-50.400001525878906,80.0928022,13.0503834
1790335119135678200,344.5466782226562,,0,0.03999999910593033,1.0176067352294922,6.039999961853027,0,,0,-50.400001525878906,80.0928022,13.0503834
1790335120127957000,345.53895703125,,0,0.23000000417232513,1.0275295972824097,6.039999961853027,0,,0,-50.400001525878906,80.0928022,13.0503834
1790335121151265500,346.562265625,,0,0.23000000417232513,1.0377626419067383,6.039999961853027,0.03999999910593033,,0,-50.400001525878906,80.0928045,13.0503827
1790335122083193300,347.494193359375,,0,0.009999999776482582,1.0470819473266602,6.039999961853027,0,,0,-50.400001525878906,80.0928044,13.0503826
1790335123124942300,348.5359423828125,,0,0.009999999776482582,1.0574994087219238,4,0,,0,-50.400001525878906,80.0928044,13.0503826
1790335124118883000,349.52988305664064,,0,0.029999999329447746,1.0674388408660889,4,0,,0,-50.400001525878906,80.0928044,13.0503826
1790335125063074000,350.4740739746094,,0,0.009999999776482582,1.076880693435669,4,0,,0,-50.400001525878906,80.0928044,13.0503826
1790335126134419500,351.54541943359374,,0,0.009999999776482582,1.0875941514968872,4,0,,0,-50.400001525878906,80.0928044,13.0503826
1790335126586000000,351.99699975585935,,0,0,1,7.010000228881836,0,,0,-50.30000305175781,80.0928044,13.0503826
1790335127113415400,352.52441552734376,,0,0.009999999776482582,1.0052741765975952,7.010000228881836,0,,0,-50.30000305175781,80.0928044,13.0503826
1790335128106791400,353.51779150390627,,0,0.009999999776482582,1.0152078866958618,6.579999923706055,0,,0,-50.30000305175781,80.0928044,13.0503826
1790335129125071600,354.53607153320314,,0,0.009999999776482582,1.0253907442092896,7.010000228881836,0,,0,-50.30000305175781,80.0928044,13.0503826
1790335130121181000,355.53218090820315,,0,0.009999999776482582,1.0353517532348633,7.010000228881836,0,,0,-50.30000305175781,80.0928044,13.0503826
1790335131127885000,356.53888500976564,,0,0.07000000029802322,1.0454188585281372,6.579999923706055,0,,0,-50.30000305175781,80.0928044,13.0503826
1790335132122758400,357.53375830078124,,0,0.029999999329447746,1.0553675889968872,4,0,,0,-50.30000305175781,80.0928044,13.0503826
1790335133133421600,358.54442163085935,,0,0.009999999776482582,1.065474271774292,4,0,,0,-50.30000305175781,80.0928044,13.0503826
1790335134099651600,359.5106516113281,,0,0.019999999552965164,1.0751365423202515,4,0,,0,-50.30000305175781,80.0928044,13.0503826
1790335135103796200,360.5147961425781,,0,0.3100000023841858,1.085178017616272,4,0,,0,-50.30000305175781,80.0928044,13.0503826
1790335135898000000,361.30899975585936,,0,0,1,9.293999671936035,0,,0,-50.400001525878906,80.0928044,13.0503826
1790335136102793500,361.5137934570312,,0,0.3400000035762787,1.0020478963851929,8.538000106811523,0.09999999403953552,,0,-50.400001525878906,80.0928012,13.0503817
1790335137131297800,362.5422978515625,,110.30000305175781,0.3100000023841858,1.0123330354690552,9.293999671936035,0.23999999463558197,,84,-50.400001525878906,80.0927984,13.050381
1790335138145426200,363.55642626953124,,121.30000305175781,0.3499999940395355,1.0224742889404297,9.293999671936035,0.20999999344348907,,84,-50.400001525878906,80.0927938,13.0503847
1790335139134905300,364.5459052734375,,0,0.23999999463558197,1.0323690176010132,9.293999671936035,0.08999999612569809,,0,-50.400001525878906,80.0927916,13.0503855
1790335140078470000,365.4894699707031,,144.8000030517578,0.3400000035762787,1.0418046712875366,8.538000106811523,0.28999999165534973,,84,-50.400001525878906,80.092792,13.0503867
1790335141102760400,366.51376049804685,,157.1999969482422,0.4099999964237213,1.052047610282898,4,0.4599999785423279,,84,-50.400001525878906,80.0927925,13.0503873
1790335142113610500,367.5246105957031,,170,0.23999999463558197,1.062156081199646,4,0.41999998688697815,,84,-50.400001525878906,80.092795,13.0503885
1790335143147300400,368.55830029296874,,180,0.36000001430511475,1.0724929571151733,4,0.9799999594688416,,84,-50.400001525878906,80.0928004,13.0503947
1790335144125189400,369.536189453125,,180,0.4000000059604645,1.082271933555603,4,1.7599999904632568,,84,-50.400001525878906,80.0928108,13.0504061
1790335145111659800,370.52265966796875,,3.0999999046325684,0.30000001192092896,1.0921366214752197,4,2.3899998664855957,,54,-50.400001525878906,80.0928214,13.0504194
1790335145345000000,370.756,,0,0,1,5.554999828338623,0,,0,-50.400001525878906,80.0928214,13.0504194
1790335146150592500,371.5615925292969,,2.9000000953674316,0.2800000011920929,1.0080559253692627,5.554999828338623,2.450000047683716,,59,-50.400001525878906,80.0928391,13.050431
1790335147128161000,372.5391611328125,,3.5,0.27000001072883606,1.017831563949585,5.554999828338623,2.2899999618530273,,66,-50.400001525878906,80.0928561,13.0504393
1790335148141229600,373.5522294921875,,1.7999999523162842,0.18000000715255737,1.027962327003479,5.261000156402588,2.3399999141693115,,69,-50.400001525878906,80.0928724,13.0504459
1790335149139077400,374.55007739257815,,3.799999952316284,0.33000001311302185,1.0379407405853271,5.388000011444092,1.8199999332427979,,70,-50.400001525878906,80.0928847,13.050452
1790335150098056000,375.50905590820315,,3.9000000953674316,0.30000001192092896,1.0475305318832397,5.190000057220459,1.6999999284744263,,72,-50.400001525878906,80.0928948,13.0504552
1790335151136498700,376.54749877929686,,6.5,0.38999998569488525,1.0579149723052979,3.75,0.8100000023841858,,73,-50.400001525878906,80.0929037,13.0504561
1790335152136421600,377.5474216308594,,10.699999809265137,0.30000001192092896,1.0679142475128174,3.700000047683716,0.3499999940395355,,75,-50.400001525878906,80.0929014,13.0504527
1790335153137921500,378.54892163085935,,15.899999618530273,0.27000001072883606,1.0779292583465576,3.6659998893737793,0.17999999225139618,,77,-50.400001525878906,80.0929024,13.0504484
1790335154127477000,379.53847705078124,,21.700000762939453,0.3400000035762787,1.087824821472168,3.75,0.5199999809265137,,77,-50.400001525878906,80.0929037,13.0504463
1790335155130921200,380.54192114257813,,28.200000762939453,0.27000001072883606,1.097859263420105,3.799999952316284,0.8899999856948853,,77,-50.400001525878906,80.0929072,13.050448
1790335156111727600,381.5227275390625,,35.29999923706055,0.3100000023841858,1.107667326927185,3.75,0.26999998092651367,,77,-50.400001525878906,80.092911,13.0504492
1790335157130292200,382.5412922363281,,0,0.05000000074505806,1.1178529262542725,3.75,0,,0,-50.400001525878906,80.0929109,13.0504496
1790335157622000000,383.0330002441406,,0,0,1,6.943999767303467,0,,0,-50.400001525878906,80.0929109,13.0504496
1790335158157567700,383.5685676269531,,42.79999923706055,0.25999999046325684,1.005355715751648,7.0279998779296875,0.1599999964237213,,77,-50.400001525878906,80.0929094,13.0504545
1790335159176223200,384.58722314453127,,42.79999923706055,0.3100000023841858,1.0155422687530518,7.0279998779296875,0.41999998688697815,,77,-50.400001525878906,80.0929133,13.05046
1790335160132006000,385.543005859375,,50.900001525878906,0.36000001430511475,1.0251001119613647,7.0279998779296875,0.6899999976158142,,77,-50.400001525878906,80.092923,13.0504633
1790335161146559500,386.5575595703125,,59.400001525878906,0.3199999928474426,1.0352455377578735,7.111000061035156,0.85999995470047,,77,-50.400001525878906,80.092932,13.0504678
1790335162116800300,387.5278002929688,,5.800000190734863,0.4000000059604645,1.0449479818344116,6.59499979019165,1.5399999618530273,,74,-50.400001525878906,80.0929492,13.050474
1790335163130540500,388.5415405273437,,3.5999999046325684,0.33000001311302185,1.0550854206085205,3.9159998893737793,2.169999837875366,,67,-50.400001525878906,80.0929727,13.0504805
1790335164137265700,389.548265625,,4,0.3400000035762787,1.065152645111084,3.9159998893737793,2.1399998664855957,,63,-50.400001525878906,80.0929924,13.0504906
1790335165134088000,390.545087890625,,2.299999952316284,0.25,1.0751209259033203,3.9000000953674316,2.2799999713897705,,64,-50.400001525878906,80.0930152,13.0505044
1790335166143445800,391.55444580078125,,2.700000047683716,0.25999999046325684,1.0852144956588745,3.9159998893737793,2.0199999809265137,,66,-50.400001525878906,80.0930352,13.0505149
1790335167133058600,392.54405859375,,1.899999976158142,0.1899999976158142,1.095110535621643,3.9000000953674316,2.0299999713897705,,67,-50.400001525878906,80.0930542,13.0505247
1790335167211000000,392.622,,0,0,1,4.3520002365112305,0,,0,-50.400001525878906,80.0930542,13.0505247
1790335168134015700,393.545015625,,1.7999999523162842,0.17000000178813934,1.009230136871338,4.269000053405762,2.0299999713897705,,68,-50.400001525878906,80.0930753,13.0505345
1790335169092571600,394.5035715332031,,1.7999999523162842,0.20000000298023224,1.0188157558441162,4.158999919891357,2.309999942779541,,67,-50.400001525878906,80.0930976,13.0505398
1790335170080085000,395.4910849609375,,1.7000000476837158,0.18000000715255737,1.0286908149719238,4.0879998207092285,2.2699999809265137,,67,-50.400001525878906,80.0931201,13.0505482
1790335171149847800,396.5608479003906,,1.5,0.1599999964237213,1.0393885374069214,4.019000053405762,2.169999837875366,,67,-50.400001525878906,80.0931424,13.0505641
1790335172150270700,397.56127075195315,,1.5,0.1599999964237213,1.0493927001953125,4.019000053405762,2.129999876022339,,67,-50.400001525878906,80.0931643,13.0505701
1790335173136727000,398.54772705078125,,2.299999952316284,0.2199999988079071,1.0592572689056396,3.5,1.8499999046325684,,70,-50.400001525878906,80.0931805,13.0505791
1790335174143917600,399.55491748046876,,2.700000047683716,0.1899999976158142,1.0693291425704956,3.5,1.3799999952316284,,67,-50.400001525878906,80.0932023,13.0505881
1790335175141335800,400.5523356933594,,2.799999952316284,0.15000000596046448,1.0793033838272095,3.5,1.25,,72,-50.400001525878906,80.093215,13.0505932
1790335176129093400,401.54009326171877,,2.5,0.14000000059604645,1.0891809463500977,3.5,1.25,,75,-50.400001525878906,80.0932318,13.0505967
1790335177125259500,402.5362595214844,,3.5999999046325684,0.1899999976158142,1.0991425514221191,3.5,0.9699999690055847,,72,-50.400001525878906,80.0932385,13.0506021
1790335178144168400,403.55516845703124,,7.599999904632568,0.25,1.109331727027893,3.5999999046325684,0.17999999225139618,,71,-50.400001525878906,80.0932411,13.0506021
1790335179116162800,404.5271628417969,,0,0.12999999523162842,1.1190515756607056,3.5829999446868896,0.09999999403953552,,0,-50.400001525878906,80.0932414,13.050604
1790335180138375000,405.549375,,18,0.17000000178813934,1.129273772239685,3.5829999446868896,0.23999999463558197,,71,-50.400001525878906,80.0932437,13.0505939
1790335180534000000,405.9450002441406,,0,0,1,3.9779999256134033,0,,0,-50.400001525878906,80.0932437,13.0505939
1790335181139639000,406.55063916015627,,24.200000762939453,0.18000000715255737,1.0060564279556274,3.9779999256134033,0.5099999904632568,,71,-50.400001525878906,80.0932515,13.050591
1790335182104899800,407.51589990234373,,30.899999618530273,0.15000000596046448,1.0157090425491333,3.9100000858306885,0.6200000047683716,,71,-50.400001525878906,80.0932588,13.0505875
1790335183135879200,408.5468791503906,,38.20000076293945,0.12999999523162842,1.026018738746643,3.9100000858306885,0.6299999952316284,,71,-50.400001525878906,80.0932628,13.0505921
1790335184153272000,409.56427197265623,,46,0.15000000596046448,1.036192774772644,3.9779999256134033,0.6499999761581421,,71,-50.400001525878906,80.0932708,13.0505894
1790335185149579800,410.5605798339844,,4.699999809265137,0.15000000596046448,1.0461558103561401,4.061999797821045,0.7400000095367432,,71,-50.400001525878906,80.0932843,13.0505936
1790335186140527400,411.55152734375,,3.5,0.14000000059604645,1.056065320968628,3.700000047683716,0.9199999570846558,,72,-50.400001525878906,80.0932958,13.0505983
1790335187153549300,412.56454931640627,,4.699999809265137,0.18000000715255737,1.0661954879760742,3.700000047683716,0.8399999737739563,,75,-50.400001525878906,80.093308,13.0506034
1790335188147053800,413.5580537109375,,5.199999809265137,0.20000000298023224,1.0761305093765259,3.799999952316284,0.7899999618530273,,79,-50.400001525878906,80.0933218,13.0506057
1790335189144806100,414.55580615234373,,4,0.1899999976158142,1.0861080884933472,3.8329999446868896,0.9099999666213989,,78,-50.400001525878906,80.0933344,13.0506089
1790335189846000000,415.2570002441406,,0,0,1.458662986755371,8.506999969482422,0,,0,-50.400001525878906,80.0933344,13.0506089
1790335190120798700,415.531798828125,,4.099999904632568,0.20999999344348907,1.4614109992980957,7.86299991607666,0.9899999499320984,,79,-50.400001525878906,80.0933545,13.0506129
1790335191141607400,416.552607421875,,4.099999904632568,0.25,1.4716190099716187,8.673999786376953,1.2200000286102295,,76,-50.400001525878906,80.0933709,13.0506167
1790335192133030400,417.5440305175781,,3.5,0.23000000417232513,1.4815332889556885,8.005999565124512,1.409999966621399,,80,-50.400001525878906,80.093393,13.0506264
1790335193136199400,418.5471994628906,,2.5999999046325684,0.18000000715255737,1.4915649890899658,8.07800006866455,1.459999918937683,,78,-50.400001525878906,80.093418,13.0506367
1790335194140897800,419.55189770507815,,2.5999999046325684,0.1899999976158142,1.5016119480133057,8.07800006866455,1.809999942779541,,71,-50.400001525878906,80.0934353,13.0506427
1790335195126760000,420.53776000976563,,1.7000000476837158,0.15000000596046448,1.5114705562591553,4.099999904632568,1.8299999237060547,,68,-50.400001525878906,80.0934613,13.0506626
1790335196122764500,421.5337646484375,,1.7999999523162842,0.1599999964237213,1.5214306116104126,4.083000183105469,2,,67,-50.400001525878906,80.0934865,13.0506767
1790335197110012200,422.5210122070313,,3.5,0.28999999165534973,1.5313031673431396,4,2.009999990463257,,63,-50.400001525878906,80.0935058,13.050688
1790335198143103200,423.5541032714844,,3.299999952316284,0.27000001072883606,1.5416339635849,4,1.8899999856948853,,61,-50.400001525878906,80.093527,13.0506984
1790335199122098700,424.5330986328125,,3,0.23000000417232513,1.5514240264892578,4,1.9299999475479126,,63,-50.400001525878906,80.0935469,13.0507196
1790335200162760700,425.5737607421875,,2.5999999046325684,0.2199999988079071,1.012516975402832,4,1.8499999046325684,,64,-50.500003814697266,80.0935678,13.0507381
1790335201136537900,426.5475378417969,,2.700000047683716,0.23999999463558197,1.0222547054290771,4.099999904632568,2.1499998569488525,,60,-50.500003814697266,80.0935897,13.0507563
1790335202115566300,427.52656640625,,2.4000000953674316,0.2199999988079071,1.0320450067520142,4.099999904632568,2.2699999809265137,,62,-50.500003814697266,80.093612,13.0507713
1790335203088643600,428.4996435546875,,4.300000190734863,0.2800000011920929,1.0417758226394653,4.083000183105469,1.309999942779541,,59,-50.500003814697266,80.0936294,13.0507827
1790335204130428200,429.54142822265624,,3.0999999046325684,0.17000000178813934,1.0521936416625977,4.099999904632568,1.1999999284744263,,58,-50.500003814697266,80.0936404,13.0507923
1790335205131696600,430.5426965332031,,3.700000047683716,0.20999999344348907,1.0622062683105469,4.083000183105469,1.1399999856948853,,60,-50.500003814697266,80.0936493,13.0507975
1790335206106338800,431.5173388671875,,5.099999904632568,0.20000000298023224,1.0719527006149292,4.083000183105469,0.7299999594688416,,66,-50.500003814697266,80.0936577,13.0508006
1790335207136507100,432.5475070800781,,4.599999904632568,0.18000000715255737,1.082254409790039,4,0.699999988079071,,72,-50.500003814697266,80.0936628,13.0508034
1790335208117716700,433.528716796875,,4.599999904632568,0.1599999964237213,1.0920665264129639,3.9000000953674316,0.699999988079071,,80,-50.500003814697266,80.0936721,13.0508084
1790335209126833700,434.53783374023436,,4.599999904632568,0.17000000178813934,1.102157711982727,3.8329999446868896,0.7299999594688416,,78,-50.500003814697266,80.0936788,13.0508166
1790335209430000000,434.8410002441406,,0,0,2.05068302154541,5.770999908447266,0,,0,-43.60000228881836,80.0936788,13.0508166
1790335210138079000,435.5490788574219,,4.599999904632568,0.15000000596046448,2.0577638149261475,5.770999908447266,0.5399999618530273,,77,-43.60000228881836,80.0936866,13.0508205
1790335211083883000,436.4948830566406,,8.300000190734863,0.1899999976158142,2.0672218799591064,5.446000099182129,0.26999998092651367,,78,-43.60000228881836,80.0936956,13.050836
1790335212098313200,437.5093132324219,,0,0.17000000178813934,2.0773661136627197,5.375,0.029999999329447746,,0,-43.60000228881836,80.0936954,13.0508376
1790335213137778200,438.54877807617186,,0,0.12999999523162842,2.0877606868743896,5.604000091552734,0.05999999865889549,,0,-43.60000228881836,80.0936963,13.0508465
1790335214156088300,439.56708837890625,,0,0.14000000059604645,2.0979440212249756,5.604000091552734,0.05999999865889549,,0,-43.60000228881836,80.0936967,13.050851
1790335215158642200,440.56964208984374,,0,0.029999999329447746,2.1079695224761963,3.5,0,,0,-43.60000228881836,80.0936965,13.0508511
1790335216148521700,441.5595217285156,,0,0.019999999552965164,2.117868185043335,3.5,0,,0,-43.60000228881836,80.0936965,13.0508511
1790335217138448600,442.5494487304687,,0,0.03999999910593033,2.127767562866211,3.5,0,,0,-43.60000228881836,80.0936965,13.0508511
1790335218089147000,443.50014697265624,,0,0.03999999910593033,2.1372745037078857,3.5,0,,0,-43.60000228881836,80.0936965,13.0508511
1790335218591000000,444.002,,0,0,1.4319963455200195,6.84499979019165,0,,0,-43.60000228881836,80.0936965,13.0508511
1790335219133378800,444.54437890625,,0,0.2199999988079071,1.437420129776001,6.367000102996826,0.07000000029802322,,0,-43.60000228881836,80.0936998,13.050857
1790335220134002000,445.545001953125,,31.799999237060547,0.20999999344348907,1.4474263191223145,6.367000102996826,0.14999999105930328,,79,-43.60000228881836,80.0937042,13.0508563
1790335221137030000,446.54802978515625,,39.20000076293945,0.20999999344348907,1.4574565887451172,6.367000102996826,0.2199999988079071,,79,-43.60000228881836,80.0937049,13.0508566
1790335222147405600,447.55840551757814,,0,0.20000000298023224,1.4675604104995728,6.84499979019165,0.019999999552965164,,0,-43.60000228881836,80.0937011,13.0508517
1790335223114798000,448.5257980957031,,55.70000076293945,0.2199999988079071,1.4772343635559082,6.928999900817871,0.20999999344348907,,79,-43.60000228881836,80.0937004,13.0508509
1790335224142051300,449.55305126953124,,0,0.019999999552965164,1.4875068664550781,3.700000047683716,0,,0,-43.60000228881836,80.0937003,13.0508515
1790335225144424000,450.555423828125,,0,0.019999999552965164,1.4975305795669556,3.799999952316284,0,,0,-43.60000228881836,80.0937003,13.0508515
1790335226112062000,451.52306201171876,,0,0.1899999976158142,1.507206916809082,3.75,0.009999999776482582,,0,-43.60000228881836,80.0937011,13.0508495
1790335227107408600,452.51840869140625,,64.69999694824219,0.28999999165534973,1.517160415649414,3.75,0.3400000035762787,,79,-43.60000228881836,80.0937,13.0508423
1790335227933000000,453.344,,0,0,2.7111194133758545,9.253000259399414,0,,0,-50.10000228881836,80.0937,13.0508423
1790335228111955500,453.52295556640627,,74.0999984741211,0.3400000035762787,2.712908983230591,8.430999755859375,0.4899999797344208,,79,-50.10000228881836,80.0937025,13.0508397
1790335229151312600,454.5623127441406,,83.9000015258789,0.2800000011920929,2.7233026027679443,9.086999893188477,0.25,,79,-50.10000228881836,80.0937048,13.0508363
1790335230140279000,455.5512790527344,,94.19999694824219,0.36000001430511475,2.733192205429077,8.288999557495117,1.1200000047683716,,79,-50.10000228881836,80.093714,13.0508366
1790335231146277400,456.55727734375,,104.80000305175781,0.33000001311302185,2.7432522773742676,9.086999893188477,1.3700000047683716,,79,-50.10000228881836,80.0937269,13.0508371
1790335232157723600,457.5687236328125,,8.800000190734863,0.3199999928474426,2.753366708755493,9.170000076293945,0.7799999713897705,,65,-50.10000228881836,80.0937355,13.0508391
1790335233130862600,458.54186254882814,,8.399999618530273,0.28999999165534973,2.7630980014801025,3.700000047683716,0.6200000047683716,,65,-50.10000228881836,80.0937431,13.0508426
1790335234135813600,459.54681372070314,,5.599999904632568,0.2199999988079071,2.7731475830078125,3.6659998893737793,0.6299999952316284,,65,-50.10000228881836,80.0937509,13.0508446
1790335235130519600,460.54151953125,,6,0.27000001072883606,2.783094644546509,3.5829999446868896,0.699999988079071,,69,-50.10000228881836,80.093759,13.050847
1790335236141443300,461.552443359375,,7.199999809265137,0.27000001072883606,2.793203830718994,3.5829999446868896,0.5,,78,-50.10000228881836,80.0937641,13.0508478
1790335237150849000,462.56184912109376,,7.199999809265137,0.3400000035762787,2.803297996520996,3.5,1,,77,-50.10000228881836,80.0937719,13.0508493
1790335237269000000,462.68,,0,0,1.4280544519424438,4.203999996185303,0,,0,-43.60000228881836,80.0937719,13.0508493
1790335238141717800,463.5527177734375,,6.599999904632568,0.44999998807907104,1.436781644821167,4.2870001792907715,1.6799999475479126,,69,-43.60000228881836,80.0937901,13.0508529
1790335239148820700,464.55982080078127,,5,0.41999998688697815,1.446852684020996,4.370999813079834,1.8299999237060547,,67,-43.60000228881836,80.0938075,13.0508641
1790335240140292000,465.5512919921875,,5.900000095367432,0.41999998688697815,1.4567673206329346,4.620999813079834,1.309999942779541,,60,-43.60000228881836,80.0938219,13.0508718
1790335241132618000,466.54361791992187,,6.5,0.49000000953674316,1.4666906595230103,4.5320000648498535,1.6200000047683716,,50,-43.60000228881836,80.0938358,13.0508809
1790335242150096100,467.56109619140625,,5.5,0.4699999988079071,1.4768654108047485,4.675000190734863,2.109999895095825,,52,-43.60000228881836,80.093857,13.0508956
1790335243155991800,468.56699169921876,,6.099999904632568,0.3799999952316284,1.486924409866333,4.199999809265137,1.9199999570846558,,61,-43.60000228881836,80.0938799,13.0509013
1790335244077321700,469.48832177734374,,4.5,0.3100000023841858,1.4961376190185547,4.165999889373779,1.9900000095367432,,62,-43.60000228881836,80.093904,13.050908
1790335245142600700,470.5536005859375,,4.699999809265137,0.3700000047683716,1.5067905187606812,4.099999904632568,1.9900000095367432,,57,-43.60000228881836,80.0939216,13.0509128
1790335246146473200,471.55747314453123,,5.900000095367432,0.4699999988079071,1.5168291330337524,4.099999904632568,1.8499999046325684,,60,-43.60000228881836,80.0939438,13.0509226
1790335247133557800,472.54455786132814,,5.699999809265137,0.4000000059604645,1.5267000198364258,4.083000183105469,2.069999933242798,,65,-43.60000228881836,80.093961,13.0509271
1790335248144446500,473.5554465332031,,3.9000000953674316,0.3499999940395355,1.536808967590332,4,2.4700000286102295,,80,-43.60000228881836,80.0939812,13.0509281
1790335249142113300,474.55311328125,,2,0.3199999928474426,1.546785593032837,3.9000000953674316,3.18999981880188,,81,-43.60000228881836,80.0940098,13.0509283
1790335250115425500,475.5264255371094,,1.7999999523162842,0.4000000059604645,1.5565186738967896,3.9159998893737793,3.7200000286102295,,78,-43.60000228881836,80.094039,13.0509351
1790335251148203800,476.5592038574219,,3.799999952316284,0.5,1.566846489906311,3.799999952316284,3.559999942779541,,81,-43.60000228881836,80.0940743,13.050941
1790335252117298400,477.52829833984373,,3.799999952316284,0.4000000059604645,1.5765374898910522,3.75,3.9099998474121094,,89,-43.60000228881836,80.0941129,13.0509439
1790335253169481200,478.5804812011719,,3.299999952316284,0.33000001311302185,1.5870592594146729,3.5999999046325684,4.460000038146973,,89,-43.60000228881836,80.0941551,13.0509443
1790335254153849300,479.56484936523435,,1.899999976158142,0.28999999165534973,1.5969029664993286,3.5,4.539999961853027,,85,-43.60000228881836,80.0942071,13.0509464
1790335254470000000,479.88100024414064,,0,0,1.1581130027770996,5.52400016784668,0,,0,-50.10000228881836,80.0942071,13.0509464
1790335255136572400,480.54757250976564,,1.7999999523162842,0.5400000214576721,1.164778709411621,5.440999984741211,4.940000057220459,,84,-50.10000228881836,80.0942623,13.0509509
1790335256153711600,481.56471166992185,,1,0.30000001192092896,1.174950122833252,5.440999984741211,5.319999694824219,,88,-50.10000228881836,80.0943221,13.0509454
1790335257137821200,482.5488212890625,,1.2000000476837158,0.47999998927116394,1.1847912073135376,5.440999984741211,5.599999904632568,,96,-50.10000228881836,80.094375,13.0509409
1790335258153137200,483.56413720703125,,1.2000000476837158,0.5,1.1949443817138672,5.163000106811523,5.289999961853027,,93,-50.10000228881836,80.0944242,13.0509399
1790335259091830300,484.50283032226565,,1.2000000476837158,0.41999998688697815,1.2043312788009644,5.306000232696533,5.299999713897705,,88,-50.10000228881836,80.0944785,13.0509401
1790335260079965200,485.49096508789063,,1.2999999523162842,2.049999952316284,1.2142126560211182,4,5.049999713897705,,84,-50.10000228881836,80.0945262,13.0509477
1790335261146576600,486.55757666015626,,1.5,1.7000000476837158,1.2248787879943848,4.5,3.7300000190734863,,76,-50.10000228881836,80.0945583,13.050955
1790335262148922000,487.55992211914065,,1.600000023841858,1.0399999618530273,1.234902262687683,5.300000190734863,3.0999999046325684,,71,-50.10000228881836,80.0945801,13.0509657
1790335263144262700,488.5552626953125,,1.7000000476837158,0.7200000286102295,1.2448556423187256,5.583000183105469,2.669999837875366,,77,-50.10000228881836,80.0946011,13.0509712
1790335264144280000,489.55528002929685,,1.7999999523162842,0.9800000190734863,1.254855751991272,6.5,2.4800000190734863,,80,-50.10000228881836,80.0946228,13.0509759
1790335265116728000,490.52772802734376,,1.899999976158142,1.059999942779541,1.264580249786377,6.800000190734863,3.319999933242798,,86,-50.10000228881836,80.0946579,13.0509699
1790335265721000000,491.132,,0,0,1,10.861000061035156,0,,0,-50.000003814697266,80.0946579,13.0509699
1790335266109488600,491.52048852539065,,2,0.9700000286102295,1.0038849115371704,10.380999565124512,2.6399998664855957,,86,-50.000003814697266,80.0946842,13.0509687
1790335267095077600,492.50607763671877,,2,1.8799999952316284,1.0137407779693604,10.666999816894531,1.8600000143051147,,86,-50.000003814697266,80.0947063,13.0509685
1790335268100089000,493.51108911132815,,2.0999999046325684,2.7699999809265137,1.0237908363342285,11.23799991607666,2.2100000381469727,,83,-50.000003814697266,80.0947262,13.0509766
1790335269087230500,494.49823046875,,2.0999999046325684,3.3499999046325684,1.0336623191833496,11.95199966430664,1.4800000190734863,,83,-50.000003814697266,80.0947319,13.050988
1790335270087333400,495.4983334960938,,2.200000047683716,2.609999895095825,1.0436633825302124,12.73799991607666,3.4099998474121094,,83,-50.000003814697266,80.0947569,13.0510106
1790335271132537600,496.54353759765627,,2.299999952316284,2.950000047683716,1.0541154146194458,11.699999809265137,2.6399998664855957,,83,-50.000003814697266,80.0947784,13.0510245
1790335272144308700,497.5553088378906,,2.299999952316284,3.200000047683716,1.0642330646514893,13.600000381469727,2.7300000190734863,,87,-50.000003814697266,80.0948008,13.0510352
1790335273119592400,498.5305925292969,,2.4000000953674316,2.4800000190734863,1.0739859342575073,15.100000381469727,3.3399999141693115,,86,-50.000003814697266,80.0948255,13.0510617
1790335274139325700,499.55032568359377,,2.5,2.630000114440918,1.0841832160949707,16.399999618530273,2.6599998474121094,,85,-50.000003814697266,80.0948633,13.0510513
1790335275117734400,500.528734375,,2.5,2.0199999809265137,1.093967318534851,17.700000762939453,2.0399999618530273,,82,-50.000003814697266,80.0948949,13.0510552
1790335275726000000,501.1370002441406,,0,0,1.334542155265808,18.52400016784668,0,,0,-49.80000305175781,80.0948949,13.0510552
1790335276106693000,501.51769311523435,,2.5,1.5700000524520874,1.3383491039276123,18.163999557495117,1.459999918937683,,82,-49.80000305175781,80.0949281,13.0510394
1790335277120922600,502.53192260742185,,2.5999999046325684,1.2000000476837158,1.3484914302825928,18.378000259399414,1.6799999475479126,,87,-49.80000305175781,80.0949557,13.0510128
1790335278114739700,503.52573974609373,,2.5999999046325684,1.1299999952316284,1.3584295511245728,17.878000259399414,1.4499999284744263,,84,-49.80000305175781,80.0949869,13.0509704
1790335279138329000,504.5493291015625,,2.700000047683716,1.3799999952316284,1.3686654567718506,17.235000610351562,1.6299999952316284,,89,-49.80000305175781,80.0950127,13.0509325
1790335280144299500,505.55529956054687,,2.700000047683716,0.7400000095367432,1.3787251710891724,16.02400016784668,1.5999999046325684,,81,-49.80000305175781,80.0950393,13.0509124
1790335281107672800,506.5186728515625,,2.799999952316284,0.9599999785423279,1.3883588314056396,13.899999618530273,0.32999998331069946,,76,-49.80000305175781,80.0950574,13.0509091
1790335282089777400,507.50077734375,,2.9000000953674316,0.8799999952316284,1.3981798887252808,13.583000183105469,0.7099999785423279,,78,-49.80000305175781,80.0950826,13.0509045
1790335283125236700,508.53623681640624,,2.9000000953674316,0.7900000214576721,1.4085345268249512,12.300000190734863,0.9699999690055847,,80,-49.80000305175781,80.0951126,13.0509147
1790335284104590600,509.51559057617186,,3,0.6700000166893005,1.418328046798706,12.083000183105469,1.5,,80,-49.80000305175781,80.0951437,13.0509284
1790335285096153900,510.5071538085937,,3,0.6299999952316284,1.428243637084961,11.416000366210938,0.7899999618530273,,91,-49.80000305175781,80.0951715,13.0509249
1790335285433000000,510.844,,0,0,1.2053842544555664,11.170000076293945,0,,0,-49.70000076293945,80.0951715,13.0509249
1790335286127782400,511.5387824707031,,3.0999999046325684,0.6800000071525574,1.2123321294784546,10.753000259399414,0.32999998331069946,,86,-49.70000076293945,80.0951914,13.0509315
1790335287089522400,512.5005224609375,,3.0999999046325684,0.75,1.2219494581222534,10.430999755859375,1.2799999713897705,,89,-49.70000076293945,80.0952147,13.0509235
1790335288126233900,513.5372338867187,,3,0.4300000071525574,1.2323166131973267,9.586000442504883,2.5399999618530273,,95,-49.70000076293945,80.0952517,13.0509227
1790335289100676000,514.5116760253907,,2.700000047683716,0.47999998927116394,1.2420610189437866,9.217000007629395,3.119999885559082,,88,-49.70000076293945,80.0952954,13.0509345
1790335290114439000,515.5254389648437,,2.5,0.38999998569488525,1.2521986961364746,8.336000442504883,2.5899999141693115,,89,-49.70000076293945,80.0953453,13.0509451
1790335291116175400,516.5271752929688,,2.5,0.4000000059604645,1.2622159719467163,7.5,2.799999952316284,,99,-49.70000076293945,80.0953833,13.0509433
1790335292113797600,517.5247976074219,,2.5,0.44999998807907104,1.2721922397613525,6.5,2.379999876022339,,103,-49.70000076293945,80.0954248,13.0509441
1790335293069900500,518.4809006347656,,2.5,0.5099999904632568,1.2817533016204834,6.415999889373779,2.7200000286102295,,100,-49.70000076293945,80.0954468,13.0509351
1790335294068878300,519.4798784179687,,2.700000047683716,1.0199999809265137,1.2917430400848389,6.083000183105469,2.5199999809265137,,91,-49.70000076293945,80.0954912,13.0509531
1790335295071677000,520.4826770019531,,2.700000047683716,0.9399999976158142,1.3017710447311401,5.833000183105469,3.319999933242798,,88,-49.70000076293945,80.0955286,13.0509665
1790335296067672300,521.4786723632812,,2.700000047683716,1.090000033378601,1.311730980873108,5.915999889373779,1.959999918937683,,88,-49.70000076293945,80.0955535,13.0509639
1790335296075000000,521.486,,0,0,1,6.040999889373779,0,,0,-48.20000076293945,80.0955535,13.0509639
1790335297069729000,522.4807290039063,,2.799999952316284,0.4099999964237213,1.0099472999572754,5.96999979019165,1.3399999141693115,,89,-48.20000076293945,80.0955714,13.0509565
1790335298095436000,523.5064360351563,,2.799999952316284,0.49000000953674316,1.0202043056488037,6.047999858856201,1.0099999904632568,,86,-48.20000076293945,80.0955869,13.0509451
1790335299066300200,524.4773000488282,,2.9000000953674316,0.47999998927116394,1.0299129486083984,5.96999979019165,0.7099999785423279,,87,-48.20000076293945,80.0955898,13.0509324
1790335300084318000,525.4953178710938,,2.9000000953674316,0.4099999964237213,1.040093183517456,6.047999858856201,0.6800000071525574,,91,-48.20000076293945,80.0955931,13.0509192
1790335301101888500,526.5128884277344,,3,0.3499999940395355,1.0502688884735107,5.599999904632568,0.4599999785423279,,88,-48.20000076293945,80.0955969,13.0509113
1790335302064304400,527.4753044433594,,3,0.3799999952316284,1.059893012046814,5.415999889373779,0.47999998927116394,,83,-48.20000076293945,80.0956011,13.0509071
1790335303068749300,528.4797492675781,,3.0999999046325684,0.5799999833106995,1.0699374675750732,5.165999889373779,0.3799999952316284,,87,-48.20000076293945,80.0956041,13.0509005
1790335304064058600,529.47505859375,,3.0999999046325684,0.6200000047683716,1.0798906087875366,4.915999889373779,1.2999999523162842,,94,-48.20000076293945,80.0956075,13.050884
1790335305067543300,530.4785432128906,,3.200000047683716,0.3799999952316284,1.0899254083633423,4.75,1.0699999332427979,,91,-48.20000076293945,80.0956233,13.0508787
1790335305470000000,530.8810002441406,,0,0,1,7.265999794006348,0,,0,-48.400001525878906,80.0956233,13.0508787
1790335306110878200,531.5218781738281,,3.200000047683716,0.38999998569488525,1.0064088106155396,7.098999977111816,0.11999999731779099,,86,-48.400001525878906,80.0956312,13.0508747
1790335307070613000,532.4816130371094,,3.299999952316284,0.5799999833106995,1.0160061120986938,7.015999794006348,0.85999995470047,,85,-48.400001525878906,80.0956372,13.0508696
1790335308082424300,533.4934243164063,,3.299999952316284,0.7599999904632568,1.0261242389678955,7.015999794006348,0.6200000047683716,,82,-48.400001525878906,80.0956491,13.0508643
1790335309069500000,534.4805,,3.4000000953674316,0.7799999713897705,1.0359950065612793,7.015999794006348,0.7999999523162842,,91,-48.400001525878906,80.095667,13.0508604
1790335310067659800,535.4786596679687,,3.4000000953674316,0.8500000238418579,1.0459766387939453,7.015999794006348,0.85999995470047,,91,-48.400001525878906,80.0956858,13.0508572
1790335311106547200,536.5175471191407,,3.200000047683716,0.9399999976158142,1.0563654899597168,4.5,3.0799999237060547,,94,-48.400001525878906,80.0957333,13.0508542
1790335312070616000,537.4816159667969,,2.9000000953674316,0.7300000190734863,1.0660061836242676,5,3.8299999237060547,,89,-48.400001525878906,80.0958006,13.0508705
1790335313071831300,538.4828312988282,,2.5999999046325684,0.9800000190734863,1.0760183334350586,5.165999889373779,5.139999866485596,,89,-48.400001525878906,80.0958726,13.0508806
1790335314074510300,539.4855102539062,,2,0.7099999785423279,1.0860451459884644,5.599999904632568,4.929999828338623,,92,-48.400001525878906,80.095971,13.0508877
1790335315019000000,540.43,,0,0,1,11.963000297546387,0,,0,-47.80000305175781,80.095971,13.0508877
1790335315087382500,540.4983825683594,,1.899999976158142,0.6600000262260437,1.0006837844848633,12.045999526977539,4.170000076293945,,93,-47.80000305175781,80.0960686,13.0509157
1790335316114245000,541.5252451171875,,1.7999999523162842,0.5899999737739563,1.0109524726867676,12.045999526977539,3.319999933242798,,94,-47.80000305175781,80.096153,13.0509245
1790335317147810300,542.5588103027344,,1.7999999523162842,0.5199999809265137,1.0212881565093994,11.878999710083008,2.8299999237060547,,88,-47.80000305175781,80.0961897,13.0509204
1790335318087672300,543.4986723632812,,1.899999976158142,0.7099999785423279,1.0306867361068726,11.713000297546387,2.5999999046325684,,88,-47.80000305175781,80.0962218,13.0509172
1790335319102918100,544.5139182128906,,1.899999976158142,0.6499999761581421,1.0408391952514648,11.545999526977539,1.9299999475479126,,88,-47.80000305175781,80.0962512,13.0509121
1790335320091472400,545.5024724121093,,2,0.699999988079071,1.050724744796753,5.099999904632568,2.119999885559082,,82,-47.80000305175781,80.0962804,13.0509201
1790335321087890400,546.4988903808594,,2.200000047683716,0.8700000047683716,1.060688853263855,5,2.5299999713897705,,89,-47.80000305175781,80.0963212,13.0509192
1790335322071627500,547.4826274414063,,2.4000000953674316,0.6000000238418579,1.0705262422561646,4.833000183105469,2.93999981880188,,98,-47.80000305175781,80.0963666,13.0509068
1790335323082149600,548.4931496582032,,2.4000000953674316,0.38999998569488525,1.0806314945220947,4.75,1.8399999141693115,,98,-47.80000305175781,80.0964112,13.0508986
1790335324099238700,549.5102387695313,,2.4000000953674316,0.7900000214576721,1.0908024311065674,4.75,1.1799999475479126,,94,-47.80000305175781,80.0964421,13.050892
1790335325111547000,550.522546875,,2.5,0.5199999809265137,1.1009254455566406,4.800000190734863,1.5999999046325684,,97,-47.80000305175781,80.0964725,13.0508801
1790335326110879000,551.52187890625,,2.5,0.6499999761581421,1.1109187602996826,4.900000095367432,3.0199999809265137,,96,-47.80000305175781,80.0965258,13.0508647
1790335326235000000,551.646,,0,0,1,5.74399995803833,0,,0,-48.000003814697266,80.0965258,13.0508647
1790335327146861300,552.557861328125,,2.5,0.3799999952316284,1.0091185569763184,5.827000141143799,2.4800000190734863,,101,-48.000003814697266,80.0965852,13.0508411
1790335328097434600,553.5084345703125,,2.5,0.6100000143051147,1.0186243057250977,5.909999847412109,2.2899999618530273,,102,-48.000003814697266,80.0966289,13.0508229
1790335329132601300,554.5436013183594,,2.4000000953674316,0.4699999988079071,1.0289759635925293,5.827000141143799,2.629999876022339,,100,-48.000003814697266,80.096665,13.0508135
1790335330139719400,555.5507194824219,,2.4000000953674316,0.4300000071525574,1.0390472412109375,5.659999847412109,2.2300000190734863,,94,-48.000003814697266,80.0966983,13.0508046
1790335331078588000,556.489587890625,,2.4000000953674316,0.4300000071525574,1.048435926437378,5.49399995803833,2.7699999809265137,,93,-48.000003814697266,80.0967289,13.0507968
1790335332088920300,557.4999204101563,,1.7999999523162842,0.38999998569488525,1.0585391521453857,4.665999889373779,3.359999895095825,,95,-48.000003814697266,80.0967674,13.0507865
1790335333106849500,558.517849609375,,1.399999976158142,0.27000001072883606,1.0687185525894165,4.400000095367432,3.549999952316284,,91,-48.000003814697266,80.0968128,13.050776
1790335334077176300,559.4881762695312,,1.2000000476837158,0.4000000059604645,1.078421711921692,4.333000183105469,3.93999981880188,,91,-48.000003814697266,80.0968622,13.0507724
1790335335074664200,560.4856643066406,,1.100000023841858,0.3499999940395355,1.088396668434143,4.25,4.779999732971191,,90,-48.000003814697266,80.0969152,13.0507771
1790335336056000000,561.467,,0,0,1,10.708000183105469,0,,0,-48.000003814697266,80.0969152,13.0507771
1790335336142706000,561.5537058105468,,1.2000000476837158,0.47999998927116394,1.0008670091629028,10.541999816894531,4.420000076293945,,88,-48.000003814697266,80.0969819,13.0507767
1790335337071064800,562.4820649414063,,1.2000000476837158,0.44999998807907104,1.010150671005249,9.53600025177002,4.059999942779541,,92,-48.000003814697266,80.0970241,13.0507612
1790335338118419000,563.5294189453125,,1.100000023841858,0.2800000011920929,1.0206241607666016,10.291999816894531,4.139999866485596,,96,-48.000003814697266,80.0970702,13.050747
1790335339133062000,564.5440617675781,,1.100000023841858,0.38999998569488525,1.0307706594467163,10.125,3.679999828338623,,98,-48.000003814697266,80.0971039,13.0507369
1790335340070770700,565.4817707519531,,1.100000023841858,0.36000001430511475,1.0401476621627808,9.178999900817871,3.559999942779541,,99,-48.000003814697266,80.0971376,13.0507288
1790335341087776300,566.4987763671875,,1.100000023841858,0.3799999952316284,1.0503177642822266,3.4159998893737793,3.2699999809265137,,98,-48.000003814697266,80.0971764,13.0507207
1790335342080072400,567.4910725097657,,1.100000023841858,0.36000001430511475,1.0602407455444336,3.4000000953674316,3.869999885559082,,102,-48.000003814697266,80.0972121,13.0507124
1790335343102493400,568.5134934082031,,1.2000000476837158,0.4000000059604645,1.0704649686813354,3.4159998893737793,3.7799999713897705,,103,-48.000003814697266,80.0972517,13.0507028
1790335344126866400,569.5378664550781,,1.2000000476837158,0.5400000214576721,1.080708622932434,3.5,5.130000114440918,,103,-48.000003814697266,80.097297,13.0506892
1790335345139349800,570.5503498535156,,0.8999999761581421,0.36000001430511475,1.0908335447311401,3.700000047683716,5.279999732971191,,102,-48.000003814697266,80.0973405,13.0506633
1790335346113399000,571.5243989257813,,0.8999999761581421,0.3799999952316284,1.100574016571045,3.799999952316284,5.659999847412109,,102,-48.000003814697266,80.0973919,13.050645
1790335346279000000,571.69,,0,0,1,4.936999797821045,0,,0,-48.000003814697266,80.0973919,13.050645
1790335347159381500,572.5703815917968,,0.8999999761581421,0.3700000047683716,1.0088038444519043,4.936999797821045,6.049999713897705,,101,-48.000003814697266,80.0974246,13.0506311
1790335348150912500,573.5619125976563,,0.8999999761581421,0.4699999988079071,1.0187190771102905,4.936999797821045,6.599999904632568,,100,-48.000003814697266,80.0974727,13.0506154
1790335349143169300,574.5541691894531,,0.8999999761581421,0.41999998688697815,1.028641700744629,4.854000091552734,7.179999828338623,,100,-48.000003814697266,80.0975338,13.0506009
1790335350101000700,575.5120007324218,,0.8999999761581421,0.4300000071525574,1.0382200479507446,4.73199987411499,7.480000019073486,,95,-48.000003814697266,80.0976095,13.0505886
1790335351136052000,576.5470520019531,,0.8999999761581421,0.4699999988079071,1.0485705137252808,4.854000091552734,7.839999675750732,,94,-48.000003814697266,80.0976879,13.050587
1790335352139363000,577.5503630371094,,0.8999999761581421,0.5400000214576721,1.0586036443710327,3.6659998893737793,8.389999389648438,,94,-48.000003814697266,80.09777,13.0505797
1790335353158079200,578.5690793457031,,1,0.6200000047683716,1.0687907934188843,3.799999952316284,8.539999961853027,,95,-48.000003814697266,80.0978558,13.0505675
1790335354067140900,579.4781408691406,,0.8999999761581421,0.46000000834465027,1.0778814554214478,3.8329999446868896,8.550000190734863,,97,-48.000003814697266,80.097942,13.0505524
1790335355093873200,580.504873046875,,0.8999999761581421,0.47999998927116394,1.0881487131118774,3.9159998893737793,7.87999963760376,,96,-48.000003814697266,80.0980284,13.0505522
1790335356126896600,581.5378967285156,,0.8999999761581421,0.5,1.09847891330719,3.9159998893737793,7.539999961853027,,94,-48.000003814697266,80.0981007,13.050545
1790335357158117600,582.5691176757813,,0.8999999761581421,0.38999998569488525,1.1087912321090698,4.099999904632568,7.549999713897705,,97,-48.000003814697266,80.0981782,13.0505401
1790335358147455200,583.5584553222657,,0.8999999761581421,0.46000000834465027,1.1186845302581787,4.165999889373779,7.309999942779541,,94,-48.000003814697266,80.0982526,13.050537
1790335359162869000,584.5738688964843,,0.8999999761581421,0.4699999988079071,1.1288386583328247,4.300000190734863,6.62999963760376,,95,-48.000003814697266,80.0983176,13.0505319
1790335360155622400,585.5666223144531,,0.8999999761581421,0.4099999964237213,1.1387661695480347,4.300000190734863,6.329999923706055,,95,-48.000003814697266,80.0983704,13.0505274
1790335361142818300,586.553818359375,,0.8999999761581421,0.4399999976158142,1.148638129234314,4.300000190734863,6.549999713897705,,95,-48.000003814697266,80.0984298,13.0505193
1790335362128556000,587.5395561523437,,1,0.550000011920929,1.158495545387268,4.25,6.690000057220459,,95,-48.000003814697266,80.0984937,13.0505144
1790335363157304000,588.5683039550781,,0.8999999761581421,0.4000000059604645,1.1687830686569214,4.099999904632568,6.569999694824219,,97,-48.000003814697266,80.0985535,13.0505025
1790335364128446000,589.5394460449219,,0.8999999761581421,0.4099999964237213,1.1784944534301758,4.083000183105469,6.230000019073486,,93,-48.000003814697266,80.0986156,13.0504911
1790335365102322000,590.5133220214843,,0.8999999761581421,0.5099999904632568,1.1882332563400269,4,5.5,,90,-48.000003814697266,80.0986703,13.0504822
1790335366115272000,591.5262719726562,,0.8999999761581421,0.4099999964237213,1.1983627080917358,4,5.659999847412109,,91,-48.000003814697266,80.0987203,13.0504812
1790335367101880800,592.512880859375,,0.8999999761581421,0.4000000059604645,1.2082288265228271,4,5.909999847412109,,93,-48.000003814697266,80.0987744,13.0504788
1790335368119147300,593.5301472167969,,0.8999999761581421,0.3700000047683716,1.2184014320373535,4,5.909999847412109,,95,-48.000003814697266,80.0988259,13.0504712
1790335369158183700,594.56918359375,,0.8999999761581421,0.2800000011920929,1.2287918329238892,4,5.909999847412109,,96,-48.000003814697266,80.0988786,13.0504608
1790335370113251300,595.5242512207031,,1,0.4300000071525574,1.238342523574829,4,5.420000076293945,,96,-48.000003814697266,80.0989281,13.0504539
1790335371149896200,596.5608962402343,,1,0.3700000047683716,1.248708963394165,4,5.309999942779541,,96,-48.000003814697266,80.0989769,13.0504479
1790335372161341400,597.5723415527344,,1,0.4000000059604645,1.2588233947753906,4,5.039999961853027,,101,-48.000003814697266,80.0990298,13.0504355
1790335373155185200,598.5661850585938,,1,0.3799999952316284,1.2687618732452393,4,5.559999942779541,,100,-48.000003814697266,80.0990724,13.0504206
1790335374149505000,599.5605051269531,,1,0.46000000834465027,1.2787050008773804,4,5.799999713897705,,102,-48.000003814697266,80.099129,13.0504096
1790335375155169800,600.5661696777344,,1,0.3400000035762787,1.2887617349624634,3.9000000953674316,5.679999828338623,,99,-48.000003814697266,80.0991763,13.0503992
1790335376137613000,601.5486130371094,,0.8999999761581421,0.30000001192092896,1.298586130142212,3.8329999446868896,6.069999694824219,,97,-48.000003814697266,80.099223,13.0503874
1790335377163718700,602.57471875,,0.8999999761581421,0.28999999165534973,1.308847188949585,3.5999999046325684,6.420000076293945,,101,-48.000003814697266,80.0992802,13.0503662
1790335378151765500,603.562765625,,0.8999999761581421,0.23000000417232513,1.3187276124954224,3.5829999446868896,6.46999979019165,,109,-48.000003814697266,80.0993334,13.0503498
1790335379115269400,604.5262692871094,,0.8999999761581421,0.41999998688697815,1.3283627033233643,3.5,7.029999732971191,,112,-48.000003814697266,80.0993834,13.0503302
1790335380108604000,605.5196040039062,,0.8999999761581421,0.38999998569488525,1.3382960557937622,3.4159998893737793,7.190000057220459,,111,-48.000003814697266,80.0994397,13.0502973
1790335381157101000,606.5681010742187,,0.8999999761581421,0.3400000035762787,1.3487809896469116,3.4000000953674316,7.159999847412109,,109,-48.000003814697266,80.0994981,13.0502715
1790335382085835500,607.4968354492188,,0.8999999761581421,0.3100000023841858,1.3580683469772339,3.4159998893737793,7.059999942779541,,111,-48.000003814697266,80.0995503,13.050235
1790335383076684000,608.4876840820313,,0.8999999761581421,0.4399999976158142,1.3679767847061157,3.5,7.199999809265137,,110,-48.000003814697266,80.0996118,13.0502124
1790335384124808000,609.5358078613282,,0.8999999761581421,0.3499999940395355,1.378458023071289,3.5,7.289999961853027,,112,-48.000003814697266,80.0996783,13.0501836
1790335385106653000,610.5176528320312,,0.8999999761581421,0.41999998688697815,1.3882765769958496,3.5,7.519999980926514,,111,-48.000003814697266,80.0997439,13.0501597
1790335386162215700,611.5732155761718,,0.8999999761581421,0.44999998807907104,1.3988322019577026,3.5,7.649999618530273,,112,-48.000003814697266,80.0998063,13.0501373
1790335387148278300,612.5592783203125,,0.8999999761581421,0.6200000047683716,1.4086928367614746,3.5999999046325684,7.869999885559082,,109,-48.000003814697266,80.0998763,13.0501151
1790335388138844200,613.5498442382813,,0.8999999761581421,0.46000000834465027,1.4185984134674072,3.700000047683716,7.759999752044678,,108,-48.000003814697266,80.0999447,13.050092
1790335389160943400,614.571943359375,,0.8999999761581421,0.3100000023841858,1.4288194179534912,3.799999952316284,7.949999809265137,,110,-48.000003814697266,80.1000129,13.0500628
1790335390174083300,615.5850832519532,,0.8999999761581421,0.3400000035762787,1.438950777053833,3.799999952316284,7.710000038146973,,111,-48.000003814697266,80.1000811,13.0500387
1790335391150048300,616.5610483398438,,0.8999999761581421,0.25,1.4487104415893555,3.6659998893737793,7.809999942779541,,110,-48.000003814697266,80.1001493,13.0500107
1790335392145295000,617.5562951660156,,0.8999999761581421,0.33000001311302185,1.458662986755371,3.5829999446868896,8.069999694824219,,112,-48.000003814697266,80.1002167,13.0499832
1790335393102235600,618.5132355957031,,0.8999999761581421,0.27000001072883606,1.4682323932647705,3.4159998893737793,8.09999942779541,,109,-48.000003814697266,80.1002884,13.0499539
1790335394150613800,619.5616137695313,,0.8999999761581421,0.3199999928474426,1.4787161350250244,3.25,7.869999885559082,,109,-48.000003814697266,80.1003601,13.0499276
1790335395144972300,620.5559721679688,,0.8999999761581421,0.2800000011920929,1.4886597394943237,3.1659998893737793,7.819999694824219,,108,-48.000003814697266,80.1004349,13.049904
1790335396144098300,621.5550983886719,,0.8999999761581421,0.3499999940395355,1.4986510276794434,3.0829999446868896,7.449999809265137,,107,-48.000003814697266,80.1004971,13.0498801
1790335397135625700,622.5466257324218,,0.8999999761581421,0.3100000023841858,1.5085662603378296,3.0829999446868896,7.239999771118164,,106,-48.000003814697266,80.1005625,13.0498594
1790335398132380400,623.5433803710938,,0.8999999761581421,0.3700000047683716,1.5185338258743286,3.0999999046325684,6.429999828338623,,105,-48.000003814697266,80.1006253,13.0498491
1790335399112834000,624.523833984375,,0.8999999761581421,0.4099999964237213,1.5283383131027222,3.0829999446868896,5.279999732971191,,106,-48.000003814697266,80.1006801,13.0498324
1790335400130459400,625.5414594726562,,0.8999999761581421,0.3400000035762787,1.5385146141052246,3.0829999446868896,4.679999828338623,,102,-48.000003814697266,80.1007217,13.0498211
1790335401156435000,626.5674350585938,,0.8999999761581421,0.30000001192092896,1.5487743616104126,3.0999999046325684,4.5,,98,-48.000003814697266,80.1007671,13.0498148
1790335402153506800,627.5645068359376,,0.8999999761581421,0.27000001072883606,1.55874502658844,3.0999999046325684,4.449999809265137,,95,-48.000003814697266,80.1008029,13.0498135
1790335403164956200,628.5759560546875,,1,0.3400000035762787,1.568859577178955,3.0999999046325684,4.779999732971191,,94,-48.000003814697266,80.1008478,13.0498077
1790335404155320800,629.5663208007812,,0.8999999761581421,0.25,1.5787632465362549,3.0999999046325684,4.96999979019165,,99,-48.000003814697266,80.1008925,13.0497968
1790335405132127700,630.5431276855469,,0.8999999761581421,0.27000001072883606,1.588531255722046,3,5.119999885559082,,99,-48.000003814697266,80.1009347,13.0497815
1790335406092391700,631.5033916015625,,0.8999999761581421,0.3100000023841858,1.59813392162323,3,5.159999847412109,,93,-48.000003814697266,80.1009808,13.0497711
1790335407147935500,632.558935546875,,0.8999999761581421,0.25,1.608689308166504,2.9159998893737793,5.440000057220459,,92,-48.000003814697266,80.1010306,13.0497661
1790335408156971300,633.5679711914063,,0.8999999761581421,0.2800000011920929,1.6187796592712402,2.9159998893737793,5.599999904632568,,94,-48.000003814697266,80.1010887,13.0497576
1790335409165838300,634.5768383789062,,0.8999999761581421,0.28999999165534973,1.6288683414459229,2.9000000953674316,5.87999963760376,,93,-48.000003814697266,80.1011438,13.0497527
1790335410143105500,635.55410546875,,0.8999999761581421,0.3499999940395355,1.6386409997940063,3,6.909999847412109,,90,-48.000003814697266,80.1012053,13.0497462
1790335411104769000,636.5157690429687,,0.8999999761581421,0.25,1.6482577323913574,3,7.069999694824219,,90,-48.000003814697266,80.1012688,13.0497447
1790335412103740000,637.5147399902344,,0.8999999761581421,0.2199999988079071,1.6582473516464233,2.9159998893737793,7.149999618530273,,90,-48.000003814697266,80.1013333,13.0497377
1790335413147344400,638.5583444824218,,0.8999999761581421,0.4000000059604645,1.668683409690857,2.9159998893737793,6.549999713897705,,89,-48.000003814697266,80.1013987,13.0497323
1790335414139059700,639.5500598144531,,0.8999999761581421,0.3100000023841858,1.678600549697876,2.9159998893737793,6.190000057220459,,85,-48.000003814697266,80.1014572,13.0497302
1790335415152559600,640.5635595703125,,0.8999999761581421,0.3499999940395355,1.6887356042861938,2.9000000953674316,4.179999828338623,,86,-48.000003814697266,80.1014976,13.0497297
1790335416082589200,641.4935891113281,,1,0.49000000953674316,1.6980358362197876,2.9159998893737793,2.929999828338623,,87,-48.000003814697266,80.1015288,13.0497308
1790335417144760600,642.5557604980469,,1.100000023841858,0.3499999940395355,1.7086576223373413,3.0999999046325684,2.7699999809265137,,88,-48.000003814697266,80.1015563,13.0497328
1790335418147984600,643.5589846191406,,1.100000023841858,0.41999998688697815,1.7186897993087769,3.200000047683716,2.450000047683716,,88,-48.000003814697266,80.1015816,13.0497335
1790335419136002600,644.5470024414062,,1.2000000476837158,0.4000000059604645,1.7285699844360352,3.25,2.7899999618530273,,85,-48.000003814697266,80.1016057,13.0497373
1790335420147578000,645.558578125,,1.2000000476837158,0.3799999952316284,1.7386857271194458,3.4159998893737793,3.3999998569488525,,88,-48.000003814697266,80.1016358,13.0497394
1790335421147772700,646.5587727050781,,1.2000000476837158,0.44999998807907104,1.748687744140625,3.700000047683716,3.8399999141693115,,85,-48.000003814697266,80.1016684,13.0497446
1790335422155952400,647.5669523925782,,1.100000023841858,0.3700000047683716,1.7587695121765137,3.799999952316284,3.799999952316284,,88,-48.000003814697266,80.1017048,13.0497469
1790335423136180000,648.5471799316406,,1,0.5,1.7685718536376953,3.9159998893737793,4.779999732971191,,89,-48.000003814697266,80.1017447,13.0497432
1790335424261278000,649.6722778320312,,1,0.47999998927116394,1.779822826385498,4.199999809265137,5.059999942779541,,87,-48.000003814697266,80.1018008,13.0497431
1790335425203175700,650.61417578125,,1,0.6000000238418579,1.7892417907714844,4.300000190734863,4.339999675750732,,89,-48.000003814697266,80.1018467,13.0497443
1790335426174446300,651.5854462890625,,1.100000023841858,0.6700000166893005,1.7989544868469238,4.5,4.529999732971191,,87,-48.000003814697266,80.1018928,13.0497403
1790335427190210000,652.6012099609375,,1.100000023841858,0.7900000214576721,1.8091120719909668,4.900000095367432,4.289999961853027,,87,-48.000003814697266,80.1019689,13.0497489
1790335428204666400,653.6156662597656,,1.100000023841858,0.9800000190734863,1.8192566633224487,5.099999904632568,7.339999675750732,,87,-48.000003814697266,80.1020324,13.0497608
1790335429153906000,654.5649060058594,,1.100000023841858,0.6800000071525574,1.8287490606307983,5.25,7.149999618530273,,88,-48.000003814697266,80.1021033,13.0497697
1790335430194727700,655.6057277832032,,1.100000023841858,0.9399999976158142,1.839157223701477,5.415999889373779,6.579999923706055,,87,-48.000003814697266,80.1021388,13.0497766
1790335431178122800,656.5891228027343,,1.100000023841858,0.75,1.8489912748336792,5.699999809265137,8.229999542236328,,84,-48.000003814697266,80.1021976,13.049793
1790335432204426800,657.6154267578125,,1.2000000476837158,1.0099999904632568,1.859254240989685,5.599999904632568,9.069999694824219,,86,-48.000003814697266,80.102288,13.0497852
1790335433204983000,658.6159831542968,,1.2000000476837158,0.9900000095367432,1.8692598342895508,5.599999904632568,8.510000228881836,,85,-48.000003814697266,80.1023781,13.0497896
1790335434198959400,659.6099594726562,,1.2000000476837158,0.8999999761581421,1.8791996240615845,5.599999904632568,7.319999694824219,,87,-48.000003814697266,80.1024591,13.0497886
1790335435222170000,660.6331701660156,,1.100000023841858,0.6100000143051147,1.8894317150115967,5.699999809265137,7.079999923706055,,87,-48.000003814697266,80.1025406,13.0497966
1790335436211879000,661.62287890625,,1.100000023841858,0.8799999952316284,4,5.900000095367432,6.809999942779541,,88,-61,80.1026313,13.0498231
1790335437140036400,662.5510363769531,,1,0.8299999833106995,4,5.915999889373779,8.880000114440918,,86,-61,80.1027385,13.0498311
1790335438194548200,663.6055483398437,,1,0.6000000238418579,4,5.833000183105469,9.369999885559082,,86,-61,80.1028605,13.0498269
1790335439215066600,664.6260666503906,,1,0.5,4,5.599999904632568,9.449999809265137,,86,-61,80.102977,13.0498224
1790335440208649500,665.6196494140625,,0.8999999761581421,0.46000000834465027,4,5.333000183105469,9.130000114440918,,87,-60,80.1030796,13.0498218
1790335441177397200,666.5883972167969,,0.8999999761581421,0.4399999976158142,3,4.915999889373779,8.210000038146973,,86,-60,80.1031687,13.0498166
1790335442173732000,667.5847321777344,,0.8999999761581421,0.4099999964237213,3,4.099999904632568,7.819999694824219,,88,-61,80.1032521,13.0498115
1790335443221322800,668.6323227539062,,0.8999999761581421,0.5199999809265137,3,3.799999952316284,7.349999904632568,,87,-62,80.1033275,13.0498095
1790335444214959400,669.6259594726563,,0.8999999761581421,0.3799999952316284,3,3.75,7.46999979019165,,89,-61,80.1034025,13.0498053
1790335445211033600,670.6220336914063,,0.8999999761581421,0.49000000953674316,3,3.5,7.019999980926514,,89,-62,80.1034713,13.0498052
1790335446167346200,671.5783461914062,,1,0.5099999904632568,3,3.5,5.839999675750732,,90,-62,80.1035343,13.049803
1790335447228302300,672.6393022460937,,0.8999999761581421,0.30000001192092896,3,3.5,5.230000019073486,,92,-62,80.1035875,13.0497967
1790335448169142000,673.5801420898438,,0.8999999761581421,0.3400000035762787,3,3.5,4.880000114440918,,90,-62,80.103633,13.0497919
1790335449190786600,674.6017866210938,,1,0.3499999940395355,3,3.5,4.440000057220459,,90,-62,80.1036727,13.049798
1790335450245213700,675.6562136230468,,1,0.2800000011920929,3,3.5,3.7300000190734863,,91,-61,80.1037104,13.0497902
1790335451223613000,676.6346130371094,,1,0.2800000011920929,3,3.5,3.509999990463257,,90,-61,80.1037419,13.0497879
1790335452226350600,677.6373505859375,,1.100000023841858,0.3400000035762787,3,3.5,2.809999942779541,,92,-61,80.1037694,13.0497871
1790335453211997000,678.6229968261719,,1.100000023841858,0.4099999964237213,3,3.5,1.3399999141693115,,92,-61,80.1037901,13.0497819
1790335454232199000,679.6431989746094,,0,0.019999999552965164,3,3.5,0,,0,-61,80.1037881,13.0497799
1790335455161517300,680.5725173339844,,1.100000023841858,0.3100000023841858,3,3.5,0.44999998807907104,,85,-61,80.103787,13.0497748
1790335456185128400,681.5961284179688,,1.2000000476837158,0.41999998688697815,3,3.5,1.2400000095367432,,94,-61,80.1037953,13.049771
1790335457216234200,682.6272341308594,,1.2999999523162842,0.30000001192092896,3,3.5,1.309999942779541,,107,-61,80.1038058,13.0497688
1790335457292000000,682.703,,0,0,2.662559986114502,4.005000114440918,0,,0,-50.20000076293945,80.1038058,13.0497688
1790335458152770600,683.5637705078125,,1.399999976158142,0.25999999046325684,2.6711676120758057,3.931999921798706,1.2899999618530273,,112,-50.20000076293945,80.1038162,13.0497692
1790335459182631200,684.5936311035156,,1.399999976158142,0.2800000011920929,2.6814663410186768,3.931999921798706,1.7300000190734863,,104,-50.20000076293945,80.1038315,13.0497691
1790335460188225300,685.5992253417969,,1.5,0.41999998688697815,2.6915221214294434,4.005000114440918,2.2300000190734863,,95,-50.20000076293945,80.1038533,13.0497668
1790335461219922700,686.6309226074219,,1.5,0.33000001311302185,2.7018392086029053,4.005000114440918,2.9099998474121094,,91,-50.20000076293945,80.1038796,13.0497671
1790335462196075500,687.6070754394531,,1.5,0.3199999928474426,2.7116007804870605,3.931999921798706,2.819999933242798,,95,-50.20000076293945,80.1039064,13.0497632
1790335463217008400,688.6280083007813,,1.5,0.27000001072883606,2.7218101024627686,3.5,2.429999828338623,,94,-50.20000076293945,80.1039311,13.0497606
1790335464227443700,689.6384436035156,,1.5,0.33000001311302185,2.731914520263672,3.5,1.959999918937683,,94,-50.20000076293945,80.1039542,13.049761
1790335465224173300,690.6351733398437,,1.600000023841858,0.3199999928474426,2.7418816089630127,3.5999999046325684,1.8700000047683716,,95,-50.20000076293945,80.1039748,13.0497591
1790335466212385500,691.6233854980469,,1.7000000476837158,0.27000001072883606,2.7517638206481934,3.5829999446868896,2.129999876022339,,92,-50.20000076293945,80.1039947,13.0497564
1790335467138636800,692.54963671875,,1.600000023841858,0.23999999463558197,2.761026382446289,3.5829999446868896,2.049999952316284,,96,-50.20000076293945,80.1040165,13.0497542
1790335468149295000,693.5602951660156,,1.600000023841858,0.27000001072883606,2.7711329460144043,3.5829999446868896,2.309999942779541,,98,-50.20000076293945,80.1040404,13.0497519
1790335469152812500,694.5638125,,1.899999976158142,0.25,2.781168222427368,3.5829999446868896,2.5199999809265137,,110,-50.20000076293945,80.1040673,13.0497452
1790335469527000000,694.938,,0,0,1.6724623441696167,6.077000141143799,0,,0,-50.400001525878906,80.1040673,13.0497452
1790335470211824400,695.6228244628907,,1.7000000476837158,0.18000000715255737,1.6793105602264404,5.709000110626221,2.549999952316284,,115,-50.400001525878906,80.1040936,13.049738
1790335471217426000,696.6284260253906,,1.600000023841858,0.23999999463558197,1.6893665790557861,5.99399995803833,2.549999952316284,,109,-50.400001525878906,80.1041198,13.049731
1790335472194148000,697.6051481933594,,1.7000000476837158,0.3199999928474426,1.6991338729858398,5.99399995803833,2.2799999713897705,,101,-50.400001525878906,80.1041445,13.0497356
1790335473169151200,698.5801511230469,,1.7000000476837158,0.2800000011920929,1.7088838815689087,5.99399995803833,1.909999966621399,,101,-50.400001525878906,80.1041668,13.0497401
1790335474223628500,699.6346286621093,,1.7000000476837158,0.2199999988079071,1.7194286584854126,5.99399995803833,1.6699999570846558,,104,-50.400001525878906,80.1041823,13.0497362
1790335475229112300,700.6401123046875,,1.7999999523162842,0.28999999165534973,1.7294834852218628,3.5,1.459999918937683,,110,-50.400001525878906,80.104198,13.0497298
1790335476200927200,701.6119272460937,,1.7999999523162842,0.25,1.7392016649246216,3.5,1.6899999380111694,,112,-50.400001525878906,80.1042149,13.0497231
1790335477171800600,702.5828005371094,,1.899999976158142,0.2199999988079071,1.7489103078842163,3.5,1.6999999284744263,,110,-50.400001525878906,80.1042388,13.0497201
1790335478222212000,703.6332121582032,,1.899999976158142,0.30000001192092896,1.7594144344329834,3.5,1.75,,110,-50.400001525878906,80.10426,13.049717
1790335479207655200,704.6186552734375,,2,0.2199999988079071,1.7692688703536987,3.5,1.659999966621399,,108,-50.400001525878906,80.1042793,13.0497115
1790335479623000000,705.034,,0,0,2.0686326026916504,6.26800012588501,0,,0,-50.500003814697266,80.1042793,13.0497115
1790335480227341800,705.638341796875,,2,0.23999999463558197,2.074676036834717,5.873000144958496,1.5999999046325684,,96,-50.500003814697266,80.1042964,13.0497107
1790335481215878100,706.6268781738281,,2.0999999046325684,0.28999999165534973,2.084561347961426,6.26800012588501,1.5099999904632568,,100,-50.500003814697266,80.104312,13.049712
1790335482220295200,707.6312951660157,,2.0999999046325684,0.18000000715255737,2.0946054458618164,6.26800012588501,1.46999990940094,,109,-50.500003814697266,80.1043275,13.0497098
1790335483212988700,708.6239887695313,,2.200000047683716,0.30000001192092896,2.104532480239868,5.873000144958496,0.6800000071525574,,112,-50.500003814697266,80.1043389,13.0497086
1790335484216197000,709.6271970214843,,2.200000047683716,0.2199999988079071,2.1145646572113037,6.26800012588501,1.0499999523162842,,117,-50.500003814697266,80.1043498,13.0497071
1790335485227810800,710.6388107910157,,2.299999952316284,0.2800000011920929,2.124680757522583,3.5,1.2300000190734863,,113,-50.500003814697266,80.1043619,13.0497057
1790335486216017200,711.6270170898438,,2.299999952316284,0.20000000298023224,2.1345627307891846,3.5,1.2599999904632568,,101,-50.500003814697266,80.1043781,13.049701
1790335487227572000,712.6385720214844,,2.4000000953674316,0.23999999463558197,2.1446783542633057,3.5,1.309999942779541,,101,-50.500003814697266,80.1043881,13.0497061
1790335488213649700,713.6246496582031,,2.4000000953674316,0.27000001072883606,2.154539108276367,3.5,1.3199999332427979,,105,-50.500003814697266,80.1044024,13.0497034
1790335488847000000,714.258,,0,0,1.6274816989898682,7.7220001220703125,0,,0,-50.500003814697266,80.1044024,13.0497034
1790335489163316200,714.5743161621094,,2.5,0.20000000298023224,1.6306449174880981,7.11899995803833,1.659999966621399,,107,-50.500003814697266,80.1044214,13.0496936
1790335490188491800,715.5994916992188,,2.5,0.20000000298023224,1.6408965587615967,7.11899995803833,1.6299999952316284,,116,-50.500003814697266,80.1044379,13.0496796
1790335491220425500,716.6314255371094,,2.5999999046325684,0.20999999344348907,1.65121591091156,7.7220001220703125,1.5999999046325684,,107,-50.500003814697266,80.1044559,13.0496767
1790335492223810800,717.6348107910156,,2.5999999046325684,0.2199999988079071,1.6612497568130493,7.11899995803833,1.96999990940094,,109,-50.500003814697266,80.1044776,13.0496688
1790335493223872300,718.6348723144531,,2.299999952316284,0.23999999463558197,1.6712504625320435,7.7220001220703125,2.240000009536743,,106,-50.500003814697266,80.1045009,13.0496641
1790335494222557200,719.6335571289062,,2.0999999046325684,0.2199999988079071,1.6812372207641602,3.5,2.2300000190734863,,107,-50.500003814697266,80.1045236,13.0496609
1790335495202451500,720.6134514160157,,2,0.25999999046325684,1.6910362243652344,3.5,2.1599998474121094,,108,-50.500003814697266,80.1045466,13.0496566
1790335496185197300,721.596197265625,,1.899999976158142,0.2199999988079071,1.7008637189865112,3.5,2.1399998664855957,,109,-50.500003814697266,80.1045694,13.0496562
1790335497193673000,722.6046728515626,,1.899999976158142,0.3700000047683716,1.7109484672546387,3.5829999446868896,1.8199999332427979,,109,-50.500003814697266,80.104591,13.0496538
1790335498179753000,723.5907529296875,,2,0.38999998569488525,1.7208092212677002,3.5829999446868896,1.4499999284744263,,109,-50.500003814697266,80.1046084,13.0496521
1790335499202046700,724.6130466308593,,2,0.28999999165534973,1.731032133102417,3.6659998893737793,1.1899999380111694,,110,-50.500003814697266,80.1046155,13.0496501
1790335500019000000,725.43,,0,0,3.915529489517212,9.196000099182129,0,,0,-50.400001525878906,80.1046155,13.0496501
1790335500165552600,725.576552734375,,2.0999999046325684,0.23000000417232513,3.916995048522949,8.454000473022461,0.9199999570846558,,112,-50.400001525878906,80.1046235,13.0496467
1790335501228665900,726.6396657714844,,2.0999999046325684,0.2199999988079071,3.927626132965088,9.36299991607666,0.7099999785423279,,113,-50.400001525878906,80.1046308,13.0496478
1790335502165470200,727.5764702148438,,2.200000047683716,0.23000000417232513,3.9369940757751465,8.524999618530273,0.3400000035762787,,113,-50.400001525878906,80.1046347,13.04965
1790335503215229200,728.6262292480469,,0,0.05000000074505806,3.9474918842315674,9.36299991607666,0,,0,-50.400001525878906,80.1046347,13.0496496
1790335504230904800,729.6419047851563,,0,0.18000000715255737,3.957648515701294,9.279000282287598,0.05999999865889549,,0,-50.400001525878906,80.1046335,13.0496436
1790335505138546400,730.5495463867187,,0,0.07999999821186066,3.9667248725891113,3.75,0,,0,-50.400001525878906,80.1046336,13.0496436
1790335506140284700,731.5512846679687,,0,0.05999999865889549,3.9767422676086426,3.6659998893737793,0,,0,-50.400001525878906,80.1046336,13.0496436
1790335507155200300,732.5662001953125,,2.299999952316284,0.27000001072883606,3.986891508102417,3.5829999446868896,0.5299999713897705,,112,-50.400001525878906,80.1046343,13.049646
1790335508135385600,733.5463854980469,,2.299999952316284,0.5199999809265137,3.9966933727264404,3.6659998893737793,0.550000011920929,,113,-50.400001525878906,80.1046347,13.0496473
1790335509169838800,734.5808388671875,,2.4000000953674316,0.3799999952316284,4.007038116455078,3.6659998893737793,0.9799999594688416,,104,-50.400001525878906,80.1046378,13.0496418
1790335509353000000,734.764,,0,0,2.5889196395874023,4.9710001945495605,0,,0,-50.60000228881836,80.1046378,13.0496418
1790335510166626600,735.5776264648438,,2.4000000953674316,0.3199999928474426,2.5970559120178223,5.053999900817871,1.1999999284744263,,99,-50.60000228881836,80.1046426,13.0496392
1790335511181345500,736.5923454589844,,2.5999999046325684,0.4300000071525574,2.6072030067443848,5.13700008392334,2.379999876022339,,116,-50.60000228881836,80.1046609,13.0496304
1790335512196114700,737.6071147460938,,2.5,0.550000011920929,2.6173508167266846,5.2210001945495605,3.6499998569488525,,124,-50.60000228881836,80.1046929,13.0496164
1790335513191230000,738.6022299804688,,2,0.3199999928474426,2.6273019313812256,5.2210001945495605,3.5899999141693115,,120,-50.60000228881836,80.1047246,13.0496011
1790335514186081300,739.5970812988281,,1.899999976158142,0.3100000023841858,2.6372504234313965,5.2210001945495605,3.18999981880188,,121,-50.60000228881836,80.1047556,13.0495879
1790335515217694200,740.6286940917969,,1.7999999523162842,0.30000001192092896,2.647566556930542,3.9000000953674316,3.179999828338623,,117,-50.60000228881836,80.1047891,13.0495756
1790335516155332000,741.56633203125,,1.7999999523162842,0.3400000035762787,3.3523755073547363,3.8329999446868896,2.799999952316284,,119,-50.400001525878906,80.1048174,13.0495637
1790335517179611100,742.5906110839844,,1.600000023841858,0.25,3.3626182079315186,3.75,2.7200000286102295,,115,-50.400001525878906,80.1048463,13.0495535
1790335518210411800,743.6214118652343,,1.600000023841858,0.3100000023841858,3.3729262351989746,3.700000047683716,2.7200000286102295,,119,-50.400001525878906,80.1048759,13.0495455
1790335519216267300,744.6272673339844,,1.600000023841858,0.33000001311302185,3.3829848766326904,3.700000047683716,2.4600000381469727,,122,-50.400001525878906,80.104897,13.0495333
1790335520148872400,745.5598725585937,,1.600000023841858,0.5099999904632568,3.392310857772827,3.75,1,,122,-50.400001525878906,80.1049126,13.0495282
1790335521213200000,746.6241999511719,,1.7000000476837158,0.3799999952316284,3.4029541015625,3.9000000953674316,0.35999998450279236,,123,-50.400001525878906,80.1049102,13.0495269
1790335522215985400,747.6269853515626,,0,0.3100000023841858,3.4129819869995117,4,0.07000000029802322,,0,-50.400001525878906,80.1049088,13.0495254
1790335523220890000,748.6318901367188,,0,0.2199999988079071,3.4230310916900635,4,0.09999999403953552,,0,-50.400001525878906,80.1049075,13.0495255
1790335524235647200,749.6466472167969,,1.7999999523162842,0.3100000023841858,3.433178663253784,4,0.19999998807907104,,122,-50.400001525878906,80.104908,13.0495237
1790335525218574000,750.6295739746093,,1.899999976158142,0.20999999344348907,3.4430079460144043,3.9000000953674316,0.3100000023841858,,120,-50.400001525878906,80.104906,13.0495243
1790335526164275700,751.5752756347656,,1.899999976158142,0.3100000023841858,3.4524648189544678,3.8329999446868896,0.9899999499320984,,119,-50.400001525878906,80.1049112,13.0495232
1790335526389000000,751.8,,0,0,5.890619277954102,5.248000144958496,0,,0,-51.500003814697266,80.1049112,13.0495232
1790335527196781000,752.6077810058594,,2,0.28999999165534973,5.8986968994140625,4.998000144958496,0.9799999594688416,,112,-51.500003814697266,80.1049197,13.0495219
1790335528220111600,753.6311115722656,,2,0.4099999964237213,5.90893030166626,4.998000144958496,0.8499999642372131,,114,-51.500003814697266,80.1049322,13.0495183
1790335529222964500,754.6339645996094,,2.0999999046325684,0.2800000011920929,5.918959140777588,4.998000144958496,0.9399999976158142,,116,-51.500003814697266,80.1049386,13.0495164
1790335530227752000,755.638751953125,,2.0999999046325684,0.36000001430511475,5.929006576538086,5.248000144958496,1.399999976158142,,118,-51.500003814697266,80.1049491,13.0495107
1790335531185591600,756.5965915527344,,2.200000047683716,0.4000000059604645,5.93858528137207,5.330999851226807,2.5299999713897705,,113,-51.500003814697266,80.1049689,13.0495022
1790335532163798300,757.5747983398437,,2,0.25,5.948367118835449,3.9159998893737793,2.569999933242798,,109,-51.500003814697266,80.104993,13.0494946
1790335533224822000,758.6358220214844,,1.7999999523162842,0.28999999165534973,5.958977699279785,4,2.609999895095825,,109,-51.500003814697266,80.1050196,13.0494886
1790335534211296500,759.6222966308594,,1.7999999523162842,0.3100000023841858,5.968842029571533,4,2.7699999809265137,,109,-51.500003814697266,80.105047,13.0494828
1790335535185060600,760.596060546875,,1.7000000476837158,0.27000001072883606,5.978579998016357,4,2.8999998569488525,,110,-51.500003814697266,80.1050796,13.0494755
1790335536194213000,761.6052131347657,,1.5,0.27000001072883606,5.98867130279541,3.9000000953674316,3.2799999713897705,,109,-51.500003814697266,80.1051104,13.0494673
1790335537220705500,762.6317055664063,,1.2000000476837158,0.2199999988079071,5.998936176300049,3.799999952316284,3.4800000190734863,,110,-51.500003814697266,80.1051444,13.0494542
1790335538154547000,763.565546875,,1.100000023841858,0.23000000417232513,6.008274555206299,3.75,3.419999837875366,,113,-51.500003814697266,80.1051745,13.0494422
1790335539158303700,764.5693037109374,,1.100000023841858,0.36000001430511475,6.018312454223633,3.6659998893737793,3.059999942779541,,115,-51.500003814697266,80.1052061,13.0494332
1790335540166947800,765.5779477539063,,1.2000000476837158,0.3499999940395355,6.0283989906311035,3.6659998893737793,2.6399998664855957,,113,-51.500003814697266,80.1052327,13.0494247
1790335541214059800,766.6250598144532,,1.2000000476837158,0.23999999463558197,6.038869857788086,3.700000047683716,2.669999837875366,,116,-51.500003814697266,80.1052588,13.0494135
1790335542230144000,767.6411440429688,,1.2000000476837158,0.28999999165534973,6.049030780792236,3.799999952316284,2.6399998664855957,,121,-51.500003814697266,80.1052838,13.0494038
1790335543165775000,768.5767751464844,,1.2999999523162842,0.4099999964237213,6.05838680267334,3.9000000953674316,2.2799999713897705,,119,-51.500003814697266,80.1053048,13.0493937
1790335544198353400,769.609353515625,,1.2999999523162842,0.33000001311302185,6.0687127113342285,4,2.2200000286102295,,114,-51.500003814697266,80.1053267,13.049389
1790335545231520000,770.6425200195313,,1.5,0.23000000417232513,6.079044342041016,4,2.1499998569488525,,108,-51.500003814697266,80.1053511,13.04938
1790335546227489500,771.6384895019531,,1.5,0.3199999928474426,6.089004039764404,4,2.0199999809265137,,107,-51.500003814697266,80.1053714,13.0493738
1790335547186896000,772.5978957519532,,1.5,0.23999999463558197,2.245683193206787,4,2.119999885559082,,108,-50.80000305175781,80.1053907,13.0493704
1790335548196469800,773.6074697265625,,1.5,0.3100000023841858,2.2557787895202637,4,1.709999918937683,,108,-50.80000305175781,80.1054114,13.0493692
1790335549168221000,774.5792209472656,,1.5,0.25,2.265496253967285,4,1.9299999475479126,,114,-50.80000305175781,80.1054293,13.0493616
1790335550229738800,775.6407387695313,,1.600000023841858,0.36000001430511475,2.276111602783203,4,2.129999876022339,,119,-50.80000305175781,80.1054462,13.0493561
1790335551223377400,776.6343774414063,,1.600000023841858,0.3100000023841858,2.28604793548584,4,2.4800000190734863,,117,-50.80000305175781,80.1054684,13.0493502
1790335552224663300,777.6356633300782,,1.600000023841858,0.27000001072883606,2.296060800552368,3.9000000953674316,2.319999933242798,,112,-50.80000305175781,80.1054905,13.0493386
1790335553163841800,778.574841796875,,1.5,0.23000000417232513,2.305452585220337,3.8329999446868896,2.440000057220459,,114,-50.80000305175781,80.1055119,13.049332
1790335554187003400,779.5980034179687,,1.5,0.2800000011920929,2.3156840801239014,3.700000047683716,2.549999952316284,,114,-50.80000305175781,80.1055358,13.0493243
1790335555222705700,780.6337055664062,,1.399999976158142,0.23000000417232513,2.3260412216186523,3.6659998893737793,2.5999999046325684,,115,-50.80000305175781,80.1055578,13.0493128
1790335556220482600,781.6314826660156,,1.2999999523162842,0.27000001072883606,2.3360190391540527,3.5,2.9099998474121094,,116,-50.80000305175781,80.1055852,13.0493045
1790335557212632800,782.6236328125,,1.2999999523162842,0.25,2.345940351486206,3.4159998893737793,3.059999942779541,,114,-50.80000305175781,80.1056144,13.0492941
1790335558226153500,783.6371535644531,,1.2999999523162842,0.3400000035762787,2.3560757637023926,3.4000000953674316,3.109999895095825,,116,-50.80000305175781,80.1056471,13.0492841
1790335559197736700,784.6087368164062,,1.2999999523162842,0.4300000071525574,2.3657915592193604,3.4000000953674316,3.2699999809265137,,114,-50.80000305175781,80.1056822,13.0492751
1790335560178195000,785.5891948242188,,1.2000000476837158,0.44999998807907104,2.375596046447754,3.4159998893737793,4.799999713897705,,110,-50.80000305175781,80.1057245,13.0492685
1790335560771000000,786.182,,0,0,1.7339391708374023,7.368000030517578,0,,0,-50.80000305175781,80.1057245,13.0492685
1790335561172103000,786.5831030273438,,1,0.33000001311302185,1.7379502058029175,6.74399995803833,5.579999923706055,,111,-50.80000305175781,80.1057748,13.0492549
1790335562227100400,787.6381003417969,,0.8999999761581421,0.25999999046325684,1.7485002279281616,7.284999847412109,6.190000057220459,,108,-50.80000305175781,80.1058313,13.0492377
1790335563213076500,788.6240764160157,,0.8999999761581421,0.25,1.7583599090576172,6.60099983215332,6.519999980926514,,110,-50.80000305175781,80.1058968,13.0492165
1790335564239267000,789.6502670898437,,0.8999999761581421,0.25,1.768621802330017,6.952000141143799,7.159999847412109,,112,-50.80000305175781,80.1059573,13.0491901
1790335565231808300,790.6428083496094,,0.8999999761581421,0.3100000023841858,1.7785472869873047,6.784999847412109,7.639999866485596,,110,-50.80000305175781,80.106027,13.0491642
1790335566228053200,791.6390532226562,,0.8999999761581421,0.30000001192092896,1.788509726524353,2.5999999046325684,8.25,,112,-50.80000305175781,80.1060931,13.0491333
1790335567219434200,792.6304343261719,,0.8999999761581421,0.27000001072883606,1.7984235286712646,2.5829999446868896,8.90999984741211,,111,-50.80000305175781,80.1061737,13.049101
1790335568182656000,793.5936560058594,,0.8999999761581421,0.2199999988079071,1.8080557584762573,2.5,9.239999771118164,,111,-50.80000305175781,80.1062584,13.0490667
1790335569217718300,794.6287182617187,,0.8999999761581421,0.25999999046325684,1.818406343460083,2.5,9.300000190734863,,111,-50.80000305175781,80.1063405,13.0490388
1790335570217000200,795.6280002441406,,0.8999999761581421,0.3700000047683716,1.8283991813659668,2.5,7.949999809265137,,111,-50.80000305175781,80.106417,13.0490203
1790335571234183700,796.64518359375,,0.8999999761581421,0.3499999940395355,1.8385709524154663,2.5,7.199999809265137,,113,-50.80000305175781,80.1064812,13.0489967
1790335572221534500,797.6325344238281,,0.8999999761581421,0.3400000035762787,1.8484444618225098,2.5,6.75,,113,-50.80000305175781,80.1065441,13.0489712
1790335573228509700,798.639509765625,,0.8999999761581421,0.3499999940395355,1.8585143089294434,2.5999999046325684,6.659999847412109,,112,-50.80000305175781,80.1066032,13.0489446
1790335574227970800,799.638970703125,,0.8999999761581421,0.28999999165534973,1.8685089349746704,2.700000047683716,6.87999963760376,,112,-50.80000305175781,80.1066595,13.0489157
1790335575192740400,800.603740234375,,0.8999999761581421,0.30000001192092896,1.8781565427780151,2.6659998893737793,7.25,,113,-50.80000305175781,80.1067193,13.048885
1790335576218509000,801.6295090332031,,0.8999999761581421,0.3199999928474426,1.8884142637252808,2.6659998893737793,6.859999656677246,,109,-50.80000305175781,80.1067829,13.0488674
1790335577208887800,802.6198876953125,,0.8999999761581421,0.25999999046325684,1.8983180522918701,2.75,6.649999618530273,,109,-50.80000305175781,80.1068414,13.048847
1790335578226279400,803.6372795410156,,0.8999999761581421,0.3799999952316284,1.9084919691085815,2.8329999446868896,6.62999963760376,,109,-50.80000305175781,80.1069012,13.048827
1790335579217171700,804.6281716308594,,0.8999999761581421,0.3100000023841858,1.9184008836746216,2.8329999446868896,6.46999979019165,,110,-50.80000305175781,80.1069574,13.0488052
1790335580234074400,805.6450744628906,,0.8999999761581421,0.4000000059604645,1.9285699129104614,2.9000000953674316,5.679999828338623,,113,-50.80000305175781,80.107007,13.0487821
1790335581230782200,806.6417822265626,,0.8999999761581421,0.3199999928474426,1.9385370016098022,3,4.989999771118164,,112,-50.80000305175781,80.1070556,13.0487583
1790335582235770600,807.6467705078124,,0.8999999761581421,0.33000001311302185,1.9485868215560913,3,3.990000009536743,,110,-50.80000305175781,80.1070902,13.0487376
1790335583179616300,808.5906162109375,,1,0.38999998569488525,1.958025336265564,3,3.1599998474121094,,112,-50.80000305175781,80.1071196,13.0487277
1790335584211605800,809.6226057128906,,1.100000023841858,0.36000001430511475,1.968345284461975,3.0829999446868896,2.450000047683716,,111,-50.80000305175781,80.107145,13.0487219
1790335585220080400,810.6310803222656,,1.100000023841858,0.23999999463558197,1.9784300327301025,3.1659998893737793,2.5,,109,-50.80000305175781,80.1071652,13.0487142
1790335586223277000,811.6342770996093,,1.399999976158142,0.27000001072883606,1.988461971282959,3.1659998893737793,2.5999999046325684,,118,-50.80000305175781,80.1071882,13.0487059
1790335587223658000,812.6346579589843,,0,0.2199999988079071,1.9984657764434814,2.9159998893737793,2.5,,115,-50.80000305175781,80.1071712,13.0487006
1790335588208853200,813.6198532714844,,0,0.20999999344348907,2.008317708969116,2.5999999046325684,2.75,,116,-50.80000305175781,80.1071933,13.048694
1790335589230692900,814.6416928710937,,0,0.2199999988079071,2.01853609085083,2.200000047683716,3.8999998569488525,,117,-50.80000305175781,80.1072268,13.0486797
1790335590213488400,815.62448828125,,0,0.23999999463558197,2.0283639430999756,2.0829999446868896,4.769999980926514,,112,-50.80000305175781,80.1072667,13.0486621
1790335591212831700,816.6238317871093,,0,0.23000000417232513,2.0383574962615967,1.75,5.960000038146973,,114,-50.80000305175781,80.1073193,13.0486381
1790335592222388500,817.6333884277344,,0,0.25,2.0484530925750732,1.5,7.099999904632568,,117,-50.80000305175781,80.107377,13.0486104
1790335593218229500,818.6292294921875,,0,0.2800000011920929,2.0584113597869873,1.5,8.139999389648438,,117,-50.80000305175781,80.1074466,13.0485756
1790335594225394400,819.63639453125,,0,0.2800000011920929,2.0684831142425537,1.5,8.989999771118164,,117,-50.80000305175781,80.1075151,13.048536
1790335595206873300,820.6178732910156,,0,0.3199999928474426,2.0782978534698486,1.5,9.220000267028809,,118,-50.80000305175781,80.107589,13.0484953
1790335596220228000,821.6312280273437,,0,0.3499999940395355,2.0884313583374023,1.5,8.59999942779541,,120,-50.80000305175781,80.1076604,13.0484545
1790335597207984600,822.6189846191406,,0,0.3700000047683716,2.09830904006958,1.5,7.149999618530273,,121,-50.80000305175781,80.1077212,13.0484225
1790335598221305000,823.6323051757812,,0,0.36000001430511475,2.1084423065185547,1.5,5.589999675750732,,120,-50.80000305175781,80.1077691,13.0483999
1790335599215020000,824.6260200195312,,0,0.3799999952316284,2.1183793544769287,1.5829999446868896,3.7899999618530273,,119,-50.80000305175781,80.1078061,13.0483864
1790335600235999700,825.6469997558594,,0,0.38999998569488525,2.128589153289795,1.7000000476837158,3,,121,-50.80000305175781,80.1078319,13.0483785
1790335601196370200,826.6073701171875,,0,0.28999999165534973,2.138192892074585,1.75,3.4499998092651367,,123,-50.80000305175781,80.1078711,13.0483494
1790335602194649900,827.6056499023438,,0,0.3100000023841858,2.1481757164001465,1.75,3.809999942779541,,121,-50.80000305175781,80.1078957,13.0483369
1790335603217148000,828.6281479492187,,0,0.33000001311302185,2.158400535583496,1.75,4.46999979019165,,117,-50.80000305175781,80.1079328,13.0483262
1790335604201569300,829.6125693359375,,0,0.3100000023841858,2.1682448387145996,1.75,5.429999828338623,,118,-50.80000305175781,80.1079802,13.048302
1790335605214176500,830.6251765136719,,0,0.33000001311302185,2.178370952606201,1.6660000085830688,6.349999904632568,,119,-50.80000305175781,80.108036,13.0482802
1790335606224393500,831.6353935546875,,0,0.33000001311302185,2.1884729862213135,1.5,7.089999675750732,,120,-50.80000305175781,80.1080943,13.0482525
1790335607219486500,832.6304865722657,,0,0.28999999165534973,2.1984241008758545,1.5,7.829999923706055,,117,-50.80000305175781,80.1081546,13.0482253
1790335608208210000,833.6192099609375,,0,0.27000001072883606,2.2083113193511963,1.5,8.40999984741211,,118,-50.80000305175781,80.1082192,13.0481886
1790335609217410800,834.6284108886719,,0,0.27000001072883606,2.2184033393859863,1.5,9.010000228881836,,116,-50.80000305175781,80.1082953,13.0481509
1790335610208381700,835.6193815917969,,0,0.25999999046325684,2.2283129692077637,1.5,9.619999885559082,,117,-50.80000305175781,80.1083722,13.0481108
1790335611210662400,836.6216623535156,,0,0.2800000011920929,2.2383358478546143,1.5,10,,119,-50.80000305175781,80.1084503,13.0480647
1790335612177669600,837.5886696777344,,0,0.25,2.2480058670043945,1.5,10.420000076293945,,119,-50.80000305175781,80.1085319,13.048014
1790335613225758200,838.6367583007813,,0,0.25,2.258486747741699,1.5,10.679999351501465,,120,-50.80000305175781,80.1086201,13.0479676
1790335614245609200,839.6566091308594,,0,0.2800000011920929,2.2686853408813477,1.5,10.569999694824219,,119,-50.80000305175781,80.1087044,13.0479145
1790335615211988000,840.6229880371094,,0,0.33000001311302185,2.2783491611480713,1.5,10.389999389648438,,120,-50.80000305175781,80.1087849,13.0478666
1790335616163278800,841.5742788085937,,0,0.3799999952316284,2.2878620624542236,1.5,10.229999542236328,,122,-50.80000305175781,80.108864,13.0478199
1790335617227349800,842.6383498535156,,0,0.38999998569488525,2.2985026836395264,1.5,9.479999542236328,,122,-50.80000305175781,80.1089469,13.0477729
1790335618213273900,843.6242739257813,,0,0.3400000035762787,2.3083620071411133,1.5,9.460000038146973,,120,-50.80000305175781,80.1090342,13.0477276
1790335619234957600,844.6459575195313,,0,0.36000001430511475,2.3185787200927734,1.5,8.880000114440918,,120,-50.80000305175781,80.1091048,13.047687
1790335620227779000,845.6387790527343,,0,0.3100000023841858,2.3285069465637207,1.5,8.069999694824219,,119,-50.80000305175781,80.1091668,13.0476447
1790335621214564400,846.625564453125,,0,0.3400000035762787,1,1.5,7.149999618530273,,120,-55,80.1092295,13.0476112
1790335622187258600,847.5982585449219,,0,0.38999998569488525,1,1.5829999446868896,6.549999713897705,,122,-55,80.109285,13.0475734
1790335623209582800,848.6205827636719,,0,0.4099999964237213,1,1.6660000085830688,5.819999694824219,,126,-55,80.1093252,13.0475433
1790335624232426800,849.6434267578124,,0,0.41999998688697815,1,1.75,4.71999979019165,,126,-54,80.1093577,13.0475171
1790335625225687300,850.6366872558593,,0,0.3799999952316284,1,1.8329999446868896,3.369999885559082,,122,-55,80.1093818,13.0475022
1790335626219035100,851.63003515625,,0,0.36000001430511475,1,2,2.5299999713897705,,119,-54,80.1094018,13.0474882
1790335627175737600,852.5867375488281,,0,0.3700000047683716,1,2,2.129999876022339,,114,-54,80.1094225,13.047473
1790335628155904000,853.5669040527343,,0,0.4000000059604645,2.4077882766723633,2,1.7899999618530273,,116,-50.80000305175781,80.1094382,13.0474567
1790335629215710500,854.6267104492188,,0,0.4099999964237213,2.418386220932007,2,1.4399999380111694,,117,-50.80000305175781,80.1094506,13.0474451
1790335630180911400,855.5919113769531,,0,0.41999998688697815,2.4280383586883545,2,1.5099999904632568,,114,-50.80000305175781,80.1094696,13.0474374
1790335631186531800,856.5975317382813,,0,0.38999998569488525,2.4380943775177,2,1.3600000143051147,,117,-50.80000305175781,80.1094745,13.0474301
1790335632208354300,857.6193542480469,,0,0.38999998569488525,2.448312759399414,2,1.1699999570846558,,112,-50.80000305175781,80.1094817,13.0474223
1790335633204668000,858.61566796875,,0,0.4300000071525574,2.45827579498291,2.0999999046325684,0.7099999785423279,,113,-50.80000305175781,80.1094913,13.0474154
1790335634182215200,859.5932150878906,,0,0.46000000834465027,2.4680514335632324,2.1659998893737793,0.4399999976158142,,117,-50.80000305175781,80.1094982,13.0474085
1790335635201462300,860.6124621582031,,0,0.5,2.478243827819824,2.4000000953674316,0.3100000023841858,,117,-50.80000305175781,80.1095031,13.0474048
1790335636202545700,861.6135456542969,,0,0.5299999713897705,2.4882545471191406,2.5999999046325684,0.8100000023841858,,119,-50.80000305175781,80.1095083,13.0473993
1790335637206536000,862.6175358886719,,0,0.3700000047683716,2.4982945919036865,2.5829999446868896,1.8600000143051147,,117,-50.80000305175781,80.1095277,13.047386
1790335638188412200,863.599412109375,,0,0.3400000035762787,2.508113384246826,2.6659998893737793,1.8899999856948853,,117,-50.80000305175781,80.1095545,13.0473686
1790335639160972800,864.5719729003906,,0,0.3499999940395355,1.036139726638794,2.6659998893737793,2.0899999141693115,,118,-52.000003814697266,80.1095823,13.0473543
1790335640177654300,865.588654296875,,0,0.3799999952316284,1.0463064908981323,2.6659998893737793,1.8499999046325684,,114,-52.000003814697266,80.1095957,13.0473509
1790335641189560800,866.6005607910156,,0,0.36000001430511475,1.0564255714416504,2.5829999446868896,1.4299999475479126,,98,-52.000003814697266,80.1096191,13.0473458
1790335642214699300,867.62569921875,,0,0.3100000023841858,1.0666769742965698,2.4000000953674316,1.2200000286102295,,93,-52.000003814697266,80.1096287,13.0473534
1790335643234159000,868.6451591796875,,0,0.33000001311302185,1.076871633529663,2.4000000953674316,0.9599999785423279,,98,-52.000003814697266,80.1096386,13.0473519
1790335644201851400,869.6128513183594,,0,0.3400000035762787,1.0865485668182373,2.4000000953674316,0.3400000035762787,,111,-52.000003814697266,80.1096442,13.0473475
1790335645191447600,870.6024475097656,,0,0.3199999928474426,1.0964444875717163,2.4000000953674316,0.08999999612569809,,0,-52.000003814697266,80.1096484,13.0473471
1790335646214990000,871.6259899902344,,0,0.23999999463558197,1.106679916381836,2.4000000953674316,0.14000000059604645,,109,-52.000003814697266,80.1096537,13.047347
1790335647208641300,872.6196413574219,,0,0.23000000417232513,1.1166163682937622,2.4159998893737793,0,,0,-52.000003814697266,80.1096512,13.0473475
1790335647761000000,873.172,,0,0,1,3.052000045776367,0,,0,-51.900001525878906,80.1096512,13.0473475
1790335648183306500,873.5943063964844,,0,0.20999999344348907,1.004223108291626,2.9730000495910645,0.32999998331069946,,109,-51.900001525878906,80.1096524,13.0473474
1790335649205230600,874.6162307128906,,0,0.23999999463558197,1.0144423246383667,3.052000045776367,0.7199999690055847,,106,-51.900001525878906,80.1096593,13.0473467
1790335650151743700,875.5627436523438,,0,0.28999999165534973,1.0239074230194092,2.9730000495910645,0.5699999928474426,,115,-51.900001525878906,80.1096657,13.0473448
1790335651143902200,876.5549020996094,,0,0.33000001311302185,1.0338289737701416,2.9730000495910645,0.3799999952316284,,125,-51.900001525878906,80.10967,13.0473391
1790335652141142800,877.5521428222656,,0,0.3799999952316284,1.0438014268875122,2.9730000495910645,0.429999977350235,,115,-51.900001525878906,80.109673,13.0473371
1790335653197624000,878.6086240234375,,0,0.4099999964237213,1.0543662309646606,2.5,0.7400000095367432,,115,-51.900001525878906,80.1096791,13.0473357
1790335654212337700,879.6233376464844,,0,0.23999999463558197,1.0645133256912231,2.4000000953674316,1.7899999618530273,,112,-51.900001525878906,80.1097099,13.0473305
1790335655148488000,880.5594880371094,,0,0.2199999988079071,1.073874831199646,2.3329999446868896,2.5899999141693115,,121,-51.900001525878906,80.1097332,13.0473259
1790335656163359500,881.574359375,,0,0.25,1.0840235948562622,2.200000047683716,3.049999952316284,,121,-51.900001525878906,80.1097595,13.0473146
1790335657157620000,882.5686198730468,,0,0.2800000011920929,1.0939662456512451,2.0999999046325684,3.0199999809265137,,120,-51.900001525878906,80.1097835,13.047303
1790335658209573400,883.6205734863281,,0,0.2800000011920929,3.301870822906494,2,2.8999998569488525,,117,-51.60000228881836,80.1098032,13.0472919
1790335659209644500,884.62064453125,,0,0.3100000023841858,3.3118715286254883,2,2.1499998569488525,,114,-51.60000228881836,80.109824,13.0472835
1790335660213592800,885.6245927734375,,0,0.25,3.321911096572876,2,1.1200000047683716,,109,-51.60000228881836,80.1098323,13.047279
1790335661184525600,886.5955256347656,,0,0.30000001192092896,3.331620454788208,2,0.3799999952316284,,105,-51.60000228881836,80.1098383,13.0472764
1790335662151686100,887.5626860351563,,0,0.25999999046325684,3.341291904449463,2,0.019999999552965164,,0,-51.60000228881836,80.109842,13.0472742
1790335663216039200,888.6270390625,,0,0.27000001072883606,3.351935625076294,2,0.3999999761581421,,110,-51.60000228881836,80.1098431,13.0472737
1790335664220187400,889.6311875,,0,0.30000001192092896,3.3619771003723145,2,0.7099999785423279,,113,-51.60000228881836,80.109848,13.0472724
1790335665206713900,890.6177138671875,,0,0.2800000011920929,3.3718421459198,2,1.1299999952316284,,115,-51.60000228881836,80.1098526,13.0472664
1790335666222936300,891.6339362792969,,0,0.28999999165534973,3.382004499435425,2,0.8799999952316284,,112,-51.60000228881836,80.1098525,13.0472645
1790335666482000000,891.8929997558594,,0,0,13.584489822387695,3.7269999980926514,0,,0,-51.60000228881836,80.1098525,13.0472645
1790335667156701200,892.567701171875,,0,0.23999999463558197,13.59123706817627,3.7269999980926514,1.5,,115,-51.60000228881836,80.109863,13.0472596
1790335668174230500,893.58523046875,,0,0.20000000298023224,13.601411819458008,3.4800000190734863,2.1399998664855957,,116,-51.60000228881836,80.1098812,13.0472512
1790335669213442300,894.6244423828125,,0,0.2199999988079071,13.611804008483887,3.4079999923706055,2.869999885559082,,115,-51.60000228881836,80.1099055,13.0472417
1790335670219364400,895.6303642578125,,0,0.23000000417232513,13.62186336517334,3.559999942779541,3.3399999141693115,,116,-51.60000228881836,80.1099322,13.0472301
1790335671224566800,896.6355668945313,,0,0.23999999463558197,13.631915092468262,3.4769999980926514,3.049999952316284,,115,-51.60000228881836,80.1099554,13.0472196
1790335672216492800,897.6274929199219,,0,0.23999999463558197,13.64183521270752,1.600000023841858,2.8899998664855957,,115,-51.60000228881836,80.1099796,13.0472094
1790335673209387300,898.6203872070313,,0,0.25,13.651763916015625,1.5,2.7100000381469727,,117,-51.60000228881836,80.1100018,13.0471986
1790335674221252600,899.6322526855469,,0,0.23000000417232513,13.661882400512695,1.5,2.2100000381469727,,116,-51.60000228881836,80.1100251,13.0471896
1790335675225145000,900.6361450195312,,0,0.23000000417232513,13.671921730041504,1.5,1.959999918937683,,115,-51.60000228881836,80.1100399,13.0471813
1790335676225756400,901.6367563476563,,0,0.23000000417232513,13.681927680969238,1.5,1.7999999523162842,,115,-51.60000228881836,80.1100562,13.047174
1790335677208164000,902.6191640625,,0,0.23000000417232513,13.691751480102539,1.5,1.7799999713897705,,107,-51.60000228881836,80.1100722,13.04717
1790335678216205600,903.6272055664062,,0,0.23999999463558197,13.701831817626953,1.5,1.8299999237060547,,114,-51.60000228881836,80.1100898,13.0471651
1790335679220470300,904.6314702148437,,0,0.25,13.711874961853027,1.5,1.909999966621399,,113,-51.60000228881836,80.1101069,13.0471601
1790335680193145300,905.6041452636719,,0,0.25,13.721601486206055,1.5829999446868896,2.2699999809265137,,115,-51.60000228881836,80.1101223,13.0471503
1790335681213331200,906.6243312988281,,0,0.23000000417232513,13.731802940368652,1.6660000085830688,2.6499998569488525,,111,-51.60000228881836,80.1101423,13.0471377
1790335681746000000,907.1569997558594,,0,0,1.0061850547790527,5.301000118255615,0,,0,-51.30000305175781,80.1101423,13.0471377
1790335682199542300,907.6105422363281,,0,0.25,1.0107204914093018,4.828999996185303,2.819999933242798,,115,-51.30000305175781,80.1101665,13.0471307
1790335683198623200,908.6096232910156,,0,0.1899999976158142,1.0207113027572632,4.828999996185303,2.7100000381469727,,114,-51.30000305175781,80.1101884,13.0471196
1790335684170828300,909.5818283691407,,0,0.18000000715255737,1.0304332971572876,4.828999996185303,2.129999876022339,,112,-51.30000305175781,80.1102094,13.0471133
1790335685220844300,910.6318442382812,,0,0.20000000298023224,1.0409334897994995,5.301000118255615,1.4299999475479126,,113,-51.30000305175781,80.1102259,13.0471098
1790335686176384300,911.5873842773437,,0,0.20000000298023224,1.0504889488220215,4.757999897003174,1.2699999809265137,,113,-51.30000305175781,80.1102375,13.0471067
1790335687173059000,912.5840590820312,,0,0.20999999344348907,1.0604556798934937,1.5829999446868896,1.5499999523162842,,113,-51.30000305175781,80.1102528,13.047104
1790335688202559000,913.6135590820312,,0,0.2199999988079071,1.0707505941390991,1.5,1.5399999618530273,,120,-51.30000305175781,80.1102655,13.0471002
1790335689220482300,914.631482421875,,0,0.23999999463558197,1.0809298753738403,1.5,1.4399999380111694,,117,-51.30000305175781,80.1102784,13.0470944
1790335690208673300,915.6196733398438,,0,0.20000000298023224,1.0908117294311523,1.5,1.309999942779541,,112,-51.30000305175781,80.110295,13.0470929
1790335691189325000,916.6003249511718,,0,0.20999999344348907,1.1006183624267578,1.5,1.8299999237060547,,114,-51.30000305175781,80.1103107,13.0470857
1790335692223902200,917.6349020996093,,0,0.23000000417232513,1.110964059829712,1.5,2.429999828338623,,112,-51.30000305175781,80.1103318,13.0470769
1790335693206980900,918.6179809570312,,0,0.23999999463558197,1.1207948923110962,1.600000023841858,2.700000047683716,,115,-51.30000305175781,80.110349,13.0470652
1790335694211272000,919.6222719726562,,0,0.25,1.1308377981185913,1.6660000085830688,3.049999952316284,,111,-51.30000305175781,80.1103734,13.0470567
1790335695206995500,920.6179953613281,,0,0.25999999046325684,1.1407949924468994,1.75,3.119999885559082,,116,-51.30000305175781,80.1103976,13.0470466
1790335696206376200,921.6173762207031,,0,0.2800000011920929,1.1507887840270996,1.899999976158142,3.0899999141693115,,111,-51.30000305175781,80.1104298,13.0470361
1790335697224451000,922.635451171875,,0,0.27000001072883606,1.160969614982605,2,3.009999990463257,,110,-51.30000305175781,80.1104608,13.047029
1790335698202362000,923.6133620605468,,0,0.25999999046325684,1.1707487106323242,2,2.4600000381469727,,107,-51.30000305175781,80.1104847,13.0470186
1790335699221259500,924.6322595214843,,0,0.25999999046325684,1.180937647819519,2,1.75,,105,-51.30000305175781,80.1104966,13.0470116
1790335700208239400,925.6192392578125,,0,0.25999999046325684,1.1908074617385864,2,1.7799999713897705,,111,-51.30000305175781,80.1105092,13.0470063
1790335701179493400,926.5904934082031,,0,0.27000001072883606,1.2005200386047363,2,2.4700000286102295,,117,-51.30000305175781,80.1105291,13.0469993
1790335702211343000,927.6223430175781,,0,0.2800000011920929,1.2108384370803833,2,2.569999933242798,,110,-51.30000305175781,80.1105516,13.046992
1790335703170391800,928.5813918457031,,0,0.2800000011920929,1.2204289436340332,2,2.2200000286102295,,116,-51.30000305175781,80.11057,13.0469742
1790335704219493000,929.6304931640625,,0,0.2800000011920929,1.2309199571609497,2,1.71999990940094,,114,-51.30000305175781,80.1105838,13.0469658
1790335705219288800,930.6302888183594,,0,0.25,1.2409179210662842,2,1.559999942779541,,122,-51.30000305175781,80.1105986,13.0469553
1790335705838000000,931.2490002441406,,0,0,1,6.124000072479248,0,,0,-51.500003814697266,80.1105986,13.0469553
1790335706209121300,931.6201213378906,,0,0.25999999046325684,1.003711223602295,6.124000072479248,1.350000023841858,,110,-51.500003814697266,80.110614,13.0469545
1790335707207591400,932.6185913085938,,0,0.3199999928474426,1.0136959552764893,5.534999847412109,0.9399999976158142,,109,-51.500003814697266,80.1106242,13.0469502
1790335708211499800,933.6224997558594,,0,0.33000001311302185,1.0237350463867188,6.124000072479248,0.2800000011920929,,114,-51.500003814697266,80.1106291,13.0469459
1790335709222751500,934.6337514648437,,0,0.3700000047683716,1.0338475704193115,6.208000183105469,0.14000000059604645,,112,-51.500003814697266,80.1106311,13.0469449
1790335710232579000,935.6435791015625,,0,0.4000000059604645,1.0439457893371582,6.290999889373779,0.7699999809265137,,110,-51.500003814697266,80.1106374,13.0469409
1790335711180606700,936.5916066894531,,0,0.4300000071525574,1.0534260272979736,2.25,0.7999999523162842,,112,-51.500003814697266,80.1106439,13.0469374
1790335712205216800,937.616216796875,,0,0.4399999976158142,1.0636721849441528,2.4159998893737793,0.3400000035762787,,112,-51.500003814697266,80.1106511,13.0469339
1790335713134064000,938.5450642089844,,0,0.23999999463558197,1.072960615158081,2.5,0.029999999329447746,,0,-51.500003814697266,80.1106527,13.0469334
1790335714201098000,939.6120979003906,,0,0.23000000417232513,1.083630919456482,2.5829999446868896,0,,0,-51.500003814697266,80.1106527,13.0469334
1790335715210995500,940.6219953613281,,0,0.25,1.0937299728393555,2.5829999446868896,0.41999998688697815,,112,-51.500003814697266,80.1106504,13.0469306
1790335715573000000,940.984,,0,0,1,4.995999813079834,0,,0,-51.500003814697266,80.1106504,13.0469306
1790335716212822500,941.6238225097657,,0,0.27000001072883606,1.0063982009887695,4.913000106811523,1.350000023841858,,114,-51.500003814697266,80.1106582,13.0469242
1790335717147291100,942.558291015625,,0,0.25999999046325684,1.0157428979873657,4.497000217437744,2.549999952316284,,120,-51.500003814697266,80.1106799,13.0469134
1790335718137204700,943.5482048339844,,0,0.30000001192092896,1.0256420373916626,4.663000106811523,2.2300000190734863,,115,-51.500003814697266,80.1106957,13.0469023
1790335719172028200,944.5830280761719,,0,0.30000001192092896,1.0359902381896973,4.2820000648498535,1.399999976158142,,117,-51.500003814697266,80.1107057,13.046894
1790335720214103600,945.625103515625,,0,0.2800000011920929,1.0464110374450684,4.495999813079834,0,,0,-51.500003814697266,80.1107125,13.0468914
1790335721190827000,946.6018269042969,,0,0.27000001072883606,1.0561782121658325,2,0,,0,-51.500003814697266,80.1107136,13.0468913
1790335722112000000,947.523,,0,0,1,8.140999794006348,0,,0,-51.500003814697266,80.1107136,13.0468913
1790335722190568400,947.601568359375,,0,0.33000001311302185,1.0007857084274292,8.140999794006348,0.029999999329447746,,0,-51.500003814697266,80.1107138,13.0468907
1790335723143850800,948.5548508300782,,0,0.3400000035762787,1.0103185176849365,8.140999794006348,0.08999999612569809,,0,-51.500003814697266,80.1107151,13.0468891
1790335724168299500,949.5792995605469,,0,0.3499999940395355,1.020563006401062,7.335000038146973,0.41999998688697815,,115,-51.500003814697266,80.1107167,13.0468871
1790335725220783900,950.6317839355469,,0,0.3799999952316284,1.031087875366211,8.307000160217285,0.22999998927116394,,113,-51.500003814697266,80.1107188,13.0468866
1790335726219005400,951.6300053710937,,0,0.25999999046325684,1.0410701036453247,8.307000160217285,0,,0,-51.500003814697266,80.1107203,13.0468864
1790335727181670000,952.592669921875,,0,0.23999999463558197,1.0506967306137085,2.1659998893737793,0,,0,-51.500003814697266,80.1107203,13.0468865
1790335728136624000,953.5476240234375,,0,0.2199999988079071,1.060246229171753,2.0829999446868896,0,,0,-51.500003814697266,80.1107204,13.0468867
1790335729205846000,954.6168459472656,,0,0.23999999463558197,1.0709384679794312,1.899999976158142,0,,0,-51.500003814697266,80.1107204,13.0468866
1790335730200857900,955.6118579101562,,0,0.25999999046325684,1.0808886289596558,1.9160000085830688,0.03999999910593033,,0,-51.500003814697266,80.1107209,13.046886
1790335731211546600,956.6225466308593,,0,0.30000001192092896,1.09099543094635,1.8329999446868896,0.07000000029802322,,0,-51.500003814697266,80.1107217,13.046885
1790335732183234300,957.594234375,,0,0.3499999940395355,1.1007122993469238,1.7999999523162842,0.10999999940395355,,113,-51.500003814697266,80.1107233,13.0468834
1790335733208365000,958.6193649902344,,0,0.4000000059604645,1.0959210395812988,2,0.14999999105930328,,113,-51.60000228881836,80.110724,13.046883
1790335734212692000,959.6236918945312,,0,0.41999998688697815,1.1059643030166626,2.200000047683716,0.12999999523162842,,113,-51.60000228881836,80.1107249,13.0468824
1790335735219756500,960.6307565917969,,0,0.25999999046325684,1.116034984588623,2.200000047683716,0,,0,-51.60000228881836,80.110726,13.0468818
1790335736208203300,961.6192033691407,,0,0.2199999988079071,1.1259194612503052,2.1659998893737793,0,,0,-51.60000228881836,80.1107262,13.046882
1790335737172990200,962.583990234375,,0,0.20999999344348907,1.135567307472229,2.1659998893737793,0,,0,-51.60000228881836,80.1107265,13.0468816
1790335738167435500,963.578435546875,,0,0.18000000715255737,1.1455117464065552,2.0829999446868896,0,,0,-51.60000228881836,80.1107265,13.0468816
1790335739122804700,964.5338046875,,0,0.1599999964237213,1.1550654172897339,1.8329999446868896,0,,0,-51.60000228881836,80.1107265,13.0468816
1790335740205664300,965.6166643066406,,0,0.1899999976158142,1.1658940315246582,1.5829999446868896,0,,0,-51.60000228881836,80.110727,13.0468815
1790335740859000000,966.27,,0,0,1.493955135345459,5.771999835968018,0,,0,-51.10000228881836,80.110727,13.0468815
1790335741187077000,966.5980771484375,,0,0.2199999988079071,1.497235894203186,5.090000152587891,0.04999999701976776,,0,-51.10000228881836,80.1107271,13.0468811
1790335742195351300,967.6063513183594,,0,0.27000001072883606,1.5073186159133911,5.438000202178955,0.7699999809265137,,112,-51.10000228881836,80.1107301,13.0468803
1790335743166365200,968.577365234375,,0,0.3199999928474426,1.51702880859375,4.875999927520752,1.5999999046325684,,115,-51.10000228881836,80.1107384,13.0468776
1790335744141859600,969.5528596191406,,0,0.3199999928474426,1.5267837047576904,5.521999835968018,1.4399999380111694,,107,-51.10000228881836,80.1107498,13.0468739
1790335745192987400,970.6039873046875,,0,0.33000001311302185,1.5372949838638306,4.947000026702881,1.0399999618530273,,105,-51.10000228881836,80.1107532,13.0468747
1790335746218432000,971.6294318847656,,0,0.3499999940395355,1.5475494861602783,1.5,0.7400000095367432,,109,-51.10000228881836,80.1107597,13.0468708
1790335747159612000,972.5706118164062,,0,0.3400000035762787,1.5569612979888916,1.5829999446868896,0.6100000143051147,,108,-51.10000228881836,80.1107679,13.0468679
1790335748203924200,973.6149243164062,,0,0.28999999165534973,1.5674043893814087,1.7999999523162842,0.8899999856948853,,117,-51.10000228881836,80.1107696,13.046867
1790335749195457800,974.6064577636719,,0,0.3100000023841858,1.5773197412490845,1.899999976158142,0.5799999833106995,,113,-51.10000228881836,80.1107782,13.046863
1790335750192706800,975.6037067871093,,0,0.23999999463558197,1.587292194366455,1.9160000085830688,0.07000000029802322,,0,-51.10000228881836,80.1107883,13.0468601
1790335751209791000,976.620791015625,,0,0.25999999046325684,1.6174014806747437,2,0.11999999731779099,,112,-51.60000228881836,80.1107888,13.0468596
1790335752202956300,977.6139562988282,,0,0.2800000011920929,1.6273330450057983,2,0.1599999964237213,,112,-51.60000228881836,80.1107909,13.046858
1790335753183977500,978.5949775390625,,0,0.25,1.6371432542800903,2,0.699999988079071,,112,-51.60000228881836,80.11079,13.0468599
1790335754141671700,979.5526716308593,,0,0.23999999463558197,1.646720290184021,2,1.0399999618530273,,114,-51.60000228881836,80.1107995,13.0468553
1790335755185843200,980.5968432617187,,0,0.28999999165534973,1.6571619510650635,2,0.4099999964237213,,109,-51.60000228881836,80.1108073,13.0468514
1790335756145182200,981.5561821289062,,0,0.30000001192092896,1.6667553186416626,2,0.1599999964237213,,109,-51.60000228881836,80.1108119,13.0468491
1790335757197491700,982.6084916992188,,0,0.3100000023841858,1.6772783994674683,2,0.35999998450279236,,109,-51.60000228881836,80.1108127,13.0468477
1790335758208566800,983.6195668945312,,0,0.3400000035762787,1.6873891353607178,2.0999999046325684,0.5199999809265137,,117,-51.60000228881836,80.1108131,13.0468465
1790335759182044700,984.5930446777344,,0,0.3400000035762787,1.6971240043640137,2.200000047683716,0.14999999105930328,,123,-51.60000228881836,80.1108153,13.0468434
1790335759576000000,984.987,,0,0,1.100231409072876,4.875999927520752,0,,0,-51.60000228881836,80.1108153,13.0468434
1790335760199449600,985.6104497070312,,0,0.33000001311302185,1.1064659357070923,4.959000110626221,0.22999998927116394,,119,-51.60000228881836,80.1108173,13.0468379
1790335761198835500,986.6098354492187,,0,0.36000001430511475,1.1164597272872925,5.043000221252441,0.6899999976158142,,109,-51.60000228881836,80.1108233,13.0468357
1790335762200798500,987.6117985839844,,0,0.36000001430511475,1.1264793872833252,5.125999927520752,0.26999998092651367,,106,-51.60000228881836,80.1108262,13.0468334
1790335763204600300,988.6156003417968,,0,0.25,1.1365174055099487,4.750999927520752,0.19999998807907104,,106,-51.60000228881836,80.1108358,13.0468288
1790335764210062600,989.6210625,,0,0.25,1.1465719938278198,5.125999927520752,0.08999999612569809,,0,-51.60000228881836,80.1108358,13.0468269
1790335765181285600,990.5922856445312,,0,0.27000001072883606,1.156284213066101,2.5,0.09999999403953552,,0,-51.60000228881836,80.1108363,13.0468264
1790335766206678800,991.6176787109375,,0,0.3100000023841858,1.1665382385253906,2.5,0.6599999666213989,,107,-51.60000228881836,80.1108379,13.0468238
1790335767190277000,992.6012770996093,,0,0.3400000035762787,1.1763741970062256,2.5,1.2699999809265137,,112,-51.60000228881836,80.11084,13.0468179
1790335768114753000,993.5257529296875,,0,0.4000000059604645,1.1856189966201782,2.5,0.7099999785423279,,111,-51.60000228881836,80.1108464,13.0468143
1790335768950000000,994.3610002441407,,0,0,2.413682460784912,8.067999839782715,0,,0,-51.60000228881836,80.1108464,13.0468143
1790335769127889200,994.5388891601563,,0,0.27000001072883606,2.415461301803589,7.271999835968018,0.08999999612569809,,0,-51.60000228881836,80.1108497,13.0468125
1790335770207416800,995.6184167480469,,0,0.30000001192092896,2.4262566566467285,8.067999839782715,0.12999999523162842,,111,-51.60000228881836,80.1108492,13.0468125
1790335771197204000,996.6082038574219,,0,0.25,2.43615460395813,7.271999835968018,0,,0,-51.60000228881836,80.1108506,13.0468127
1790335772152365800,997.5633657226563,,0,0.23999999463558197,2.4457061290740967,7.271999835968018,0,,0,-51.60000228881836,80.1108503,13.0468122
1790335773196714200,998.6077143554687,,0,0.23999999463558197,2.4561495780944824,8.067999839782715,0,,0,-51.60000228881836,80.1108507,13.0468122
1790335774181138000,999.5921379394531,,0,0.23999999463558197,2.465993881225586,2.5,0,,0,-51.60000228881836,80.110851,13.0468119
1790335775213797400,1000.6247973632812,,0,0.23999999463558197,2.476320505142212,2.5,0,,0,-51.60000228881836,80.1108515,13.0468119
1790335776206796000,1001.6177961425781,,0,0.23999999463558197,2.486250400543213,2.5,0,,0,-51.60000228881836,80.1108517,13.046812
1790335777191618000,1002.6026181640625,,0,0.25,2.496098756790161,2.5,0,,0,-51.60000228881836,80.1108519,13.0468117
1790335778205296600,1003.6162966308593,,0,0.23999999463558197,2.506235361099243,2.5,0,,0,-51.60000228881836,80.1108522,13.0468115
1790335778305000000,1003.716,,0,0,2.2188000679016113,3.1640000343322754,0,,0,-51.60000228881836,80.1108522,13.0468115
1790335779210278000,1004.6212778320313,,0,0.23000000417232513,2.2278528213500977,3.1640000343322754,0,,0,-51.60000228881836,80.1108522,13.0468115
1790335780221537300,1005.6325373535157,,0,0.23000000417232513,2.2379653453826904,3.1640000343322754,0,,0,-51.60000228881836,80.1108524,13.0468114
1790335781206091800,1006.617091796875,,0,0.23000000417232513,2.2478110790252686,3.069000005722046,0,,0,-51.60000228881836,80.1108527,13.0468117
1790335782185451800,1007.5964516601563,,0,0.23000000417232513,2.2576045989990234,3.069000005722046,0,,0,-51.60000228881836,80.110853,13.0468115
1790335783203849500,1008.6148493652344,,0,0.23999999463558197,2.2677886486053467,3.069000005722046,0,,0,-51.60000228881836,80.1108534,13.0468112
1790335784194243000,1009.6052431640625,,0,0.2800000011920929,2.2776925563812256,2.5,0.07000000029802322,,0,-51.60000228881836,80.1108541,13.0468117
1790335785173199000,1010.58419921875,,0,0.33000001311302185,2.2874820232391357,2.5,0.7799999713897705,,103,-51.60000228881836,80.1108571,13.0468119
1790335786201357600,1011.6123576660157,,0,0.3400000035762787,2.2977635860443115,2.5,0.9599999785423279,,92,-51.60000228881836,80.1108586,13.046823
1790335787221314300,1012.6323142089843,,0,0.3499999940395355,2.3079631328582764,2.5,1.0299999713897705,,94,-51.60000228881836,80.1108572,13.0468335
1790335787735000000,1013.146,,0,0,1,5.923999786376953,0,,0,-51.60000228881836,80.1108572,13.0468335
1790335788198568200,1013.6095681152344,,0,0.3199999928474426,1.0046356916427612,5.434999942779541,0.2800000011920929,,101,-51.60000228881836,80.110861,13.0468327
1790335789196277500,1014.6072775878906,,0,0.3499999940395355,1.0146127939224243,5.923999786376953,0.3400000035762787,,101,-51.60000228881836,80.1108604,13.0468326
1790335790148727300,1015.5597272949219,,0,0.36000001430511475,1.024137258529663,5.434999942779541,0.38999998569488525,,101,-51.60000228881836,80.110863,13.0468315
1790335791216638700,1016.627638671875,,0,0.27000001072883606,1.0348163843154907,5.923999786376953,0,,0,-51.60000228881836,80.1108665,13.0468293
1790335792160738800,1017.5717387695313,,0,0.20999999344348907,1.044257402420044,5.434999942779541,0,,0,-51.60000228881836,80.1108666,13.0468292
1790335793126166800,1018.5371667480468,,0,0.20999999344348907,1.0539116859436035,2.5,0,,0,-51.60000228881836,80.1108667,13.0468291
1790335794195784000,1019.6067839355469,,0,0.2199999988079071,1.064607858657837,2.5,0,,0,-51.60000228881836,80.1108669,13.0468291
1790335795194706200,1020.6057060546875,,0,0.2199999988079071,1.0745971202850342,2.4000000953674316,0,,0,-51.60000228881836,80.1108672,13.0468287
1790335796192989200,1021.6039892578125,,0,0.23000000417232513,1.0845799446105957,2.3329999446868896,0,,0,-51.60000228881836,80.1108674,13.0468285
1790335797072000000,1022.483,,0,0,1.8411853313446045,8.109999656677246,0,,0,-51.60000228881836,80.1108674,13.0468285
1790335797187469300,1022.5984692382813,,0,0.23000000417232513,1.8423399925231934,8.026000022888184,0,,0,-51.60000228881836,80.1108675,13.0468285
1790335798170099000,1023.5810988769531,,0,0.23000000417232513,1.8521662950515747,7.942999839782715,0,,0,-51.60000228881836,80.1108674,13.0468285
1790335799134305000,1024.5453049316407,,0,0.23000000417232513,1.8618084192276,7.093999862670898,0,,0,-51.60000228881836,80.1108675,13.0468285
1790335800177910500,1025.5889106445313,,0,0.28999999165534973,1.8722444772720337,7.021999835968018,0.03999999910593033,,0,-51.60000228881836,80.1108676,13.0468286
1790335801160588300,1026.5715883789062,,0,0.23000000417232513,1.8820712566375732,6.951000213623047,0,,0,-51.60000228881836,80.1108686,13.0468288
1790335802206001000,1027.6170009765624,,0,0.23000000417232513,1.892525315284729,1.7999999523162842,0,,0,-51.60000228881836,80.1108701,13.0468281
1790335803197858600,1028.608858642578,,0,0.25,1.9024438858032227,1.7000000476837158,0.9799999594688416,,101,-51.60000228881836,80.1108715,13.0468298
1790335804198979600,1029.6099794921874,,0,0.2800000011920929,1.9124550819396973,1.600000023841858,2.190000057220459,,107,-51.60000228881836,80.1108861,13.0468282
1790335805201564000,1030.6125639648437,,0,0.33000001311302185,1.9224809408187866,1.600000023841858,2.7699999809265137,,109,-51.60000228881836,80.1109047,13.0468194
1790335806194393300,1031.6053933105468,,0,0.36000001430511475,1.9324092864990234,1.7000000476837158,2.809999942779541,,113,-51.60000228881836,80.1109249,13.0468094
1790335806455000000,1031.866,,0,0,1.108373761177063,3.486999988555908,0,,0,-51.500003814697266,80.1109249,13.0468094
1790335807201284000,1032.6122841796875,,0,0.4000000059604645,1.1158366203308105,3.2739999294281006,2.859999895095825,,114,-51.500003814697266,80.1109459,13.0467972
1790335808149696000,1033.5606960449218,,0,0.4300000071525574,1.1253206729888916,3.3459999561309814,2.7300000190734863,,113,-51.500003814697266,80.1109656,13.0467856
1790335809195674000,1034.6066740722656,,0,0.4099999964237213,1.1357804536819458,3.489000082015991,1.8600000143051147,,111,-51.500003814697266,80.1109729,13.0467802
1790335810197681400,1035.6086813964844,,0,0.41999998688697815,1.1458005905151367,3.631999969482422,1.2200000286102295,,112,-51.500003814697266,80.1109809,13.0467742
1790335811208584700,1036.619584716797,,0,0.25999999046325684,1.1559096574783325,3.986999988555908,0.019999999552965164,,0,-51.500003814697266,80.1109925,13.0467689
1790335812196567600,1037.6075676269531,,0,0.27000001072883606,1.1657894849777222,2.25,0.550000011920929,,112,-51.500003814697266,80.1110067,13.046761
1790335813193814000,1038.6048139648437,,0,0.23999999463558197,1.1757619380950928,2.4000000953674316,0.11999999731779099,,111,-51.500003814697266,80.1110047,13.046761
1790335814167518000,1039.5785180664063,,0,0.25,1.1854989528656006,2.4159998893737793,0.029999999329447746,,0,-51.500003814697266,80.1110046,13.0467607
1790335815222183700,1040.63318359375,,0,0.28999999165534973,1.1960456371307373,2.4000000953674316,0.7799999713897705,,112,-51.500003814697266,80.1110077,13.0467577
1790335816187064000,1041.5980639648437,,0,0.3400000035762787,1.2056944370269775,2.4159998893737793,1.7999999523162842,,116,-51.500003814697266,80.111017,13.0467475
1790335816619000000,1042.03,,0,0,1.4069422483444214,5.296000003814697,0,,0,-51.30000305175781,80.111017,13.0467475
1790335817174845400,1042.5858454589843,,0,0.38999998569488525,1.4125007390975952,4.895999908447266,2.440000057220459,,115,-51.30000305175781,80.1110283,13.0467319
1790335818195029000,1043.6060290527344,,0,0.4300000071525574,1.4227025508880615,5.379000186920166,1.8299999237060547,,106,-51.30000305175781,80.1110419,13.046722
1790335819208348000,1044.6193479003907,,0,0.47999998927116394,1.4328356981277466,5.379000186920166,1.100000023841858,,107,-51.30000305175781,80.1110504,13.0467171
1790335820216251000,1045.6272509765624,,0,0.4300000071525574,1.4429147243499756,4.9679999351501465,0.9099999666213989,,108,-51.30000305175781,80.1110578,13.0467236
1790335821200634400,1046.6116342773437,,0,0.4300000071525574,1.452758550643921,5.379000186920166,1.25,,115,-51.30000305175781,80.1110674,13.0467219
1790335822216329000,1047.6273288574218,,0,0.46000000834465027,1.4629155397415161,2.5,1.5,,111,-51.30000305175781,80.1110855,13.0467189
1790335823186244900,1048.597244873047,,0,0.49000000953674316,1.4726146459579468,2.5,0.3999999761581421,,111,-51.30000305175781,80.1111,13.0467146
1790335824216006100,1049.6270061035157,,0,0.28999999165534973,1.482912302017212,2.5,0.11999999731779099,,110,-51.30000305175781,80.1111161,13.046709
1790335825198157000,1050.6091569824218,,0,0.25,1.4927338361740112,2.5,0.1599999964237213,,111,-51.30000305175781,80.1111274,13.0467068
1790335825888000000,1051.299,,0,0,1.118722677230835,7.0980000495910645,0,,0,-51.500003814697266,80.1111274,13.0467068
1790335826145544000,1051.5565439453126,,0,0.27000001072883606,1.12129807472229,6.440999984741211,0.5099999904632568,,109,-51.500003814697266,80.1111316,13.0467044
1790335827216717300,1052.6277172851562,,0,0.3400000035762787,1.1320098638534546,7.0980000495910645,1.6999999284744263,,115,-51.500003814697266,80.1111433,13.0466939
1790335828211876900,1053.622876953125,,0,0.5199999809265137,1.1419614553451538,7.0980000495910645,2.2899999618530273,,117,-51.500003814697266,80.1111645,13.0466801
1790335829135002400,1054.5460024414062,,0,0.6299999952316284,1.1511926651000977,6.440999984741211,2.6599998474121094,,114,-51.500003814697266,80.1111837,13.0466633
1790335830135055400,1055.546055419922,,0,0.5699999928474426,1.1611932516098022,6.440999984741211,2.5999999046325684,,114,-51.500003814697266,80.1112163,13.0466473
1790335831134080800,1056.5450808105468,,0,0.46000000834465027,1.171183466911316,2.5,2.2799999713897705,,114,-51.500003814697266,80.1112371,13.0466267
1790335832139481900,1057.5504819335938,,0,0.41999998688697815,1.1812374591827393,2.5,2.169999837875366,,118,-51.500003814697266,80.11126,13.0466079
1790335833139906800,1058.5509067382814,,0,0.3799999952316284,1.19124174118042,2.5,1,,115,-51.500003814697266,80.1112782,13.0465936
1790335834179104500,1059.5901044921875,,0,0.41999998688697815,1.2016336917877197,2.5,0.6200000047683716,,122,-51.500003814697266,80.1112876,13.0465863
1790335835130241800,1060.5412416992187,,0,0.4699999988079071,1.211145043373108,2.5829999446868896,0.6699999570846558,,124,-51.500003814697266,80.1112958,13.0465812
1790335836162347300,1061.5733471679687,,0,0.3799999952316284,1.0205634832382202,2.5999999046325684,1.5099999904632568,,119,-51.500003814697266,80.1113217,13.0465576
1790335837220311000,1062.6313110351562,,0,0.28999999165534973,1.031143069267273,2.5999999046325684,1.1399999856948853,,113,-51.500003814697266,80.1113341,13.0465495
1790335838179808300,1063.5908083496095,,0,0.3199999928474426,1.0407381057739258,2.5999999046325684,0.6699999570846558,,122,-51.500003814697266,80.1113426,13.0465425
1790335839173064200,1064.5840642089843,,0,0.3400000035762787,1.0506706237792969,2.5829999446868896,0.20999999344348907,,128,-51.500003814697266,80.1113492,13.0465367
1790335840177387000,1065.5883869628906,,0,0.33000001311302185,1.0607138872146606,2.5,0.09999999403953552,,0,-51.500003814697266,80.1113552,13.0465332
1790335841180460800,1066.5914606933593,,0,0.27000001072883606,1.0707446336746216,2.5,0,,0,-51.500003814697266,80.1113554,13.0465324
1790335842201604900,1067.6126049804689,,0,0.23999999463558197,1.0809561014175415,2.5,0,,0,-51.500003814697266,80.111355,13.0465325
1790335843177250800,1068.5882507324218,,0,0.23000000417232513,1.090712547302246,2.5,0,,0,-51.500003814697266,80.1113546,13.0465325
1790335844203750400,1069.6147504882813,,0,0.23000000417232513,1.1009775400161743,2.5,0,,0,-51.500003814697266,80.1113544,13.0465321
1790335844547000000,1069.958,,0,0,1,2.8429999351501465,0,,0,-51.70000076293945,80.1113544,13.0465321
1790335845192364000,1070.6033640136718,,0,0.2199999988079071,1.0064536333084106,2.8429999351501465,0,,0,-51.70000076293945,80.1113539,13.0465323
1790335846205249800,1071.6162497558594,,0,0.18000000715255737,1.0165824890136719,2.8429999351501465,0,,0,-51.70000076293945,80.1113538,13.0465323
1790335847137608200,1072.548608154297,,0,0.20000000298023224,1.0259060859680176,2.7219998836517334,0,,0,-51.70000076293945,80.1113537,13.0465325
1790335848170981400,1073.5819814453125,,0,0.20999999344348907,1.0362398624420166,2.6510000228881836,0,,0,-51.70000076293945,80.1113533,13.0465325
1790335849185828000,1074.596828125,,0,0.18000000715255737,1.0463882684707642,2.5789999961853027,0,,0,-51.70000076293945,80.1113533,13.0465325
1790335850141780700,1075.5527807617189,,0,0.1599999964237213,1.0559477806091309,2.1659998893737793,0,,0,-51.70000076293945,80.1113533,13.0465325
1790335851198574300,1076.60957421875,,0,0.1899999976158142,1.0665158033370972,2.0829999446868896,0,,0,-51.70000076293945,80.1113536,13.046533
1790335852193708800,1077.6047087402344,,0,0.14000000059604645,1.0764670372009277,1.899999976158142,0,,0,-51.70000076293945,80.1113536,13.046533
1790335853181539800,1078.5925397949218,,0,0.12999999523162842,1.0863454341888428,1.7999999523162842,0,,0,-51.70000076293945,80.1113536,13.046533
1790335853978000000,1079.3889997558595,,0,0,1,2.5460000038146973,0,,0,-51.80000305175781,80.1113536,13.046533
1790335854160908800,1079.5719086914062,,0,0.17000000178813934,1.0018290281295776,2.325000047683716,0,,0,-51.80000305175781,80.1113535,13.0465328
1790335855186440200,1080.597440185547,,0,0.15000000596046448,1.0120843648910522,2.2130000591278076,0,,0,-51.80000305175781,80.1113535,13.0465328
1790335856191864800,1081.6028647460937,,0,0.14000000059604645,1.0221385955810547,2.0390000343322754,0,,0,-51.80000305175781,80.1113535,13.0465328
1790335857185129500,1082.5961293945313,,0,0.18000000715255737,1.0320713520050049,1.8960000276565552,0,,0,-51.80000305175781,80.1113535,13.0465329
1790335858156730600,1083.5677307128906,,0,0.20000000298023224,1.0417872667312622,1.8250000476837158,0,,0,-51.80000305175781,80.1113534,13.0465327
1790335859120687600,1084.5316875,,0,0.20999999344348907,1.051426887512207,1,0,,0,-51.80000305175781,80.1113535,13.0465326
1790335860173483300,1085.5844831542968,,0,0.20999999344348907,1.0619548559188843,1.0829999446868896,0,,0,-51.80000305175781,80.1113535,13.0465322
1790335861163491600,1086.5744916992187,,0,0.2199999988079071,1.0718549489974976,1.1660000085830688,0,,0,-51.80000305175781,80.1113537,13.0465322
1790335862203148500,1087.6141484375,,0,0.2199999988079071,1.0822514295578003,1.2999999523162842,0,,0,-51.80000305175781,80.1113537,13.0465319
1790335863194942200,1088.605942138672,,0,0.20000000298023224,1.0921694040298462,1.399999976158142,0,,0,-51.80000305175781,80.1113539,13.0465301
1790335863323000000,1088.734,,0,0,1,2.2699999809265137,0,,0,-51.80000305175781,80.1113539,13.0465301
1790335864189676800,1089.6006767578126,,0,0.23999999463558197,1.008666753768921,2.3529999256134033,0.12999999523162842,,158,-51.80000305175781,80.1113542,13.046529
1790335865191080200,1090.602080078125,,0,0.28999999165534973,1.0186808109283447,2.3529999256134033,0.26999998092651367,,163,-51.80000305175781,80.1113542,13.0465285
1790335866193872000,1091.6048718261718,,0,0.25,1.0287086963653564,2.3529999256134033,0.05999999865889549,,0,-51.80000305175781,80.1113546,13.0465279
1790335867177674200,1092.5886743164062,,0,0.25999999046325684,1.0385468006134033,2.302999973297119,0.3199999928474426,,167,-51.80000305175781,80.111355,13.046526
1790335868199176200,1093.6101762695312,,0,0.3100000023841858,1.0487617254257202,2.5199999809265137,0.3199999928474426,,170,-51.80000305175781,80.1113551,13.0465224
1790335869163611400,1094.574611328125,,0,0.36000001430511475,1.058406114578247,1.75,0.7199999690055847,,173,-51.80000305175781,80.1113556,13.0465177
1790335870195111000,1095.6061108398437,,0,0.3499999940395355,1.068721055984497,1.899999976158142,0.5299999713897705,,181,-51.80000305175781,80.1113537,13.0465182
1790335871206513400,1096.6175134277344,,0,0.4000000059604645,1.078835129737854,2.0999999046325684,0.38999998569488525,,183,-51.80000305175781,80.111354,13.046513
1790335872176017000,1097.5870168457031,,0,0.4399999976158142,1.08853018283844,2.1659998893737793,0.699999988079071,,184,-51.80000305175781,80.1113533,13.0465093
1790335872710000000,1098.1210002441405,,0,0,1,5.809000015258789,0,,0,-51.500003814697266,80.1113533,13.0465093
1790335873200037000,1098.611037109375,,0,0.44999998807907104,1.004900336265564,5.89300012588501,0.7199999690055847,,185,-51.500003814697266,80.1113533,13.0465071
1790335874207094500,1099.6180944824218,,0,0.38999998569488525,1.0149708986282349,5.97599983215332,1.209999918937683,,178,-51.500003814697266,80.1113559,13.0464936
1790335875207136300,1100.6181362304687,,0,0.36000001430511475,1.02497136592865,6.059000015258789,1.4399999380111694,,145,-51.500003814697266,80.111361,13.0464879
1790335876204654300,1101.615654296875,,0,0.4099999964237213,1.0349465608596802,5.551000118255615,2.180000066757202,,117,-51.500003814697266,80.1113772,13.0464755
1790335877178466600,1102.5894665527344,,0,0.44999998807907104,1.044684648513794,6.059000015258789,2.319999933242798,,116,-51.500003814697266,80.1113958,13.046462
1790335878139122000,1103.5501218261718,,0,0.4300000071525574,1.0542912483215332,2.5,2.359999895095825,,113,-51.500003814697266,80.11142,13.0464532
1790335879226122800,1104.6371228027344,,0,0.38999998569488525,1.0651612281799316,2.5,2.450000047683716,,111,-51.500003814697266,80.1114555,13.0464391
1790335880211586800,1105.6225869140626,,0,0.33000001311302185,1.075015902519226,2.4000000953674316,2.6499998569488525,,112,-51.500003814697266,80.1114879,13.0464281
1790335881215813000,1106.626813232422,,0,0.23000000417232513,1.0850580930709839,2.299999952316284,3.049999952316284,,113,-51.500003814697266,80.1115134,13.0464217
1790335882223060000,1107.6340600585938,,0,0.20000000298023224,1.0951305627822876,2.200000047683716,3.549999952316284,,117,-51.500003814697266,80.1115512,13.0464099
1790335883239513300,1108.6505134277343,,0,0.20000000298023224,1.105295181274414,2.0999999046325684,3.1399998664855957,,111,-51.500003814697266,80.1115844,13.0464015
1790335884192242700,1109.6032426757813,,0,0.2199999988079071,1.1148223876953125,2.0829999446868896,2.679999828338623,,111,-51.500003814697266,80.1116128,13.0463969
1790335885223455000,1110.634455078125,,0,0.23000000417232513,1.1251345872879028,2,2.679999828338623,,107,-51.500003814697266,80.1116387,13.046393
1790335886213335000,1111.6243349609374,,0,0.20000000298023224,1.135033369064331,1.9160000085830688,2.619999885559082,,108,-51.500003814697266,80.1116617,13.0463791
1790335887218866700,1112.6298666992188,,0,0.1899999976158142,1.1450886726379395,1.8329999446868896,3.259999990463257,,104,-51.500003814697266,80.11169,13.0463741
1790335888217745200,1113.6287451171875,,0,0.17000000178813934,1.1550774574279785,1.75,3.93999981880188,,111,-51.500003814697266,80.1117219,13.0463587
1790335888530000000,1113.9409997558594,,0,0,1.0011296272277832,3.747999906539917,0,,0,-51.70000076293945,80.1117219,13.0463587
1790335889162569500,1114.5735695800781,,0,0.25,1.0074553489685059,3.427000045776367,4.329999923706055,,113,-51.70000076293945,80.1117547,13.0463413
1790335890223928800,1115.6349287109374,,0,0.30000001192092896,1.0180689096450806,3.5810000896453857,4.420000076293945,,108,-51.70000076293945,80.1117952,13.0463283
1790335891222328800,1116.633328857422,,0,0.38999998569488525,1.0280529260635376,3.5810000896453857,4.889999866485596,,109,-51.70000076293945,80.1118379,13.0463149
1790335892249629700,1117.660629638672,,0,0.2800000011920929,1.0383259057998657,3.5810000896453857,6.150000095367432,,113,-51.70000076293945,80.1118892,13.0462958
1790335893231715300,1118.6427153320312,,0,0.23999999463558197,1.0481467247009277,3.5810000896453857,6.529999732971191,,111,-51.70000076293945,80.1119413,13.0462701
1790335894155381200,1119.5663813476563,,0,0.25,1.057383418083191,1.5,6.87999963760376,,110,-51.70000076293945,80.1120024,13.0462458
1790335895228975900,1120.6399758300781,,0,0.2800000011920929,1.0681194067001343,1.5,6.670000076293945,,112,-51.70000076293945,80.1120592,13.0462231
1790335896236894000,1121.6478940429688,,0,0.25999999046325684,1.0781985521316528,1.5,6.849999904632568,,111,-51.70000076293945,80.1121171,13.046197
1790335897223733500,1122.6347333984374,,0,0.2800000011920929,1.0880669355392456,1.5,6.009999752044678,,110,-51.70000076293945,80.1121743,13.046179
1790335898202241000,1123.6132409667969,,0,0.3100000023841858,1.0978519916534424,1.5,6.869999885559082,,111,-51.70000076293945,80.1122334,13.0461559
1790335899217555500,1124.628555419922,,0,0.23999999463558197,1.108005166053772,1.5,7.739999771118164,,114,-51.70000076293945,80.1122983,13.0461293
1790335900228759800,1125.639759765625,,0,0.20999999344348907,1.1181172132492065,1.5,7.71999979019165,,114,-51.70000076293945,80.1123618,13.0461044
1790335901232917800,1126.6439177246093,,0,0.1899999976158142,1.1281588077545166,1.5,7.529999732971191,,113,-51.70000076293945,80.1124194,13.0460756
1790335902216144000,1127.6271437988282,,0,0.20999999344348907,1.1379910707473755,1.5,7.960000038146973,,111,-51.70000076293945,80.1124902,13.0460495
1790335903208899800,1128.6198999023438,,0,0.23999999463558197,1.1479185819625854,1.5,8.579999923706055,,110,-51.70000076293945,80.1125644,13.0460242
1790335904214222000,1129.6252221679688,,0,0.27000001072883606,1.1579718589782715,1.5,9.119999885559082,,111,-51.70000076293945,80.1126415,13.0459949
1790335905209917000,1130.6209169921874,,0,0.25999999046325684,1.1679288148880005,1.5,9.6899995803833,,110,-51.70000076293945,80.1127203,13.0459616
1790335906234885000,1131.6458850097656,,0,0.20999999344348907,1.1781784296035767,1.5,10.34000015258789,,110,-51.70000076293945,80.1128105,13.0459362
1790335907254156300,1132.66515625,,0,0.18000000715255737,1.188371181488037,1.5,10.59999942779541,,107,-51.70000076293945,80.112902,13.0459087
1790335908196118800,1133.6071188964843,,0,0.18000000715255737,1.1977908611297607,1.5,10.760000228881836,,106,-51.70000076293945,80.112999,13.0458803
1790335909220869000,1134.631869140625,,0,0.1599999964237213,1.208038330078125,1.399999976158142,10.639999389648438,,107,-51.70000076293945,80.1130891,13.0458532
1790335910145763300,1135.5567634277343,,0,0.1899999976158142,1.217287302017212,1.3329999446868896,9.880000114440918,,107,-51.70000076293945,80.1131779,13.0458278
1790335911207792600,1136.6187927246094,,0,0.2199999988079071,1.2279075384140015,1.25,9.300000190734863,,107,-51.70000076293945,80.1132651,13.0458034
1790335912238478800,1137.6494787597655,,0,0.23999999463558197,1.238214373588562,1.25,8.899999618530273,,108,-51.70000076293945,80.113344,13.0457739
1790335913226171600,1138.6371716308595,,0,0.25,1.2480913400650024,1.2000000476837158,8.420000076293945,,106,-51.70000076293945,80.1134198,13.045749
1790335914227407000,1139.6384069824219,,0,0.23999999463558197,1.2581037282943726,1.2999999523162842,7.919999599456787,,103,-51.70000076293945,80.1134922,13.0457329
1790335915143787500,1140.5547875976563,,0,0.2199999988079071,1.2672674655914307,1.3329999446868896,7.46999979019165,,103,-51.70000076293945,80.1135618,13.0457143
1790335916230669000,1141.6416689453124,,0,0.23000000417232513,1.2781363725662231,1.5,6.21999979019165,,102,-51.70000076293945,80.1136224,13.0456978
1790335917245229300,1142.6562292480469,,0,0.23000000417232513,1.2882819175720215,1.5,4.799999713897705,,99,-51.70000076293945,80.1136728,13.0456906
1790335918204561200,1143.6155610351564,,0,0.25999999046325684,1.2978752851486206,1.5,3.3399999141693115,,97,-51.70000076293945,80.1137096,13.0456857
1790335919203424800,1144.6144248046876,,0,0.23000000417232513,1.3078638315200806,1.5,3,,100,-51.70000076293945,80.1137396,13.0456838
1790335920163498800,1145.5744987792968,,0,0.23999999463558197,1.3174645900726318,1.5,2.2899999618530273,,101,-51.70000076293945,80.1137642,13.0456808
1790335921232392200,1146.6433920898437,,0,0.25,1.3281534910202026,1.5,1.4499999284744263,,101,-51.70000076293945,80.1137785,13.0456761
1790335922236180500,1147.6471804199218,,0,0.27000001072883606,1.3381913900375366,1.5,1.0099999904632568,,105,-51.70000076293945,80.1137862,13.0456718
1790335923226808000,1148.6378081054688,,0,0.23999999463558197,1.3480976819992065,1.5,0.07000000029802322,,0,-51.70000076293945,80.1137936,13.0456689
1790335924225600300,1149.6366003417968,,0,0.25,1.3580856323242188,1.600000023841858,0.07000000029802322,,0,-51.70000076293945,80.1137941,13.0456689
1790335925104891000,1150.5158908691405,,14.300000190734863,0.5600000023841858,1.3668785095214844,2,0.41999998688697815,,110,-51.70000076293945,80.1138154,13.0456658
1790335925591000000,1151.002,,0,0,1,2.9019999504089355,0,,0,-52.20000076293945,80.1138154,13.0456658
1790335926080163600,1151.4911635742187,,19.899999618530273,0.49000000953674316,1.0048916339874268,3.059000015258789,0.19999998807907104,,110,-52.20000076293945,80.1138097,13.0456632
1790335927076702700,1152.4877026367187,,26.200000762939453,0.5199999809265137,1.0148570537567139,3.4159998893737793,0.41999998688697815,,110,-52.20000076293945,80.1138063,13.0456608
1790335928101634300,1153.5126342773438,,0,0.28999999165534973,1.0251063108444214,3.7019999027252197,0.09999999403953552,,0,-52.20000076293945,80.1137998,13.0456565
